gender,age,filiere,year_of_study,attendance_rate,num_absences,assignments_avg,midterm_score,final_score,project_participation,lab_hours_per_week,infra_usage_hours_month,supervisor_assigned,scholarship,socioeconomic_status,extracurricular_count,lab_access,classroom_allocated,promotion_size
Male,20.0,Informatique,5,79.8,20.0,51.2,59.5,63.5,0.0,0.2,8.8,Yes,No,Middle,1.0,Yes,Salle 7,109.0
Female,25.0,Telecom,2,86.2,14.0,55.9,58.5,80.3,5.0,0.3,2.1,Yes,No,High,2.0,Yes,Salle 30,161.0
Male,23.0,Informatique,1,87.7,12.0,81.6,47.2,98.8,2.0,0.6,9.4,Yes,No,Low,0.0,Yes,Salle 23,248.0
Male,20.0,Informatique,1,92.8,7.0,67.2,64.5,45.8,2.0,0.5,11.5,No,No,Middle,0.0,Yes,Salle 18,248.0
Male,25.0,Informatique,5,69.4,31.0,79.4,63.4,77.5,0.0,0.4,2.2,No,Yes,Low,0.0,Yes,Salle 20,109.0
Female,22.0,GenieCivil,4,60.6,39.0,60.1,53.6,63.1,1.0,6.1,11.5,Yes,No,Low,0.0,Yes,Salle 30,173.0
Male,23.0,Electrique,5,80.7,19.0,77.7,57.8,63.5,1.0,2.1,12.6,Yes,No,Middle,1.0,No,Salle 4,80.0
Female,23.0,Telecom,2,75.9,24.0,73.6,43.8,60.7,0.0,1.8,12.4,Yes,No,Middle,0.0,Yes,Salle 28,161.0
Female,24.0,Energetique,2,75.1,25.0,80.4,38.3,55.9,1.0,2.0,10.5,No,No,Low,1.0,Yes,Salle 18,71.0
Male,23.0,GenieCivil,2,91.8,8.0,42.4,92.2,63.5,1.0,1.0,6.4,Yes,No,Middle,0.0,Yes,Salle 16,177.0
Female,22.0,Informatique,4,82.5,18.0,69.2,43.5,100.0,2.0,1.0,16.4,No,Yes,Middle,1.0,Yes,Salle 26,230.0
Male,28.0,Telecom,1,86.4,14.0,47.4,48.6,39.7,2.0,1.9,18.4,Yes,Yes,Middle,0.0,Yes,Salle 19,121.0
Female,22.0,Electrique,1,68.7,31.0,57.6,59.9,87.3,4.0,1.9,20.5,Yes,No,Middle,3.0,Yes,Salle 20,143.0
Male,22.0,Mecanique,3,89.0,11.0,90.5,65.4,64.8,0.0,1.7,7.4,Yes,No,Middle,0.0,Yes,Salle 30,212.0
Female,20.0,Mecanique,3,77.5,22.0,66.5,82.7,62.2,0.0,1.4,8.3,Yes,No,Middle,1.0,Yes,Salle 13,212.0
Male,23.0,GenieCivil,1,65.1,35.0,52.9,38.6,71.2,1.0,3.7,16.3,Yes,No,Middle,2.0,No,Salle 23,149.0
Male,24.0,Energetique,3,81.9,18.0,84.9,61.6,59.6,0.0,1.4,11.9,Yes,No,High,2.0,Yes,Salle 17,104.0
Male,20.0,Mecanique,3,90.3,10.0,43.9,87.0,63.5,1.0,0.3,7.8,No,No,High,2.0,Yes,Salle 16,212.0
Male,21.0,Telecom,3,78.3,22.0,64.3,78.4,49.0,0.0,7.1,28.7,Yes,No,High,0.0,No,Salle 21,154.0
Female,20.0,Informatique,1,100.0,0.0,61.0,76.4,41.9,0.0,1.4,2.4,No,No,Low,0.0,Yes,Salle 21,248.0
Female,19.0,Electrique,3,68.8,31.0,68.0,58.9,63.5,0.0,0.9,3.1,No,No,Middle,1.0,No,Salle 10,188.0
Male,22.0,Informatique,5,82.2,5.0,70.8,82.9,64.4,2.0,9.4,49.4,No,Yes,Middle,2.0,No,Salle 12,109.0
Male,21.0,Electrique,2,87.7,12.0,71.4,35.5,27.8,0.0,1.5,9.3,Yes,Yes,Middle,0.0,No,Salle 7,185.0
Male,21.0,Mecanique,4,85.1,15.0,60.0,40.5,62.2,0.0,0.6,11.2,No,No,High,1.0,Yes,Salle 23,178.0
Male,20.0,Mecanique,3,94.0,6.0,55.8,97.9,63.4,2.0,0.6,5.3,No,No,High,2.0,Yes,Salle 19,212.0
Male,24.0,Electrique,4,82.2,9.0,89.3,73.6,75.9,3.0,2.1,16.6,No,No,Middle,0.0,No,Salle 11,157.0
Female,21.0,Chimie,2,92.4,8.0,100.0,42.1,51.7,4.0,0.8,4.5,Yes,Yes,Middle,1.0,Yes,Salle 15,119.0
Male,21.0,Electrique,1,70.2,30.0,43.1,41.6,60.2,0.0,7.7,30.3,Yes,No,Middle,1.0,Yes,Salle 1,143.0
Female,23.0,GenieCivil,4,85.8,14.0,81.2,88.4,73.5,0.0,2.4,14.1,Yes,No,Middle,2.0,Yes,Salle 29,173.0
Male,20.0,Informatique,5,82.7,17.0,70.0,71.1,46.1,1.0,1.4,16.2,No,No,Middle,1.0,Yes,Salle 7,109.0
Male,24.0,GenieCivil,3,77.8,22.0,79.0,59.3,97.0,0.0,6.7,28.5,No,No,Middle,2.0,Yes,Salle 9,185.0
Male,19.0,Informatique,1,100.0,0.0,63.0,78.0,34.5,4.0,9.3,48.1,Yes,Yes,Low,0.0,Yes,Salle 2,248.0
Male,19.0,GenieCivil,3,77.8,22.0,52.0,83.2,76.3,0.0,0.2,4.9,No,No,Middle,1.0,Yes,Salle 8,185.0
Female,18.0,GenieCivil,1,83.0,17.0,76.5,48.4,44.9,1.0,0.1,8.0,Yes,Yes,Middle,4.0,No,Salle 24,149.0
Male,24.0,Chimie,2,47.5,52.0,43.3,74.6,57.6,4.0,1.8,14.6,Yes,No,Middle,1.0,No,Salle 19,119.0
Male,20.0,Mecanique,2,60.1,40.0,72.2,55.1,96.1,1.0,0.2,6.2,Yes,No,Middle,1.0,Yes,Salle 23,231.0
Female,22.0,Mecanique,3,81.0,19.0,66.4,79.2,69.5,1.0,0.3,2.6,No,No,Middle,1.0,No,Salle 2,212.0
Male,23.0,GenieCivil,4,68.0,32.0,55.0,49.1,100.0,0.0,1.7,9.9,Yes,No,Middle,1.0,No,Salle 12,173.0
Male,23.0,GenieCivil,2,100.0,0.0,83.5,74.1,28.5,0.0,1.1,9.4,Yes,No,Middle,1.0,Yes,Salle 5,177.0
Male,24.0,Telecom,5,81.1,19.0,66.2,5.1,66.5,1.0,0.7,1.5,Yes,No,Low,2.0,No,Salle 22,60.0
Female,19.0,Energetique,3,77.8,22.0,73.7,49.9,26.6,0.0,1.4,22.1,No,Yes,Middle,1.0,Yes,Salle 1,104.0
Male,21.0,Chimie,5,91.6,8.0,58.8,44.7,63.5,2.0,1.0,14.3,No,No,Middle,0.0,No,Salle 4,48.0
Female,20.0,Chimie,1,90.6,9.0,69.1,68.4,24.5,0.0,0.8,5.3,No,No,High,1.0,Yes,Salle 25,96.0
Male,27.0,Informatique,3,95.7,4.0,54.1,92.9,41.9,0.0,1.4,5.1,No,No,Middle,2.0,Yes,Salle 9,263.0
Male,21.0,Electrique,3,91.4,9.0,74.1,53.9,84.2,1.0,0.5,11.5,Yes,No,Middle,1.0,Yes,Salle 16,188.0
Male,20.0,Mecanique,2,85.2,15.0,78.2,86.0,78.5,1.0,2.0,10.8,Yes,No,Low,2.0,Yes,Salle 22,231.0
Male,23.0,Mecanique,3,87.9,12.0,77.0,94.6,16.9,1.0,1.4,5.4,No,Yes,Middle,2.0,Yes,Salle 4,212.0
Female,21.0,Mecanique,5,100.0,0.0,85.5,65.2,63.5,0.0,0.6,4.5,Yes,No,Middle,1.0,Yes,Salle 7,67.0
Female,22.0,Chimie,3,81.9,18.0,83.9,62.0,49.3,3.0,1.9,17.1,No,No,Middle,0.0,Yes,Salle 20,130.0
Female,19.0,Mecanique,1,89.1,11.0,56.6,68.3,54.8,0.0,2.9,12.0,Yes,No,Middle,0.0,Yes,Salle 7,186.0
Male,21.0,Mecanique,2,83.6,16.0,65.1,68.5,44.3,0.0,3.4,12.5,Yes,Yes,Low,1.0,Yes,Salle 26,231.0
Male,23.0,Energetique,4,71.3,29.0,79.9,61.6,15.3,0.0,11.8,50.0,Yes,No,Middle,1.0,No,Salle 4,70.0
Other,23.0,Energetique,5,69.2,31.0,65.1,48.7,87.2,2.0,1.4,31.1,Yes,No,Middle,2.0,Yes,Salle 15,40.0
Female,17.0,Energetique,1,78.2,22.0,63.7,59.0,43.6,1.0,1.6,13.0,Yes,No,Low,0.0,No,Salle 23,83.0
Female,21.0,Mecanique,3,95.4,5.0,65.2,44.3,70.0,0.0,4.0,19.8,Yes,No,Middle,1.0,Yes,Salle 27,212.0
Male,22.0,Energetique,2,100.0,0.0,58.5,46.8,75.4,2.0,4.4,24.0,No,No,Middle,1.0,Yes,Salle 1,71.0
Male,23.0,Informatique,3,71.2,29.0,96.9,57.9,48.8,1.0,0.1,3.4,No,No,Low,0.0,Yes,Salle 25,263.0
Female,20.0,Informatique,3,67.9,32.0,65.3,65.7,100.0,1.0,0.9,16.6,Yes,No,Middle,1.0,Yes,Salle 17,263.0
Male,20.0,Electrique,3,86.8,13.0,67.5,55.9,94.4,5.0,1.0,6.6,No,Yes,Middle,1.0,Yes,Salle 26,188.0
Female,24.0,Electrique,2,80.2,20.0,81.4,46.8,87.4,1.0,1.4,5.4,No,Yes,Middle,0.0,Yes,Salle 16,185.0
Female,20.0,Telecom,1,100.0,0.0,68.0,65.4,11.0,0.0,0.1,3.4,No,No,Middle,1.0,Yes,Salle 5,121.0
Female,19.0,Informatique,1,73.7,26.0,81.8,57.4,12.3,2.0,1.4,15.1,No,Yes,Middle,1.0,Yes,Salle 6,248.0
Female,17.0,Energetique,2,89.7,10.0,69.0,68.0,63.5,0.0,2.8,21.2,Yes,No,Low,1.0,Yes,Salle 8,71.0
Female,23.0,Chimie,3,64.3,36.0,63.4,61.2,39.1,1.0,2.2,13.4,Yes,Yes,Middle,0.0,No,Salle 30,130.0
Female,18.0,Informatique,4,62.1,38.0,73.9,64.2,21.3,2.0,2.1,11.5,No,No,Low,1.0,Yes,Salle 29,230.0
Female,26.0,Mecanique,4,82.7,17.0,75.9,36.5,85.1,0.0,0.0,5.2,Yes,Yes,Middle,0.0,Yes,Salle 5,178.0
Male,23.0,Energetique,4,87.4,18.0,47.4,54.8,63.5,1.0,1.4,16.6,Yes,Yes,Middle,1.0,Yes,Salle 26,70.0
Male,21.0,Informatique,2,89.6,10.0,31.7,74.5,41.4,0.0,0.7,10.8,No,No,Low,0.0,Yes,Salle 14,298.0
Male,20.0,Informatique,3,88.2,12.0,92.3,43.2,36.7,5.0,1.2,9.6,Yes,No,Low,0.0,No,Salle 13,263.0
Male,21.0,Mecanique,4,87.1,13.0,63.0,85.2,27.2,1.0,1.6,13.2,Yes,No,Middle,1.0,Yes,Salle 19,178.0
Male,20.0,Informatique,1,62.7,37.0,60.9,99.0,33.7,1.0,0.9,7.3,No,No,Middle,0.0,No,Salle 14,248.0
Female,23.0,Chimie,2,81.0,19.0,64.4,63.8,88.8,0.0,1.8,14.7,Yes,Yes,Low,1.0,Yes,Salle 14,119.0
Female,23.0,Mecanique,5,79.6,20.0,68.1,58.9,69.9,0.0,1.4,11.5,Yes,No,Middle,0.0,No,Salle 13,67.0
Male,19.0,Electrique,3,70.4,30.0,55.4,69.2,76.6,1.0,1.4,8.3,No,Yes,Low,0.0,Yes,Salle 23,188.0
Female,21.0,Informatique,4,73.4,27.0,100.0,59.1,67.0,1.0,1.0,15.4,No,No,Middle,3.0,Yes,Salle 2,230.0
Male,23.0,Telecom,4,85.4,15.0,83.6,100.0,71.6,1.0,1.4,14.1,No,No,Middle,0.0,No,Salle 27,121.0
Male,24.0,GenieCivil,4,100.0,0.0,40.2,70.2,39.6,0.0,8.0,40.7,No,No,Middle,1.0,Yes,Salle 24,173.0
Male,21.0,Electrique,3,100.0,0.0,66.4,65.5,42.7,2.0,0.6,7.1,Yes,Yes,Middle,0.0,Yes,Salle 29,188.0
Male,21.0,Energetique,3,100.0,0.0,73.2,31.9,61.4,1.0,0.4,3.8,No,No,Middle,1.0,Yes,Salle 20,104.0
Female,20.0,Informatique,4,63.3,37.0,62.9,68.4,23.7,1.0,0.2,4.3,No,No,Middle,1.0,No,Salle 30,230.0
Male,21.0,Electrique,4,66.9,33.0,65.1,76.2,63.5,0.0,1.4,5.9,Yes,No,Middle,1.0,Yes,Salle 24,157.0
Male,20.0,Mecanique,1,56.2,44.0,92.1,49.6,53.6,2.0,0.1,15.7,Yes,No,Middle,1.0,Yes,Salle 18,186.0
Male,22.0,Electrique,1,70.4,30.0,81.1,79.4,62.4,1.0,0.7,11.5,Yes,Yes,Low,1.0,No,Salle 11,143.0
Female,24.0,Telecom,2,67.7,32.0,74.2,81.5,26.4,0.0,0.7,16.5,Yes,No,Middle,0.0,Yes,Salle 6,161.0
Female,23.0,Mecanique,3,87.1,13.0,65.5,56.6,74.4,1.0,6.7,29.3,Yes,No,Low,0.0,No,Salle 13,212.0
Female,22.0,Electrique,4,69.7,30.0,61.6,37.3,47.8,3.0,2.9,16.5,No,No,Low,0.0,Yes,Salle 19,157.0
Male,24.0,Informatique,4,79.4,21.0,46.2,100.0,87.1,1.0,2.6,14.0,No,Yes,Middle,4.0,Yes,Salle 27,230.0
Male,21.0,Telecom,3,90.3,10.0,76.3,58.4,58.7,0.0,0.1,10.6,Yes,No,Middle,0.0,Yes,Salle 29,154.0
Male,24.0,Informatique,2,91.3,9.0,68.6,92.7,62.5,1.0,4.3,15.3,Yes,Yes,Middle,0.0,Yes,Salle 2,298.0
Female,18.0,Electrique,4,84.6,15.0,33.1,49.6,60.5,2.0,6.7,30.8,Yes,No,Middle,1.0,Yes,Salle 22,157.0
Male,22.0,Informatique,1,84.7,15.0,53.4,99.9,52.8,1.0,0.1,0.0,Yes,No,Low,1.0,No,Salle 14,248.0
Male,21.0,Electrique,3,68.4,32.0,52.1,56.4,55.1,1.0,1.5,4.2,Yes,No,High,0.0,No,Salle 30,188.0
Male,22.0,Electrique,3,85.8,14.0,73.2,47.3,37.9,2.0,0.7,1.1,No,Yes,Low,1.0,No,Salle 8,188.0
Male,22.0,Mecanique,4,96.7,3.0,76.7,54.1,39.0,0.0,2.2,14.6,Yes,No,Middle,0.0,Yes,Salle 5,178.0
Male,18.0,Mecanique,2,100.0,0.0,74.8,92.5,29.4,1.0,0.9,11.7,No,No,Low,0.0,Yes,Salle 9,231.0
Male,24.0,Energetique,2,85.3,15.0,74.5,63.7,63.0,3.0,0.2,2.9,No,No,Low,0.0,Yes,Salle 26,71.0
Female,22.0,Mecanique,3,79.3,21.0,56.0,85.4,72.2,0.0,2.3,17.2,No,No,Middle,2.0,Yes,Salle 13,212.0
Male,23.0,Informatique,1,93.0,7.0,93.9,47.7,100.0,1.0,3.3,19.1,No,No,Low,1.0,Yes,Salle 30,248.0
Male,21.0,Chimie,1,100.0,0.0,97.2,34.5,81.7,1.0,1.8,14.3,No,No,Middle,3.0,Yes,Salle 24,96.0
Female,23.0,Electrique,2,78.7,21.0,73.3,100.0,49.3,2.0,1.4,1.4,No,No,Low,3.0,Yes,Salle 29,185.0
Female,23.0,Informatique,3,74.1,26.0,63.5,48.8,86.6,0.0,0.7,10.6,No,No,Middle,1.0,Yes,Salle 18,263.0
Male,22.0,Telecom,4,86.3,14.0,93.2,69.3,63.5,2.0,0.6,9.4,Yes,No,Middle,3.0,No,Salle 19,121.0
Male,26.0,GenieCivil,1,66.1,34.0,84.6,32.4,89.0,3.0,2.8,11.5,Yes,No,Middle,0.0,Yes,Salle 15,149.0
Female,25.0,Informatique,3,73.3,27.0,48.7,71.6,56.3,1.0,0.9,7.2,No,No,Low,1.0,Yes,Salle 3,263.0
Male,22.0,GenieCivil,3,52.2,48.0,66.8,55.3,41.1,1.0,8.0,35.1,No,No,Middle,0.0,Yes,Salle 28,185.0
Male,24.0,Informatique,3,79.5,20.0,58.2,84.2,33.6,2.0,2.2,15.8,Yes,Yes,Low,1.0,Yes,Salle 24,263.0
Male,22.0,Energetique,3,99.0,1.0,81.0,74.4,55.1,1.0,0.8,6.2,Yes,No,Low,1.0,Yes,Salle 10,104.0
Male,21.0,Mecanique,2,74.6,25.0,52.4,82.9,69.7,5.0,1.0,16.2,Yes,No,Middle,0.0,Yes,Salle 24,231.0
Male,20.0,Informatique,3,82.0,18.0,77.3,61.5,77.3,0.0,3.7,22.2,No,Yes,Middle,1.0,Yes,Salle 30,263.0
Male,23.0,Mecanique,2,70.3,30.0,65.1,68.4,65.5,0.0,4.5,24.7,Yes,Yes,Low,2.0,Yes,Salle 6,231.0
Male,20.0,Electrique,5,82.6,17.0,79.9,66.9,63.3,0.0,2.5,15.9,Yes,Yes,Middle,1.0,Yes,Salle 5,80.0
Female,19.0,Mecanique,2,97.8,2.0,66.3,33.7,51.5,2.0,1.2,8.6,Yes,No,Middle,1.0,Yes,Salle 9,231.0
Female,24.0,Electrique,5,82.2,5.0,72.7,66.4,45.9,0.0,2.5,11.5,Yes,No,Low,1.0,Yes,Salle 13,80.0
Female,23.0,Informatique,4,100.0,0.0,62.7,63.1,54.8,3.0,3.2,21.0,Yes,Yes,Middle,1.0,Yes,Salle 12,230.0
Male,27.0,Informatique,4,91.8,8.0,61.4,49.1,65.8,1.0,3.7,16.0,Yes,No,Middle,0.0,No,Salle 16,230.0
Male,22.0,Informatique,2,89.3,11.0,65.1,90.9,100.0,3.0,5.1,24.5,No,No,Middle,1.0,Yes,Salle 3,298.0
Female,21.0,Energetique,5,93.1,7.0,51.5,61.5,30.8,0.0,1.6,10.6,Yes,No,High,0.0,No,Salle 21,40.0
Other,21.0,Mecanique,4,62.7,37.0,61.2,58.4,62.4,1.0,1.4,7.5,Yes,No,Middle,1.0,No,Salle 13,178.0
Female,20.0,Mecanique,2,68.2,32.0,88.5,45.2,94.0,0.0,1.8,9.0,No,No,Middle,1.0,Yes,Salle 26,231.0
Female,21.0,GenieCivil,2,77.1,23.0,53.8,83.6,38.1,2.0,0.6,8.3,No,Yes,High,1.0,Yes,Salle 7,177.0
Male,21.0,Telecom,3,81.6,18.0,63.3,44.0,54.2,0.0,2.3,16.4,Yes,No,Middle,0.0,Yes,Salle 28,154.0
Female,22.0,Chimie,2,85.9,14.0,75.0,56.8,74.0,1.0,0.4,11.5,Yes,No,Low,3.0,Yes,Salle 27,119.0
Female,22.0,Mecanique,2,65.5,34.0,54.7,45.0,71.9,0.0,0.2,7.8,Yes,No,Middle,0.0,Yes,Salle 3,231.0
Female,20.0,Mecanique,2,78.8,21.0,62.6,55.6,30.4,1.0,2.3,16.9,No,No,Middle,0.0,Yes,Salle 6,231.0
Male,22.0,Informatique,4,76.5,24.0,60.2,58.8,79.5,3.0,0.1,11.5,Yes,Yes,Middle,2.0,No,Salle 8,230.0
Female,19.0,Informatique,1,100.0,0.0,91.4,62.1,59.7,1.0,0.6,6.3,Yes,No,Middle,1.0,No,Salle 22,248.0
Male,22.0,Telecom,2,75.2,25.0,55.2,78.0,77.6,2.0,2.4,17.1,Yes,No,High,1.0,Yes,Salle 27,161.0
Male,21.0,Mecanique,3,70.8,29.0,55.0,95.8,68.0,1.0,1.0,10.3,Yes,No,Middle,1.0,Yes,Salle 18,212.0
Male,24.0,Informatique,4,91.8,8.0,76.3,53.9,100.0,0.0,2.0,11.1,Yes,No,Low,0.0,Yes,Salle 4,230.0
Male,19.0,Electrique,2,78.7,21.0,65.1,75.6,61.4,3.0,5.1,20.7,Yes,No,High,0.0,Yes,Salle 5,185.0
Male,21.0,GenieCivil,2,76.4,24.0,51.4,57.1,100.0,1.0,1.4,15.7,No,No,Middle,1.0,Yes,Salle 29,177.0
Male,21.0,Electrique,4,82.6,17.0,65.1,65.6,83.8,0.0,4.4,22.3,Yes,No,Low,1.0,Yes,Salle 23,157.0
Female,20.0,Electrique,4,74.7,25.0,70.4,55.1,99.7,1.0,0.0,9.2,Yes,No,Middle,0.0,Yes,Salle 10,157.0
Male,20.0,GenieCivil,2,66.4,34.0,68.8,71.3,78.8,1.0,2.5,14.4,Yes,No,Low,1.0,Yes,Salle 16,177.0
Male,23.0,Mecanique,4,74.7,25.0,59.3,89.9,91.4,1.0,1.2,12.5,No,No,Low,1.0,Yes,Salle 5,178.0
Female,22.0,Electrique,3,89.3,11.0,35.0,77.6,54.4,2.0,1.4,9.1,Yes,No,Middle,1.0,Yes,Salle 23,188.0
Female,23.0,Informatique,2,81.1,19.0,53.7,42.2,56.3,2.0,1.4,9.1,No,No,Middle,3.0,Yes,Salle 12,298.0
Male,19.0,Informatique,4,48.3,52.0,19.2,19.4,41.7,1.0,0.2,7.8,Yes,No,Middle,1.0,No,Salle 6,230.0
Male,21.0,Informatique,2,81.7,18.0,61.4,63.9,85.5,1.0,0.7,7.3,Yes,No,Middle,0.0,Yes,Salle 25,298.0
Female,19.0,Informatique,2,86.3,14.0,82.4,67.6,40.1,3.0,3.1,11.5,No,No,Middle,0.0,Yes,Salle 19,298.0
Male,20.0,Chimie,2,98.1,2.0,83.6,18.7,45.9,0.0,3.9,21.4,No,No,High,0.0,Yes,Salle 26,119.0
Male,23.0,GenieCivil,1,83.0,17.0,62.9,81.5,39.7,1.0,0.3,14.8,Yes,No,Middle,2.0,No,Salle 1,149.0
Female,22.0,Informatique,4,100.0,0.0,65.4,58.0,63.0,1.0,1.6,17.1,Yes,No,Low,1.0,Yes,Salle 20,230.0
Female,20.0,GenieCivil,3,71.1,29.0,72.7,62.6,38.7,2.0,0.4,11.0,No,No,Middle,1.0,Yes,Salle 28,185.0
Female,21.0,Telecom,3,85.4,15.0,62.9,61.0,66.1,0.0,0.1,8.1,Yes,No,High,1.0,Yes,Salle 7,154.0
Female,20.0,Chimie,1,80.6,19.0,38.5,41.2,43.9,0.0,1.0,12.0,Yes,No,Low,2.0,Yes,Salle 26,96.0
Other,19.0,Electrique,1,100.0,0.0,53.2,63.6,57.8,0.0,2.5,19.0,Yes,No,Middle,1.0,Yes,Salle 12,143.0
Male,21.0,Telecom,2,100.0,0.0,53.4,37.6,88.0,2.0,0.0,0.6,No,No,Middle,0.0,Yes,Salle 26,161.0
Male,22.0,Mecanique,1,78.1,22.0,62.3,92.2,70.7,2.0,2.7,11.6,Yes,No,Middle,1.0,Yes,Salle 13,186.0
Female,23.0,Mecanique,4,67.3,33.0,75.5,83.5,37.4,1.0,1.4,9.3,Yes,Yes,Middle,1.0,Yes,Salle 30,178.0
Female,22.0,Telecom,4,80.1,20.0,78.6,73.8,63.5,2.0,1.7,14.3,Yes,No,Middle,1.0,No,Salle 17,121.0
Female,21.0,Mecanique,3,88.2,12.0,82.1,37.8,68.2,0.0,1.4,18.7,Yes,No,High,2.0,No,Salle 28,212.0
Female,22.0,Electrique,5,85.2,15.0,35.9,70.6,66.2,2.0,0.2,11.5,Yes,No,Low,1.0,Yes,Salle 8,80.0
Other,24.0,Telecom,1,62.8,37.0,71.4,91.0,52.9,0.0,0.3,3.5,No,No,High,1.0,Yes,Salle 7,121.0
Female,25.0,Informatique,1,86.2,14.0,72.2,81.8,71.5,3.0,3.9,26.0,No,Yes,Low,0.0,Yes,Salle 21,248.0
Male,22.0,Mecanique,1,87.5,12.0,65.7,26.4,65.9,1.0,1.2,17.0,Yes,No,Low,0.0,Yes,Salle 18,186.0
Female,25.0,GenieCivil,5,94.1,6.0,64.9,83.8,63.5,1.0,1.4,0.0,Yes,No,Middle,1.0,Yes,Salle 15,70.0
Male,25.0,Energetique,1,81.3,19.0,70.7,32.7,47.6,1.0,0.3,2.9,No,No,Middle,1.0,Yes,Salle 26,83.0
Male,22.0,Mecanique,3,85.7,14.0,35.1,61.6,59.9,1.0,4.6,11.5,Yes,No,Middle,2.0,Yes,Salle 5,212.0
Female,25.0,GenieCivil,3,69.4,31.0,45.1,80.0,71.3,2.0,3.4,21.4,Yes,Yes,Middle,0.0,Yes,Salle 16,185.0
Male,22.0,GenieCivil,5,80.2,20.0,59.2,93.6,50.6,0.0,0.9,9.2,Yes,No,Low,3.0,Yes,Salle 25,70.0
Male,23.0,Electrique,3,82.2,15.0,51.8,56.9,53.6,0.0,0.2,1.1,Yes,Yes,Middle,2.0,Yes,Salle 16,188.0
Female,22.0,Chimie,3,95.3,5.0,67.7,53.5,65.4,0.0,0.3,6.4,No,No,Low,1.0,No,Salle 22,130.0
Female,20.0,Energetique,3,95.9,4.0,60.6,82.5,66.8,1.0,0.1,12.0,No,No,Low,2.0,Yes,Salle 26,104.0
Male,21.0,Mecanique,5,81.3,19.0,91.1,94.3,52.1,3.0,0.8,7.3,No,No,Middle,2.0,No,Salle 12,67.0
Female,22.0,Energetique,3,100.0,0.0,86.1,46.6,27.1,2.0,1.4,6.7,No,No,Middle,0.0,Yes,Salle 28,104.0
Male,23.0,Electrique,5,70.2,30.0,54.5,89.8,86.6,0.0,2.3,11.6,No,No,Middle,2.0,Yes,Salle 24,80.0
Female,24.0,Informatique,1,69.8,30.0,55.9,69.4,90.0,1.0,10.2,47.3,Yes,No,High,2.0,Yes,Salle 25,248.0
Male,24.0,Electrique,5,90.7,9.0,58.3,69.2,84.4,2.0,2.4,13.0,Yes,Yes,Middle,2.0,No,Salle 19,80.0
Male,21.0,Informatique,5,64.6,35.0,48.4,68.2,51.7,1.0,0.7,10.1,No,No,Low,0.0,Yes,Salle 4,109.0
Male,21.0,Telecom,2,76.7,23.0,45.2,49.1,47.1,1.0,0.7,11.1,No,No,Middle,1.0,No,Salle 8,161.0
Female,22.0,Mecanique,2,83.7,16.0,64.4,92.0,65.2,3.0,0.5,17.3,Yes,No,Middle,0.0,Yes,Salle 30,231.0
Male,21.0,Telecom,5,97.2,3.0,57.1,100.0,67.4,4.0,1.4,12.0,No,No,Middle,3.0,Yes,Salle 17,60.0
Male,18.0,Electrique,1,85.4,15.0,45.2,61.6,35.8,2.0,6.0,29.7,Yes,No,High,1.0,No,Salle 2,143.0
Male,24.0,Electrique,3,64.1,36.0,72.4,80.4,63.5,1.0,0.5,14.8,Yes,No,High,0.0,No,Salle 27,188.0
Female,19.0,GenieCivil,3,77.3,23.0,50.7,61.2,48.3,0.0,2.4,13.8,Yes,No,Middle,1.0,No,Salle 14,185.0
Female,27.0,Informatique,1,73.4,27.0,78.6,93.0,33.7,1.0,1.8,14.3,Yes,No,Middle,0.0,Yes,Salle 19,248.0
Female,22.0,Informatique,3,62.6,37.0,62.9,62.9,76.6,2.0,0.0,6.6,Yes,No,Middle,0.0,Yes,Salle 26,263.0
Male,20.0,Informatique,2,86.1,14.0,62.2,51.4,52.0,0.0,0.1,6.7,Yes,Yes,Low,0.0,Yes,Salle 4,298.0
Female,18.0,Mecanique,1,94.9,5.0,76.0,38.0,54.2,1.0,2.6,11.5,No,No,Low,2.0,Yes,Salle 3,186.0
Male,22.0,Informatique,2,91.5,8.0,82.9,76.9,61.0,1.0,0.2,5.0,No,No,Middle,2.0,Yes,Salle 26,298.0
Female,21.0,Electrique,4,82.4,18.0,68.2,50.4,63.5,2.0,7.5,37.4,Yes,No,Low,0.0,No,Salle 14,157.0
Female,21.0,Telecom,1,74.2,26.0,65.1,47.7,63.5,1.0,1.5,11.5,Yes,Yes,Middle,1.0,Yes,Salle 30,121.0
Male,22.0,Informatique,5,59.9,40.0,47.9,67.9,45.4,0.0,2.7,14.2,Yes,No,Middle,1.0,No,Salle 14,109.0
Male,22.0,Electrique,1,87.7,12.0,67.8,30.4,48.8,1.0,1.5,8.5,Yes,No,Middle,1.0,Yes,Salle 24,143.0
Male,20.0,GenieCivil,1,90.8,9.0,86.8,26.9,41.7,1.0,0.1,9.0,Yes,No,Low,0.0,Yes,Salle 3,149.0
Male,26.0,GenieCivil,2,88.0,12.0,67.4,83.2,41.8,2.0,2.8,11.4,Yes,Yes,Low,1.0,Yes,Salle 14,177.0
Male,20.0,Informatique,3,78.1,22.0,56.7,56.6,93.2,0.0,0.9,7.0,Yes,No,Middle,0.0,No,Salle 3,263.0
Male,18.0,Electrique,1,91.3,9.0,69.2,57.8,94.5,3.0,0.1,7.7,Yes,Yes,Middle,1.0,Yes,Salle 14,143.0
Male,24.0,Informatique,4,92.3,8.0,46.5,74.8,57.8,3.0,1.6,14.3,Yes,No,Middle,1.0,Yes,Salle 26,230.0
Female,24.0,Informatique,3,85.8,14.0,65.1,39.8,78.5,0.0,1.3,16.0,Yes,No,Low,1.0,Yes,Salle 19,263.0
Female,25.0,Electrique,3,72.5,28.0,72.9,85.9,57.0,2.0,0.8,6.0,Yes,No,Low,1.0,Yes,Salle 25,188.0
Male,22.0,Electrique,2,82.8,17.0,81.4,62.4,83.1,1.0,1.3,9.3,Yes,No,Middle,1.0,No,Salle 9,185.0
Female,22.0,Chimie,2,90.3,10.0,64.8,53.5,61.7,1.0,3.8,15.1,Yes,No,Low,1.0,Yes,Salle 1,119.0
Female,24.0,Informatique,4,75.6,24.0,89.8,22.9,63.5,1.0,5.7,11.5,Yes,No,Low,0.0,Yes,Salle 2,230.0
Female,21.0,GenieCivil,1,68.1,32.0,79.3,75.8,63.5,1.0,5.1,29.3,No,Yes,Middle,1.0,No,Salle 8,149.0
Male,23.0,Energetique,2,85.6,14.0,56.7,34.3,74.0,1.0,0.5,6.7,Yes,No,Middle,2.0,Yes,Salle 11,71.0
Female,25.0,Electrique,2,81.5,18.0,52.8,65.4,82.8,1.0,6.6,39.2,Yes,Yes,Middle,0.0,Yes,Salle 14,185.0
Female,20.0,Electrique,3,82.6,17.0,71.7,61.6,38.7,2.0,1.1,8.9,No,No,Middle,1.0,Yes,Salle 18,188.0
Male,20.0,Chimie,1,100.0,0.0,98.1,61.1,52.8,4.0,1.4,15.2,No,No,Middle,1.0,Yes,Salle 1,96.0
Female,19.0,Electrique,3,69.5,30.0,65.1,39.7,62.7,1.0,2.0,19.1,Yes,No,Low,0.0,Yes,Salle 9,188.0
Female,21.0,Mecanique,4,100.0,0.0,71.3,61.5,54.3,2.0,2.4,14.1,No,No,Middle,2.0,Yes,Salle 19,178.0
Male,19.0,Chimie,4,72.6,27.0,48.0,19.7,70.3,2.0,1.2,11.5,Yes,No,Middle,1.0,Yes,Salle 5,93.0
Male,18.0,Chimie,3,72.6,27.0,79.6,79.0,87.7,0.0,0.3,6.2,Yes,No,Low,1.0,No,Salle 25,130.0
Female,17.0,GenieCivil,4,86.3,14.0,45.6,53.0,42.5,2.0,0.4,11.5,Yes,No,Middle,2.0,Yes,Salle 10,173.0
Female,18.0,Informatique,5,78.3,22.0,62.5,70.0,100.0,0.0,0.8,11.5,Yes,No,Middle,2.0,No,Salle 14,109.0
Male,25.0,Mecanique,4,95.3,5.0,53.0,38.0,25.5,3.0,0.8,8.6,No,No,Middle,0.0,Yes,Salle 26,178.0
Male,22.0,Informatique,2,82.2,19.0,59.8,56.4,100.0,0.0,1.7,12.8,No,Yes,Low,2.0,Yes,Salle 26,298.0
Female,20.0,Electrique,3,85.4,15.0,53.9,92.4,36.1,2.0,0.7,4.3,No,No,Middle,1.0,Yes,Salle 7,188.0
Female,24.0,Informatique,2,84.6,15.0,69.8,77.6,62.7,1.0,5.7,34.4,Yes,No,Middle,0.0,Yes,Salle 4,298.0
Female,21.0,Electrique,4,82.1,18.0,59.1,71.9,87.0,0.0,0.1,7.4,Yes,Yes,High,0.0,Yes,Salle 25,157.0
Female,21.0,Telecom,2,62.2,38.0,84.9,74.1,87.9,1.0,6.9,29.1,No,Yes,Low,0.0,Yes,Salle 5,161.0
Male,24.0,Informatique,1,88.4,12.0,95.8,52.6,52.1,0.0,2.8,18.3,Yes,No,Low,2.0,No,Salle 14,248.0
Male,26.0,Telecom,1,85.4,15.0,68.1,95.4,71.4,1.0,0.5,11.5,No,Yes,Middle,1.0,Yes,Salle 21,121.0
Female,20.0,Mecanique,4,61.8,38.0,61.8,55.0,60.3,2.0,1.3,12.3,Yes,No,Low,1.0,Yes,Salle 8,178.0
Male,23.0,Electrique,3,82.0,18.0,83.9,87.7,47.6,3.0,0.9,10.3,Yes,No,Middle,1.0,Yes,Salle 22,188.0
Male,23.0,GenieCivil,4,63.9,36.0,62.9,82.4,100.0,0.0,0.6,12.3,Yes,No,Middle,1.0,Yes,Salle 10,173.0
Male,23.0,Mecanique,3,84.3,16.0,81.3,37.2,40.2,0.0,0.9,15.1,No,No,Low,2.0,Yes,Salle 6,212.0
Male,19.0,GenieCivil,2,82.5,18.0,66.4,61.6,47.0,2.0,1.4,16.4,Yes,No,Middle,1.0,Yes,Salle 13,177.0
Female,22.0,Informatique,1,79.5,20.0,57.0,36.2,55.0,0.0,1.5,16.2,No,No,Middle,3.0,Yes,Salle 22,248.0
Male,18.0,Mecanique,4,100.0,0.0,50.3,61.0,60.4,4.0,1.2,13.9,No,No,Middle,1.0,Yes,Salle 7,178.0
Female,24.0,Mecanique,5,82.2,14.0,65.1,48.9,57.7,1.0,0.2,7.5,Yes,No,Middle,0.0,Yes,Salle 12,67.0
Female,21.0,Chimie,2,100.0,0.0,58.2,61.6,44.2,2.0,0.1,7.1,Yes,Yes,Middle,2.0,No,Salle 16,119.0
Male,21.0,Electrique,4,67.6,32.0,60.8,53.0,36.2,1.0,0.0,7.2,Yes,No,Low,2.0,Yes,Salle 11,157.0
Female,20.0,Telecom,2,67.9,32.0,61.5,62.8,54.8,2.0,9.9,49.3,No,No,Middle,1.0,Yes,Salle 11,161.0
Male,24.0,Mecanique,2,80.1,20.0,90.7,81.6,61.3,1.0,2.2,9.9,Yes,Yes,Middle,1.0,Yes,Salle 26,231.0
Male,20.0,Electrique,4,94.2,6.0,51.0,82.7,71.9,2.0,1.9,14.5,No,No,Low,1.0,Yes,Salle 22,157.0
Male,20.0,Mecanique,4,77.1,23.0,49.0,61.6,88.6,2.0,2.3,15.6,No,No,Middle,1.0,Yes,Salle 16,178.0
Male,22.0,Telecom,2,96.8,3.0,60.0,58.1,24.1,0.0,0.0,0.4,No,No,Low,0.0,No,Salle 3,161.0
Female,24.0,GenieCivil,4,75.5,24.0,82.2,80.2,79.7,4.0,11.8,42.4,Yes,No,Middle,5.0,Yes,Salle 24,173.0
Male,21.0,Informatique,5,81.9,18.0,63.3,90.2,76.3,1.0,1.3,5.7,No,Yes,Low,0.0,Yes,Salle 24,109.0
Female,25.0,Electrique,1,78.9,21.0,92.8,40.1,46.7,0.0,10.2,35.1,Yes,No,Middle,2.0,Yes,Salle 14,143.0
Male,19.0,Mecanique,3,76.3,24.0,65.3,80.9,37.1,0.0,0.0,6.5,Yes,No,Middle,3.0,Yes,Salle 28,212.0
Female,19.0,Chimie,1,100.0,0.0,76.5,66.9,60.9,0.0,2.2,14.4,Yes,No,Middle,2.0,Yes,Salle 26,96.0
Male,21.0,GenieCivil,4,86.8,13.0,66.3,61.8,95.8,1.0,1.9,5.6,Yes,No,Middle,1.0,Yes,Salle 23,173.0
Female,19.0,Informatique,3,82.5,18.0,41.4,11.8,77.9,0.0,4.9,23.6,Yes,No,Middle,1.0,Yes,Salle 23,263.0
Male,20.0,Mecanique,5,86.7,13.0,78.1,72.6,55.5,2.0,3.8,21.1,Yes,No,Low,0.0,Yes,Salle 25,67.0
Male,20.0,Telecom,3,100.0,0.0,75.3,85.8,44.4,1.0,0.0,0.0,Yes,No,High,0.0,Yes,Salle 24,154.0
Male,24.0,GenieCivil,3,78.2,22.0,62.6,57.1,79.6,2.0,4.4,21.0,Yes,No,Middle,1.0,Yes,Salle 6,185.0
Male,23.0,GenieCivil,4,72.8,27.0,60.1,57.8,97.8,1.0,0.8,13.5,Yes,No,Middle,1.0,Yes,Salle 14,173.0
Female,22.0,Chimie,4,82.2,48.0,57.4,59.0,47.7,2.0,1.7,7.3,Yes,No,High,0.0,Yes,Salle 23,93.0
Male,28.0,Chimie,4,78.7,21.0,27.2,86.8,47.4,1.0,0.8,11.5,Yes,No,Middle,0.0,Yes,Salle 16,93.0
Female,22.0,Chimie,5,70.7,29.0,45.6,64.4,69.6,1.0,0.7,13.1,No,Yes,Middle,1.0,Yes,Salle 2,48.0
Female,20.0,Mecanique,4,100.0,0.0,73.3,29.8,90.1,0.0,1.3,11.5,Yes,No,Low,1.0,No,Salle 27,178.0
Male,23.0,GenieCivil,5,75.6,24.0,58.3,66.0,54.4,0.0,4.3,23.9,Yes,Yes,Middle,2.0,Yes,Salle 26,70.0
Female,18.0,GenieCivil,2,74.7,25.0,59.6,27.2,63.5,4.0,0.1,5.3,Yes,No,Middle,0.0,No,Salle 15,177.0
Male,24.0,Telecom,4,74.7,25.0,74.5,66.8,81.5,0.0,1.4,11.5,Yes,No,Middle,1.0,No,Salle 18,121.0
Male,18.0,Informatique,4,86.2,14.0,31.0,64.9,56.8,0.0,2.5,16.4,Yes,No,Middle,1.0,No,Salle 3,230.0
Male,17.0,Chimie,3,70.3,30.0,62.2,49.1,96.5,2.0,0.5,2.3,Yes,No,Middle,1.0,Yes,Salle 24,130.0
Other,23.0,GenieCivil,4,70.1,30.0,75.2,75.6,50.6,1.0,0.0,4.2,Yes,No,Low,1.0,No,Salle 30,173.0
Female,20.0,Telecom,3,82.2,16.0,57.8,82.6,56.6,0.0,4.6,24.1,Yes,No,Middle,1.0,Yes,Salle 21,154.0
Male,19.0,Telecom,4,92.0,8.0,44.5,55.6,34.2,1.0,5.3,11.5,Yes,No,Middle,1.0,No,Salle 28,121.0
Female,22.0,Electrique,1,95.2,5.0,63.3,48.2,63.5,2.0,5.2,31.0,Yes,No,Middle,0.0,Yes,Salle 2,143.0
Male,22.0,GenieCivil,2,77.5,22.0,78.0,42.1,72.0,1.0,4.3,15.9,Yes,No,Middle,1.0,Yes,Salle 24,177.0
Male,22.0,Chimie,1,78.9,21.0,55.8,69.4,89.0,0.0,0.4,4.1,No,No,Middle,2.0,Yes,Salle 7,96.0
Female,19.0,Mecanique,4,68.1,32.0,69.2,63.3,71.8,0.0,2.8,18.3,No,No,Middle,3.0,Yes,Salle 17,178.0
Male,22.0,Mecanique,1,83.9,16.0,67.0,33.0,56.2,1.0,0.5,7.4,Yes,No,Middle,0.0,Yes,Salle 20,186.0
Male,20.0,Chimie,4,64.2,36.0,52.7,90.6,90.2,4.0,0.6,12.4,Yes,No,Middle,1.0,Yes,Salle 18,93.0
Female,23.0,Telecom,2,100.0,0.0,64.3,72.4,75.2,0.0,1.9,9.5,Yes,No,High,4.0,Yes,Salle 17,161.0
Female,18.0,Informatique,2,82.2,25.0,47.4,61.6,57.2,3.0,1.4,16.2,Yes,No,Middle,0.0,Yes,Salle 2,298.0
Male,22.0,Energetique,4,92.4,8.0,79.0,53.4,44.8,1.0,0.8,1.2,No,No,Middle,0.0,No,Salle 15,70.0
Female,18.0,GenieCivil,3,97.8,2.0,48.3,30.8,61.4,1.0,3.8,17.6,Yes,No,Low,0.0,No,Salle 2,185.0
Male,20.0,GenieCivil,3,77.7,22.0,69.8,62.6,95.8,2.0,0.3,3.3,Yes,No,Middle,0.0,Yes,Salle 11,185.0
Male,24.0,Chimie,1,84.9,15.0,66.1,78.5,62.0,1.0,1.3,6.1,Yes,No,Middle,2.0,Yes,Salle 1,96.0
Female,24.0,Mecanique,2,66.2,34.0,85.5,61.6,56.6,0.0,0.8,6.0,Yes,No,Middle,0.0,Yes,Salle 20,231.0
Male,23.0,Telecom,3,100.0,0.0,74.5,61.3,37.3,2.0,4.9,25.8,Yes,No,Middle,1.0,Yes,Salle 8,154.0
Male,23.0,Mecanique,1,49.7,18.0,65.1,40.5,66.1,2.0,5.0,11.5,Yes,No,Middle,1.0,Yes,Salle 19,177.0
Male,21.0,GenieCivil,4,90.0,10.0,70.2,70.4,100.0,0.0,1.3,11.2,Yes,No,Middle,1.0,Yes,Salle 13,173.0
Female,22.0,Electrique,2,97.1,3.0,65.1,73.4,67.1,1.0,1.4,14.7,Yes,No,Middle,1.0,Yes,Salle 16,185.0
Male,22.0,Informatique,5,82.2,16.0,79.6,39.2,42.7,3.0,0.6,7.8,Yes,No,Middle,1.0,Yes,Salle 6,109.0
Female,18.0,Mecanique,4,92.9,7.0,72.8,76.5,47.7,1.0,3.1,13.1,Yes,No,Low,1.0,Yes,Salle 29,178.0
Male,22.0,Telecom,1,58.4,42.0,83.6,59.5,82.4,4.0,1.7,9.4,No,No,Middle,2.0,Yes,Salle 10,121.0
Male,21.0,Informatique,3,78.1,22.0,59.6,86.5,51.1,3.0,0.6,7.5,Yes,No,Low,0.0,Yes,Salle 11,263.0
Female,17.0,Mecanique,1,82.2,29.0,89.3,79.3,85.5,1.0,2.0,9.4,No,No,Middle,3.0,Yes,Salle 4,186.0
Female,23.0,Informatique,4,73.1,27.0,66.4,34.2,100.0,1.0,0.3,5.1,No,Yes,Low,2.0,No,Salle 4,230.0
Male,25.0,Telecom,2,95.2,5.0,31.7,50.7,60.1,1.0,1.2,11.1,No,Yes,Middle,1.0,No,Salle 16,161.0
Male,24.0,Energetique,3,97.9,2.0,40.9,90.0,80.0,1.0,0.8,11.8,No,No,High,2.0,Yes,Salle 18,104.0
Female,23.0,Mecanique,1,66.5,34.0,73.8,55.5,42.4,2.0,2.0,12.6,Yes,No,Middle,0.0,No,Salle 10,186.0
Female,19.0,Informatique,1,55.5,44.0,89.7,98.9,38.8,1.0,0.8,3.9,No,No,Low,3.0,Yes,Salle 20,248.0
Female,22.0,Informatique,2,82.2,28.0,73.3,70.9,49.8,1.0,1.1,11.6,No,No,High,1.0,No,Salle 6,298.0
Female,20.0,Mecanique,1,84.7,15.0,66.2,49.9,58.7,0.0,0.5,0.6,Yes,Yes,Low,1.0,Yes,Salle 5,186.0
Male,21.0,Informatique,3,82.4,18.0,66.5,47.9,60.7,3.0,0.4,5.9,Yes,No,Middle,0.0,No,Salle 11,263.0
Female,21.0,Mecanique,1,58.9,41.0,63.2,49.8,63.3,1.0,1.0,13.2,Yes,No,Low,1.0,No,Salle 30,186.0
Female,22.0,Mecanique,3,88.2,12.0,61.4,55.1,93.9,1.0,0.5,7.2,Yes,No,Middle,1.0,Yes,Salle 10,212.0
Male,19.0,Electrique,3,91.5,8.0,47.1,61.6,100.0,2.0,0.3,2.5,Yes,Yes,Low,1.0,Yes,Salle 20,188.0
Male,21.0,Electrique,2,84.3,16.0,63.9,64.1,73.6,2.0,0.3,3.3,No,Yes,Low,1.0,Yes,Salle 20,185.0
Female,24.0,Chimie,1,96.9,3.0,39.1,88.8,57.2,1.0,0.5,5.3,No,No,Middle,1.0,Yes,Salle 21,96.0
Male,24.0,Electrique,1,97.9,2.0,94.1,54.5,60.3,3.0,3.2,20.8,Yes,No,Middle,3.0,Yes,Salle 6,143.0
Other,21.0,Electrique,1,86.1,14.0,79.3,35.1,67.1,1.0,1.0,8.2,No,No,Middle,1.0,Yes,Salle 7,143.0
Male,23.0,Informatique,2,97.7,2.0,51.7,49.8,83.3,1.0,0.7,3.8,No,Yes,Middle,1.0,Yes,Salle 28,298.0
Male,20.0,GenieCivil,4,83.0,17.0,79.7,67.3,54.1,2.0,0.5,0.0,No,No,Middle,1.0,Yes,Salle 3,173.0
Male,21.0,Mecanique,3,69.0,31.0,62.7,37.7,78.1,2.0,2.4,16.1,Yes,No,Low,1.0,Yes,Salle 2,212.0
Female,21.0,Mecanique,3,93.9,6.0,79.6,74.0,34.0,3.0,2.5,13.6,Yes,No,Middle,1.0,Yes,Salle 19,212.0
Female,23.0,Mecanique,4,100.0,0.0,44.5,85.4,78.4,1.0,2.4,8.9,No,No,Middle,0.0,Yes,Salle 27,178.0
Male,22.0,Chimie,1,86.2,14.0,26.4,51.0,48.2,0.0,1.4,41.4,Yes,No,Low,1.0,Yes,Salle 16,96.0
Male,23.0,Informatique,1,82.5,18.0,61.0,41.6,54.1,2.0,3.0,8.0,Yes,No,Low,0.0,No,Salle 29,248.0
Male,23.0,Informatique,3,72.3,28.0,70.1,73.8,35.8,3.0,1.5,11.5,Yes,No,Middle,1.0,Yes,Salle 3,263.0
Male,23.0,Electrique,2,95.5,4.0,59.0,72.6,77.5,2.0,0.2,0.0,No,No,Low,2.0,No,Salle 13,185.0
Female,20.0,Electrique,2,75.8,24.0,54.5,35.6,75.7,0.0,1.3,14.5,Yes,No,Low,2.0,Yes,Salle 7,185.0
Female,23.0,Telecom,2,85.0,15.0,56.0,78.9,49.4,3.0,5.2,22.5,No,No,Low,0.0,No,Salle 29,161.0
Male,22.0,Telecom,2,75.0,25.0,67.4,74.0,43.5,3.0,1.4,20.7,Yes,No,Middle,0.0,No,Salle 5,161.0
Female,20.0,Energetique,4,78.1,22.0,48.5,65.9,61.3,5.0,1.4,34.3,Yes,No,Middle,4.0,Yes,Salle 12,70.0
Male,18.0,Informatique,1,87.8,12.0,48.9,75.5,91.2,2.0,0.1,6.4,Yes,No,Middle,0.0,Yes,Salle 16,248.0
Male,20.0,Chimie,2,94.0,6.0,76.5,70.6,44.8,3.0,0.8,8.8,Yes,No,Middle,2.0,No,Salle 22,119.0
Male,17.0,Informatique,1,87.2,13.0,64.5,74.4,80.1,2.0,1.9,16.9,Yes,No,Low,1.0,Yes,Salle 21,248.0
Male,24.0,Mecanique,4,58.1,42.0,51.7,66.7,79.0,1.0,0.1,6.0,Yes,No,Middle,0.0,No,Salle 21,178.0
Male,24.0,Electrique,3,97.0,3.0,66.8,34.6,91.6,1.0,1.4,14.5,Yes,No,Middle,0.0,Yes,Salle 27,188.0
Male,21.0,Electrique,2,84.9,15.0,58.9,24.9,99.8,0.0,0.8,5.5,Yes,No,High,1.0,Yes,Salle 23,185.0
Female,19.0,Telecom,3,99.1,1.0,62.0,67.4,63.5,1.0,0.2,6.9,No,No,Low,1.0,Yes,Salle 2,154.0
Male,25.0,GenieCivil,1,76.5,24.0,68.4,73.6,72.5,1.0,5.2,20.8,Yes,No,Low,3.0,No,Salle 6,149.0
Female,22.0,GenieCivil,4,78.1,22.0,65.1,55.0,55.9,1.0,0.6,13.3,No,No,Low,3.0,Yes,Salle 12,173.0
Male,21.0,Informatique,2,96.8,3.0,59.4,72.9,59.3,0.0,1.8,10.0,No,No,Middle,1.0,No,Salle 28,298.0
Female,22.0,Informatique,5,84.5,16.0,66.6,61.6,87.5,2.0,1.4,0.0,Yes,No,Low,1.0,Yes,Salle 8,109.0
Female,23.0,Chimie,5,82.2,18.0,63.3,44.7,83.5,3.0,0.6,7.0,No,No,Low,2.0,Yes,Salle 7,48.0
Male,21.0,Chimie,3,81.0,19.0,29.5,48.8,35.0,0.0,2.8,11.7,Yes,No,Middle,1.0,Yes,Salle 17,130.0
Female,25.0,Mecanique,1,100.0,0.0,68.3,67.2,67.0,4.0,1.6,13.8,No,No,Middle,2.0,Yes,Salle 17,186.0
Female,26.0,Informatique,1,91.0,9.0,67.3,100.0,16.8,1.0,0.4,6.4,Yes,No,Low,3.0,Yes,Salle 23,248.0
Male,22.0,Informatique,3,74.2,26.0,63.3,70.9,57.9,1.0,0.7,11.3,No,No,Middle,0.0,Yes,Salle 25,263.0
Male,24.0,Mecanique,3,80.6,19.0,46.9,61.6,100.0,0.0,1.5,10.5,No,No,High,1.0,No,Salle 30,212.0
Female,20.0,Informatique,4,91.7,8.0,49.4,56.5,30.1,1.0,0.7,5.1,Yes,No,Middle,1.0,No,Salle 26,230.0
Male,21.0,Chimie,5,80.6,19.0,64.8,91.1,55.3,1.0,1.4,11.5,Yes,No,Low,2.0,Yes,Salle 26,48.0
Male,22.0,Informatique,1,94.0,6.0,72.4,61.4,51.3,2.0,3.2,16.9,Yes,No,High,1.0,No,Salle 7,248.0
Male,24.0,Electrique,4,53.8,46.0,88.3,69.2,49.2,1.0,1.1,6.2,Yes,No,Middle,1.0,Yes,Salle 29,157.0
Female,22.0,GenieCivil,4,78.0,22.0,56.3,93.5,46.2,2.0,3.4,15.8,Yes,No,Middle,1.0,Yes,Salle 4,173.0
Male,22.0,Informatique,3,88.3,12.0,51.9,73.1,15.4,1.0,0.9,11.0,Yes,No,Low,2.0,No,Salle 20,263.0
Male,23.0,Mecanique,3,82.9,17.0,63.8,91.5,91.0,0.0,1.0,15.1,No,No,Low,2.0,No,Salle 7,212.0
Male,22.0,Electrique,2,90.4,10.0,40.3,63.1,52.8,1.0,1.4,11.5,No,No,Middle,1.0,No,Salle 6,185.0
Female,20.0,Energetique,5,84.7,15.0,96.8,60.6,92.7,0.0,2.2,14.0,Yes,Yes,High,0.0,No,Salle 9,40.0
Female,23.0,Electrique,1,94.0,6.0,57.4,55.1,100.0,1.0,1.0,4.1,Yes,No,Low,1.0,Yes,Salle 4,143.0
Female,23.0,Electrique,4,96.4,4.0,64.3,47.8,86.7,2.0,0.6,1.1,No,No,Middle,1.0,No,Salle 17,157.0
Male,23.0,Mecanique,1,66.6,33.0,66.2,43.9,50.1,0.0,2.9,20.6,Yes,No,Middle,1.0,No,Salle 16,186.0
Female,20.0,Electrique,2,72.8,27.0,72.8,92.8,74.4,1.0,0.9,3.0,No,Yes,Low,1.0,Yes,Salle 28,185.0
Male,21.0,Informatique,2,78.7,21.0,74.8,100.0,58.4,1.0,2.3,14.4,Yes,Yes,High,1.0,Yes,Salle 14,298.0
Male,23.0,Mecanique,4,89.9,10.0,69.6,19.8,33.7,1.0,0.6,13.6,No,No,Low,1.0,Yes,Salle 3,178.0
Male,22.0,Informatique,2,65.9,34.0,42.4,48.6,60.2,0.0,5.1,26.8,Yes,No,Low,0.0,Yes,Salle 25,298.0
Male,18.0,GenieCivil,3,83.8,16.0,54.5,79.6,48.4,2.0,0.4,7.8,Yes,No,Middle,1.0,Yes,Salle 24,185.0
Female,22.0,GenieCivil,1,72.1,28.0,64.7,85.2,24.2,2.0,0.8,4.5,No,Yes,Middle,0.0,Yes,Salle 25,149.0
Female,23.0,Informatique,3,76.8,23.0,71.0,61.6,68.5,2.0,1.0,4.4,No,No,Middle,4.0,No,Salle 29,263.0
Female,22.0,Informatique,1,83.7,16.0,53.1,90.8,62.6,0.0,1.3,10.2,No,Yes,High,1.0,Yes,Salle 13,248.0
Male,22.0,Mecanique,3,100.0,0.0,73.2,46.5,53.0,4.0,3.5,22.7,Yes,No,Middle,0.0,Yes,Salle 16,212.0
Female,19.0,Chimie,4,75.2,25.0,74.1,82.3,44.3,0.0,0.1,10.8,Yes,Yes,Middle,1.0,Yes,Salle 11,93.0
Female,21.0,Energetique,1,69.3,31.0,73.2,53.6,96.4,0.0,0.7,9.8,No,No,Middle,1.0,Yes,Salle 5,83.0
Male,21.0,Informatique,2,100.0,0.0,76.5,63.7,28.3,2.0,1.6,8.8,Yes,No,Low,0.0,Yes,Salle 26,298.0
Male,25.0,GenieCivil,2,82.2,12.0,83.6,58.3,60.7,1.0,1.3,6.2,Yes,No,High,1.0,Yes,Salle 26,177.0
Male,20.0,Mecanique,2,75.2,25.0,47.8,95.4,48.2,0.0,0.5,9.9,Yes,No,Middle,0.0,Yes,Salle 4,231.0
Male,24.0,GenieCivil,1,70.3,30.0,62.0,100.0,65.3,2.0,1.9,17.6,No,No,Middle,1.0,Yes,Salle 16,149.0
Male,21.0,Electrique,5,75.2,25.0,78.8,61.6,61.6,0.0,0.7,8.3,Yes,Yes,Middle,3.0,No,Salle 9,80.0
Male,23.0,GenieCivil,2,69.6,30.0,100.0,73.2,38.2,1.0,0.8,9.0,Yes,No,Middle,1.0,No,Salle 14,177.0
Female,23.0,Telecom,3,85.6,14.0,59.7,59.7,57.4,2.0,4.3,17.5,Yes,No,Low,0.0,Yes,Salle 28,154.0
Male,21.0,Mecanique,3,80.4,20.0,74.1,76.0,68.4,1.0,0.0,10.1,No,No,High,0.0,Yes,Salle 28,212.0
Male,23.0,Electrique,1,71.6,28.0,74.1,81.8,62.8,2.0,2.7,7.7,No,No,Low,1.0,Yes,Salle 24,143.0
Female,21.0,Mecanique,1,57.8,42.0,65.8,69.0,56.9,1.0,1.2,17.6,No,No,Middle,1.0,Yes,Salle 13,186.0
Female,24.0,Electrique,3,86.7,13.0,85.6,72.5,79.0,0.0,3.0,12.3,Yes,Yes,Middle,0.0,Yes,Salle 23,188.0
Female,23.0,GenieCivil,4,93.0,7.0,82.4,40.9,26.4,0.0,1.4,4.8,Yes,No,Low,2.0,Yes,Salle 10,173.0
Female,26.0,Mecanique,4,82.0,18.0,61.1,78.7,73.0,1.0,2.3,12.8,Yes,Yes,Middle,0.0,Yes,Salle 30,178.0
Female,22.0,Chimie,1,71.5,28.0,56.2,73.8,61.4,2.0,1.4,1.4,Yes,No,Middle,3.0,Yes,Salle 4,96.0
Male,25.0,Mecanique,3,100.0,0.0,40.6,59.3,51.6,4.0,0.2,7.9,No,No,Middle,1.0,Yes,Salle 22,212.0
Male,18.0,Informatique,1,88.1,12.0,100.0,72.4,89.2,1.0,6.2,35.0,No,No,Low,2.0,Yes,Salle 30,248.0
Female,26.0,GenieCivil,2,90.4,10.0,65.5,85.9,75.3,2.0,4.6,31.2,No,No,Middle,3.0,Yes,Salle 19,177.0
Male,21.0,Informatique,4,100.0,0.0,72.9,63.4,63.8,1.0,0.9,4.7,Yes,No,Middle,3.0,Yes,Salle 3,230.0
Male,21.0,Chimie,1,92.7,7.0,39.2,44.5,73.8,2.0,0.8,6.1,Yes,No,Middle,0.0,No,Salle 8,96.0
Male,21.0,Informatique,3,92.0,8.0,65.1,61.6,63.8,1.0,0.1,13.5,Yes,No,Low,0.0,Yes,Salle 28,263.0
Female,22.0,Telecom,1,85.2,15.0,64.8,54.2,60.5,0.0,1.2,12.0,Yes,Yes,High,3.0,Yes,Salle 9,121.0
Male,20.0,Chimie,3,81.1,19.0,50.6,58.2,78.8,1.0,0.3,4.4,Yes,No,Middle,1.0,Yes,Salle 23,130.0
Female,24.0,Chimie,2,96.5,4.0,60.3,69.9,61.4,1.0,4.3,17.4,No,No,Middle,2.0,Yes,Salle 28,119.0
Male,27.0,GenieCivil,1,80.8,19.0,94.2,47.3,84.1,0.0,1.5,18.2,No,No,Low,1.0,No,Salle 6,149.0
Male,25.0,Informatique,4,99.2,1.0,85.1,60.5,67.9,1.0,1.8,17.9,No,No,Middle,2.0,No,Salle 26,230.0
Male,23.0,Chimie,4,69.9,30.0,69.9,56.5,83.5,2.0,4.1,19.4,Yes,No,Middle,2.0,Yes,Salle 21,93.0
Female,21.0,Informatique,3,76.2,24.0,67.4,68.1,68.0,0.0,1.3,8.8,Yes,No,Middle,2.0,Yes,Salle 21,263.0
Female,24.0,Informatique,5,59.1,41.0,69.3,71.2,64.7,1.0,3.8,14.8,Yes,No,Low,1.0,Yes,Salle 13,109.0
Other,26.0,Chimie,3,81.4,19.0,59.7,55.6,35.9,1.0,1.5,10.4,Yes,No,Middle,1.0,Yes,Salle 3,130.0
Male,24.0,GenieCivil,1,73.7,26.0,65.1,42.7,67.0,1.0,2.1,11.5,No,No,Middle,5.0,Yes,Salle 29,149.0
Male,23.0,Informatique,2,73.8,26.0,79.6,58.3,52.6,3.0,1.8,15.5,Yes,No,Middle,1.0,Yes,Salle 17,298.0
Female,20.0,Informatique,2,74.6,25.0,88.3,57.9,59.2,1.0,0.4,7.3,No,No,Middle,1.0,No,Salle 28,298.0
Male,20.0,Electrique,5,89.3,11.0,67.1,62.4,50.7,1.0,1.6,8.4,No,No,Middle,1.0,No,Salle 1,80.0
Male,21.0,GenieCivil,1,77.6,22.0,55.7,70.5,65.2,1.0,1.7,15.2,Yes,Yes,High,1.0,No,Salle 23,149.0
Male,19.0,Telecom,4,97.1,3.0,95.2,20.6,76.3,1.0,3.3,12.7,Yes,Yes,Middle,1.0,No,Salle 15,121.0
Male,20.0,Informatique,4,82.6,17.0,30.5,75.1,76.4,1.0,1.9,14.4,Yes,No,Middle,2.0,No,Salle 7,230.0
Female,20.0,Informatique,3,73.5,26.0,79.2,66.9,73.6,0.0,1.6,9.5,Yes,Yes,Middle,1.0,Yes,Salle 7,263.0
Male,25.0,Informatique,1,88.2,12.0,72.6,60.9,71.9,0.0,2.5,11.5,Yes,No,Middle,0.0,Yes,Salle 5,248.0
Female,24.0,Electrique,1,92.6,7.0,74.3,65.7,83.2,1.0,0.1,3.3,Yes,No,Low,1.0,No,Salle 11,143.0
Female,22.0,Chimie,3,80.7,19.0,62.0,65.8,92.6,0.0,0.8,10.2,Yes,No,Middle,1.0,Yes,Salle 13,130.0
Male,19.0,Mecanique,1,87.4,13.0,84.3,31.0,63.8,1.0,4.1,13.6,No,No,Low,1.0,No,Salle 11,186.0
Male,19.0,Energetique,3,90.6,9.0,85.9,59.0,73.1,3.0,0.9,3.9,No,No,Middle,3.0,No,Salle 4,104.0
Male,23.0,Energetique,2,82.2,8.0,57.1,52.3,71.1,0.0,2.3,19.3,No,Yes,Low,3.0,No,Salle 29,71.0
Male,22.0,Electrique,3,78.8,21.0,56.9,63.3,71.5,1.0,1.9,15.8,No,No,Middle,1.0,Yes,Salle 18,188.0
Female,19.0,Electrique,3,70.4,30.0,75.3,76.0,86.3,1.0,4.5,24.3,No,No,High,0.0,Yes,Salle 15,188.0
Male,22.0,Mecanique,2,85.6,14.0,83.3,74.7,54.0,2.0,6.9,33.2,Yes,No,Middle,2.0,Yes,Salle 21,231.0
Male,22.0,Telecom,4,87.8,12.0,80.9,56.5,63.5,0.0,6.1,25.8,No,Yes,Middle,0.0,No,Salle 7,121.0
Male,23.0,Energetique,3,85.1,15.0,65.1,37.4,79.5,1.0,0.5,8.4,Yes,No,Low,1.0,Yes,Salle 9,104.0
Female,20.0,Informatique,5,72.9,27.0,67.9,90.5,94.4,0.0,4.5,20.7,Yes,No,Middle,1.0,No,Salle 29,109.0
Male,25.0,Informatique,2,100.0,0.0,55.1,62.9,72.5,0.0,2.1,10.2,No,No,Low,0.0,Yes,Salle 21,298.0
Female,25.0,GenieCivil,4,100.0,0.0,76.9,72.9,46.1,1.0,0.3,11.5,No,No,Middle,0.0,Yes,Salle 21,173.0
Male,24.0,Electrique,4,70.7,29.0,65.4,44.2,82.9,2.0,0.4,17.9,Yes,Yes,Middle,4.0,Yes,Salle 21,157.0
Male,21.0,GenieCivil,2,78.8,21.0,59.8,48.6,59.4,0.0,1.3,5.9,No,No,Middle,1.0,No,Salle 29,177.0
Male,22.0,Telecom,1,79.6,20.0,68.2,73.1,72.3,1.0,0.7,16.4,Yes,No,Middle,0.0,Yes,Salle 5,121.0
Male,23.0,GenieCivil,1,93.4,7.0,51.8,90.8,76.0,3.0,1.4,5.4,Yes,No,Low,1.0,No,Salle 23,149.0
Male,23.0,Telecom,3,85.6,14.0,63.9,71.1,58.9,1.0,3.2,19.5,No,No,Middle,0.0,Yes,Salle 6,154.0
Male,21.0,Informatique,4,87.9,12.0,62.7,46.8,72.8,2.0,2.6,11.5,No,No,High,2.0,No,Salle 17,230.0
Female,25.0,Informatique,4,88.7,11.0,56.1,61.6,39.7,1.0,2.9,19.8,Yes,No,Low,1.0,No,Salle 4,230.0
Female,21.0,Informatique,3,89.9,10.0,64.9,64.2,70.7,4.0,1.1,4.3,No,No,Low,1.0,Yes,Salle 28,263.0
Male,21.0,Mecanique,4,84.4,16.0,65.1,83.6,60.8,0.0,0.5,0.0,No,No,Middle,2.0,Yes,Salle 1,178.0
Female,22.0,Informatique,2,89.9,10.0,65.1,86.1,82.4,1.0,0.7,14.2,Yes,Yes,Middle,3.0,Yes,Salle 2,298.0
Female,22.0,Informatique,3,70.8,29.0,77.2,57.9,93.7,1.0,1.4,18.9,No,No,Middle,0.0,Yes,Salle 21,263.0
Female,24.0,Informatique,4,69.0,31.0,77.6,61.6,52.7,1.0,3.0,21.5,Yes,No,Middle,1.0,No,Salle 12,230.0
Male,20.0,Electrique,4,77.0,23.0,47.7,72.1,95.4,0.0,1.3,12.5,Yes,No,Middle,1.0,Yes,Salle 27,157.0
Male,21.0,Telecom,2,94.2,6.0,44.5,78.6,55.8,1.0,1.4,4.8,Yes,No,High,2.0,Yes,Salle 8,161.0
Male,22.0,Informatique,2,75.9,24.0,58.8,78.4,82.4,2.0,0.1,5.9,Yes,No,Middle,0.0,Yes,Salle 26,298.0
Female,23.0,Electrique,2,75.5,24.0,73.5,88.1,50.8,2.0,1.8,14.8,Yes,No,High,0.0,Yes,Salle 25,185.0
Female,22.0,Chimie,4,76.5,24.0,74.0,46.0,47.3,2.0,0.4,4.9,Yes,Yes,Middle,0.0,Yes,Salle 30,93.0
Male,20.0,GenieCivil,1,100.0,0.0,96.2,69.1,63.5,1.0,3.4,16.5,Yes,Yes,Middle,2.0,Yes,Salle 13,149.0
Female,24.0,Electrique,2,93.3,7.0,71.5,71.4,81.9,1.0,0.8,18.0,Yes,No,Middle,1.0,Yes,Salle 26,185.0
Male,24.0,Chimie,2,87.7,12.0,84.0,78.5,66.1,2.0,3.1,26.1,No,No,High,0.0,Yes,Salle 12,119.0
Female,24.0,Energetique,2,89.2,11.0,37.6,43.7,62.0,0.0,1.4,9.6,Yes,No,Middle,1.0,Yes,Salle 26,71.0
Male,19.0,Mecanique,4,85.5,14.0,73.3,60.6,65.0,3.0,3.5,18.2,Yes,No,Middle,3.0,Yes,Salle 5,178.0
Male,19.0,Informatique,2,66.2,34.0,49.2,64.0,77.3,0.0,0.5,6.1,Yes,No,Middle,1.0,Yes,Salle 13,298.0
Female,25.0,GenieCivil,3,73.8,26.0,67.6,61.6,82.2,2.0,1.9,12.3,No,Yes,Low,3.0,Yes,Salle 4,185.0
Male,24.0,GenieCivil,4,57.1,43.0,69.6,48.2,77.0,0.0,1.3,6.9,Yes,No,High,1.0,Yes,Salle 17,173.0
Female,20.0,Informatique,4,97.9,2.0,54.7,55.1,35.6,0.0,0.8,10.0,Yes,No,Middle,3.0,Yes,Salle 23,230.0
Female,20.0,Telecom,2,70.0,30.0,69.5,61.6,67.4,1.0,5.2,28.4,No,No,Middle,0.0,Yes,Salle 22,161.0
Male,18.0,GenieCivil,5,98.5,2.0,51.1,46.1,81.5,3.0,0.9,12.5,Yes,No,Low,1.0,No,Salle 8,70.0
Male,24.0,Informatique,1,56.5,44.0,56.8,67.0,52.2,0.0,0.5,0.0,Yes,No,Middle,0.0,No,Salle 10,248.0
Male,21.0,Chimie,2,95.3,5.0,52.6,95.2,63.5,1.0,0.6,7.7,Yes,No,High,0.0,No,Salle 9,119.0
Male,21.0,GenieCivil,3,85.6,14.0,49.3,76.9,54.1,4.0,0.4,8.7,Yes,Yes,Middle,1.0,Yes,Salle 2,185.0
Female,23.0,Mecanique,1,92.5,8.0,74.5,62.8,89.9,1.0,0.2,0.0,No,No,Middle,1.0,No,Salle 26,186.0
Female,20.0,Mecanique,3,79.6,20.0,63.2,48.3,38.9,0.0,1.5,16.3,No,Yes,Middle,1.0,No,Salle 4,212.0
Male,21.0,Energetique,3,87.7,12.0,61.3,64.7,33.6,1.0,2.0,14.2,Yes,No,Low,1.0,Yes,Salle 8,104.0
Male,23.0,Energetique,4,60.2,40.0,92.7,55.2,47.0,1.0,1.5,11.5,Yes,Yes,Middle,0.0,Yes,Salle 29,70.0
Female,26.0,Chimie,3,96.3,4.0,83.3,53.2,95.4,1.0,1.7,9.7,Yes,No,Middle,2.0,Yes,Salle 9,130.0
Male,23.0,Informatique,5,75.5,24.0,67.3,58.1,89.9,3.0,6.7,32.0,No,No,Middle,1.0,Yes,Salle 27,109.0
Male,26.0,Telecom,2,71.8,28.0,49.9,48.5,80.4,2.0,2.0,16.2,No,No,Middle,1.0,Yes,Salle 6,161.0
Female,25.0,Telecom,1,81.3,19.0,53.3,47.2,66.8,0.0,0.0,3.6,No,No,Middle,1.0,Yes,Salle 25,121.0
Male,20.0,Informatique,4,89.9,10.0,92.1,21.8,63.6,1.0,0.4,4.8,No,No,Low,2.0,Yes,Salle 26,230.0
Female,22.0,Mecanique,1,81.6,18.0,70.2,79.7,84.2,2.0,5.1,23.4,No,No,Low,0.0,No,Salle 5,186.0
Female,23.0,Mecanique,2,73.3,27.0,67.7,73.7,75.9,0.0,6.3,11.5,No,No,Middle,2.0,Yes,Salle 7,231.0
Male,21.0,Chimie,5,85.7,14.0,76.7,73.0,78.0,0.0,0.2,8.2,Yes,No,High,1.0,No,Salle 2,48.0
Male,22.0,Energetique,3,68.4,32.0,62.3,45.3,55.6,2.0,0.5,0.9,Yes,No,High,1.0,Yes,Salle 22,104.0
Male,19.0,GenieCivil,2,94.7,5.0,65.1,70.7,65.0,2.0,3.6,14.2,Yes,No,Low,1.0,Yes,Salle 23,177.0
Female,19.0,Mecanique,3,91.9,8.0,73.0,44.4,63.5,2.0,0.9,6.0,Yes,No,Middle,2.0,Yes,Salle 24,212.0
Male,23.0,Informatique,3,97.5,2.0,59.5,61.6,63.5,3.0,0.1,11.4,Yes,No,Low,3.0,Yes,Salle 22,263.0
Female,21.0,Energetique,3,99.9,0.0,81.7,40.0,87.6,2.0,3.0,14.6,Yes,No,Middle,2.0,Yes,Salle 20,104.0
Female,19.0,Chimie,2,57.8,42.0,49.9,55.7,34.6,2.0,0.9,7.7,Yes,Yes,Middle,0.0,Yes,Salle 23,119.0
Male,24.0,Chimie,5,96.0,4.0,74.4,72.1,50.2,1.0,4.8,11.5,No,No,Low,0.0,Yes,Salle 9,48.0
Male,18.0,Informatique,4,93.2,7.0,56.2,78.0,72.9,0.0,1.6,11.6,Yes,No,Middle,1.0,No,Salle 2,230.0
Female,20.0,Energetique,3,85.3,15.0,65.4,37.0,76.1,0.0,2.5,19.3,Yes,No,Middle,0.0,Yes,Salle 16,104.0
Male,22.0,Chimie,3,90.8,9.0,61.2,82.4,56.9,0.0,1.4,18.7,No,No,Low,1.0,No,Salle 23,130.0
Male,19.0,Telecom,3,78.9,21.0,69.9,75.1,62.4,3.0,1.4,16.2,Yes,No,Middle,3.0,Yes,Salle 28,154.0
Female,21.0,Informatique,1,100.0,0.0,78.3,51.6,64.1,0.0,2.4,15.7,Yes,No,Middle,1.0,Yes,Salle 16,248.0
Male,21.0,GenieCivil,2,81.2,19.0,59.4,83.5,74.1,1.0,0.3,6.8,No,No,Low,2.0,Yes,Salle 11,177.0
Female,22.0,Informatique,3,94.1,6.0,67.7,78.7,55.0,2.0,3.3,11.9,Yes,No,Middle,0.0,No,Salle 18,263.0
Female,24.0,Informatique,1,78.7,21.0,52.7,66.2,31.5,2.0,0.2,6.9,Yes,No,Middle,2.0,Yes,Salle 25,248.0
Male,23.0,Telecom,3,92.6,7.0,45.4,54.5,44.9,1.0,1.3,4.1,Yes,No,Middle,1.0,Yes,Salle 20,154.0
Male,23.0,Mecanique,3,96.4,4.0,64.9,59.9,64.9,1.0,1.8,20.2,No,No,Low,3.0,Yes,Salle 30,212.0
Male,24.0,Mecanique,2,82.7,17.0,65.7,61.6,63.5,1.0,1.4,21.6,Yes,No,Low,0.0,Yes,Salle 4,231.0
Male,21.0,Informatique,2,71.6,28.0,43.9,67.9,76.2,2.0,1.4,21.5,No,No,Low,1.0,Yes,Salle 28,298.0
Male,21.0,Informatique,4,80.4,20.0,57.4,54.5,83.1,0.0,1.4,8.2,Yes,No,Middle,1.0,No,Salle 12,230.0
Male,21.0,Electrique,2,57.2,43.0,74.8,70.1,54.7,0.0,0.5,11.5,Yes,Yes,Middle,0.0,Yes,Salle 9,185.0
Male,25.0,Mecanique,4,69.0,31.0,82.6,83.7,77.8,1.0,3.3,13.6,Yes,No,Middle,1.0,Yes,Salle 23,178.0
Male,18.0,Telecom,3,68.9,31.0,69.8,68.6,65.5,2.0,2.3,15.5,No,No,Middle,0.0,Yes,Salle 13,154.0
Female,26.0,Energetique,2,86.3,14.0,79.8,55.5,61.6,1.0,0.3,7.6,Yes,No,Middle,0.0,Yes,Salle 14,71.0
Female,20.0,Mecanique,1,83.8,16.0,55.2,55.6,73.1,0.0,0.1,1.4,No,No,Middle,1.0,No,Salle 19,186.0
Female,20.0,Mecanique,1,79.0,21.0,80.3,53.1,57.8,1.0,0.4,4.1,Yes,No,Middle,4.0,Yes,Salle 28,186.0
Male,23.0,Electrique,5,67.8,32.0,49.2,53.1,41.5,2.0,0.9,6.0,Yes,No,Low,0.0,Yes,Salle 7,80.0
Other,18.0,Mecanique,2,94.4,6.0,52.0,82.9,45.4,1.0,2.4,11.4,Yes,No,Middle,1.0,Yes,Salle 16,231.0
Male,23.0,GenieCivil,3,83.0,17.0,54.5,61.6,64.3,0.0,1.0,12.1,No,No,Middle,1.0,Yes,Salle 1,185.0
Male,21.0,GenieCivil,4,79.1,21.0,45.4,96.3,75.1,0.0,1.4,15.4,No,No,Middle,0.0,Yes,Salle 20,173.0
Male,24.0,Informatique,4,81.2,19.0,88.4,62.6,55.6,1.0,3.4,22.0,Yes,No,Middle,1.0,Yes,Salle 20,230.0
Female,20.0,Electrique,5,90.8,9.0,56.9,37.4,54.0,1.0,0.0,8.3,Yes,No,Middle,0.0,Yes,Salle 26,80.0
Female,23.0,GenieCivil,3,94.0,6.0,63.7,100.0,61.2,1.0,1.5,6.6,Yes,No,Middle,1.0,Yes,Salle 23,185.0
Female,18.0,Telecom,3,95.2,5.0,73.7,43.9,63.5,1.0,0.1,5.2,Yes,No,Low,1.0,Yes,Salle 24,154.0
Male,21.0,Informatique,1,76.6,23.0,57.2,33.6,55.8,1.0,0.8,6.2,Yes,No,Middle,1.0,No,Salle 8,248.0
Female,24.0,Energetique,3,78.0,22.0,71.8,48.9,100.0,0.0,1.5,6.3,Yes,No,Middle,1.0,Yes,Salle 13,104.0
Other,21.0,GenieCivil,2,76.1,24.0,67.3,62.2,73.0,1.0,0.9,11.4,Yes,No,Middle,1.0,Yes,Salle 30,177.0
Female,20.0,GenieCivil,3,100.0,0.0,42.7,60.0,72.3,0.0,1.3,11.4,Yes,No,Middle,0.0,Yes,Salle 5,185.0
Female,26.0,GenieCivil,4,94.7,5.0,55.9,77.8,81.6,1.0,1.5,4.4,No,No,High,1.0,Yes,Salle 9,173.0
Female,21.0,Informatique,3,74.4,26.0,65.1,51.9,71.9,1.0,0.3,9.7,Yes,No,High,1.0,No,Salle 4,263.0
Male,22.0,Mecanique,2,82.5,18.0,95.8,28.4,45.6,1.0,0.4,7.0,Yes,No,Low,1.0,Yes,Salle 9,231.0
Male,22.0,Informatique,2,100.0,0.0,45.2,64.1,75.7,0.0,1.1,11.7,No,Yes,Middle,2.0,Yes,Salle 21,298.0
Male,20.0,Electrique,3,95.3,5.0,41.5,24.6,68.1,0.0,0.6,8.2,Yes,No,Middle,1.0,Yes,Salle 18,188.0
Female,22.0,GenieCivil,3,81.7,18.0,56.4,65.5,78.9,0.0,4.6,19.9,Yes,No,Middle,1.0,No,Salle 27,185.0
Female,20.0,Mecanique,1,68.8,31.0,66.7,60.0,26.8,1.0,1.7,10.1,Yes,No,Middle,3.0,Yes,Salle 7,186.0
Male,21.0,Mecanique,2,60.3,40.0,87.5,69.7,100.0,1.0,7.7,34.3,Yes,No,Middle,0.0,Yes,Salle 28,231.0
Female,22.0,Mecanique,5,81.3,19.0,56.1,60.3,73.5,0.0,2.3,12.7,No,No,High,0.0,Yes,Salle 23,67.0
Male,18.0,Chimie,2,90.9,9.0,59.9,36.8,31.5,1.0,4.2,23.0,Yes,No,Low,0.0,Yes,Salle 12,119.0
Male,23.0,GenieCivil,1,82.4,18.0,58.2,42.6,89.8,0.0,0.5,2.8,Yes,No,Low,0.0,Yes,Salle 19,149.0
Female,23.0,Mecanique,4,97.7,2.0,45.5,50.3,61.2,3.0,2.8,18.5,Yes,No,Middle,0.0,Yes,Salle 18,178.0
Male,22.0,Energetique,2,83.3,17.0,72.9,52.4,67.4,1.0,4.3,31.1,No,No,Middle,2.0,Yes,Salle 25,71.0
Male,24.0,Informatique,5,68.1,32.0,68.2,92.7,60.7,1.0,0.6,8.5,No,Yes,Middle,2.0,Yes,Salle 24,109.0
Male,23.0,Telecom,4,73.2,27.0,73.5,61.6,70.6,1.0,3.7,13.1,Yes,No,Low,1.0,Yes,Salle 19,121.0
Male,20.0,Electrique,5,82.2,27.0,59.3,0.3,74.8,1.0,1.4,3.5,Yes,Yes,Low,1.0,Yes,Salle 5,80.0
Male,19.0,Telecom,2,77.5,22.0,68.9,46.3,62.2,1.0,0.3,9.1,No,No,High,2.0,No,Salle 19,161.0
Female,22.0,Telecom,2,88.7,11.0,82.1,58.4,34.4,1.0,0.6,0.4,No,No,Low,0.0,Yes,Salle 19,161.0
Female,21.0,Energetique,5,61.2,39.0,49.7,69.5,61.5,1.0,3.7,15.8,Yes,No,Middle,5.0,No,Salle 9,40.0
Female,21.0,Mecanique,3,57.9,42.0,33.6,38.1,100.0,0.0,0.3,10.1,Yes,No,Middle,0.0,Yes,Salle 20,212.0
Male,20.0,Informatique,2,86.2,14.0,67.6,26.3,82.3,2.0,0.6,8.6,Yes,No,Middle,2.0,No,Salle 26,298.0
Female,22.0,Telecom,3,85.7,14.0,57.0,65.8,77.7,1.0,2.6,14.4,Yes,No,Middle,1.0,Yes,Salle 30,154.0
Male,22.0,Informatique,2,96.5,4.0,51.5,72.1,27.7,0.0,2.5,16.9,Yes,Yes,Middle,3.0,Yes,Salle 12,298.0
Male,20.0,Informatique,3,51.4,49.0,79.8,30.8,63.5,0.0,2.4,24.0,Yes,No,High,4.0,Yes,Salle 12,263.0
Male,21.0,Informatique,2,95.3,5.0,61.4,57.7,100.0,1.0,1.2,9.5,Yes,No,Low,1.0,Yes,Salle 10,298.0
Male,21.0,Electrique,2,87.7,12.0,46.9,63.5,66.3,1.0,2.9,23.2,No,No,High,0.0,No,Salle 3,185.0
Female,22.0,Electrique,5,100.0,0.0,46.2,48.0,79.8,1.0,1.4,8.7,Yes,No,Middle,1.0,Yes,Salle 22,80.0
Female,21.0,GenieCivil,5,60.8,39.0,90.6,49.7,71.4,0.0,4.0,17.1,Yes,No,Low,1.0,Yes,Salle 29,70.0
Female,24.0,Energetique,5,100.0,0.0,59.7,61.6,57.1,1.0,1.1,3.8,Yes,No,Low,0.0,Yes,Salle 16,40.0
Male,21.0,Informatique,3,53.6,46.0,69.0,29.6,70.8,0.0,1.2,10.2,Yes,No,Middle,0.0,Yes,Salle 6,263.0
Female,18.0,GenieCivil,4,82.2,2.0,80.6,85.4,64.7,3.0,5.6,28.3,Yes,No,Middle,1.0,Yes,Salle 26,173.0
Female,20.0,Energetique,5,81.9,18.0,97.0,61.6,100.0,1.0,1.3,7.1,Yes,No,Middle,1.0,No,Salle 14,40.0
Female,21.0,Electrique,3,75.7,24.0,94.0,80.8,60.7,1.0,1.4,42.8,No,No,Middle,0.0,No,Salle 11,188.0
Male,21.0,Electrique,5,83.6,16.0,68.1,63.9,55.9,1.0,1.2,10.2,Yes,Yes,High,1.0,No,Salle 8,80.0
Male,20.0,Informatique,3,89.2,11.0,55.9,49.0,80.1,3.0,3.0,18.3,No,No,Middle,2.0,No,Salle 9,263.0
Male,20.0,Mecanique,4,85.9,14.0,66.4,74.4,78.3,1.0,7.1,36.4,Yes,Yes,Middle,0.0,Yes,Salle 5,178.0
Male,22.0,Informatique,3,80.1,20.0,71.2,64.0,54.9,2.0,6.6,34.3,Yes,Yes,High,0.0,No,Salle 27,263.0
Female,22.0,GenieCivil,4,76.0,24.0,83.8,89.4,63.5,1.0,0.9,2.5,Yes,Yes,Low,0.0,Yes,Salle 25,173.0
Male,24.0,Telecom,1,91.0,9.0,100.0,64.4,69.8,2.0,0.7,3.1,No,No,High,0.0,Yes,Salle 15,121.0
Male,22.0,Mecanique,3,97.7,2.0,79.5,45.0,78.2,1.0,1.5,16.4,Yes,No,Middle,1.0,Yes,Salle 3,212.0
Male,25.0,Mecanique,4,82.8,17.0,61.4,66.3,66.4,4.0,4.2,11.5,Yes,No,Low,1.0,Yes,Salle 18,178.0
Female,22.0,Energetique,1,91.2,9.0,42.0,57.3,55.3,1.0,0.8,0.2,Yes,No,High,1.0,Yes,Salle 19,83.0
Male,24.0,Electrique,4,100.0,0.0,72.7,68.6,100.0,0.0,2.4,11.5,No,Yes,Middle,1.0,Yes,Salle 2,157.0
Female,26.0,Chimie,1,96.5,4.0,60.3,28.7,43.5,1.0,1.0,13.0,Yes,No,Low,0.0,Yes,Salle 23,96.0
Male,21.0,Electrique,1,86.2,14.0,20.1,17.2,63.5,1.0,3.3,17.8,No,No,Low,3.0,Yes,Salle 27,143.0
Male,25.0,Mecanique,3,78.6,21.0,65.6,78.9,82.3,1.0,1.1,7.1,Yes,Yes,Middle,1.0,No,Salle 24,212.0
Male,21.0,Mecanique,3,69.7,30.0,73.2,65.2,67.4,1.0,0.4,5.3,No,Yes,Middle,0.0,No,Salle 23,212.0
Male,22.0,Electrique,1,93.8,6.0,53.8,31.3,93.4,1.0,1.9,14.4,Yes,Yes,Low,0.0,No,Salle 8,143.0
Male,21.0,Mecanique,2,91.0,9.0,51.3,69.3,58.0,2.0,0.3,5.7,No,No,High,1.0,Yes,Salle 23,231.0
Male,23.0,GenieCivil,4,53.9,46.0,42.6,61.6,77.9,1.0,2.9,16.8,No,No,Middle,2.0,Yes,Salle 28,173.0
Male,21.0,Electrique,4,79.7,20.0,52.3,62.3,63.5,1.0,1.4,25.9,Yes,Yes,Middle,1.0,No,Salle 8,157.0
Male,27.0,Mecanique,4,87.0,13.0,53.1,61.6,41.4,2.0,0.2,12.9,Yes,No,Middle,0.0,Yes,Salle 17,178.0
Female,21.0,Informatique,2,82.2,21.0,71.6,47.5,61.5,1.0,1.1,4.9,Yes,No,Low,0.0,No,Salle 4,298.0
Male,19.0,Informatique,2,82.9,17.0,63.1,65.4,31.0,1.0,1.4,19.2,Yes,Yes,Middle,1.0,Yes,Salle 13,298.0
Male,23.0,Electrique,5,82.0,18.0,38.3,51.0,52.3,0.0,0.8,4.2,Yes,No,Middle,0.0,Yes,Salle 16,80.0
Male,18.0,GenieCivil,1,68.0,32.0,61.8,33.6,31.1,2.0,0.7,3.6,Yes,No,Low,1.0,Yes,Salle 15,149.0
Male,22.0,Informatique,4,94.3,6.0,71.8,35.5,71.9,2.0,6.1,30.1,Yes,No,High,0.0,No,Salle 22,230.0
Male,22.0,Mecanique,5,70.5,30.0,50.0,73.8,30.9,0.0,3.3,13.5,Yes,Yes,High,1.0,Yes,Salle 21,67.0
Male,23.0,Chimie,3,77.4,23.0,47.9,63.0,70.6,1.0,0.1,0.0,No,No,Middle,0.0,Yes,Salle 26,130.0
Female,19.0,Informatique,2,89.4,11.0,55.6,47.5,63.6,0.0,6.6,33.2,Yes,No,High,0.0,Yes,Salle 22,298.0
Male,24.0,GenieCivil,3,100.0,0.0,68.5,68.4,51.7,4.0,0.9,11.5,Yes,No,Middle,2.0,No,Salle 23,185.0
Male,23.0,Informatique,1,73.0,27.0,38.8,68.5,67.9,1.0,4.3,25.8,No,No,Middle,2.0,Yes,Salle 8,248.0
Male,24.0,GenieCivil,3,60.7,39.0,54.8,53.6,68.0,1.0,0.3,6.5,Yes,Yes,High,2.0,No,Salle 30,185.0
Male,21.0,Informatique,2,75.5,24.0,52.5,82.0,87.0,1.0,0.1,9.2,Yes,No,Middle,0.0,No,Salle 24,298.0
Male,23.0,Mecanique,5,83.0,17.0,83.5,76.6,89.5,0.0,0.3,11.5,No,No,Middle,1.0,Yes,Salle 12,67.0
Male,23.0,Energetique,2,83.0,17.0,75.4,35.9,77.5,0.0,0.4,12.8,No,Yes,Low,0.0,Yes,Salle 14,71.0
Male,18.0,GenieCivil,4,98.4,2.0,62.1,61.6,51.7,0.0,2.2,19.8,Yes,No,Middle,0.0,Yes,Salle 18,173.0
Female,22.0,Telecom,2,96.3,4.0,73.2,80.8,45.3,2.0,1.6,11.8,Yes,Yes,Middle,0.0,Yes,Salle 5,161.0
Female,21.0,GenieCivil,1,68.1,32.0,48.2,77.2,98.4,1.0,10.8,47.1,Yes,No,Middle,0.0,Yes,Salle 1,149.0
Male,19.0,Electrique,2,98.6,1.0,74.3,61.6,63.5,1.0,3.5,10.9,Yes,No,Middle,2.0,No,Salle 27,185.0
Male,24.0,Electrique,4,72.6,27.0,58.7,85.7,94.0,1.0,2.5,17.5,No,No,Middle,2.0,Yes,Salle 7,157.0
Male,24.0,Informatique,4,92.5,8.0,46.8,82.0,33.5,1.0,1.8,12.4,Yes,Yes,Low,1.0,Yes,Salle 26,230.0
Male,19.0,Telecom,5,62.7,37.0,89.9,53.1,32.1,0.0,0.9,8.8,Yes,No,High,0.0,Yes,Salle 5,60.0
Female,18.0,Chimie,5,74.9,25.0,67.7,61.6,84.3,4.0,0.9,9.9,Yes,No,Low,1.0,Yes,Salle 1,48.0
Male,22.0,GenieCivil,3,79.9,20.0,58.6,40.4,56.2,2.0,2.8,11.5,Yes,Yes,Middle,2.0,Yes,Salle 26,185.0
Female,20.0,Telecom,3,80.5,20.0,65.2,77.3,63.0,1.0,3.0,22.1,Yes,No,Middle,0.0,No,Salle 28,154.0
Male,18.0,Mecanique,1,72.8,27.0,77.5,53.3,54.1,1.0,0.5,6.6,No,No,Low,1.0,No,Salle 1,186.0
Male,23.0,Mecanique,4,88.6,11.0,77.8,61.0,34.9,4.0,1.2,7.1,Yes,No,Middle,0.0,No,Salle 26,178.0
Male,20.0,Electrique,1,82.3,18.0,91.2,56.4,82.5,2.0,4.7,25.9,Yes,No,Low,0.0,Yes,Salle 29,143.0
Male,23.0,Informatique,1,69.9,30.0,65.1,77.2,76.7,2.0,0.1,4.9,No,No,Middle,0.0,Yes,Salle 28,248.0
Female,21.0,Electrique,5,71.7,28.0,76.5,61.6,81.1,0.0,8.1,32.3,No,No,Middle,2.0,Yes,Salle 3,80.0
Female,23.0,Energetique,2,74.7,25.0,59.3,57.0,48.4,3.0,1.4,20.7,No,No,High,2.0,Yes,Salle 10,71.0
Male,24.0,Informatique,4,70.9,29.0,48.7,48.0,56.6,0.0,1.9,9.1,No,No,Low,1.0,No,Salle 24,230.0
Male,21.0,Informatique,1,95.4,5.0,54.5,51.3,49.4,0.0,0.0,5.6,No,No,High,1.0,No,Salle 1,248.0
Female,26.0,Chimie,1,77.3,23.0,76.5,47.3,29.4,2.0,1.2,7.0,No,No,Middle,0.0,Yes,Salle 2,96.0
Male,22.0,Mecanique,3,87.3,13.0,75.3,63.0,68.9,2.0,1.4,10.5,Yes,No,Middle,1.0,No,Salle 7,212.0
Male,22.0,Telecom,2,89.9,10.0,55.4,47.9,37.9,2.0,0.1,11.5,No,Yes,Middle,1.0,Yes,Salle 16,161.0
Male,21.0,Informatique,2,89.3,11.0,56.4,83.5,47.9,1.0,1.7,10.6,No,No,Middle,0.0,Yes,Salle 7,298.0
Male,20.0,Energetique,2,65.7,34.0,65.1,46.2,63.5,2.0,0.1,0.8,Yes,No,High,3.0,Yes,Salle 8,71.0
Other,26.0,GenieCivil,2,93.2,7.0,64.0,77.3,100.0,0.0,1.1,6.5,Yes,No,Middle,2.0,Yes,Salle 17,177.0
Female,22.0,Energetique,3,90.6,9.0,60.4,42.4,63.5,0.0,0.2,10.8,No,No,Middle,1.0,Yes,Salle 19,104.0
Female,28.0,Chimie,2,76.8,23.0,64.4,72.9,89.5,0.0,0.7,5.2,Yes,Yes,Middle,0.0,Yes,Salle 16,119.0
Female,22.0,Informatique,5,90.6,9.0,51.1,76.3,54.4,0.0,1.5,15.6,Yes,No,Low,1.0,No,Salle 6,109.0
Female,22.0,GenieCivil,1,90.5,10.0,44.9,59.9,80.9,0.0,0.3,11.7,Yes,No,Middle,0.0,Yes,Salle 6,149.0
Male,20.0,Energetique,5,73.9,26.0,72.3,47.5,64.4,1.0,0.5,11.5,Yes,No,High,1.0,Yes,Salle 20,40.0
Male,21.0,Informatique,3,95.1,5.0,76.0,99.3,96.2,1.0,1.4,14.7,Yes,Yes,Low,3.0,No,Salle 13,263.0
Female,25.0,Chimie,1,94.2,6.0,80.8,56.9,88.3,1.0,2.0,25.7,Yes,No,Middle,1.0,Yes,Salle 27,96.0
Male,20.0,GenieCivil,1,87.7,12.0,68.6,47.4,83.4,2.0,5.1,23.5,No,No,Middle,1.0,No,Salle 23,149.0
Female,24.0,Telecom,2,83.7,16.0,60.0,73.1,66.5,1.0,0.5,13.8,Yes,No,Middle,2.0,Yes,Salle 16,161.0
Male,21.0,Mecanique,4,90.1,10.0,77.8,69.0,72.8,3.0,4.8,21.6,Yes,No,Low,1.0,Yes,Salle 10,178.0
Male,24.0,Electrique,3,92.0,8.0,54.3,47.8,69.6,0.0,2.1,9.2,No,No,Middle,1.0,Yes,Salle 22,188.0
Female,23.0,GenieCivil,1,82.1,18.0,49.3,0.0,33.8,0.0,1.5,11.4,Yes,No,Low,2.0,No,Salle 13,149.0
Male,23.0,GenieCivil,4,92.7,7.0,55.4,42.8,100.0,1.0,1.7,12.3,Yes,No,Middle,0.0,Yes,Salle 2,173.0
Male,23.0,Informatique,3,74.8,25.0,82.9,16.9,47.0,1.0,3.3,20.7,Yes,No,Middle,0.0,Yes,Salle 18,263.0
Male,24.0,Energetique,4,82.5,18.0,71.5,79.8,91.9,1.0,0.8,0.0,Yes,No,Middle,1.0,Yes,Salle 20,70.0
Male,23.0,Mecanique,1,100.0,0.0,49.2,89.2,77.6,2.0,1.9,4.7,Yes,No,Middle,1.0,Yes,Salle 13,186.0
Female,19.0,GenieCivil,1,100.0,0.0,80.7,69.3,59.3,1.0,1.5,8.0,Yes,No,Middle,1.0,Yes,Salle 16,149.0
Female,23.0,Informatique,4,73.8,26.0,76.4,37.6,60.4,1.0,3.0,13.2,Yes,Yes,Middle,0.0,Yes,Salle 11,230.0
Female,23.0,Informatique,2,96.5,4.0,40.9,74.5,62.1,2.0,0.3,3.7,Yes,No,Middle,1.0,Yes,Salle 2,298.0
Female,22.0,Informatique,5,83.5,16.0,78.7,77.4,79.6,2.0,1.4,14.5,No,No,Middle,0.0,Yes,Salle 5,109.0
Female,24.0,Informatique,1,83.4,17.0,72.5,66.4,40.1,0.0,2.3,18.0,Yes,No,Middle,0.0,No,Salle 2,248.0
Female,22.0,Mecanique,1,100.0,0.0,51.1,50.7,80.9,3.0,0.3,5.1,No,No,Middle,0.0,Yes,Salle 15,186.0
Female,26.0,Mecanique,2,71.9,28.0,68.3,84.5,73.4,2.0,1.4,7.1,No,No,Middle,3.0,Yes,Salle 30,231.0
Male,24.0,Electrique,2,84.2,16.0,68.8,57.0,73.9,1.0,2.2,18.5,Yes,No,Middle,1.0,Yes,Salle 14,185.0
Male,22.0,GenieCivil,3,98.5,2.0,61.6,36.1,92.5,1.0,9.1,41.6,Yes,No,Low,3.0,Yes,Salle 18,185.0
Male,21.0,Chimie,2,85.7,14.0,100.0,61.2,58.3,0.0,2.5,22.4,No,No,High,1.0,Yes,Salle 7,119.0
Male,22.0,Electrique,4,94.4,6.0,68.2,51.6,60.2,2.0,1.0,6.2,Yes,No,Middle,0.0,Yes,Salle 11,157.0
Female,22.0,Informatique,4,80.0,20.0,58.0,73.7,65.8,1.0,2.5,12.6,Yes,No,Middle,0.0,Yes,Salle 4,230.0
Male,17.0,GenieCivil,2,82.9,17.0,46.3,42.2,36.6,0.0,3.1,11.5,Yes,No,Low,1.0,Yes,Salle 9,177.0
Male,24.0,Telecom,3,90.3,10.0,95.3,84.0,23.4,1.0,4.7,28.2,Yes,No,Middle,0.0,No,Salle 14,154.0
Female,22.0,Energetique,1,67.7,32.0,76.5,76.7,65.3,1.0,0.3,6.9,Yes,No,Middle,3.0,Yes,Salle 10,83.0
Female,22.0,Informatique,2,72.1,28.0,88.4,85.6,63.5,1.0,0.6,8.3,Yes,No,Middle,1.0,Yes,Salle 10,298.0
Male,25.0,Electrique,3,89.2,11.0,100.0,63.2,57.0,2.0,0.8,13.0,No,No,Middle,1.0,No,Salle 27,188.0
Male,22.0,Chimie,4,71.5,28.0,78.9,43.0,59.4,2.0,0.6,8.4,Yes,No,Low,0.0,Yes,Salle 23,93.0
Male,21.0,GenieCivil,2,78.6,21.0,62.0,40.3,38.1,0.0,3.6,16.1,Yes,No,High,0.0,Yes,Salle 2,177.0
Female,21.0,Telecom,1,83.3,17.0,85.7,34.6,63.5,0.0,1.9,7.7,No,No,Middle,1.0,Yes,Salle 7,121.0
Female,23.0,Mecanique,3,70.9,29.0,58.0,86.7,44.9,2.0,5.3,34.5,Yes,No,Middle,0.0,No,Salle 20,212.0
Male,23.0,Electrique,5,86.4,14.0,65.1,38.7,69.1,0.0,0.0,2.1,Yes,No,Middle,1.0,Yes,Salle 26,80.0
Male,22.0,Informatique,1,71.4,29.0,65.5,100.0,59.1,1.0,1.1,8.6,Yes,No,High,2.0,Yes,Salle 6,248.0
Male,25.0,Mecanique,3,85.5,14.0,83.4,82.5,46.7,1.0,1.4,14.4,No,No,Middle,1.0,No,Salle 27,212.0
Female,20.0,Informatique,4,82.7,17.0,67.3,55.7,59.4,2.0,1.5,11.5,Yes,No,High,0.0,Yes,Salle 4,230.0
Other,18.0,GenieCivil,1,95.4,5.0,63.0,94.6,79.8,2.0,1.4,8.2,Yes,No,Low,1.0,Yes,Salle 1,149.0
Female,22.0,GenieCivil,2,96.6,3.0,65.0,76.5,50.5,1.0,0.5,4.9,Yes,Yes,Middle,0.0,No,Salle 22,177.0
Male,22.0,GenieCivil,4,95.9,4.0,60.7,38.9,99.8,1.0,1.1,7.3,Yes,No,High,0.0,Yes,Salle 1,173.0
Male,24.0,Mecanique,2,99.8,0.0,61.9,50.2,56.5,2.0,1.7,8.1,Yes,No,Low,1.0,Yes,Salle 20,231.0
Male,20.0,Informatique,4,89.5,10.0,84.7,51.6,54.3,0.0,1.4,11.5,No,No,Low,4.0,Yes,Salle 12,230.0
Female,22.0,Informatique,2,87.7,12.0,49.0,35.0,65.0,3.0,0.1,6.5,Yes,No,Middle,0.0,Yes,Salle 5,298.0
Male,22.0,GenieCivil,5,81.5,18.0,63.8,51.0,78.3,3.0,0.8,6.0,Yes,No,Middle,2.0,Yes,Salle 11,70.0
Female,25.0,Informatique,1,70.1,30.0,62.4,49.7,46.5,1.0,1.4,4.4,No,No,Middle,2.0,Yes,Salle 16,248.0
Male,21.0,Mecanique,1,78.3,22.0,50.5,80.3,77.6,3.0,1.0,13.3,Yes,No,Middle,1.0,Yes,Salle 20,186.0
Male,21.0,Energetique,4,57.7,42.0,68.2,41.3,73.6,1.0,0.6,2.9,Yes,Yes,Middle,1.0,Yes,Salle 2,70.0
Male,25.0,Chimie,4,69.5,30.0,48.0,52.2,67.3,1.0,1.4,18.9,No,No,Middle,0.0,Yes,Salle 15,93.0
Male,21.0,Informatique,2,83.8,16.0,51.1,100.0,58.0,2.0,0.5,4.2,No,No,Middle,1.0,Yes,Salle 7,298.0
Female,21.0,Mecanique,4,75.8,24.0,82.1,63.4,46.0,0.0,4.6,18.1,No,No,High,2.0,Yes,Salle 21,178.0
Female,21.0,Energetique,1,100.0,0.0,50.7,87.3,73.2,2.0,1.1,3.3,No,No,Low,0.0,Yes,Salle 28,83.0
Female,25.0,Mecanique,4,72.5,28.0,72.4,71.1,53.5,0.0,1.9,14.0,No,No,Low,1.0,Yes,Salle 10,178.0
Male,22.0,Mecanique,1,67.4,33.0,69.4,91.5,75.6,2.0,0.0,5.9,Yes,No,Middle,2.0,No,Salle 9,186.0
Female,20.0,Electrique,3,100.0,0.0,49.8,40.2,63.5,2.0,1.4,15.8,Yes,No,High,0.0,Yes,Salle 29,188.0
Female,22.0,Telecom,5,76.7,23.0,58.6,47.7,82.2,0.0,0.8,9.7,Yes,No,Middle,0.0,Yes,Salle 9,60.0
Male,23.0,GenieCivil,4,76.8,23.0,67.2,34.0,68.3,2.0,0.4,12.9,No,No,Middle,0.0,No,Salle 11,173.0
Male,22.0,GenieCivil,1,92.0,8.0,59.4,49.8,36.9,1.0,0.9,2.5,No,Yes,Middle,1.0,No,Salle 16,149.0
Female,24.0,Electrique,3,98.4,2.0,60.9,56.2,33.2,1.0,1.4,7.1,Yes,No,Low,2.0,Yes,Salle 12,188.0
Male,22.0,Mecanique,3,80.1,20.0,69.7,99.4,63.5,0.0,4.9,25.3,Yes,No,Middle,1.0,Yes,Salle 6,212.0
Female,22.0,GenieCivil,1,83.3,17.0,62.6,34.7,44.4,1.0,0.3,4.0,Yes,No,Low,0.0,Yes,Salle 6,149.0
Male,19.0,Telecom,3,82.2,32.0,38.3,63.1,73.5,1.0,0.1,5.3,Yes,No,High,2.0,No,Salle 26,154.0
Male,20.0,Informatique,3,86.3,14.0,73.5,81.2,71.2,1.0,1.2,14.3,Yes,No,Low,0.0,Yes,Salle 30,263.0
Male,23.0,Informatique,2,78.6,21.0,74.2,57.5,55.9,1.0,1.1,7.6,Yes,No,Low,1.0,Yes,Salle 27,298.0
Female,20.0,Telecom,3,75.0,25.0,83.8,62.2,40.6,2.0,2.1,15.9,Yes,No,Middle,1.0,Yes,Salle 10,154.0
Male,19.0,Electrique,3,63.2,37.0,53.4,69.4,71.1,0.0,0.1,2.0,Yes,No,Low,2.0,No,Salle 5,188.0
Female,23.0,GenieCivil,4,58.7,41.0,78.9,50.3,32.6,3.0,0.9,4.7,Yes,No,Middle,2.0,Yes,Salle 14,173.0
Female,22.0,Electrique,3,69.1,31.0,74.6,60.7,73.3,2.0,5.5,30.9,Yes,No,High,2.0,Yes,Salle 24,188.0
Male,20.0,Informatique,1,100.0,0.0,56.9,39.7,31.5,2.0,8.5,36.8,No,No,Middle,1.0,Yes,Salle 12,248.0
Female,25.0,Energetique,1,74.3,26.0,57.9,68.1,89.4,0.0,0.8,12.8,Yes,No,Middle,0.0,No,Salle 10,83.0
Male,26.0,Mecanique,1,89.8,10.0,55.2,74.6,79.4,0.0,0.1,11.6,No,No,High,1.0,Yes,Salle 14,186.0
Female,20.0,Electrique,5,90.4,10.0,48.6,64.1,63.5,1.0,0.3,3.6,Yes,No,Middle,1.0,Yes,Salle 26,80.0
Female,24.0,Electrique,5,100.0,0.0,67.8,34.3,66.4,0.0,3.0,14.5,Yes,Yes,Middle,1.0,Yes,Salle 20,80.0
Female,19.0,GenieCivil,5,67.0,33.0,45.2,43.4,59.4,0.0,1.3,9.4,Yes,No,Low,4.0,No,Salle 25,70.0
Male,23.0,Electrique,4,80.8,19.0,46.3,58.6,63.5,3.0,1.3,5.4,Yes,No,Low,1.0,No,Salle 19,157.0
Male,21.0,Electrique,1,74.1,26.0,28.1,73.4,68.9,0.0,2.0,11.5,Yes,No,High,1.0,Yes,Salle 23,143.0
Other,22.0,Informatique,4,63.7,36.0,66.5,67.6,16.0,3.0,1.2,11.5,Yes,No,High,2.0,Yes,Salle 18,230.0
Male,22.0,Informatique,1,82.4,18.0,50.6,57.5,51.5,1.0,3.1,20.4,No,No,Middle,0.0,No,Salle 29,248.0
Male,26.0,Mecanique,3,71.7,28.0,77.6,61.6,49.1,0.0,1.6,10.8,Yes,No,Low,2.0,Yes,Salle 1,212.0
Male,21.0,Chimie,1,73.2,27.0,51.4,55.0,63.5,2.0,0.5,11.5,Yes,No,Low,2.0,Yes,Salle 21,96.0
Female,24.0,GenieCivil,3,68.3,32.0,69.4,75.8,28.2,0.0,1.4,15.0,No,No,Middle,2.0,No,Salle 10,185.0
Male,24.0,Chimie,4,100.0,0.0,65.1,54.2,78.4,1.0,0.0,6.0,Yes,No,Middle,0.0,Yes,Salle 26,93.0
Male,18.0,Energetique,4,73.8,26.0,59.4,46.2,48.8,2.0,0.9,14.7,No,No,Middle,1.0,Yes,Salle 22,70.0
Female,23.0,GenieCivil,3,100.0,0.0,48.1,26.6,100.0,1.0,1.2,0.8,Yes,Yes,Middle,0.0,Yes,Salle 19,185.0
Female,21.0,Informatique,4,90.8,9.0,80.2,70.4,66.2,1.0,5.5,24.4,No,No,Middle,2.0,Yes,Salle 1,230.0
Male,22.0,Informatique,2,92.6,7.0,41.7,58.0,22.4,2.0,6.0,11.5,Yes,No,High,1.0,No,Salle 26,298.0
Female,21.0,Electrique,1,83.3,17.0,89.2,80.0,77.2,0.0,1.8,13.0,Yes,No,Middle,1.0,Yes,Salle 20,143.0
Male,22.0,Electrique,5,70.5,30.0,51.1,41.8,85.6,0.0,2.2,19.7,No,No,Low,0.0,No,Salle 27,80.0
Female,22.0,Electrique,4,99.4,1.0,65.1,59.3,95.3,1.0,0.5,4.8,Yes,Yes,Middle,0.0,No,Salle 7,177.0
Female,22.0,GenieCivil,1,85.6,14.0,73.7,33.0,59.8,0.0,0.9,6.8,Yes,No,Middle,1.0,No,Salle 3,149.0
Male,23.0,Informatique,4,82.8,17.0,65.1,48.2,63.5,3.0,0.1,4.6,No,Yes,Low,0.0,No,Salle 21,230.0
Male,22.0,GenieCivil,4,94.0,6.0,53.7,65.0,74.2,0.0,0.7,8.3,Yes,Yes,Middle,1.0,Yes,Salle 27,173.0
Male,21.0,GenieCivil,2,63.8,36.0,48.7,70.0,93.9,1.0,0.3,9.0,No,No,Low,1.0,Yes,Salle 11,177.0
Female,24.0,Informatique,2,46.3,54.0,51.5,43.9,60.2,0.0,1.0,5.0,Yes,No,Middle,1.0,No,Salle 15,298.0
Female,21.0,Electrique,3,69.2,31.0,83.8,58.1,61.8,1.0,0.9,8.4,Yes,Yes,Low,1.0,Yes,Salle 11,188.0
Male,22.0,Informatique,3,90.9,9.0,65.1,41.5,79.1,1.0,3.8,19.6,Yes,No,Middle,0.0,No,Salle 11,263.0
Other,21.0,GenieCivil,2,87.7,12.0,65.1,41.8,81.7,1.0,0.6,3.8,No,No,High,1.0,Yes,Salle 26,177.0
Female,20.0,GenieCivil,3,92.2,8.0,67.5,17.1,72.1,1.0,0.1,7.0,Yes,No,Low,0.0,Yes,Salle 12,185.0
Male,24.0,Chimie,5,92.3,8.0,72.4,47.2,54.1,0.0,0.1,3.0,No,No,Middle,1.0,Yes,Salle 22,48.0
Female,24.0,Mecanique,3,73.2,27.0,55.8,25.1,79.4,3.0,1.2,13.5,No,No,Low,2.0,No,Salle 18,212.0
Male,23.0,Informatique,2,84.2,16.0,56.6,61.0,58.2,2.0,2.1,19.5,No,No,Middle,1.0,Yes,Salle 18,298.0
Female,20.0,Mecanique,3,84.0,16.0,65.1,78.2,85.6,0.0,2.4,11.5,No,No,Low,3.0,Yes,Salle 26,212.0
Female,25.0,Mecanique,1,86.6,13.0,80.1,82.0,55.2,1.0,2.5,13.7,Yes,No,Low,1.0,Yes,Salle 27,186.0
Male,21.0,GenieCivil,5,93.3,7.0,65.1,62.2,45.7,1.0,1.6,13.7,Yes,No,Middle,1.0,Yes,Salle 20,70.0
Female,23.0,Telecom,5,85.5,14.0,32.2,88.9,44.7,1.0,2.0,17.2,Yes,No,Middle,1.0,No,Salle 18,60.0
Male,21.0,Energetique,3,55.9,44.0,65.0,45.1,61.0,1.0,0.1,4.4,Yes,No,Middle,0.0,Yes,Salle 27,104.0
Female,21.0,Chimie,2,65.0,35.0,50.0,58.9,72.0,0.0,0.8,0.4,Yes,Yes,Middle,2.0,Yes,Salle 30,119.0
Male,20.0,GenieCivil,4,79.2,21.0,42.2,48.0,76.5,2.0,0.3,6.4,Yes,No,Middle,2.0,Yes,Salle 1,173.0
Female,23.0,GenieCivil,3,97.7,2.0,78.6,37.8,30.4,1.0,0.5,11.5,Yes,Yes,Low,3.0,Yes,Salle 22,185.0
Male,22.0,Informatique,4,98.4,2.0,65.1,61.6,71.0,2.0,1.1,6.2,No,No,Middle,0.0,Yes,Salle 16,230.0
Female,19.0,Informatique,2,74.9,25.0,56.6,43.7,40.3,0.0,2.3,1.1,No,No,Middle,1.0,Yes,Salle 20,298.0
Female,23.0,Electrique,4,79.2,21.0,44.2,81.0,88.6,1.0,3.6,18.3,No,No,Middle,1.0,No,Salle 29,157.0
Female,23.0,Informatique,1,80.6,19.0,60.4,46.9,36.0,1.0,0.3,14.1,Yes,No,Middle,1.0,Yes,Salle 5,248.0
Female,25.0,Mecanique,2,82.2,18.0,67.1,43.6,70.1,1.0,1.4,1.8,Yes,No,Low,3.0,Yes,Salle 23,231.0
Female,25.0,Electrique,1,86.2,14.0,59.7,56.1,56.3,1.0,0.9,7.0,No,No,Middle,1.0,Yes,Salle 26,143.0
Male,26.0,Informatique,3,86.1,14.0,61.1,76.4,100.0,0.0,0.9,11.5,No,Yes,Middle,1.0,Yes,Salle 21,263.0
Male,20.0,Informatique,3,93.2,7.0,70.2,55.6,67.8,1.0,0.8,12.4,Yes,No,Middle,1.0,Yes,Salle 17,263.0
Male,23.0,Informatique,1,90.8,9.0,59.6,35.8,55.9,1.0,2.7,9.2,Yes,No,Middle,0.0,Yes,Salle 17,248.0
Male,22.0,Chimie,2,83.4,17.0,44.5,49.0,58.8,1.0,1.1,5.1,No,No,High,1.0,No,Salle 27,119.0
Male,20.0,Telecom,3,63.4,37.0,47.8,46.7,65.3,1.0,1.2,7.3,Yes,No,Low,2.0,No,Salle 13,154.0
Female,19.0,Informatique,2,82.7,17.0,65.5,61.6,100.0,1.0,0.7,0.7,Yes,No,Middle,0.0,Yes,Salle 14,298.0
Female,22.0,Telecom,4,76.2,24.0,63.3,54.2,39.6,1.0,3.2,16.8,Yes,No,Low,0.0,No,Salle 12,121.0
Female,23.0,Informatique,5,73.9,26.0,79.2,69.3,66.3,2.0,0.8,11.1,Yes,No,Middle,0.0,No,Salle 16,109.0
Female,22.0,Chimie,5,86.3,14.0,87.7,72.9,59.4,1.0,1.1,16.4,Yes,No,Middle,0.0,Yes,Salle 18,48.0
Male,20.0,Mecanique,4,74.8,25.0,57.7,56.8,63.5,1.0,2.0,3.0,Yes,No,High,0.0,Yes,Salle 22,178.0
Male,17.0,GenieCivil,1,82.2,18.0,91.6,72.6,63.5,1.0,2.2,18.4,No,Yes,Middle,0.0,No,Salle 9,149.0
Male,23.0,Mecanique,4,88.6,11.0,56.9,75.2,42.9,2.0,0.7,6.8,No,No,Middle,2.0,Yes,Salle 1,178.0
Male,24.0,Chimie,2,83.8,16.0,65.1,48.6,61.4,0.0,1.4,12.3,Yes,Yes,Middle,2.0,No,Salle 5,119.0
Male,22.0,Informatique,3,100.0,0.0,65.1,61.6,63.5,2.0,1.4,17.6,Yes,No,Middle,4.0,Yes,Salle 27,263.0
Female,20.0,GenieCivil,1,95.7,4.0,66.8,9.6,90.5,1.0,1.8,11.5,No,Yes,Low,0.0,No,Salle 26,149.0
Male,20.0,Informatique,4,95.9,4.0,86.2,24.4,78.8,0.0,0.0,6.6,Yes,No,High,2.0,Yes,Salle 2,230.0
Male,22.0,GenieCivil,4,100.0,0.0,74.5,94.7,49.2,0.0,0.2,0.0,No,No,Middle,0.0,Yes,Salle 11,173.0
Male,22.0,Informatique,5,75.4,25.0,83.1,86.2,60.1,2.0,3.1,17.0,No,No,Middle,0.0,Yes,Salle 9,109.0
Female,20.0,Mecanique,2,96.8,3.0,63.0,80.5,63.5,0.0,2.0,16.8,Yes,No,Middle,2.0,No,Salle 22,231.0
Male,21.0,Informatique,3,81.3,19.0,46.9,100.0,32.6,1.0,4.5,23.3,No,No,Low,1.0,Yes,Salle 12,263.0
Male,22.0,Informatique,4,73.6,26.0,45.9,63.7,67.4,0.0,1.4,17.0,No,No,Middle,1.0,No,Salle 3,230.0
Female,21.0,GenieCivil,4,79.9,20.0,95.0,56.7,59.7,0.0,1.5,12.4,Yes,No,Middle,1.0,Yes,Salle 23,173.0
Female,24.0,Energetique,4,80.1,20.0,72.6,26.5,83.2,1.0,3.4,21.9,No,No,Low,3.0,Yes,Salle 5,70.0
Male,20.0,Electrique,4,67.9,32.0,72.5,55.9,64.2,0.0,0.9,11.5,Yes,No,Middle,2.0,Yes,Salle 24,157.0
Male,22.0,GenieCivil,3,87.6,12.0,59.2,37.3,54.2,1.0,0.6,0.1,Yes,No,Middle,0.0,No,Salle 21,185.0
Female,24.0,Electrique,4,94.2,6.0,68.7,59.8,38.3,0.0,1.0,11.2,No,No,Middle,1.0,Yes,Salle 3,157.0
Female,22.0,Chimie,2,87.2,13.0,51.1,61.9,31.6,1.0,0.1,0.0,Yes,No,Middle,2.0,No,Salle 17,119.0
Male,21.0,Energetique,4,76.4,24.0,78.1,76.5,17.3,3.0,4.3,18.3,Yes,No,Middle,1.0,No,Salle 27,70.0
Female,18.0,Telecom,2,90.8,9.0,65.1,61.6,63.5,3.0,2.2,11.7,Yes,No,Low,0.0,Yes,Salle 15,177.0
Male,22.0,GenieCivil,4,89.8,10.0,47.5,84.1,59.7,0.0,0.6,15.6,Yes,No,Middle,1.0,No,Salle 14,173.0
Male,26.0,Informatique,3,90.5,10.0,63.7,75.9,55.9,1.0,1.7,11.8,Yes,No,High,1.0,Yes,Salle 28,263.0
Male,21.0,Informatique,3,80.4,20.0,19.9,80.6,85.4,2.0,0.1,6.6,No,Yes,Middle,0.0,Yes,Salle 20,263.0
Other,24.0,Chimie,3,80.1,20.0,64.6,43.8,98.1,3.0,2.6,11.5,Yes,No,Middle,0.0,Yes,Salle 24,130.0
Male,20.0,Informatique,1,83.7,16.0,64.2,65.6,54.5,1.0,1.1,12.2,Yes,No,Low,0.0,Yes,Salle 5,248.0
Male,21.0,Telecom,1,94.5,6.0,58.8,92.3,52.6,1.0,5.6,24.9,No,No,Low,2.0,Yes,Salle 20,121.0
Female,20.0,GenieCivil,5,83.0,17.0,79.7,36.1,67.0,1.0,3.6,16.4,Yes,No,Low,3.0,Yes,Salle 8,70.0
Female,24.0,Chimie,5,66.7,33.0,81.3,37.2,48.5,2.0,1.4,5.8,Yes,No,Middle,0.0,No,Salle 30,48.0
Female,25.0,Chimie,4,88.1,12.0,72.3,63.8,42.8,1.0,0.9,12.7,No,No,Middle,0.0,Yes,Salle 24,93.0
Female,25.0,Electrique,2,92.7,7.0,79.3,57.6,74.7,0.0,6.5,34.8,No,No,Low,0.0,Yes,Salle 22,185.0
Female,18.0,Chimie,1,86.0,14.0,67.2,69.0,64.6,1.0,6.0,30.8,No,No,Middle,1.0,No,Salle 13,96.0
Male,22.0,Informatique,2,82.2,1.0,54.4,84.1,52.9,1.0,0.5,6.0,Yes,No,Middle,1.0,Yes,Salle 29,298.0
Male,24.0,Informatique,2,93.9,6.0,51.9,60.2,46.7,1.0,1.9,14.7,No,No,High,1.0,No,Salle 6,298.0
Male,24.0,Telecom,2,100.0,0.0,59.4,75.9,56.4,2.0,2.5,18.9,Yes,No,High,0.0,Yes,Salle 26,161.0
Female,22.0,Informatique,3,77.6,22.0,42.7,61.2,47.9,2.0,2.4,11.5,Yes,Yes,Middle,0.0,Yes,Salle 28,263.0
Male,23.0,GenieCivil,1,82.5,18.0,61.9,90.8,52.5,3.0,1.5,14.8,Yes,No,High,2.0,Yes,Salle 21,149.0
Male,20.0,Chimie,3,100.0,0.0,79.8,57.7,84.3,1.0,4.5,23.6,No,No,Middle,1.0,Yes,Salle 24,130.0
Male,22.0,Energetique,3,74.4,26.0,72.8,77.4,77.2,0.0,11.7,52.1,Yes,No,Low,0.0,Yes,Salle 25,104.0
Female,21.0,Telecom,3,80.8,19.0,90.9,28.6,74.8,3.0,1.3,12.8,Yes,No,Middle,1.0,Yes,Salle 3,154.0
Male,23.0,Mecanique,2,82.7,17.0,83.3,69.1,75.0,0.0,0.6,9.4,Yes,No,Middle,2.0,Yes,Salle 18,231.0
Female,19.0,Mecanique,3,90.7,9.0,53.4,77.6,100.0,1.0,4.6,21.2,Yes,Yes,Low,0.0,Yes,Salle 12,212.0
Male,26.0,Mecanique,3,79.2,21.0,72.0,61.3,53.9,1.0,0.4,0.0,Yes,No,Middle,1.0,Yes,Salle 16,212.0
Female,23.0,Mecanique,2,95.4,5.0,68.9,61.8,75.4,1.0,4.1,17.2,Yes,No,High,1.0,Yes,Salle 1,231.0
Female,25.0,GenieCivil,4,100.0,0.0,86.0,85.4,67.0,2.0,5.4,31.7,Yes,No,Middle,3.0,No,Salle 5,173.0
Male,23.0,GenieCivil,4,94.4,6.0,78.8,63.0,83.8,1.0,1.4,15.2,No,No,Middle,1.0,No,Salle 7,173.0
Male,24.0,Mecanique,3,88.1,12.0,72.8,74.7,63.0,1.0,4.4,20.1,No,No,Middle,2.0,Yes,Salle 29,212.0
Male,23.0,Informatique,5,88.3,12.0,58.8,47.2,74.8,1.0,0.5,0.0,Yes,No,Middle,0.0,Yes,Salle 23,109.0
Male,25.0,Informatique,3,78.0,22.0,62.3,25.5,90.1,1.0,1.4,6.7,Yes,Yes,Middle,1.0,Yes,Salle 11,263.0
Female,18.0,Mecanique,2,88.8,11.0,78.0,54.5,100.0,1.0,1.4,10.3,Yes,No,High,1.0,Yes,Salle 3,231.0
Male,24.0,Informatique,2,57.8,42.0,49.7,85.7,30.4,4.0,1.3,6.4,No,Yes,Low,1.0,Yes,Salle 26,298.0
Male,19.0,Informatique,1,67.8,32.0,81.2,58.9,63.6,1.0,1.6,7.3,Yes,No,Middle,2.0,Yes,Salle 8,248.0
Female,22.0,GenieCivil,3,81.6,18.0,54.3,100.0,46.3,1.0,5.6,31.9,Yes,No,Middle,1.0,Yes,Salle 8,185.0
Female,24.0,Informatique,2,89.3,11.0,72.2,69.7,82.9,1.0,0.5,13.0,Yes,Yes,High,0.0,Yes,Salle 8,298.0
Male,22.0,Informatique,4,93.5,6.0,71.0,26.7,73.5,1.0,0.6,17.3,Yes,No,Middle,1.0,Yes,Salle 26,230.0
Female,21.0,Energetique,3,79.2,21.0,65.1,76.6,63.2,1.0,1.5,11.7,Yes,Yes,High,1.0,No,Salle 18,104.0
Female,21.0,Mecanique,1,75.6,24.0,65.1,70.8,65.6,2.0,1.3,10.4,No,No,Low,2.0,Yes,Salle 9,186.0
Male,21.0,GenieCivil,3,82.2,41.0,64.7,75.4,51.6,2.0,2.9,16.1,No,No,Middle,1.0,Yes,Salle 27,185.0
Male,21.0,GenieCivil,4,83.5,16.0,85.2,67.0,59.7,2.0,2.1,7.0,No,No,Middle,1.0,Yes,Salle 14,173.0
Male,22.0,Electrique,4,63.8,36.0,42.7,74.4,41.9,0.0,2.6,14.1,Yes,No,Middle,1.0,No,Salle 6,157.0
Female,22.0,Chimie,3,76.5,24.0,76.4,55.4,78.8,1.0,0.5,11.4,No,Yes,High,0.0,Yes,Salle 2,130.0
Male,21.0,Informatique,2,100.0,0.0,52.1,63.3,33.2,1.0,0.1,6.9,Yes,No,High,0.0,Yes,Salle 11,298.0
Male,20.0,Informatique,2,82.2,17.0,51.6,51.7,36.8,1.0,1.2,14.4,Yes,No,Middle,1.0,Yes,Salle 28,298.0
Female,23.0,Informatique,2,79.2,21.0,78.0,64.4,72.7,0.0,2.1,15.1,No,No,Middle,1.0,Yes,Salle 8,298.0
Male,23.0,Electrique,1,65.9,34.0,70.4,78.9,40.6,1.0,0.9,11.5,No,No,Middle,1.0,Yes,Salle 19,143.0
Male,24.0,GenieCivil,4,100.0,0.0,43.6,44.6,56.8,1.0,3.2,19.1,Yes,No,Middle,0.0,No,Salle 28,173.0
Male,24.0,Informatique,3,69.3,31.0,82.4,56.0,63.5,2.0,0.7,5.4,Yes,No,Middle,1.0,No,Salle 18,263.0
Male,25.0,Informatique,4,89.0,11.0,62.5,73.6,95.2,2.0,1.3,12.1,Yes,No,High,4.0,Yes,Salle 19,230.0
Female,24.0,Mecanique,1,70.1,30.0,77.8,53.6,63.5,1.0,0.8,4.8,No,No,Low,1.0,Yes,Salle 9,186.0
Male,20.0,Electrique,4,67.2,33.0,86.1,68.1,71.9,1.0,2.3,11.6,Yes,Yes,Low,1.0,No,Salle 9,157.0
Female,21.0,Energetique,4,78.5,22.0,65.1,93.2,76.0,2.0,0.1,0.9,Yes,No,Middle,1.0,Yes,Salle 5,70.0
Male,25.0,GenieCivil,4,81.3,19.0,40.0,97.0,63.0,1.0,1.2,6.4,Yes,No,Low,1.0,Yes,Salle 12,173.0
Male,28.0,Chimie,4,100.0,0.0,99.6,41.9,63.5,1.0,0.8,11.5,No,No,Middle,2.0,Yes,Salle 2,93.0
Female,25.0,Electrique,1,90.5,10.0,41.2,51.3,65.5,1.0,2.9,12.8,No,No,High,1.0,Yes,Salle 23,143.0
Male,21.0,Telecom,2,58.5,42.0,70.2,49.6,50.7,1.0,0.7,4.8,Yes,No,Middle,0.0,Yes,Salle 3,161.0
Female,20.0,Informatique,2,70.2,30.0,59.1,53.5,73.7,0.0,3.1,12.0,No,No,Low,2.0,No,Salle 18,298.0
Female,23.0,Electrique,3,63.0,37.0,71.4,50.9,83.6,0.0,0.3,11.5,No,No,Middle,0.0,Yes,Salle 24,188.0
Male,22.0,Energetique,2,86.6,13.0,62.5,68.4,63.2,1.0,3.3,4.8,No,No,Middle,1.0,No,Salle 2,71.0
Male,24.0,Electrique,3,80.3,20.0,54.8,61.6,32.7,0.0,5.1,26.2,Yes,No,Middle,1.0,Yes,Salle 18,188.0
Male,23.0,Chimie,4,97.1,3.0,82.0,56.4,83.2,0.0,1.5,11.5,Yes,No,Middle,3.0,No,Salle 27,93.0
Female,18.0,Chimie,3,65.2,35.0,70.7,55.0,40.2,1.0,0.9,7.1,Yes,No,Low,0.0,No,Salle 26,130.0
Male,24.0,Telecom,3,82.7,17.0,69.1,89.1,100.0,0.0,0.5,8.8,Yes,Yes,Middle,1.0,Yes,Salle 21,154.0
Male,21.0,Electrique,1,82.7,17.0,61.5,40.5,83.7,1.0,1.4,5.8,Yes,No,Middle,1.0,No,Salle 19,143.0
Female,20.0,GenieCivil,3,82.1,18.0,54.2,39.0,74.3,2.0,0.4,5.9,Yes,No,Middle,0.0,Yes,Salle 10,185.0
Male,23.0,GenieCivil,3,75.4,25.0,45.0,45.2,32.1,2.0,1.0,10.2,Yes,No,High,0.0,Yes,Salle 7,185.0
Male,22.0,Telecom,3,93.5,6.0,51.7,74.9,63.5,0.0,1.0,9.3,No,Yes,Middle,1.0,No,Salle 9,154.0
Male,19.0,Energetique,1,87.6,12.0,83.0,50.6,62.5,1.0,3.7,22.3,Yes,No,Middle,4.0,No,Salle 19,83.0
Female,20.0,Informatique,1,82.0,18.0,49.9,72.9,69.4,1.0,0.9,5.8,Yes,Yes,Middle,0.0,Yes,Salle 15,248.0
Male,22.0,Chimie,2,94.5,6.0,59.9,68.1,38.4,2.0,2.3,12.5,No,Yes,Middle,1.0,No,Salle 15,119.0
Female,22.0,Informatique,1,81.0,19.0,66.0,33.7,70.7,2.0,3.6,11.5,Yes,No,Middle,2.0,Yes,Salle 16,248.0
Male,23.0,Informatique,1,69.1,31.0,63.2,61.6,63.5,1.0,1.3,11.5,No,No,Low,1.0,No,Salle 3,248.0
Male,26.0,Informatique,4,79.0,21.0,49.0,78.3,68.4,2.0,1.6,17.9,Yes,No,Middle,2.0,Yes,Salle 12,230.0
Female,25.0,Informatique,5,77.1,23.0,74.7,38.6,83.1,1.0,6.0,11.5,Yes,No,High,2.0,No,Salle 16,109.0
Male,19.0,Mecanique,1,82.5,18.0,92.2,64.4,55.8,1.0,0.5,6.0,No,No,Low,2.0,Yes,Salle 7,186.0
Male,21.0,Informatique,2,69.3,31.0,72.5,61.6,48.9,3.0,1.4,6.9,No,No,High,0.0,Yes,Salle 10,298.0
Female,21.0,Informatique,2,57.1,43.0,56.1,95.1,76.2,1.0,1.7,6.2,Yes,No,Middle,0.0,No,Salle 27,298.0
Other,22.0,Mecanique,2,89.2,11.0,94.5,76.2,87.0,1.0,2.5,19.6,No,No,Low,0.0,No,Salle 16,231.0
Female,21.0,Telecom,3,71.5,28.0,75.2,69.1,66.8,0.0,0.1,13.3,Yes,Yes,Middle,1.0,Yes,Salle 26,154.0
Female,20.0,Informatique,1,80.7,19.0,38.4,58.3,49.8,1.0,2.0,18.3,No,Yes,Middle,0.0,Yes,Salle 20,248.0
Male,22.0,Electrique,1,86.8,13.0,62.4,46.0,36.3,0.0,0.9,14.7,Yes,Yes,Low,3.0,Yes,Salle 2,143.0
Male,21.0,Mecanique,2,81.3,19.0,67.9,98.2,62.5,1.0,1.4,17.8,Yes,No,Middle,1.0,Yes,Salle 2,231.0
Male,22.0,Electrique,1,96.2,4.0,80.5,57.3,54.9,0.0,2.8,22.3,Yes,No,Middle,0.0,Yes,Salle 29,143.0
Male,27.0,Electrique,2,66.3,34.0,59.9,81.2,49.1,0.0,2.7,16.6,Yes,No,Middle,1.0,Yes,Salle 19,185.0
Male,20.0,Informatique,3,82.1,18.0,99.1,52.7,90.5,3.0,0.6,5.9,Yes,No,High,1.0,No,Salle 17,263.0
Male,22.0,Telecom,4,69.5,30.0,71.0,84.6,38.6,2.0,0.6,5.9,Yes,No,Middle,1.0,No,Salle 20,121.0
Female,22.0,Telecom,3,75.8,24.0,52.2,42.1,76.0,1.0,0.4,6.7,Yes,No,Middle,1.0,Yes,Salle 4,154.0
Male,22.0,GenieCivil,3,81.3,19.0,69.9,46.6,70.1,1.0,4.5,18.6,Yes,No,Low,1.0,Yes,Salle 6,185.0
Male,22.0,Mecanique,5,91.4,9.0,80.1,61.6,37.8,1.0,1.0,15.4,Yes,No,Low,2.0,Yes,Salle 30,67.0
Male,22.0,Informatique,1,100.0,0.0,40.6,61.6,60.3,0.0,0.4,1.0,Yes,Yes,Middle,2.0,Yes,Salle 27,248.0
Male,20.0,Informatique,4,100.0,0.0,74.2,76.4,52.7,2.0,0.8,7.1,Yes,No,Middle,0.0,Yes,Salle 30,230.0
Female,20.0,Mecanique,3,99.8,0.0,60.4,61.6,68.6,0.0,1.8,11.9,Yes,No,Middle,1.0,Yes,Salle 4,212.0
Male,21.0,Electrique,3,79.4,21.0,51.5,30.9,62.0,2.0,2.7,11.5,Yes,No,Middle,0.0,No,Salle 19,188.0
Female,26.0,Chimie,4,71.3,29.0,47.2,61.6,75.3,2.0,1.4,11.4,Yes,No,High,3.0,Yes,Salle 18,93.0
Female,19.0,Mecanique,3,98.5,2.0,94.3,65.2,60.8,0.0,0.9,8.1,No,No,Middle,1.0,No,Salle 6,212.0
Female,20.0,Informatique,4,75.5,24.0,61.9,59.8,100.0,3.0,2.5,21.5,No,No,Middle,5.0,Yes,Salle 13,230.0
Male,23.0,Mecanique,5,78.2,22.0,65.9,69.4,63.5,1.0,0.9,1.0,Yes,No,High,2.0,Yes,Salle 15,67.0
Female,24.0,Mecanique,3,84.0,16.0,84.5,71.7,41.7,2.0,0.6,8.7,Yes,No,Middle,2.0,Yes,Salle 27,212.0
Female,21.0,Telecom,3,76.0,24.0,49.9,44.9,47.9,1.0,0.3,7.0,No,No,Low,1.0,Yes,Salle 6,154.0
Female,23.0,Mecanique,2,71.9,28.0,47.9,33.0,71.3,1.0,0.5,10.8,No,Yes,Middle,1.0,No,Salle 20,231.0
Female,22.0,Mecanique,1,73.6,26.0,86.2,86.4,69.7,0.0,0.3,11.5,No,No,Middle,2.0,No,Salle 3,186.0
Male,24.0,GenieCivil,3,86.3,14.0,50.9,42.4,82.2,1.0,0.0,5.7,No,No,Middle,3.0,Yes,Salle 13,185.0
Male,21.0,Informatique,3,84.1,16.0,51.8,70.9,63.5,0.0,4.4,24.2,Yes,Yes,Low,2.0,No,Salle 21,263.0
Male,22.0,Informatique,3,60.3,40.0,51.0,57.8,52.0,1.0,0.2,4.9,No,Yes,High,0.0,No,Salle 10,263.0
Female,21.0,Chimie,3,74.4,26.0,53.9,81.5,36.4,1.0,2.7,16.8,No,No,Middle,2.0,Yes,Salle 12,130.0
Male,22.0,Informatique,3,74.3,26.0,66.7,41.0,27.7,2.0,0.6,9.2,No,No,Middle,2.0,No,Salle 22,263.0
Female,23.0,Telecom,1,90.9,9.0,66.9,41.5,73.9,1.0,0.8,5.9,Yes,No,Middle,3.0,No,Salle 11,121.0
Female,22.0,Energetique,2,70.4,30.0,55.8,61.6,64.5,1.0,0.9,19.3,Yes,No,Middle,1.0,Yes,Salle 26,71.0
Male,24.0,Electrique,4,81.5,18.0,43.1,61.6,41.3,1.0,0.7,16.7,Yes,Yes,Low,3.0,Yes,Salle 19,157.0
Male,23.0,GenieCivil,2,93.6,6.0,71.8,73.0,87.6,3.0,3.0,16.3,Yes,Yes,High,1.0,No,Salle 26,177.0
Male,21.0,Electrique,2,70.0,30.0,63.0,97.2,59.0,4.0,0.5,6.3,Yes,No,Middle,0.0,Yes,Salle 6,185.0
Female,19.0,Chimie,2,82.2,0.0,63.4,76.4,63.5,0.0,0.4,8.3,Yes,No,Middle,1.0,No,Salle 18,119.0
Female,22.0,Electrique,4,85.0,15.0,77.7,47.6,59.3,1.0,3.3,10.7,Yes,No,Middle,1.0,Yes,Salle 4,157.0
Male,22.0,Electrique,5,77.5,22.0,39.7,26.8,59.6,1.0,1.0,7.7,Yes,No,Middle,0.0,Yes,Salle 14,80.0
Male,21.0,Mecanique,1,75.7,24.0,68.0,55.2,77.1,1.0,3.9,17.4,No,No,Middle,0.0,Yes,Salle 10,186.0
Female,18.0,Mecanique,1,92.2,8.0,65.4,96.5,53.7,0.0,1.4,13.6,Yes,No,Low,1.0,Yes,Salle 10,186.0
Female,23.0,Mecanique,4,76.7,23.0,91.8,74.9,20.9,2.0,2.6,12.7,Yes,Yes,Middle,0.0,Yes,Salle 24,178.0
Female,21.0,GenieCivil,2,67.8,32.0,77.6,80.4,56.5,3.0,4.3,20.4,Yes,No,Low,1.0,Yes,Salle 22,177.0
Female,22.0,Chimie,3,83.8,16.0,84.5,77.3,65.4,2.0,0.2,1.2,Yes,No,Middle,0.0,Yes,Salle 1,130.0
Female,22.0,Chimie,5,68.4,32.0,66.9,49.5,75.8,1.0,2.3,11.8,Yes,Yes,Low,1.0,Yes,Salle 10,48.0
Male,22.0,Energetique,1,76.4,24.0,47.1,64.4,63.5,1.0,2.7,17.6,Yes,No,High,0.0,Yes,Salle 12,83.0
Male,21.0,Chimie,5,78.1,22.0,62.7,61.6,35.2,1.0,2.5,8.1,Yes,Yes,Middle,1.0,No,Salle 1,48.0
Male,22.0,Mecanique,3,83.5,16.0,73.3,38.6,49.6,1.0,4.9,19.7,Yes,No,Middle,1.0,Yes,Salle 7,212.0
Female,22.0,Electrique,1,94.6,5.0,65.1,33.8,100.0,1.0,0.4,5.9,Yes,No,Low,0.0,Yes,Salle 21,143.0
Male,19.0,GenieCivil,2,100.0,0.0,66.0,68.9,45.5,1.0,0.8,10.5,Yes,No,High,4.0,Yes,Salle 26,177.0
Male,20.0,Mecanique,3,83.6,16.0,59.1,74.6,57.4,0.0,3.5,28.1,Yes,No,Low,1.0,Yes,Salle 21,212.0
Female,22.0,Telecom,1,92.2,8.0,82.8,46.8,46.2,1.0,0.8,14.2,No,No,Low,0.0,No,Salle 15,121.0
Female,22.0,Informatique,4,93.8,6.0,46.1,64.1,51.3,1.0,2.5,18.4,No,Yes,Low,1.0,Yes,Salle 23,230.0
Male,21.0,GenieCivil,5,82.2,31.0,65.1,48.0,58.7,1.0,1.7,10.8,No,Yes,Middle,2.0,Yes,Salle 1,70.0
Male,22.0,Telecom,2,81.0,19.0,64.2,38.6,70.7,2.0,1.4,11.5,No,No,Low,0.0,Yes,Salle 20,161.0
Male,21.0,GenieCivil,2,86.0,14.0,81.2,56.0,100.0,1.0,0.5,7.0,Yes,No,Middle,1.0,Yes,Salle 28,177.0
Female,21.0,Informatique,4,71.6,28.0,64.3,72.5,69.5,1.0,0.3,6.0,Yes,No,Middle,0.0,No,Salle 10,230.0
Female,25.0,Telecom,3,93.2,7.0,80.2,83.4,86.4,1.0,0.7,8.1,Yes,No,High,1.0,Yes,Salle 12,154.0
Male,22.0,Mecanique,2,74.0,26.0,64.5,59.0,72.2,3.0,2.6,18.9,Yes,No,Middle,0.0,No,Salle 18,231.0
Female,21.0,GenieCivil,1,67.4,33.0,69.3,65.0,42.3,1.0,0.7,8.2,Yes,No,High,2.0,Yes,Salle 27,149.0
Male,18.0,GenieCivil,1,76.0,24.0,66.7,54.0,84.0,3.0,1.7,12.8,Yes,No,Middle,0.0,Yes,Salle 16,149.0
Male,22.0,GenieCivil,3,98.4,2.0,85.2,60.7,36.0,0.0,3.7,11.5,Yes,Yes,Low,1.0,No,Salle 5,185.0
Female,19.0,Telecom,1,64.2,36.0,70.7,87.9,46.7,2.0,0.4,7.2,No,No,Middle,0.0,Yes,Salle 27,121.0
Male,25.0,GenieCivil,3,100.0,0.0,79.4,69.2,57.7,0.0,2.0,13.9,Yes,No,Middle,0.0,Yes,Salle 7,185.0
Male,21.0,Electrique,1,91.7,8.0,85.6,46.9,54.0,3.0,1.5,13.4,Yes,No,Low,2.0,Yes,Salle 2,143.0
Male,21.0,Electrique,1,77.3,23.0,76.4,62.1,63.3,2.0,3.0,18.6,Yes,No,Low,3.0,No,Salle 7,143.0
Male,23.0,Telecom,2,100.0,0.0,66.5,68.1,99.5,1.0,0.7,6.5,Yes,No,High,1.0,No,Salle 16,161.0
Female,23.0,Chimie,1,79.3,21.0,79.3,59.9,65.2,1.0,2.2,13.7,Yes,No,Middle,2.0,Yes,Salle 30,96.0
Male,23.0,Informatique,3,91.4,9.0,77.5,73.6,52.3,1.0,0.8,9.4,No,Yes,Middle,2.0,No,Salle 12,263.0
Male,23.0,Electrique,3,79.0,21.0,73.0,49.4,83.2,0.0,4.5,20.5,Yes,No,Middle,1.0,Yes,Salle 12,188.0
Female,22.0,Mecanique,5,87.8,12.0,43.9,74.4,45.6,1.0,0.8,20.3,Yes,Yes,Low,1.0,Yes,Salle 22,67.0
Male,24.0,GenieCivil,4,93.0,7.0,79.0,50.4,71.6,0.0,1.9,12.5,Yes,No,Middle,1.0,Yes,Salle 7,173.0
Female,25.0,Electrique,3,75.2,25.0,70.4,43.9,69.3,0.0,8.1,33.3,Yes,No,Middle,1.0,No,Salle 2,188.0
Male,21.0,Energetique,5,80.3,20.0,67.3,100.0,36.7,1.0,4.3,22.6,Yes,No,Middle,1.0,Yes,Salle 7,40.0
Female,21.0,GenieCivil,3,72.2,28.0,50.9,75.8,69.7,2.0,0.4,8.9,No,No,Middle,2.0,Yes,Salle 10,185.0
Male,19.0,GenieCivil,4,83.6,16.0,94.3,62.5,69.1,2.0,7.3,41.2,Yes,No,Middle,1.0,Yes,Salle 22,173.0
Female,22.0,Informatique,1,86.3,14.0,81.5,30.0,74.3,0.0,2.8,24.4,No,No,Middle,2.0,Yes,Salle 18,248.0
Male,22.0,Mecanique,4,75.0,25.0,59.6,52.8,73.4,0.0,4.1,25.9,No,No,Middle,0.0,No,Salle 26,178.0
Male,18.0,Informatique,4,70.4,30.0,60.0,76.2,72.4,0.0,1.3,8.3,Yes,No,Low,1.0,Yes,Salle 3,230.0
Male,21.0,Electrique,3,55.8,44.0,82.2,61.6,63.3,1.0,2.7,23.3,Yes,No,Low,0.0,Yes,Salle 1,188.0
Female,26.0,Telecom,2,86.4,14.0,90.4,53.6,90.2,0.0,1.4,5.3,Yes,No,Low,1.0,No,Salle 15,161.0
Female,23.0,Mecanique,4,89.1,11.0,66.3,78.3,71.0,3.0,3.0,11.7,Yes,No,Middle,1.0,Yes,Salle 29,178.0
Female,18.0,Electrique,4,77.6,22.0,67.1,48.9,47.6,0.0,0.1,11.5,No,Yes,Middle,0.0,Yes,Salle 6,157.0
Male,20.0,Mecanique,3,78.8,21.0,86.0,38.6,100.0,3.0,1.8,12.5,Yes,No,Middle,3.0,No,Salle 5,212.0
Male,23.0,Telecom,4,62.9,37.0,92.3,44.5,83.1,2.0,0.9,14.9,Yes,No,Low,1.0,Yes,Salle 12,121.0
Male,25.0,Telecom,1,72.3,28.0,75.1,47.3,58.4,0.0,1.8,11.5,No,No,Low,0.0,Yes,Salle 26,121.0
Male,25.0,Energetique,3,87.3,13.0,62.8,81.7,42.0,1.0,2.0,15.1,No,No,High,1.0,Yes,Salle 7,104.0
Female,19.0,Mecanique,4,82.8,17.0,63.7,61.6,33.9,2.0,0.4,12.2,Yes,No,High,1.0,Yes,Salle 25,178.0
Male,25.0,Mecanique,5,86.7,13.0,68.6,69.0,46.6,1.0,2.5,17.9,Yes,Yes,Low,1.0,Yes,Salle 15,67.0
Male,18.0,Mecanique,4,96.2,4.0,67.4,87.0,61.5,2.0,7.4,34.3,Yes,No,High,1.0,Yes,Salle 25,178.0
Male,25.0,GenieCivil,3,84.9,15.0,12.6,64.0,36.3,1.0,1.3,7.9,Yes,No,Middle,0.0,Yes,Salle 26,185.0
Male,23.0,Mecanique,2,80.4,20.0,63.5,82.2,50.7,0.0,2.3,19.5,No,No,Middle,1.0,No,Salle 25,231.0
Male,22.0,Informatique,1,87.4,13.0,49.9,58.6,71.1,3.0,1.8,16.1,No,No,Middle,1.0,No,Salle 9,248.0
Male,22.0,GenieCivil,4,100.0,0.0,59.7,61.6,62.7,1.0,0.2,3.8,No,No,Middle,1.0,Yes,Salle 30,173.0
Female,22.0,GenieCivil,1,96.5,4.0,72.9,40.2,89.3,1.0,7.4,28.7,Yes,No,Low,0.0,Yes,Salle 4,149.0
Male,18.0,Mecanique,3,90.5,10.0,65.4,80.4,67.0,0.0,0.8,17.8,Yes,No,Middle,0.0,Yes,Salle 14,212.0
Male,19.0,Mecanique,5,94.1,6.0,51.5,9.7,42.0,2.0,4.0,20.3,No,No,Middle,0.0,Yes,Salle 11,67.0
Female,23.0,Mecanique,4,79.3,21.0,48.3,70.3,57.3,3.0,0.5,5.9,Yes,No,Low,1.0,Yes,Salle 14,178.0
Male,24.0,GenieCivil,2,79.8,20.0,52.0,53.0,75.7,1.0,2.3,14.5,No,No,Middle,1.0,No,Salle 18,177.0
Male,24.0,Informatique,3,100.0,0.0,80.3,63.6,61.8,0.0,1.5,5.4,Yes,No,Low,0.0,No,Salle 30,263.0
Male,23.0,Mecanique,2,93.3,7.0,72.3,61.6,53.1,0.0,1.4,34.4,Yes,Yes,Middle,0.0,Yes,Salle 19,231.0
Female,23.0,Electrique,3,82.2,30.0,65.0,41.1,71.3,0.0,2.9,21.1,No,Yes,Middle,1.0,No,Salle 9,188.0
Male,22.0,GenieCivil,3,77.4,23.0,88.3,78.0,73.7,1.0,1.5,11.5,No,No,Low,0.0,Yes,Salle 16,185.0
Female,20.0,Chimie,3,69.4,31.0,62.8,61.6,58.9,0.0,3.7,19.7,No,No,Middle,3.0,Yes,Salle 15,130.0
Male,22.0,Electrique,5,87.8,12.0,40.9,81.6,52.8,1.0,1.1,16.3,No,No,Middle,1.0,Yes,Salle 2,80.0
Male,26.0,GenieCivil,2,84.3,16.0,68.8,75.9,96.9,1.0,1.6,13.0,Yes,No,Middle,2.0,Yes,Salle 22,177.0
Male,20.0,Mecanique,3,63.2,37.0,61.7,57.9,63.5,3.0,7.3,33.1,Yes,No,Low,1.0,Yes,Salle 1,212.0
Female,21.0,Electrique,4,98.0,2.0,73.0,19.7,84.9,3.0,2.6,10.9,Yes,No,Middle,1.0,Yes,Salle 18,157.0
Male,19.0,Energetique,4,100.0,0.0,42.0,48.2,58.3,0.0,0.9,11.5,Yes,No,Low,0.0,Yes,Salle 21,70.0
Female,22.0,Telecom,5,70.8,29.0,52.2,52.6,67.8,4.0,0.7,12.3,Yes,No,Middle,1.0,Yes,Salle 2,60.0
Male,22.0,Telecom,1,90.3,10.0,46.3,42.2,44.9,3.0,1.0,15.6,Yes,No,High,1.0,No,Salle 11,121.0
Female,20.0,Informatique,4,80.0,20.0,68.6,73.1,76.5,0.0,0.8,2.0,Yes,Yes,High,2.0,Yes,Salle 29,230.0
Male,25.0,Mecanique,3,86.1,14.0,77.1,74.1,64.4,1.0,0.4,11.5,Yes,No,Low,1.0,Yes,Salle 26,212.0
Female,22.0,Electrique,2,81.8,18.0,49.0,74.5,54.6,0.0,1.9,11.1,No,No,Middle,2.0,Yes,Salle 5,185.0
Male,24.0,Telecom,3,73.7,26.0,76.7,40.1,77.9,1.0,0.3,11.4,Yes,No,Middle,0.0,Yes,Salle 12,154.0
Male,24.0,Energetique,2,76.5,24.0,76.2,56.8,73.9,1.0,0.1,6.9,Yes,No,Low,1.0,No,Salle 14,71.0
Female,23.0,Informatique,2,99.9,0.0,77.6,61.6,79.0,1.0,0.8,0.0,Yes,No,Middle,0.0,No,Salle 21,298.0
Female,24.0,Informatique,4,69.7,30.0,80.7,50.4,50.1,4.0,3.5,14.8,Yes,No,Middle,1.0,Yes,Salle 24,230.0
Male,20.0,Chimie,4,82.2,36.0,86.0,68.2,96.1,1.0,2.3,13.5,Yes,No,Low,1.0,Yes,Salle 16,93.0
Male,24.0,Electrique,3,70.4,30.0,44.0,44.4,13.0,2.0,0.1,0.0,Yes,No,Middle,2.0,Yes,Salle 29,188.0
Male,21.0,Telecom,3,68.5,32.0,51.2,68.4,46.4,1.0,2.0,11.5,Yes,No,High,0.0,No,Salle 23,154.0
Male,20.0,Chimie,4,94.2,6.0,58.3,31.4,72.1,1.0,1.1,7.5,No,Yes,Low,0.0,Yes,Salle 21,93.0
Female,21.0,Informatique,4,87.0,13.0,50.8,100.0,65.1,0.0,0.1,12.0,Yes,No,Middle,1.0,Yes,Salle 27,230.0
Female,24.0,Electrique,4,85.8,14.0,54.7,38.4,70.0,2.0,2.9,12.4,Yes,No,Middle,2.0,No,Salle 19,157.0
Male,23.0,GenieCivil,5,67.8,32.0,44.2,90.0,66.4,0.0,1.1,18.0,Yes,No,Middle,2.0,Yes,Salle 27,70.0
Female,20.0,GenieCivil,3,70.3,30.0,87.3,38.9,72.8,1.0,0.0,6.9,Yes,Yes,Middle,1.0,Yes,Salle 9,185.0
Female,25.0,GenieCivil,2,73.3,27.0,56.7,83.8,62.4,0.0,3.8,18.8,No,No,Middle,1.0,Yes,Salle 9,177.0
Male,23.0,GenieCivil,1,84.9,15.0,65.1,100.0,41.7,0.0,0.9,3.3,Yes,No,Middle,0.0,Yes,Salle 27,149.0
Male,20.0,Energetique,2,77.3,23.0,81.2,88.5,85.2,1.0,1.7,15.2,Yes,No,Low,0.0,Yes,Salle 12,71.0
Male,25.0,Mecanique,3,74.2,26.0,62.4,64.0,64.0,1.0,1.8,6.7,No,No,Middle,1.0,Yes,Salle 28,212.0
Male,21.0,GenieCivil,3,95.5,4.0,57.6,52.2,63.5,0.0,6.6,31.5,Yes,No,Middle,1.0,No,Salle 1,185.0
Female,20.0,Informatique,3,90.2,10.0,67.4,76.3,75.1,1.0,0.3,11.5,Yes,No,Middle,0.0,Yes,Salle 6,263.0
Female,19.0,Informatique,3,69.6,30.0,77.2,76.1,65.5,1.0,3.4,26.3,No,No,Middle,0.0,Yes,Salle 24,263.0
Male,22.0,Informatique,1,65.1,35.0,65.1,51.8,24.6,1.0,0.3,3.9,No,Yes,Middle,1.0,Yes,Salle 1,248.0
Female,23.0,GenieCivil,1,81.3,19.0,76.4,58.5,77.4,1.0,2.1,12.9,Yes,No,Middle,2.0,Yes,Salle 24,149.0
Male,21.0,Electrique,1,94.6,5.0,37.6,64.1,47.1,0.0,1.8,19.5,Yes,No,Middle,2.0,Yes,Salle 26,143.0
Male,23.0,Informatique,3,70.6,29.0,62.7,51.4,68.4,1.0,0.3,6.8,No,No,Middle,1.0,Yes,Salle 30,263.0
Male,22.0,Chimie,1,92.2,8.0,61.5,40.7,85.8,2.0,0.5,5.0,Yes,No,Low,1.0,Yes,Salle 13,96.0
Male,20.0,Telecom,1,63.6,36.0,55.3,53.6,47.8,2.0,1.2,7.3,Yes,No,Middle,1.0,No,Salle 12,121.0
Female,20.0,GenieCivil,3,72.8,27.0,65.1,47.2,42.5,1.0,1.0,9.1,Yes,No,Middle,1.0,No,Salle 25,185.0
Male,20.0,Chimie,1,80.6,19.0,54.6,81.7,45.0,1.0,0.4,0.0,Yes,No,Middle,1.0,Yes,Salle 10,96.0
Male,23.0,Mecanique,1,80.7,19.0,56.2,50.7,83.2,2.0,1.4,26.6,No,No,Low,0.0,Yes,Salle 16,186.0
Female,20.0,Informatique,2,80.1,20.0,56.0,48.9,55.7,1.0,1.4,21.1,Yes,No,Low,0.0,No,Salle 13,298.0
Female,23.0,Mecanique,2,67.7,32.0,65.1,57.7,100.0,1.0,3.1,18.0,Yes,No,Middle,1.0,No,Salle 17,231.0
Male,21.0,GenieCivil,2,57.9,42.0,91.1,37.6,63.5,5.0,0.7,7.5,No,No,Middle,0.0,Yes,Salle 10,177.0
Male,21.0,Telecom,1,68.8,31.0,71.1,61.6,64.0,4.0,0.7,4.9,No,Yes,Low,1.0,Yes,Salle 26,121.0
Male,22.0,Energetique,3,96.1,4.0,46.1,68.3,100.0,1.0,1.7,17.0,No,No,Middle,1.0,No,Salle 7,104.0
Male,24.0,Electrique,1,85.8,14.0,86.7,48.9,63.5,0.0,4.0,21.2,No,Yes,Low,1.0,Yes,Salle 26,143.0
Female,20.0,Informatique,4,90.7,9.0,45.3,54.0,47.8,1.0,0.7,9.2,No,No,Middle,2.0,Yes,Salle 23,230.0
Male,20.0,Informatique,2,68.4,32.0,60.5,59.7,73.4,2.0,0.5,13.1,Yes,No,High,0.0,Yes,Salle 28,298.0
Male,20.0,Electrique,1,93.6,6.0,72.1,27.1,33.4,0.0,1.4,4.6,Yes,No,Middle,4.0,Yes,Salle 25,143.0
Male,26.0,Informatique,4,70.1,30.0,71.7,73.4,93.4,1.0,3.2,13.6,Yes,No,Middle,1.0,Yes,Salle 6,230.0
Male,22.0,GenieCivil,2,79.4,21.0,69.1,48.9,52.1,0.0,1.9,9.5,Yes,Yes,Middle,1.0,Yes,Salle 29,177.0
Female,23.0,GenieCivil,1,82.2,10.0,57.6,84.6,68.4,3.0,1.3,11.5,No,No,Middle,1.0,Yes,Salle 4,149.0
Male,19.0,Energetique,3,83.5,16.0,75.2,73.6,79.6,1.0,4.0,21.0,Yes,Yes,Low,1.0,Yes,Salle 30,104.0
Female,19.0,Mecanique,2,78.0,22.0,45.8,61.6,55.7,2.0,1.0,11.1,Yes,No,High,2.0,Yes,Salle 4,231.0
Male,25.0,Energetique,4,79.8,20.0,57.1,71.6,62.2,0.0,0.8,14.1,Yes,No,Middle,1.0,No,Salle 26,70.0
Female,20.0,Informatique,2,100.0,0.0,69.7,47.7,90.0,0.0,0.2,9.6,No,No,Low,1.0,Yes,Salle 14,298.0
Female,19.0,Energetique,2,51.7,48.0,59.7,56.8,73.7,2.0,0.5,4.1,No,No,Middle,0.0,Yes,Salle 7,71.0
Female,18.0,Energetique,3,99.5,0.0,37.3,87.1,49.0,1.0,1.3,13.6,No,No,Low,1.0,Yes,Salle 21,104.0
Female,25.0,Energetique,3,82.7,17.0,53.6,53.0,61.1,1.0,3.9,21.7,No,No,Middle,0.0,Yes,Salle 20,104.0
Male,20.0,Mecanique,4,90.7,9.0,53.3,37.9,71.1,5.0,4.0,19.6,Yes,No,Middle,1.0,Yes,Salle 21,178.0
Female,17.0,Informatique,4,74.9,25.0,89.6,43.4,44.9,1.0,3.6,17.4,No,No,Middle,2.0,No,Salle 26,230.0
Female,17.0,GenieCivil,5,100.0,0.0,46.5,61.6,91.1,0.0,4.8,27.2,Yes,Yes,High,0.0,No,Salle 5,70.0
Female,25.0,Informatique,1,75.8,24.0,40.8,100.0,66.1,1.0,2.9,14.4,No,No,Middle,0.0,Yes,Salle 5,248.0
Male,23.0,Informatique,3,72.7,27.0,39.6,65.1,35.8,2.0,1.7,13.8,Yes,No,Middle,0.0,Yes,Salle 5,263.0
Male,24.0,Electrique,2,85.5,14.0,66.5,60.1,67.1,0.0,0.6,8.9,Yes,No,Low,1.0,Yes,Salle 27,185.0
Male,21.0,Electrique,4,100.0,0.0,48.2,61.6,46.9,1.0,4.0,16.6,Yes,No,Middle,1.0,No,Salle 20,157.0
Male,22.0,Chimie,4,85.1,15.0,46.4,69.0,40.9,0.0,5.1,25.5,Yes,No,Middle,1.0,Yes,Salle 5,93.0
Female,24.0,Telecom,4,95.5,4.0,75.4,48.7,58.4,1.0,0.3,2.0,Yes,No,Low,1.0,Yes,Salle 23,121.0
Male,17.0,Energetique,4,68.7,31.0,83.3,77.9,63.5,1.0,0.8,6.4,Yes,No,Middle,0.0,No,Salle 22,70.0
Male,27.0,Energetique,1,69.0,31.0,57.6,45.0,53.9,2.0,0.3,8.2,Yes,No,Middle,1.0,Yes,Salle 29,83.0
Female,26.0,Telecom,3,81.4,19.0,69.4,61.1,76.3,1.0,2.9,15.6,Yes,No,Low,2.0,Yes,Salle 13,154.0
Female,23.0,Mecanique,2,96.3,4.0,57.4,95.7,88.7,1.0,3.3,12.4,Yes,Yes,Middle,1.0,Yes,Salle 17,231.0
Female,26.0,GenieCivil,4,71.6,28.0,37.5,29.7,50.4,0.0,4.3,25.2,Yes,No,Low,0.0,Yes,Salle 8,173.0
Male,21.0,Mecanique,2,76.9,23.0,60.4,36.8,58.2,0.0,0.1,3.8,No,Yes,High,0.0,Yes,Salle 26,231.0
Male,25.0,Telecom,3,55.4,45.0,58.6,52.1,66.3,0.0,0.2,7.7,No,No,Middle,1.0,Yes,Salle 26,154.0
Male,21.0,Mecanique,5,85.8,14.0,78.6,85.5,80.6,1.0,1.1,12.9,No,Yes,Middle,1.0,Yes,Salle 8,67.0
Male,23.0,Energetique,3,89.1,11.0,68.4,76.2,81.5,1.0,1.3,9.6,Yes,No,Middle,0.0,Yes,Salle 18,104.0
Female,20.0,Informatique,2,87.9,12.0,51.0,71.1,90.1,0.0,0.2,3.4,Yes,Yes,Middle,0.0,Yes,Salle 14,298.0
Male,25.0,GenieCivil,4,63.1,37.0,68.0,58.0,41.1,1.0,1.8,17.4,Yes,No,High,0.0,Yes,Salle 23,173.0
Male,22.0,Electrique,2,81.0,19.0,56.4,56.2,4.9,1.0,0.8,7.9,No,No,Middle,0.0,No,Salle 25,185.0
Female,22.0,GenieCivil,2,87.5,12.0,72.5,74.1,86.0,1.0,0.5,6.4,Yes,No,Middle,3.0,No,Salle 20,177.0
Male,24.0,Informatique,3,78.5,22.0,77.2,69.5,86.4,1.0,0.4,7.6,Yes,No,High,0.0,Yes,Salle 5,263.0
Female,17.0,Electrique,1,87.7,12.0,55.1,33.8,85.0,2.0,1.1,5.6,No,No,Middle,1.0,Yes,Salle 7,143.0
Male,22.0,Electrique,3,60.4,40.0,70.1,84.8,68.1,0.0,1.1,8.3,No,Yes,Middle,0.0,No,Salle 23,188.0
Female,18.0,Electrique,2,72.7,27.0,29.9,78.1,63.4,2.0,0.8,0.4,Yes,No,Middle,2.0,Yes,Salle 5,185.0
Male,23.0,Energetique,1,80.8,19.0,70.5,43.9,62.8,1.0,1.0,8.3,Yes,No,Middle,0.0,No,Salle 15,83.0
Male,19.0,Chimie,5,67.9,32.0,48.9,42.3,75.2,0.0,0.3,9.6,Yes,No,Low,2.0,No,Salle 30,48.0
Male,23.0,GenieCivil,4,76.4,24.0,80.0,57.3,75.7,1.0,1.1,2.6,No,No,Middle,1.0,Yes,Salle 15,173.0
Male,22.0,Informatique,2,93.1,7.0,65.1,44.3,67.2,2.0,1.0,11.5,No,No,Low,1.0,Yes,Salle 12,298.0
Male,23.0,Chimie,3,80.9,19.0,67.1,36.4,87.7,1.0,1.7,11.3,No,No,Low,4.0,Yes,Salle 5,130.0
Female,20.0,Electrique,3,93.0,7.0,76.2,61.6,76.0,2.0,1.4,11.9,Yes,No,Middle,0.0,Yes,Salle 12,188.0
Male,23.0,Informatique,2,68.3,32.0,49.4,75.8,50.9,2.0,1.4,14.3,Yes,Yes,Middle,2.0,Yes,Salle 16,298.0
Male,20.0,Informatique,2,72.0,28.0,56.4,61.6,56.0,2.0,1.8,16.4,Yes,No,Middle,0.0,Yes,Salle 24,298.0
Male,19.0,Telecom,3,90.8,9.0,55.0,48.9,60.0,3.0,0.5,0.0,Yes,No,Middle,2.0,No,Salle 27,154.0
Male,22.0,Chimie,3,81.3,19.0,45.5,50.2,65.3,2.0,4.9,11.5,No,No,High,0.0,Yes,Salle 26,130.0
Female,21.0,Chimie,2,63.3,37.0,80.8,100.0,86.4,0.0,1.3,9.3,No,No,Middle,1.0,Yes,Salle 10,119.0
Female,21.0,GenieCivil,1,84.9,15.0,93.3,63.8,68.6,2.0,2.7,14.7,Yes,No,Middle,3.0,No,Salle 1,149.0
Male,22.0,Mecanique,2,89.1,11.0,53.7,55.5,90.1,1.0,0.1,10.5,Yes,No,High,1.0,Yes,Salle 3,231.0
Female,17.0,Mecanique,2,86.7,13.0,55.9,51.6,89.7,0.0,2.2,16.0,Yes,No,Low,1.0,No,Salle 23,231.0
Male,21.0,Mecanique,3,70.5,30.0,79.6,72.8,66.2,0.0,3.0,19.1,No,No,Middle,2.0,Yes,Salle 23,212.0
Female,24.0,Electrique,5,81.7,18.0,84.1,16.9,72.8,2.0,3.3,11.5,No,Yes,Middle,1.0,Yes,Salle 16,80.0
Male,22.0,Electrique,2,100.0,0.0,71.0,79.6,57.4,1.0,3.7,16.1,Yes,No,Low,0.0,Yes,Salle 29,185.0
Male,24.0,GenieCivil,3,83.9,16.0,88.8,48.3,57.3,1.0,1.7,12.6,No,No,Low,2.0,Yes,Salle 21,185.0
Female,24.0,Chimie,3,81.1,19.0,69.8,78.5,70.7,1.0,2.0,14.0,Yes,No,Middle,1.0,No,Salle 13,130.0
Female,18.0,Mecanique,2,82.6,17.0,65.1,59.7,100.0,3.0,2.2,9.8,Yes,No,Middle,1.0,Yes,Salle 21,231.0
Male,22.0,Electrique,2,79.7,20.0,56.2,91.9,69.3,0.0,2.1,13.7,Yes,No,Middle,3.0,Yes,Salle 13,185.0
Female,22.0,Electrique,3,60.4,40.0,66.0,48.7,87.5,2.0,1.8,11.4,No,No,Low,1.0,No,Salle 16,188.0
Female,17.0,Informatique,4,80.8,19.0,85.1,82.6,5.7,1.0,1.3,10.8,Yes,No,Middle,3.0,Yes,Salle 29,230.0
Male,23.0,Electrique,3,78.1,22.0,66.1,85.1,29.7,1.0,3.5,18.4,Yes,No,Middle,3.0,Yes,Salle 24,188.0
Male,23.0,Telecom,1,98.4,2.0,93.3,55.5,70.6,0.0,1.4,9.9,Yes,No,Middle,2.0,Yes,Salle 16,121.0
Male,24.0,Informatique,2,84.2,16.0,53.1,58.2,63.9,2.0,3.7,20.9,Yes,No,Middle,1.0,Yes,Salle 28,298.0
Female,18.0,Electrique,4,94.6,5.0,60.8,83.8,79.3,3.0,0.6,0.4,Yes,No,Middle,1.0,Yes,Salle 7,157.0
Male,22.0,Informatique,1,100.0,0.0,44.5,52.2,71.7,0.0,2.0,12.2,Yes,No,Middle,2.0,Yes,Salle 2,248.0
Female,24.0,Telecom,1,85.6,14.0,80.6,97.9,62.7,1.0,2.0,8.4,Yes,No,Middle,1.0,Yes,Salle 26,121.0
Male,21.0,GenieCivil,1,96.4,4.0,81.9,65.4,56.0,0.0,1.8,11.5,No,No,Middle,5.0,Yes,Salle 29,149.0
Male,24.0,Telecom,2,94.8,5.0,78.5,72.8,84.3,2.0,0.5,11.5,Yes,No,Middle,1.0,Yes,Salle 26,161.0
Male,21.0,Informatique,4,98.3,2.0,71.9,47.3,95.9,0.0,2.1,8.5,No,No,Low,3.0,Yes,Salle 11,230.0
Male,21.0,GenieCivil,4,82.6,17.0,66.8,44.5,63.5,2.0,2.1,7.3,Yes,No,Middle,1.0,No,Salle 19,173.0
Male,18.0,Telecom,3,87.4,13.0,43.1,61.6,52.0,1.0,2.9,17.3,Yes,Yes,Low,0.0,Yes,Salle 23,154.0
Female,22.0,Telecom,2,85.7,14.0,75.6,61.6,51.7,1.0,0.6,4.7,Yes,No,High,1.0,Yes,Salle 16,161.0
Male,22.0,GenieCivil,3,73.3,27.0,79.6,75.8,83.7,1.0,7.3,32.6,No,No,Low,1.0,Yes,Salle 5,185.0
Male,21.0,Telecom,3,93.4,7.0,68.5,21.5,59.7,3.0,0.1,0.0,Yes,No,Middle,0.0,Yes,Salle 17,154.0
Female,21.0,Electrique,2,61.3,39.0,72.2,56.5,100.0,1.0,1.0,10.0,No,No,Middle,3.0,No,Salle 8,185.0
Female,19.0,Mecanique,1,100.0,0.0,54.7,90.8,47.1,2.0,1.4,13.5,No,No,High,1.0,Yes,Salle 13,186.0
Male,20.0,Electrique,4,89.9,10.0,60.1,58.2,58.8,1.0,0.9,9.3,No,No,Middle,2.0,Yes,Salle 20,157.0
Male,19.0,Telecom,1,88.1,12.0,81.1,75.9,62.1,2.0,1.4,1.1,Yes,Yes,Middle,2.0,Yes,Salle 13,121.0
Male,24.0,Mecanique,1,100.0,0.0,44.4,59.9,97.0,4.0,0.9,10.6,Yes,No,Middle,1.0,Yes,Salle 26,186.0
Female,23.0,GenieCivil,2,79.3,21.0,72.7,61.2,65.2,0.0,3.1,15.4,Yes,No,Low,2.0,No,Salle 5,177.0
Female,23.0,Informatique,1,82.4,18.0,62.0,61.6,58.0,2.0,4.9,19.2,No,No,Middle,0.0,Yes,Salle 22,248.0
Male,19.0,Electrique,4,67.5,32.0,76.6,71.7,54.1,1.0,1.4,18.4,Yes,No,Middle,1.0,Yes,Salle 3,157.0
Female,22.0,Informatique,1,64.9,35.0,60.7,81.1,60.0,1.0,1.0,7.4,No,No,Middle,2.0,Yes,Salle 8,248.0
Female,23.0,Electrique,3,100.0,0.0,82.5,46.7,78.5,0.0,0.2,7.2,Yes,No,Middle,0.0,Yes,Salle 7,188.0
Male,20.0,Informatique,4,72.6,27.0,58.0,76.3,83.9,2.0,1.3,3.3,Yes,No,Middle,1.0,No,Salle 10,230.0
Female,24.0,Telecom,5,82.7,17.0,62.5,64.8,43.8,1.0,0.4,1.3,Yes,No,High,1.0,No,Salle 28,60.0
Male,23.0,Mecanique,3,77.2,23.0,73.4,61.6,48.9,1.0,0.9,10.7,Yes,No,Middle,1.0,Yes,Salle 30,212.0
Male,23.0,Mecanique,4,94.5,6.0,65.8,86.8,45.8,2.0,0.4,7.8,No,No,Low,1.0,No,Salle 8,178.0
Male,22.0,Telecom,1,90.4,10.0,50.7,77.6,60.4,2.0,0.9,6.4,No,No,Middle,1.0,Yes,Salle 11,121.0
Male,21.0,Electrique,3,82.2,25.0,69.8,89.2,79.4,0.0,1.6,10.7,No,Yes,Low,1.0,Yes,Salle 22,188.0
Male,25.0,Telecom,1,96.3,4.0,71.8,50.1,91.2,2.0,0.8,12.1,No,No,High,0.0,Yes,Salle 16,121.0
Male,19.0,GenieCivil,2,66.0,34.0,77.1,54.7,78.8,2.0,1.7,9.6,Yes,Yes,High,1.0,No,Salle 1,177.0
Male,24.0,Informatique,1,77.4,23.0,61.6,61.6,100.0,2.0,0.6,10.9,Yes,No,Middle,1.0,Yes,Salle 24,248.0
Male,24.0,Informatique,1,93.4,7.0,51.8,53.7,85.5,0.0,6.2,11.5,Yes,No,Middle,0.0,Yes,Salle 19,248.0
Male,23.0,Chimie,2,82.2,1.0,39.4,65.8,78.6,0.0,0.1,11.5,No,Yes,High,0.0,Yes,Salle 13,119.0
Male,22.0,Chimie,4,82.5,18.0,42.7,79.7,60.7,1.0,2.0,16.3,Yes,Yes,Low,1.0,Yes,Salle 26,93.0
Female,21.0,Chimie,3,72.6,27.0,44.1,64.3,63.5,3.0,4.9,26.6,Yes,No,Middle,1.0,Yes,Salle 30,130.0
Female,20.0,Mecanique,2,75.7,24.0,65.1,93.0,90.7,1.0,0.2,3.3,Yes,No,Middle,1.0,Yes,Salle 11,231.0
Male,21.0,Informatique,5,66.9,33.0,35.6,45.6,70.3,0.0,3.7,12.3,Yes,No,Middle,1.0,Yes,Salle 2,109.0
Male,19.0,Electrique,2,81.4,19.0,63.2,55.8,63.0,2.0,1.2,11.5,Yes,No,Middle,3.0,No,Salle 8,185.0
Other,18.0,GenieCivil,3,79.1,21.0,65.1,80.2,59.8,2.0,1.5,8.5,No,No,Middle,1.0,No,Salle 17,185.0
Male,23.0,Energetique,4,79.6,20.0,40.8,44.5,38.0,1.0,1.4,7.2,Yes,No,Middle,0.0,No,Salle 11,70.0
Male,19.0,Informatique,2,71.5,28.0,76.2,56.3,91.7,1.0,1.3,7.5,Yes,No,Middle,2.0,Yes,Salle 12,298.0
Male,23.0,Telecom,4,82.3,18.0,49.0,81.9,72.6,1.0,0.5,6.9,Yes,No,Middle,0.0,Yes,Salle 2,121.0
Male,23.0,Electrique,3,91.6,8.0,65.1,91.6,68.5,1.0,0.8,9.7,Yes,No,Low,2.0,Yes,Salle 26,188.0
Male,22.0,Informatique,4,62.1,38.0,55.7,77.4,82.7,2.0,3.2,20.5,Yes,Yes,Low,2.0,No,Salle 25,230.0
Other,22.0,Informatique,4,88.6,11.0,65.1,40.4,79.7,1.0,2.1,7.4,Yes,No,Middle,2.0,Yes,Salle 15,230.0
Male,19.0,Mecanique,4,97.9,2.0,73.0,53.7,49.0,2.0,0.4,11.6,Yes,No,Middle,1.0,Yes,Salle 20,178.0
Male,20.0,Energetique,3,93.1,7.0,70.8,76.6,88.5,1.0,1.0,11.5,Yes,No,Low,1.0,No,Salle 1,104.0
Other,21.0,GenieCivil,4,54.2,46.0,32.6,70.8,56.3,1.0,1.3,10.5,No,No,Middle,0.0,Yes,Salle 11,173.0
Female,18.0,Electrique,3,59.7,40.0,88.6,54.9,34.8,1.0,2.1,12.5,Yes,No,Middle,1.0,No,Salle 10,188.0
Male,20.0,Telecom,2,90.4,10.0,61.2,80.7,49.6,0.0,0.3,3.3,Yes,No,Middle,2.0,No,Salle 13,161.0
Male,23.0,Mecanique,4,80.0,20.0,44.4,56.8,26.2,2.0,0.3,6.9,Yes,Yes,Middle,1.0,Yes,Salle 6,178.0
Male,25.0,GenieCivil,2,79.9,20.0,63.2,57.7,48.9,0.0,2.6,11.5,Yes,No,Low,2.0,Yes,Salle 10,177.0
Male,25.0,GenieCivil,2,68.9,31.0,86.3,83.9,67.6,2.0,0.7,9.5,Yes,No,Middle,2.0,Yes,Salle 18,177.0
Male,22.0,Telecom,2,88.8,11.0,68.0,45.3,46.1,0.0,7.7,37.9,Yes,No,Middle,0.0,Yes,Salle 27,161.0
Male,25.0,Informatique,2,84.5,16.0,65.6,61.6,11.8,1.0,1.2,4.2,No,No,Middle,0.0,No,Salle 13,298.0
Female,25.0,Informatique,4,92.5,8.0,42.4,32.2,68.0,1.0,1.2,15.9,Yes,No,Middle,1.0,No,Salle 15,230.0
Female,19.0,GenieCivil,3,66.8,33.0,64.7,86.3,54.8,0.0,0.4,9.5,Yes,Yes,Middle,1.0,Yes,Salle 19,185.0
Male,24.0,Informatique,3,92.8,7.0,79.5,73.8,64.7,1.0,0.7,5.3,Yes,No,Low,1.0,Yes,Salle 7,263.0
Female,22.0,Mecanique,4,100.0,0.0,53.3,80.2,65.2,1.0,0.1,11.6,Yes,No,High,1.0,No,Salle 21,178.0
Male,21.0,GenieCivil,3,86.0,14.0,92.9,50.0,63.5,2.0,2.0,6.5,No,No,Middle,0.0,Yes,Salle 7,185.0
Male,22.0,Informatique,5,73.2,27.0,46.2,64.9,11.3,0.0,5.4,25.0,Yes,Yes,Low,0.0,Yes,Salle 1,109.0
Male,19.0,Electrique,2,82.2,17.0,68.8,25.2,22.9,1.0,1.7,15.7,Yes,Yes,Low,2.0,No,Salle 13,185.0
Male,20.0,Chimie,3,73.8,26.0,70.0,67.2,54.7,3.0,0.4,11.5,No,No,Low,1.0,Yes,Salle 20,130.0
Male,21.0,Energetique,1,69.3,31.0,67.9,61.6,81.8,1.0,1.4,18.2,Yes,No,Middle,1.0,Yes,Salle 5,83.0
Male,22.0,Telecom,1,92.7,7.0,81.5,49.4,41.8,3.0,7.1,36.0,Yes,No,Middle,0.0,No,Salle 6,121.0
Male,22.0,Informatique,2,93.0,7.0,50.9,46.0,79.1,4.0,1.4,22.1,No,No,Middle,1.0,No,Salle 18,298.0
Male,18.0,Electrique,4,82.2,12.0,56.8,42.0,43.1,1.0,0.8,11.0,Yes,No,Low,1.0,Yes,Salle 8,157.0
Male,22.0,Telecom,4,84.9,15.0,54.0,100.0,78.8,0.0,1.0,14.7,Yes,No,Middle,0.0,Yes,Salle 21,121.0
Female,20.0,Chimie,2,78.4,22.0,65.1,56.2,42.2,0.0,0.9,8.7,Yes,No,High,2.0,Yes,Salle 20,119.0
Male,28.0,Mecanique,3,90.2,10.0,59.4,58.8,100.0,1.0,0.3,3.3,Yes,No,Middle,1.0,No,Salle 4,212.0
Male,19.0,Informatique,2,87.8,12.0,69.7,31.4,33.4,0.0,1.2,11.5,Yes,No,Middle,0.0,Yes,Salle 5,298.0
Male,24.0,Telecom,1,82.2,34.0,63.6,67.7,79.2,2.0,1.4,14.9,Yes,No,Middle,2.0,Yes,Salle 22,121.0
Female,22.0,GenieCivil,4,82.1,18.0,49.7,77.6,88.6,0.0,1.4,11.5,Yes,No,Middle,1.0,Yes,Salle 6,173.0
Male,25.0,Informatique,2,60.9,39.0,69.3,53.6,56.6,0.0,1.4,13.3,No,Yes,Middle,1.0,Yes,Salle 22,298.0
Male,21.0,Electrique,2,74.5,26.0,70.9,37.0,48.9,5.0,1.4,7.6,Yes,No,Middle,1.0,Yes,Salle 14,185.0
Male,21.0,Mecanique,2,100.0,0.0,56.8,79.8,54.0,1.0,0.7,8.9,Yes,No,Middle,1.0,Yes,Salle 20,231.0
Female,23.0,GenieCivil,2,78.1,22.0,63.9,71.8,48.6,1.0,0.4,0.0,Yes,No,Middle,1.0,No,Salle 25,177.0
Male,21.0,GenieCivil,1,71.0,29.0,82.6,55.8,45.9,4.0,0.1,5.0,No,No,Middle,0.0,No,Salle 25,149.0
Male,23.0,Informatique,1,97.5,2.0,78.7,61.1,36.5,1.0,1.3,8.5,No,No,High,3.0,No,Salle 1,248.0
Female,23.0,Chimie,2,64.8,35.0,37.1,76.3,95.1,0.0,1.4,17.9,Yes,No,Low,1.0,No,Salle 13,119.0
Male,24.0,Informatique,4,82.9,17.0,81.6,35.4,38.6,1.0,1.4,13.9,Yes,No,High,0.0,Yes,Salle 9,230.0
Female,23.0,GenieCivil,4,98.7,1.0,37.4,65.2,89.0,1.0,5.8,23.0,Yes,No,Middle,1.0,Yes,Salle 2,173.0
Male,20.0,Mecanique,3,69.0,31.0,57.7,92.8,80.4,2.0,0.0,5.0,Yes,No,Low,1.0,Yes,Salle 1,212.0
Male,19.0,GenieCivil,4,75.3,25.0,66.2,70.3,70.9,1.0,1.1,10.2,Yes,Yes,Middle,0.0,Yes,Salle 10,173.0
Male,24.0,Informatique,5,62.0,38.0,72.3,36.2,83.0,1.0,0.7,8.6,Yes,No,Middle,2.0,Yes,Salle 20,109.0
Male,25.0,Energetique,3,82.2,27.0,86.9,100.0,58.2,1.0,0.2,5.5,Yes,No,Middle,0.0,Yes,Salle 26,104.0
Female,21.0,Chimie,4,47.8,52.0,76.2,93.7,88.4,3.0,0.5,6.5,Yes,No,Middle,0.0,Yes,Salle 12,93.0
Male,21.0,Informatique,2,94.3,6.0,69.6,58.2,86.1,1.0,6.5,32.3,Yes,No,Middle,0.0,Yes,Salle 17,298.0
Female,22.0,Mecanique,3,62.8,37.0,77.5,57.4,55.3,1.0,5.4,24.5,No,No,Low,0.0,No,Salle 12,212.0
Female,18.0,GenieCivil,1,93.8,6.0,60.3,66.9,71.5,1.0,3.4,14.9,Yes,No,Middle,2.0,Yes,Salle 22,149.0
Female,20.0,Mecanique,1,79.8,20.0,59.1,54.4,51.1,1.0,1.1,8.8,Yes,Yes,Low,0.0,No,Salle 24,186.0
Female,23.0,Electrique,4,89.1,11.0,45.5,77.1,41.9,0.0,0.7,5.0,No,No,Middle,0.0,Yes,Salle 26,157.0
Female,21.0,Energetique,2,74.9,25.0,68.5,67.4,82.4,2.0,0.8,5.4,Yes,No,Middle,4.0,No,Salle 6,71.0
Female,20.0,GenieCivil,4,100.0,0.0,68.8,40.0,42.8,2.0,1.4,9.6,Yes,No,Low,0.0,Yes,Salle 16,173.0
Female,24.0,Energetique,1,80.8,19.0,55.3,65.3,82.6,1.0,2.2,15.2,Yes,Yes,Middle,0.0,Yes,Salle 16,83.0
Female,19.0,Informatique,4,65.7,34.0,43.6,56.7,63.5,1.0,2.5,19.3,Yes,No,High,0.0,No,Salle 25,230.0
Female,20.0,Telecom,3,85.0,15.0,50.1,62.0,63.5,2.0,6.4,27.7,Yes,Yes,Middle,0.0,Yes,Salle 19,154.0
Female,20.0,Mecanique,4,77.2,23.0,58.8,61.7,63.5,1.0,0.4,1.1,Yes,No,Low,0.0,Yes,Salle 20,178.0
Male,23.0,Mecanique,3,89.6,10.0,60.4,74.9,82.1,3.0,2.1,13.7,No,No,High,0.0,Yes,Salle 26,212.0
Male,22.0,Mecanique,1,75.4,25.0,22.7,65.2,69.4,1.0,1.4,7.6,Yes,No,Middle,2.0,Yes,Salle 1,186.0
Male,20.0,Electrique,4,83.6,16.0,53.7,26.0,56.6,0.0,1.8,10.2,No,No,Middle,1.0,Yes,Salle 19,157.0
Male,19.0,Informatique,3,89.2,11.0,85.5,65.6,62.5,3.0,2.7,17.8,Yes,No,Middle,1.0,No,Salle 16,263.0
Female,20.0,Mecanique,1,67.7,32.0,63.9,39.6,100.0,2.0,2.5,17.9,No,No,Low,1.0,Yes,Salle 1,186.0
Other,20.0,Mecanique,2,83.7,16.0,54.5,41.2,87.8,1.0,7.0,40.8,Yes,No,Middle,1.0,Yes,Salle 19,231.0
Male,25.0,GenieCivil,1,90.0,10.0,71.2,65.2,24.5,1.0,0.8,7.0,Yes,No,Middle,1.0,No,Salle 29,149.0
Male,23.0,Mecanique,3,90.5,10.0,75.3,100.0,71.2,1.0,0.2,0.5,No,No,Low,1.0,Yes,Salle 5,212.0
Male,18.0,Mecanique,4,80.1,20.0,50.7,39.3,51.8,0.0,0.6,1.9,Yes,No,Middle,1.0,Yes,Salle 11,178.0
Male,21.0,Telecom,3,90.5,10.0,99.1,52.2,83.7,1.0,0.2,4.7,No,No,High,1.0,No,Salle 24,154.0
Male,21.0,GenieCivil,5,75.0,25.0,75.9,41.3,69.9,1.0,4.7,22.3,No,No,Middle,1.0,Yes,Salle 1,70.0
Male,25.0,GenieCivil,2,79.8,20.0,51.0,81.7,78.4,1.0,2.4,12.8,Yes,No,Middle,3.0,Yes,Salle 4,177.0
Male,21.0,Informatique,3,100.0,0.0,72.6,61.6,48.6,3.0,0.2,6.3,Yes,No,Middle,2.0,Yes,Salle 7,263.0
Female,27.0,Informatique,1,71.8,28.0,86.9,66.4,29.8,2.0,0.8,9.5,Yes,No,Middle,0.0,Yes,Salle 3,248.0
Female,23.0,Informatique,3,82.3,18.0,68.2,58.9,50.6,1.0,0.8,18.0,Yes,No,Low,1.0,No,Salle 22,263.0
Male,22.0,Informatique,4,62.0,38.0,41.2,76.0,63.5,0.0,0.3,4.3,Yes,No,Middle,1.0,No,Salle 9,230.0
Male,26.0,Electrique,1,100.0,0.0,81.0,91.1,94.8,1.0,2.5,4.4,No,No,Low,1.0,Yes,Salle 6,143.0
Male,21.0,Informatique,2,83.0,17.0,38.6,57.6,77.8,1.0,1.0,12.1,Yes,No,Low,2.0,No,Salle 21,298.0
Male,22.0,Energetique,3,87.5,12.0,65.1,59.5,68.0,1.0,0.4,8.4,Yes,No,Middle,1.0,Yes,Salle 8,104.0
Male,21.0,Telecom,1,100.0,0.0,46.0,38.0,76.9,0.0,0.0,13.9,Yes,No,High,2.0,Yes,Salle 14,121.0
Male,23.0,Chimie,1,81.1,19.0,66.5,30.1,56.7,0.0,0.3,3.3,Yes,No,Middle,1.0,Yes,Salle 18,96.0
Female,24.0,Energetique,2,94.9,5.0,42.5,45.8,89.3,0.0,0.6,6.5,No,No,Middle,1.0,Yes,Salle 3,71.0
Male,24.0,Electrique,4,65.9,34.0,54.8,37.3,61.4,0.0,3.4,14.2,Yes,Yes,Middle,0.0,Yes,Salle 18,157.0
Male,22.0,Mecanique,4,65.0,35.0,66.0,66.6,64.6,0.0,1.2,12.9,Yes,Yes,Middle,1.0,Yes,Salle 19,178.0
Female,23.0,Informatique,4,83.9,16.0,81.6,64.0,41.9,1.0,0.0,5.9,Yes,No,Middle,0.0,No,Salle 8,230.0
Male,20.0,Mecanique,4,83.6,16.0,73.7,58.4,73.1,0.0,0.6,2.5,Yes,No,Middle,1.0,Yes,Salle 12,178.0
Male,25.0,Electrique,3,76.7,23.0,77.4,51.6,40.4,1.0,1.7,13.3,No,No,Middle,1.0,Yes,Salle 7,188.0
Male,21.0,Informatique,4,66.1,34.0,74.3,80.4,55.0,0.0,2.0,15.2,Yes,No,Middle,1.0,Yes,Salle 2,230.0
Male,21.0,Informatique,4,80.9,19.0,82.0,53.8,59.2,1.0,4.6,25.9,Yes,No,Middle,0.0,No,Salle 11,230.0
Female,20.0,GenieCivil,4,81.1,19.0,74.0,61.5,49.8,1.0,4.5,32.6,No,No,Middle,2.0,Yes,Salle 4,173.0
Male,22.0,GenieCivil,2,78.2,22.0,66.6,52.5,100.0,1.0,1.1,13.7,Yes,No,Middle,1.0,Yes,Salle 10,177.0
Male,21.0,Mecanique,3,89.4,11.0,63.0,61.6,78.5,1.0,2.8,9.3,Yes,No,Middle,1.0,Yes,Salle 22,212.0
Female,22.0,GenieCivil,2,100.0,0.0,60.0,61.6,61.8,1.0,3.6,17.9,No,Yes,Middle,3.0,Yes,Salle 27,177.0
Female,24.0,Informatique,2,98.5,2.0,66.3,74.4,100.0,1.0,0.7,5.8,No,No,Middle,1.0,Yes,Salle 8,298.0
Male,24.0,Mecanique,1,82.2,21.0,56.8,42.8,70.2,0.0,0.4,4.8,No,No,Middle,2.0,No,Salle 27,186.0
Female,23.0,Informatique,4,97.2,3.0,69.4,42.3,100.0,1.0,2.2,13.6,Yes,No,Low,0.0,Yes,Salle 25,230.0
Male,19.0,Informatique,4,66.4,34.0,66.7,39.0,50.2,1.0,7.6,41.2,Yes,No,High,1.0,Yes,Salle 24,230.0
Male,22.0,Mecanique,2,61.1,39.0,65.1,34.6,53.7,0.0,2.8,10.1,Yes,No,Low,0.0,Yes,Salle 29,231.0
Female,25.0,Mecanique,4,77.4,23.0,81.6,89.8,45.9,4.0,5.2,27.8,Yes,Yes,High,1.0,No,Salle 22,178.0
Male,23.0,Chimie,1,70.5,30.0,72.9,72.9,36.1,1.0,0.3,12.8,Yes,Yes,Middle,1.0,Yes,Salle 29,96.0
Female,20.0,Informatique,3,100.0,0.0,66.4,66.0,90.4,0.0,0.9,11.5,Yes,No,Middle,1.0,Yes,Salle 22,263.0
Female,22.0,Telecom,4,100.0,0.0,54.1,41.3,70.0,1.0,1.3,9.5,Yes,No,Low,3.0,No,Salle 1,121.0
Female,22.0,Informatique,2,79.1,21.0,61.8,58.9,61.4,0.0,0.2,11.9,No,No,Low,1.0,Yes,Salle 22,298.0
Female,26.0,Mecanique,3,95.3,5.0,78.9,30.0,71.8,1.0,0.7,7.6,Yes,No,Middle,1.0,No,Salle 11,212.0
Male,22.0,Chimie,2,83.1,17.0,85.2,62.6,72.6,0.0,4.9,23.0,Yes,Yes,High,0.0,Yes,Salle 24,119.0
Male,22.0,Mecanique,1,87.1,13.0,61.0,36.9,71.4,1.0,1.3,11.5,No,No,High,1.0,No,Salle 14,186.0
Male,19.0,Mecanique,4,76.6,23.0,82.4,11.7,42.9,3.0,0.5,11.5,Yes,No,Low,1.0,Yes,Salle 25,178.0
Male,23.0,Mecanique,2,83.2,17.0,67.5,60.2,38.7,2.0,4.7,23.5,Yes,Yes,Middle,3.0,Yes,Salle 19,231.0
Male,23.0,Mecanique,1,80.3,20.0,73.0,59.5,59.4,1.0,0.6,2.1,Yes,No,Middle,1.0,Yes,Salle 11,186.0
Male,22.0,GenieCivil,4,100.0,0.0,38.4,43.9,84.5,2.0,0.3,6.7,Yes,No,Low,2.0,Yes,Salle 24,173.0
Male,25.0,Mecanique,2,79.3,21.0,46.3,60.1,57.8,1.0,0.5,15.3,Yes,No,Middle,2.0,Yes,Salle 6,231.0
Male,22.0,Chimie,2,71.2,29.0,57.6,32.0,31.5,1.0,0.8,11.5,Yes,No,Middle,0.0,Yes,Salle 15,119.0
Male,23.0,Energetique,2,74.2,26.0,71.7,52.2,67.5,0.0,0.1,9.6,Yes,No,Middle,1.0,No,Salle 26,71.0
Male,20.0,Mecanique,1,84.4,16.0,65.1,98.7,65.9,2.0,3.1,20.7,No,No,Middle,2.0,No,Salle 30,186.0
Female,21.0,Mecanique,5,88.1,12.0,74.4,40.3,15.0,1.0,3.4,21.9,No,No,Middle,3.0,Yes,Salle 26,67.0
Male,22.0,Electrique,5,80.2,20.0,39.8,61.6,48.6,1.0,1.4,10.3,Yes,Yes,Low,0.0,Yes,Salle 21,80.0
Female,18.0,Chimie,2,56.2,44.0,72.9,62.8,73.0,1.0,3.0,13.6,No,No,Middle,0.0,Yes,Salle 18,119.0
Male,22.0,Chimie,3,72.8,27.0,98.0,69.7,36.6,1.0,0.6,3.5,No,No,Middle,0.0,Yes,Salle 3,130.0
Male,24.0,Chimie,2,96.1,4.0,65.8,53.7,73.0,0.0,0.4,5.1,Yes,Yes,Middle,0.0,Yes,Salle 17,119.0
Female,22.0,Informatique,5,54.9,45.0,80.1,38.6,72.0,1.0,0.2,11.2,Yes,No,High,2.0,Yes,Salle 19,109.0
Male,20.0,Informatique,4,78.9,21.0,88.6,41.0,64.1,0.0,0.2,3.5,Yes,No,Low,2.0,Yes,Salle 5,230.0
Female,21.0,Energetique,5,72.4,28.0,46.5,60.1,6.3,1.0,0.0,11.5,Yes,No,Middle,1.0,Yes,Salle 30,40.0
Female,24.0,Mecanique,2,83.0,17.0,65.5,61.6,91.9,0.0,3.6,17.1,Yes,No,Middle,1.0,Yes,Salle 7,231.0
Male,24.0,Informatique,3,85.5,14.0,70.3,51.1,77.3,1.0,4.4,21.9,Yes,No,Middle,1.0,Yes,Salle 14,263.0
Male,21.0,Chimie,2,73.3,27.0,70.9,97.6,66.6,1.0,0.4,0.0,No,No,Middle,1.0,Yes,Salle 5,119.0
Female,20.0,Chimie,4,76.1,24.0,75.4,74.0,51.9,0.0,0.7,9.3,No,No,Low,0.0,No,Salle 15,93.0
Male,24.0,Chimie,3,81.2,19.0,63.9,61.6,63.5,1.0,1.4,3.0,No,No,Middle,1.0,Yes,Salle 2,130.0
Male,21.0,Mecanique,5,77.0,23.0,72.1,61.6,49.3,0.0,0.1,1.7,Yes,No,Middle,1.0,Yes,Salle 14,67.0
Male,20.0,Telecom,4,94.9,5.0,56.4,61.6,63.5,1.0,1.4,11.2,No,Yes,Middle,1.0,Yes,Salle 3,121.0
Female,25.0,Informatique,3,92.2,8.0,37.3,89.2,63.5,5.0,2.9,16.6,Yes,No,Middle,0.0,No,Salle 28,263.0
Male,20.0,GenieCivil,2,96.5,4.0,27.0,81.7,100.0,1.0,1.6,14.7,Yes,No,Middle,1.0,Yes,Salle 12,177.0
Female,24.0,Mecanique,3,72.7,27.0,66.0,45.1,66.6,1.0,0.5,9.7,No,Yes,Middle,1.0,No,Salle 19,212.0
Male,21.0,Electrique,3,55.2,45.0,60.5,77.5,65.7,0.0,1.4,12.8,No,No,Middle,2.0,Yes,Salle 1,188.0
Male,24.0,Electrique,2,74.7,25.0,74.7,55.1,2.3,1.0,0.5,5.0,Yes,No,Low,2.0,Yes,Salle 7,185.0
Female,19.0,Telecom,3,74.2,26.0,100.0,41.4,59.1,2.0,3.1,22.6,Yes,Yes,Low,1.0,No,Salle 7,154.0
Male,19.0,GenieCivil,1,100.0,0.0,72.5,77.1,63.5,0.0,0.7,10.0,No,No,Low,0.0,Yes,Salle 25,149.0
Male,23.0,Informatique,4,88.3,12.0,64.9,79.2,47.7,1.0,2.0,15.6,No,No,Low,1.0,No,Salle 25,230.0
Female,24.0,Informatique,3,76.4,24.0,63.7,74.5,66.5,1.0,0.1,3.3,No,No,High,1.0,Yes,Salle 13,263.0
Male,25.0,Telecom,2,100.0,0.0,48.3,100.0,93.7,4.0,4.2,9.5,No,No,Low,0.0,Yes,Salle 22,161.0
Other,19.0,Telecom,4,91.2,9.0,62.2,80.5,75.5,0.0,0.2,2.5,Yes,Yes,Middle,2.0,Yes,Salle 20,121.0
Male,21.0,Electrique,2,94.0,6.0,72.3,64.3,10.2,1.0,1.7,10.6,Yes,No,High,3.0,Yes,Salle 26,185.0
Male,23.0,Informatique,5,93.9,6.0,65.1,58.3,75.4,2.0,1.1,9.3,No,No,Middle,1.0,Yes,Salle 6,109.0
Female,23.0,Mecanique,4,98.2,2.0,46.7,87.2,62.1,1.0,1.4,9.6,Yes,Yes,Low,2.0,Yes,Salle 17,178.0
Male,23.0,Telecom,5,74.1,26.0,58.1,88.8,41.3,1.0,0.1,4.6,No,No,Middle,0.0,No,Salle 20,60.0
Male,22.0,GenieCivil,2,75.0,25.0,69.3,79.3,90.3,0.0,1.4,24.1,No,No,Middle,1.0,Yes,Salle 1,177.0
Male,21.0,Mecanique,1,93.8,6.0,39.1,26.8,29.1,0.0,1.1,6.1,Yes,Yes,Middle,1.0,No,Salle 17,186.0
Male,20.0,Energetique,3,89.8,10.0,33.9,100.0,76.1,1.0,11.5,48.2,No,No,Middle,1.0,Yes,Salle 7,104.0
Female,23.0,Telecom,5,87.3,13.0,64.6,42.2,54.0,0.0,0.3,3.1,Yes,No,Middle,1.0,Yes,Salle 28,60.0
Female,22.0,Electrique,5,100.0,0.0,51.2,73.1,46.0,0.0,0.5,8.9,Yes,No,Middle,3.0,Yes,Salle 17,80.0
Male,20.0,Chimie,4,76.2,24.0,85.6,70.3,100.0,1.0,0.6,6.1,No,No,Middle,0.0,No,Salle 22,93.0
Male,20.0,Telecom,1,51.7,48.0,82.1,47.3,79.9,2.0,1.2,14.6,Yes,No,Middle,1.0,No,Salle 25,121.0
Female,25.0,Electrique,4,88.1,12.0,35.2,74.8,73.2,3.0,2.0,11.5,Yes,No,High,3.0,Yes,Salle 14,157.0
Male,25.0,Telecom,3,100.0,0.0,50.2,28.3,56.9,0.0,2.5,11.5,Yes,No,Low,0.0,Yes,Salle 29,154.0
Male,18.0,Telecom,4,93.6,6.0,39.4,38.1,50.7,3.0,0.4,0.0,Yes,Yes,Middle,2.0,Yes,Salle 1,121.0
Female,23.0,Energetique,1,73.0,27.0,59.4,97.4,39.2,2.0,6.0,30.4,No,No,Low,2.0,No,Salle 18,83.0
Male,21.0,GenieCivil,3,95.9,4.0,79.3,60.1,71.1,0.0,2.2,10.7,Yes,No,High,3.0,Yes,Salle 18,185.0
Female,23.0,Telecom,3,100.0,0.0,76.3,86.0,47.0,3.0,1.4,12.5,No,Yes,Middle,2.0,No,Salle 15,154.0
Female,26.0,Informatique,2,90.3,10.0,100.0,89.3,80.7,2.0,2.7,13.9,Yes,No,Low,0.0,Yes,Salle 1,298.0
Female,20.0,Informatique,5,75.1,25.0,74.1,71.4,68.1,1.0,3.4,20.9,No,Yes,Middle,0.0,Yes,Salle 12,109.0
Female,21.0,Electrique,2,86.4,14.0,28.0,61.6,89.3,2.0,0.6,5.6,Yes,No,Middle,1.0,Yes,Salle 29,185.0
Female,21.0,Chimie,3,60.9,39.0,70.6,57.1,34.2,1.0,4.1,22.8,No,No,Middle,0.0,No,Salle 26,130.0
Male,20.0,Mecanique,2,98.8,1.0,55.1,88.5,56.1,0.0,4.1,22.0,No,No,Low,1.0,Yes,Salle 13,231.0
Female,22.0,Telecom,2,81.0,19.0,76.8,40.1,30.3,0.0,2.6,17.3,No,No,High,0.0,Yes,Salle 19,161.0
Male,25.0,GenieCivil,5,68.6,31.0,75.5,57.6,51.2,1.0,1.7,13.7,Yes,No,Low,1.0,Yes,Salle 5,70.0
Male,24.0,Chimie,5,93.8,6.0,81.8,70.0,71.3,1.0,2.6,13.6,Yes,Yes,Middle,0.0,Yes,Salle 1,48.0
Male,22.0,Informatique,3,75.6,24.0,65.2,66.3,60.4,1.0,1.0,5.0,No,No,Middle,0.0,Yes,Salle 16,263.0
Male,24.0,Mecanique,4,78.4,22.0,72.6,79.5,52.2,0.0,3.6,22.7,No,No,Middle,0.0,Yes,Salle 26,178.0
Male,23.0,Telecom,2,86.3,14.0,100.0,26.3,100.0,1.0,0.8,9.8,Yes,No,Middle,1.0,No,Salle 1,161.0
Male,20.0,GenieCivil,2,66.4,34.0,64.7,55.9,72.5,1.0,0.1,6.2,Yes,No,Middle,2.0,Yes,Salle 14,177.0
Male,22.0,Chimie,1,80.6,19.0,62.4,61.6,70.2,2.0,0.3,7.8,Yes,No,Middle,1.0,Yes,Salle 21,96.0
Male,20.0,Telecom,4,82.6,17.0,66.3,69.9,66.5,1.0,2.0,11.7,No,No,Middle,1.0,No,Salle 9,121.0
Female,24.0,Energetique,3,82.5,18.0,88.0,34.7,50.1,1.0,1.1,15.2,Yes,No,Middle,2.0,Yes,Salle 26,104.0
Male,24.0,Chimie,2,78.1,22.0,74.9,55.7,84.2,2.0,2.4,13.0,Yes,Yes,High,0.0,Yes,Salle 7,119.0
Male,17.0,Mecanique,3,75.4,25.0,79.8,54.3,52.8,1.0,2.8,20.1,Yes,No,Low,1.0,Yes,Salle 29,212.0
Female,23.0,GenieCivil,2,85.9,14.0,77.9,61.6,63.5,1.0,0.1,3.0,Yes,No,Middle,3.0,No,Salle 27,177.0
Female,19.0,Telecom,3,70.9,29.0,62.8,69.2,95.2,3.0,3.3,23.7,No,No,Low,1.0,Yes,Salle 4,154.0
Male,21.0,Telecom,5,87.1,13.0,78.1,81.2,43.7,1.0,2.6,19.3,Yes,No,Middle,4.0,Yes,Salle 8,60.0
Female,19.0,Electrique,2,93.0,7.0,50.2,61.6,100.0,0.0,1.2,11.5,Yes,Yes,High,1.0,No,Salle 20,185.0
Male,23.0,Informatique,2,100.0,0.0,78.6,54.2,41.1,0.0,0.1,0.0,Yes,Yes,Middle,1.0,Yes,Salle 26,298.0
Male,19.0,Telecom,5,46.4,54.0,84.8,24.9,71.6,1.0,1.7,20.4,Yes,No,Low,0.0,No,Salle 7,60.0
Male,22.0,GenieCivil,1,74.1,26.0,65.1,56.5,54.2,1.0,0.8,5.4,Yes,No,Middle,1.0,Yes,Salle 25,149.0
Male,21.0,GenieCivil,3,82.2,0.0,77.9,36.4,59.9,1.0,0.6,6.8,No,No,Low,1.0,Yes,Salle 22,185.0
Male,22.0,Telecom,3,82.3,18.0,54.8,56.9,90.6,3.0,1.4,11.5,No,Yes,Low,1.0,Yes,Salle 22,154.0
Male,20.0,Telecom,5,89.1,11.0,73.9,92.2,35.9,2.0,0.5,4.0,Yes,Yes,Low,1.0,Yes,Salle 29,60.0
Female,22.0,Electrique,5,53.8,46.0,38.5,58.4,58.1,0.0,0.0,0.1,Yes,No,Low,0.0,Yes,Salle 19,80.0
Female,18.0,Informatique,1,76.6,23.0,64.3,43.2,70.7,1.0,2.2,11.3,Yes,Yes,Middle,1.0,Yes,Salle 26,248.0
Female,21.0,Informatique,4,78.5,22.0,63.7,55.1,81.1,0.0,2.0,9.9,Yes,No,Middle,0.0,Yes,Salle 4,230.0
Male,21.0,Informatique,2,78.9,21.0,38.8,56.2,49.7,0.0,0.5,5.7,Yes,No,Middle,1.0,Yes,Salle 21,298.0
Male,22.0,Telecom,1,78.5,22.0,48.5,38.2,79.3,0.0,2.4,16.4,Yes,No,Middle,0.0,Yes,Salle 22,121.0
Male,21.0,GenieCivil,2,87.5,12.0,71.5,55.2,79.3,1.0,2.8,9.6,Yes,No,Middle,0.0,Yes,Salle 18,177.0
Female,24.0,Mecanique,3,87.0,13.0,60.5,66.9,38.8,0.0,0.1,0.4,Yes,Yes,Low,1.0,Yes,Salle 8,212.0
Male,23.0,Mecanique,3,82.2,13.0,67.3,33.6,90.4,2.0,0.3,12.1,Yes,No,Middle,1.0,No,Salle 23,212.0
Male,20.0,Mecanique,4,74.1,26.0,64.2,62.7,90.2,1.0,0.9,6.8,No,No,Low,0.0,Yes,Salle 15,178.0
Male,18.0,Telecom,3,90.6,9.0,81.5,31.2,74.2,1.0,0.1,0.0,Yes,No,Middle,1.0,Yes,Salle 6,154.0
Male,28.0,GenieCivil,3,92.1,8.0,54.2,31.2,34.7,1.0,1.4,9.0,Yes,Yes,Low,0.0,Yes,Salle 4,185.0
Male,19.0,Informatique,4,53.9,46.0,72.3,100.0,61.9,0.0,4.9,28.2,Yes,No,Low,0.0,Yes,Salle 9,230.0
Female,21.0,Mecanique,4,88.9,11.0,71.6,70.5,100.0,3.0,1.7,14.5,No,Yes,Low,1.0,Yes,Salle 22,178.0
Male,24.0,Informatique,4,64.3,36.0,81.3,54.9,73.6,0.0,2.2,17.7,Yes,No,Low,1.0,Yes,Salle 26,230.0
Male,23.0,Energetique,3,100.0,0.0,76.8,60.4,62.0,1.0,0.0,0.0,Yes,No,Low,1.0,No,Salle 27,104.0
Male,22.0,Informatique,1,56.9,43.0,89.3,98.1,63.5,1.0,4.3,27.0,No,No,Middle,0.0,Yes,Salle 6,248.0
Female,22.0,Chimie,2,76.3,24.0,72.6,69.9,57.8,0.0,1.7,9.1,Yes,No,Middle,2.0,Yes,Salle 11,119.0
Female,19.0,GenieCivil,2,88.6,11.0,41.0,64.6,51.7,1.0,2.0,17.0,Yes,No,Low,3.0,Yes,Salle 24,177.0
Male,21.0,Mecanique,1,85.6,14.0,74.0,47.2,100.0,1.0,3.8,18.8,No,No,Middle,0.0,Yes,Salle 18,186.0
Other,22.0,Informatique,1,77.9,22.0,61.4,46.6,26.0,0.0,1.7,7.2,Yes,Yes,Middle,1.0,No,Salle 4,248.0
Female,24.0,Telecom,4,98.4,2.0,59.3,35.7,51.0,1.0,4.2,22.2,No,No,High,1.0,Yes,Salle 9,121.0
Male,21.0,Energetique,1,64.5,36.0,62.8,58.1,63.5,1.0,5.6,21.2,Yes,No,High,0.0,Yes,Salle 28,83.0
Male,21.0,Electrique,5,85.6,14.0,65.1,71.5,83.3,2.0,0.7,9.0,No,Yes,Middle,1.0,Yes,Salle 13,80.0
Female,20.0,Informatique,4,91.1,9.0,44.9,74.2,63.5,1.0,4.2,17.2,Yes,No,High,4.0,Yes,Salle 15,230.0
Male,26.0,Informatique,5,65.2,35.0,87.7,16.5,77.4,1.0,1.4,4.4,No,No,Low,0.0,Yes,Salle 15,109.0
Male,22.0,Chimie,3,77.8,22.0,51.6,52.4,94.4,0.0,5.7,24.1,No,No,Middle,1.0,Yes,Salle 19,130.0
Male,23.0,Informatique,2,92.8,7.0,98.1,56.8,80.4,1.0,0.4,6.3,Yes,No,Low,0.0,Yes,Salle 20,298.0
Male,23.0,Informatique,1,82.3,18.0,37.4,67.8,72.1,2.0,4.5,26.9,Yes,No,Middle,1.0,Yes,Salle 27,248.0
Male,23.0,Energetique,4,100.0,0.0,91.5,66.3,85.9,2.0,5.3,29.6,No,No,Middle,0.0,Yes,Salle 9,70.0
Male,23.0,Informatique,2,84.5,16.0,41.0,35.1,81.4,1.0,4.9,24.2,Yes,No,Low,0.0,No,Salle 15,298.0
Male,22.0,Energetique,3,89.7,10.0,76.8,76.0,63.5,2.0,3.3,19.5,No,No,Middle,1.0,Yes,Salle 6,104.0
Male,19.0,Informatique,1,82.5,18.0,43.7,45.6,75.4,1.0,1.0,9.6,Yes,No,Middle,1.0,Yes,Salle 10,248.0
Male,22.0,Telecom,3,82.1,18.0,83.2,45.1,58.8,2.0,1.5,13.2,Yes,No,Middle,0.0,Yes,Salle 25,154.0
Male,20.0,GenieCivil,1,73.5,26.0,34.7,55.7,60.2,1.0,0.3,0.0,Yes,No,Middle,3.0,Yes,Salle 24,149.0
Male,19.0,GenieCivil,3,78.5,22.0,44.3,61.6,49.0,3.0,0.8,2.5,Yes,Yes,Middle,0.0,Yes,Salle 24,185.0
Male,26.0,Chimie,4,90.6,9.0,38.9,72.4,70.3,2.0,1.0,10.9,No,Yes,Middle,2.0,No,Salle 22,93.0
Male,22.0,GenieCivil,3,74.1,26.0,43.3,93.4,84.7,3.0,0.0,5.1,Yes,No,Middle,1.0,No,Salle 17,185.0
Male,19.0,Informatique,4,72.4,28.0,68.7,56.0,38.3,1.0,0.9,10.8,No,No,Middle,2.0,No,Salle 12,230.0
Male,21.0,Telecom,1,73.8,26.0,53.6,59.9,62.7,1.0,4.4,27.6,Yes,No,Low,0.0,No,Salle 5,121.0
Male,20.0,Electrique,2,99.0,1.0,52.6,67.0,64.5,1.0,1.3,5.2,Yes,No,Middle,1.0,Yes,Salle 7,185.0
Male,22.0,Informatique,2,86.7,13.0,63.4,39.5,48.7,2.0,1.3,9.0,Yes,No,Middle,3.0,No,Salle 3,298.0
Male,21.0,Mecanique,2,94.7,5.0,65.1,66.3,65.4,0.0,3.3,18.1,Yes,No,Low,2.0,No,Salle 24,231.0
Female,17.0,Chimie,3,86.0,14.0,50.1,39.2,100.0,1.0,1.7,11.0,Yes,Yes,Middle,0.0,No,Salle 15,130.0
Male,21.0,Mecanique,2,94.9,5.0,68.5,28.2,71.0,3.0,1.4,16.4,Yes,No,Middle,0.0,Yes,Salle 3,231.0
Male,23.0,Telecom,5,80.4,20.0,62.2,55.3,18.0,2.0,0.2,10.3,Yes,No,High,2.0,No,Salle 8,60.0
Female,24.0,GenieCivil,3,84.5,16.0,64.0,61.6,79.4,0.0,1.8,12.8,Yes,Yes,Middle,0.0,Yes,Salle 18,185.0
Female,22.0,GenieCivil,4,73.8,26.0,57.0,36.0,53.1,1.0,1.7,10.3,No,No,Middle,1.0,Yes,Salle 20,173.0
Female,21.0,Informatique,1,75.1,25.0,55.2,65.1,72.8,1.0,0.2,8.8,Yes,No,Middle,2.0,No,Salle 1,248.0
Male,22.0,Informatique,4,97.4,3.0,75.0,72.4,55.2,3.0,0.5,1.8,Yes,No,Middle,2.0,No,Salle 1,230.0
Male,20.0,Telecom,3,91.5,8.0,77.1,78.1,77.8,1.0,4.9,23.1,No,No,Low,1.0,Yes,Salle 28,154.0
Male,23.0,Mecanique,5,74.9,25.0,63.9,82.4,63.5,1.0,1.0,16.3,Yes,Yes,Middle,1.0,Yes,Salle 29,67.0
Female,24.0,GenieCivil,2,94.0,6.0,35.7,60.9,63.5,2.0,1.4,9.1,Yes,No,Middle,1.0,Yes,Salle 8,177.0
Female,22.0,Mecanique,1,78.8,21.0,64.8,61.6,39.3,3.0,0.4,5.5,No,Yes,Low,2.0,Yes,Salle 26,186.0
Male,20.0,GenieCivil,2,87.6,12.0,76.5,88.8,85.0,0.0,0.3,7.0,Yes,No,Low,2.0,Yes,Salle 14,177.0
Male,20.0,Informatique,2,88.7,11.0,84.7,58.3,78.9,0.0,2.7,11.5,No,No,Middle,0.0,Yes,Salle 24,298.0
Female,25.0,Mecanique,2,100.0,0.0,51.0,76.1,82.2,0.0,3.0,12.3,Yes,No,Low,0.0,Yes,Salle 21,231.0
Female,19.0,Chimie,3,50.5,50.0,71.2,79.9,80.3,4.0,1.2,7.4,Yes,No,Middle,3.0,Yes,Salle 28,130.0
Female,21.0,Informatique,3,72.4,28.0,74.2,54.2,48.2,0.0,1.2,9.0,Yes,No,Middle,0.0,Yes,Salle 5,263.0
Male,23.0,Informatique,5,70.7,29.0,75.9,57.5,63.5,2.0,1.1,9.2,No,No,Low,0.0,Yes,Salle 9,109.0
Male,24.0,Informatique,3,76.9,23.0,74.8,100.0,50.0,3.0,1.5,14.0,Yes,No,Low,2.0,Yes,Salle 18,263.0
Male,23.0,Informatique,3,72.6,27.0,73.0,60.7,68.0,2.0,0.5,10.9,Yes,No,Middle,0.0,Yes,Salle 5,263.0
Male,24.0,Telecom,2,70.0,30.0,65.4,4.3,63.5,0.0,7.7,39.1,Yes,Yes,Middle,1.0,Yes,Salle 17,161.0
Female,23.0,Informatique,3,70.9,29.0,43.7,90.9,82.4,3.0,1.0,5.0,No,Yes,High,1.0,Yes,Salle 4,263.0
Female,23.0,Telecom,1,61.1,39.0,59.8,71.9,85.1,1.0,1.5,17.2,Yes,No,Middle,0.0,Yes,Salle 23,121.0
Female,26.0,GenieCivil,2,82.2,18.0,65.1,47.5,62.2,3.0,0.6,6.8,Yes,Yes,High,1.0,Yes,Salle 4,177.0
Male,22.0,Informatique,2,68.6,31.0,72.3,61.6,41.9,1.0,0.4,5.6,No,No,Low,0.0,Yes,Salle 28,298.0
Male,26.0,Energetique,2,74.5,26.0,62.4,50.0,53.7,1.0,3.1,11.5,Yes,No,Low,1.0,Yes,Salle 30,71.0
Male,22.0,Telecom,5,98.3,2.0,39.7,20.2,65.3,3.0,0.8,3.7,Yes,No,Middle,0.0,No,Salle 14,60.0
Male,17.0,Informatique,3,72.8,27.0,62.6,85.8,100.0,0.0,4.9,25.8,Yes,Yes,High,3.0,Yes,Salle 17,263.0
Male,21.0,Chimie,2,74.6,25.0,74.2,38.6,63.5,0.0,0.0,4.0,No,No,Middle,0.0,Yes,Salle 13,119.0
Female,26.0,Mecanique,4,63.1,37.0,45.0,85.6,49.1,0.0,2.2,14.7,No,No,Low,1.0,Yes,Salle 1,178.0
Male,21.0,GenieCivil,3,77.9,22.0,48.8,58.0,33.7,1.0,0.2,5.8,Yes,No,High,1.0,Yes,Salle 8,185.0
Male,20.0,Electrique,4,77.1,23.0,73.4,49.7,69.9,1.0,0.7,4.5,No,No,Middle,0.0,Yes,Salle 26,157.0
Female,23.0,Mecanique,4,71.7,28.0,88.5,84.9,80.7,0.0,0.6,7.0,No,No,Middle,2.0,Yes,Salle 26,178.0
Male,21.0,Telecom,3,52.9,47.0,59.5,68.1,35.8,4.0,1.4,12.9,Yes,No,Middle,0.0,Yes,Salle 3,154.0
Other,20.0,Electrique,2,94.4,6.0,83.6,65.3,44.9,0.0,6.3,29.9,Yes,No,Middle,1.0,Yes,Salle 7,185.0
Male,23.0,Mecanique,1,68.3,32.0,73.0,52.7,71.1,0.0,0.7,6.1,Yes,No,High,4.0,Yes,Salle 14,186.0
Female,21.0,GenieCivil,4,82.2,18.0,68.4,23.1,39.9,0.0,0.6,6.2,No,No,Middle,1.0,Yes,Salle 11,173.0
Female,21.0,GenieCivil,2,82.4,18.0,58.7,50.8,64.7,3.0,0.5,7.5,Yes,No,Low,1.0,Yes,Salle 18,177.0
Female,19.0,Energetique,4,68.4,32.0,47.0,40.0,96.8,1.0,0.9,16.5,Yes,Yes,High,0.0,No,Salle 10,70.0
Female,20.0,Informatique,3,100.0,0.0,45.8,67.2,57.5,3.0,0.4,7.0,Yes,Yes,Middle,1.0,Yes,Salle 5,263.0
Female,20.0,Informatique,1,86.1,14.0,74.3,61.6,63.5,0.0,1.3,14.8,Yes,No,Middle,0.0,Yes,Salle 8,248.0
Male,22.0,Electrique,4,93.9,6.0,49.2,0.0,87.3,1.0,1.5,15.3,No,No,Middle,0.0,No,Salle 4,157.0
Male,18.0,Informatique,5,82.4,18.0,65.1,100.0,59.0,2.0,1.7,18.8,No,Yes,Middle,1.0,Yes,Salle 25,109.0
Male,25.0,Electrique,2,91.8,8.0,77.0,92.2,63.6,2.0,1.6,10.6,No,No,Middle,2.0,No,Salle 25,185.0
Female,20.0,Telecom,1,65.8,34.0,57.3,58.3,27.3,0.0,2.5,20.1,No,No,Middle,1.0,Yes,Salle 26,121.0
Female,24.0,Chimie,1,68.1,32.0,54.2,54.6,100.0,1.0,3.5,19.4,No,No,Low,3.0,Yes,Salle 1,96.0
Female,22.0,Mecanique,4,84.5,16.0,53.9,23.0,50.7,2.0,0.6,7.3,Yes,No,Low,2.0,Yes,Salle 8,178.0
Male,22.0,Electrique,2,76.6,23.0,65.1,67.5,87.7,5.0,1.6,16.0,Yes,No,High,1.0,Yes,Salle 17,185.0
Female,22.0,Mecanique,5,78.9,21.0,44.3,39.2,74.0,1.0,1.3,9.6,Yes,No,Low,0.0,No,Salle 11,67.0
Female,19.0,Informatique,1,74.0,26.0,61.8,49.4,28.3,1.0,1.4,19.5,No,No,Middle,0.0,Yes,Salle 27,248.0
Male,26.0,GenieCivil,3,87.6,12.0,48.4,64.9,54.2,2.0,1.5,13.2,Yes,No,Low,0.0,Yes,Salle 20,185.0
Male,20.0,Electrique,3,75.0,25.0,69.6,63.7,39.0,1.0,0.6,10.1,Yes,Yes,Low,3.0,Yes,Salle 16,188.0
Female,22.0,Telecom,4,90.3,10.0,47.3,55.9,69.7,1.0,0.6,7.9,No,No,Middle,1.0,No,Salle 1,121.0
Female,24.0,Telecom,3,82.2,31.0,71.3,87.9,56.5,1.0,0.2,0.0,Yes,No,Middle,0.0,No,Salle 5,154.0
Male,24.0,Mecanique,2,79.6,20.0,41.8,76.9,74.0,2.0,3.9,20.5,No,No,Middle,1.0,No,Salle 17,231.0
Male,22.0,Informatique,3,66.6,33.0,56.4,73.3,44.7,0.0,4.5,21.3,Yes,No,Middle,1.0,Yes,Salle 16,263.0
Female,25.0,GenieCivil,2,82.2,32.0,57.9,64.2,67.7,1.0,0.2,9.1,No,No,Middle,0.0,Yes,Salle 24,177.0
Male,21.0,Telecom,4,57.0,43.0,52.2,43.1,51.9,0.0,0.4,0.0,Yes,No,Middle,1.0,Yes,Salle 23,121.0
Female,23.0,Energetique,1,82.5,18.0,67.5,54.8,2.4,1.0,0.7,4.5,Yes,No,Middle,1.0,Yes,Salle 21,83.0
Male,22.0,Informatique,2,84.6,15.0,72.7,71.9,89.2,1.0,1.4,20.2,Yes,No,Middle,1.0,No,Salle 18,298.0
Female,23.0,Electrique,3,81.7,18.0,68.8,21.4,69.9,1.0,2.9,12.8,Yes,No,Low,1.0,Yes,Salle 14,188.0
Male,22.0,GenieCivil,4,77.1,23.0,45.9,73.6,56.5,3.0,0.3,6.0,Yes,No,Middle,1.0,Yes,Salle 27,173.0
Male,23.0,Telecom,2,82.8,17.0,66.0,62.5,66.3,1.0,2.6,13.9,No,No,Low,1.0,No,Salle 9,161.0
Male,24.0,Chimie,3,90.5,10.0,76.3,59.9,85.9,1.0,3.8,11.8,Yes,No,Low,1.0,Yes,Salle 7,130.0
Female,21.0,GenieCivil,3,86.7,13.0,89.0,86.6,78.0,0.0,1.0,9.4,Yes,No,Middle,0.0,No,Salle 6,185.0
Female,20.0,Mecanique,5,94.8,5.0,73.3,27.9,54.5,1.0,3.9,18.0,Yes,No,Middle,1.0,Yes,Salle 12,67.0
Female,21.0,Chimie,3,82.2,6.0,46.6,58.7,83.6,1.0,0.3,8.5,Yes,No,Low,1.0,Yes,Salle 13,130.0
Male,24.0,Informatique,1,76.8,23.0,57.7,65.4,64.4,1.0,2.3,11.5,No,Yes,Middle,1.0,Yes,Salle 14,248.0
Male,23.0,Electrique,3,73.4,27.0,70.0,51.0,59.6,1.0,4.2,23.1,Yes,No,Middle,0.0,No,Salle 2,188.0
Male,27.0,Informatique,2,45.9,54.0,69.2,33.2,86.7,0.0,4.7,21.7,Yes,Yes,Middle,0.0,Yes,Salle 8,298.0
Male,25.0,Telecom,1,79.6,20.0,57.6,77.2,57.7,0.0,0.4,1.1,Yes,No,High,1.0,Yes,Salle 3,121.0
Female,22.0,Energetique,2,81.1,19.0,52.2,47.4,80.2,0.0,1.5,10.1,No,No,Low,1.0,Yes,Salle 14,71.0
Female,23.0,Energetique,3,95.6,4.0,54.3,100.0,49.1,0.0,1.8,12.5,Yes,No,Middle,0.0,No,Salle 12,104.0
Male,21.0,Chimie,2,91.9,8.0,83.7,75.8,54.7,1.0,3.3,18.4,Yes,No,High,1.0,No,Salle 27,119.0
Male,21.0,Informatique,5,88.0,12.0,65.1,47.3,65.2,1.0,4.1,11.5,Yes,No,High,0.0,Yes,Salle 21,109.0
Male,24.0,Electrique,3,78.4,22.0,86.5,73.9,35.5,2.0,4.1,27.7,No,No,High,1.0,Yes,Salle 1,188.0
Male,20.0,Informatique,3,86.0,14.0,49.2,58.1,50.9,1.0,4.0,19.6,No,No,Middle,2.0,No,Salle 27,263.0
Male,19.0,Mecanique,2,93.1,7.0,60.4,48.2,87.0,1.0,0.9,14.9,Yes,No,Low,3.0,No,Salle 22,231.0
Male,21.0,Informatique,1,70.6,29.0,65.1,57.6,51.9,3.0,2.4,16.1,No,No,Low,3.0,Yes,Salle 12,248.0
Male,21.0,Informatique,1,98.7,1.0,80.5,100.0,52.3,2.0,1.8,12.5,Yes,No,High,1.0,No,Salle 26,248.0
Female,22.0,Mecanique,4,74.6,25.0,93.5,55.6,100.0,1.0,1.4,16.3,Yes,No,High,0.0,Yes,Salle 25,178.0
Male,22.0,Chimie,4,76.9,23.0,54.6,74.4,63.8,4.0,2.2,14.4,Yes,No,Middle,0.0,No,Salle 28,93.0
Male,22.0,Mecanique,3,94.7,5.0,67.1,61.6,78.8,2.0,2.6,16.6,Yes,No,Middle,1.0,Yes,Salle 4,212.0
Female,19.0,GenieCivil,3,81.0,19.0,59.0,51.0,91.5,2.0,2.4,18.3,No,Yes,Middle,1.0,Yes,Salle 19,185.0
Male,19.0,Electrique,2,97.1,3.0,62.7,65.6,77.1,0.0,1.4,12.9,Yes,No,High,0.0,Yes,Salle 25,185.0
Male,20.0,Electrique,4,59.0,41.0,65.1,54.8,70.8,0.0,0.7,9.5,Yes,No,Middle,1.0,Yes,Salle 7,157.0
Female,23.0,Informatique,2,80.5,20.0,61.5,81.7,87.7,1.0,0.6,10.0,Yes,No,High,0.0,Yes,Salle 17,298.0
Male,22.0,Chimie,3,100.0,0.0,83.5,79.7,80.6,2.0,3.7,16.2,No,No,Middle,1.0,Yes,Salle 14,130.0
Male,22.0,Mecanique,1,69.4,31.0,48.8,54.7,50.0,1.0,1.8,17.0,No,No,High,1.0,Yes,Salle 3,186.0
Male,24.0,Energetique,1,56.3,44.0,65.8,65.1,83.7,1.0,1.4,14.3,Yes,Yes,Middle,1.0,Yes,Salle 15,83.0
Female,20.0,Telecom,5,99.0,1.0,54.8,61.6,79.9,0.0,0.5,2.9,No,Yes,Middle,0.0,No,Salle 4,60.0
Male,20.0,Mecanique,5,69.5,30.0,65.1,61.6,72.9,0.0,2.8,15.7,No,No,High,0.0,No,Salle 19,67.0
Female,22.0,Chimie,2,84.3,16.0,64.7,69.9,89.2,1.0,1.0,13.9,No,Yes,Low,1.0,Yes,Salle 20,119.0
Male,21.0,Telecom,3,82.2,41.0,66.3,63.4,88.6,1.0,1.3,7.0,Yes,No,Middle,1.0,Yes,Salle 12,154.0
Male,21.0,GenieCivil,1,91.4,9.0,65.1,55.5,46.6,2.0,4.5,20.9,No,Yes,Middle,4.0,No,Salle 25,149.0
Other,19.0,Informatique,2,90.1,10.0,55.2,74.1,39.1,3.0,1.0,2.8,No,No,Middle,2.0,Yes,Salle 14,298.0
Male,27.0,Informatique,2,98.3,2.0,73.2,86.3,70.6,1.0,0.1,0.0,Yes,No,Middle,1.0,No,Salle 7,298.0
Male,18.0,Electrique,2,84.1,16.0,80.8,52.2,56.6,1.0,3.3,19.7,Yes,No,Low,3.0,Yes,Salle 24,185.0
Male,22.0,Mecanique,4,64.9,35.0,80.0,80.0,35.5,2.0,0.6,0.0,No,No,Middle,1.0,Yes,Salle 2,178.0
Female,22.0,Telecom,4,54.2,46.0,88.7,61.6,86.6,0.0,3.0,20.3,Yes,No,Middle,2.0,No,Salle 26,121.0
Male,23.0,Mecanique,4,62.8,37.0,67.1,74.5,41.2,1.0,1.9,14.0,Yes,No,Middle,0.0,Yes,Salle 1,178.0
Male,20.0,Electrique,3,88.1,12.0,37.3,44.9,63.2,1.0,3.7,20.2,Yes,No,Middle,2.0,Yes,Salle 17,188.0
Female,23.0,Chimie,4,82.7,17.0,100.0,61.6,87.3,1.0,0.5,13.3,No,No,Middle,1.0,Yes,Salle 22,93.0
Male,19.0,Electrique,4,69.8,30.0,50.2,62.9,80.7,3.0,1.4,11.5,No,Yes,High,0.0,Yes,Salle 4,157.0
Male,21.0,Electrique,4,100.0,0.0,69.5,80.8,74.1,2.0,4.6,26.9,Yes,No,Middle,1.0,No,Salle 18,157.0
Female,21.0,GenieCivil,4,84.5,16.0,64.2,72.1,49.6,1.0,1.6,9.8,Yes,No,High,1.0,Yes,Salle 6,173.0
Female,24.0,Telecom,1,82.2,18.0,89.2,7.0,64.5,3.0,0.2,17.8,Yes,No,Low,1.0,Yes,Salle 26,121.0
Male,21.0,Telecom,3,75.7,24.0,67.2,56.1,25.1,3.0,0.0,14.0,Yes,No,Low,1.0,Yes,Salle 5,154.0
Female,24.0,Energetique,3,77.9,22.0,55.8,72.0,67.0,0.0,5.0,20.4,Yes,No,Middle,1.0,No,Salle 27,104.0
Female,21.0,Telecom,4,61.1,39.0,44.1,51.7,82.4,2.0,1.4,9.2,Yes,No,Middle,2.0,Yes,Salle 14,121.0
Male,25.0,Informatique,5,82.6,17.0,56.7,45.8,64.9,0.0,1.4,5.5,No,No,Middle,0.0,Yes,Salle 13,109.0
Male,23.0,Mecanique,2,100.0,0.0,62.1,59.7,58.6,2.0,6.7,30.3,Yes,No,Middle,2.0,No,Salle 10,231.0
Male,22.0,Chimie,5,57.1,43.0,54.2,72.2,51.8,1.0,1.3,18.4,Yes,No,Middle,0.0,Yes,Salle 14,48.0
Male,20.0,Informatique,4,71.0,29.0,54.4,30.9,78.6,2.0,1.3,11.5,Yes,No,Low,1.0,Yes,Salle 23,230.0
Other,19.0,GenieCivil,3,78.6,21.0,54.0,50.9,73.4,1.0,0.1,6.3,Yes,No,High,0.0,Yes,Salle 1,185.0
Male,20.0,Informatique,2,67.7,32.0,65.1,59.9,61.4,0.0,0.6,7.8,No,No,Middle,3.0,Yes,Salle 13,298.0
Male,24.0,Mecanique,4,91.1,9.0,82.9,28.9,58.2,1.0,3.8,21.6,Yes,No,Middle,2.0,Yes,Salle 9,178.0
Male,18.0,Electrique,5,67.6,32.0,76.8,74.1,52.0,2.0,0.4,0.0,Yes,Yes,Low,0.0,Yes,Salle 25,80.0
Male,21.0,Telecom,3,80.3,20.0,57.3,54.4,100.0,1.0,1.2,7.8,Yes,No,Middle,1.0,Yes,Salle 5,154.0
Male,25.0,Informatique,5,65.2,35.0,49.0,73.3,75.0,2.0,3.3,17.1,Yes,No,Middle,1.0,Yes,Salle 24,109.0
Male,23.0,Chimie,2,58.0,42.0,100.0,45.7,53.4,3.0,0.6,10.4,Yes,No,Low,1.0,No,Salle 12,119.0
Male,26.0,GenieCivil,3,86.4,14.0,88.9,51.7,34.7,0.0,2.9,13.8,Yes,No,High,0.0,Yes,Salle 25,185.0
Male,24.0,Informatique,3,94.5,6.0,76.1,75.5,25.4,2.0,0.0,3.7,Yes,No,Middle,1.0,No,Salle 1,263.0
Female,23.0,Telecom,3,86.8,13.0,70.1,62.5,52.9,0.0,0.2,9.7,No,No,Middle,0.0,No,Salle 18,154.0
Male,19.0,Telecom,4,79.0,21.0,62.3,67.6,81.0,2.0,0.5,3.3,Yes,No,Middle,1.0,Yes,Salle 13,121.0
Female,21.0,GenieCivil,4,85.4,15.0,68.8,63.5,69.0,2.0,1.7,7.9,Yes,No,High,2.0,Yes,Salle 2,173.0
Female,24.0,GenieCivil,1,99.2,1.0,77.6,21.7,66.6,1.0,0.7,10.7,Yes,No,Middle,0.0,Yes,Salle 26,149.0
Female,22.0,Telecom,4,78.3,22.0,79.3,56.7,63.7,0.0,0.8,4.3,Yes,No,Low,0.0,Yes,Salle 26,121.0
Male,24.0,Chimie,4,71.4,29.0,43.4,50.2,70.5,2.0,4.1,24.8,Yes,No,High,3.0,Yes,Salle 4,93.0
Female,23.0,Electrique,4,76.0,24.0,48.0,35.5,53.6,0.0,0.2,4.2,Yes,No,Middle,0.0,Yes,Salle 27,157.0
Female,20.0,Chimie,2,74.5,26.0,65.1,35.5,95.3,1.0,12.0,52.5,No,Yes,Low,4.0,Yes,Salle 24,119.0
Female,24.0,Mecanique,2,92.9,7.0,79.6,73.7,95.4,0.0,0.3,3.0,No,No,Low,1.0,No,Salle 24,231.0
Female,22.0,Chimie,3,91.6,8.0,95.1,60.0,81.3,1.0,1.5,16.6,No,No,Middle,1.0,Yes,Salle 5,130.0
Male,21.0,Mecanique,2,78.3,22.0,42.3,24.4,49.2,2.0,1.4,11.5,No,Yes,Middle,1.0,Yes,Salle 27,231.0
Female,20.0,Electrique,2,100.0,0.0,51.3,73.2,80.2,0.0,3.3,16.5,Yes,No,Middle,2.0,Yes,Salle 5,185.0
Male,24.0,Mecanique,3,77.4,23.0,61.5,61.6,60.1,1.0,1.1,12.2,Yes,No,Middle,0.0,Yes,Salle 13,212.0
Male,22.0,Informatique,3,100.0,0.0,65.1,100.0,45.1,0.0,0.6,6.1,Yes,No,Middle,2.0,Yes,Salle 19,263.0
Male,22.0,Telecom,4,67.7,32.0,63.0,48.2,38.3,0.0,0.9,2.5,Yes,No,Middle,1.0,Yes,Salle 27,121.0
Male,23.0,Informatique,3,92.8,7.0,93.9,61.6,58.5,1.0,1.4,5.4,Yes,Yes,Middle,0.0,No,Salle 11,263.0
Male,22.0,Informatique,1,82.5,18.0,67.4,49.6,84.2,1.0,1.5,11.5,Yes,Yes,Middle,1.0,Yes,Salle 9,248.0
Male,23.0,Chimie,3,62.7,37.0,79.3,45.0,78.0,2.0,0.4,2.7,No,No,Middle,1.0,No,Salle 26,130.0
Female,23.0,GenieCivil,4,69.7,30.0,72.3,47.2,71.6,1.0,0.9,10.5,Yes,Yes,Low,0.0,Yes,Salle 3,173.0
Female,23.0,Informatique,1,63.3,37.0,79.3,77.5,72.7,1.0,2.4,15.5,No,No,High,2.0,Yes,Salle 12,248.0
Male,22.0,Energetique,4,91.0,9.0,62.4,64.2,73.3,1.0,1.0,12.0,Yes,No,Middle,1.0,Yes,Salle 27,70.0
Female,24.0,Mecanique,1,71.9,28.0,58.3,54.0,57.0,0.0,0.6,9.0,Yes,No,Middle,1.0,Yes,Salle 14,186.0
Male,21.0,Informatique,3,73.0,27.0,74.8,62.3,51.1,1.0,4.0,18.3,Yes,No,Low,1.0,Yes,Salle 15,263.0
Male,19.0,Energetique,3,73.9,26.0,81.6,51.8,62.1,2.0,0.0,3.0,Yes,No,Low,2.0,Yes,Salle 30,104.0
Male,23.0,Electrique,3,100.0,0.0,66.2,83.0,69.4,2.0,2.7,19.6,Yes,No,Middle,2.0,Yes,Salle 6,188.0
Female,24.0,Electrique,3,72.5,28.0,61.2,70.3,46.0,0.0,4.1,13.1,Yes,No,Middle,0.0,Yes,Salle 16,188.0
Female,18.0,Informatique,1,90.8,9.0,100.0,73.5,63.5,3.0,1.5,8.0,Yes,No,Low,1.0,No,Salle 13,248.0
Female,20.0,Electrique,1,100.0,0.0,41.2,68.3,63.5,0.0,0.6,8.3,Yes,No,Low,2.0,Yes,Salle 14,143.0
Female,20.0,Energetique,1,92.2,8.0,72.6,100.0,43.5,1.0,6.6,33.0,Yes,No,High,0.0,Yes,Salle 18,83.0
Male,22.0,Electrique,2,73.6,26.0,85.1,82.0,52.6,3.0,0.5,7.3,Yes,No,Middle,0.0,No,Salle 7,185.0
Male,20.0,Electrique,2,87.8,12.0,51.1,35.0,63.6,1.0,0.8,0.2,No,No,Low,0.0,Yes,Salle 15,185.0
Female,22.0,Telecom,4,82.0,18.0,66.8,61.6,69.0,2.0,1.0,6.4,No,No,Middle,1.0,No,Salle 22,121.0
Male,19.0,Electrique,4,84.2,16.0,60.5,99.3,33.8,1.0,0.3,6.5,Yes,No,Middle,2.0,Yes,Salle 19,157.0
Male,26.0,Informatique,4,65.1,35.0,74.4,79.2,49.7,0.0,2.5,20.8,Yes,No,Middle,2.0,No,Salle 22,230.0
Male,23.0,Energetique,3,70.0,30.0,73.8,43.9,66.7,1.0,2.1,15.0,Yes,Yes,Low,1.0,Yes,Salle 11,104.0
Female,17.0,Informatique,4,93.3,7.0,69.7,42.6,75.6,1.0,1.0,12.0,Yes,No,Low,0.0,Yes,Salle 6,230.0
Female,21.0,Chimie,3,82.2,0.0,72.9,62.4,63.5,2.0,2.2,12.2,Yes,No,Low,0.0,Yes,Salle 3,130.0
Male,22.0,Mecanique,4,73.2,27.0,81.3,26.7,90.0,1.0,1.7,10.4,No,Yes,Middle,1.0,Yes,Salle 26,178.0
Female,19.0,Chimie,3,86.1,14.0,91.9,64.5,82.7,0.0,2.8,14.4,Yes,No,High,1.0,Yes,Salle 2,130.0
Male,24.0,Mecanique,2,86.0,14.0,50.7,78.9,58.1,2.0,0.1,3.8,Yes,No,Middle,1.0,Yes,Salle 3,231.0
Female,21.0,Electrique,5,73.7,26.0,60.8,80.1,62.3,2.0,0.8,7.2,No,No,Middle,2.0,Yes,Salle 4,80.0
Female,25.0,Telecom,3,80.7,19.0,65.1,49.2,35.0,0.0,2.2,11.3,Yes,No,Middle,1.0,Yes,Salle 21,154.0
Male,20.0,GenieCivil,3,76.0,24.0,53.4,89.3,79.4,0.0,3.0,15.9,Yes,No,Middle,1.0,Yes,Salle 8,185.0
Female,23.0,Mecanique,2,65.6,34.0,46.1,84.1,75.9,1.0,0.1,7.1,Yes,No,Middle,1.0,Yes,Salle 16,231.0
Female,22.0,Informatique,2,90.6,9.0,62.4,74.2,88.3,0.0,2.4,19.0,Yes,No,Middle,0.0,No,Salle 30,298.0
Female,21.0,GenieCivil,3,82.8,17.0,67.2,57.1,48.9,1.0,1.1,2.7,No,Yes,Middle,1.0,No,Salle 18,185.0
Female,25.0,GenieCivil,4,100.0,0.0,40.5,69.2,45.4,1.0,0.7,14.1,Yes,Yes,Middle,0.0,No,Salle 12,173.0
Male,25.0,Energetique,5,89.8,10.0,89.8,71.9,69.5,1.0,0.1,3.1,No,Yes,Middle,3.0,Yes,Salle 10,40.0
Female,23.0,Electrique,4,72.6,27.0,70.3,40.8,71.2,1.0,5.8,20.0,Yes,No,High,1.0,Yes,Salle 18,157.0
Male,22.0,Telecom,1,89.0,11.0,77.2,75.4,83.6,2.0,3.2,20.1,Yes,No,High,1.0,Yes,Salle 25,121.0
Female,26.0,Informatique,1,74.0,26.0,65.1,56.4,65.7,0.0,1.9,12.7,Yes,Yes,High,0.0,Yes,Salle 15,248.0
Male,24.0,GenieCivil,5,91.1,9.0,90.9,61.7,46.0,3.0,1.4,4.8,Yes,No,Middle,1.0,Yes,Salle 30,70.0
Male,23.0,GenieCivil,3,82.2,3.0,38.1,58.0,31.2,0.0,0.9,11.5,No,No,High,1.0,No,Salle 20,185.0
Male,24.0,Electrique,3,80.7,19.0,75.1,53.1,37.7,1.0,0.2,4.1,Yes,No,Low,2.0,Yes,Salle 20,188.0
Male,23.0,Mecanique,2,63.6,36.0,57.8,53.8,88.8,1.0,1.6,5.3,Yes,No,High,1.0,Yes,Salle 28,231.0
Female,23.0,Mecanique,2,89.8,10.0,66.7,60.5,40.1,2.0,2.4,18.0,Yes,No,Low,3.0,Yes,Salle 22,231.0
Female,20.0,Electrique,2,86.6,13.0,66.2,51.9,56.9,0.0,0.0,11.9,No,No,Low,0.0,No,Salle 28,185.0
Female,24.0,Electrique,2,79.3,21.0,58.5,54.2,38.7,1.0,0.8,7.3,Yes,No,Middle,1.0,No,Salle 10,185.0
Female,19.0,Informatique,2,69.4,31.0,47.2,80.1,81.0,1.0,0.5,8.5,No,Yes,Low,0.0,No,Salle 13,298.0
Male,21.0,Mecanique,2,82.2,42.0,76.3,61.6,57.7,1.0,1.6,16.0,No,No,Low,1.0,Yes,Salle 1,231.0
Male,27.0,Telecom,2,65.2,35.0,44.9,77.0,72.7,2.0,0.8,18.0,Yes,No,Middle,2.0,No,Salle 16,161.0
Female,25.0,Telecom,3,78.5,22.0,38.4,37.2,75.2,1.0,1.7,11.5,Yes,No,Middle,0.0,No,Salle 19,154.0
Female,22.0,Informatique,1,71.7,28.0,50.9,57.8,92.7,0.0,0.2,3.1,No,No,Middle,1.0,Yes,Salle 22,248.0
Female,22.0,Informatique,3,81.2,19.0,77.7,51.0,89.5,2.0,0.3,0.7,No,No,Middle,0.0,Yes,Salle 5,263.0
Male,22.0,Telecom,5,85.5,14.0,68.3,53.1,42.4,1.0,0.3,0.0,Yes,No,High,3.0,Yes,Salle 22,60.0
Male,22.0,Electrique,2,82.5,18.0,73.6,56.3,49.6,3.0,0.3,3.3,Yes,No,Low,1.0,Yes,Salle 7,185.0
Male,22.0,Mecanique,4,100.0,0.0,62.7,77.8,35.9,2.0,2.4,12.6,Yes,No,Middle,1.0,Yes,Salle 11,178.0
Female,21.0,GenieCivil,3,89.1,11.0,62.9,77.1,87.8,1.0,1.4,16.9,Yes,No,Low,2.0,Yes,Salle 19,185.0
Female,25.0,Mecanique,4,82.2,26.0,68.5,61.6,49.4,2.0,0.0,0.0,No,Yes,Middle,1.0,No,Salle 26,178.0
Male,21.0,Informatique,1,54.6,45.0,70.8,62.6,60.4,0.0,15.0,62.7,Yes,No,Low,0.0,No,Salle 3,248.0
Female,18.0,Mecanique,3,100.0,0.0,65.5,63.6,22.4,0.0,1.3,9.2,Yes,No,Middle,1.0,Yes,Salle 22,212.0
Male,19.0,Informatique,2,67.0,33.0,51.8,95.4,57.2,3.0,1.3,10.8,Yes,No,Middle,2.0,Yes,Salle 25,298.0
Male,21.0,Informatique,1,76.0,24.0,62.8,64.2,79.6,1.0,1.9,15.8,Yes,No,Middle,1.0,No,Salle 30,248.0
Male,21.0,Informatique,2,64.0,36.0,52.0,47.4,59.1,1.0,0.1,4.1,No,No,Low,2.0,No,Salle 24,298.0
Female,18.0,Informatique,3,89.0,11.0,65.0,64.7,58.9,1.0,3.6,19.9,Yes,Yes,Middle,1.0,Yes,Salle 29,263.0
Male,22.0,Electrique,5,77.7,22.0,71.2,67.8,99.9,0.0,1.4,15.2,Yes,Yes,High,0.0,Yes,Salle 26,80.0
Female,21.0,Electrique,4,64.1,36.0,74.9,65.8,35.9,1.0,2.7,17.5,Yes,Yes,Middle,0.0,Yes,Salle 24,157.0
Male,23.0,Informatique,4,99.2,1.0,47.3,61.6,83.6,1.0,0.5,2.0,No,No,High,1.0,Yes,Salle 15,230.0
Female,18.0,Chimie,2,71.2,29.0,63.3,62.3,100.0,1.0,1.1,5.1,Yes,Yes,Middle,1.0,Yes,Salle 18,119.0
Female,23.0,Mecanique,4,72.0,28.0,78.1,68.9,88.1,2.0,2.5,7.2,Yes,No,Low,1.0,Yes,Salle 29,178.0
Female,22.0,Telecom,2,75.9,24.0,62.0,64.8,74.5,0.0,1.4,4.7,No,Yes,Middle,1.0,Yes,Salle 30,161.0
Male,21.0,Informatique,2,71.1,29.0,49.7,61.6,69.4,2.0,1.0,6.0,No,No,Middle,1.0,Yes,Salle 13,298.0
Female,23.0,Informatique,2,86.1,14.0,64.0,61.6,58.5,0.0,3.2,18.3,Yes,No,Middle,2.0,No,Salle 28,298.0
Male,26.0,Electrique,2,100.0,0.0,57.1,80.7,60.8,1.0,1.4,20.1,Yes,No,Low,0.0,Yes,Salle 13,185.0
Female,22.0,GenieCivil,2,88.2,12.0,28.6,52.1,45.0,2.0,0.4,8.5,No,No,Middle,1.0,Yes,Salle 11,177.0
Male,21.0,Mecanique,4,87.7,12.0,63.2,61.0,49.3,2.0,1.4,8.0,No,No,Low,2.0,No,Salle 2,178.0
Male,20.0,Chimie,4,91.5,8.0,48.3,41.1,43.3,1.0,4.8,24.4,Yes,No,Low,1.0,Yes,Salle 20,93.0
Female,23.0,Mecanique,4,72.8,27.0,63.3,75.7,46.1,1.0,2.3,16.3,Yes,No,Middle,1.0,No,Salle 21,178.0
Female,22.0,Energetique,2,97.4,3.0,60.4,74.3,42.7,0.0,1.3,4.6,No,No,Low,0.0,Yes,Salle 14,71.0
Female,25.0,Chimie,2,80.6,19.0,58.8,30.7,48.8,3.0,0.0,11.5,Yes,No,Middle,2.0,Yes,Salle 12,119.0
Male,21.0,Informatique,4,77.2,23.0,64.7,76.1,86.3,1.0,0.3,2.1,No,No,Middle,1.0,Yes,Salle 11,230.0
Female,21.0,Telecom,4,100.0,0.0,35.6,61.6,70.1,1.0,0.0,10.5,Yes,Yes,Middle,0.0,Yes,Salle 23,121.0
Female,22.0,GenieCivil,3,89.5,10.0,50.9,92.8,61.7,2.0,1.2,7.9,Yes,Yes,Middle,2.0,No,Salle 7,185.0
Male,20.0,Informatique,3,62.2,38.0,67.7,61.6,62.1,1.0,1.6,3.9,Yes,No,Low,0.0,No,Salle 11,263.0
Male,20.0,Telecom,3,59.9,40.0,64.6,64.3,22.7,1.0,3.4,17.2,Yes,Yes,Middle,1.0,Yes,Salle 18,154.0
Male,22.0,Chimie,2,79.9,20.0,69.0,52.8,63.5,2.0,6.2,29.4,No,No,Middle,0.0,Yes,Salle 7,119.0
Male,19.0,Chimie,4,92.3,8.0,46.7,67.9,45.7,1.0,1.4,12.2,No,No,Low,1.0,Yes,Salle 11,93.0
Male,25.0,GenieCivil,2,85.9,14.0,45.8,36.5,47.7,1.0,1.6,11.5,Yes,No,High,0.0,Yes,Salle 27,177.0
Male,19.0,Telecom,4,70.4,30.0,87.5,15.9,64.4,1.0,0.3,14.6,No,Yes,Low,1.0,Yes,Salle 11,121.0
Female,27.0,Electrique,1,74.1,26.0,71.4,62.1,48.8,1.0,0.5,12.0,Yes,Yes,High,2.0,No,Salle 21,143.0
Male,22.0,Chimie,1,99.4,1.0,53.8,51.8,68.9,1.0,1.2,14.0,Yes,No,Low,1.0,No,Salle 28,96.0
Female,22.0,Energetique,1,74.8,25.0,54.1,64.3,54.9,1.0,3.9,22.8,Yes,Yes,Middle,1.0,Yes,Salle 29,83.0
Male,23.0,Informatique,4,100.0,0.0,58.9,61.6,18.6,1.0,2.5,17.4,Yes,No,Middle,0.0,Yes,Salle 2,230.0
Female,20.0,Mecanique,4,82.6,17.0,50.2,59.7,29.1,1.0,0.6,13.2,Yes,No,Middle,0.0,No,Salle 17,178.0
Female,26.0,GenieCivil,1,73.0,27.0,72.3,59.1,35.8,1.0,1.4,9.7,Yes,Yes,Middle,0.0,Yes,Salle 20,149.0
Male,18.0,Energetique,5,81.4,19.0,74.1,60.5,83.6,1.0,1.2,2.6,Yes,No,Low,0.0,Yes,Salle 10,40.0
Female,22.0,Informatique,1,81.7,18.0,28.6,62.5,0.0,2.0,2.6,16.0,No,No,Low,0.0,Yes,Salle 3,248.0
Female,22.0,Chimie,4,83.1,17.0,47.6,62.8,55.4,2.0,1.5,5.9,No,No,Middle,1.0,No,Salle 23,93.0
Male,25.0,Energetique,1,68.9,31.0,54.5,30.7,34.6,0.0,5.9,32.3,Yes,Yes,Low,1.0,Yes,Salle 1,83.0
Male,23.0,Informatique,4,87.5,12.0,46.3,18.9,59.1,0.0,4.4,19.5,Yes,No,High,1.0,Yes,Salle 9,230.0
Other,25.0,Mecanique,3,67.3,33.0,67.9,78.9,74.9,3.0,5.4,24.4,Yes,No,Middle,1.0,Yes,Salle 29,212.0
Female,21.0,Informatique,1,88.3,12.0,84.4,100.0,63.7,0.0,0.8,9.9,Yes,No,High,1.0,Yes,Salle 29,248.0
Male,21.0,Telecom,2,64.9,35.0,50.9,77.2,72.5,1.0,3.1,16.2,Yes,No,Middle,0.0,Yes,Salle 25,161.0
Male,25.0,Electrique,3,80.0,20.0,63.7,40.5,31.3,1.0,0.8,12.0,Yes,No,Middle,2.0,Yes,Salle 22,188.0
Male,22.0,Energetique,2,86.4,14.0,77.0,82.8,66.9,2.0,0.1,2.0,Yes,No,Low,1.0,Yes,Salle 27,71.0
Female,20.0,Chimie,4,51.4,49.0,99.7,43.0,77.0,0.0,1.4,11.6,No,No,Middle,0.0,No,Salle 26,93.0
Male,21.0,Energetique,4,78.8,21.0,91.5,49.4,28.6,2.0,5.5,11.5,Yes,No,Low,2.0,Yes,Salle 24,70.0
Female,20.0,Chimie,2,93.2,7.0,46.4,72.4,63.5,0.0,0.3,11.5,Yes,No,Middle,1.0,Yes,Salle 11,119.0
Other,19.0,Energetique,3,75.5,24.0,37.2,61.9,66.6,2.0,2.6,18.6,Yes,No,Middle,1.0,Yes,Salle 3,104.0
Male,26.0,Electrique,1,91.3,9.0,80.2,58.3,80.7,2.0,0.7,8.8,No,No,Middle,2.0,Yes,Salle 7,143.0
Female,21.0,Mecanique,1,100.0,0.0,83.7,63.5,32.5,0.0,1.6,19.5,Yes,No,High,1.0,No,Salle 17,186.0
Female,22.0,GenieCivil,2,83.3,17.0,68.7,66.4,81.4,1.0,3.3,19.4,No,No,High,1.0,No,Salle 26,177.0
Male,21.0,Energetique,5,100.0,0.0,65.6,59.9,52.9,2.0,1.6,3.5,No,Yes,Middle,0.0,Yes,Salle 26,40.0
Male,19.0,GenieCivil,5,87.8,12.0,64.2,79.6,76.7,0.0,1.8,13.4,No,No,Low,0.0,Yes,Salle 22,70.0
Male,24.0,Informatique,3,78.6,21.0,73.8,73.7,63.6,0.0,2.0,19.0,No,No,High,0.0,Yes,Salle 17,263.0
Female,20.0,GenieCivil,4,82.7,17.0,65.2,67.4,39.2,4.0,1.2,11.5,No,No,Middle,1.0,No,Salle 23,173.0
Female,20.0,Informatique,1,100.0,0.0,52.1,62.4,47.6,1.0,1.5,16.9,No,No,Middle,0.0,Yes,Salle 16,248.0
Male,19.0,Informatique,1,94.6,5.0,41.7,25.4,61.5,0.0,1.5,16.1,Yes,Yes,High,1.0,Yes,Salle 10,248.0
Male,21.0,Informatique,2,76.3,24.0,49.8,45.8,63.1,4.0,2.2,15.7,No,No,Middle,1.0,Yes,Salle 15,298.0
Male,24.0,Mecanique,2,68.1,32.0,89.3,72.4,41.8,1.0,1.0,11.5,Yes,No,Middle,0.0,Yes,Salle 4,231.0
Male,20.0,Telecom,3,86.1,14.0,52.6,61.6,73.4,1.0,0.7,12.2,No,No,Low,2.0,Yes,Salle 28,154.0
Male,27.0,Mecanique,5,82.2,5.0,74.9,69.5,73.5,3.0,0.2,7.1,Yes,No,Low,0.0,Yes,Salle 26,67.0
Male,22.0,Telecom,2,61.8,38.0,55.7,55.2,73.6,2.0,1.8,20.1,No,No,Middle,1.0,Yes,Salle 21,161.0
Male,21.0,Informatique,1,91.4,9.0,65.2,36.2,69.9,1.0,2.9,18.7,Yes,No,Middle,2.0,Yes,Salle 11,248.0
Female,22.0,Electrique,4,74.9,25.0,79.7,61.6,57.5,1.0,3.5,23.2,No,No,Middle,0.0,Yes,Salle 13,157.0
Male,20.0,Informatique,1,73.0,27.0,42.3,80.3,72.2,2.0,0.8,0.9,No,Yes,Middle,3.0,Yes,Salle 27,248.0
Female,18.0,Chimie,4,100.0,0.0,58.2,64.2,70.5,1.0,1.4,8.2,Yes,No,Middle,1.0,Yes,Salle 9,93.0
Male,23.0,GenieCivil,4,95.1,5.0,70.7,61.4,61.0,1.0,0.2,2.1,Yes,No,Middle,1.0,Yes,Salle 28,173.0
Male,22.0,Informatique,1,81.3,19.0,60.2,49.4,100.0,0.0,1.0,6.2,Yes,Yes,High,0.0,Yes,Salle 10,248.0
Male,22.0,Informatique,3,69.0,31.0,81.9,76.5,66.6,0.0,1.4,15.3,Yes,No,Middle,3.0,Yes,Salle 20,263.0
Female,26.0,Telecom,2,88.3,12.0,79.6,56.7,55.3,0.0,1.0,9.5,Yes,No,Middle,1.0,Yes,Salle 25,161.0
Male,19.0,GenieCivil,2,100.0,0.0,78.5,55.9,52.0,1.0,19.4,81.0,Yes,No,Middle,2.0,Yes,Salle 1,177.0
Male,27.0,Chimie,5,80.1,20.0,68.9,30.5,63.5,1.0,0.4,15.6,No,No,Low,1.0,No,Salle 26,48.0
Female,20.0,Electrique,3,64.1,36.0,84.0,61.6,63.5,1.0,1.3,5.8,Yes,No,Low,2.0,Yes,Salle 3,188.0
Male,23.0,GenieCivil,2,72.2,28.0,64.2,56.5,81.5,1.0,2.3,19.1,Yes,No,Middle,1.0,No,Salle 29,177.0
Male,23.0,Telecom,1,89.9,10.0,85.0,64.4,41.6,1.0,5.0,22.5,Yes,Yes,Low,1.0,Yes,Salle 18,121.0
Female,23.0,Informatique,2,95.0,5.0,64.5,89.6,61.7,0.0,4.8,22.7,Yes,No,Middle,2.0,No,Salle 19,298.0
Male,26.0,Mecanique,4,87.1,13.0,38.6,68.2,15.4,0.0,1.0,7.4,No,No,Middle,2.0,No,Salle 1,178.0
Male,22.0,Energetique,3,94.7,5.0,47.2,62.6,31.5,4.0,1.2,10.4,Yes,No,Middle,2.0,No,Salle 17,104.0
Male,21.0,Telecom,4,72.0,28.0,72.1,55.4,49.6,1.0,1.3,9.7,Yes,No,High,1.0,No,Salle 12,121.0
Female,19.0,Informatique,3,82.2,36.0,61.4,45.9,68.3,1.0,2.6,11.8,No,No,High,1.0,Yes,Salle 2,263.0
Male,21.0,Informatique,5,69.2,31.0,60.8,41.3,45.4,3.0,0.2,3.2,No,No,Middle,1.0,No,Salle 23,109.0
Male,22.0,Informatique,1,61.7,38.0,51.2,82.2,68.7,0.0,0.9,5.5,Yes,No,Middle,1.0,No,Salle 11,248.0
Male,21.0,Informatique,2,65.9,34.0,69.9,88.3,62.9,1.0,1.3,9.6,No,No,Middle,1.0,Yes,Salle 30,298.0
Male,21.0,Electrique,4,82.8,17.0,61.2,61.6,89.3,0.0,1.4,14.6,Yes,No,Middle,2.0,Yes,Salle 27,157.0
Male,24.0,Chimie,3,85.9,14.0,50.8,90.5,38.3,1.0,4.8,28.2,No,No,High,2.0,No,Salle 7,130.0
Female,22.0,Mecanique,1,98.4,2.0,78.0,58.2,66.1,2.0,3.4,20.5,Yes,Yes,Middle,2.0,Yes,Salle 19,186.0
Male,18.0,GenieCivil,4,84.3,16.0,39.5,33.5,63.0,1.0,0.2,8.7,No,No,Middle,0.0,No,Salle 1,173.0
Male,19.0,Telecom,4,77.0,23.0,50.2,64.8,50.1,2.0,0.4,6.1,Yes,No,High,2.0,No,Salle 18,121.0
Female,25.0,Mecanique,3,76.7,23.0,48.8,48.5,62.1,1.0,1.7,11.9,No,No,High,1.0,No,Salle 24,212.0
Male,20.0,GenieCivil,4,86.6,13.0,62.4,35.4,89.7,0.0,2.0,13.4,Yes,No,Middle,1.0,Yes,Salle 22,173.0
Male,22.0,Informatique,4,83.2,17.0,84.0,37.9,100.0,3.0,1.0,9.6,No,No,Middle,2.0,Yes,Salle 12,230.0
Female,19.0,GenieCivil,5,52.7,47.0,65.1,88.1,50.9,1.0,0.4,7.3,Yes,No,Low,1.0,Yes,Salle 15,70.0
Female,21.0,Informatique,2,67.2,33.0,86.8,61.6,77.2,1.0,1.1,0.0,No,No,Low,2.0,Yes,Salle 10,298.0
Female,22.0,Mecanique,4,91.7,8.0,70.6,68.1,92.3,1.0,1.1,12.2,Yes,Yes,Low,2.0,No,Salle 14,178.0
Female,23.0,Electrique,3,88.6,11.0,56.8,27.5,89.0,1.0,2.0,13.3,Yes,No,Middle,0.0,No,Salle 22,188.0
Male,21.0,Informatique,2,100.0,0.0,52.8,74.2,63.5,0.0,0.0,1.6,Yes,Yes,Middle,0.0,Yes,Salle 23,298.0
Male,22.0,Telecom,4,88.5,12.0,60.3,68.1,38.5,0.0,0.8,12.0,Yes,Yes,High,2.0,Yes,Salle 27,121.0
Male,22.0,Telecom,3,69.0,31.0,66.5,81.6,80.5,3.0,0.4,7.3,No,No,Middle,3.0,No,Salle 30,154.0
Female,23.0,Informatique,3,84.5,16.0,74.1,47.0,76.7,1.0,2.0,14.2,Yes,No,Middle,0.0,No,Salle 20,263.0
Female,21.0,Mecanique,2,100.0,0.0,85.5,84.8,72.6,1.0,1.0,14.6,Yes,No,Middle,1.0,Yes,Salle 7,231.0
Male,20.0,GenieCivil,2,73.2,27.0,85.1,82.2,77.0,3.0,0.8,1.8,Yes,No,Middle,0.0,Yes,Salle 30,177.0
Female,23.0,Mecanique,1,61.2,39.0,55.3,44.0,62.0,2.0,0.1,11.5,Yes,No,Middle,1.0,No,Salle 6,186.0
Male,24.0,Energetique,1,82.2,7.0,47.9,44.7,54.8,3.0,0.0,2.6,No,Yes,Low,3.0,Yes,Salle 9,83.0
Female,22.0,Electrique,3,92.2,8.0,95.6,88.5,80.6,0.0,1.9,17.4,Yes,No,Low,2.0,Yes,Salle 2,188.0
Male,20.0,Energetique,3,70.0,30.0,79.4,46.9,67.8,2.0,0.1,10.0,Yes,No,Middle,1.0,No,Salle 11,104.0
Female,22.0,Telecom,1,77.4,23.0,54.5,39.6,78.2,1.0,3.4,11.8,Yes,No,Low,4.0,No,Salle 24,121.0
Female,19.0,Electrique,1,100.0,0.0,38.4,83.3,30.1,1.0,2.8,21.7,No,No,Low,4.0,Yes,Salle 30,143.0
Female,20.0,Mecanique,1,72.8,27.0,75.6,49.7,79.3,1.0,3.5,21.7,Yes,No,Middle,2.0,No,Salle 8,186.0
Female,22.0,Electrique,5,87.7,12.0,52.2,66.1,69.0,1.0,1.4,11.1,Yes,No,Low,1.0,Yes,Salle 12,80.0
Female,23.0,Informatique,4,74.6,25.0,38.5,71.8,89.6,1.0,2.2,14.6,Yes,No,Middle,1.0,Yes,Salle 10,230.0
Male,19.0,Electrique,2,82.2,20.0,81.8,61.6,73.4,1.0,1.4,20.1,Yes,No,Middle,2.0,Yes,Salle 16,185.0
Female,23.0,GenieCivil,5,100.0,0.0,44.6,76.2,56.8,0.0,0.4,7.4,Yes,No,Low,1.0,Yes,Salle 8,70.0
Male,23.0,Informatique,3,97.3,3.0,70.9,50.0,39.8,3.0,3.4,11.5,No,Yes,Middle,1.0,Yes,Salle 8,263.0
Male,22.0,Telecom,4,97.2,3.0,49.2,61.6,64.3,1.0,2.0,15.1,No,No,Low,1.0,Yes,Salle 20,121.0
Female,22.0,Chimie,2,74.9,25.0,67.0,87.5,54.6,0.0,0.6,3.7,Yes,No,High,1.0,No,Salle 6,119.0
Male,23.0,GenieCivil,1,83.1,17.0,72.4,74.2,60.9,1.0,3.2,25.4,Yes,No,Middle,2.0,Yes,Salle 12,149.0
Female,22.0,Electrique,2,76.1,24.0,82.7,63.9,75.0,0.0,1.4,1.8,No,No,Middle,1.0,No,Salle 24,185.0
Male,20.0,Telecom,3,84.5,16.0,53.4,79.0,88.2,0.0,0.9,16.3,No,No,Middle,0.0,No,Salle 12,154.0
Male,21.0,Energetique,2,78.5,22.0,81.7,76.4,74.2,0.0,1.8,14.3,Yes,Yes,Middle,1.0,Yes,Salle 14,71.0
Male,23.0,GenieCivil,3,100.0,0.0,47.2,47.3,86.6,1.0,0.7,9.0,Yes,No,Middle,0.0,No,Salle 18,185.0
Female,23.0,GenieCivil,2,67.9,32.0,65.1,64.1,73.0,0.0,0.9,9.5,Yes,No,Middle,2.0,No,Salle 29,177.0
Male,18.0,Informatique,2,90.7,9.0,65.9,64.6,56.0,2.0,1.9,10.3,No,No,Low,1.0,Yes,Salle 1,298.0
Female,18.0,Mecanique,2,83.1,17.0,94.4,68.6,54.1,0.0,2.2,13.3,Yes,No,High,1.0,Yes,Salle 29,231.0
Female,20.0,GenieCivil,3,86.7,13.0,43.9,44.3,71.4,2.0,0.7,13.1,No,No,Middle,3.0,Yes,Salle 1,185.0
Female,19.0,Informatique,2,79.0,21.0,88.0,56.5,80.3,0.0,1.4,14.9,Yes,No,Low,1.0,Yes,Salle 29,298.0
Female,25.0,Energetique,2,61.0,39.0,48.7,66.6,60.6,2.0,1.8,13.5,Yes,No,Middle,0.0,Yes,Salle 20,71.0
Male,25.0,Chimie,1,89.3,11.0,69.2,67.7,73.2,1.0,2.0,17.8,No,No,Low,1.0,No,Salle 18,96.0
Male,19.0,Mecanique,3,66.8,33.0,66.9,65.3,47.4,3.0,2.6,14.0,Yes,No,Middle,0.0,No,Salle 8,212.0
Female,23.0,GenieCivil,3,97.2,3.0,57.4,54.1,59.2,2.0,3.9,17.8,Yes,No,Middle,1.0,Yes,Salle 29,185.0
Female,22.0,Informatique,3,83.4,17.0,95.2,28.0,42.2,1.0,0.1,0.0,Yes,No,Middle,0.0,Yes,Salle 17,263.0
Male,19.0,Energetique,2,85.9,14.0,71.6,54.5,62.1,1.0,0.1,11.5,Yes,Yes,Low,1.0,Yes,Salle 24,71.0
Male,25.0,Informatique,5,100.0,0.0,63.1,35.1,68.9,0.0,1.4,14.8,No,Yes,High,2.0,Yes,Salle 17,109.0
Male,22.0,Energetique,1,95.8,4.0,65.0,55.1,56.7,2.0,1.4,8.1,No,No,Middle,1.0,Yes,Salle 28,83.0
Male,21.0,Mecanique,4,72.6,27.0,70.2,74.2,63.5,1.0,1.5,11.1,Yes,No,Low,0.0,Yes,Salle 8,178.0
Male,19.0,Mecanique,3,92.9,7.0,52.6,49.1,90.8,4.0,0.4,10.2,Yes,No,Middle,1.0,Yes,Salle 23,212.0
Male,27.0,Mecanique,2,73.2,27.0,56.8,100.0,67.1,1.0,0.4,9.0,Yes,Yes,Middle,0.0,Yes,Salle 16,231.0
Female,22.0,Energetique,2,82.2,20.0,58.1,71.7,56.6,5.0,0.1,0.0,Yes,No,Middle,4.0,Yes,Salle 26,71.0
Male,22.0,Telecom,3,81.5,18.0,66.0,61.6,36.6,3.0,0.5,6.0,Yes,Yes,High,2.0,No,Salle 9,154.0
Female,24.0,Chimie,5,100.0,0.0,66.1,74.4,53.6,0.0,2.6,17.0,Yes,Yes,Low,0.0,Yes,Salle 21,48.0
Male,23.0,Mecanique,1,79.1,21.0,72.7,64.3,28.6,5.0,4.3,11.5,No,No,Middle,2.0,Yes,Salle 22,186.0
Female,24.0,Electrique,3,76.9,23.0,68.7,64.6,65.2,1.0,1.1,16.3,No,No,Middle,1.0,Yes,Salle 20,188.0
Female,26.0,GenieCivil,4,82.2,48.0,89.3,55.9,48.1,1.0,0.6,18.4,Yes,Yes,Middle,0.0,No,Salle 29,173.0
Female,20.0,GenieCivil,4,98.5,2.0,53.5,40.1,36.3,2.0,1.8,11.6,Yes,No,Low,1.0,Yes,Salle 3,173.0
Male,19.0,Informatique,1,75.1,25.0,65.1,79.4,100.0,1.0,1.0,11.5,Yes,No,Low,0.0,Yes,Salle 10,248.0
Male,20.0,Electrique,4,73.9,26.0,65.3,36.1,63.5,4.0,1.4,24.2,Yes,No,Middle,1.0,Yes,Salle 19,157.0
Male,20.0,Informatique,2,95.5,4.0,47.1,68.6,63.5,2.0,6.4,34.6,Yes,No,Middle,2.0,Yes,Salle 28,298.0
Male,22.0,Mecanique,2,75.5,24.0,53.7,94.6,27.5,0.0,4.0,21.0,Yes,No,High,5.0,Yes,Salle 24,231.0
Male,20.0,Energetique,1,86.7,13.0,74.4,18.8,20.5,1.0,1.2,15.5,Yes,No,Low,2.0,Yes,Salle 30,83.0
Male,23.0,Telecom,4,69.9,30.0,75.2,85.1,67.7,2.0,0.2,7.9,Yes,No,Middle,1.0,No,Salle 29,121.0
Male,22.0,Informatique,3,84.0,16.0,67.6,35.5,47.0,2.0,0.1,10.2,No,No,High,1.0,Yes,Salle 11,263.0
Male,22.0,Informatique,3,74.9,25.0,88.8,100.0,65.2,0.0,4.6,19.0,No,No,High,1.0,No,Salle 26,263.0
Male,21.0,Electrique,4,65.6,34.0,56.5,74.3,64.3,3.0,0.1,11.5,No,No,Middle,1.0,No,Salle 20,157.0
Female,21.0,Mecanique,1,86.6,13.0,65.5,49.2,55.6,1.0,1.1,14.8,Yes,No,Middle,2.0,Yes,Salle 11,186.0
Female,22.0,Informatique,3,90.2,10.0,73.0,63.6,43.2,1.0,4.9,27.3,No,No,Middle,1.0,Yes,Salle 15,263.0
Male,23.0,GenieCivil,4,81.6,18.0,70.9,75.1,65.0,1.0,1.5,11.8,Yes,No,Middle,1.0,Yes,Salle 6,173.0
Male,23.0,Informatique,4,69.3,31.0,54.5,54.8,79.2,3.0,1.4,13.4,Yes,No,Middle,1.0,Yes,Salle 21,230.0
Male,24.0,GenieCivil,2,98.4,2.0,73.9,68.8,68.7,1.0,1.4,5.4,No,Yes,Low,0.0,Yes,Salle 30,177.0
Female,21.0,Mecanique,3,100.0,0.0,69.1,69.6,92.4,0.0,2.5,16.5,Yes,No,High,2.0,No,Salle 13,212.0
Male,20.0,Mecanique,2,82.7,17.0,49.5,61.6,43.9,2.0,1.7,17.3,Yes,No,Low,1.0,No,Salle 1,231.0
Male,22.0,Energetique,2,70.7,29.0,43.2,64.0,50.8,0.0,1.3,9.8,No,Yes,Middle,1.0,Yes,Salle 27,71.0
Male,19.0,Informatique,3,82.2,16.0,54.8,52.8,48.1,1.0,4.4,11.5,No,No,Middle,1.0,Yes,Salle 11,263.0
Female,23.0,Mecanique,5,60.4,40.0,67.7,71.5,74.1,1.0,3.4,15.7,Yes,No,Middle,4.0,No,Salle 4,67.0
Male,23.0,Energetique,3,83.2,17.0,70.7,88.3,63.8,4.0,0.8,9.1,Yes,Yes,Low,1.0,Yes,Salle 22,104.0
Male,24.0,GenieCivil,4,73.1,27.0,70.0,80.5,86.3,3.0,0.3,11.5,Yes,No,Middle,2.0,Yes,Salle 20,173.0
Male,24.0,Informatique,1,82.2,18.0,71.3,47.6,100.0,0.0,2.8,11.5,Yes,No,Middle,0.0,Yes,Salle 26,248.0
Male,26.0,Telecom,4,100.0,0.0,57.6,37.2,60.3,0.0,0.5,5.4,No,No,Middle,2.0,Yes,Salle 30,121.0
Male,19.0,Mecanique,4,85.0,15.0,69.6,60.6,58.1,3.0,0.3,11.5,Yes,No,Middle,0.0,Yes,Salle 14,178.0
Male,22.0,Informatique,1,77.0,23.0,52.8,53.9,28.3,1.0,0.2,10.2,No,No,Middle,3.0,Yes,Salle 18,248.0
Female,23.0,Informatique,1,62.7,37.0,65.1,20.2,46.6,1.0,0.6,10.3,Yes,No,Low,1.0,Yes,Salle 13,248.0
Male,22.0,Electrique,2,74.9,25.0,76.3,78.9,39.3,2.0,1.4,23.5,No,No,High,3.0,Yes,Salle 12,185.0
Female,25.0,Informatique,4,85.0,15.0,68.1,50.5,72.3,1.0,0.4,11.0,No,No,Middle,0.0,Yes,Salle 5,230.0
Male,22.0,Informatique,3,83.8,16.0,54.5,55.5,60.1,1.0,3.3,20.6,No,No,High,1.0,Yes,Salle 5,263.0
Male,23.0,Mecanique,1,88.1,12.0,56.6,31.0,98.7,2.0,0.7,7.3,No,No,Low,0.0,No,Salle 24,186.0
Female,22.0,Energetique,2,81.3,19.0,69.5,66.1,73.9,1.0,2.8,16.0,Yes,No,Low,2.0,No,Salle 8,71.0
Male,21.0,Energetique,4,74.9,25.0,52.2,52.5,44.8,1.0,0.7,12.8,No,No,Low,1.0,Yes,Salle 29,70.0
Female,20.0,Telecom,4,65.7,34.0,54.5,46.5,70.7,0.0,2.5,11.5,Yes,No,Low,1.0,Yes,Salle 14,121.0
Female,22.0,Mecanique,2,91.9,8.0,65.1,22.1,71.4,0.0,0.9,9.3,Yes,No,Middle,1.0,No,Salle 4,231.0
Female,23.0,Mecanique,2,71.5,28.0,65.1,64.0,71.6,3.0,1.4,28.0,No,No,Middle,1.0,No,Salle 15,231.0
Male,24.0,GenieCivil,4,84.2,16.0,67.4,41.8,83.6,3.0,0.1,4.6,Yes,No,Middle,1.0,Yes,Salle 26,173.0
Male,21.0,GenieCivil,5,84.9,15.0,88.7,90.4,60.7,3.0,2.8,22.9,Yes,Yes,Middle,1.0,Yes,Salle 27,70.0
Female,23.0,Telecom,4,87.1,13.0,85.9,81.1,55.8,0.0,0.0,0.0,No,No,Middle,1.0,No,Salle 13,121.0
Male,23.0,GenieCivil,3,89.5,10.0,55.6,44.3,100.0,1.0,9.0,45.4,Yes,No,Low,0.0,No,Salle 5,185.0
Female,21.0,Chimie,3,69.7,30.0,53.8,38.8,87.2,1.0,1.2,0.0,No,Yes,Middle,2.0,Yes,Salle 4,130.0
Female,23.0,Telecom,1,84.2,16.0,50.8,50.9,20.4,1.0,7.1,35.2,Yes,No,High,0.0,No,Salle 27,121.0
Female,22.0,Energetique,5,67.3,33.0,74.5,93.9,57.0,1.0,2.9,22.1,Yes,No,Middle,1.0,Yes,Salle 15,40.0
Female,20.0,Informatique,4,77.8,22.0,46.0,63.1,28.1,1.0,2.7,19.4,No,No,Middle,2.0,No,Salle 11,230.0
Female,21.0,Informatique,5,56.6,43.0,77.2,72.2,85.0,2.0,1.4,7.0,No,No,Middle,0.0,No,Salle 28,109.0
Male,20.0,Electrique,3,87.0,13.0,73.0,65.5,48.0,1.0,0.2,8.6,Yes,No,Middle,1.0,Yes,Salle 26,188.0
Other,24.0,Mecanique,3,91.6,8.0,31.1,62.4,46.8,2.0,1.4,8.3,Yes,Yes,Low,0.0,Yes,Salle 26,212.0
Male,22.0,Mecanique,2,73.6,26.0,70.2,62.5,55.1,0.0,3.1,20.3,Yes,No,Middle,2.0,Yes,Salle 9,231.0
Female,23.0,GenieCivil,3,83.9,16.0,75.0,42.0,74.1,2.0,0.1,3.7,Yes,No,High,3.0,Yes,Salle 16,185.0
Male,19.0,Mecanique,1,100.0,0.0,66.0,72.9,50.2,3.0,1.6,2.2,Yes,Yes,Middle,0.0,Yes,Salle 7,186.0
Male,23.0,Energetique,3,82.1,18.0,63.0,60.9,63.5,4.0,6.8,27.2,No,No,Low,1.0,No,Salle 20,104.0
Female,23.0,Mecanique,2,86.7,13.0,42.2,73.9,54.9,0.0,1.4,16.6,Yes,No,Low,1.0,Yes,Salle 26,231.0
Male,21.0,Informatique,1,75.7,24.0,49.0,81.6,42.7,1.0,1.9,11.5,Yes,No,Low,1.0,No,Salle 15,248.0
Other,22.0,Informatique,5,97.9,2.0,72.7,78.6,63.5,1.0,0.9,9.9,Yes,No,Middle,3.0,Yes,Salle 6,109.0
Female,19.0,Mecanique,2,63.7,36.0,50.7,92.4,75.1,2.0,3.3,25.6,Yes,No,Middle,0.0,Yes,Salle 1,231.0
Male,22.0,GenieCivil,4,77.8,22.0,71.0,73.2,56.4,0.0,2.8,12.5,Yes,Yes,Low,1.0,Yes,Salle 7,173.0
Male,23.0,GenieCivil,3,66.0,34.0,67.0,82.4,60.5,0.0,0.8,11.7,No,Yes,High,0.0,No,Salle 13,185.0
Male,25.0,GenieCivil,1,78.2,22.0,57.0,91.0,49.7,0.0,1.4,6.8,No,No,Middle,1.0,Yes,Salle 3,149.0
Male,22.0,Mecanique,2,65.2,35.0,69.5,29.3,79.9,1.0,1.0,12.7,Yes,No,Low,1.0,Yes,Salle 1,231.0
Female,22.0,Informatique,1,87.1,13.0,59.6,51.1,63.1,0.0,1.3,11.5,Yes,No,Middle,2.0,Yes,Salle 16,248.0
Male,23.0,Informatique,1,82.2,12.0,53.1,61.6,63.5,1.0,0.5,10.0,No,Yes,Middle,1.0,No,Salle 20,248.0
Female,25.0,Informatique,4,91.9,8.0,68.5,74.4,90.0,2.0,1.2,1.1,No,No,Middle,1.0,Yes,Salle 23,230.0
Male,23.0,GenieCivil,2,77.5,22.0,59.9,17.7,77.6,1.0,2.6,19.3,Yes,No,Middle,2.0,Yes,Salle 1,177.0
Female,18.0,Chimie,2,72.4,28.0,54.1,56.1,64.2,1.0,1.9,15.9,Yes,No,Middle,1.0,No,Salle 5,119.0
Female,20.0,Informatique,4,60.9,39.0,41.5,61.6,41.9,3.0,3.4,18.8,Yes,Yes,Middle,1.0,Yes,Salle 28,230.0
Male,23.0,Informatique,1,83.1,17.0,72.4,59.9,58.6,2.0,2.7,17.2,No,No,High,0.0,Yes,Salle 9,248.0
Male,19.0,Chimie,2,78.5,22.0,58.9,69.1,50.0,1.0,0.3,0.0,Yes,No,Low,1.0,Yes,Salle 16,119.0
Male,21.0,Mecanique,4,84.0,16.0,52.5,60.5,89.0,0.0,0.5,9.7,Yes,Yes,Low,0.0,No,Salle 2,178.0
Male,23.0,GenieCivil,2,82.2,26.0,62.6,82.2,62.9,3.0,1.2,11.5,Yes,Yes,Middle,1.0,No,Salle 25,177.0
Male,19.0,Electrique,1,82.2,13.0,68.3,83.1,48.5,1.0,0.8,7.9,Yes,No,High,3.0,Yes,Salle 5,143.0
Female,24.0,Chimie,1,82.0,18.0,46.2,46.2,31.7,1.0,1.1,11.5,Yes,No,Middle,1.0,Yes,Salle 5,96.0
Male,20.0,Mecanique,2,72.1,28.0,71.3,100.0,67.7,0.0,1.4,3.6,No,Yes,High,2.0,Yes,Salle 14,231.0
Female,20.0,Mecanique,3,86.5,14.0,50.8,70.6,35.2,1.0,0.6,3.0,Yes,No,Middle,2.0,Yes,Salle 21,212.0
Male,21.0,Informatique,1,65.8,34.0,54.7,65.7,56.7,0.0,1.8,16.8,Yes,No,High,1.0,Yes,Salle 17,248.0
Male,23.0,Electrique,4,64.2,36.0,42.6,63.6,21.1,1.0,0.7,11.5,Yes,No,Low,1.0,Yes,Salle 18,157.0
Male,20.0,Chimie,2,68.5,32.0,72.3,49.1,67.3,1.0,4.4,18.2,Yes,Yes,Low,2.0,Yes,Salle 30,119.0
Male,21.0,Telecom,2,72.7,27.0,71.7,38.2,72.4,2.0,4.9,28.8,No,No,High,2.0,Yes,Salle 11,161.0
Male,23.0,Electrique,1,69.7,30.0,58.3,65.0,62.9,1.0,1.4,9.6,Yes,No,Low,0.0,Yes,Salle 15,143.0
Female,22.0,Mecanique,2,97.0,3.0,70.3,49.8,60.8,1.0,0.2,6.3,No,No,Low,0.0,Yes,Salle 25,231.0
Female,22.0,GenieCivil,3,87.1,13.0,44.8,21.0,82.6,2.0,1.7,13.1,Yes,No,Middle,2.0,Yes,Salle 6,185.0
Male,23.0,Informatique,2,85.9,14.0,98.0,93.8,53.6,1.0,0.2,3.3,Yes,No,Low,1.0,Yes,Salle 30,298.0
Male,22.0,Electrique,2,82.4,18.0,57.6,56.1,65.6,1.0,3.7,26.7,No,No,Middle,0.0,No,Salle 4,185.0
Male,21.0,Electrique,3,71.7,28.0,75.6,34.4,62.2,0.0,0.1,0.0,Yes,No,Middle,1.0,No,Salle 5,188.0
Female,23.0,Mecanique,5,82.2,18.0,65.6,81.1,70.9,1.0,1.5,8.9,No,No,Low,1.0,Yes,Salle 20,67.0
Male,23.0,Chimie,2,83.5,16.0,76.1,57.9,75.3,3.0,2.0,10.7,Yes,No,Middle,2.0,Yes,Salle 17,119.0
Female,23.0,Telecom,5,100.0,0.0,46.0,26.6,93.5,0.0,1.0,10.3,Yes,No,Middle,1.0,Yes,Salle 30,60.0
Male,23.0,Informatique,1,91.6,8.0,56.5,57.2,63.5,1.0,11.9,48.9,Yes,Yes,Middle,0.0,No,Salle 11,248.0
Male,26.0,Mecanique,2,92.2,8.0,63.7,73.4,67.8,0.0,0.1,2.9,Yes,No,Middle,0.0,Yes,Salle 13,231.0
Male,23.0,Informatique,1,78.8,21.0,65.0,66.3,100.0,1.0,13.1,60.1,Yes,No,Low,2.0,No,Salle 23,248.0
Male,23.0,Electrique,2,82.2,0.0,65.1,30.1,68.4,1.0,0.6,11.5,Yes,No,Middle,1.0,Yes,Salle 26,185.0
Female,22.0,Informatique,1,74.1,26.0,98.1,73.9,33.6,1.0,1.0,15.1,Yes,No,Middle,1.0,Yes,Salle 8,248.0
Female,21.0,Informatique,1,96.4,4.0,67.0,80.7,56.5,1.0,0.7,4.3,Yes,No,Middle,2.0,Yes,Salle 22,248.0
Male,25.0,Electrique,2,80.1,20.0,60.4,72.0,41.9,1.0,3.5,22.8,Yes,No,Middle,2.0,Yes,Salle 7,185.0
Male,22.0,GenieCivil,1,94.8,5.0,63.8,43.7,85.8,0.0,3.8,25.7,Yes,No,High,2.0,Yes,Salle 29,149.0
Female,19.0,Electrique,2,82.6,17.0,62.5,47.2,79.3,2.0,0.0,8.6,No,No,Middle,0.0,Yes,Salle 6,185.0
Female,23.0,Chimie,1,69.5,30.0,65.1,38.8,68.5,0.0,1.1,2.9,Yes,No,Middle,1.0,Yes,Salle 18,96.0
Male,23.0,Electrique,5,78.5,22.0,66.7,48.4,76.6,1.0,1.6,12.5,No,No,Middle,0.0,No,Salle 6,80.0
Female,20.0,Informatique,4,90.2,10.0,44.4,61.6,15.7,1.0,6.0,11.5,No,Yes,Middle,1.0,No,Salle 2,230.0
Female,26.0,Mecanique,2,65.2,35.0,52.9,80.7,72.3,0.0,1.4,7.6,No,No,High,1.0,Yes,Salle 28,231.0
Male,21.0,Mecanique,4,74.6,25.0,37.1,56.7,52.3,0.0,0.4,2.1,Yes,No,Middle,2.0,Yes,Salle 16,178.0
Female,25.0,Electrique,3,86.4,14.0,65.2,61.6,68.0,5.0,5.6,27.9,Yes,No,Middle,1.0,Yes,Salle 24,188.0
Male,24.0,GenieCivil,4,76.0,24.0,82.7,63.3,63.2,1.0,3.2,14.9,Yes,No,Middle,0.0,Yes,Salle 28,173.0
Male,23.0,GenieCivil,4,66.9,33.0,92.9,68.5,59.9,1.0,3.0,13.1,Yes,No,High,0.0,Yes,Salle 28,173.0
Male,23.0,Informatique,5,93.6,6.0,73.8,32.2,97.2,1.0,1.4,21.6,No,No,Middle,2.0,Yes,Salle 10,109.0
Male,20.0,Mecanique,2,79.4,21.0,65.7,67.2,66.7,0.0,1.0,11.6,No,No,Middle,0.0,No,Salle 17,231.0
Male,20.0,Chimie,1,60.3,40.0,68.0,35.4,71.7,1.0,0.4,15.9,Yes,No,Low,2.0,Yes,Salle 3,96.0
Female,20.0,GenieCivil,3,88.6,11.0,46.5,46.2,89.5,0.0,2.2,7.8,Yes,No,High,1.0,No,Salle 16,185.0
Female,20.0,Informatique,4,70.1,30.0,49.5,51.9,76.6,1.0,1.8,16.1,Yes,No,Middle,0.0,Yes,Salle 26,230.0
Male,20.0,Chimie,3,85.7,14.0,52.7,84.1,61.1,2.0,2.2,11.5,Yes,Yes,Low,0.0,Yes,Salle 17,130.0
Male,24.0,Mecanique,4,67.6,32.0,43.1,83.1,66.9,3.0,2.1,18.3,No,No,Low,1.0,Yes,Salle 20,178.0
Male,23.0,Informatique,4,75.4,25.0,65.1,64.6,85.7,4.0,2.4,10.2,Yes,No,High,1.0,No,Salle 2,230.0
Female,23.0,GenieCivil,1,74.6,25.0,80.3,62.0,62.5,0.0,0.7,6.6,Yes,No,Middle,0.0,Yes,Salle 27,149.0
Male,23.0,Chimie,5,73.0,27.0,53.7,46.0,19.4,0.0,0.6,10.8,No,No,Middle,2.0,Yes,Salle 27,48.0
Male,23.0,Mecanique,2,79.8,20.0,53.9,84.8,72.7,1.0,0.9,11.5,No,No,Middle,3.0,Yes,Salle 1,231.0
Female,26.0,GenieCivil,4,90.6,9.0,53.0,61.6,35.3,3.0,2.5,7.7,Yes,Yes,High,0.0,Yes,Salle 11,173.0
Male,19.0,Chimie,2,100.0,0.0,47.0,62.4,63.7,1.0,5.2,29.8,Yes,No,Middle,1.0,No,Salle 28,119.0
Male,20.0,Telecom,1,96.2,4.0,48.2,74.8,55.6,2.0,0.1,6.8,Yes,No,Middle,1.0,No,Salle 26,121.0
Male,25.0,Mecanique,3,79.0,21.0,44.5,75.6,85.5,1.0,1.5,5.5,Yes,No,High,1.0,Yes,Salle 10,212.0
Female,24.0,Electrique,1,75.8,24.0,74.3,52.2,77.3,2.0,2.4,11.5,Yes,No,Low,0.0,Yes,Salle 7,143.0
Female,20.0,Telecom,5,70.3,30.0,49.3,35.4,91.9,1.0,2.4,13.7,Yes,No,Middle,2.0,Yes,Salle 23,60.0
Male,22.0,GenieCivil,2,66.3,34.0,65.1,93.3,25.4,0.0,4.6,24.3,Yes,No,Low,1.0,Yes,Salle 17,177.0
Female,22.0,Informatique,4,68.9,31.0,55.7,93.0,71.2,1.0,0.1,10.3,Yes,No,Low,1.0,No,Salle 22,230.0
Female,22.0,GenieCivil,3,82.0,18.0,99.2,69.8,89.8,4.0,1.6,9.6,Yes,No,Middle,1.0,Yes,Salle 20,185.0
Female,20.0,Mecanique,2,90.3,10.0,100.0,69.2,55.1,4.0,0.9,10.8,Yes,No,Middle,0.0,Yes,Salle 18,231.0
Female,23.0,Chimie,3,88.9,11.0,65.8,71.3,50.7,2.0,1.5,11.5,Yes,No,Middle,1.0,Yes,Salle 13,130.0
Female,22.0,Informatique,1,96.1,4.0,60.0,82.6,40.4,1.0,0.5,11.5,Yes,No,Middle,1.0,No,Salle 12,248.0
Male,24.0,Telecom,2,94.5,6.0,82.7,49.2,100.0,1.0,4.9,31.0,Yes,No,Middle,2.0,Yes,Salle 2,161.0
Male,20.0,Informatique,1,82.2,24.0,75.9,61.6,100.0,1.0,12.4,56.1,No,No,Low,2.0,Yes,Salle 21,248.0
Male,22.0,Energetique,5,82.2,12.0,67.1,65.3,100.0,1.0,2.4,13.1,Yes,No,High,0.0,Yes,Salle 16,40.0
Male,23.0,Chimie,1,82.2,33.0,81.2,27.3,79.2,1.0,1.4,4.5,No,No,Middle,1.0,Yes,Salle 17,96.0
Male,21.0,GenieCivil,4,82.2,1.0,69.8,91.3,54.9,1.0,0.0,2.1,Yes,No,High,1.0,No,Salle 28,173.0
Male,21.0,Telecom,1,69.5,30.0,50.8,45.9,61.6,2.0,2.3,11.3,Yes,Yes,Low,0.0,Yes,Salle 17,121.0
Male,17.0,Energetique,1,86.2,14.0,35.3,33.0,56.2,3.0,0.1,1.3,Yes,Yes,Middle,3.0,Yes,Salle 20,83.0
Female,23.0,Electrique,5,82.8,17.0,45.1,20.2,49.3,2.0,0.2,4.4,Yes,No,Middle,3.0,No,Salle 9,80.0
Female,21.0,Electrique,2,100.0,0.0,81.2,79.5,86.0,2.0,1.2,3.0,No,Yes,Low,1.0,Yes,Salle 17,185.0
Female,22.0,GenieCivil,5,75.0,25.0,78.1,82.6,93.4,1.0,3.2,12.3,Yes,No,Middle,0.0,No,Salle 21,70.0
Female,23.0,Electrique,2,75.0,25.0,72.3,76.6,49.0,2.0,1.4,13.7,Yes,No,Middle,0.0,No,Salle 22,185.0
Male,23.0,Informatique,1,92.3,8.0,59.1,39.7,56.7,1.0,0.7,11.0,Yes,No,Middle,2.0,Yes,Salle 23,248.0
Female,22.0,Mecanique,5,67.3,33.0,56.6,79.1,63.4,0.0,1.0,7.2,No,No,High,1.0,Yes,Salle 10,67.0
Female,24.0,GenieCivil,4,84.1,16.0,63.5,58.0,76.2,2.0,0.2,4.0,Yes,No,Middle,1.0,No,Salle 11,173.0
Male,19.0,Telecom,5,98.3,2.0,71.1,47.0,50.9,0.0,1.2,13.0,No,Yes,Middle,1.0,Yes,Salle 16,60.0
Male,24.0,Mecanique,2,93.4,7.0,77.9,78.7,68.6,1.0,2.9,24.6,No,No,Middle,1.0,No,Salle 24,231.0
Female,18.0,Informatique,1,94.0,6.0,68.4,61.6,48.0,2.0,0.8,10.8,No,No,Middle,1.0,Yes,Salle 6,248.0
Female,20.0,Informatique,2,78.3,22.0,65.1,61.0,63.5,1.0,0.7,0.0,Yes,Yes,Middle,1.0,Yes,Salle 17,298.0
Male,21.0,Mecanique,5,76.0,24.0,62.3,58.0,70.8,1.0,1.8,7.2,No,No,Low,1.0,Yes,Salle 26,67.0
Male,22.0,Informatique,3,72.5,28.0,73.5,36.5,89.8,1.0,1.4,6.0,No,No,High,2.0,Yes,Salle 13,263.0
Male,23.0,Mecanique,5,75.5,24.0,46.6,65.2,68.6,0.0,2.1,6.7,Yes,No,Low,0.0,No,Salle 24,67.0
Male,22.0,Chimie,1,59.3,41.0,58.5,59.2,69.0,1.0,1.4,7.2,Yes,No,Low,1.0,Yes,Salle 11,96.0
Male,20.0,Informatique,2,55.2,45.0,50.9,49.9,52.3,2.0,1.4,12.1,Yes,No,Middle,0.0,No,Salle 9,298.0
Female,17.0,Telecom,4,89.7,10.0,62.5,67.6,100.0,2.0,4.1,12.9,Yes,No,Low,1.0,Yes,Salle 12,121.0
Female,23.0,Chimie,4,72.4,28.0,67.8,60.6,63.5,1.0,3.4,15.1,No,Yes,Middle,0.0,Yes,Salle 28,93.0
Female,25.0,Electrique,2,87.7,12.0,55.2,64.1,66.9,2.0,0.6,10.7,No,No,Middle,2.0,Yes,Salle 1,185.0
Male,21.0,Chimie,1,70.0,30.0,79.0,76.0,100.0,2.0,1.3,0.0,Yes,No,Middle,1.0,Yes,Salle 16,96.0
Male,18.0,Chimie,3,82.1,18.0,65.2,75.0,63.4,0.0,2.1,14.4,No,Yes,Middle,4.0,Yes,Salle 2,130.0
Female,25.0,Telecom,3,82.6,17.0,75.6,100.0,59.2,1.0,2.2,11.5,Yes,No,High,1.0,Yes,Salle 26,154.0
Female,20.0,Informatique,3,77.9,22.0,57.0,82.0,81.5,0.0,2.4,11.1,Yes,No,Low,0.0,Yes,Salle 7,263.0
Female,21.0,Informatique,3,81.3,19.0,65.1,45.6,100.0,0.0,0.1,9.7,No,No,Low,0.0,No,Salle 4,263.0
Male,21.0,Electrique,1,72.6,27.0,54.2,73.8,80.6,1.0,2.1,15.6,No,No,Low,0.0,Yes,Salle 21,143.0
Other,25.0,Informatique,4,91.2,9.0,65.1,25.7,63.5,1.0,0.1,7.2,Yes,No,Middle,1.0,Yes,Salle 17,230.0
Male,28.0,Chimie,3,92.5,8.0,61.6,70.6,72.1,2.0,0.6,1.3,Yes,Yes,Low,0.0,No,Salle 20,130.0
Female,23.0,GenieCivil,2,87.2,13.0,51.9,64.6,100.0,3.0,1.4,8.7,Yes,Yes,Middle,1.0,Yes,Salle 12,177.0
Female,25.0,Telecom,2,96.7,3.0,87.6,49.4,15.0,1.0,0.3,9.0,Yes,No,Low,1.0,Yes,Salle 13,161.0
Male,22.0,Chimie,3,67.1,33.0,74.8,74.6,56.1,0.0,0.0,11.5,No,Yes,High,0.0,Yes,Salle 6,130.0
Female,22.0,Electrique,4,87.2,13.0,55.5,56.5,81.4,0.0,1.9,14.7,Yes,No,Middle,1.0,No,Salle 26,157.0
Male,23.0,GenieCivil,2,66.7,33.0,50.5,43.1,62.6,4.0,6.9,34.1,No,No,Middle,1.0,Yes,Salle 30,177.0
Male,22.0,Electrique,1,78.8,21.0,57.7,74.0,69.3,1.0,0.9,8.3,Yes,No,Middle,1.0,Yes,Salle 5,143.0
Male,23.0,Electrique,1,96.6,3.0,58.7,55.7,53.6,2.0,1.4,7.3,Yes,No,Middle,1.0,Yes,Salle 2,143.0
Female,19.0,Energetique,3,76.4,24.0,49.6,44.6,25.7,0.0,0.9,7.6,No,Yes,Middle,2.0,No,Salle 14,104.0
Male,23.0,GenieCivil,4,53.4,47.0,78.0,30.0,17.5,1.0,0.2,9.7,Yes,No,Middle,1.0,Yes,Salle 21,173.0
Male,19.0,Mecanique,5,78.3,22.0,52.6,52.4,70.8,4.0,1.0,3.5,Yes,No,Low,2.0,Yes,Salle 18,67.0
Female,20.0,Mecanique,1,82.2,41.0,66.0,53.2,25.8,2.0,1.2,8.5,No,Yes,Low,2.0,Yes,Salle 13,186.0
Female,21.0,Mecanique,3,95.3,5.0,80.8,68.0,35.8,1.0,4.2,19.4,Yes,No,Middle,0.0,Yes,Salle 13,212.0
Female,24.0,Informatique,5,70.7,29.0,55.8,74.3,88.5,1.0,0.2,13.9,Yes,No,Middle,1.0,Yes,Salle 17,109.0
Male,23.0,Informatique,5,100.0,0.0,63.8,64.3,63.5,1.0,1.4,11.5,Yes,No,Low,1.0,Yes,Salle 23,109.0
Male,24.0,Electrique,4,67.6,32.0,69.4,73.7,84.0,0.0,0.8,9.3,Yes,No,Low,2.0,No,Salle 11,157.0
Male,19.0,Informatique,3,100.0,0.0,68.6,77.4,64.1,1.0,0.9,12.5,No,No,High,1.0,Yes,Salle 1,263.0
Female,22.0,Electrique,2,86.2,14.0,65.1,61.6,40.2,0.0,1.4,20.1,Yes,No,High,2.0,Yes,Salle 13,185.0
Female,19.0,Informatique,4,81.2,19.0,72.1,40.8,61.5,3.0,0.4,12.8,No,No,High,1.0,Yes,Salle 3,230.0
Male,23.0,Informatique,5,78.4,22.0,79.3,53.4,69.4,0.0,0.7,4.2,No,No,Middle,1.0,No,Salle 3,109.0
Male,20.0,GenieCivil,3,74.6,25.0,64.2,81.3,79.6,1.0,0.4,13.0,No,No,Middle,0.0,Yes,Salle 6,185.0
Female,24.0,Mecanique,1,81.2,19.0,95.4,44.4,6.5,2.0,0.1,6.3,Yes,No,Middle,1.0,Yes,Salle 5,186.0
Female,26.0,Electrique,2,75.0,25.0,55.2,65.8,53.7,0.0,1.4,14.9,Yes,No,Low,1.0,Yes,Salle 10,185.0
Female,21.0,Mecanique,1,83.4,17.0,34.2,44.9,51.4,1.0,1.2,8.0,No,No,Middle,1.0,No,Salle 18,186.0
Male,24.0,Energetique,5,93.1,7.0,55.5,85.7,63.5,3.0,6.5,37.0,Yes,No,Middle,2.0,No,Salle 13,40.0
Other,23.0,Mecanique,2,43.6,56.0,69.3,17.6,60.9,0.0,2.3,21.3,Yes,No,Middle,1.0,No,Salle 19,231.0
Female,24.0,Mecanique,3,72.1,28.0,65.1,61.6,8.6,0.0,2.5,21.4,Yes,No,Low,1.0,Yes,Salle 11,212.0
Male,19.0,Electrique,2,58.4,42.0,63.0,55.7,60.6,0.0,1.4,9.4,No,No,Low,1.0,Yes,Salle 26,185.0
Female,20.0,Energetique,4,85.7,14.0,46.3,62.1,29.1,1.0,0.1,0.0,No,No,Middle,0.0,No,Salle 13,70.0
Female,25.0,Informatique,5,84.0,16.0,64.8,76.6,63.5,1.0,2.4,10.6,Yes,No,Middle,3.0,Yes,Salle 10,109.0
Male,19.0,GenieCivil,2,78.0,22.0,73.5,58.2,29.2,5.0,0.6,7.4,No,No,High,2.0,Yes,Salle 15,177.0
Female,22.0,Telecom,1,89.6,10.0,76.4,92.9,48.2,0.0,0.1,5.5,Yes,Yes,Middle,0.0,No,Salle 19,121.0
Male,22.0,GenieCivil,5,77.9,22.0,61.3,63.6,63.5,0.0,0.1,11.5,No,No,Low,1.0,No,Salle 7,70.0
Male,23.0,Mecanique,2,98.8,1.0,80.5,70.0,67.4,2.0,0.1,6.8,Yes,No,High,0.0,Yes,Salle 6,231.0
Female,25.0,GenieCivil,4,76.1,24.0,52.2,45.3,74.2,1.0,1.8,13.3,Yes,No,Middle,2.0,Yes,Salle 28,173.0
Male,22.0,GenieCivil,5,78.2,22.0,60.5,55.0,42.6,2.0,1.0,11.5,No,No,Middle,1.0,Yes,Salle 12,70.0
Female,23.0,Informatique,4,71.5,28.0,64.1,75.0,71.7,1.0,0.5,6.9,Yes,No,Low,2.0,Yes,Salle 25,230.0
Male,21.0,Mecanique,1,78.3,22.0,57.9,46.1,32.7,1.0,3.3,27.2,Yes,No,Low,1.0,No,Salle 9,186.0
Female,23.0,Informatique,3,82.2,0.0,88.1,62.7,63.5,2.0,2.5,14.0,Yes,Yes,Middle,3.0,Yes,Salle 23,263.0
Female,22.0,Electrique,1,61.0,39.0,62.3,82.8,83.3,0.0,0.0,0.0,No,No,Middle,2.0,Yes,Salle 10,143.0
Female,22.0,Telecom,4,61.5,38.0,49.1,48.7,35.8,2.0,0.1,1.3,Yes,Yes,Low,2.0,Yes,Salle 27,121.0
Female,23.0,Electrique,1,83.8,16.0,39.0,58.1,55.4,0.0,4.5,22.9,Yes,No,Middle,1.0,Yes,Salle 25,143.0
Male,22.0,Telecom,3,99.3,1.0,63.5,42.8,13.0,1.0,1.4,21.4,No,Yes,Low,1.0,Yes,Salle 27,154.0
Female,22.0,Chimie,4,73.4,27.0,72.5,67.5,63.5,2.0,1.7,7.8,Yes,No,High,4.0,Yes,Salle 4,93.0
Other,17.0,Mecanique,1,74.9,25.0,65.4,78.6,37.4,1.0,1.2,10.3,Yes,No,High,3.0,No,Salle 17,186.0
Male,23.0,Energetique,2,74.9,25.0,65.1,48.7,58.7,0.0,0.5,5.4,No,No,Middle,1.0,Yes,Salle 24,71.0
Male,21.0,Informatique,1,83.6,16.0,52.2,73.1,59.1,3.0,1.4,13.7,Yes,No,High,3.0,No,Salle 21,248.0
Male,24.0,Informatique,3,95.3,5.0,66.2,60.4,95.1,1.0,1.0,5.9,Yes,No,High,1.0,Yes,Salle 13,263.0
Male,25.0,Informatique,2,99.3,1.0,58.2,76.1,36.9,1.0,1.5,11.8,No,No,Middle,1.0,Yes,Salle 22,298.0
Male,22.0,GenieCivil,1,68.2,32.0,59.4,65.9,100.0,5.0,1.0,11.5,No,No,Low,1.0,No,Salle 11,149.0
Female,22.0,Mecanique,3,82.9,17.0,69.5,94.7,81.7,3.0,6.4,21.8,No,No,High,2.0,Yes,Salle 5,212.0
Male,22.0,GenieCivil,2,83.0,17.0,47.0,43.2,52.5,3.0,7.7,37.3,Yes,Yes,Low,1.0,Yes,Salle 16,177.0
Female,25.0,Electrique,2,98.9,1.0,56.4,44.0,48.7,1.0,0.2,5.3,Yes,No,Middle,2.0,Yes,Salle 24,185.0
Male,21.0,Informatique,3,95.0,5.0,57.2,73.9,25.4,1.0,4.7,21.0,No,No,Low,3.0,Yes,Salle 11,263.0
Male,23.0,Mecanique,1,69.0,31.0,59.7,60.9,41.0,2.0,0.2,13.4,Yes,No,Middle,0.0,Yes,Salle 19,186.0
Female,23.0,GenieCivil,1,69.5,30.0,70.5,58.5,57.8,1.0,0.5,2.5,Yes,No,Low,1.0,Yes,Salle 20,149.0
Male,24.0,Mecanique,2,89.7,10.0,43.3,53.1,100.0,0.0,0.8,14.2,Yes,No,Middle,2.0,Yes,Salle 26,231.0
Male,21.0,GenieCivil,5,85.8,14.0,62.4,76.1,64.6,1.0,2.8,25.7,No,No,Middle,0.0,No,Salle 22,70.0
Female,17.0,Mecanique,2,72.1,28.0,73.7,9.1,63.5,0.0,1.0,6.8,No,Yes,Middle,0.0,No,Salle 26,231.0
Female,23.0,GenieCivil,3,100.0,0.0,35.6,71.0,40.1,2.0,1.9,17.5,Yes,No,High,0.0,Yes,Salle 15,185.0
Male,22.0,Energetique,1,61.9,38.0,67.9,61.6,53.9,0.0,2.1,8.4,Yes,No,High,1.0,Yes,Salle 18,83.0
Male,21.0,Electrique,2,82.1,18.0,78.6,61.6,32.2,1.0,0.5,7.4,Yes,No,Middle,3.0,No,Salle 8,185.0
Female,22.0,Electrique,1,83.9,16.0,65.7,32.9,47.3,4.0,0.2,4.5,No,No,Low,0.0,Yes,Salle 16,143.0
Other,19.0,Informatique,1,77.6,22.0,72.6,76.6,71.2,2.0,3.1,14.0,Yes,Yes,Low,1.0,Yes,Salle 4,248.0
Male,21.0,Chimie,3,100.0,0.0,69.0,85.1,92.5,3.0,0.5,0.0,Yes,No,Middle,1.0,Yes,Salle 27,130.0
Male,19.0,Electrique,4,80.2,20.0,94.8,72.5,57.4,3.0,1.4,13.6,Yes,No,Low,1.0,No,Salle 26,157.0
Male,20.0,GenieCivil,1,77.5,22.0,75.0,68.4,70.2,1.0,1.1,14.0,Yes,No,High,1.0,No,Salle 6,149.0
Male,20.0,Telecom,3,66.3,34.0,89.5,60.1,67.6,0.0,0.2,12.8,Yes,No,Middle,1.0,Yes,Salle 14,154.0
Male,19.0,Telecom,4,69.1,31.0,53.2,26.0,70.7,2.0,0.2,0.6,Yes,No,Middle,1.0,No,Salle 12,121.0
Female,23.0,GenieCivil,1,88.5,12.0,91.6,51.5,66.7,1.0,0.4,2.8,No,No,Middle,1.0,Yes,Salle 25,149.0
Female,20.0,Mecanique,4,81.1,19.0,65.0,36.9,48.1,0.0,1.8,9.7,No,Yes,Low,1.0,No,Salle 19,178.0
Male,27.0,Electrique,5,79.5,20.0,64.8,61.6,55.8,2.0,4.3,32.2,No,No,Middle,1.0,Yes,Salle 8,80.0
Male,22.0,Energetique,5,73.1,27.0,51.0,92.9,68.6,0.0,0.7,8.2,Yes,No,High,0.0,Yes,Salle 30,40.0
Male,22.0,Mecanique,4,80.2,20.0,76.1,73.3,38.0,3.0,2.8,18.5,Yes,No,Low,1.0,Yes,Salle 20,178.0
Female,23.0,Chimie,1,98.4,2.0,76.6,35.5,36.6,3.0,1.5,9.2,Yes,No,Low,1.0,Yes,Salle 19,96.0
Male,21.0,GenieCivil,4,74.1,26.0,45.0,73.0,83.7,1.0,0.5,2.8,No,No,Middle,0.0,No,Salle 1,173.0
Female,24.0,Energetique,2,88.0,12.0,32.1,40.5,55.1,2.0,0.3,2.0,No,Yes,Middle,0.0,No,Salle 3,71.0
Female,20.0,Informatique,4,72.8,27.0,66.7,69.1,51.3,1.0,4.1,22.4,Yes,No,Middle,0.0,No,Salle 4,230.0
Male,20.0,Informatique,5,81.9,18.0,76.7,68.3,74.7,1.0,2.0,11.6,Yes,No,Middle,1.0,Yes,Salle 28,109.0
Other,22.0,Telecom,2,79.1,21.0,64.1,53.6,17.8,1.0,1.4,5.0,Yes,No,Middle,0.0,Yes,Salle 26,161.0
Female,21.0,Chimie,3,69.1,31.0,62.6,71.0,55.7,1.0,1.8,9.7,No,No,Low,2.0,Yes,Salle 11,130.0
Female,20.0,GenieCivil,4,100.0,0.0,46.9,58.8,82.9,2.0,1.4,22.9,Yes,No,Middle,4.0,Yes,Salle 24,173.0
Female,18.0,GenieCivil,4,64.8,35.0,65.2,57.5,63.3,0.0,1.4,6.3,No,No,Middle,1.0,Yes,Salle 27,173.0
Female,22.0,Electrique,4,79.4,21.0,52.7,69.1,43.4,1.0,0.3,0.0,Yes,Yes,Middle,2.0,Yes,Salle 15,157.0
Male,22.0,Mecanique,1,80.1,20.0,55.9,62.3,37.7,2.0,0.2,3.3,Yes,No,Middle,0.0,Yes,Salle 3,186.0
Female,24.0,Electrique,2,85.2,15.0,72.2,61.6,63.5,1.0,1.5,12.7,Yes,Yes,Low,2.0,Yes,Salle 29,177.0
Male,23.0,Mecanique,2,98.0,2.0,75.0,67.8,56.4,4.0,4.3,23.4,No,No,Middle,1.0,No,Salle 13,231.0
Female,22.0,Mecanique,2,89.1,11.0,82.6,74.3,51.1,3.0,1.6,8.7,No,No,Middle,1.0,Yes,Salle 3,231.0
Female,23.0,Informatique,1,100.0,0.0,84.5,53.9,63.5,0.0,2.1,6.5,Yes,No,Low,1.0,Yes,Salle 4,248.0
Female,25.0,GenieCivil,3,83.8,16.0,80.5,70.0,79.5,1.0,2.2,11.7,Yes,No,Middle,3.0,Yes,Salle 22,185.0
Male,18.0,Energetique,4,91.0,9.0,88.5,40.7,66.3,0.0,4.4,30.0,Yes,No,Low,0.0,Yes,Salle 22,70.0
Male,20.0,Electrique,2,82.2,17.0,63.0,47.2,63.5,1.0,1.5,11.5,Yes,No,Middle,1.0,Yes,Salle 30,185.0
Female,24.0,GenieCivil,4,65.4,35.0,77.6,58.5,83.4,1.0,1.5,13.3,Yes,Yes,Middle,1.0,No,Salle 2,173.0
Female,22.0,Electrique,3,77.1,23.0,44.0,83.3,60.4,2.0,2.6,12.8,Yes,No,Middle,2.0,No,Salle 1,188.0
Female,24.0,GenieCivil,1,84.7,15.0,56.4,100.0,58.8,3.0,0.2,8.2,Yes,No,Middle,2.0,Yes,Salle 16,149.0
Female,22.0,Mecanique,2,67.9,32.0,55.9,59.1,71.6,2.0,0.6,5.9,No,No,Middle,3.0,Yes,Salle 18,231.0
Male,23.0,Energetique,1,84.0,16.0,62.1,63.9,63.0,0.0,0.2,12.9,No,No,High,0.0,Yes,Salle 6,83.0
Male,22.0,Energetique,1,63.4,37.0,62.6,54.8,37.8,2.0,0.5,11.5,No,No,Low,1.0,No,Salle 6,83.0
Male,19.0,Informatique,1,90.2,10.0,71.5,72.0,73.1,1.0,0.4,9.6,No,No,Middle,0.0,Yes,Salle 17,248.0
Female,22.0,Chimie,3,83.8,16.0,59.2,94.8,72.1,1.0,0.4,4.0,Yes,No,Middle,0.0,Yes,Salle 29,130.0
Female,18.0,Chimie,3,70.6,29.0,75.2,63.3,68.5,0.0,4.8,18.6,Yes,Yes,Low,4.0,Yes,Salle 30,130.0
Female,22.0,Telecom,3,69.6,30.0,44.5,42.0,41.1,0.0,0.1,2.5,No,No,Low,2.0,Yes,Salle 22,154.0
Male,26.0,Informatique,1,66.1,34.0,65.1,45.2,63.7,1.0,0.3,3.4,Yes,No,Low,0.0,Yes,Salle 12,248.0
Male,21.0,GenieCivil,2,82.2,18.0,79.7,61.6,51.8,1.0,1.3,6.3,Yes,No,Middle,2.0,Yes,Salle 28,177.0
Male,21.0,Electrique,1,86.3,14.0,63.1,79.4,79.8,1.0,1.5,16.6,No,No,Middle,1.0,No,Salle 18,143.0
Female,24.0,Electrique,2,88.7,11.0,71.7,56.8,52.9,2.0,0.2,5.7,Yes,No,Middle,2.0,Yes,Salle 16,185.0
Male,19.0,Electrique,3,70.8,29.0,54.9,94.8,49.8,0.0,1.4,8.5,Yes,No,Middle,1.0,Yes,Salle 26,188.0
Male,24.0,Electrique,4,91.9,8.0,40.8,72.4,87.0,0.0,0.6,8.5,No,Yes,Low,0.0,Yes,Salle 13,157.0
Male,24.0,Telecom,2,81.1,19.0,56.0,60.7,77.8,4.0,5.0,29.1,No,No,Middle,0.0,Yes,Salle 27,161.0
Male,24.0,Telecom,3,89.7,10.0,65.2,42.8,77.1,4.0,2.4,11.3,Yes,No,Middle,1.0,No,Salle 7,154.0
Male,24.0,Electrique,2,81.1,19.0,83.1,52.6,71.8,0.0,1.3,8.7,No,Yes,Low,1.0,Yes,Salle 10,185.0
Male,17.0,Mecanique,4,100.0,0.0,67.8,59.7,99.8,1.0,4.4,26.7,Yes,No,Low,0.0,Yes,Salle 17,178.0
Male,24.0,Electrique,3,73.3,27.0,67.1,55.0,85.0,0.0,0.4,11.5,No,No,Middle,0.0,Yes,Salle 17,188.0
Male,22.0,Mecanique,2,95.2,5.0,52.2,61.6,62.1,0.0,0.2,12.3,Yes,No,High,2.0,Yes,Salle 20,231.0
Male,24.0,Telecom,2,87.9,12.0,73.5,87.0,37.2,2.0,5.0,22.5,No,No,Middle,1.0,Yes,Salle 26,161.0
Female,20.0,Chimie,3,88.0,12.0,63.0,58.0,64.2,1.0,0.4,8.3,Yes,No,Middle,0.0,No,Salle 3,130.0
Male,20.0,Telecom,1,81.7,18.0,56.0,76.3,100.0,1.0,1.4,32.7,Yes,No,Low,1.0,Yes,Salle 25,121.0
Female,21.0,Informatique,5,83.4,17.0,68.1,38.9,11.6,2.0,0.6,6.9,Yes,Yes,Low,0.0,Yes,Salle 5,109.0
Male,20.0,Energetique,5,58.4,42.0,71.5,77.8,100.0,1.0,0.6,5.1,No,No,Low,1.0,Yes,Salle 23,40.0
Male,22.0,Electrique,4,88.5,12.0,53.8,57.5,98.9,2.0,0.9,7.6,No,Yes,High,1.0,Yes,Salle 16,157.0
Male,24.0,Informatique,1,94.1,6.0,64.0,52.9,62.7,2.0,1.7,11.4,Yes,No,Middle,1.0,Yes,Salle 1,248.0
Female,17.0,Chimie,2,72.1,28.0,77.3,51.0,57.9,2.0,1.4,4.5,No,No,High,1.0,Yes,Salle 19,119.0
Male,23.0,Informatique,4,68.4,32.0,81.3,63.2,61.6,0.0,7.3,36.4,No,Yes,Middle,2.0,No,Salle 20,230.0
Female,22.0,Informatique,3,83.7,16.0,46.0,64.4,88.2,1.0,2.1,7.5,No,No,High,1.0,Yes,Salle 30,263.0
Male,21.0,Telecom,2,76.7,23.0,73.7,65.5,100.0,1.0,0.4,6.1,Yes,No,Middle,1.0,Yes,Salle 10,161.0
Male,22.0,Telecom,2,60.1,40.0,65.2,62.0,58.5,0.0,0.3,9.2,No,No,Middle,2.0,Yes,Salle 16,161.0
Male,26.0,Informatique,1,84.2,16.0,65.1,30.4,63.5,1.0,0.1,7.1,Yes,Yes,High,4.0,No,Salle 13,248.0
Female,24.0,Mecanique,2,100.0,0.0,50.9,65.6,42.6,1.0,4.5,23.5,No,No,Middle,4.0,Yes,Salle 29,231.0
Male,21.0,Telecom,1,98.7,1.0,79.5,86.3,66.8,2.0,6.9,34.2,No,No,High,1.0,Yes,Salle 8,121.0
Male,22.0,GenieCivil,4,77.7,22.0,60.2,62.4,50.4,1.0,0.1,2.7,Yes,No,Middle,0.0,Yes,Salle 12,173.0
Female,22.0,GenieCivil,5,93.5,6.0,57.0,62.5,63.0,0.0,1.9,15.8,Yes,No,Middle,1.0,Yes,Salle 23,70.0
Female,19.0,Informatique,3,84.7,15.0,49.5,61.6,48.9,1.0,2.2,11.7,Yes,No,Low,1.0,No,Salle 17,263.0
Male,20.0,Telecom,4,92.2,8.0,63.2,21.3,57.9,1.0,3.1,17.0,Yes,No,Middle,0.0,Yes,Salle 18,121.0
Male,21.0,GenieCivil,2,62.6,37.0,56.1,61.8,37.5,2.0,5.8,31.7,Yes,No,Middle,1.0,Yes,Salle 18,177.0
Male,24.0,GenieCivil,5,58.3,42.0,64.9,79.9,51.8,1.0,4.2,15.2,Yes,No,High,1.0,Yes,Salle 10,70.0
Female,22.0,GenieCivil,4,82.2,23.0,68.4,61.6,56.3,1.0,1.3,11.3,No,Yes,Middle,2.0,No,Salle 17,173.0
Male,22.0,GenieCivil,5,95.3,5.0,65.9,53.5,84.1,0.0,3.9,14.6,No,No,Middle,0.0,No,Salle 30,70.0
Male,20.0,Mecanique,3,84.6,15.0,67.1,36.6,79.8,1.0,2.2,13.8,Yes,No,Middle,1.0,No,Salle 29,212.0
Male,26.0,Mecanique,2,88.2,12.0,59.2,98.1,47.4,2.0,1.0,8.6,Yes,No,Middle,1.0,Yes,Salle 9,231.0
Female,22.0,GenieCivil,3,63.6,36.0,70.1,64.8,51.8,0.0,7.4,34.9,Yes,No,Low,0.0,Yes,Salle 27,185.0
Male,20.0,Mecanique,2,91.9,8.0,73.1,62.9,66.3,1.0,0.1,0.3,Yes,No,Middle,2.0,Yes,Salle 18,231.0
Female,22.0,Electrique,1,84.7,15.0,81.4,64.8,54.7,1.0,0.3,5.3,Yes,No,Middle,1.0,Yes,Salle 23,143.0
Female,21.0,Chimie,1,97.6,2.0,61.9,74.1,53.4,1.0,1.0,10.4,No,Yes,Low,1.0,Yes,Salle 13,96.0
Female,23.0,GenieCivil,3,71.9,28.0,62.4,37.7,71.5,1.0,0.6,14.1,No,No,Middle,1.0,Yes,Salle 27,185.0
Male,20.0,Chimie,2,60.3,40.0,58.0,58.0,58.2,2.0,5.5,23.0,Yes,No,High,1.0,Yes,Salle 14,119.0
Male,26.0,Mecanique,1,99.1,1.0,56.1,46.9,68.8,1.0,0.3,3.8,Yes,No,High,4.0,Yes,Salle 26,186.0
Female,23.0,Chimie,4,84.4,16.0,76.6,65.7,62.0,1.0,1.4,6.8,Yes,No,Middle,2.0,Yes,Salle 28,93.0
Male,20.0,GenieCivil,5,82.3,18.0,81.9,43.4,41.3,2.0,0.5,14.1,No,No,Middle,3.0,Yes,Salle 14,70.0
Male,22.0,Mecanique,4,82.2,6.0,72.2,76.0,68.8,1.0,1.8,10.5,No,No,Middle,0.0,Yes,Salle 21,178.0
Other,22.0,Mecanique,3,97.8,2.0,60.2,67.3,77.2,5.0,1.0,15.1,Yes,No,Low,0.0,Yes,Salle 16,212.0
Male,21.0,Informatique,4,63.5,36.0,80.7,90.6,50.8,3.0,0.7,11.8,Yes,No,Low,0.0,Yes,Salle 7,230.0
Female,20.0,Telecom,3,82.8,17.0,43.5,44.1,25.0,0.0,0.5,3.6,Yes,Yes,Low,2.0,Yes,Salle 28,154.0
Male,20.0,Mecanique,3,85.0,15.0,63.0,36.2,49.8,1.0,0.6,5.9,No,No,Middle,2.0,No,Salle 13,212.0
Female,20.0,Informatique,1,78.6,21.0,61.0,62.4,53.5,3.0,1.4,16.7,No,No,Middle,1.0,Yes,Salle 15,248.0
Female,21.0,Electrique,3,70.4,30.0,45.7,54.6,84.2,1.0,8.1,36.3,Yes,Yes,Middle,1.0,Yes,Salle 18,188.0
Male,18.0,Informatique,3,77.8,22.0,34.7,100.0,63.5,1.0,1.8,8.7,No,No,High,1.0,Yes,Salle 20,263.0
Male,24.0,Energetique,2,92.8,7.0,36.3,51.1,100.0,3.0,1.1,7.7,Yes,No,Low,3.0,Yes,Salle 19,71.0
Male,21.0,Electrique,2,83.2,17.0,38.9,81.2,38.9,0.0,1.4,6.6,Yes,No,Middle,2.0,Yes,Salle 11,185.0
Male,23.0,Telecom,4,82.2,15.0,44.9,61.6,77.4,0.0,9.2,38.4,Yes,No,Low,1.0,Yes,Salle 11,121.0
Male,24.0,Mecanique,2,75.4,25.0,57.8,52.5,50.5,1.0,1.4,13.5,Yes,No,High,1.0,Yes,Salle 30,231.0
Male,20.0,Chimie,5,95.9,4.0,34.5,58.9,44.8,1.0,0.1,0.0,Yes,Yes,Middle,0.0,Yes,Salle 14,48.0
Female,23.0,Informatique,3,90.7,9.0,52.2,84.2,52.6,1.0,1.5,5.8,Yes,No,Middle,0.0,Yes,Salle 21,263.0
Male,21.0,Electrique,2,100.0,0.0,68.2,71.8,93.8,1.0,2.2,5.7,No,Yes,Middle,3.0,Yes,Salle 19,185.0
Male,21.0,GenieCivil,2,77.1,23.0,43.6,46.6,83.1,1.0,3.2,16.2,Yes,No,Low,1.0,No,Salle 5,177.0
Female,17.0,Informatique,3,67.6,32.0,47.5,48.2,96.4,2.0,1.4,9.1,Yes,No,Low,2.0,Yes,Salle 22,263.0
Other,20.0,Electrique,4,61.9,38.0,72.4,76.0,40.7,2.0,0.8,11.5,Yes,Yes,Low,0.0,Yes,Salle 25,157.0
Female,22.0,Mecanique,2,72.8,27.0,84.5,52.0,28.8,2.0,0.5,5.8,No,No,Low,0.0,Yes,Salle 1,231.0
Female,23.0,Mecanique,2,81.8,18.0,57.2,76.9,85.0,0.0,0.8,7.5,No,Yes,Middle,0.0,No,Salle 1,231.0
Male,23.0,Chimie,2,86.8,13.0,74.6,76.8,9.9,0.0,1.6,7.9,No,Yes,Low,2.0,Yes,Salle 28,119.0
Male,23.0,Electrique,1,91.8,8.0,63.5,46.6,78.0,1.0,0.5,4.5,No,No,Middle,2.0,Yes,Salle 20,143.0
Male,19.0,Informatique,4,72.0,28.0,71.4,81.8,21.9,1.0,1.4,11.5,Yes,No,Middle,0.0,No,Salle 2,230.0
Male,22.0,Informatique,2,85.4,15.0,59.2,33.6,80.0,1.0,1.1,16.5,Yes,No,Middle,1.0,Yes,Salle 4,298.0
Male,21.0,Electrique,3,84.1,16.0,52.4,84.5,23.6,0.0,1.4,12.2,Yes,Yes,Middle,4.0,Yes,Salle 14,188.0
Female,25.0,Informatique,2,100.0,0.0,44.1,62.4,37.1,0.0,0.3,11.1,No,No,Middle,1.0,Yes,Salle 24,298.0
Male,20.0,Mecanique,2,99.6,0.0,66.5,51.2,83.2,1.0,0.7,4.4,Yes,Yes,Middle,1.0,No,Salle 14,231.0
Female,24.0,Electrique,5,91.0,9.0,59.2,69.8,71.8,1.0,0.5,11.5,Yes,No,High,0.0,No,Salle 17,80.0
Female,20.0,Telecom,5,100.0,0.0,47.3,47.3,71.8,0.0,0.4,11.1,Yes,No,High,0.0,Yes,Salle 19,60.0
Male,20.0,Chimie,3,79.3,21.0,81.9,48.4,69.2,0.0,0.2,7.2,Yes,No,Middle,2.0,Yes,Salle 23,130.0
Female,20.0,Informatique,1,96.3,4.0,67.9,63.9,49.5,3.0,1.8,11.5,No,No,Middle,1.0,Yes,Salle 2,248.0
Male,19.0,GenieCivil,1,62.3,38.0,73.5,35.1,75.8,1.0,6.4,34.3,No,Yes,Middle,1.0,Yes,Salle 30,149.0
Female,25.0,Informatique,3,92.4,8.0,58.1,50.5,41.6,2.0,1.8,8.6,Yes,No,Middle,1.0,Yes,Salle 17,263.0
Male,22.0,Informatique,2,100.0,0.0,53.9,63.5,46.2,1.0,6.8,31.0,No,Yes,Middle,1.0,Yes,Salle 8,298.0
Male,22.0,Mecanique,4,88.4,12.0,40.7,39.4,60.9,1.0,1.1,9.2,Yes,No,Middle,1.0,Yes,Salle 22,178.0
Female,23.0,Telecom,1,87.8,12.0,63.2,74.6,63.5,3.0,0.1,11.5,No,No,High,0.0,No,Salle 25,121.0
Female,25.0,Energetique,3,84.4,16.0,78.1,57.4,41.8,1.0,0.3,7.9,No,No,Middle,1.0,No,Salle 19,104.0
Male,22.0,Mecanique,2,79.3,21.0,45.9,62.3,46.9,1.0,1.7,16.7,No,No,Middle,0.0,No,Salle 4,231.0
Male,25.0,Telecom,2,68.9,31.0,84.8,61.4,67.9,3.0,0.4,10.8,Yes,No,High,1.0,Yes,Salle 9,161.0
Female,23.0,Informatique,3,59.6,40.0,47.4,100.0,61.5,0.0,0.7,10.9,Yes,No,Middle,0.0,Yes,Salle 7,263.0
Female,23.0,Informatique,1,82.2,18.0,59.5,70.9,35.1,0.0,2.1,9.9,Yes,No,Middle,0.0,Yes,Salle 18,248.0
Female,23.0,Energetique,1,92.3,8.0,75.8,60.7,76.6,0.0,3.0,11.5,No,No,Middle,0.0,No,Salle 9,83.0
Male,25.0,GenieCivil,1,72.8,27.0,39.5,41.3,49.5,1.0,0.8,12.2,Yes,No,Middle,0.0,Yes,Salle 28,149.0
Male,22.0,Chimie,1,82.2,18.0,67.3,64.1,72.9,1.0,3.0,17.3,Yes,No,Middle,5.0,No,Salle 17,96.0
Male,25.0,Electrique,5,76.7,23.0,61.3,79.9,43.0,0.0,4.9,24.1,Yes,No,Middle,1.0,Yes,Salle 7,80.0
Female,22.0,GenieCivil,3,84.1,16.0,76.9,66.0,81.2,1.0,0.1,0.0,No,No,Middle,1.0,Yes,Salle 9,185.0
Other,23.0,Electrique,3,62.0,38.0,58.1,64.9,30.1,3.0,0.2,11.5,Yes,No,Low,0.0,Yes,Salle 15,188.0
Female,17.0,Mecanique,2,76.9,23.0,88.9,82.1,95.1,3.0,1.5,12.1,Yes,No,Low,1.0,Yes,Salle 3,231.0
Female,24.0,Electrique,2,77.0,23.0,49.2,77.5,69.6,3.0,3.0,16.0,Yes,No,Low,1.0,Yes,Salle 18,185.0
Male,25.0,Electrique,4,88.0,12.0,97.4,80.7,92.4,1.0,0.4,4.3,No,No,Low,1.0,No,Salle 15,157.0
Female,25.0,Telecom,4,73.1,27.0,72.3,46.2,65.4,0.0,0.9,7.7,No,No,Middle,1.0,Yes,Salle 26,121.0
Female,24.0,Energetique,5,94.5,6.0,51.6,48.9,88.2,1.0,1.2,10.6,No,No,Low,4.0,Yes,Salle 26,40.0
Male,21.0,Energetique,1,87.2,13.0,36.0,80.3,90.4,1.0,0.4,10.2,Yes,No,Middle,1.0,Yes,Salle 21,83.0
Male,23.0,Telecom,2,78.5,22.0,47.0,63.4,69.7,2.0,0.0,9.5,Yes,No,Middle,1.0,Yes,Salle 25,161.0
Female,21.0,Telecom,3,85.3,15.0,44.5,83.5,93.1,5.0,5.9,33.1,Yes,No,Middle,0.0,Yes,Salle 17,154.0
Male,24.0,GenieCivil,3,82.4,18.0,65.1,28.9,74.6,1.0,3.2,25.6,Yes,No,Low,0.0,Yes,Salle 6,185.0
Female,22.0,Mecanique,2,58.6,41.0,72.8,71.4,63.5,1.0,1.7,10.8,Yes,No,Low,1.0,Yes,Salle 2,231.0
Male,20.0,Electrique,1,91.2,9.0,49.0,55.1,51.2,1.0,0.6,11.5,Yes,No,Middle,1.0,Yes,Salle 21,143.0
Male,25.0,GenieCivil,2,83.2,17.0,68.8,17.8,57.7,0.0,1.4,24.4,Yes,No,High,1.0,Yes,Salle 13,177.0
Female,22.0,Telecom,2,73.4,27.0,63.0,60.8,90.8,1.0,1.5,9.2,Yes,No,Low,1.0,Yes,Salle 4,161.0
Female,21.0,Informatique,2,70.1,30.0,61.7,56.8,87.8,1.0,2.1,18.4,No,No,Middle,0.0,Yes,Salle 23,298.0
Female,21.0,Energetique,4,75.7,24.0,85.9,59.1,13.8,4.0,2.2,11.5,Yes,No,Low,2.0,No,Salle 12,70.0
Female,22.0,Electrique,4,77.4,23.0,89.6,81.5,35.2,0.0,0.8,6.0,Yes,No,Middle,0.0,Yes,Salle 24,157.0
Female,20.0,Electrique,2,100.0,0.0,63.0,68.7,63.5,0.0,2.1,5.4,Yes,No,Middle,5.0,Yes,Salle 16,185.0
Male,20.0,Electrique,4,59.3,41.0,59.6,33.8,52.1,0.0,3.8,23.9,Yes,No,Middle,3.0,Yes,Salle 26,157.0
Male,23.0,Informatique,5,83.8,16.0,82.5,31.9,99.8,2.0,1.8,16.6,Yes,No,Middle,1.0,Yes,Salle 18,109.0
Male,22.0,Informatique,5,100.0,0.0,52.1,43.9,95.9,2.0,4.4,23.4,Yes,No,Middle,1.0,No,Salle 10,109.0
Female,22.0,Energetique,1,78.1,22.0,69.4,49.9,73.0,2.0,1.2,10.7,Yes,No,Low,0.0,No,Salle 23,83.0
Male,21.0,GenieCivil,4,47.3,53.0,48.1,57.2,68.4,2.0,2.2,10.7,Yes,No,Middle,0.0,Yes,Salle 2,173.0
Female,29.0,GenieCivil,5,79.3,21.0,80.2,67.3,46.4,0.0,1.2,10.2,Yes,Yes,Middle,0.0,Yes,Salle 19,70.0
Female,22.0,Electrique,1,80.0,20.0,76.4,30.0,45.4,2.0,0.1,1.3,Yes,No,Middle,2.0,Yes,Salle 25,143.0
Female,24.0,Mecanique,3,82.2,17.0,69.8,54.2,47.8,1.0,1.3,16.7,No,No,Middle,2.0,Yes,Salle 25,212.0
Male,22.0,Energetique,1,93.2,7.0,72.7,70.9,60.6,1.0,0.2,11.5,Yes,No,Middle,1.0,Yes,Salle 22,83.0
Other,25.0,Chimie,3,82.2,26.0,67.9,77.1,44.4,2.0,0.3,10.3,Yes,Yes,Middle,3.0,Yes,Salle 27,130.0
Male,21.0,GenieCivil,3,80.7,19.0,54.9,53.3,50.4,3.0,2.3,15.8,Yes,No,Low,1.0,No,Salle 24,185.0
Other,22.0,GenieCivil,3,78.7,21.0,61.0,89.0,100.0,1.0,1.1,10.4,Yes,Yes,Middle,1.0,Yes,Salle 1,185.0
Male,19.0,Informatique,2,79.9,20.0,88.5,69.8,81.7,1.0,6.8,35.6,No,No,Middle,0.0,Yes,Salle 18,298.0
Male,22.0,GenieCivil,1,80.0,20.0,71.0,69.9,52.4,0.0,0.5,8.3,No,Yes,Low,0.0,Yes,Salle 1,149.0
Male,24.0,Telecom,5,79.8,20.0,44.6,52.5,34.4,0.0,3.4,23.3,Yes,No,Middle,1.0,Yes,Salle 14,60.0
Female,22.0,Electrique,5,86.6,13.0,78.4,61.9,53.6,2.0,2.8,20.0,No,No,Middle,0.0,No,Salle 14,80.0
Female,17.0,GenieCivil,1,82.2,24.0,76.2,100.0,93.6,1.0,4.3,28.2,Yes,No,Low,1.0,No,Salle 25,149.0
Male,24.0,Informatique,3,84.7,15.0,66.0,45.3,40.4,0.0,3.9,20.9,No,No,Middle,0.0,Yes,Salle 30,263.0
Male,23.0,GenieCivil,2,86.3,14.0,72.2,74.3,52.6,1.0,1.7,10.7,No,No,Low,2.0,Yes,Salle 9,177.0
Male,19.0,GenieCivil,3,85.2,15.0,75.0,56.4,61.1,2.0,4.0,25.3,Yes,No,Middle,0.0,No,Salle 4,185.0
Male,24.0,Mecanique,2,87.1,13.0,63.8,61.6,59.3,3.0,0.7,8.6,Yes,No,Middle,0.0,Yes,Salle 7,231.0
Female,21.0,Electrique,2,100.0,0.0,55.7,56.4,85.5,2.0,0.7,11.5,No,Yes,Low,0.0,Yes,Salle 9,185.0
Male,20.0,Mecanique,3,82.2,14.0,63.6,55.0,53.4,0.0,1.4,6.2,Yes,No,Middle,1.0,Yes,Salle 1,212.0
Male,20.0,Informatique,3,90.9,9.0,46.0,50.7,96.3,0.0,1.0,7.3,No,No,Middle,1.0,Yes,Salle 8,263.0
Male,23.0,Electrique,1,100.0,0.0,78.1,60.8,94.8,1.0,1.5,15.7,Yes,No,High,1.0,No,Salle 10,143.0
Male,21.0,Mecanique,2,100.0,0.0,39.9,64.6,72.6,1.0,1.7,11.5,No,No,Middle,1.0,No,Salle 2,231.0
Male,21.0,Electrique,2,89.0,11.0,66.1,61.6,49.7,0.0,1.4,8.9,No,No,High,2.0,Yes,Salle 24,185.0
Male,22.0,GenieCivil,1,89.5,10.0,67.5,78.4,62.0,1.0,2.2,20.7,No,No,Middle,1.0,Yes,Salle 3,149.0
Male,22.0,Mecanique,4,100.0,0.0,64.5,88.4,87.0,1.0,7.1,29.3,No,No,Middle,0.0,No,Salle 21,178.0
Male,21.0,Electrique,1,72.2,28.0,45.1,100.0,61.4,0.0,9.1,46.0,No,No,Low,1.0,No,Salle 7,143.0
Female,21.0,Mecanique,1,75.6,24.0,71.9,64.5,63.4,2.0,1.4,1.8,No,No,Low,0.0,Yes,Salle 20,186.0
Male,22.0,Electrique,2,100.0,0.0,85.0,55.2,49.8,3.0,0.4,6.5,Yes,No,Middle,1.0,Yes,Salle 29,185.0
Female,22.0,Telecom,1,87.9,12.0,66.7,51.5,62.8,1.0,1.8,8.3,No,No,Middle,1.0,Yes,Salle 4,121.0
Male,18.0,Electrique,2,74.6,25.0,71.5,56.4,63.5,1.0,0.0,5.6,Yes,No,Low,0.0,Yes,Salle 25,185.0
Female,22.0,Informatique,2,83.0,17.0,57.9,68.3,59.5,0.0,1.3,11.5,No,No,Middle,0.0,Yes,Salle 12,298.0
Male,27.0,GenieCivil,2,87.0,13.0,36.5,35.5,76.7,1.0,0.5,9.6,No,No,Low,1.0,Yes,Salle 9,177.0
Male,22.0,Telecom,4,76.1,24.0,72.7,80.7,41.4,3.0,0.2,12.8,Yes,No,Middle,0.0,Yes,Salle 4,121.0
Male,23.0,Mecanique,1,76.1,24.0,58.4,75.5,66.5,1.0,0.9,7.9,Yes,No,Low,1.0,Yes,Salle 17,186.0
Female,19.0,Energetique,4,82.0,18.0,61.1,46.8,50.3,1.0,0.6,5.8,Yes,No,High,1.0,Yes,Salle 25,70.0
Male,23.0,Chimie,4,78.2,22.0,76.1,60.9,65.4,1.0,2.3,8.7,Yes,No,Low,1.0,Yes,Salle 26,93.0
Male,22.0,Energetique,2,86.9,13.0,74.3,47.3,70.9,1.0,0.9,8.2,Yes,No,Middle,0.0,Yes,Salle 22,71.0
Male,20.0,Mecanique,3,72.5,28.0,66.7,70.8,64.8,0.0,1.8,19.5,Yes,Yes,Middle,1.0,Yes,Salle 2,212.0
Male,20.0,Informatique,5,92.8,7.0,57.6,55.7,68.4,0.0,0.8,5.7,No,No,Low,0.0,Yes,Salle 8,109.0
Female,18.0,Energetique,3,79.2,21.0,61.6,87.0,58.8,3.0,1.4,15.3,No,No,High,2.0,Yes,Salle 1,104.0
Male,23.0,Energetique,4,97.8,2.0,63.1,57.2,76.9,0.0,1.9,11.5,Yes,No,Middle,1.0,No,Salle 18,70.0
Female,20.0,Electrique,4,75.4,25.0,36.9,50.5,65.8,0.0,1.0,9.5,No,No,High,1.0,No,Salle 24,157.0
Male,22.0,Informatique,5,95.4,5.0,56.3,62.5,44.8,1.0,0.4,6.9,Yes,Yes,Middle,2.0,Yes,Salle 6,109.0
Male,22.0,Chimie,5,88.7,11.0,85.8,66.8,70.5,1.0,0.7,2.5,Yes,No,Low,1.0,Yes,Salle 14,48.0
Female,22.0,Telecom,2,62.6,37.0,49.4,37.5,86.1,1.0,6.0,24.9,Yes,Yes,Middle,1.0,No,Salle 30,161.0
Other,18.0,GenieCivil,1,46.1,54.0,53.4,62.9,100.0,1.0,14.9,66.5,Yes,Yes,Low,2.0,Yes,Salle 17,149.0
Female,19.0,Energetique,5,80.5,20.0,74.1,84.7,62.9,0.0,1.3,6.7,Yes,No,Middle,3.0,Yes,Salle 25,40.0
Male,24.0,Telecom,2,85.0,15.0,83.6,59.4,63.5,1.0,8.7,33.1,Yes,No,High,1.0,Yes,Salle 19,161.0
Male,22.0,Mecanique,2,82.2,24.0,80.1,67.1,49.4,2.0,2.9,25.5,Yes,No,High,1.0,Yes,Salle 29,231.0
Female,22.0,Chimie,4,97.9,2.0,52.4,71.9,59.4,2.0,1.4,7.8,No,Yes,Low,4.0,No,Salle 10,93.0
Other,24.0,Electrique,3,59.8,40.0,45.7,58.3,42.7,1.0,1.9,14.4,No,No,Middle,0.0,Yes,Salle 2,188.0
Male,22.0,Chimie,1,66.9,33.0,79.7,65.3,52.8,3.0,3.0,20.1,Yes,No,High,2.0,Yes,Salle 26,96.0
Male,25.0,Electrique,1,85.4,15.0,72.8,63.1,71.5,1.0,0.5,7.0,Yes,No,Low,0.0,Yes,Salle 14,143.0
Female,20.0,Informatique,2,99.4,1.0,58.6,53.6,63.5,1.0,1.5,12.3,Yes,No,Middle,1.0,Yes,Salle 29,298.0
Male,23.0,Electrique,3,94.4,6.0,62.8,47.4,75.1,0.0,0.4,11.5,No,No,Low,1.0,No,Salle 26,188.0
Male,20.0,Informatique,2,75.9,24.0,57.6,61.4,42.2,1.0,4.2,19.5,Yes,Yes,Middle,0.0,No,Salle 10,298.0
Female,24.0,Informatique,4,85.4,15.0,61.4,71.7,40.0,0.0,3.2,24.5,Yes,No,Middle,0.0,No,Salle 12,230.0
Male,24.0,Telecom,5,63.4,37.0,84.0,69.6,77.5,1.0,2.0,14.8,No,No,Middle,2.0,Yes,Salle 2,60.0
Male,22.0,Informatique,4,82.2,15.0,75.1,46.7,94.2,1.0,1.4,7.3,Yes,Yes,Low,1.0,Yes,Salle 27,230.0
Female,21.0,Mecanique,2,80.5,20.0,46.9,55.9,100.0,0.0,1.4,6.7,Yes,No,Middle,1.0,Yes,Salle 13,231.0
Female,19.0,Chimie,1,82.5,18.0,59.1,47.7,93.1,0.0,0.4,2.0,Yes,No,Middle,2.0,Yes,Salle 17,96.0
Other,22.0,Informatique,2,67.9,32.0,66.5,53.9,63.3,1.0,1.7,7.6,No,No,Low,2.0,Yes,Salle 7,298.0
Female,22.0,Mecanique,2,77.2,23.0,68.7,51.1,42.8,1.0,5.8,23.9,Yes,No,Low,2.0,Yes,Salle 18,231.0
Male,22.0,Electrique,1,84.7,15.0,72.2,30.5,94.5,0.0,2.7,17.8,Yes,No,Middle,0.0,Yes,Salle 19,143.0
Male,26.0,Chimie,2,86.4,14.0,95.9,61.6,48.8,3.0,0.9,1.3,Yes,No,Middle,1.0,Yes,Salle 7,119.0
Male,21.0,Informatique,2,72.1,28.0,65.1,53.2,75.0,2.0,0.7,2.3,No,No,Low,1.0,Yes,Salle 21,298.0
Male,25.0,Energetique,4,73.0,27.0,86.9,58.6,59.0,2.0,1.6,17.0,No,No,Low,1.0,Yes,Salle 23,70.0
Male,24.0,GenieCivil,1,78.1,22.0,55.4,30.6,78.5,3.0,4.4,17.9,Yes,No,High,0.0,Yes,Salle 30,149.0
Female,22.0,Electrique,2,82.9,17.0,45.3,75.7,67.8,1.0,2.5,11.5,Yes,No,Middle,2.0,Yes,Salle 19,185.0
Male,20.0,Informatique,3,88.9,11.0,59.2,14.2,63.5,1.0,1.8,8.6,Yes,No,Middle,0.0,Yes,Salle 6,263.0
Female,20.0,Mecanique,2,89.7,10.0,96.0,51.7,39.9,2.0,0.6,7.1,Yes,No,Middle,1.0,Yes,Salle 15,231.0
Male,20.0,Informatique,1,100.0,0.0,59.1,67.6,80.1,1.0,1.0,5.2,Yes,No,Middle,1.0,No,Salle 26,248.0
Female,23.0,Informatique,1,70.5,30.0,63.6,57.5,42.2,0.0,0.0,10.5,Yes,No,High,3.0,No,Salle 12,248.0
Male,23.0,Chimie,5,72.8,27.0,65.9,71.7,86.5,2.0,1.5,11.2,No,Yes,Low,5.0,No,Salle 6,48.0
Male,26.0,GenieCivil,1,72.9,27.0,53.7,39.8,70.4,0.0,0.1,1.7,Yes,No,Middle,1.0,Yes,Salle 30,149.0
Male,26.0,Electrique,4,80.6,19.0,51.4,71.4,85.5,0.0,1.4,3.6,Yes,No,Middle,1.0,Yes,Salle 11,157.0
Female,23.0,Informatique,1,68.0,32.0,67.3,61.6,53.1,0.0,6.5,28.4,No,No,Low,1.0,Yes,Salle 1,248.0
Male,24.0,Mecanique,3,78.5,22.0,68.8,42.2,53.0,0.0,2.9,17.2,Yes,Yes,Middle,2.0,No,Salle 2,212.0
Male,23.0,Mecanique,1,90.1,10.0,51.8,74.0,81.9,0.0,1.5,16.9,Yes,No,Middle,0.0,Yes,Salle 7,186.0
Male,17.0,Informatique,5,78.2,22.0,63.0,45.1,84.2,1.0,2.2,17.8,No,No,Middle,2.0,Yes,Salle 10,109.0
Female,20.0,Informatique,2,51.7,48.0,80.4,30.7,67.0,1.0,0.2,9.4,Yes,No,Low,0.0,Yes,Salle 7,298.0
Male,23.0,Chimie,4,100.0,0.0,76.0,62.3,76.6,1.0,2.2,7.0,Yes,Yes,Middle,0.0,No,Salle 6,93.0
Male,21.0,Mecanique,4,93.9,6.0,80.4,45.2,37.5,0.0,0.2,6.4,No,No,Middle,3.0,Yes,Salle 18,178.0
Female,23.0,Electrique,5,75.4,25.0,75.7,58.2,62.1,1.0,1.5,15.3,No,Yes,Middle,0.0,No,Salle 7,80.0
Male,21.0,Informatique,3,76.9,23.0,48.3,51.5,76.4,1.0,0.9,3.1,Yes,Yes,Middle,2.0,Yes,Salle 10,263.0
Male,20.0,Mecanique,5,76.2,24.0,43.0,71.7,63.5,3.0,0.1,5.2,Yes,Yes,Low,1.0,Yes,Salle 27,67.0
Female,21.0,Informatique,2,76.4,24.0,91.4,52.7,84.8,0.0,0.3,7.7,Yes,No,Middle,1.0,Yes,Salle 13,298.0
Male,21.0,Informatique,2,78.9,21.0,76.8,44.3,85.3,0.0,1.2,16.9,Yes,No,Low,1.0,No,Salle 25,298.0
Male,20.0,Telecom,2,73.0,27.0,66.7,73.5,85.0,0.0,0.7,11.2,Yes,No,Middle,1.0,No,Salle 9,161.0
Male,25.0,GenieCivil,2,78.7,21.0,57.6,71.9,34.7,0.0,1.3,6.6,No,No,Middle,3.0,Yes,Salle 25,177.0
Male,20.0,Informatique,2,74.0,26.0,59.6,34.1,65.0,0.0,3.7,18.1,Yes,No,Middle,1.0,Yes,Salle 22,298.0
Male,20.0,Informatique,2,78.0,22.0,83.2,74.7,46.7,1.0,1.4,13.6,Yes,No,Middle,1.0,Yes,Salle 26,298.0
Female,26.0,Informatique,2,79.7,20.0,63.6,17.8,78.9,2.0,0.3,9.8,Yes,No,Low,1.0,Yes,Salle 9,298.0
Male,23.0,Energetique,5,84.7,15.0,80.5,76.2,48.5,1.0,0.7,5.6,No,Yes,High,0.0,Yes,Salle 10,40.0
Female,22.0,Informatique,1,59.0,41.0,89.5,58.2,100.0,3.0,1.2,10.5,Yes,No,Middle,0.0,Yes,Salle 25,248.0
Male,23.0,Electrique,3,84.5,16.0,66.8,57.2,91.2,2.0,2.8,12.0,No,No,Middle,0.0,Yes,Salle 3,188.0
Female,22.0,Informatique,4,74.6,25.0,71.7,62.3,69.0,1.0,0.0,6.5,No,No,Low,0.0,No,Salle 6,230.0
Male,25.0,GenieCivil,1,61.4,39.0,65.0,35.8,20.3,1.0,1.4,11.5,Yes,No,Middle,1.0,Yes,Salle 14,149.0
Male,20.0,Chimie,1,97.7,2.0,36.8,58.0,46.4,1.0,6.3,28.9,Yes,Yes,Middle,1.0,Yes,Salle 19,96.0
Female,25.0,Informatique,1,82.2,18.0,62.3,50.8,74.4,3.0,1.3,10.9,Yes,No,Middle,1.0,No,Salle 11,248.0
Male,19.0,Informatique,2,100.0,0.0,52.2,38.3,63.5,2.0,1.4,2.3,Yes,No,Low,0.0,Yes,Salle 30,298.0
Male,21.0,Electrique,1,87.7,12.0,98.5,88.1,58.1,0.0,0.9,11.5,Yes,No,Middle,0.0,Yes,Salle 28,143.0
Male,20.0,Chimie,1,69.2,31.0,63.4,62.2,20.3,1.0,1.6,9.1,Yes,No,High,1.0,Yes,Salle 1,96.0
Female,20.0,Informatique,2,91.2,9.0,95.3,56.9,96.9,2.0,2.4,16.5,No,No,Middle,3.0,No,Salle 20,298.0
Male,24.0,Electrique,4,84.0,16.0,74.8,77.4,31.2,2.0,2.0,14.2,No,No,Middle,3.0,No,Salle 19,157.0
Female,23.0,Informatique,1,86.5,14.0,96.9,66.9,25.1,1.0,0.1,0.0,Yes,No,High,2.0,Yes,Salle 10,248.0
Male,23.0,Telecom,1,82.2,26.0,67.6,32.4,83.3,0.0,5.6,31.6,No,No,Middle,2.0,Yes,Salle 28,121.0
Male,25.0,Mecanique,3,80.4,20.0,67.6,100.0,60.2,1.0,0.6,2.1,No,No,Low,1.0,Yes,Salle 20,212.0
Female,22.0,Chimie,3,79.9,20.0,63.4,61.6,63.5,0.0,0.3,1.8,No,No,Middle,2.0,No,Salle 7,130.0
Female,26.0,GenieCivil,4,59.6,40.0,57.1,46.2,65.3,2.0,1.3,11.5,Yes,No,Low,0.0,Yes,Salle 27,173.0
Female,22.0,GenieCivil,1,87.5,12.0,57.6,85.1,66.4,1.0,0.3,6.8,No,No,Middle,2.0,Yes,Salle 27,149.0
Male,23.0,Mecanique,1,95.7,4.0,91.7,77.8,72.8,2.0,0.2,7.9,Yes,No,Middle,1.0,Yes,Salle 6,186.0
Male,23.0,Informatique,5,76.3,24.0,57.0,98.9,40.2,2.0,0.1,11.5,No,No,Middle,1.0,No,Salle 5,109.0
Female,18.0,Electrique,2,73.5,26.0,100.0,70.5,32.5,0.0,0.8,7.6,Yes,Yes,Middle,1.0,Yes,Salle 7,185.0
Male,22.0,Informatique,3,80.3,20.0,67.5,56.2,43.4,0.0,0.1,11.5,No,No,Middle,0.0,Yes,Salle 21,263.0
Female,21.0,GenieCivil,4,100.0,0.0,71.4,61.6,96.9,3.0,0.6,9.3,Yes,Yes,High,1.0,Yes,Salle 18,173.0
Female,27.0,Informatique,3,70.2,30.0,87.2,74.8,68.9,2.0,1.2,10.4,Yes,Yes,Middle,2.0,Yes,Salle 9,263.0
Male,20.0,Mecanique,1,52.2,48.0,63.0,45.4,90.6,2.0,0.6,10.6,No,No,Middle,0.0,Yes,Salle 15,186.0
Male,21.0,Telecom,2,100.0,0.0,62.9,38.2,75.3,3.0,1.2,4.0,Yes,No,Middle,1.0,Yes,Salle 24,161.0
Female,25.0,Electrique,5,94.6,5.0,83.5,64.0,54.4,2.0,0.3,11.5,Yes,No,Low,5.0,No,Salle 14,80.0
Other,17.0,Mecanique,3,67.8,32.0,69.0,54.4,74.0,1.0,2.4,13.1,No,No,Middle,1.0,Yes,Salle 25,212.0
Male,20.0,Informatique,3,90.2,10.0,49.4,42.4,53.6,2.0,1.6,14.6,No,No,Low,2.0,Yes,Salle 18,263.0
Male,23.0,GenieCivil,4,86.6,13.0,92.0,70.9,94.9,0.0,0.5,8.6,No,No,Low,0.0,Yes,Salle 3,173.0
Male,20.0,Informatique,3,84.6,15.0,50.5,46.9,34.9,2.0,2.5,18.2,Yes,No,Middle,1.0,Yes,Salle 10,263.0
Female,22.0,Energetique,1,92.7,7.0,74.8,73.2,84.3,4.0,0.5,15.8,Yes,No,Middle,0.0,Yes,Salle 16,83.0
Male,20.0,Electrique,3,68.9,31.0,81.5,72.6,53.6,0.0,4.3,26.4,No,No,Middle,2.0,Yes,Salle 21,188.0
Female,22.0,Mecanique,3,76.8,23.0,65.1,65.7,50.9,1.0,2.7,16.5,Yes,No,Low,2.0,Yes,Salle 18,212.0
Male,19.0,Mecanique,4,57.6,42.0,57.7,60.7,66.4,1.0,0.6,0.0,Yes,No,Middle,0.0,Yes,Salle 12,178.0
Female,23.0,Chimie,1,93.3,7.0,59.4,64.4,65.3,3.0,0.5,4.2,No,Yes,High,1.0,No,Salle 5,96.0
Male,18.0,Energetique,4,70.3,30.0,83.8,81.1,41.4,3.0,2.3,12.5,Yes,Yes,Middle,0.0,Yes,Salle 14,70.0
Male,21.0,GenieCivil,2,89.4,11.0,96.8,29.1,63.5,1.0,3.0,13.1,Yes,No,High,2.0,Yes,Salle 2,177.0
Female,19.0,GenieCivil,2,75.5,24.0,83.9,61.6,54.7,1.0,3.6,21.1,Yes,No,Middle,1.0,Yes,Salle 20,177.0
Female,24.0,Mecanique,5,96.7,3.0,61.7,70.2,100.0,1.0,1.4,16.0,No,No,High,1.0,No,Salle 13,67.0
Male,24.0,Electrique,4,72.8,27.0,67.2,63.0,31.5,3.0,3.7,16.2,Yes,No,Low,2.0,No,Salle 12,157.0
Female,24.0,Informatique,4,79.5,20.0,61.0,75.1,35.8,0.0,0.9,3.3,Yes,No,Middle,2.0,No,Salle 14,230.0
Male,20.0,GenieCivil,4,77.1,23.0,43.8,40.4,48.3,0.0,0.5,11.5,Yes,No,Low,1.0,Yes,Salle 27,173.0
Male,23.0,Informatique,4,100.0,0.0,79.3,63.1,40.2,1.0,0.1,11.5,Yes,No,Low,0.0,No,Salle 8,230.0
Female,23.0,Informatique,1,100.0,0.0,54.3,42.0,58.5,0.0,0.7,11.5,No,No,Middle,1.0,Yes,Salle 8,248.0
Female,24.0,Informatique,2,100.0,0.0,76.0,85.1,59.3,0.0,4.1,11.5,Yes,No,Low,1.0,Yes,Salle 25,298.0
Male,21.0,GenieCivil,4,77.3,23.0,57.7,84.8,68.4,3.0,0.0,0.0,No,Yes,Middle,1.0,Yes,Salle 26,173.0
Female,25.0,Chimie,3,88.5,12.0,86.1,95.5,44.7,1.0,1.4,11.5,Yes,No,High,1.0,Yes,Salle 2,130.0
Male,25.0,Energetique,2,66.0,34.0,63.4,47.7,66.6,1.0,2.9,11.5,No,Yes,Low,1.0,Yes,Salle 4,71.0
Male,27.0,Mecanique,3,82.2,24.0,45.1,79.2,72.8,3.0,2.4,14.5,No,No,Middle,1.0,Yes,Salle 19,212.0
Male,25.0,Electrique,4,83.9,16.0,60.8,55.2,72.2,1.0,5.1,18.9,Yes,No,Middle,1.0,No,Salle 21,157.0
Male,27.0,GenieCivil,1,71.5,28.0,42.5,98.8,40.4,5.0,2.4,12.1,No,No,Middle,1.0,Yes,Salle 20,149.0
Female,26.0,Informatique,2,82.4,18.0,64.0,70.8,54.7,1.0,1.1,8.4,No,No,Middle,1.0,No,Salle 2,298.0
Female,23.0,GenieCivil,1,79.3,21.0,35.9,27.7,74.0,0.0,1.1,11.5,No,No,Middle,1.0,No,Salle 9,149.0
Male,22.0,GenieCivil,4,85.9,14.0,49.2,72.9,67.2,2.0,3.9,23.9,Yes,No,Middle,0.0,Yes,Salle 11,173.0
Male,22.0,Telecom,4,68.4,32.0,88.5,79.4,64.1,1.0,0.4,10.2,Yes,Yes,Middle,2.0,Yes,Salle 15,121.0
Male,19.0,GenieCivil,3,84.4,16.0,55.1,68.8,71.7,1.0,1.4,19.9,No,No,Middle,2.0,Yes,Salle 8,185.0
Male,20.0,Informatique,2,83.7,16.0,63.9,57.6,83.7,1.0,1.7,14.1,Yes,No,Middle,0.0,Yes,Salle 27,298.0
Female,20.0,Chimie,3,63.2,37.0,64.0,43.9,49.2,1.0,0.1,4.9,Yes,No,Middle,0.0,No,Salle 19,130.0
Other,20.0,Electrique,2,62.2,38.0,49.1,85.1,46.2,0.0,0.0,6.7,Yes,No,Low,1.0,No,Salle 27,185.0
Female,20.0,Electrique,2,65.5,34.0,53.8,96.6,55.9,1.0,2.5,18.0,Yes,No,Middle,1.0,Yes,Salle 10,185.0
Female,25.0,Informatique,2,83.0,17.0,35.8,64.3,75.4,2.0,0.1,11.5,No,No,Middle,1.0,Yes,Salle 12,298.0
Female,22.0,GenieCivil,2,100.0,0.0,75.1,65.5,41.4,1.0,4.9,21.1,No,Yes,Middle,1.0,No,Salle 8,177.0
Female,23.0,Informatique,2,48.7,51.0,87.0,97.5,63.5,0.0,0.2,14.9,Yes,No,Middle,1.0,Yes,Salle 30,298.0
Male,26.0,Mecanique,2,83.6,16.0,64.2,49.5,61.2,0.0,0.1,9.1,Yes,No,Low,1.0,Yes,Salle 1,231.0
Female,21.0,Energetique,1,56.5,44.0,64.5,92.5,41.1,2.0,4.7,25.4,No,No,Low,1.0,No,Salle 23,83.0
Male,20.0,GenieCivil,3,90.1,10.0,85.0,58.5,66.1,3.0,5.3,27.9,No,No,Middle,2.0,Yes,Salle 10,185.0
Male,21.0,Chimie,1,70.8,29.0,58.5,51.4,70.9,1.0,0.9,9.2,Yes,No,Low,1.0,No,Salle 14,96.0
Female,22.0,Electrique,3,76.8,23.0,65.8,85.8,46.2,3.0,2.1,10.7,Yes,Yes,Middle,0.0,Yes,Salle 24,188.0
Female,20.0,Mecanique,3,91.8,8.0,65.1,54.3,61.4,2.0,0.7,5.9,Yes,No,High,2.0,Yes,Salle 4,212.0
Female,20.0,GenieCivil,5,83.7,16.0,61.3,55.2,89.7,1.0,5.3,25.0,Yes,No,Middle,1.0,Yes,Salle 18,70.0
Male,23.0,GenieCivil,1,71.1,29.0,64.5,98.8,79.8,2.0,1.0,9.3,No,No,Low,1.0,Yes,Salle 24,149.0
Female,21.0,Chimie,2,74.7,25.0,65.1,62.5,50.6,0.0,1.4,19.6,No,No,Low,2.0,Yes,Salle 18,119.0
Male,22.0,Mecanique,2,93.7,6.0,58.8,71.3,45.9,1.0,1.4,9.9,Yes,Yes,High,1.0,Yes,Salle 23,231.0
Female,21.0,Informatique,2,91.7,8.0,74.3,68.4,90.4,2.0,2.6,23.7,Yes,No,Middle,1.0,Yes,Salle 10,298.0
Male,24.0,GenieCivil,4,67.1,33.0,81.8,29.1,59.4,2.0,0.8,8.7,No,No,Middle,0.0,Yes,Salle 11,173.0
Male,24.0,Chimie,5,95.0,5.0,61.2,61.6,79.9,1.0,1.4,12.3,Yes,No,Middle,0.0,Yes,Salle 30,48.0
Female,21.0,Mecanique,3,97.4,3.0,70.5,44.8,63.2,3.0,1.0,7.9,Yes,No,Middle,3.0,Yes,Salle 2,212.0
Female,20.0,GenieCivil,2,82.2,24.0,92.3,82.3,76.5,1.0,3.1,18.4,Yes,No,Low,1.0,Yes,Salle 1,177.0
Male,19.0,Informatique,1,70.3,30.0,81.3,54.1,38.6,3.0,8.6,11.5,No,Yes,Low,1.0,Yes,Salle 21,248.0
Female,23.0,GenieCivil,5,91.6,8.0,86.8,58.8,37.3,1.0,1.7,16.1,No,No,Middle,1.0,Yes,Salle 4,70.0
Female,21.0,Electrique,3,81.0,19.0,69.4,84.9,68.3,0.0,0.3,6.7,Yes,No,High,1.0,No,Salle 15,188.0
Male,24.0,Telecom,5,100.0,0.0,70.6,56.3,100.0,1.0,2.4,17.3,Yes,No,Low,1.0,Yes,Salle 18,60.0
Female,25.0,Informatique,4,58.0,42.0,47.7,93.7,58.0,0.0,3.9,16.8,Yes,No,Middle,1.0,Yes,Salle 20,230.0
Male,19.0,Telecom,1,91.8,8.0,89.5,27.5,67.8,1.0,0.4,13.1,No,No,Middle,1.0,No,Salle 8,121.0
Male,21.0,GenieCivil,5,85.8,14.0,60.8,53.8,69.2,4.0,1.6,14.7,Yes,No,Middle,0.0,Yes,Salle 13,70.0
Male,27.0,Chimie,5,76.6,23.0,82.2,41.8,34.9,2.0,3.0,9.1,No,Yes,Middle,0.0,Yes,Salle 3,48.0
Female,21.0,Informatique,3,73.4,27.0,51.6,37.5,25.6,2.0,2.0,16.3,Yes,Yes,Middle,1.0,Yes,Salle 28,263.0
Female,24.0,Mecanique,4,83.6,16.0,65.4,56.0,49.1,1.0,4.1,21.2,Yes,No,Low,3.0,Yes,Salle 7,178.0
Male,21.0,Telecom,5,84.0,16.0,91.8,37.9,43.4,0.0,1.4,12.2,Yes,Yes,Middle,2.0,Yes,Salle 23,60.0
Female,24.0,Mecanique,3,89.2,11.0,88.2,69.3,50.6,1.0,1.3,14.9,Yes,No,Low,3.0,Yes,Salle 16,212.0
Male,17.0,Mecanique,3,100.0,0.0,100.0,62.5,64.5,1.0,7.2,29.4,No,No,Middle,1.0,Yes,Salle 30,212.0
Male,25.0,Telecom,1,100.0,0.0,71.2,89.8,49.5,0.0,1.4,10.7,Yes,No,Middle,1.0,Yes,Salle 30,121.0
Male,20.0,Mecanique,4,96.0,4.0,70.3,65.9,58.6,1.0,4.0,28.6,No,No,Low,1.0,Yes,Salle 10,178.0
Male,21.0,Informatique,5,84.9,15.0,68.3,58.0,80.0,3.0,0.5,8.2,No,No,High,0.0,Yes,Salle 16,109.0
Male,25.0,Energetique,3,90.1,10.0,69.4,57.5,73.1,0.0,1.4,15.7,Yes,No,Middle,0.0,Yes,Salle 26,104.0
Male,20.0,Mecanique,3,61.7,38.0,83.2,68.6,48.9,0.0,2.5,11.7,No,No,Low,2.0,Yes,Salle 16,212.0
Male,21.0,Informatique,3,77.4,23.0,60.3,14.2,35.5,1.0,0.9,3.0,Yes,No,Low,3.0,Yes,Salle 6,263.0
Male,22.0,Informatique,2,76.9,23.0,68.3,73.3,51.8,3.0,0.3,8.3,No,No,Middle,1.0,Yes,Salle 20,298.0
Other,20.0,Electrique,2,82.2,16.0,75.8,76.6,38.1,0.0,0.4,10.4,Yes,No,Middle,3.0,Yes,Salle 4,185.0
Male,23.0,Informatique,1,67.2,33.0,59.6,55.0,45.5,2.0,1.3,9.4,No,No,Middle,1.0,Yes,Salle 4,248.0
Male,22.0,Telecom,2,73.3,27.0,54.1,61.6,63.5,1.0,0.2,11.5,No,No,Middle,0.0,Yes,Salle 25,161.0
Male,21.0,Informatique,2,71.6,28.0,51.7,63.9,77.7,2.0,7.2,34.8,Yes,No,Middle,0.0,No,Salle 6,298.0
Female,22.0,Chimie,1,82.2,18.0,75.8,57.7,46.5,2.0,1.6,9.5,Yes,No,Middle,2.0,No,Salle 7,96.0
Male,22.0,GenieCivil,4,87.4,13.0,32.6,52.9,45.4,0.0,0.2,0.5,No,No,Middle,2.0,No,Salle 17,173.0
Male,22.0,Electrique,3,88.0,12.0,57.7,62.3,66.6,0.0,1.8,10.0,No,No,Low,3.0,No,Salle 1,188.0
Male,19.0,Chimie,5,87.1,13.0,51.8,66.2,63.5,1.0,0.0,12.8,Yes,No,Middle,2.0,Yes,Salle 28,48.0
Male,21.0,Electrique,4,73.3,27.0,46.2,91.6,58.5,1.0,3.8,21.8,No,No,High,2.0,No,Salle 2,157.0
Male,23.0,Informatique,1,100.0,0.0,65.1,30.4,100.0,0.0,4.9,19.1,Yes,No,Middle,1.0,Yes,Salle 30,248.0
Female,22.0,Informatique,1,90.3,10.0,60.3,39.7,73.2,1.0,4.3,20.3,Yes,No,Middle,1.0,Yes,Salle 6,248.0
Male,25.0,Informatique,3,83.5,16.0,74.8,51.2,71.0,1.0,0.4,9.5,No,No,Middle,0.0,Yes,Salle 3,263.0
Male,20.0,Telecom,1,63.7,36.0,72.9,56.0,93.3,1.0,1.9,18.0,No,No,Middle,1.0,Yes,Salle 4,121.0
Male,20.0,Electrique,2,82.6,17.0,39.1,50.9,71.3,1.0,0.6,2.3,No,No,Middle,0.0,Yes,Salle 6,185.0
Male,23.0,Mecanique,2,81.2,19.0,75.6,74.2,74.8,3.0,0.8,8.1,No,No,Middle,2.0,Yes,Salle 29,231.0
Female,21.0,GenieCivil,5,70.9,29.0,68.7,54.6,10.6,1.0,9.8,42.9,Yes,No,Middle,0.0,Yes,Salle 12,70.0
Female,22.0,Electrique,2,72.0,28.0,59.1,61.5,31.2,0.0,1.3,7.9,Yes,No,Middle,1.0,No,Salle 4,185.0
Female,20.0,Telecom,2,59.7,40.0,59.4,62.7,71.0,0.0,1.6,4.5,Yes,No,Middle,0.0,Yes,Salle 12,161.0
Other,20.0,Electrique,4,88.8,11.0,60.8,75.4,72.1,1.0,1.9,11.4,Yes,Yes,Middle,0.0,Yes,Salle 12,157.0
Female,25.0,Mecanique,1,75.5,24.0,77.4,71.3,12.1,1.0,3.3,11.5,Yes,No,High,1.0,No,Salle 10,186.0
Female,23.0,Electrique,2,71.8,28.0,65.1,53.1,22.2,3.0,0.4,11.5,Yes,No,Middle,2.0,No,Salle 19,185.0
Male,22.0,Informatique,3,85.0,15.0,68.7,60.0,79.9,1.0,1.4,8.6,Yes,No,Low,0.0,Yes,Salle 18,263.0
Male,26.0,Electrique,2,82.2,12.0,77.2,43.4,58.3,0.0,6.4,11.5,No,No,Middle,1.0,Yes,Salle 1,185.0
Male,19.0,GenieCivil,1,66.7,33.0,72.5,70.8,35.9,0.0,4.4,27.6,Yes,No,Low,0.0,Yes,Salle 2,149.0
Male,18.0,Informatique,2,80.3,20.0,56.1,44.6,85.3,1.0,2.4,15.6,Yes,No,High,1.0,No,Salle 11,298.0
Other,21.0,Mecanique,2,88.2,12.0,71.7,56.6,100.0,2.0,0.7,12.0,Yes,No,Low,0.0,Yes,Salle 25,231.0
Male,27.0,Informatique,3,68.2,32.0,63.6,31.4,82.0,2.0,2.7,10.8,Yes,No,Middle,1.0,Yes,Salle 26,263.0
Male,20.0,Energetique,3,53.9,46.0,45.5,72.9,79.3,1.0,0.4,9.0,No,No,Low,1.0,Yes,Salle 21,104.0
Male,23.0,Energetique,2,89.0,11.0,71.7,50.5,84.4,0.0,1.8,10.3,No,No,High,2.0,No,Salle 1,71.0
Female,22.0,Informatique,1,81.8,18.0,57.0,63.8,58.5,0.0,0.1,11.5,Yes,No,Middle,2.0,Yes,Salle 23,248.0
Female,25.0,Chimie,4,87.1,13.0,48.4,74.2,67.5,3.0,0.2,0.0,Yes,No,Middle,0.0,No,Salle 5,93.0
Female,24.0,Informatique,3,65.8,34.0,45.0,64.3,94.4,2.0,0.2,0.4,Yes,No,Low,0.0,Yes,Salle 26,263.0
Female,22.0,Chimie,1,62.9,37.0,82.5,98.0,39.2,0.0,2.0,13.9,Yes,No,Middle,0.0,Yes,Salle 7,96.0
Female,23.0,Chimie,2,79.7,20.0,85.0,25.8,56.4,0.0,5.3,29.3,No,No,Low,1.0,Yes,Salle 27,119.0
Male,22.0,Telecom,4,79.1,21.0,56.4,61.6,58.8,4.0,3.4,16.9,Yes,Yes,Low,1.0,Yes,Salle 29,121.0
Male,20.0,GenieCivil,3,72.9,27.0,44.6,64.0,73.3,3.0,1.4,11.3,Yes,No,Middle,3.0,Yes,Salle 15,185.0
Male,21.0,Electrique,1,88.6,11.0,65.1,49.4,83.8,0.0,1.7,18.0,No,Yes,Middle,2.0,Yes,Salle 28,143.0
Male,23.0,GenieCivil,4,71.4,29.0,65.1,50.5,29.3,1.0,0.9,5.3,Yes,No,Low,0.0,Yes,Salle 12,173.0
Female,23.0,Telecom,1,78.4,22.0,74.6,78.2,29.4,0.0,7.5,34.5,No,No,Low,2.0,Yes,Salle 29,121.0
Male,22.0,Telecom,2,83.1,17.0,72.4,68.6,78.0,1.0,2.4,16.5,Yes,No,Low,1.0,No,Salle 7,161.0
Female,19.0,Mecanique,3,80.8,19.0,40.2,67.1,59.0,1.0,0.1,11.5,Yes,No,Low,1.0,No,Salle 5,212.0
Male,22.0,GenieCivil,1,69.1,31.0,82.0,70.5,74.9,1.0,2.3,14.8,No,No,Middle,2.0,Yes,Salle 17,149.0
Female,26.0,Energetique,2,72.3,28.0,69.3,49.8,85.7,0.0,0.8,11.0,No,Yes,Middle,1.0,Yes,Salle 2,71.0
Male,22.0,Mecanique,3,87.6,12.0,49.9,78.0,17.1,0.0,2.8,13.3,No,Yes,Middle,1.0,Yes,Salle 12,212.0
Female,21.0,GenieCivil,4,83.9,16.0,49.4,82.4,61.5,1.0,1.8,16.8,Yes,No,Middle,0.0,Yes,Salle 5,173.0
Male,23.0,GenieCivil,3,77.7,22.0,60.7,39.9,47.3,0.0,2.7,20.1,Yes,Yes,Middle,0.0,Yes,Salle 12,185.0
Male,19.0,Informatique,5,77.2,23.0,63.6,64.4,49.3,3.0,0.6,9.0,Yes,No,Middle,0.0,Yes,Salle 17,109.0
Male,23.0,GenieCivil,3,97.4,3.0,81.5,64.7,92.9,1.0,0.8,0.0,No,No,Middle,2.0,Yes,Salle 3,185.0
Male,22.0,Informatique,1,82.2,1.0,79.4,58.8,97.4,1.0,1.8,15.4,Yes,No,Low,0.0,No,Salle 11,248.0
Male,23.0,Chimie,5,88.5,12.0,55.3,81.0,70.7,1.0,0.8,2.6,No,No,Middle,0.0,Yes,Salle 7,48.0
Female,24.0,Informatique,5,93.7,6.0,83.2,52.6,54.0,0.0,0.2,4.3,Yes,No,Middle,0.0,No,Salle 17,109.0
Female,23.0,Energetique,1,78.1,22.0,46.6,43.7,64.5,1.0,2.9,17.8,Yes,No,High,1.0,Yes,Salle 4,83.0
Male,21.0,GenieCivil,3,93.7,6.0,46.5,75.9,41.4,0.0,0.5,6.1,No,Yes,Middle,2.0,Yes,Salle 30,185.0
Male,20.0,Telecom,3,81.5,18.0,65.1,65.9,60.1,1.0,0.9,13.4,Yes,Yes,Middle,1.0,Yes,Salle 19,154.0
Male,24.0,GenieCivil,4,86.5,14.0,67.3,60.1,45.4,1.0,2.7,23.7,No,No,Middle,2.0,Yes,Salle 18,173.0
Female,28.0,Electrique,2,90.8,9.0,46.5,41.6,63.5,1.0,9.6,45.1,Yes,No,High,0.0,Yes,Salle 21,185.0
Male,24.0,Mecanique,4,94.5,6.0,84.6,24.6,42.4,1.0,5.7,32.3,No,No,High,1.0,Yes,Salle 23,178.0
Female,20.0,Informatique,2,97.8,2.0,54.2,82.4,63.5,2.0,5.2,26.2,No,No,Middle,1.0,Yes,Salle 1,298.0
Male,20.0,Mecanique,2,76.4,24.0,67.4,33.9,73.6,0.0,0.4,1.7,Yes,No,Middle,1.0,Yes,Salle 3,231.0
Female,21.0,GenieCivil,2,91.1,9.0,57.2,30.8,98.1,1.0,1.2,11.5,No,No,Middle,0.0,Yes,Salle 18,177.0
Male,18.0,GenieCivil,1,100.0,0.0,49.3,56.3,54.6,1.0,1.4,8.4,No,No,Middle,2.0,No,Salle 2,149.0
Male,22.0,GenieCivil,1,93.4,7.0,61.0,63.9,36.7,0.0,1.3,0.9,Yes,No,High,2.0,No,Salle 4,149.0
Female,22.0,Chimie,2,96.4,4.0,65.1,39.8,33.6,1.0,2.9,16.9,Yes,No,Middle,1.0,Yes,Salle 8,119.0
Male,25.0,Electrique,5,75.5,24.0,67.5,56.3,42.0,0.0,0.0,0.0,No,No,Low,1.0,Yes,Salle 26,80.0
Male,24.0,Electrique,4,76.6,23.0,44.0,58.2,43.3,4.0,1.9,13.6,No,No,Middle,0.0,Yes,Salle 12,157.0
Male,24.0,GenieCivil,2,69.7,30.0,65.1,61.0,49.0,1.0,2.2,21.0,No,No,Middle,0.0,Yes,Salle 13,177.0
Male,22.0,Electrique,4,81.5,18.0,74.7,56.3,44.0,0.0,0.4,9.1,Yes,No,Middle,1.0,Yes,Salle 18,157.0
Male,25.0,Informatique,4,78.7,21.0,61.8,51.7,87.6,1.0,0.2,4.8,No,No,Middle,0.0,Yes,Salle 30,230.0
Female,21.0,Mecanique,1,82.2,0.0,83.0,31.2,88.6,0.0,0.7,11.5,Yes,Yes,Middle,1.0,Yes,Salle 21,186.0
Male,24.0,Electrique,3,76.2,24.0,63.8,37.7,98.6,2.0,2.6,11.5,Yes,No,Middle,1.0,No,Salle 12,188.0
Female,19.0,Telecom,1,78.0,22.0,65.1,30.6,87.2,2.0,0.4,5.3,No,Yes,Low,1.0,Yes,Salle 5,121.0
Female,25.0,GenieCivil,5,82.2,20.0,63.4,61.2,57.3,0.0,0.6,11.5,No,No,Middle,2.0,Yes,Salle 4,70.0
Female,22.0,Energetique,1,83.9,16.0,69.0,61.9,43.9,3.0,1.4,11.1,Yes,No,Middle,0.0,Yes,Salle 5,83.0
Male,23.0,Telecom,3,87.9,12.0,91.4,88.5,86.9,0.0,0.3,2.5,Yes,No,Low,0.0,Yes,Salle 10,154.0
Female,22.0,Mecanique,3,71.4,29.0,52.4,52.5,71.6,0.0,0.7,5.8,No,No,Middle,0.0,Yes,Salle 18,212.0
Male,21.0,Electrique,1,85.7,14.0,63.7,65.1,60.4,1.0,13.8,61.4,Yes,No,High,0.0,Yes,Salle 10,143.0
Male,25.0,Informatique,2,78.0,22.0,68.8,68.8,79.8,1.0,1.1,16.8,No,No,Middle,2.0,Yes,Salle 22,298.0
Male,21.0,Electrique,1,87.2,13.0,81.2,37.6,31.3,3.0,5.4,25.0,No,No,Low,1.0,No,Salle 9,143.0
Female,21.0,Mecanique,2,89.2,11.0,63.9,57.4,35.8,1.0,2.7,8.9,No,No,Middle,0.0,Yes,Salle 3,231.0
Male,21.0,Energetique,1,67.3,33.0,46.7,61.6,57.8,0.0,3.6,20.7,No,No,High,1.0,Yes,Salle 19,83.0
Male,27.0,GenieCivil,4,76.6,23.0,63.5,43.0,59.2,1.0,0.1,1.0,Yes,No,Low,0.0,Yes,Salle 20,173.0
Male,19.0,Informatique,5,82.2,36.0,65.1,68.1,63.5,4.0,0.9,9.8,Yes,No,Middle,1.0,No,Salle 2,109.0
Male,25.0,Informatique,3,86.1,14.0,90.9,61.6,48.8,3.0,1.0,18.6,No,No,High,2.0,Yes,Salle 21,263.0
Male,24.0,Telecom,2,97.5,2.0,42.0,42.7,69.3,0.0,1.6,7.1,Yes,No,Low,0.0,Yes,Salle 17,161.0
Female,23.0,Telecom,5,95.4,5.0,42.0,65.7,100.0,1.0,1.9,11.4,No,No,Middle,2.0,Yes,Salle 30,60.0
Female,21.0,Telecom,3,68.4,32.0,64.3,46.1,70.0,1.0,1.6,13.7,Yes,No,Low,1.0,No,Salle 21,154.0
Male,23.0,Electrique,1,83.4,17.0,65.1,77.0,56.8,1.0,3.0,13.7,Yes,Yes,Middle,2.0,Yes,Salle 8,143.0
Male,19.0,Informatique,2,100.0,0.0,81.9,61.6,62.5,1.0,1.6,13.5,Yes,No,Middle,1.0,Yes,Salle 11,298.0
Female,23.0,Chimie,2,80.5,20.0,62.8,51.7,84.0,3.0,1.4,7.9,No,No,Low,0.0,Yes,Salle 15,119.0
Male,23.0,Energetique,1,84.9,15.0,65.1,46.5,62.4,2.0,7.7,37.9,Yes,No,Middle,1.0,Yes,Salle 27,83.0
Female,24.0,Electrique,2,82.4,18.0,53.5,59.5,100.0,0.0,2.2,14.5,Yes,No,Middle,1.0,No,Salle 12,185.0
Male,22.0,Informatique,2,78.5,22.0,47.4,51.7,81.4,1.0,1.8,14.2,Yes,No,Middle,2.0,Yes,Salle 24,298.0
Female,19.0,Informatique,2,59.9,40.0,93.8,82.9,70.3,1.0,3.5,17.2,Yes,No,Low,2.0,Yes,Salle 30,298.0
Male,22.0,Mecanique,3,79.6,20.0,65.9,96.2,68.6,1.0,0.3,12.2,No,No,High,0.0,No,Salle 20,212.0
Male,22.0,Electrique,3,100.0,0.0,76.6,73.1,52.4,2.0,4.6,23.7,Yes,No,Middle,3.0,Yes,Salle 18,188.0
Female,24.0,Mecanique,3,73.5,26.0,79.2,30.9,75.1,1.0,2.1,7.8,No,No,Middle,1.0,Yes,Salle 7,212.0
Female,22.0,Mecanique,2,68.7,31.0,76.7,59.9,74.5,4.0,0.2,5.5,Yes,No,Middle,0.0,Yes,Salle 26,231.0
Male,22.0,Chimie,3,81.5,18.0,61.8,48.4,75.3,1.0,4.5,26.5,No,No,Middle,1.0,Yes,Salle 19,130.0
Female,21.0,Mecanique,2,85.9,14.0,65.1,43.8,62.9,0.0,5.9,26.0,Yes,No,Low,0.0,No,Salle 15,231.0
Male,22.0,Electrique,3,83.8,16.0,43.0,48.4,47.2,0.0,0.1,9.1,No,No,Low,5.0,Yes,Salle 14,188.0
Male,22.0,Mecanique,5,85.3,15.0,38.4,56.0,36.0,1.0,2.5,14.6,No,No,Low,3.0,Yes,Salle 4,67.0
Male,21.0,Energetique,1,70.4,30.0,62.3,1.9,91.4,1.0,2.0,16.5,Yes,No,Middle,2.0,No,Salle 5,83.0
Male,21.0,Mecanique,3,81.4,19.0,77.8,62.5,30.8,1.0,2.6,20.5,Yes,No,Middle,0.0,No,Salle 17,212.0
Male,23.0,GenieCivil,3,75.5,24.0,65.1,85.6,58.0,1.0,0.7,9.9,No,No,Middle,0.0,Yes,Salle 23,185.0
Male,25.0,Telecom,1,80.1,20.0,78.7,61.6,81.9,4.0,1.5,11.1,Yes,No,Middle,0.0,Yes,Salle 30,121.0
Female,22.0,Chimie,4,81.5,18.0,55.4,59.4,29.3,0.0,3.9,19.4,Yes,No,Middle,1.0,Yes,Salle 18,93.0
Female,24.0,Electrique,5,91.3,9.0,85.6,85.8,72.7,1.0,0.1,8.0,Yes,No,Low,1.0,Yes,Salle 3,80.0
Female,20.0,Informatique,3,85.1,15.0,54.1,65.3,63.9,1.0,2.2,14.8,Yes,No,Low,0.0,Yes,Salle 7,263.0
Female,21.0,Electrique,3,80.5,20.0,57.4,87.7,63.3,0.0,2.6,14.9,Yes,No,Low,2.0,No,Salle 12,188.0
Female,23.0,Telecom,4,91.1,9.0,65.1,63.2,72.8,0.0,0.4,12.8,Yes,No,Middle,1.0,Yes,Salle 14,121.0
Male,21.0,Electrique,2,86.4,14.0,66.5,99.0,64.7,1.0,0.7,7.0,Yes,No,Middle,1.0,Yes,Salle 13,185.0
Male,24.0,Telecom,2,88.1,12.0,76.5,81.8,82.9,4.0,0.5,2.9,Yes,No,Middle,1.0,Yes,Salle 19,161.0
Male,21.0,Electrique,3,77.7,22.0,72.4,51.4,77.9,0.0,0.1,9.0,No,Yes,Middle,0.0,No,Salle 20,188.0
Male,20.0,Chimie,5,82.2,0.0,48.4,90.7,71.3,1.0,1.6,13.4,No,No,Low,1.0,Yes,Salle 22,48.0
Female,22.0,Mecanique,3,83.6,16.0,75.3,49.4,51.2,0.0,1.4,12.1,No,Yes,Middle,1.0,Yes,Salle 8,212.0
Female,24.0,Chimie,4,77.7,22.0,92.2,75.1,26.3,3.0,4.8,30.0,Yes,No,Middle,1.0,Yes,Salle 20,93.0
Female,24.0,Informatique,1,100.0,0.0,73.1,54.7,79.4,4.0,0.9,5.8,No,No,Middle,1.0,Yes,Salle 22,248.0
Female,21.0,Telecom,5,88.5,12.0,69.0,76.5,56.2,0.0,0.8,7.0,No,No,Middle,0.0,No,Salle 15,60.0
Male,22.0,GenieCivil,3,71.0,29.0,79.3,55.4,72.2,1.0,0.0,7.1,Yes,No,Middle,1.0,No,Salle 14,185.0
Female,21.0,Telecom,1,72.0,28.0,81.4,28.8,85.3,3.0,0.7,2.6,Yes,No,Middle,0.0,Yes,Salle 12,121.0
Male,23.0,Informatique,4,100.0,0.0,75.4,66.5,99.8,1.0,5.0,23.4,Yes,Yes,Middle,1.0,Yes,Salle 29,230.0
Male,28.0,Electrique,3,82.2,8.0,65.1,63.9,76.7,2.0,2.1,13.9,No,No,Middle,0.0,Yes,Salle 26,188.0
Male,20.0,Chimie,1,80.9,19.0,65.9,74.3,73.3,1.0,6.8,34.9,No,No,Middle,1.0,No,Salle 9,96.0
Male,23.0,Electrique,4,67.8,32.0,58.5,72.5,88.7,1.0,5.1,29.3,Yes,Yes,Middle,1.0,Yes,Salle 16,157.0
Female,23.0,Mecanique,2,82.2,8.0,51.6,63.0,66.1,1.0,5.2,27.6,Yes,Yes,Middle,5.0,Yes,Salle 27,231.0
Male,22.0,Energetique,1,64.2,36.0,76.7,73.8,40.4,3.0,1.3,11.3,Yes,Yes,Middle,1.0,Yes,Salle 11,83.0
Male,23.0,Mecanique,3,80.6,19.0,40.2,74.8,100.0,0.0,0.4,10.8,Yes,No,Middle,1.0,Yes,Salle 30,212.0
Female,23.0,Mecanique,4,74.7,25.0,67.4,61.6,53.5,4.0,0.5,2.8,Yes,No,Middle,0.0,Yes,Salle 22,178.0
Male,26.0,Telecom,4,74.8,25.0,25.6,54.7,55.6,0.0,1.4,13.3,No,No,Low,1.0,Yes,Salle 27,121.0
Female,24.0,Energetique,1,79.8,20.0,88.0,61.4,67.2,0.0,0.3,3.6,Yes,Yes,Middle,1.0,Yes,Salle 8,83.0
Female,22.0,Informatique,2,79.7,20.0,42.7,47.9,39.4,1.0,2.1,13.3,Yes,No,Middle,0.0,No,Salle 20,298.0
Female,23.0,Informatique,2,94.3,6.0,47.2,68.4,69.2,3.0,4.1,22.0,No,No,Middle,2.0,Yes,Salle 9,298.0
Male,23.0,Informatique,1,88.7,11.0,65.1,63.5,81.6,1.0,0.3,12.6,No,No,Low,1.0,Yes,Salle 9,248.0
Female,24.0,Telecom,3,84.2,16.0,69.7,42.8,80.7,1.0,1.3,11.5,Yes,Yes,Middle,0.0,Yes,Salle 24,154.0
Female,21.0,Chimie,2,99.4,1.0,53.8,66.4,46.9,1.0,0.4,9.2,No,No,Middle,0.0,Yes,Salle 6,119.0
Female,24.0,Telecom,2,75.2,25.0,68.9,93.4,49.4,1.0,4.0,15.2,Yes,No,Middle,1.0,No,Salle 15,161.0
Female,22.0,Electrique,2,83.2,17.0,74.9,38.1,53.3,2.0,1.0,6.5,No,Yes,Low,1.0,Yes,Salle 11,185.0
Male,19.0,Mecanique,1,82.2,12.0,58.8,32.5,56.8,2.0,3.6,20.1,No,No,High,1.0,Yes,Salle 16,186.0
Female,18.0,Mecanique,1,51.4,49.0,68.3,76.6,60.5,1.0,0.8,5.7,Yes,No,Low,2.0,Yes,Salle 11,186.0
Male,22.0,GenieCivil,4,88.7,11.0,49.1,57.9,9.1,2.0,0.6,11.5,Yes,No,Middle,0.0,Yes,Salle 30,173.0
Female,22.0,Informatique,2,80.9,19.0,65.0,72.7,48.4,1.0,1.5,7.1,Yes,No,Middle,0.0,Yes,Salle 25,298.0
Male,19.0,Chimie,3,92.3,8.0,65.1,56.5,58.1,1.0,7.9,11.5,Yes,No,Low,1.0,Yes,Salle 23,130.0
Male,25.0,Electrique,1,98.0,2.0,62.2,70.1,35.7,3.0,1.8,16.3,Yes,No,Low,1.0,Yes,Salle 21,143.0
Female,23.0,GenieCivil,4,85.4,15.0,65.2,43.0,96.5,1.0,0.8,20.5,No,No,Middle,0.0,Yes,Salle 22,173.0
Female,22.0,Chimie,1,85.6,14.0,67.7,60.9,60.7,0.0,0.7,8.4,Yes,No,High,2.0,Yes,Salle 23,96.0
Male,22.0,Mecanique,3,98.1,2.0,65.1,72.3,42.6,2.0,1.4,20.4,No,No,Middle,1.0,No,Salle 1,212.0
Male,21.0,GenieCivil,1,59.7,40.0,74.3,47.1,28.3,2.0,2.7,8.0,Yes,Yes,High,1.0,No,Salle 6,149.0
Male,21.0,Mecanique,3,79.3,21.0,34.0,84.9,63.8,2.0,4.1,17.1,Yes,No,Low,1.0,No,Salle 30,212.0
Male,24.0,Telecom,2,61.6,38.0,59.1,64.2,58.4,1.0,3.7,19.3,Yes,No,Middle,2.0,Yes,Salle 9,161.0
Female,22.0,Informatique,3,96.6,3.0,78.3,61.6,54.2,1.0,0.8,5.7,No,No,Middle,1.0,Yes,Salle 23,263.0
Male,24.0,Informatique,4,81.5,18.0,72.1,85.1,85.4,1.0,0.4,9.3,No,No,Middle,1.0,Yes,Salle 18,230.0
Male,26.0,Informatique,2,94.3,6.0,73.1,65.9,58.3,0.0,2.2,12.0,Yes,No,Low,2.0,Yes,Salle 22,298.0
Female,24.0,Telecom,5,100.0,0.0,47.4,57.0,67.3,0.0,1.9,11.0,No,Yes,Middle,0.0,No,Salle 23,60.0
Male,20.0,Informatique,4,67.9,32.0,67.1,75.4,13.1,2.0,1.5,13.0,Yes,No,Low,1.0,Yes,Salle 7,230.0
Male,26.0,Mecanique,3,83.9,16.0,37.9,31.1,44.8,0.0,0.8,3.4,Yes,No,Middle,1.0,Yes,Salle 25,212.0
Male,24.0,Telecom,2,77.9,22.0,62.4,58.8,33.0,0.0,2.9,11.8,Yes,No,Middle,1.0,No,Salle 25,161.0
Male,21.0,Mecanique,2,59.9,40.0,71.5,26.9,57.6,2.0,1.3,3.7,No,No,Middle,1.0,Yes,Salle 21,231.0
Female,22.0,Mecanique,1,86.5,14.0,72.8,62.2,53.8,2.0,0.4,8.2,Yes,Yes,Middle,1.0,Yes,Salle 23,186.0
Male,23.0,Informatique,3,81.9,18.0,68.4,29.4,53.2,2.0,1.3,9.2,Yes,Yes,Low,4.0,Yes,Salle 13,263.0
Male,21.0,Mecanique,3,56.3,44.0,75.3,79.6,99.3,1.0,1.6,8.0,No,No,Low,0.0,Yes,Salle 22,212.0
Female,22.0,Mecanique,5,85.4,15.0,55.9,89.3,82.0,2.0,0.3,5.1,Yes,No,High,0.0,Yes,Salle 16,67.0
Female,25.0,Electrique,2,93.2,7.0,65.6,61.3,63.5,2.0,1.4,11.7,No,No,Middle,1.0,Yes,Salle 26,185.0
Male,23.0,Informatique,1,84.0,16.0,70.7,55.1,14.2,1.0,1.8,10.7,No,No,Middle,1.0,Yes,Salle 7,248.0
Female,21.0,Informatique,3,95.5,4.0,55.1,80.0,44.5,1.0,0.0,9.7,Yes,No,Middle,1.0,Yes,Salle 21,263.0
Male,21.0,Energetique,1,65.6,34.0,52.2,41.9,82.1,2.0,1.4,12.0,Yes,No,Middle,1.0,No,Salle 25,83.0
Male,20.0,Chimie,1,61.6,38.0,58.4,46.1,74.8,1.0,0.2,6.5,Yes,Yes,Middle,1.0,No,Salle 3,96.0
Female,20.0,Informatique,3,65.2,35.0,56.9,79.8,39.9,2.0,0.8,15.9,Yes,No,Low,1.0,Yes,Salle 17,263.0
Male,20.0,Electrique,4,70.9,29.0,95.2,60.8,100.0,2.0,2.6,18.3,No,No,Middle,2.0,No,Salle 14,157.0
Male,23.0,Energetique,4,86.5,14.0,68.6,74.0,36.9,1.0,2.4,16.9,Yes,Yes,Middle,1.0,Yes,Salle 2,70.0
Female,20.0,Mecanique,1,68.4,32.0,67.7,83.9,78.9,1.0,4.0,18.9,No,Yes,Middle,1.0,Yes,Salle 2,186.0
Male,22.0,GenieCivil,1,83.9,16.0,58.3,79.3,79.4,1.0,1.5,17.5,Yes,No,Low,1.0,Yes,Salle 24,149.0
Male,23.0,Electrique,2,100.0,0.0,89.0,35.3,49.8,1.0,2.3,19.4,No,No,Middle,1.0,Yes,Salle 21,185.0
Male,24.0,GenieCivil,4,86.4,14.0,75.7,85.2,59.0,2.0,3.1,18.3,Yes,No,High,0.0,Yes,Salle 19,173.0
Female,22.0,Mecanique,1,85.7,14.0,67.3,98.9,86.7,0.0,1.9,12.0,Yes,No,Middle,0.0,Yes,Salle 5,186.0
Female,20.0,Chimie,3,72.1,28.0,67.7,60.2,56.3,2.0,0.3,11.2,Yes,No,High,0.0,No,Salle 2,130.0
Male,23.0,Informatique,2,84.6,15.0,78.5,46.8,100.0,0.0,0.7,16.1,Yes,Yes,High,1.0,Yes,Salle 9,298.0
Female,25.0,Mecanique,2,71.5,28.0,62.3,61.8,87.5,4.0,1.1,0.2,Yes,No,Low,2.0,Yes,Salle 10,231.0
Female,22.0,Informatique,3,78.1,22.0,59.4,57.0,80.7,2.0,5.9,11.5,Yes,No,Middle,0.0,Yes,Salle 29,263.0
Male,22.0,Telecom,4,82.8,17.0,48.7,75.9,100.0,1.0,3.4,16.7,Yes,Yes,Low,2.0,Yes,Salle 30,121.0
Male,21.0,Mecanique,4,78.4,22.0,38.8,100.0,66.5,1.0,1.1,9.9,Yes,No,Middle,1.0,Yes,Salle 27,178.0
Male,23.0,Energetique,3,100.0,0.0,50.0,58.2,65.9,1.0,1.4,5.2,Yes,No,Low,0.0,Yes,Salle 30,104.0
Female,22.0,GenieCivil,3,100.0,0.0,65.1,37.2,49.1,1.0,1.1,8.5,Yes,No,Middle,1.0,No,Salle 29,185.0
Female,24.0,Informatique,2,84.2,16.0,54.8,78.5,72.6,2.0,6.1,31.5,Yes,No,Middle,3.0,Yes,Salle 26,298.0
Male,20.0,Electrique,1,81.7,18.0,65.1,78.7,44.9,2.0,0.8,1.0,No,No,Middle,0.0,Yes,Salle 26,143.0
Male,21.0,Energetique,3,78.4,22.0,52.1,75.6,58.1,0.0,0.8,6.4,Yes,No,Low,1.0,Yes,Salle 12,104.0
Male,26.0,Telecom,2,75.9,24.0,73.2,61.4,65.7,3.0,1.3,11.5,Yes,No,Low,3.0,Yes,Salle 9,161.0
Female,24.0,Electrique,3,79.4,21.0,90.3,58.5,92.7,2.0,6.5,33.3,Yes,No,Low,2.0,Yes,Salle 8,188.0
Male,22.0,Informatique,5,100.0,0.0,60.6,57.1,51.5,1.0,1.5,12.0,Yes,Yes,Low,0.0,Yes,Salle 5,109.0
Male,21.0,Informatique,4,74.6,25.0,60.4,54.3,32.3,1.0,2.8,19.1,No,No,Middle,2.0,Yes,Salle 20,230.0
Male,23.0,Telecom,1,88.5,12.0,53.7,76.7,54.7,2.0,0.7,14.6,Yes,No,Low,0.0,Yes,Salle 23,121.0
Female,26.0,Electrique,1,96.5,4.0,52.9,44.9,72.4,0.0,0.7,2.1,Yes,No,High,1.0,No,Salle 25,143.0
Male,18.0,Telecom,2,87.0,13.0,87.5,81.9,63.0,2.0,1.7,12.1,Yes,Yes,Low,2.0,No,Salle 19,161.0
Male,21.0,Mecanique,1,82.6,17.0,39.4,55.1,100.0,0.0,0.3,7.1,Yes,Yes,Low,1.0,No,Salle 21,186.0
Male,23.0,Electrique,2,78.2,22.0,81.3,63.8,40.8,0.0,1.3,12.2,No,No,Middle,3.0,Yes,Salle 17,185.0
Other,23.0,Telecom,2,74.2,26.0,69.3,37.1,63.5,3.0,3.1,17.5,Yes,No,Middle,0.0,Yes,Salle 29,161.0
Male,23.0,Mecanique,4,85.0,15.0,58.3,100.0,72.8,3.0,1.4,23.6,Yes,No,Low,1.0,Yes,Salle 25,178.0
Female,21.0,Chimie,3,100.0,0.0,57.3,45.0,38.2,1.0,0.7,6.2,Yes,Yes,Middle,0.0,No,Salle 14,130.0
Male,22.0,Chimie,5,100.0,0.0,72.8,61.6,59.7,2.0,0.2,6.8,Yes,Yes,High,2.0,Yes,Salle 8,48.0
Female,21.0,Telecom,3,85.9,14.0,97.9,52.1,80.1,1.0,3.7,21.1,Yes,No,Low,3.0,No,Salle 26,154.0
Female,20.0,Chimie,5,99.3,1.0,32.7,51.6,81.1,0.0,0.0,1.3,Yes,Yes,Middle,0.0,Yes,Salle 1,48.0
Male,20.0,Telecom,2,83.8,16.0,70.5,87.6,37.8,1.0,4.4,16.0,Yes,No,Middle,1.0,Yes,Salle 8,161.0
Male,24.0,Electrique,3,78.1,22.0,57.5,63.8,53.6,3.0,0.5,8.2,Yes,No,Low,1.0,Yes,Salle 20,188.0
Male,23.0,Telecom,2,88.7,11.0,94.1,63.4,100.0,0.0,3.1,15.9,Yes,No,Middle,1.0,Yes,Salle 15,161.0
Male,19.0,Chimie,4,75.5,24.0,10.2,87.8,74.1,1.0,0.1,7.5,Yes,No,Low,1.0,Yes,Salle 26,93.0
Female,20.0,Energetique,4,100.0,0.0,68.3,62.8,75.7,0.0,1.2,7.3,Yes,No,Low,1.0,Yes,Salle 11,70.0
Male,24.0,Informatique,2,71.0,29.0,49.0,57.1,78.1,5.0,2.2,20.8,Yes,No,Low,0.0,Yes,Salle 19,298.0
Female,24.0,Mecanique,1,82.2,18.0,83.7,47.9,48.2,0.0,2.8,15.0,No,No,Low,1.0,Yes,Salle 2,186.0
Other,23.0,Chimie,5,98.6,1.0,84.4,47.3,67.0,0.0,5.8,31.2,Yes,No,Low,3.0,No,Salle 15,48.0
Male,24.0,Telecom,1,71.6,28.0,75.3,57.8,59.1,1.0,5.2,33.4,No,Yes,Middle,2.0,Yes,Salle 24,121.0
Male,19.0,Informatique,2,72.2,28.0,91.8,40.9,34.1,0.0,1.6,11.5,Yes,No,Middle,0.0,Yes,Salle 20,298.0
Female,21.0,Mecanique,5,72.6,27.0,94.9,69.1,53.8,1.0,3.0,11.5,Yes,No,Low,1.0,Yes,Salle 7,67.0
Female,22.0,GenieCivil,2,67.5,32.0,71.9,90.6,74.0,1.0,3.2,23.3,Yes,No,Low,0.0,Yes,Salle 29,177.0
Female,21.0,Informatique,3,72.1,28.0,79.1,80.5,72.7,2.0,0.5,12.0,No,Yes,Middle,1.0,Yes,Salle 20,263.0
Female,18.0,Electrique,3,92.2,8.0,79.9,47.8,44.2,0.0,1.3,12.9,Yes,No,High,0.0,Yes,Salle 24,188.0
Male,23.0,Informatique,2,77.5,22.0,80.8,82.3,80.1,0.0,0.4,14.2,No,No,Middle,1.0,No,Salle 14,298.0
Male,17.0,Electrique,4,71.6,28.0,61.4,61.0,100.0,0.0,0.5,9.7,No,No,Middle,3.0,Yes,Salle 29,157.0
Female,20.0,Informatique,5,69.2,31.0,93.7,57.9,75.8,0.0,1.6,11.9,Yes,No,Middle,1.0,No,Salle 6,109.0
Male,21.0,Mecanique,4,74.4,26.0,46.1,82.0,63.5,2.0,0.0,10.0,Yes,No,Low,0.0,Yes,Salle 6,178.0
Female,23.0,Chimie,5,84.2,16.0,46.6,57.4,54.5,1.0,3.5,17.8,Yes,Yes,Middle,1.0,No,Salle 12,48.0
Male,21.0,Informatique,3,100.0,0.0,72.9,81.2,63.5,1.0,3.3,19.0,Yes,Yes,Middle,0.0,Yes,Salle 26,263.0
Female,21.0,Informatique,2,72.2,28.0,77.7,87.8,65.5,2.0,0.7,5.9,No,No,Middle,2.0,No,Salle 16,298.0
Male,22.0,Telecom,2,76.0,24.0,85.1,62.0,71.1,2.0,0.1,9.1,Yes,No,High,3.0,Yes,Salle 19,161.0
Female,25.0,Electrique,4,89.9,10.0,72.1,73.8,97.8,2.0,0.2,2.2,No,No,Middle,1.0,Yes,Salle 18,157.0
Male,20.0,Mecanique,1,86.8,13.0,55.1,77.9,41.8,1.0,1.4,15.8,Yes,No,Middle,1.0,No,Salle 5,186.0
Female,23.0,Energetique,3,80.6,19.0,48.3,61.6,64.7,3.0,0.6,4.9,Yes,No,High,1.0,No,Salle 11,104.0
Female,19.0,Informatique,3,84.9,15.0,65.1,83.4,88.7,1.0,1.8,11.9,Yes,No,Low,0.0,No,Salle 26,263.0
Male,24.0,Informatique,4,68.6,31.0,65.1,85.9,29.3,2.0,1.7,15.2,Yes,No,High,1.0,Yes,Salle 15,230.0
Female,21.0,GenieCivil,1,95.5,4.0,56.4,60.3,67.1,1.0,0.4,2.2,No,No,Middle,1.0,Yes,Salle 18,149.0
Male,22.0,Electrique,4,91.4,9.0,44.7,61.8,66.5,1.0,10.2,46.5,No,No,High,2.0,Yes,Salle 13,157.0
Male,18.0,Telecom,2,67.1,33.0,86.8,68.5,71.2,0.0,0.1,3.3,Yes,Yes,Middle,0.0,Yes,Salle 10,161.0
Female,22.0,Energetique,3,83.6,16.0,73.7,43.0,77.0,0.0,3.1,16.8,Yes,No,Middle,1.0,Yes,Salle 27,104.0
Male,21.0,Energetique,5,80.0,20.0,58.5,56.5,91.6,2.0,0.5,9.1,No,No,Low,2.0,Yes,Salle 8,40.0
Male,20.0,Chimie,1,88.3,12.0,83.3,70.0,54.2,3.0,1.4,10.2,Yes,No,Middle,2.0,Yes,Salle 26,96.0
Female,21.0,Energetique,3,90.7,9.0,47.7,72.8,67.3,1.0,0.4,0.0,No,No,Middle,0.0,Yes,Salle 9,104.0
Female,21.0,Electrique,3,82.5,18.0,62.6,72.2,81.9,2.0,0.2,5.6,Yes,No,Middle,0.0,No,Salle 8,188.0
Male,25.0,GenieCivil,1,72.8,27.0,72.2,24.0,56.7,1.0,1.4,5.0,Yes,No,Middle,1.0,Yes,Salle 15,149.0
Male,25.0,Mecanique,2,100.0,0.0,58.6,61.6,57.9,1.0,0.0,0.0,No,No,Low,0.0,No,Salle 11,231.0
Male,22.0,GenieCivil,2,77.9,22.0,84.3,37.5,53.5,2.0,2.3,15.6,Yes,No,Middle,1.0,Yes,Salle 26,177.0
Male,25.0,Electrique,1,80.9,19.0,50.8,74.1,84.7,0.0,1.2,11.5,No,No,Middle,0.0,Yes,Salle 5,143.0
Female,24.0,Telecom,5,83.8,16.0,85.7,51.0,97.3,1.0,0.1,8.9,No,No,Low,2.0,Yes,Salle 16,60.0
Male,20.0,GenieCivil,1,98.5,2.0,63.5,66.2,53.5,1.0,1.5,17.6,No,No,Low,0.0,Yes,Salle 15,149.0
Male,23.0,Telecom,4,79.7,20.0,65.1,57.2,81.0,1.0,4.4,24.4,No,No,Middle,0.0,Yes,Salle 23,121.0
Male,22.0,Chimie,1,84.1,16.0,80.4,93.5,40.8,0.0,0.4,11.5,Yes,No,Middle,0.0,No,Salle 11,96.0
Female,25.0,Mecanique,1,84.1,16.0,48.9,66.6,56.8,1.0,2.4,13.7,Yes,No,High,1.0,Yes,Salle 23,186.0
Male,22.0,Informatique,5,90.1,10.0,76.4,75.8,95.4,0.0,1.2,16.4,Yes,Yes,Middle,1.0,No,Salle 30,109.0
Male,21.0,Telecom,1,75.7,24.0,53.3,71.9,28.1,1.0,9.0,29.1,Yes,No,Middle,2.0,Yes,Salle 10,121.0
Male,17.0,Mecanique,4,90.4,10.0,65.1,61.9,100.0,2.0,1.9,18.4,Yes,No,Middle,1.0,Yes,Salle 6,178.0
Male,22.0,Informatique,4,82.5,18.0,52.7,70.2,57.0,5.0,2.4,19.3,No,No,Middle,1.0,Yes,Salle 20,230.0
Male,22.0,Energetique,2,82.2,27.0,71.9,61.6,85.3,1.0,1.2,20.5,Yes,No,High,1.0,No,Salle 25,71.0
Male,27.0,Mecanique,3,82.2,18.0,55.9,60.8,56.5,2.0,1.6,6.7,Yes,No,Low,2.0,No,Salle 11,212.0
Male,22.0,Informatique,3,82.7,17.0,63.0,64.5,88.9,1.0,1.6,16.5,No,No,Middle,2.0,Yes,Salle 7,263.0
Male,23.0,Energetique,3,83.6,16.0,79.3,35.2,52.8,4.0,4.1,22.3,Yes,No,Low,2.0,Yes,Salle 8,104.0
Male,20.0,Mecanique,1,69.6,30.0,51.8,73.8,31.8,1.0,1.7,12.1,Yes,Yes,Low,2.0,Yes,Salle 10,186.0
Male,21.0,Telecom,1,74.0,26.0,59.7,64.8,91.9,1.0,1.2,8.7,No,No,Middle,3.0,Yes,Salle 19,121.0
Female,21.0,Electrique,1,78.1,22.0,59.6,44.6,85.4,1.0,0.1,5.2,Yes,No,Middle,0.0,Yes,Salle 21,143.0
Male,18.0,Telecom,1,99.2,1.0,61.4,100.0,23.3,1.0,0.6,11.5,Yes,No,Low,1.0,No,Salle 26,121.0
Male,22.0,Electrique,2,60.7,39.0,56.3,51.0,63.5,0.0,1.7,16.1,No,Yes,Low,0.0,Yes,Salle 15,185.0
Male,22.0,Energetique,2,81.7,18.0,74.5,67.3,57.5,2.0,2.4,12.5,Yes,No,Middle,0.0,No,Salle 3,71.0
Male,22.0,Mecanique,2,78.1,22.0,43.2,38.8,63.2,0.0,0.4,5.2,No,Yes,Low,0.0,Yes,Salle 17,231.0
Female,23.0,GenieCivil,1,74.4,26.0,65.1,70.6,95.4,2.0,1.7,16.2,Yes,No,Middle,1.0,No,Salle 10,149.0
Male,24.0,GenieCivil,3,98.9,1.0,72.0,75.2,54.2,0.0,0.5,3.6,Yes,No,Middle,1.0,Yes,Salle 9,185.0
Female,21.0,GenieCivil,1,79.6,20.0,65.7,100.0,43.7,2.0,7.1,33.3,Yes,Yes,Low,0.0,Yes,Salle 8,149.0
Male,24.0,Electrique,4,76.7,23.0,74.5,78.1,52.2,0.0,4.6,30.4,Yes,Yes,Middle,1.0,No,Salle 10,157.0
Male,22.0,Chimie,4,59.0,41.0,70.9,53.1,100.0,1.0,3.3,22.9,No,No,Middle,1.0,Yes,Salle 28,93.0
Female,22.0,Informatique,2,97.8,2.0,92.8,36.9,28.5,0.0,0.2,7.3,Yes,No,Middle,1.0,Yes,Salle 16,298.0
Male,23.0,Electrique,5,82.3,18.0,66.9,27.2,58.0,1.0,2.6,11.5,Yes,No,Middle,1.0,Yes,Salle 2,80.0
Male,24.0,GenieCivil,2,71.2,29.0,50.8,67.8,72.4,0.0,1.5,6.9,Yes,No,Low,2.0,Yes,Salle 12,177.0
Male,20.0,Electrique,4,69.6,30.0,65.4,42.4,53.3,0.0,3.1,8.8,Yes,No,Low,1.0,Yes,Salle 25,157.0
Male,18.0,Mecanique,2,88.9,11.0,67.1,44.4,85.6,1.0,3.0,16.1,Yes,No,Middle,1.0,Yes,Salle 23,231.0
Male,24.0,Electrique,2,73.8,26.0,65.2,80.9,89.0,1.0,0.9,11.5,No,No,Middle,0.0,No,Salle 27,185.0
Male,17.0,Informatique,2,96.4,4.0,76.4,73.0,72.7,0.0,1.1,8.3,No,No,Low,2.0,Yes,Salle 30,298.0
Male,22.0,Telecom,1,79.0,21.0,57.3,52.3,51.7,0.0,3.2,16.5,Yes,Yes,Middle,1.0,Yes,Salle 9,121.0
Male,24.0,Telecom,4,97.1,3.0,37.8,53.0,62.5,3.0,1.1,16.6,No,Yes,Middle,0.0,Yes,Salle 16,121.0
Female,22.0,Chimie,4,82.8,17.0,64.2,25.5,72.2,1.0,0.5,4.7,No,No,Middle,2.0,Yes,Salle 12,93.0
Female,20.0,Informatique,4,85.4,15.0,60.4,57.7,52.6,3.0,4.0,16.5,No,No,Middle,1.0,Yes,Salle 9,230.0
Male,23.0,Informatique,4,76.0,24.0,78.4,79.6,64.5,1.0,2.4,12.7,Yes,No,Middle,1.0,No,Salle 29,230.0
Male,21.0,Chimie,1,93.1,7.0,65.1,56.8,90.9,1.0,1.3,9.7,Yes,No,Middle,1.0,Yes,Salle 25,96.0
Male,21.0,Mecanique,1,63.8,36.0,71.6,37.3,76.6,0.0,0.3,11.3,Yes,No,Middle,0.0,Yes,Salle 21,186.0
Female,22.0,Informatique,3,91.5,8.0,71.6,51.6,70.2,3.0,1.6,11.5,No,No,Middle,1.0,Yes,Salle 13,263.0
Male,23.0,Electrique,2,63.6,36.0,69.5,53.8,40.1,2.0,0.6,11.5,Yes,No,Low,0.0,Yes,Salle 18,185.0
Male,23.0,Chimie,3,87.8,12.0,62.7,80.4,80.1,0.0,1.8,7.8,Yes,No,Low,0.0,Yes,Salle 6,130.0
Female,24.0,Electrique,3,80.5,20.0,54.1,40.7,62.0,2.0,9.4,35.9,No,No,Middle,1.0,Yes,Salle 26,188.0
Male,24.0,Mecanique,5,95.0,5.0,56.3,84.9,58.6,2.0,0.8,7.4,Yes,No,Middle,2.0,Yes,Salle 3,67.0
Female,22.0,Informatique,1,90.4,10.0,65.5,45.6,9.7,1.0,0.4,1.0,Yes,No,Low,2.0,Yes,Salle 10,248.0
Female,22.0,Mecanique,4,99.2,1.0,38.4,54.2,93.6,1.0,0.6,11.9,No,No,Middle,3.0,Yes,Salle 12,178.0
Male,23.0,Informatique,1,90.9,9.0,70.5,74.9,74.6,1.0,0.5,3.4,Yes,No,Low,1.0,Yes,Salle 7,248.0
Male,24.0,Electrique,4,84.1,16.0,68.0,28.6,75.4,1.0,6.6,32.9,Yes,Yes,Middle,0.0,Yes,Salle 15,157.0
Female,21.0,Telecom,4,96.6,3.0,50.8,61.6,59.6,0.0,1.0,4.9,No,No,Middle,1.0,No,Salle 3,121.0
Male,22.0,Chimie,1,100.0,0.0,67.1,74.2,63.0,0.0,1.4,9.7,No,No,Middle,0.0,Yes,Salle 21,96.0
Male,23.0,GenieCivil,3,75.1,25.0,78.0,68.4,62.9,3.0,1.0,11.5,No,No,Low,2.0,Yes,Salle 19,185.0
Male,24.0,Informatique,3,85.2,15.0,79.6,77.0,57.8,2.0,2.0,10.8,No,No,Low,0.0,Yes,Salle 15,263.0
Female,24.0,Mecanique,3,80.3,20.0,42.3,34.9,48.2,1.0,1.5,12.9,No,No,Middle,0.0,No,Salle 2,212.0
Male,24.0,Informatique,3,82.9,17.0,31.6,56.8,73.3,1.0,0.9,12.5,Yes,No,Middle,1.0,No,Salle 18,263.0
Male,24.0,Telecom,3,90.4,10.0,62.3,49.5,38.5,0.0,3.2,21.4,Yes,No,Middle,3.0,Yes,Salle 3,154.0
Male,23.0,Chimie,1,95.0,5.0,58.9,65.9,71.0,1.0,3.2,17.8,No,No,Low,1.0,Yes,Salle 17,96.0
Male,22.0,Mecanique,2,73.2,27.0,83.5,24.1,67.9,0.0,2.2,13.0,Yes,No,Middle,0.0,Yes,Salle 25,231.0
Male,24.0,Informatique,2,94.9,5.0,61.1,74.2,84.7,1.0,1.7,11.6,Yes,No,High,1.0,Yes,Salle 5,298.0
Male,22.0,GenieCivil,4,100.0,0.0,59.9,71.6,43.8,0.0,1.4,7.8,No,No,Middle,0.0,No,Salle 7,173.0
Male,22.0,Energetique,3,70.2,30.0,90.8,58.1,40.5,1.0,6.3,33.5,Yes,No,Low,1.0,Yes,Salle 20,104.0
Male,22.0,Electrique,2,82.2,0.0,43.5,68.2,70.7,3.0,0.2,0.0,Yes,No,High,0.0,Yes,Salle 22,185.0
Male,22.0,Chimie,2,99.9,0.0,45.4,88.9,74.3,4.0,1.0,10.8,Yes,No,Middle,0.0,Yes,Salle 5,119.0
Male,22.0,Chimie,5,80.4,20.0,50.8,61.6,96.6,1.0,5.0,31.9,No,No,Middle,2.0,Yes,Salle 18,48.0
Male,22.0,Electrique,2,78.8,21.0,59.6,78.3,69.4,1.0,1.4,12.2,Yes,No,Low,1.0,Yes,Salle 14,185.0
Male,21.0,Chimie,4,87.9,12.0,72.2,75.8,68.0,3.0,0.4,6.3,Yes,No,Middle,1.0,Yes,Salle 3,93.0
Female,22.0,Chimie,4,68.7,31.0,51.8,54.2,67.8,3.0,1.3,11.3,No,No,Middle,0.0,Yes,Salle 28,93.0
Female,26.0,Informatique,1,78.3,22.0,54.6,65.4,40.1,2.0,0.7,7.3,No,No,Low,1.0,No,Salle 7,248.0
Male,22.0,Informatique,2,87.8,12.0,47.4,54.7,27.1,2.0,3.3,22.9,Yes,No,Middle,2.0,Yes,Salle 12,298.0
Female,22.0,Electrique,4,83.0,17.0,44.1,82.3,45.6,3.0,0.3,4.6,Yes,No,Low,3.0,Yes,Salle 17,157.0
Male,22.0,Informatique,1,75.7,24.0,65.1,46.6,70.5,1.0,2.4,20.7,Yes,No,Low,1.0,Yes,Salle 1,248.0
Female,26.0,GenieCivil,2,97.0,3.0,100.0,84.4,31.6,2.0,3.1,18.1,No,No,Middle,2.0,Yes,Salle 26,177.0
Male,21.0,Informatique,3,67.4,33.0,67.2,93.2,47.2,0.0,3.7,15.8,Yes,No,Middle,2.0,Yes,Salle 13,263.0
Female,21.0,Mecanique,3,100.0,0.0,65.1,66.6,42.4,2.0,2.5,16.2,No,No,Middle,0.0,Yes,Salle 23,212.0
Male,22.0,GenieCivil,3,84.6,15.0,65.1,23.2,44.6,1.0,0.3,5.3,Yes,Yes,Middle,1.0,Yes,Salle 23,185.0
Male,24.0,GenieCivil,1,85.8,14.0,74.7,56.0,47.2,0.0,5.4,33.5,Yes,Yes,Low,1.0,Yes,Salle 26,149.0
Male,25.0,Mecanique,2,71.1,29.0,70.6,31.7,63.5,0.0,0.2,9.6,No,No,High,2.0,Yes,Salle 5,231.0
Male,26.0,Mecanique,1,70.9,29.0,28.7,31.8,86.7,4.0,1.0,10.0,Yes,Yes,Middle,2.0,Yes,Salle 24,186.0
Female,20.0,GenieCivil,4,93.4,7.0,54.4,60.9,66.0,4.0,0.5,3.6,Yes,Yes,Middle,0.0,Yes,Salle 12,173.0
Male,23.0,Energetique,3,78.0,22.0,39.5,63.4,67.4,0.0,3.9,23.0,Yes,No,Middle,0.0,Yes,Salle 1,104.0
Male,22.0,Energetique,5,86.9,13.0,56.5,67.7,57.1,1.0,1.8,10.2,Yes,No,Middle,0.0,Yes,Salle 25,40.0
Male,24.0,Chimie,3,100.0,0.0,76.9,50.2,60.1,1.0,0.1,13.3,Yes,No,Middle,2.0,Yes,Salle 26,130.0
Other,21.0,GenieCivil,1,97.2,3.0,71.8,78.4,82.5,2.0,1.1,15.6,Yes,No,Middle,1.0,No,Salle 12,149.0
Male,21.0,GenieCivil,4,97.3,3.0,53.7,66.4,100.0,0.0,1.6,12.5,Yes,No,Low,1.0,Yes,Salle 17,173.0
Male,23.0,Telecom,2,95.8,4.0,28.9,70.3,66.7,3.0,0.7,11.5,Yes,No,Middle,0.0,Yes,Salle 24,161.0
Male,20.0,Electrique,5,81.6,18.0,73.6,93.4,54.1,1.0,0.1,6.1,No,No,Low,1.0,Yes,Salle 14,80.0
Male,21.0,GenieCivil,4,89.0,11.0,76.2,42.0,86.2,1.0,3.4,19.3,Yes,No,High,1.0,No,Salle 28,173.0
Male,19.0,Mecanique,4,86.5,14.0,81.4,21.8,61.9,0.0,3.0,12.3,Yes,No,Middle,1.0,Yes,Salle 17,178.0
Male,20.0,Chimie,2,88.2,12.0,55.5,75.7,45.5,0.0,6.1,30.3,Yes,No,Middle,2.0,Yes,Salle 25,119.0
Female,26.0,Electrique,1,76.7,23.0,50.0,78.9,85.2,0.0,1.2,2.3,Yes,No,Low,1.0,No,Salle 14,143.0
Male,21.0,GenieCivil,1,69.2,31.0,100.0,70.9,54.1,2.0,0.1,11.5,Yes,No,Low,1.0,Yes,Salle 6,149.0
Male,23.0,Electrique,5,76.9,23.0,86.3,63.8,64.4,1.0,3.2,21.6,No,No,High,1.0,Yes,Salle 27,80.0
Female,22.0,Electrique,5,85.2,15.0,60.3,48.9,70.8,0.0,4.8,22.6,Yes,Yes,High,4.0,Yes,Salle 28,80.0
Male,20.0,Informatique,2,83.4,17.0,60.1,94.1,93.1,1.0,2.4,21.3,Yes,No,High,0.0,Yes,Salle 17,298.0
Male,21.0,Mecanique,3,86.8,13.0,76.8,29.9,55.7,1.0,1.4,21.3,Yes,No,Middle,0.0,Yes,Salle 27,212.0
Female,23.0,Chimie,1,62.1,38.0,46.8,72.4,70.9,2.0,0.6,6.1,Yes,No,Middle,1.0,Yes,Salle 27,96.0
Female,23.0,Mecanique,3,90.4,10.0,53.3,65.3,80.5,2.0,1.9,11.6,Yes,No,Middle,1.0,No,Salle 22,212.0
Male,24.0,Telecom,5,82.2,16.0,78.4,57.2,42.3,1.0,1.3,9.6,Yes,No,Middle,0.0,Yes,Salle 3,60.0
Male,24.0,Electrique,2,91.9,8.0,49.9,66.3,75.6,0.0,1.6,7.3,No,No,Middle,1.0,Yes,Salle 27,185.0
Female,21.0,Mecanique,4,71.9,28.0,41.6,51.2,97.4,1.0,8.0,36.7,No,Yes,Middle,1.0,No,Salle 8,178.0
Female,23.0,Telecom,3,80.0,20.0,61.1,38.9,61.6,1.0,2.5,15.3,No,No,Middle,0.0,No,Salle 28,154.0
Male,20.0,Mecanique,3,52.9,47.0,65.1,50.5,76.6,1.0,0.7,7.7,Yes,No,Middle,3.0,No,Salle 26,212.0
Female,20.0,Mecanique,4,98.5,2.0,40.6,62.1,63.5,0.0,0.6,6.0,Yes,No,Middle,2.0,Yes,Salle 12,178.0
Male,23.0,Energetique,3,90.3,10.0,61.0,59.2,30.4,1.0,6.8,27.6,No,Yes,Middle,0.0,Yes,Salle 4,104.0
Male,20.0,Informatique,1,93.3,7.0,77.1,61.6,41.7,1.0,2.3,8.2,No,No,High,1.0,Yes,Salle 23,248.0
Male,22.0,Electrique,3,78.2,22.0,72.8,80.8,68.6,1.0,0.9,0.0,Yes,No,Middle,1.0,Yes,Salle 28,188.0
Male,24.0,Mecanique,4,87.1,13.0,76.7,62.7,75.7,0.0,1.0,15.0,Yes,No,Middle,1.0,Yes,Salle 18,178.0
Female,25.0,Telecom,3,75.3,25.0,51.9,62.8,68.9,2.0,0.5,8.3,No,No,Low,3.0,Yes,Salle 3,154.0
Female,24.0,Telecom,4,87.9,12.0,61.7,48.2,53.4,1.0,6.9,28.1,Yes,No,Middle,1.0,Yes,Salle 12,121.0
Female,24.0,Electrique,1,73.6,26.0,81.0,65.9,73.1,3.0,0.1,8.4,No,No,Middle,1.0,No,Salle 28,143.0
Female,24.0,Telecom,4,82.2,36.0,63.1,51.4,54.0,2.0,0.1,11.5,No,Yes,Middle,1.0,Yes,Salle 19,121.0
Female,23.0,Chimie,4,47.1,53.0,70.5,51.7,59.5,1.0,0.2,13.0,Yes,No,Middle,0.0,Yes,Salle 26,93.0
Female,24.0,Mecanique,5,90.8,9.0,55.4,54.7,86.4,0.0,0.4,3.0,No,No,Middle,1.0,Yes,Salle 4,67.0
Female,20.0,Energetique,3,80.1,20.0,65.1,55.1,89.1,1.0,1.7,14.0,Yes,No,Middle,0.0,No,Salle 28,104.0
Male,27.0,Electrique,2,88.2,12.0,47.1,59.4,63.5,3.0,1.4,6.8,Yes,No,High,1.0,Yes,Salle 19,185.0
Female,20.0,Informatique,1,82.2,20.0,76.0,61.6,51.5,0.0,0.8,3.5,Yes,No,High,0.0,Yes,Salle 22,248.0
Female,17.0,Energetique,1,96.7,3.0,40.9,92.5,79.2,1.0,0.4,0.0,Yes,No,Middle,1.0,No,Salle 16,83.0
Female,23.0,Electrique,4,78.8,21.0,73.1,61.6,76.9,2.0,3.9,23.8,Yes,No,Middle,0.0,Yes,Salle 26,157.0
Male,22.0,Mecanique,2,74.0,26.0,78.6,75.1,41.0,0.0,0.8,7.5,No,Yes,Middle,0.0,Yes,Salle 3,231.0
Male,21.0,Informatique,1,66.9,33.0,87.2,26.2,42.0,0.0,0.8,6.0,Yes,No,Low,3.0,Yes,Salle 20,248.0
Male,22.0,Mecanique,1,82.2,29.0,60.5,39.8,57.8,0.0,1.1,9.4,Yes,Yes,Low,2.0,Yes,Salle 8,186.0
Male,20.0,Electrique,3,93.2,7.0,84.8,48.1,53.6,2.0,1.7,10.8,Yes,No,High,0.0,Yes,Salle 26,188.0
Female,20.0,Informatique,4,73.4,27.0,64.2,80.4,65.0,1.0,4.4,14.2,No,Yes,High,0.0,Yes,Salle 23,230.0
Male,19.0,Energetique,3,87.9,12.0,58.7,64.8,66.1,2.0,1.9,14.2,Yes,No,Middle,0.0,Yes,Salle 15,104.0
Male,29.0,Telecom,5,74.3,26.0,66.8,72.0,100.0,2.0,5.2,24.9,Yes,No,Low,1.0,Yes,Salle 17,60.0
Male,22.0,GenieCivil,2,100.0,0.0,67.6,66.5,63.5,1.0,1.1,11.1,Yes,No,Low,0.0,Yes,Salle 2,177.0
Male,19.0,Informatique,5,79.8,20.0,89.2,62.0,69.7,2.0,7.8,31.2,No,Yes,Middle,2.0,Yes,Salle 23,109.0
Male,22.0,Electrique,2,91.6,8.0,37.3,49.7,92.9,0.0,0.3,10.8,Yes,No,Middle,0.0,No,Salle 23,185.0
Male,22.0,Informatique,1,74.9,25.0,63.7,57.0,45.1,1.0,4.1,17.3,Yes,Yes,Middle,0.0,Yes,Salle 7,248.0
Male,22.0,Telecom,3,83.7,16.0,81.5,75.3,98.0,2.0,0.5,9.5,Yes,No,Middle,0.0,Yes,Salle 17,154.0
Male,24.0,Mecanique,2,82.3,18.0,68.6,54.9,46.1,0.0,0.1,0.0,No,No,Low,2.0,No,Salle 2,231.0
Male,24.0,Informatique,3,78.8,21.0,72.7,76.4,99.4,2.0,0.9,11.8,Yes,No,Middle,0.0,Yes,Salle 7,263.0
Male,18.0,Electrique,1,79.5,20.0,76.2,39.7,39.5,1.0,1.3,11.0,No,No,Middle,1.0,No,Salle 10,143.0
Female,21.0,Chimie,4,81.8,18.0,71.0,81.2,79.6,1.0,0.1,4.0,Yes,No,Middle,1.0,No,Salle 28,93.0
Male,24.0,Energetique,3,77.6,22.0,40.9,55.7,30.1,1.0,2.3,14.4,No,No,Low,1.0,Yes,Salle 9,104.0
Male,21.0,Electrique,3,65.3,35.0,65.1,75.0,68.6,1.0,5.6,21.5,Yes,No,High,0.0,Yes,Salle 5,188.0
Male,24.0,Informatique,4,95.3,5.0,58.1,50.1,69.2,0.0,1.7,11.5,No,No,Middle,2.0,Yes,Salle 18,230.0
Other,22.0,Energetique,4,91.7,8.0,50.9,60.0,30.7,0.0,5.7,28.6,Yes,No,Middle,0.0,Yes,Salle 7,70.0
Female,23.0,Mecanique,4,85.1,15.0,75.1,95.8,67.1,3.0,1.8,11.4,No,No,Middle,2.0,No,Salle 24,178.0
Male,18.0,GenieCivil,2,82.5,18.0,40.8,56.3,62.1,3.0,1.0,8.5,Yes,Yes,Low,1.0,Yes,Salle 6,177.0
Female,22.0,Energetique,5,63.7,36.0,56.6,64.2,58.6,5.0,6.5,28.0,Yes,No,Low,0.0,Yes,Salle 14,40.0
Male,21.0,Telecom,2,73.7,26.0,73.6,39.8,68.3,1.0,0.0,14.2,Yes,No,Low,1.0,Yes,Salle 30,161.0
Female,20.0,Electrique,3,100.0,0.0,82.1,54.0,64.9,1.0,0.8,6.7,Yes,No,High,2.0,Yes,Salle 29,188.0
Male,23.0,GenieCivil,4,92.7,7.0,62.2,77.8,82.1,2.0,0.3,7.2,No,No,Low,0.0,Yes,Salle 7,173.0
Female,25.0,Telecom,3,69.5,30.0,78.8,29.0,92.3,3.0,0.5,4.3,No,No,Middle,2.0,Yes,Salle 14,154.0
Male,27.0,Telecom,1,82.2,34.0,59.2,69.9,74.8,3.0,6.4,31.5,No,No,Middle,3.0,No,Salle 17,121.0
Female,24.0,Mecanique,4,83.5,16.0,74.1,50.2,94.7,4.0,0.0,0.7,No,No,High,1.0,Yes,Salle 16,178.0
Female,18.0,Telecom,2,70.3,30.0,70.4,56.0,60.1,1.0,0.9,7.0,Yes,No,Middle,0.0,Yes,Salle 23,161.0
Male,24.0,Mecanique,3,64.7,35.0,46.6,45.6,100.0,0.0,3.0,17.6,Yes,Yes,High,1.0,No,Salle 13,212.0
Male,21.0,Electrique,3,86.8,13.0,52.9,61.6,68.9,0.0,8.8,39.7,Yes,No,High,0.0,No,Salle 8,188.0
Male,22.0,Electrique,2,72.4,28.0,61.1,43.3,79.1,1.0,7.6,43.8,No,Yes,Middle,0.0,No,Salle 10,185.0
Male,22.0,Chimie,2,99.3,1.0,38.8,56.4,86.3,0.0,1.4,9.7,Yes,No,Middle,1.0,Yes,Salle 5,119.0
Male,19.0,GenieCivil,3,75.0,25.0,44.2,63.1,63.5,3.0,5.3,11.5,No,No,Low,4.0,No,Salle 25,185.0
Male,23.0,Mecanique,4,85.0,15.0,59.0,57.9,88.6,0.0,1.7,11.8,Yes,No,High,1.0,Yes,Salle 29,178.0
Male,24.0,Informatique,1,94.1,6.0,51.5,73.8,16.9,1.0,0.5,2.8,Yes,No,Low,2.0,Yes,Salle 20,248.0
Male,23.0,Informatique,1,81.6,18.0,24.9,55.4,71.2,3.0,1.9,8.8,Yes,No,Low,0.0,Yes,Salle 21,248.0
Male,20.0,GenieCivil,4,90.6,9.0,56.8,36.4,100.0,1.0,0.8,16.1,Yes,No,Middle,2.0,Yes,Salle 3,173.0
Male,24.0,GenieCivil,1,99.5,0.0,86.4,60.5,70.0,0.0,2.2,9.2,Yes,No,High,0.0,Yes,Salle 5,149.0
Male,25.0,Energetique,1,74.9,25.0,55.4,54.4,55.3,3.0,4.8,24.6,Yes,No,Low,0.0,Yes,Salle 18,83.0
Male,23.0,Electrique,2,100.0,0.0,71.5,70.3,76.1,4.0,2.9,15.3,No,No,Low,1.0,Yes,Salle 2,185.0
Male,25.0,Informatique,2,71.4,29.0,90.6,79.0,74.5,1.0,1.4,8.2,No,No,Low,2.0,Yes,Salle 6,298.0
Male,23.0,Informatique,5,71.4,29.0,58.9,82.3,77.1,2.0,0.6,5.6,No,No,Middle,1.0,Yes,Salle 1,109.0
Male,23.0,Energetique,2,77.5,22.0,66.5,53.9,59.5,0.0,1.7,10.0,No,Yes,Middle,2.0,Yes,Salle 3,71.0
Male,21.0,GenieCivil,4,68.6,31.0,59.6,80.2,61.4,2.0,0.8,10.3,No,No,Middle,0.0,No,Salle 2,173.0
Female,22.0,GenieCivil,4,75.3,25.0,57.4,82.0,46.3,0.0,1.2,3.4,Yes,No,Middle,0.0,Yes,Salle 21,173.0
Female,21.0,Mecanique,1,95.5,4.0,59.6,85.5,53.3,1.0,4.7,22.1,No,No,Low,1.0,Yes,Salle 3,186.0
Female,17.0,Electrique,4,77.0,23.0,63.6,69.2,86.6,2.0,0.2,7.6,Yes,No,Middle,1.0,Yes,Salle 25,157.0
Female,22.0,Telecom,3,77.9,22.0,64.6,66.6,79.0,0.0,3.3,19.9,No,No,Middle,2.0,Yes,Salle 30,154.0
Male,23.0,Chimie,3,73.7,26.0,84.8,67.0,85.6,1.0,1.7,19.0,Yes,Yes,Middle,2.0,Yes,Salle 24,130.0
Female,21.0,Informatique,1,100.0,0.0,79.3,83.4,89.2,1.0,1.4,9.0,Yes,No,Middle,2.0,Yes,Salle 18,248.0
Female,19.0,Informatique,1,89.2,11.0,84.9,79.3,50.0,1.0,0.8,9.9,No,No,High,1.0,Yes,Salle 21,248.0
Female,26.0,Informatique,2,73.5,26.0,92.5,79.9,26.0,0.0,2.6,11.5,Yes,No,Middle,1.0,Yes,Salle 12,298.0
Female,25.0,GenieCivil,3,67.9,32.0,87.8,64.9,49.2,1.0,0.0,5.5,No,No,Middle,1.0,Yes,Salle 16,185.0
Male,24.0,Telecom,2,90.6,9.0,82.6,41.5,92.2,1.0,0.4,11.1,No,No,Low,1.0,Yes,Salle 4,161.0
Female,22.0,Mecanique,1,74.9,25.0,80.1,52.6,64.8,1.0,4.4,26.0,Yes,Yes,Low,1.0,No,Salle 29,186.0
Female,25.0,Mecanique,1,85.2,15.0,63.8,81.2,71.9,3.0,7.7,39.7,No,No,Middle,0.0,No,Salle 24,186.0
Male,22.0,Mecanique,2,79.7,20.0,50.6,70.8,63.5,0.0,0.8,5.3,Yes,No,Middle,2.0,No,Salle 5,231.0
Male,24.0,Mecanique,4,48.9,51.0,65.1,38.8,55.2,0.0,1.5,10.9,No,No,Low,1.0,Yes,Salle 14,178.0
Male,22.0,Mecanique,2,85.5,14.0,45.0,39.8,75.3,1.0,3.8,23.6,Yes,Yes,Middle,0.0,Yes,Salle 8,231.0
Female,23.0,Mecanique,3,85.6,14.0,55.4,43.2,73.2,0.0,0.7,11.7,No,No,Middle,2.0,No,Salle 22,212.0
Female,20.0,Mecanique,4,89.6,10.0,83.1,81.9,62.6,0.0,2.3,14.3,No,Yes,High,0.0,Yes,Salle 3,178.0
Male,22.0,Energetique,5,84.4,16.0,61.9,58.6,48.6,1.0,0.2,8.9,Yes,No,Low,1.0,No,Salle 14,40.0
Male,21.0,Mecanique,1,75.3,25.0,65.9,64.8,65.3,1.0,2.7,16.8,Yes,Yes,High,0.0,Yes,Salle 6,186.0
Female,21.0,Electrique,4,90.7,9.0,34.1,44.1,39.5,2.0,0.8,4.6,Yes,No,Middle,2.0,Yes,Salle 26,157.0
Male,23.0,GenieCivil,1,77.4,23.0,54.9,58.2,60.5,2.0,1.8,14.2,No,No,Middle,0.0,No,Salle 7,149.0
Female,21.0,Telecom,2,88.8,11.0,42.9,43.2,80.6,2.0,0.2,4.3,Yes,No,Low,0.0,No,Salle 28,161.0
Female,21.0,GenieCivil,3,85.4,15.0,85.2,62.2,61.3,1.0,1.7,10.9,No,No,Middle,3.0,Yes,Salle 15,185.0
Female,24.0,Telecom,4,88.8,11.0,56.5,73.6,61.9,2.0,1.8,20.1,Yes,Yes,High,1.0,Yes,Salle 6,121.0
Female,21.0,Mecanique,1,92.7,7.0,76.8,56.5,27.5,0.0,0.2,14.0,No,No,Middle,1.0,Yes,Salle 28,186.0
Female,20.0,Mecanique,4,75.8,24.0,65.1,63.6,87.1,1.0,2.4,18.0,Yes,No,High,0.0,No,Salle 24,178.0
Male,23.0,Telecom,4,76.6,23.0,48.3,40.0,76.3,2.0,5.9,20.6,Yes,No,Middle,2.0,No,Salle 4,121.0
Male,21.0,Electrique,3,88.2,12.0,52.9,70.8,24.4,1.0,1.2,6.5,Yes,No,Middle,1.0,Yes,Salle 19,188.0
Male,22.0,Informatique,4,66.3,34.0,88.7,64.2,29.8,1.0,0.8,4.8,No,No,High,2.0,Yes,Salle 3,230.0
Female,27.0,Mecanique,3,85.4,15.0,65.2,56.0,67.3,0.0,0.7,9.4,Yes,No,Low,2.0,No,Salle 13,212.0
Female,20.0,Informatique,1,80.0,20.0,62.6,63.4,93.7,0.0,3.1,19.2,Yes,No,Low,1.0,Yes,Salle 25,248.0
Male,21.0,Chimie,4,62.2,38.0,71.3,65.2,48.1,0.0,7.6,37.7,Yes,No,Middle,1.0,Yes,Salle 1,93.0
Male,22.0,Telecom,3,85.7,14.0,85.6,40.3,100.0,2.0,1.9,11.5,Yes,Yes,Middle,1.0,Yes,Salle 10,154.0
Female,20.0,Electrique,4,100.0,0.0,38.6,89.3,63.5,0.0,0.4,14.8,Yes,No,Middle,3.0,Yes,Salle 17,157.0
Male,24.0,Electrique,2,78.0,22.0,49.4,61.3,100.0,1.0,0.4,0.0,No,No,Middle,1.0,Yes,Salle 3,185.0
Male,22.0,Mecanique,2,71.2,29.0,51.7,61.6,93.4,2.0,0.4,7.0,No,No,Low,3.0,No,Salle 6,231.0
Male,21.0,Chimie,1,80.3,20.0,49.2,64.9,68.9,2.0,1.6,9.7,No,No,Low,0.0,Yes,Salle 19,96.0
Male,23.0,Mecanique,1,90.8,9.0,65.1,72.5,75.5,0.0,4.4,20.2,No,No,Low,2.0,Yes,Salle 22,186.0
Male,20.0,GenieCivil,2,100.0,0.0,71.6,58.5,63.5,1.0,3.7,14.5,Yes,No,Middle,0.0,Yes,Salle 18,177.0
Male,21.0,Energetique,1,64.1,36.0,67.8,61.6,41.3,0.0,0.6,2.0,No,Yes,Middle,3.0,Yes,Salle 20,83.0
Female,18.0,Informatique,2,84.3,16.0,82.8,67.7,77.9,2.0,0.3,16.1,Yes,No,Middle,1.0,Yes,Salle 22,298.0
Male,21.0,GenieCivil,3,100.0,0.0,62.4,51.8,64.7,0.0,2.4,12.4,No,Yes,Middle,1.0,No,Salle 6,185.0
Female,24.0,Mecanique,1,60.3,40.0,37.5,38.6,64.4,0.0,4.4,23.2,Yes,Yes,Low,2.0,Yes,Salle 29,186.0
Male,24.0,Energetique,3,71.3,29.0,47.9,65.8,92.5,1.0,2.5,19.0,Yes,No,Middle,1.0,No,Salle 13,104.0
Male,23.0,Informatique,4,66.1,34.0,58.4,53.0,67.1,1.0,2.2,15.9,Yes,Yes,Middle,0.0,Yes,Salle 24,230.0
Male,21.0,Energetique,4,95.6,4.0,39.2,65.4,63.5,1.0,0.1,11.5,No,No,Middle,4.0,No,Salle 28,70.0
Male,24.0,Telecom,1,96.0,4.0,65.1,75.2,100.0,4.0,0.1,4.2,No,No,Middle,3.0,Yes,Salle 28,121.0
Female,20.0,Mecanique,4,98.8,1.0,58.4,85.6,91.3,1.0,0.2,0.0,Yes,Yes,Middle,0.0,Yes,Salle 10,178.0
Female,20.0,Informatique,2,74.3,26.0,55.3,57.0,37.1,1.0,1.9,11.7,Yes,No,Middle,0.0,Yes,Salle 20,298.0
Male,22.0,Chimie,2,83.4,17.0,43.9,64.8,79.5,0.0,0.1,5.9,Yes,No,Middle,1.0,Yes,Salle 30,119.0
Male,22.0,Electrique,1,77.7,22.0,62.6,64.8,62.8,1.0,1.2,13.3,Yes,No,Middle,2.0,Yes,Salle 2,143.0
Male,20.0,Informatique,2,61.2,39.0,72.0,90.4,82.2,3.0,1.1,10.7,No,No,Middle,1.0,Yes,Salle 1,298.0
Male,26.0,Telecom,3,92.5,8.0,70.4,37.0,81.6,0.0,1.4,7.5,Yes,No,Middle,1.0,No,Salle 27,154.0
Male,23.0,Informatique,3,76.1,24.0,76.8,56.5,64.5,1.0,2.4,15.9,Yes,No,Middle,0.0,No,Salle 27,263.0
Female,20.0,Telecom,3,91.1,9.0,74.9,50.6,66.7,1.0,0.9,9.2,No,No,Low,2.0,Yes,Salle 4,154.0
Male,22.0,Mecanique,2,86.8,13.0,86.8,76.6,30.7,2.0,0.5,12.3,Yes,No,Middle,1.0,Yes,Salle 14,231.0
Female,23.0,GenieCivil,2,73.5,26.0,53.4,40.5,63.5,1.0,1.4,21.4,Yes,No,High,0.0,Yes,Salle 3,177.0
Male,23.0,Mecanique,5,97.0,3.0,51.9,67.2,56.5,0.0,0.5,8.4,Yes,Yes,Low,1.0,Yes,Salle 7,67.0
Male,22.0,Informatique,3,69.8,30.0,53.8,71.6,57.0,0.0,1.4,6.3,Yes,No,Low,2.0,Yes,Salle 25,263.0
Male,21.0,Mecanique,1,79.2,21.0,83.0,67.8,74.2,0.0,3.3,18.0,Yes,Yes,High,2.0,Yes,Salle 16,186.0
Female,20.0,Electrique,4,88.8,11.0,68.0,80.7,31.8,1.0,4.4,24.5,Yes,Yes,Middle,0.0,Yes,Salle 29,157.0
Female,20.0,Informatique,4,82.2,48.0,79.2,79.8,89.4,1.0,0.0,3.2,Yes,No,Middle,1.0,Yes,Salle 11,230.0
Male,21.0,Mecanique,1,88.2,12.0,72.9,87.7,69.3,1.0,1.1,6.3,Yes,No,Middle,1.0,Yes,Salle 14,186.0
Male,23.0,Informatique,5,61.2,39.0,53.0,67.2,64.9,1.0,1.6,13.7,Yes,No,Middle,1.0,Yes,Salle 28,109.0
Female,23.0,Mecanique,1,79.4,21.0,67.1,75.5,36.6,1.0,0.9,6.9,Yes,No,Middle,2.0,Yes,Salle 8,186.0
Male,26.0,GenieCivil,4,87.5,12.0,59.1,100.0,100.0,0.0,1.2,5.2,Yes,Yes,Middle,1.0,Yes,Salle 14,173.0
Male,22.0,Energetique,3,76.2,24.0,66.2,54.8,72.3,0.0,8.9,39.5,Yes,Yes,Middle,0.0,Yes,Salle 30,104.0
Female,22.0,Mecanique,5,73.2,27.0,58.5,86.5,37.3,1.0,4.1,23.0,Yes,No,Middle,1.0,No,Salle 26,67.0
Female,22.0,Informatique,5,70.9,29.0,51.3,78.3,81.7,4.0,2.8,18.9,No,No,Middle,0.0,Yes,Salle 9,109.0
Male,23.0,Mecanique,3,82.4,18.0,82.9,100.0,96.3,0.0,1.0,7.4,Yes,No,Low,0.0,Yes,Salle 13,212.0
Male,18.0,Telecom,3,100.0,0.0,72.3,42.8,63.5,2.0,1.4,11.5,Yes,No,Middle,2.0,Yes,Salle 19,154.0
Male,21.0,Energetique,1,76.6,23.0,75.5,37.7,65.8,0.0,1.1,10.4,No,No,Middle,1.0,No,Salle 11,83.0
Male,21.0,GenieCivil,3,81.1,19.0,52.5,61.6,47.5,1.0,2.5,22.6,No,No,Middle,1.0,Yes,Salle 20,185.0
Male,24.0,Mecanique,1,100.0,0.0,69.1,48.1,69.4,2.0,0.9,22.2,Yes,No,High,1.0,No,Salle 1,186.0
Male,21.0,Telecom,3,82.8,17.0,93.9,46.9,65.2,1.0,2.9,11.5,Yes,No,Middle,0.0,No,Salle 15,154.0
Female,22.0,Informatique,3,85.5,14.0,61.7,53.6,61.5,3.0,1.4,8.5,No,No,Low,0.0,Yes,Salle 4,263.0
Female,22.0,Electrique,1,91.0,9.0,77.6,93.8,51.1,0.0,0.7,8.4,Yes,No,High,1.0,Yes,Salle 5,143.0
Female,25.0,GenieCivil,3,100.0,0.0,35.3,84.6,50.8,0.0,3.8,11.8,Yes,No,Middle,3.0,Yes,Salle 2,185.0
Male,21.0,GenieCivil,2,84.7,15.0,58.2,34.1,73.2,1.0,0.5,7.5,No,No,Middle,0.0,Yes,Salle 15,177.0
Female,25.0,Informatique,4,80.6,19.0,64.3,61.6,47.8,2.0,1.4,12.8,No,No,Middle,1.0,Yes,Salle 28,230.0
Female,22.0,GenieCivil,5,94.7,5.0,64.1,59.5,55.6,2.0,1.2,1.5,Yes,No,Middle,1.0,Yes,Salle 30,70.0
Female,23.0,Electrique,4,68.2,32.0,55.3,56.2,55.0,3.0,1.4,12.1,Yes,No,Low,0.0,No,Salle 25,157.0
Female,17.0,Informatique,3,68.4,32.0,39.1,87.7,100.0,1.0,2.1,5.7,Yes,No,Middle,1.0,No,Salle 19,263.0
Male,21.0,Informatique,1,85.0,15.0,97.8,61.3,63.5,0.0,1.8,7.0,Yes,No,High,1.0,Yes,Salle 20,248.0
Male,21.0,Energetique,5,73.6,26.0,75.0,58.5,59.9,1.0,0.7,6.1,Yes,No,Low,1.0,No,Salle 14,40.0
Male,21.0,Electrique,1,72.6,27.0,89.3,54.8,79.1,1.0,1.5,13.3,Yes,No,Low,1.0,No,Salle 23,143.0
Male,22.0,Energetique,4,87.4,13.0,60.7,53.6,68.9,1.0,7.5,29.3,Yes,No,Middle,1.0,Yes,Salle 9,70.0
Male,22.0,Informatique,1,83.5,16.0,58.9,72.0,93.5,1.0,0.4,1.1,Yes,No,Middle,0.0,Yes,Salle 4,248.0
Male,23.0,Informatique,4,84.7,15.0,88.8,86.8,74.1,1.0,0.9,11.5,Yes,No,Middle,1.0,Yes,Salle 15,230.0
Male,19.0,GenieCivil,3,82.0,18.0,47.3,62.1,89.5,1.0,2.9,11.5,Yes,Yes,Middle,1.0,No,Salle 15,185.0
Female,22.0,Electrique,3,80.9,19.0,70.2,38.0,49.9,1.0,3.8,15.7,Yes,No,High,0.0,Yes,Salle 2,188.0
Female,25.0,Chimie,2,95.4,5.0,66.0,82.5,47.4,2.0,0.3,5.8,No,No,Middle,0.0,No,Salle 2,119.0
Female,24.0,Telecom,1,69.1,31.0,65.1,60.2,43.1,0.0,0.3,6.2,Yes,No,Low,1.0,Yes,Salle 4,121.0
Male,20.0,Informatique,1,98.6,1.0,55.0,87.5,63.5,0.0,3.4,19.1,No,No,Middle,4.0,No,Salle 1,248.0
Male,24.0,Chimie,3,74.7,25.0,64.6,42.1,28.6,2.0,2.0,16.9,Yes,Yes,Middle,1.0,Yes,Salle 4,130.0
Male,21.0,Mecanique,4,79.4,21.0,54.3,62.5,69.9,0.0,0.9,10.0,No,No,Middle,1.0,No,Salle 2,178.0
Female,23.0,Informatique,4,79.6,20.0,34.9,28.4,41.0,2.0,5.8,30.6,Yes,No,Low,1.0,Yes,Salle 8,230.0
Female,20.0,Telecom,1,69.1,31.0,73.6,59.4,25.7,0.0,0.1,0.0,Yes,No,Middle,1.0,Yes,Salle 14,121.0
Male,20.0,GenieCivil,1,85.1,15.0,97.9,85.5,48.8,0.0,1.1,13.4,Yes,No,Middle,2.0,Yes,Salle 4,149.0
Male,23.0,GenieCivil,3,94.4,6.0,100.0,36.7,87.6,2.0,1.2,7.5,Yes,Yes,Middle,1.0,Yes,Salle 30,185.0
Female,25.0,Informatique,1,91.0,9.0,77.7,52.9,51.0,0.0,1.4,7.0,No,No,Low,0.0,Yes,Salle 29,248.0
Female,23.0,GenieCivil,4,72.8,27.0,60.3,29.0,87.8,0.0,6.3,32.6,Yes,No,Low,1.0,Yes,Salle 24,173.0
Female,23.0,Electrique,2,92.6,7.0,61.9,75.5,54.8,2.0,0.6,5.3,No,Yes,Middle,1.0,No,Salle 13,185.0
Male,22.0,Electrique,2,83.9,16.0,55.1,45.8,55.0,2.0,1.8,13.7,Yes,No,Middle,5.0,Yes,Salle 9,185.0
Male,24.0,Informatique,2,82.2,8.0,75.2,47.0,68.2,2.0,0.2,3.3,No,No,High,2.0,Yes,Salle 10,298.0
Female,25.0,Telecom,3,85.2,15.0,86.2,41.3,100.0,2.0,0.1,4.3,No,Yes,High,0.0,Yes,Salle 5,154.0
Female,23.0,Informatique,3,90.6,9.0,60.6,75.7,59.9,0.0,3.6,22.5,Yes,No,Low,3.0,No,Salle 11,263.0
Female,21.0,Energetique,4,94.0,6.0,65.1,28.1,71.8,2.0,0.4,7.4,Yes,Yes,Middle,0.0,Yes,Salle 15,70.0
Male,22.0,GenieCivil,4,77.3,23.0,98.2,77.6,50.1,0.0,1.6,16.1,No,No,Middle,2.0,Yes,Salle 12,173.0
Female,23.0,Informatique,2,100.0,0.0,57.8,64.7,36.6,1.0,0.1,0.0,Yes,No,High,2.0,Yes,Salle 22,298.0
Male,22.0,Energetique,5,73.8,26.0,76.3,66.3,83.0,1.0,0.5,6.9,No,No,Middle,1.0,Yes,Salle 9,40.0
Male,25.0,Mecanique,3,100.0,0.0,39.4,94.0,100.0,2.0,0.1,0.0,Yes,No,Middle,1.0,Yes,Salle 4,212.0
Male,23.0,Electrique,4,80.3,20.0,65.1,61.6,100.0,1.0,0.0,4.1,No,No,Middle,0.0,Yes,Salle 14,157.0
Male,25.0,Mecanique,1,100.0,0.0,52.2,36.9,35.7,0.0,3.5,27.4,Yes,Yes,Middle,1.0,Yes,Salle 17,186.0
Female,21.0,Informatique,5,100.0,0.0,46.5,52.1,78.1,2.0,1.0,11.5,No,No,Middle,0.0,Yes,Salle 2,109.0
Female,23.0,GenieCivil,1,100.0,0.0,48.1,61.6,78.5,1.0,1.9,12.7,Yes,No,High,1.0,Yes,Salle 23,149.0
Female,23.0,Informatique,1,92.7,7.0,35.3,78.5,72.7,1.0,0.3,0.0,Yes,Yes,High,1.0,Yes,Salle 24,248.0
Male,22.0,Telecom,5,83.2,17.0,68.1,37.1,47.4,1.0,0.3,13.0,Yes,No,Middle,1.0,No,Salle 7,60.0
Female,22.0,Electrique,2,95.2,5.0,75.2,76.0,84.9,0.0,3.7,14.4,No,Yes,Low,1.0,Yes,Salle 11,185.0
Female,24.0,Chimie,3,71.7,28.0,86.8,47.7,68.8,1.0,3.5,18.0,Yes,No,Middle,0.0,Yes,Salle 14,130.0
Female,24.0,Mecanique,5,84.8,15.0,71.5,82.1,46.4,2.0,0.0,13.3,Yes,No,High,2.0,Yes,Salle 27,67.0
Male,24.0,Telecom,4,87.1,13.0,87.3,61.0,53.7,1.0,3.5,13.3,Yes,No,Middle,4.0,Yes,Salle 29,121.0
Male,22.0,Informatique,4,81.5,18.0,71.1,63.3,46.1,1.0,1.0,11.5,No,No,Low,1.0,No,Salle 28,230.0
Male,25.0,Electrique,3,85.3,15.0,36.4,61.6,46.6,0.0,0.5,12.4,No,No,Low,1.0,Yes,Salle 13,188.0
Male,22.0,Informatique,2,68.1,32.0,47.9,58.0,21.7,0.0,2.0,7.7,Yes,No,Low,2.0,Yes,Salle 4,298.0
Male,21.0,Energetique,5,55.5,44.0,45.9,46.5,32.2,1.0,0.1,11.4,Yes,No,Middle,1.0,Yes,Salle 30,40.0
Female,22.0,Electrique,2,92.8,7.0,82.2,100.0,61.2,3.0,0.2,5.5,Yes,No,Middle,2.0,Yes,Salle 11,185.0
Female,21.0,Energetique,3,82.0,18.0,41.1,98.5,84.7,2.0,0.0,4.3,Yes,No,Middle,0.0,Yes,Salle 14,104.0
Female,24.0,GenieCivil,4,65.4,35.0,60.1,11.3,43.2,1.0,5.8,34.3,Yes,No,Low,1.0,No,Salle 8,173.0
Male,21.0,Electrique,2,100.0,0.0,45.0,42.2,53.1,2.0,1.7,19.4,Yes,No,Low,1.0,Yes,Salle 20,185.0
Male,24.0,Energetique,3,100.0,0.0,76.4,27.9,61.9,0.0,0.6,11.9,No,No,Middle,1.0,No,Salle 2,104.0
Female,19.0,Mecanique,5,70.5,30.0,65.8,36.7,59.1,1.0,0.4,11.5,No,Yes,Middle,0.0,Yes,Salle 24,67.0
Male,21.0,Mecanique,1,82.8,17.0,65.1,74.5,48.6,0.0,3.0,16.6,Yes,Yes,Middle,0.0,Yes,Salle 26,186.0
Male,25.0,Informatique,3,84.9,15.0,61.3,24.1,42.0,3.0,0.0,6.1,Yes,Yes,Middle,1.0,Yes,Salle 8,263.0
Male,23.0,Mecanique,2,82.5,18.0,71.2,62.6,59.6,2.0,0.1,3.8,Yes,No,Low,1.0,Yes,Salle 26,231.0
Male,22.0,Informatique,5,100.0,0.0,66.8,76.9,73.6,1.0,4.1,31.0,Yes,No,High,0.0,Yes,Salle 14,109.0
Female,21.0,Chimie,2,78.1,22.0,42.6,44.0,63.5,2.0,0.8,7.2,No,Yes,Middle,0.0,Yes,Salle 3,119.0
Male,24.0,GenieCivil,2,94.5,6.0,26.2,32.4,65.3,2.0,4.0,11.5,No,No,High,1.0,Yes,Salle 14,177.0
Female,25.0,Telecom,1,93.3,7.0,57.6,73.9,59.8,1.0,4.6,25.8,Yes,No,Low,1.0,No,Salle 28,121.0
Female,22.0,Electrique,2,66.8,33.0,71.9,67.5,38.5,0.0,3.4,13.1,Yes,No,Low,2.0,No,Salle 23,185.0
Female,22.0,Energetique,2,79.7,20.0,72.0,70.6,45.9,1.0,5.9,25.7,Yes,No,Middle,1.0,No,Salle 3,71.0
Male,23.0,Informatique,5,90.6,9.0,68.3,55.3,43.4,0.0,3.9,20.1,Yes,No,Low,1.0,Yes,Salle 27,109.0
Female,20.0,Electrique,4,96.4,4.0,62.7,72.0,55.1,3.0,1.4,6.3,No,No,High,1.0,Yes,Salle 16,157.0
Female,19.0,GenieCivil,5,81.1,19.0,54.4,100.0,83.7,1.0,0.9,10.8,No,No,High,3.0,Yes,Salle 21,70.0
Female,21.0,Informatique,4,88.0,12.0,65.1,61.6,43.8,0.0,4.8,27.7,No,Yes,Middle,0.0,No,Salle 1,230.0
Male,20.0,Informatique,4,91.2,9.0,54.8,53.4,52.7,1.0,2.1,14.4,Yes,No,High,0.0,No,Salle 30,230.0
Male,17.0,Electrique,4,100.0,0.0,46.6,55.6,69.0,2.0,0.3,5.5,No,No,Low,2.0,Yes,Salle 29,157.0
Female,24.0,Telecom,2,82.1,18.0,82.1,56.0,60.8,4.0,7.1,34.3,No,No,Low,2.0,No,Salle 30,161.0
Male,24.0,Telecom,3,70.4,30.0,62.3,72.8,100.0,1.0,2.6,22.5,No,Yes,Middle,0.0,Yes,Salle 6,154.0
Male,20.0,GenieCivil,2,62.2,38.0,64.8,75.3,65.5,1.0,16.2,69.6,Yes,No,Middle,3.0,Yes,Salle 11,177.0
Male,22.0,Telecom,4,69.9,30.0,86.2,50.6,51.2,1.0,0.9,10.2,Yes,No,Middle,0.0,Yes,Salle 17,121.0
Male,21.0,Mecanique,3,73.5,26.0,73.4,52.9,79.0,0.0,0.8,7.0,Yes,No,Low,2.0,Yes,Salle 16,212.0
Male,22.0,Mecanique,4,89.3,11.0,71.2,64.7,74.0,1.0,0.6,17.3,No,No,High,1.0,Yes,Salle 18,178.0
Female,23.0,Electrique,5,89.1,11.0,100.0,85.5,88.4,1.0,1.2,18.7,No,No,Middle,0.0,No,Salle 3,80.0
Female,24.0,Telecom,3,73.6,26.0,41.4,12.7,67.2,0.0,3.0,17.2,Yes,No,Middle,3.0,Yes,Salle 7,154.0
Female,23.0,Informatique,2,79.8,20.0,58.9,86.3,76.9,2.0,0.3,0.0,Yes,Yes,High,5.0,No,Salle 9,298.0
Female,20.0,Electrique,2,78.4,22.0,45.9,70.5,18.9,2.0,1.6,11.2,No,No,Low,0.0,Yes,Salle 19,185.0
Female,24.0,Electrique,4,84.2,16.0,73.4,56.8,63.5,0.0,3.5,14.7,Yes,No,Middle,1.0,No,Salle 27,157.0
Female,23.0,Informatique,4,100.0,0.0,65.0,59.3,64.0,2.0,2.6,25.2,Yes,No,Middle,1.0,No,Salle 6,230.0
Female,25.0,GenieCivil,3,75.8,24.0,61.7,75.9,90.3,0.0,0.2,5.6,No,No,Middle,3.0,Yes,Salle 13,185.0
Male,25.0,Chimie,1,79.2,21.0,90.6,74.2,60.4,3.0,1.0,8.9,No,No,Low,0.0,Yes,Salle 7,96.0
Male,24.0,Electrique,2,75.6,24.0,65.1,45.1,63.5,1.0,1.4,9.8,Yes,No,Middle,1.0,No,Salle 23,185.0
Male,21.0,Informatique,2,77.1,23.0,67.7,59.3,62.6,0.0,1.4,20.3,No,Yes,Middle,1.0,Yes,Salle 18,298.0
Male,21.0,Chimie,1,70.6,29.0,63.5,78.3,63.6,0.0,0.6,11.5,No,No,Middle,3.0,No,Salle 11,96.0
Female,22.0,Electrique,1,100.0,0.0,65.6,71.3,82.6,1.0,0.4,10.3,Yes,No,Middle,1.0,No,Salle 7,143.0
Male,22.0,Informatique,4,82.2,31.0,67.0,56.6,82.6,1.0,2.9,11.6,Yes,No,Low,0.0,Yes,Salle 14,230.0
Male,21.0,Energetique,3,91.2,9.0,69.8,69.2,67.4,0.0,3.8,22.7,Yes,No,Middle,1.0,Yes,Salle 30,104.0
Male,24.0,Informatique,1,74.9,25.0,45.5,66.3,81.3,1.0,2.6,18.0,Yes,No,Middle,2.0,Yes,Salle 7,248.0
Male,19.0,Chimie,2,76.3,24.0,59.8,40.3,91.2,4.0,3.7,21.7,Yes,No,Middle,0.0,Yes,Salle 30,119.0
Male,21.0,Telecom,5,96.7,3.0,48.4,61.6,62.2,2.0,2.1,11.1,Yes,No,Low,1.0,Yes,Salle 20,60.0
Male,19.0,Mecanique,3,68.3,32.0,100.0,90.9,61.3,2.0,0.3,8.0,Yes,No,Low,1.0,Yes,Salle 2,212.0
Female,25.0,Telecom,5,87.6,12.0,66.0,86.5,76.2,1.0,0.9,10.9,Yes,No,Middle,0.0,No,Salle 4,60.0
Female,26.0,Energetique,4,66.8,33.0,80.6,61.6,45.7,1.0,2.1,12.3,No,No,Low,1.0,No,Salle 13,70.0
Male,22.0,Chimie,4,78.3,22.0,76.0,44.3,59.1,2.0,3.6,23.2,No,No,Low,0.0,No,Salle 6,93.0
Male,22.0,Mecanique,5,61.3,39.0,65.0,46.8,71.1,2.0,2.3,13.9,No,No,Middle,2.0,Yes,Salle 20,67.0
Female,23.0,GenieCivil,5,99.5,0.0,73.2,51.2,54.9,2.0,1.9,8.2,Yes,No,Low,1.0,Yes,Salle 24,70.0
Male,22.0,Mecanique,3,94.1,6.0,44.2,79.1,100.0,1.0,4.1,22.1,Yes,Yes,Middle,2.0,No,Salle 10,212.0
Male,23.0,Chimie,3,78.2,22.0,65.7,43.3,63.5,1.0,0.3,11.5,Yes,No,Middle,1.0,No,Salle 29,130.0
Female,22.0,Chimie,2,100.0,0.0,81.0,84.0,63.2,0.0,1.4,9.3,No,Yes,High,2.0,Yes,Salle 14,119.0
Male,23.0,Informatique,2,83.2,17.0,65.0,71.0,54.3,2.0,4.6,25.7,Yes,No,Middle,3.0,Yes,Salle 21,298.0
Female,22.0,Informatique,2,69.8,30.0,51.2,92.1,100.0,1.0,4.6,21.4,Yes,No,High,1.0,Yes,Salle 30,298.0
Female,23.0,GenieCivil,1,91.3,9.0,78.9,75.7,39.3,1.0,0.2,0.0,Yes,No,Low,2.0,Yes,Salle 6,149.0
Male,20.0,GenieCivil,1,79.7,20.0,57.0,77.1,41.2,1.0,0.6,1.4,No,No,Middle,0.0,Yes,Salle 20,149.0
Female,21.0,Electrique,2,88.7,11.0,60.8,62.1,69.6,0.0,4.6,32.1,Yes,No,Low,3.0,Yes,Salle 26,185.0
Male,25.0,Telecom,5,81.5,18.0,79.2,33.5,100.0,1.0,6.8,31.0,No,No,Middle,3.0,Yes,Salle 12,60.0
Female,21.0,Mecanique,4,93.3,7.0,53.3,21.7,68.3,1.0,0.4,3.6,Yes,Yes,Low,3.0,Yes,Salle 18,178.0
Male,25.0,GenieCivil,4,100.0,0.0,58.8,96.3,58.4,1.0,0.1,4.3,No,Yes,Middle,1.0,Yes,Salle 30,173.0
Female,23.0,Informatique,4,87.6,12.0,60.4,61.6,39.9,0.0,2.1,10.2,Yes,No,High,1.0,Yes,Salle 11,230.0
Male,20.0,Electrique,2,64.3,36.0,30.4,63.9,50.1,2.0,2.0,21.6,No,No,Middle,2.0,Yes,Salle 10,185.0
Male,21.0,Energetique,3,90.5,10.0,80.0,65.6,69.9,2.0,2.3,20.6,Yes,No,Low,3.0,Yes,Salle 25,104.0
Other,23.0,Informatique,2,57.5,42.0,89.1,65.7,51.1,1.0,1.9,7.2,No,No,High,0.0,Yes,Salle 10,298.0
Male,23.0,Telecom,3,88.7,11.0,61.4,73.2,76.6,1.0,0.3,10.8,Yes,No,Middle,0.0,Yes,Salle 25,154.0
Female,23.0,Informatique,4,80.4,20.0,61.7,86.5,51.6,2.0,0.4,0.3,Yes,No,Middle,1.0,Yes,Salle 9,230.0
Male,22.0,Mecanique,4,92.5,8.0,67.2,85.1,65.1,2.0,0.8,4.2,No,No,Middle,1.0,No,Salle 26,178.0
Male,23.0,Informatique,4,75.4,25.0,61.1,87.3,53.9,0.0,0.4,9.0,Yes,No,Middle,1.0,Yes,Salle 22,230.0
Male,22.0,Informatique,4,65.0,35.0,33.8,77.3,88.0,2.0,0.3,10.8,Yes,No,Middle,0.0,Yes,Salle 23,230.0
Male,21.0,Telecom,3,89.7,10.0,59.4,38.3,79.0,2.0,1.4,13.7,Yes,No,High,1.0,Yes,Salle 11,154.0
Female,22.0,GenieCivil,3,77.3,23.0,77.6,96.6,93.0,1.0,2.5,11.5,Yes,No,Middle,0.0,Yes,Salle 2,185.0
Male,24.0,Energetique,5,79.4,21.0,100.0,49.5,67.4,0.0,0.4,6.9,Yes,No,Middle,1.0,No,Salle 26,40.0
Male,24.0,Informatique,1,89.5,10.0,84.2,48.9,78.5,0.0,1.4,17.5,Yes,No,Middle,1.0,Yes,Salle 30,248.0
Male,20.0,GenieCivil,1,100.0,0.0,54.4,81.3,70.5,1.0,6.8,38.9,Yes,No,Middle,0.0,Yes,Salle 26,149.0
Female,20.0,Telecom,4,82.5,18.0,84.4,48.4,91.6,2.0,0.1,6.3,Yes,Yes,High,0.0,Yes,Salle 26,121.0
Female,26.0,GenieCivil,2,67.5,32.0,42.0,64.6,51.5,0.0,0.7,11.0,Yes,No,High,3.0,No,Salle 15,177.0
Female,20.0,GenieCivil,2,80.9,19.0,73.1,39.4,77.6,0.0,1.4,11.5,Yes,No,High,1.0,Yes,Salle 26,177.0
Male,23.0,Chimie,4,93.2,7.0,67.2,90.7,47.1,2.0,1.2,5.4,No,No,Low,2.0,Yes,Salle 22,93.0
Male,22.0,Telecom,5,87.6,12.0,81.6,60.4,63.5,2.0,2.3,12.8,Yes,Yes,Low,0.0,Yes,Salle 27,60.0
Male,22.0,Energetique,3,83.4,17.0,72.0,66.1,63.5,1.0,1.0,8.4,Yes,No,Middle,1.0,Yes,Salle 22,104.0
Male,21.0,Mecanique,3,82.3,18.0,65.1,59.9,71.8,1.0,4.4,16.3,Yes,No,High,1.0,Yes,Salle 18,212.0
Female,21.0,Telecom,1,86.7,13.0,53.3,81.9,38.9,1.0,1.4,11.4,Yes,No,Low,1.0,Yes,Salle 24,121.0
Female,24.0,Energetique,3,74.0,26.0,58.4,69.7,56.7,2.0,0.1,9.1,Yes,No,Middle,1.0,Yes,Salle 12,104.0
Male,20.0,Mecanique,2,50.8,49.0,82.5,24.5,83.9,2.0,2.0,8.7,No,Yes,Middle,3.0,Yes,Salle 25,231.0
Male,21.0,Chimie,3,95.9,4.0,67.9,64.6,90.8,1.0,0.2,9.6,Yes,No,Middle,1.0,No,Salle 8,130.0
Female,17.0,GenieCivil,5,82.2,38.0,56.3,72.5,51.6,2.0,0.1,7.1,No,No,Middle,0.0,Yes,Salle 8,70.0
Male,20.0,Informatique,4,74.8,25.0,62.3,39.5,66.6,1.0,0.2,8.7,No,No,Middle,0.0,Yes,Salle 25,230.0
Male,22.0,Telecom,4,94.6,5.0,52.2,30.9,47.2,2.0,1.2,17.9,Yes,Yes,High,2.0,Yes,Salle 13,121.0
Female,21.0,Telecom,3,81.1,19.0,62.9,64.7,100.0,0.0,0.0,11.5,Yes,No,High,1.0,Yes,Salle 3,154.0
Female,22.0,GenieCivil,2,85.3,15.0,73.8,61.6,81.7,1.0,2.2,14.8,Yes,No,Middle,1.0,No,Salle 28,177.0
Male,20.0,Chimie,2,98.1,2.0,63.1,88.9,49.9,1.0,0.9,11.9,No,No,Middle,0.0,Yes,Salle 15,119.0
Female,19.0,GenieCivil,3,89.6,10.0,84.0,51.7,72.2,2.0,0.4,0.7,Yes,No,Middle,2.0,Yes,Salle 12,185.0
Female,22.0,Informatique,4,82.2,33.0,65.1,26.8,54.0,1.0,3.3,11.5,No,No,Middle,1.0,Yes,Salle 26,230.0
Male,24.0,Mecanique,2,98.4,2.0,75.7,92.0,66.3,0.0,3.4,18.1,Yes,No,Middle,1.0,No,Salle 29,231.0
Male,21.0,Telecom,3,78.8,21.0,36.1,54.2,60.7,0.0,1.4,17.6,Yes,No,Middle,0.0,No,Salle 23,154.0
Male,21.0,GenieCivil,5,90.6,9.0,40.0,90.4,46.8,0.0,1.4,11.5,Yes,No,Low,1.0,Yes,Salle 11,70.0
Female,23.0,GenieCivil,4,100.0,0.0,68.8,67.2,33.3,1.0,1.0,7.0,No,Yes,Middle,0.0,Yes,Salle 13,173.0
Male,22.0,Informatique,3,85.5,14.0,44.2,84.6,14.9,1.0,1.1,3.7,Yes,No,High,1.0,Yes,Salle 28,263.0
Male,25.0,Telecom,1,88.7,11.0,70.4,60.0,87.2,0.0,1.4,9.2,Yes,No,High,0.0,No,Salle 9,121.0
Male,22.0,GenieCivil,3,63.4,37.0,56.6,69.0,54.4,2.0,1.0,5.9,No,No,High,1.0,No,Salle 9,185.0
Female,22.0,Electrique,2,81.1,19.0,59.1,73.5,76.8,2.0,1.4,12.8,Yes,Yes,Middle,1.0,No,Salle 28,185.0
Female,23.0,Mecanique,3,60.6,39.0,76.4,52.4,37.4,0.0,0.7,5.4,No,No,Low,0.0,Yes,Salle 11,212.0
Female,25.0,Informatique,3,91.5,8.0,33.5,68.4,44.3,0.0,0.2,11.8,No,Yes,Middle,1.0,Yes,Salle 28,263.0
Male,22.0,Electrique,2,76.4,24.0,77.6,100.0,100.0,2.0,2.3,20.4,No,No,Middle,1.0,Yes,Salle 1,185.0
Female,22.0,Mecanique,2,81.6,18.0,46.8,69.7,70.0,2.0,0.7,4.0,No,No,Low,2.0,No,Salle 4,231.0
Male,21.0,Electrique,3,80.2,20.0,86.1,100.0,99.1,2.0,0.1,0.0,Yes,No,High,1.0,Yes,Salle 14,188.0
Male,19.0,Informatique,4,96.0,4.0,82.5,74.7,67.0,0.0,2.4,11.5,Yes,No,Middle,1.0,Yes,Salle 8,230.0
Male,21.0,Mecanique,3,83.7,16.0,58.9,35.8,71.0,2.0,1.7,4.0,No,No,Middle,1.0,No,Salle 26,212.0
Male,22.0,Chimie,2,75.7,24.0,64.5,80.2,65.6,0.0,0.4,10.2,No,No,Middle,2.0,Yes,Salle 9,119.0
Male,24.0,Mecanique,1,88.2,12.0,83.2,75.0,90.0,1.0,3.0,16.0,Yes,No,Low,1.0,Yes,Salle 26,186.0
Female,24.0,Energetique,4,85.6,14.0,65.1,89.9,44.9,1.0,2.8,16.9,Yes,No,Middle,0.0,No,Salle 9,70.0
Male,24.0,GenieCivil,2,73.9,26.0,73.5,19.1,89.0,1.0,5.8,28.1,No,No,High,3.0,No,Salle 26,177.0
Male,19.0,GenieCivil,1,85.6,14.0,71.5,73.8,62.2,0.0,0.6,4.0,No,Yes,Middle,5.0,Yes,Salle 8,149.0
Male,23.0,Mecanique,1,83.4,17.0,64.7,46.1,41.1,1.0,0.9,6.4,No,No,Middle,1.0,Yes,Salle 5,186.0
Male,24.0,Electrique,1,80.7,19.0,61.5,50.1,52.3,2.0,1.4,1.1,Yes,No,High,1.0,No,Salle 22,143.0
Female,19.0,Informatique,4,79.3,21.0,75.4,26.9,76.1,1.0,1.2,11.5,Yes,No,Middle,1.0,Yes,Salle 4,230.0
Male,21.0,Informatique,1,72.2,28.0,66.4,70.9,49.0,0.0,4.2,28.7,Yes,No,Low,3.0,Yes,Salle 29,248.0
Male,24.0,GenieCivil,4,72.4,28.0,47.5,31.7,49.6,2.0,0.2,11.0,No,Yes,Middle,0.0,Yes,Salle 2,173.0
Female,22.0,Telecom,3,68.2,32.0,74.8,78.9,64.8,0.0,1.5,12.9,Yes,No,Middle,1.0,Yes,Salle 29,154.0
Female,26.0,GenieCivil,2,74.0,26.0,47.9,67.5,79.0,0.0,1.9,9.2,Yes,No,Middle,2.0,Yes,Salle 21,177.0
Male,22.0,GenieCivil,1,73.1,27.0,82.1,41.9,63.5,3.0,0.7,8.0,Yes,No,Middle,3.0,Yes,Salle 10,149.0
Male,22.0,Chimie,1,77.4,23.0,56.6,77.3,86.2,1.0,1.1,9.8,Yes,No,Middle,2.0,Yes,Salle 22,96.0
Female,25.0,Telecom,5,98.5,2.0,60.7,88.0,63.5,1.0,1.0,9.6,Yes,No,Low,2.0,Yes,Salle 26,60.0
Female,18.0,Mecanique,1,98.6,1.0,57.1,75.7,66.5,0.0,0.2,8.8,Yes,No,Low,4.0,Yes,Salle 4,186.0
Female,22.0,Informatique,1,90.1,10.0,70.8,65.6,79.8,1.0,1.4,8.2,No,No,Middle,2.0,Yes,Salle 9,248.0
Male,21.0,Electrique,2,93.1,7.0,75.0,82.7,50.9,1.0,4.1,21.4,No,Yes,Low,0.0,No,Salle 22,185.0
Female,19.0,Electrique,4,98.9,1.0,83.3,75.8,81.1,2.0,0.4,8.3,No,No,Middle,2.0,No,Salle 13,157.0
Female,18.0,Telecom,1,64.0,36.0,65.1,41.8,26.8,1.0,1.1,8.2,No,No,Middle,0.0,Yes,Salle 12,121.0
Male,27.0,Electrique,2,64.4,36.0,66.6,50.0,94.1,0.0,0.9,8.6,No,No,Middle,0.0,Yes,Salle 25,185.0
Female,21.0,GenieCivil,1,82.7,17.0,52.8,89.3,100.0,1.0,1.7,10.2,Yes,Yes,Middle,2.0,No,Salle 5,149.0
Female,24.0,Energetique,4,71.4,29.0,65.1,59.9,80.8,1.0,1.2,12.9,Yes,No,High,1.0,No,Salle 26,70.0
Female,19.0,Telecom,1,84.0,16.0,52.8,70.7,76.2,2.0,1.2,16.6,No,No,Middle,1.0,Yes,Salle 3,121.0
Female,19.0,Energetique,1,96.3,4.0,76.8,88.0,51.6,3.0,4.3,21.7,Yes,No,Middle,0.0,Yes,Salle 10,83.0
Male,21.0,Informatique,1,67.9,32.0,94.2,50.0,47.5,0.0,1.5,7.3,Yes,No,Low,0.0,Yes,Salle 29,248.0
Male,21.0,GenieCivil,1,90.1,10.0,62.5,75.7,6.2,2.0,1.0,5.8,No,No,Middle,1.0,Yes,Salle 30,149.0
Male,22.0,Chimie,2,100.0,0.0,58.4,54.8,89.0,1.0,4.7,24.8,Yes,No,Middle,2.0,No,Salle 3,119.0
Male,24.0,Informatique,3,82.2,24.0,62.1,25.1,75.7,1.0,1.4,11.1,Yes,No,Middle,1.0,Yes,Salle 21,263.0
Male,25.0,Mecanique,2,62.2,38.0,67.4,43.4,83.8,1.0,0.4,10.3,Yes,No,Middle,0.0,Yes,Salle 23,231.0
Male,21.0,Informatique,4,95.3,5.0,83.7,95.5,64.7,1.0,1.1,11.6,Yes,No,Middle,3.0,Yes,Salle 2,230.0
Female,20.0,Mecanique,2,76.5,24.0,54.3,72.0,63.5,4.0,1.5,8.1,Yes,No,Middle,1.0,Yes,Salle 15,231.0
Male,19.0,Mecanique,1,84.0,16.0,82.6,60.4,80.0,3.0,1.4,31.5,Yes,No,Low,0.0,Yes,Salle 20,186.0
Male,24.0,Telecom,2,86.8,13.0,59.4,78.1,46.5,2.0,1.1,12.4,No,No,Middle,1.0,Yes,Salle 10,161.0
Female,25.0,Telecom,5,100.0,0.0,60.2,33.4,63.0,4.0,0.4,0.7,No,No,High,0.0,Yes,Salle 24,60.0
Female,23.0,Energetique,3,100.0,0.0,63.4,62.1,60.5,0.0,0.9,11.0,No,No,Middle,0.0,Yes,Salle 8,104.0
Male,23.0,Mecanique,3,90.0,10.0,65.1,45.5,51.3,1.0,5.2,25.3,Yes,No,Low,1.0,Yes,Salle 1,212.0
Female,21.0,Electrique,3,72.4,28.0,51.6,71.0,83.1,0.0,0.8,9.7,No,Yes,Low,0.0,Yes,Salle 18,188.0
Female,24.0,Mecanique,3,79.1,21.0,100.0,68.2,37.3,1.0,0.7,9.9,Yes,No,Middle,1.0,No,Salle 20,212.0
Female,22.0,GenieCivil,2,73.0,27.0,49.1,64.7,86.2,2.0,10.8,49.8,Yes,No,Middle,1.0,Yes,Salle 13,177.0
Other,23.0,Chimie,4,79.2,21.0,86.7,52.8,69.2,1.0,1.4,10.6,No,Yes,Middle,1.0,Yes,Salle 22,93.0
Female,20.0,GenieCivil,4,81.1,19.0,65.1,48.0,51.2,3.0,1.4,9.8,Yes,No,Low,2.0,No,Salle 9,173.0
Male,26.0,Electrique,2,82.2,7.0,71.2,78.7,37.2,3.0,1.1,14.0,Yes,No,Low,2.0,Yes,Salle 25,185.0
Male,22.0,Telecom,4,82.2,14.0,55.3,75.4,57.0,0.0,0.9,1.2,No,No,Middle,1.0,Yes,Salle 14,177.0
Female,23.0,Informatique,2,96.2,4.0,57.6,42.0,21.1,0.0,7.2,30.9,No,No,High,3.0,Yes,Salle 10,298.0
Female,21.0,Electrique,2,79.3,21.0,66.7,87.6,54.2,3.0,0.1,0.0,Yes,No,Middle,1.0,Yes,Salle 11,185.0
Female,24.0,Telecom,4,91.0,9.0,61.8,71.9,35.0,1.0,0.8,6.4,Yes,Yes,Low,2.0,Yes,Salle 18,121.0
Male,22.0,Informatique,2,82.2,18.0,74.0,67.1,31.7,1.0,0.4,9.7,Yes,No,Middle,1.0,Yes,Salle 4,298.0
Female,21.0,Telecom,1,79.9,20.0,80.5,60.9,31.7,1.0,5.1,22.4,Yes,No,Middle,1.0,Yes,Salle 1,121.0
Male,25.0,Informatique,3,75.2,25.0,75.4,25.1,63.5,1.0,2.5,10.9,Yes,No,High,1.0,No,Salle 1,263.0
Male,23.0,Mecanique,2,92.5,8.0,43.8,53.3,41.1,1.0,1.0,8.4,No,No,Low,1.0,Yes,Salle 4,231.0
Female,25.0,Chimie,3,73.3,27.0,61.1,45.4,88.5,1.0,5.2,26.4,No,No,High,2.0,No,Salle 21,130.0
Male,20.0,Mecanique,1,62.6,37.0,42.1,58.3,100.0,0.0,0.3,4.4,No,No,Middle,1.0,Yes,Salle 2,186.0
Female,20.0,Energetique,4,84.1,16.0,59.0,39.9,23.8,0.0,0.3,9.0,No,No,High,2.0,Yes,Salle 18,70.0
Male,18.0,Informatique,2,66.4,34.0,67.1,61.5,39.5,1.0,3.1,18.5,Yes,No,Middle,3.0,No,Salle 11,298.0
Female,22.0,Telecom,2,92.6,7.0,51.0,96.8,65.8,0.0,1.8,7.6,Yes,No,High,0.0,Yes,Salle 1,161.0
Other,24.0,Informatique,4,99.4,1.0,58.8,63.7,79.4,2.0,4.8,11.5,Yes,No,Middle,1.0,Yes,Salle 9,230.0
Male,21.0,Informatique,2,81.8,18.0,83.6,55.8,85.2,0.0,0.9,9.4,No,No,Low,1.0,Yes,Salle 11,298.0
Male,23.0,Mecanique,2,84.2,16.0,64.1,61.6,78.9,2.0,2.5,10.0,Yes,No,Middle,1.0,No,Salle 12,231.0
Male,24.0,Informatique,3,85.8,14.0,84.6,66.4,39.7,0.0,0.2,9.0,Yes,Yes,Low,1.0,No,Salle 14,263.0
Male,22.0,Chimie,3,80.7,19.0,47.6,100.0,51.9,1.0,2.8,11.5,Yes,No,Low,1.0,No,Salle 10,130.0
Male,25.0,Mecanique,3,85.4,15.0,67.7,52.4,59.4,2.0,1.4,6.4,Yes,No,Middle,1.0,Yes,Salle 27,212.0
Female,23.0,Telecom,1,70.8,29.0,73.1,60.6,84.7,3.0,2.6,17.6,No,No,Low,2.0,Yes,Salle 9,121.0
Female,22.0,Electrique,3,92.5,8.0,40.8,84.7,70.8,1.0,0.5,13.2,No,No,Low,4.0,No,Salle 19,188.0
Female,22.0,Chimie,2,84.7,15.0,70.6,54.2,69.4,1.0,0.1,7.4,No,No,Middle,1.0,Yes,Salle 4,119.0
Male,20.0,Mecanique,2,79.3,21.0,62.5,54.6,46.1,1.0,2.5,16.2,No,No,Middle,1.0,Yes,Salle 16,231.0
Female,24.0,Mecanique,4,70.0,30.0,68.8,49.8,77.8,1.0,1.7,12.5,Yes,No,Middle,0.0,Yes,Salle 5,178.0
Male,17.0,Electrique,5,75.7,24.0,74.9,96.2,36.1,1.0,0.8,0.8,No,No,Middle,0.0,Yes,Salle 18,80.0
Male,20.0,GenieCivil,1,77.3,23.0,59.0,65.4,79.6,1.0,0.2,0.0,Yes,No,Middle,7.0,Yes,Salle 26,149.0
Male,22.0,GenieCivil,2,94.9,5.0,82.0,41.6,57.2,2.0,1.0,6.3,Yes,No,Low,1.0,No,Salle 13,177.0
Female,22.0,Mecanique,4,92.2,8.0,79.9,39.5,80.5,1.0,2.4,15.7,No,No,Middle,1.0,Yes,Salle 17,178.0
Female,19.0,Informatique,2,86.7,13.0,72.9,85.0,41.1,2.0,2.7,15.0,No,No,Low,0.0,Yes,Salle 27,298.0
Female,22.0,Chimie,3,98.1,2.0,51.8,42.3,54.8,1.0,0.6,11.7,No,No,Middle,0.0,No,Salle 12,130.0
Male,20.0,Energetique,4,85.8,14.0,68.1,64.3,33.3,1.0,1.4,11.8,Yes,No,Middle,2.0,No,Salle 18,70.0
Male,21.0,Mecanique,2,85.6,14.0,84.5,69.3,51.8,2.0,0.4,2.9,Yes,No,Low,1.0,Yes,Salle 20,231.0
Male,24.0,Informatique,2,68.4,32.0,78.1,53.8,69.9,2.0,0.1,7.8,No,No,Middle,0.0,No,Salle 23,298.0
Female,21.0,Electrique,5,62.5,38.0,51.6,76.9,47.2,2.0,1.3,12.9,No,No,Middle,2.0,No,Salle 17,80.0
Male,21.0,Informatique,2,53.8,46.0,71.3,87.9,83.8,2.0,2.6,18.7,Yes,Yes,Middle,0.0,No,Salle 22,298.0
Male,21.0,Electrique,3,82.2,18.0,74.6,47.0,90.7,1.0,1.3,11.5,Yes,No,Middle,0.0,Yes,Salle 20,188.0
Male,21.0,Informatique,4,70.4,30.0,69.5,46.5,48.8,5.0,1.4,11.5,Yes,No,Middle,1.0,No,Salle 17,230.0
Female,21.0,Electrique,4,83.8,16.0,57.0,59.4,56.5,2.0,1.9,14.3,Yes,Yes,Middle,1.0,Yes,Salle 6,157.0
Male,23.0,Telecom,4,62.9,37.0,73.8,71.2,27.8,0.0,1.0,6.7,Yes,No,Middle,1.0,Yes,Salle 24,121.0
Male,22.0,GenieCivil,3,68.9,31.0,41.2,32.5,32.4,2.0,1.4,9.5,No,No,Middle,1.0,Yes,Salle 27,185.0
Male,21.0,Telecom,3,100.0,0.0,76.2,94.7,44.2,2.0,0.6,5.6,Yes,No,Low,3.0,No,Salle 26,154.0
Male,20.0,Mecanique,3,89.5,10.0,58.0,54.5,77.5,1.0,2.9,15.0,No,No,Low,0.0,Yes,Salle 12,212.0
Male,23.0,Mecanique,2,48.9,51.0,65.1,82.1,87.2,1.0,0.6,7.2,No,No,Middle,1.0,Yes,Salle 17,231.0
Female,23.0,Informatique,3,83.4,17.0,59.8,91.4,48.0,1.0,1.4,4.5,Yes,No,Low,1.0,Yes,Salle 1,263.0
Male,24.0,Informatique,5,84.7,15.0,80.1,35.4,41.5,1.0,1.2,13.8,No,No,Low,3.0,Yes,Salle 16,109.0
Male,25.0,Chimie,3,82.7,17.0,63.6,65.5,94.8,0.0,0.4,11.5,Yes,No,Middle,0.0,No,Salle 11,130.0
Male,19.0,Informatique,3,66.5,34.0,39.9,29.6,69.7,1.0,2.8,16.8,No,No,Low,1.0,Yes,Salle 4,263.0
Male,21.0,Informatique,3,60.2,40.0,66.4,39.5,36.6,0.0,4.2,25.6,No,No,Middle,0.0,Yes,Salle 14,263.0
Male,23.0,Mecanique,4,88.0,12.0,54.4,39.2,57.6,1.0,5.6,23.5,Yes,No,High,1.0,No,Salle 10,178.0
Male,22.0,Telecom,1,89.8,10.0,54.2,80.2,78.9,1.0,2.7,19.6,No,No,Middle,0.0,Yes,Salle 2,121.0
Male,24.0,GenieCivil,2,77.0,23.0,65.5,60.3,80.2,0.0,3.0,22.1,Yes,No,Middle,1.0,Yes,Salle 23,177.0
Male,21.0,Electrique,1,78.8,21.0,93.1,70.5,90.3,3.0,2.3,16.6,No,Yes,Low,1.0,No,Salle 2,143.0
Male,18.0,Electrique,3,70.4,30.0,69.0,23.3,54.6,1.0,1.4,13.1,Yes,No,High,1.0,Yes,Salle 29,188.0
Male,20.0,Informatique,2,71.4,29.0,87.5,64.6,77.8,1.0,3.9,27.6,Yes,No,Middle,1.0,No,Salle 10,298.0
Male,25.0,Chimie,4,75.4,25.0,65.0,53.1,63.5,1.0,1.4,1.7,No,No,Middle,1.0,Yes,Salle 26,93.0
Female,19.0,Energetique,3,66.3,34.0,71.7,81.7,43.0,3.0,0.4,6.6,Yes,Yes,Middle,1.0,No,Salle 14,104.0
Male,24.0,Informatique,1,66.6,33.0,65.1,67.3,61.1,0.0,0.3,0.0,No,Yes,Middle,0.0,Yes,Salle 30,248.0
Male,18.0,GenieCivil,1,80.0,20.0,60.3,61.6,61.1,3.0,0.4,11.5,Yes,No,Middle,1.0,No,Salle 11,149.0
Male,24.0,GenieCivil,3,85.7,14.0,62.5,67.2,60.8,1.0,4.8,18.3,Yes,No,Middle,6.0,Yes,Salle 20,185.0
Male,24.0,Telecom,5,85.1,15.0,69.0,47.8,73.3,1.0,1.4,16.8,Yes,No,Low,1.0,Yes,Salle 1,60.0
Female,18.0,Telecom,4,54.5,46.0,34.7,66.7,58.9,1.0,0.7,9.3,Yes,No,Middle,2.0,Yes,Salle 5,121.0
Female,24.0,Mecanique,3,92.6,7.0,55.9,51.3,26.4,2.0,3.5,11.5,Yes,No,Middle,2.0,Yes,Salle 30,212.0
Female,21.0,Informatique,2,100.0,0.0,40.9,23.2,50.5,2.0,1.4,16.1,Yes,Yes,Middle,2.0,No,Salle 12,298.0
Female,23.0,GenieCivil,3,97.5,2.0,59.9,71.4,77.6,1.0,2.8,23.1,No,No,Middle,2.0,No,Salle 21,185.0
Other,19.0,Electrique,1,68.4,32.0,62.8,66.9,28.0,0.0,2.3,11.7,Yes,Yes,Low,0.0,Yes,Salle 19,143.0
Male,23.0,Chimie,2,84.5,16.0,88.6,61.9,73.1,1.0,6.2,33.0,No,No,Low,2.0,No,Salle 16,119.0
Male,24.0,Telecom,3,80.9,19.0,55.9,53.8,80.7,1.0,0.6,16.5,Yes,No,Middle,0.0,Yes,Salle 1,154.0
Female,23.0,Mecanique,3,80.7,19.0,62.2,67.9,100.0,0.0,0.3,11.5,No,Yes,Low,1.0,Yes,Salle 3,212.0
Female,19.0,Electrique,3,79.6,20.0,65.1,52.9,62.6,2.0,4.1,29.9,Yes,No,Middle,0.0,Yes,Salle 8,188.0
Male,23.0,Telecom,2,59.5,40.0,79.2,41.4,75.7,2.0,1.0,14.0,Yes,No,Middle,3.0,No,Salle 26,161.0
Male,20.0,Informatique,3,89.7,10.0,80.9,56.1,61.8,1.0,1.4,13.0,Yes,Yes,Middle,0.0,Yes,Salle 28,263.0
Female,23.0,GenieCivil,3,72.0,28.0,91.9,46.2,65.0,0.0,3.6,19.4,No,No,High,1.0,No,Salle 12,185.0
Male,22.0,Mecanique,2,97.5,2.0,54.5,85.8,54.5,1.0,0.6,3.9,Yes,No,Middle,0.0,Yes,Salle 26,231.0
Male,22.0,Mecanique,2,84.9,15.0,44.3,65.1,46.8,2.0,0.6,7.7,Yes,No,Middle,2.0,No,Salle 13,231.0
Female,18.0,Energetique,2,90.7,9.0,55.0,52.5,63.3,1.0,0.4,11.5,Yes,No,Middle,0.0,Yes,Salle 26,71.0
Male,21.0,GenieCivil,3,77.4,23.0,57.8,68.9,58.6,1.0,1.6,11.8,Yes,No,Low,0.0,Yes,Salle 14,185.0
Male,23.0,GenieCivil,3,71.1,29.0,59.3,46.2,37.3,0.0,5.0,18.3,No,No,High,1.0,Yes,Salle 15,185.0
Female,26.0,Mecanique,1,94.0,6.0,94.6,46.7,76.4,0.0,0.6,6.7,No,No,Middle,1.0,No,Salle 4,186.0
Male,24.0,Informatique,4,82.2,33.0,85.0,45.5,57.6,2.0,4.2,16.9,Yes,No,Middle,1.0,No,Salle 3,230.0
Female,21.0,GenieCivil,1,96.6,3.0,71.5,55.0,40.1,1.0,0.6,10.0,No,Yes,Middle,0.0,Yes,Salle 4,149.0
Male,21.0,Telecom,3,59.1,41.0,84.7,62.7,61.0,0.0,1.0,6.2,Yes,No,Low,0.0,No,Salle 4,154.0
Male,20.0,Mecanique,4,83.2,17.0,53.6,44.9,63.6,2.0,1.4,14.1,Yes,No,Low,1.0,No,Salle 28,178.0
Male,24.0,Energetique,1,90.2,10.0,71.6,67.6,56.1,1.0,1.1,6.8,Yes,No,Middle,1.0,Yes,Salle 14,83.0
Female,20.0,Mecanique,2,83.7,16.0,81.6,73.0,51.3,2.0,5.3,25.3,Yes,No,Middle,1.0,Yes,Salle 21,231.0
Male,23.0,Energetique,1,83.3,17.0,65.1,47.3,77.6,0.0,9.7,41.0,Yes,No,Low,1.0,Yes,Salle 3,83.0
Male,18.0,GenieCivil,1,69.9,30.0,47.9,87.3,78.2,1.0,1.3,9.4,Yes,Yes,Middle,2.0,Yes,Salle 9,149.0
Female,22.0,Informatique,3,75.4,25.0,81.1,70.6,26.9,1.0,6.0,31.5,Yes,Yes,Middle,1.0,Yes,Salle 26,263.0
Female,21.0,Electrique,1,73.3,27.0,95.0,62.4,61.3,0.0,3.9,11.5,No,No,Middle,1.0,Yes,Salle 3,143.0
Female,23.0,Electrique,1,70.6,29.0,62.5,72.3,89.3,3.0,2.1,12.3,Yes,No,Middle,0.0,Yes,Salle 6,143.0
Male,21.0,Mecanique,3,89.1,11.0,50.4,60.5,27.2,1.0,0.6,6.7,Yes,No,Middle,1.0,Yes,Salle 9,212.0
Female,21.0,GenieCivil,5,82.9,17.0,44.0,76.6,63.9,3.0,2.1,10.5,No,No,Middle,2.0,No,Salle 24,70.0
Male,21.0,Chimie,2,88.4,12.0,67.3,32.9,56.6,2.0,3.7,18.3,No,No,High,1.0,Yes,Salle 13,119.0
Male,25.0,Chimie,1,70.7,29.0,44.8,47.6,99.6,0.0,1.5,12.6,Yes,No,Middle,2.0,Yes,Salle 27,96.0
Male,25.0,Electrique,3,80.1,20.0,82.4,74.7,48.9,1.0,0.1,8.1,Yes,No,Middle,1.0,Yes,Salle 11,188.0
Male,24.0,Energetique,5,99.7,0.0,36.4,73.1,44.1,1.0,0.2,12.5,Yes,Yes,High,0.0,No,Salle 3,40.0
Male,21.0,Electrique,4,98.2,2.0,67.4,47.6,100.0,0.0,1.4,5.7,Yes,No,Middle,0.0,Yes,Salle 5,157.0
Male,25.0,Electrique,2,82.2,0.0,62.8,66.4,74.1,0.0,0.3,7.3,No,No,High,0.0,Yes,Salle 17,185.0
Male,22.0,Electrique,4,100.0,0.0,64.8,80.0,79.6,0.0,2.2,17.0,Yes,No,Middle,2.0,Yes,Salle 24,157.0
Male,22.0,Chimie,4,93.4,7.0,86.3,78.2,61.8,3.0,0.5,0.0,Yes,No,Middle,1.0,Yes,Salle 16,93.0
Male,20.0,Telecom,2,100.0,0.0,41.6,44.6,70.4,2.0,0.8,4.8,No,No,Middle,1.0,Yes,Salle 18,161.0
Male,18.0,Electrique,1,76.1,24.0,59.2,36.7,78.8,1.0,3.9,27.2,Yes,No,Middle,2.0,Yes,Salle 29,143.0
Male,25.0,Mecanique,5,83.8,16.0,76.6,56.4,62.7,0.0,2.5,11.9,Yes,No,Middle,3.0,No,Salle 3,67.0
Female,21.0,GenieCivil,3,85.9,14.0,77.9,65.4,91.9,2.0,0.4,3.8,No,No,Middle,1.0,No,Salle 29,185.0
Male,21.0,Mecanique,4,99.2,1.0,65.1,49.3,76.2,0.0,0.1,6.4,Yes,No,High,2.0,No,Salle 13,178.0
Male,25.0,Energetique,2,75.6,24.0,76.4,67.8,53.5,0.0,2.6,17.2,Yes,No,Low,0.0,Yes,Salle 19,71.0
Female,20.0,GenieCivil,1,72.3,28.0,66.5,53.2,88.0,3.0,3.3,16.1,No,Yes,Middle,1.0,Yes,Salle 26,149.0
Other,22.0,Electrique,3,66.4,34.0,100.0,87.2,66.4,0.0,1.7,9.7,Yes,No,Low,0.0,Yes,Salle 20,188.0
Female,22.0,GenieCivil,2,83.7,16.0,64.4,30.2,77.1,1.0,9.0,11.5,Yes,No,Middle,0.0,No,Salle 26,177.0
Female,24.0,Informatique,5,94.0,6.0,59.1,46.2,90.4,0.0,5.0,31.4,Yes,No,Middle,2.0,Yes,Salle 27,109.0
Male,21.0,Mecanique,2,91.9,8.0,79.7,55.9,96.7,2.0,5.1,32.1,Yes,No,Middle,2.0,Yes,Salle 15,231.0
Male,22.0,Electrique,2,76.8,23.0,65.7,70.1,63.5,3.0,4.4,21.0,Yes,No,Middle,1.0,Yes,Salle 24,185.0
Female,19.0,Chimie,4,75.4,25.0,80.7,48.0,62.7,1.0,0.5,5.2,No,No,Middle,1.0,Yes,Salle 8,93.0
Male,19.0,Informatique,5,84.3,16.0,52.8,41.7,39.4,0.0,1.1,8.3,No,No,Middle,1.0,Yes,Salle 8,109.0
Female,21.0,Mecanique,2,70.9,29.0,57.5,84.7,63.5,0.0,2.5,11.5,No,No,Middle,1.0,Yes,Salle 23,231.0
Male,23.0,Telecom,2,86.9,13.0,65.5,60.2,94.0,1.0,1.2,16.6,Yes,No,Middle,1.0,Yes,Salle 19,161.0
Female,23.0,Electrique,3,98.9,1.0,69.1,69.8,86.1,1.0,0.8,9.8,Yes,No,Low,3.0,No,Salle 1,188.0
Male,19.0,Informatique,4,80.9,19.0,79.1,56.4,57.5,1.0,0.3,7.3,Yes,No,Middle,1.0,Yes,Salle 21,230.0
Female,24.0,Telecom,1,83.8,16.0,73.4,73.0,41.3,1.0,1.9,18.2,No,No,Middle,2.0,Yes,Salle 22,121.0
Female,21.0,Telecom,2,99.5,0.0,36.7,61.6,70.1,1.0,3.4,25.1,No,No,Middle,1.0,No,Salle 1,161.0
Female,21.0,Mecanique,1,74.7,25.0,59.1,38.7,57.3,1.0,0.6,5.2,Yes,No,High,2.0,Yes,Salle 12,186.0
Male,22.0,Mecanique,3,83.2,17.0,75.1,88.5,67.4,1.0,4.6,18.6,No,No,Middle,1.0,Yes,Salle 23,212.0
Male,21.0,GenieCivil,1,63.4,37.0,65.1,34.7,94.0,1.0,0.7,13.6,Yes,No,Middle,0.0,No,Salle 2,149.0
Male,22.0,Telecom,2,84.4,16.0,84.9,35.9,53.8,2.0,0.1,3.9,Yes,No,Middle,2.0,No,Salle 30,161.0
Female,21.0,Electrique,3,75.4,25.0,64.0,72.3,53.3,2.0,0.5,0.3,No,No,High,1.0,No,Salle 16,188.0
Male,21.0,Telecom,2,56.1,44.0,83.3,47.9,51.8,0.0,1.1,13.0,Yes,No,Low,1.0,No,Salle 2,161.0
Male,25.0,Mecanique,3,82.2,10.0,65.1,64.1,28.8,1.0,0.2,8.4,No,No,Middle,1.0,Yes,Salle 15,212.0
Female,17.0,Energetique,3,79.2,21.0,85.4,40.0,65.2,1.0,0.5,13.5,Yes,No,Middle,2.0,Yes,Salle 17,104.0
Male,22.0,Informatique,2,93.8,6.0,56.4,59.8,61.6,0.0,1.0,11.0,Yes,No,Middle,1.0,No,Salle 16,298.0
Male,23.0,GenieCivil,1,92.4,8.0,65.1,66.9,63.7,1.0,1.1,11.1,Yes,No,Middle,1.0,No,Salle 29,149.0
Female,22.0,GenieCivil,1,80.3,20.0,63.2,74.7,61.3,1.0,4.2,23.5,Yes,No,High,1.0,Yes,Salle 25,149.0
Male,26.0,Energetique,1,63.1,37.0,59.2,81.2,79.8,1.0,0.7,17.0,Yes,No,Low,1.0,Yes,Salle 17,83.0
Male,24.0,Telecom,5,91.0,9.0,57.3,91.1,63.5,1.0,0.9,10.3,Yes,No,Middle,3.0,Yes,Salle 4,60.0
Female,25.0,Telecom,4,88.9,11.0,63.0,71.3,62.4,3.0,1.4,8.8,Yes,No,High,2.0,Yes,Salle 26,121.0
Female,25.0,GenieCivil,4,94.3,6.0,56.5,39.0,53.5,0.0,1.1,1.3,Yes,No,Low,1.0,Yes,Salle 14,173.0
Female,23.0,Electrique,1,98.8,1.0,83.1,64.1,32.1,2.0,2.2,14.2,Yes,No,Low,0.0,No,Salle 4,143.0
Female,20.0,GenieCivil,5,69.1,31.0,100.0,52.7,62.1,3.0,0.2,11.3,Yes,No,Middle,1.0,No,Salle 12,70.0
Female,23.0,Informatique,3,100.0,0.0,56.8,49.4,42.3,2.0,1.4,7.1,No,No,Middle,1.0,Yes,Salle 22,263.0
Male,19.0,Chimie,1,65.9,34.0,58.0,49.6,82.7,0.0,0.3,3.4,Yes,No,Middle,3.0,Yes,Salle 11,96.0
Female,20.0,Electrique,5,88.9,11.0,49.4,51.9,85.2,0.0,0.8,8.1,No,Yes,Middle,1.0,No,Salle 2,80.0
Female,22.0,Informatique,2,63.9,36.0,62.6,78.7,30.5,0.0,2.7,11.5,No,No,High,3.0,Yes,Salle 10,298.0
Female,23.0,GenieCivil,2,89.9,10.0,53.4,60.2,46.1,3.0,0.2,6.1,No,No,Low,1.0,Yes,Salle 14,177.0
Male,25.0,Informatique,4,63.6,36.0,64.5,73.2,66.2,1.0,1.6,10.2,Yes,No,High,1.0,Yes,Salle 9,230.0
Male,22.0,Mecanique,2,85.2,15.0,61.2,82.0,25.2,0.0,0.9,11.5,Yes,No,Middle,0.0,Yes,Salle 5,231.0
Male,21.0,Informatique,1,75.1,25.0,76.8,54.7,55.9,1.0,1.0,0.8,Yes,Yes,Middle,1.0,Yes,Salle 26,248.0
Female,22.0,Mecanique,2,97.3,3.0,77.0,60.5,50.1,1.0,0.2,10.0,Yes,Yes,High,1.0,No,Salle 19,231.0
Male,21.0,Telecom,4,94.0,6.0,60.1,72.9,46.2,0.0,2.5,8.8,No,No,Low,0.0,Yes,Salle 18,121.0
Male,25.0,Telecom,5,78.1,22.0,45.6,63.9,89.3,1.0,1.4,4.0,No,No,Middle,0.0,Yes,Salle 19,60.0
Female,21.0,Electrique,3,85.1,15.0,71.3,76.4,24.0,1.0,0.9,13.7,No,No,Middle,1.0,Yes,Salle 13,188.0
Male,24.0,Telecom,3,100.0,0.0,77.3,81.9,59.4,2.0,8.0,35.9,No,No,Low,0.0,No,Salle 3,154.0
Male,21.0,GenieCivil,3,82.2,31.0,74.0,55.4,71.8,2.0,4.0,22.6,Yes,No,Middle,2.0,No,Salle 25,185.0
Female,23.0,Informatique,2,78.3,22.0,61.2,85.9,78.8,2.0,2.1,17.0,Yes,No,Low,1.0,No,Salle 27,298.0
Female,21.0,Electrique,1,97.8,2.0,54.5,46.3,92.8,2.0,0.1,5.7,Yes,No,Middle,1.0,Yes,Salle 6,143.0
Male,23.0,GenieCivil,1,93.0,7.0,47.3,65.2,26.3,2.0,0.2,8.4,Yes,Yes,High,3.0,Yes,Salle 25,149.0
Female,20.0,Chimie,3,100.0,0.0,59.6,78.2,49.4,1.0,2.5,13.9,Yes,No,Low,0.0,No,Salle 24,130.0
Male,23.0,Chimie,4,82.2,35.0,61.6,60.1,59.4,0.0,4.2,18.6,Yes,No,High,0.0,Yes,Salle 8,93.0
Male,19.0,Electrique,2,75.4,25.0,65.7,65.2,82.0,0.0,2.7,13.9,Yes,No,Middle,1.0,Yes,Salle 26,185.0
Male,21.0,Electrique,1,86.7,13.0,59.2,70.3,100.0,4.0,2.6,19.6,No,No,Low,0.0,Yes,Salle 13,143.0
Male,22.0,Mecanique,4,80.4,20.0,68.4,63.0,61.0,2.0,4.5,24.5,Yes,No,Middle,1.0,Yes,Salle 12,178.0
Male,20.0,Telecom,3,84.1,16.0,66.9,82.3,89.0,3.0,1.9,17.6,Yes,No,Middle,1.0,Yes,Salle 3,154.0
Male,25.0,GenieCivil,1,85.4,15.0,79.7,54.5,76.6,1.0,1.6,9.5,Yes,No,Low,1.0,Yes,Salle 2,149.0
Male,18.0,Telecom,2,91.7,8.0,45.4,53.5,26.1,1.0,6.3,28.2,No,No,Middle,2.0,Yes,Salle 5,161.0
Male,19.0,Informatique,2,91.1,9.0,69.1,47.0,42.2,1.0,1.3,7.4,No,No,High,1.0,Yes,Salle 23,298.0
Male,25.0,Informatique,3,78.1,22.0,59.0,73.8,93.4,2.0,0.0,7.1,No,No,Low,0.0,Yes,Salle 3,263.0
Female,20.0,Mecanique,1,89.1,11.0,67.3,95.6,93.3,2.0,5.0,26.0,Yes,No,Low,0.0,No,Salle 30,186.0
Male,23.0,Telecom,3,92.2,8.0,81.8,76.8,95.6,0.0,1.6,9.3,Yes,No,Low,2.0,No,Salle 17,154.0
Female,23.0,Mecanique,2,87.2,13.0,70.3,46.9,97.8,0.0,2.9,10.1,Yes,No,High,3.0,Yes,Salle 7,231.0
Male,21.0,GenieCivil,3,81.8,18.0,51.1,77.1,18.4,1.0,2.4,7.0,No,No,Low,3.0,No,Salle 27,185.0
Female,20.0,Informatique,2,75.9,24.0,54.5,48.7,68.6,0.0,2.4,14.2,No,Yes,Middle,2.0,Yes,Salle 20,298.0
Male,20.0,Electrique,2,59.7,40.0,61.4,61.4,78.6,2.0,2.8,12.1,Yes,No,Middle,1.0,Yes,Salle 20,185.0
Female,21.0,Energetique,4,93.1,7.0,64.8,34.1,63.5,1.0,3.2,11.5,No,No,Middle,0.0,No,Salle 27,70.0
Male,22.0,Informatique,2,73.5,26.0,39.9,61.6,69.7,0.0,2.3,17.9,Yes,No,Middle,2.0,Yes,Salle 24,298.0
Male,25.0,Chimie,1,79.2,21.0,79.0,55.5,45.7,1.0,1.0,9.7,Yes,No,Middle,0.0,Yes,Salle 28,96.0
Male,22.0,Mecanique,1,69.0,31.0,62.7,50.2,45.0,2.0,3.2,21.5,Yes,No,High,2.0,No,Salle 16,186.0
Male,23.0,Informatique,2,98.7,1.0,47.5,76.9,20.1,3.0,2.1,13.5,Yes,Yes,High,3.0,Yes,Salle 20,298.0
Male,22.0,Informatique,2,91.2,9.0,93.7,91.0,63.5,4.0,0.9,15.2,No,No,High,1.0,No,Salle 4,298.0
Female,21.0,Telecom,3,99.3,1.0,100.0,54.2,94.6,1.0,0.7,12.3,No,No,Middle,0.0,No,Salle 19,154.0
Male,18.0,Electrique,2,66.2,34.0,80.6,61.6,63.5,2.0,0.7,11.7,Yes,No,Middle,0.0,Yes,Salle 10,185.0
Male,21.0,GenieCivil,2,92.4,8.0,65.8,52.5,80.2,1.0,1.1,4.3,Yes,No,Middle,1.0,No,Salle 4,177.0
Male,22.0,Informatique,2,92.7,7.0,66.6,61.6,59.3,0.0,1.7,11.5,Yes,No,High,1.0,No,Salle 7,298.0
Male,22.0,Mecanique,1,90.2,10.0,41.1,57.6,62.6,2.0,2.2,16.4,No,Yes,Middle,2.0,Yes,Salle 27,186.0
Male,18.0,GenieCivil,3,80.4,20.0,88.5,53.2,47.2,3.0,1.5,7.8,Yes,No,High,1.0,No,Salle 2,185.0
Male,22.0,Energetique,3,78.8,21.0,58.8,76.7,43.8,0.0,3.7,23.0,Yes,No,Low,1.0,Yes,Salle 17,104.0
Male,21.0,Informatique,1,90.7,9.0,92.9,67.3,52.8,2.0,1.4,11.7,Yes,Yes,Middle,1.0,Yes,Salle 15,248.0
Male,20.0,Informatique,3,100.0,0.0,89.2,89.5,72.6,0.0,5.1,22.0,Yes,No,Middle,0.0,Yes,Salle 11,263.0
Male,22.0,Electrique,2,95.3,5.0,50.3,74.7,100.0,2.0,0.7,7.0,Yes,No,Middle,0.0,Yes,Salle 29,185.0
Male,22.0,Mecanique,4,67.8,32.0,56.5,60.9,63.5,0.0,2.7,20.7,Yes,No,Low,1.0,Yes,Salle 28,178.0
Male,20.0,Chimie,3,79.7,20.0,85.9,50.8,89.4,1.0,1.7,13.8,Yes,No,Middle,0.0,Yes,Salle 18,130.0
Male,25.0,GenieCivil,2,71.7,28.0,65.1,40.3,79.7,0.0,3.1,14.6,Yes,No,Low,2.0,Yes,Salle 23,177.0
Male,24.0,Mecanique,3,69.0,31.0,53.9,59.7,63.5,3.0,1.4,6.5,Yes,No,Low,1.0,Yes,Salle 26,212.0
Male,25.0,Informatique,5,75.9,24.0,90.1,45.4,54.2,0.0,2.5,11.1,Yes,No,Middle,1.0,No,Salle 17,109.0
Male,23.0,Mecanique,5,100.0,0.0,53.9,44.2,56.3,1.0,0.1,3.5,No,No,Middle,0.0,Yes,Salle 7,67.0
Male,22.0,Electrique,4,89.6,10.0,65.9,50.9,68.7,1.0,3.9,17.6,Yes,No,Middle,2.0,Yes,Salle 15,157.0
Female,20.0,Mecanique,1,85.5,14.0,44.6,73.4,63.5,2.0,2.1,11.5,Yes,Yes,Middle,1.0,Yes,Salle 25,186.0
Male,22.0,Chimie,3,94.1,6.0,77.9,23.9,100.0,1.0,1.2,4.8,Yes,No,Low,1.0,No,Salle 22,130.0
Male,21.0,Informatique,1,89.5,10.0,64.0,41.8,87.4,0.0,1.3,5.4,Yes,No,Low,2.0,Yes,Salle 26,248.0
Female,24.0,GenieCivil,2,93.4,7.0,42.6,65.6,42.2,1.0,1.6,8.8,Yes,No,Low,2.0,Yes,Salle 8,177.0
Male,24.0,Chimie,3,93.2,7.0,71.6,37.3,47.5,2.0,1.4,23.3,Yes,Yes,High,1.0,No,Salle 22,130.0
Female,19.0,Chimie,2,67.6,32.0,73.6,74.8,66.2,3.0,0.4,4.0,Yes,No,Middle,1.0,Yes,Salle 10,119.0
Female,22.0,Informatique,4,81.3,19.0,69.7,38.8,63.5,1.0,0.5,3.6,No,No,Low,0.0,Yes,Salle 17,230.0
Female,18.0,Telecom,3,98.4,2.0,66.4,64.2,93.0,0.0,0.7,10.1,Yes,No,Middle,1.0,Yes,Salle 18,154.0
Male,21.0,Informatique,2,65.7,34.0,53.0,34.0,80.3,1.0,7.5,37.3,Yes,No,High,0.0,Yes,Salle 4,298.0
Male,21.0,Energetique,4,100.0,0.0,66.1,20.0,57.3,2.0,0.4,5.3,Yes,Yes,Middle,0.0,Yes,Salle 30,70.0
Female,23.0,Informatique,2,84.8,15.0,58.2,54.5,76.9,1.0,5.4,26.5,No,No,Middle,2.0,Yes,Salle 6,298.0
Male,21.0,Electrique,4,91.5,8.0,68.2,57.8,63.5,1.0,3.5,21.0,No,Yes,High,1.0,Yes,Salle 20,157.0
Male,22.0,Mecanique,5,83.8,16.0,73.5,34.5,53.2,2.0,3.8,21.0,Yes,No,Middle,1.0,No,Salle 1,67.0
Male,23.0,Telecom,2,61.1,39.0,51.9,59.0,40.6,2.0,1.5,9.8,Yes,No,Middle,2.0,Yes,Salle 22,161.0
Female,20.0,Informatique,1,81.6,18.0,66.3,92.3,31.8,3.0,4.8,25.9,Yes,No,Middle,1.0,Yes,Salle 4,248.0
Male,20.0,GenieCivil,3,75.5,24.0,49.9,55.9,76.0,0.0,2.0,13.9,Yes,No,Middle,2.0,Yes,Salle 4,185.0
Female,21.0,GenieCivil,2,69.1,31.0,71.2,75.5,66.2,4.0,0.7,7.2,Yes,No,High,1.0,Yes,Salle 2,177.0
Male,26.0,Informatique,3,75.9,24.0,63.1,42.6,84.3,2.0,1.4,2.2,No,No,Middle,1.0,Yes,Salle 2,263.0
Male,24.0,Informatique,3,79.8,20.0,48.8,85.1,81.4,1.0,0.5,3.8,Yes,No,Middle,1.0,No,Salle 11,263.0
Male,23.0,Informatique,3,82.9,17.0,55.0,57.8,63.5,1.0,1.4,11.1,No,No,Middle,0.0,No,Salle 26,263.0
Male,21.0,Electrique,3,89.9,10.0,66.4,40.1,54.5,1.0,0.4,12.1,Yes,No,Low,0.0,No,Salle 1,188.0
Female,17.0,Informatique,2,95.5,4.0,65.1,64.1,52.1,1.0,4.5,21.5,Yes,No,Middle,1.0,Yes,Salle 28,298.0
Male,22.0,Chimie,3,66.9,33.0,47.1,60.7,89.8,0.0,0.5,6.6,Yes,No,Low,0.0,Yes,Salle 2,130.0
Male,22.0,Telecom,2,70.6,29.0,80.0,61.4,63.5,2.0,2.5,11.8,Yes,No,High,1.0,Yes,Salle 20,161.0
Female,24.0,GenieCivil,5,70.6,29.0,50.9,56.3,33.3,1.0,1.9,12.1,Yes,No,Low,1.0,Yes,Salle 20,70.0
Male,22.0,Mecanique,2,73.0,27.0,70.7,51.8,97.2,2.0,0.2,0.0,Yes,No,Middle,5.0,Yes,Salle 15,231.0
Female,18.0,GenieCivil,2,72.2,28.0,79.5,72.8,77.4,1.0,3.3,19.0,Yes,No,Middle,0.0,Yes,Salle 14,177.0
Male,22.0,Mecanique,1,89.2,11.0,57.6,62.3,73.0,2.0,1.4,16.0,No,No,Low,1.0,Yes,Salle 8,186.0
Male,19.0,GenieCivil,3,73.2,27.0,71.2,73.5,65.9,0.0,2.3,9.3,Yes,No,Middle,0.0,Yes,Salle 26,185.0
Female,21.0,Electrique,2,92.0,8.0,78.6,61.6,49.1,0.0,0.6,11.6,Yes,No,Middle,1.0,Yes,Salle 8,185.0
Female,23.0,Electrique,5,82.2,2.0,65.8,62.5,74.4,1.0,6.9,37.5,Yes,No,Middle,0.0,No,Salle 1,80.0
Female,17.0,GenieCivil,1,72.2,28.0,60.7,91.7,69.9,3.0,0.8,12.6,Yes,No,Low,2.0,Yes,Salle 2,149.0
Male,22.0,Mecanique,2,83.6,16.0,73.9,44.5,68.1,0.0,0.7,4.3,Yes,No,Middle,1.0,Yes,Salle 29,231.0
Female,20.0,Chimie,1,78.8,21.0,59.6,57.7,41.7,1.0,0.5,12.2,Yes,No,Middle,1.0,No,Salle 24,96.0
Female,21.0,Telecom,2,84.0,16.0,65.1,60.6,42.9,1.0,0.4,17.5,No,No,Low,0.0,Yes,Salle 20,161.0
Female,21.0,Telecom,2,77.1,23.0,64.5,46.1,51.7,0.0,5.3,21.5,Yes,No,Middle,1.0,No,Salle 25,161.0
Male,25.0,GenieCivil,2,62.7,37.0,64.0,69.0,59.8,2.0,6.9,30.7,Yes,No,High,0.0,Yes,Salle 23,177.0
Other,23.0,Telecom,4,94.7,5.0,66.5,63.8,61.9,1.0,2.4,12.1,Yes,No,Middle,0.0,No,Salle 11,121.0
Male,26.0,Telecom,3,73.5,26.0,41.7,45.3,39.4,1.0,1.8,12.5,Yes,No,Middle,1.0,Yes,Salle 5,154.0
Male,22.0,GenieCivil,1,76.8,23.0,80.9,85.0,49.7,1.0,2.2,7.2,Yes,No,Middle,0.0,Yes,Salle 2,149.0
Female,22.0,Electrique,1,99.7,0.0,39.2,67.2,34.4,1.0,0.2,2.1,No,Yes,Middle,0.0,Yes,Salle 11,143.0
Male,20.0,GenieCivil,4,96.4,4.0,70.8,82.4,33.8,4.0,0.2,14.9,Yes,No,Low,1.0,Yes,Salle 22,173.0
Female,22.0,Informatique,1,80.7,19.0,45.6,74.8,62.8,2.0,2.8,20.5,Yes,No,Low,3.0,No,Salle 4,248.0
Male,26.0,GenieCivil,2,78.3,22.0,84.7,49.7,100.0,0.0,0.4,7.0,Yes,No,Middle,1.0,No,Salle 22,177.0
Male,21.0,Mecanique,2,82.8,17.0,48.6,87.1,75.1,2.0,4.4,11.5,No,No,High,0.0,Yes,Salle 18,231.0
Male,20.0,GenieCivil,1,100.0,0.0,65.1,83.5,25.6,0.0,3.7,11.5,Yes,No,Middle,1.0,Yes,Salle 26,149.0
Other,21.0,GenieCivil,3,66.5,34.0,64.0,81.2,41.7,1.0,7.0,29.7,Yes,Yes,Middle,1.0,Yes,Salle 7,185.0
Female,25.0,Electrique,4,85.3,15.0,65.1,73.2,25.3,2.0,2.4,14.1,Yes,No,Middle,1.0,Yes,Salle 22,157.0
Female,23.0,Mecanique,5,83.0,17.0,53.4,55.5,31.0,0.0,3.2,13.7,No,No,Low,2.0,Yes,Salle 3,67.0
Male,23.0,Electrique,2,92.5,8.0,72.8,44.7,73.4,1.0,0.3,11.8,Yes,Yes,Middle,0.0,Yes,Salle 18,185.0
Male,23.0,Informatique,2,91.3,9.0,42.3,90.6,98.7,2.0,1.4,8.7,No,Yes,Middle,1.0,Yes,Salle 7,298.0
Male,18.0,Mecanique,3,82.2,18.0,55.5,65.1,68.5,2.0,0.0,6.5,Yes,Yes,Middle,2.0,No,Salle 21,212.0
Male,22.0,Energetique,3,75.1,25.0,62.7,68.4,38.0,1.0,1.6,14.5,No,Yes,Middle,3.0,No,Salle 17,104.0
Female,18.0,Informatique,3,70.9,29.0,53.7,58.6,43.5,1.0,5.6,28.4,No,No,High,1.0,Yes,Salle 4,263.0
Female,22.0,Telecom,3,65.8,34.0,65.9,39.5,45.4,0.0,3.2,18.3,Yes,No,Middle,0.0,Yes,Salle 29,154.0
Male,20.0,Mecanique,2,81.8,18.0,57.1,62.4,70.8,1.0,9.3,45.8,No,No,Middle,1.0,Yes,Salle 9,231.0
Male,22.0,Informatique,1,88.4,12.0,65.3,41.4,39.3,1.0,0.5,3.7,Yes,No,Middle,1.0,No,Salle 30,248.0
Female,21.0,Informatique,2,94.0,6.0,70.2,75.3,24.4,0.0,4.5,27.8,Yes,No,Middle,4.0,Yes,Salle 13,298.0
Female,23.0,Informatique,2,72.6,27.0,67.6,75.6,78.5,0.0,2.3,18.0,No,No,Middle,3.0,Yes,Salle 30,298.0
Other,21.0,Telecom,4,72.5,28.0,72.6,84.6,77.6,1.0,1.2,7.3,Yes,Yes,High,0.0,Yes,Salle 28,121.0
Female,22.0,GenieCivil,4,65.3,35.0,66.5,71.9,38.1,1.0,2.8,20.3,No,Yes,Middle,1.0,Yes,Salle 2,173.0
Male,18.0,Electrique,4,68.3,32.0,51.2,53.5,41.4,1.0,0.8,8.3,Yes,No,Middle,1.0,Yes,Salle 17,157.0
Female,25.0,Informatique,2,68.4,32.0,74.0,56.9,79.0,1.0,2.2,12.9,Yes,No,Low,3.0,No,Salle 6,298.0
Male,23.0,Informatique,2,70.5,30.0,65.1,55.0,61.5,1.0,4.6,28.1,Yes,No,Low,0.0,No,Salle 11,298.0
Female,23.0,Chimie,2,87.3,13.0,55.7,91.7,100.0,0.0,3.8,18.9,No,No,Middle,0.0,Yes,Salle 21,119.0
Male,21.0,GenieCivil,3,93.4,7.0,55.3,52.6,78.6,0.0,1.3,11.5,Yes,No,Middle,3.0,Yes,Salle 25,185.0
Male,22.0,Informatique,5,100.0,0.0,60.9,35.2,50.6,1.0,2.2,18.7,No,No,High,0.0,Yes,Salle 27,109.0
Male,25.0,Energetique,2,82.2,8.0,32.1,51.4,74.5,1.0,3.1,23.1,No,No,Low,2.0,Yes,Salle 15,71.0
Male,18.0,Electrique,3,100.0,0.0,35.8,80.2,66.3,4.0,2.4,12.0,No,No,High,2.0,Yes,Salle 10,188.0
Female,17.0,Energetique,4,64.2,36.0,64.4,95.0,88.7,0.0,0.4,4.7,Yes,No,High,2.0,Yes,Salle 30,70.0
Male,22.0,GenieCivil,2,80.2,20.0,83.5,53.5,21.9,3.0,2.5,9.5,No,No,Low,1.0,Yes,Salle 17,177.0
Male,21.0,Mecanique,2,100.0,0.0,72.6,46.0,42.8,1.0,0.4,11.0,Yes,No,Low,1.0,Yes,Salle 22,231.0
Female,23.0,Mecanique,2,49.1,51.0,65.1,81.6,22.3,1.0,0.0,2.9,Yes,No,Middle,1.0,No,Salle 11,231.0
Male,26.0,Chimie,4,88.2,12.0,74.7,38.5,65.6,1.0,2.8,14.7,Yes,No,Middle,1.0,Yes,Salle 3,93.0
Male,21.0,Energetique,3,82.2,20.0,87.6,59.4,96.0,0.0,1.4,5.7,Yes,No,Middle,1.0,Yes,Salle 19,104.0
Female,23.0,Informatique,3,85.8,14.0,56.3,57.5,42.6,2.0,2.5,11.5,Yes,No,Middle,3.0,Yes,Salle 22,263.0
Female,22.0,Chimie,2,93.9,6.0,40.4,75.5,66.6,1.0,10.2,45.3,No,No,Middle,0.0,Yes,Salle 29,119.0
Male,20.0,Informatique,4,91.0,9.0,84.9,68.0,39.7,2.0,1.4,12.5,Yes,No,High,0.0,Yes,Salle 2,230.0
Female,21.0,GenieCivil,3,86.5,14.0,79.5,53.0,47.6,0.0,8.6,40.1,Yes,No,Middle,0.0,Yes,Salle 3,185.0
Male,25.0,Mecanique,1,63.3,37.0,66.1,37.5,60.9,1.0,1.1,11.5,Yes,No,Low,0.0,Yes,Salle 17,186.0
Female,23.0,Informatique,1,81.8,18.0,58.4,30.0,39.7,3.0,2.9,23.5,Yes,No,Middle,1.0,No,Salle 26,248.0
Female,23.0,GenieCivil,1,100.0,0.0,69.7,65.3,63.5,4.0,5.5,29.4,No,No,Middle,1.0,No,Salle 27,149.0
Male,23.0,Mecanique,3,88.0,12.0,74.1,63.9,58.4,2.0,3.4,16.6,Yes,No,Middle,2.0,Yes,Salle 5,212.0
Male,23.0,Electrique,3,97.0,3.0,86.7,51.7,80.0,1.0,0.3,5.5,Yes,Yes,Middle,2.0,No,Salle 12,188.0
Female,21.0,Energetique,4,80.2,20.0,53.2,51.0,59.8,2.0,2.6,15.4,Yes,No,Middle,1.0,No,Salle 9,70.0
Male,23.0,Telecom,1,94.5,6.0,34.1,52.1,89.9,0.0,4.4,26.9,Yes,Yes,Middle,1.0,Yes,Salle 26,121.0
Male,21.0,Informatique,2,82.4,18.0,71.9,63.7,100.0,2.0,9.8,38.4,Yes,No,Low,0.0,Yes,Salle 12,298.0
Male,24.0,Mecanique,2,100.0,0.0,76.0,59.4,35.6,1.0,2.4,15.3,Yes,Yes,Middle,2.0,Yes,Salle 5,231.0
Female,20.0,Informatique,1,100.0,0.0,42.5,61.4,78.4,1.0,3.5,11.5,No,No,High,2.0,Yes,Salle 21,248.0
Male,21.0,GenieCivil,3,98.4,2.0,68.1,61.6,59.4,0.0,1.2,0.7,Yes,No,High,1.0,Yes,Salle 16,185.0
Male,23.0,Informatique,2,92.2,8.0,55.8,56.9,45.9,1.0,2.0,11.8,Yes,No,Low,1.0,Yes,Salle 24,298.0
Male,23.0,Chimie,4,88.5,12.0,47.7,52.5,85.5,0.0,6.0,32.8,Yes,No,Middle,0.0,Yes,Salle 1,93.0
Female,27.0,Informatique,3,91.5,8.0,89.7,59.8,31.1,0.0,0.3,4.4,No,No,High,1.0,Yes,Salle 20,263.0
Female,22.0,Mecanique,3,93.0,7.0,75.4,56.2,62.5,0.0,0.9,4.0,No,Yes,Low,1.0,No,Salle 22,212.0
Male,20.0,Informatique,3,69.5,30.0,68.7,53.8,41.3,1.0,5.5,25.0,No,No,Middle,0.0,No,Salle 13,263.0
Female,19.0,Mecanique,1,71.7,28.0,68.2,39.1,53.9,0.0,2.8,21.0,Yes,No,Low,1.0,Yes,Salle 23,186.0
Female,19.0,Chimie,3,67.0,33.0,64.2,18.3,62.8,1.0,1.9,12.5,Yes,No,High,1.0,No,Salle 26,130.0
Male,23.0,Informatique,4,93.7,6.0,67.9,44.0,47.5,1.0,0.6,10.4,No,No,Middle,0.0,Yes,Salle 2,230.0
Male,21.0,Informatique,4,94.2,6.0,87.1,58.6,47.5,2.0,3.8,27.5,Yes,No,Low,1.0,Yes,Salle 1,230.0
Male,22.0,Telecom,2,81.9,18.0,80.9,34.4,73.5,2.0,0.6,4.2,No,No,Low,2.0,Yes,Salle 3,161.0
Male,20.0,Telecom,1,99.3,1.0,68.6,55.7,67.1,3.0,0.4,7.7,Yes,No,Middle,1.0,Yes,Salle 18,121.0
Male,24.0,Mecanique,2,100.0,0.0,61.7,63.6,38.6,1.0,0.6,8.2,Yes,No,Middle,1.0,Yes,Salle 27,231.0
Female,22.0,Chimie,4,100.0,0.0,57.9,63.5,63.5,3.0,0.1,8.5,Yes,No,Middle,1.0,Yes,Salle 6,93.0
Female,23.0,Mecanique,4,70.4,30.0,88.1,86.8,100.0,1.0,1.1,7.0,Yes,No,Middle,3.0,Yes,Salle 21,178.0
Male,19.0,Telecom,4,70.7,29.0,47.4,73.2,64.2,0.0,1.5,4.8,No,No,Middle,1.0,Yes,Salle 28,121.0
Female,23.0,GenieCivil,3,94.1,6.0,83.4,29.5,50.6,0.0,2.4,17.9,Yes,No,Middle,2.0,Yes,Salle 8,185.0
Male,19.0,GenieCivil,3,73.3,27.0,47.5,63.6,48.4,1.0,4.4,24.4,Yes,No,Low,0.0,Yes,Salle 1,185.0
Male,25.0,Informatique,2,70.1,30.0,73.6,44.5,45.5,0.0,1.7,15.4,Yes,No,Middle,1.0,Yes,Salle 22,298.0
Female,25.0,GenieCivil,4,79.0,21.0,78.7,61.6,62.6,3.0,3.1,22.5,No,No,Low,0.0,Yes,Salle 8,173.0
Male,24.0,Chimie,2,84.3,16.0,63.5,56.3,56.9,0.0,1.7,11.5,No,No,Low,0.0,Yes,Salle 17,119.0
Male,22.0,Mecanique,1,82.2,45.0,88.4,61.3,72.9,2.0,0.2,4.8,Yes,No,Low,0.0,Yes,Salle 11,186.0
Female,22.0,Informatique,4,77.8,22.0,90.8,57.5,48.6,1.0,0.5,11.5,Yes,No,Low,0.0,Yes,Salle 3,230.0
Male,22.0,GenieCivil,4,61.0,39.0,41.4,67.0,21.9,1.0,2.3,10.3,Yes,No,Middle,1.0,Yes,Salle 2,173.0
Male,25.0,Informatique,1,76.8,23.0,66.9,67.2,75.2,1.0,1.1,10.7,No,No,Middle,2.0,Yes,Salle 25,248.0
Male,23.0,Mecanique,5,75.2,25.0,82.1,59.5,46.0,1.0,1.3,13.0,Yes,No,Middle,1.0,Yes,Salle 19,67.0
Male,26.0,Telecom,1,84.7,15.0,66.9,68.0,20.6,0.0,0.4,6.3,Yes,No,Middle,0.0,Yes,Salle 1,121.0
Male,24.0,Mecanique,1,80.4,20.0,65.1,67.6,90.5,1.0,0.8,1.5,Yes,No,Low,0.0,No,Salle 22,186.0
Male,24.0,Chimie,3,82.0,18.0,76.4,94.2,71.8,1.0,3.2,14.0,Yes,No,Low,1.0,Yes,Salle 1,130.0
Male,24.0,Electrique,4,65.8,34.0,65.4,70.3,73.7,1.0,0.7,0.0,Yes,No,Middle,1.0,No,Salle 11,157.0
Female,23.0,Chimie,4,100.0,0.0,90.0,51.7,35.1,1.0,0.1,6.9,Yes,Yes,Middle,0.0,No,Salle 1,93.0
Male,20.0,GenieCivil,3,78.8,21.0,45.9,34.9,61.4,1.0,0.5,1.4,Yes,No,High,3.0,No,Salle 8,185.0
Male,21.0,GenieCivil,1,93.8,6.0,75.7,62.8,84.7,1.0,0.4,11.8,No,Yes,Low,1.0,Yes,Salle 17,149.0
Female,22.0,Energetique,5,79.5,20.0,55.6,59.6,32.5,1.0,3.7,8.8,No,No,Middle,0.0,Yes,Salle 26,40.0
Male,24.0,Electrique,3,66.7,33.0,66.2,69.3,27.5,0.0,2.0,17.9,Yes,Yes,Middle,2.0,No,Salle 21,188.0
Male,20.0,GenieCivil,4,74.8,25.0,70.0,60.0,60.4,2.0,0.4,11.5,Yes,Yes,Middle,1.0,Yes,Salle 26,173.0
Female,19.0,Electrique,5,93.2,7.0,89.8,54.1,66.3,0.0,0.4,8.4,Yes,No,Low,0.0,Yes,Salle 12,80.0
Female,24.0,Electrique,3,88.9,11.0,65.5,62.8,59.3,1.0,1.6,13.3,No,Yes,Low,1.0,No,Salle 27,188.0
Female,24.0,Mecanique,3,74.0,26.0,70.6,31.2,67.3,1.0,0.2,9.6,Yes,Yes,Low,1.0,No,Salle 6,212.0
Male,24.0,Informatique,3,54.4,46.0,60.6,71.8,49.3,0.0,0.4,6.4,No,Yes,Middle,0.0,No,Salle 26,263.0
Other,25.0,Mecanique,2,56.9,43.0,65.2,75.4,62.3,1.0,1.0,14.3,No,No,Low,1.0,Yes,Salle 12,231.0
Female,20.0,Energetique,1,67.6,32.0,76.6,77.6,94.2,1.0,0.4,7.6,Yes,No,Low,1.0,Yes,Salle 10,83.0
Male,17.0,GenieCivil,4,76.3,24.0,80.6,33.9,52.4,0.0,4.8,23.6,Yes,Yes,Low,1.0,Yes,Salle 10,173.0
Female,20.0,Informatique,3,61.6,38.0,67.3,55.2,58.7,1.0,2.7,18.2,No,No,Low,1.0,Yes,Salle 1,263.0
Male,24.0,Mecanique,4,78.9,21.0,92.3,41.2,88.3,0.0,1.0,8.2,Yes,Yes,Middle,1.0,Yes,Salle 26,178.0
Female,21.0,Informatique,2,91.0,9.0,29.9,43.0,68.1,3.0,1.6,11.5,No,No,Middle,2.0,Yes,Salle 18,298.0
Male,23.0,Telecom,2,71.2,29.0,46.0,68.3,71.7,0.0,1.8,10.4,No,No,Low,0.0,Yes,Salle 21,161.0
Male,21.0,GenieCivil,4,86.8,13.0,83.1,54.2,71.5,1.0,1.0,13.4,Yes,No,Middle,0.0,Yes,Salle 5,173.0
Female,25.0,GenieCivil,1,97.5,2.0,74.4,64.2,71.9,2.0,1.6,11.6,No,No,Middle,1.0,Yes,Salle 7,149.0
Male,20.0,Informatique,2,68.8,31.0,68.4,58.1,71.5,4.0,0.7,16.7,No,No,High,1.0,No,Salle 1,298.0
Male,26.0,Informatique,4,88.0,12.0,43.1,63.1,64.3,1.0,1.9,18.8,Yes,No,Middle,1.0,Yes,Salle 24,230.0
Male,25.0,Energetique,1,76.1,24.0,76.8,68.9,62.8,2.0,1.3,13.5,No,No,Middle,1.0,No,Salle 21,83.0
Female,19.0,Electrique,4,99.1,1.0,49.7,49.3,41.5,4.0,2.3,14.2,No,No,Middle,1.0,No,Salle 12,157.0
Male,20.0,Mecanique,2,61.4,39.0,47.3,72.3,82.7,2.0,1.4,1.3,Yes,No,Low,0.0,No,Salle 6,231.0
Male,23.0,Informatique,2,68.8,31.0,66.7,76.9,42.2,0.0,1.4,11.5,Yes,No,Middle,1.0,Yes,Salle 30,298.0
Female,22.0,Mecanique,2,84.6,15.0,56.5,51.4,55.2,0.0,10.2,44.6,Yes,No,Low,1.0,Yes,Salle 28,231.0
Female,21.0,Energetique,1,97.9,2.0,65.4,61.6,52.0,2.0,0.1,5.9,Yes,No,Low,2.0,No,Salle 18,83.0
Male,23.0,GenieCivil,1,77.0,23.0,41.4,61.5,53.8,3.0,4.0,26.7,Yes,No,High,2.0,No,Salle 1,149.0
Male,19.0,Chimie,3,85.4,15.0,52.0,69.3,75.6,1.0,0.6,9.0,No,No,Low,1.0,Yes,Salle 13,130.0
Male,21.0,Chimie,5,68.5,32.0,78.9,76.3,89.9,1.0,1.0,11.4,Yes,Yes,Middle,1.0,No,Salle 14,48.0
Female,23.0,Mecanique,5,79.2,21.0,55.9,63.4,82.4,1.0,1.4,13.4,No,No,Low,1.0,Yes,Salle 19,67.0
Female,20.0,Informatique,4,75.0,25.0,60.9,73.5,54.8,1.0,2.8,21.1,Yes,No,Middle,1.0,Yes,Salle 4,230.0
Female,21.0,Chimie,4,82.3,18.0,65.1,53.3,94.5,2.0,5.3,27.9,Yes,No,High,0.0,Yes,Salle 25,93.0
Male,22.0,Informatique,2,55.5,44.0,80.8,64.3,76.5,0.0,5.6,24.4,Yes,No,Middle,1.0,Yes,Salle 11,298.0
Male,18.0,Mecanique,4,99.1,1.0,82.0,42.6,63.5,3.0,1.3,6.0,No,Yes,Middle,0.0,Yes,Salle 3,178.0
Male,20.0,Informatique,1,89.3,11.0,62.6,30.8,74.9,1.0,1.8,14.8,Yes,Yes,Middle,2.0,Yes,Salle 27,248.0
Male,20.0,Informatique,5,90.3,10.0,61.5,74.1,56.5,1.0,0.0,6.6,Yes,No,Middle,1.0,Yes,Salle 3,109.0
Female,24.0,Informatique,2,83.5,16.0,73.0,61.0,63.5,1.0,4.5,28.0,No,No,Middle,1.0,Yes,Salle 9,298.0
Male,19.0,Mecanique,2,100.0,0.0,66.8,61.6,54.5,1.0,0.2,15.5,No,No,Low,1.0,No,Salle 16,231.0
Female,23.0,Informatique,1,96.5,4.0,61.4,76.2,67.5,2.0,1.4,16.9,Yes,No,Low,1.0,Yes,Salle 26,248.0
Male,20.0,Informatique,2,83.0,17.0,52.7,45.7,68.0,1.0,0.5,8.8,No,No,High,1.0,No,Salle 16,298.0
Male,19.0,Telecom,2,78.5,22.0,89.5,80.3,66.5,1.0,4.5,19.3,Yes,Yes,Middle,0.0,Yes,Salle 20,161.0
Male,20.0,GenieCivil,1,71.3,29.0,72.6,46.4,70.1,0.0,0.9,14.1,Yes,No,Middle,1.0,Yes,Salle 27,149.0
Male,22.0,Electrique,4,82.6,17.0,69.4,61.6,76.6,1.0,8.5,30.1,Yes,No,Middle,1.0,Yes,Salle 2,157.0
Male,20.0,Energetique,3,71.3,29.0,36.8,43.7,73.5,1.0,0.2,6.1,Yes,No,Middle,1.0,Yes,Salle 28,104.0
Male,23.0,Informatique,2,89.4,11.0,44.1,61.4,65.4,0.0,3.8,15.3,Yes,No,High,3.0,Yes,Salle 10,298.0
Female,19.0,Informatique,3,74.3,26.0,88.3,80.6,65.7,1.0,2.0,14.2,No,No,Low,1.0,Yes,Salle 22,263.0
Male,23.0,Mecanique,2,72.2,28.0,64.9,33.4,43.2,1.0,2.7,11.5,No,No,High,1.0,Yes,Salle 10,231.0
Female,22.0,Informatique,3,95.7,4.0,62.8,56.8,92.8,2.0,2.9,22.7,Yes,Yes,Middle,2.0,Yes,Salle 26,263.0
Female,21.0,Energetique,2,68.7,31.0,91.6,61.6,58.6,3.0,3.0,15.2,Yes,No,High,0.0,Yes,Salle 5,71.0
Male,23.0,Mecanique,4,70.6,29.0,49.8,61.6,82.7,0.0,1.3,13.4,Yes,No,Low,1.0,Yes,Salle 29,178.0
Male,26.0,GenieCivil,1,79.7,20.0,64.9,61.6,57.0,2.0,0.1,13.6,Yes,No,Middle,1.0,Yes,Salle 10,149.0
Male,25.0,Chimie,3,100.0,0.0,54.9,61.6,63.5,0.0,0.3,9.1,No,Yes,Middle,3.0,No,Salle 20,130.0
Female,20.0,Telecom,1,55.9,44.0,65.3,85.5,22.7,1.0,1.3,9.2,Yes,No,Middle,2.0,Yes,Salle 26,121.0
Male,22.0,GenieCivil,3,61.3,39.0,74.8,36.0,75.6,1.0,0.0,0.0,Yes,No,Middle,1.0,Yes,Salle 16,185.0
Female,18.0,Electrique,2,81.0,19.0,70.0,58.7,88.1,3.0,0.1,4.1,Yes,No,Middle,1.0,Yes,Salle 10,185.0
Male,23.0,Electrique,2,55.4,45.0,89.9,76.5,50.5,2.0,9.2,40.3,Yes,Yes,Middle,1.0,No,Salle 6,185.0
Female,21.0,Electrique,5,71.8,28.0,59.3,69.1,35.6,2.0,0.9,6.2,Yes,Yes,Middle,1.0,Yes,Salle 5,80.0
Male,22.0,GenieCivil,3,100.0,0.0,65.4,30.3,50.5,2.0,1.8,12.4,Yes,No,High,0.0,Yes,Salle 18,185.0
Female,25.0,Informatique,1,85.4,15.0,64.1,68.8,49.9,1.0,2.8,23.7,Yes,Yes,Low,2.0,No,Salle 20,248.0
Female,24.0,Chimie,1,70.5,30.0,58.2,61.6,49.0,0.0,1.4,2.5,Yes,No,Middle,1.0,Yes,Salle 2,96.0
Female,23.0,Informatique,5,98.0,2.0,68.5,58.8,70.4,0.0,1.7,5.5,Yes,No,Low,0.0,Yes,Salle 2,109.0
Male,21.0,Informatique,1,94.2,6.0,63.7,57.1,68.9,5.0,0.7,6.3,Yes,No,High,0.0,Yes,Salle 27,248.0
Female,22.0,Telecom,1,82.2,18.0,62.2,52.5,59.5,2.0,0.9,4.1,Yes,No,Middle,1.0,No,Salle 19,121.0
Female,20.0,GenieCivil,4,69.3,31.0,70.6,100.0,63.5,2.0,4.6,11.5,Yes,Yes,Middle,1.0,Yes,Salle 16,173.0
Female,22.0,Electrique,1,73.8,26.0,66.4,70.7,49.7,3.0,3.7,23.3,Yes,No,Middle,0.0,Yes,Salle 2,143.0
Male,19.0,Mecanique,4,66.9,33.0,57.0,41.6,67.6,1.0,0.4,9.7,Yes,Yes,Middle,0.0,Yes,Salle 27,178.0
Male,22.0,Energetique,4,80.9,19.0,67.1,74.2,48.3,0.0,0.3,2.4,Yes,No,High,0.0,Yes,Salle 27,70.0
Male,24.0,Energetique,1,52.1,48.0,83.2,38.8,40.9,2.0,10.1,11.5,Yes,No,Middle,1.0,No,Salle 10,83.0
Female,23.0,Informatique,2,63.5,36.0,66.5,84.3,91.8,1.0,1.4,11.5,Yes,No,Middle,0.0,Yes,Salle 24,298.0
Male,21.0,Electrique,3,82.2,11.0,66.6,65.6,63.6,0.0,2.3,12.3,Yes,No,High,1.0,Yes,Salle 26,188.0
Female,20.0,GenieCivil,3,84.9,15.0,28.6,91.5,100.0,0.0,2.0,13.9,No,No,Middle,0.0,Yes,Salle 4,185.0
Male,25.0,Electrique,5,81.9,18.0,29.8,87.7,84.4,2.0,3.7,17.5,Yes,No,Middle,1.0,Yes,Salle 23,80.0
Female,21.0,Electrique,3,72.1,28.0,75.3,45.2,66.5,0.0,3.5,17.9,Yes,No,Middle,1.0,Yes,Salle 28,188.0
Male,22.0,Electrique,4,71.9,28.0,87.1,45.2,46.4,2.0,0.3,3.3,Yes,No,Middle,1.0,Yes,Salle 22,157.0
Male,22.0,Telecom,5,82.2,8.0,59.6,75.1,100.0,1.0,0.7,5.1,Yes,No,Middle,1.0,Yes,Salle 6,60.0
Female,21.0,Informatique,1,60.1,40.0,69.7,71.1,63.5,1.0,0.7,4.6,Yes,No,Low,1.0,No,Salle 21,248.0
Male,21.0,Electrique,4,100.0,0.0,66.3,63.5,48.2,1.0,2.8,20.4,Yes,No,High,0.0,Yes,Salle 12,157.0
Male,22.0,Informatique,5,73.5,26.0,38.6,66.3,62.9,0.0,1.0,9.0,Yes,No,Middle,0.0,Yes,Salle 7,109.0
Male,25.0,Informatique,4,87.8,12.0,53.7,41.0,75.7,5.0,0.2,0.4,Yes,Yes,Middle,1.0,Yes,Salle 26,230.0
Male,22.0,Mecanique,3,100.0,0.0,71.7,61.2,89.7,1.0,1.5,14.9,Yes,No,Middle,1.0,Yes,Salle 13,212.0
Female,23.0,Informatique,3,82.2,28.0,58.2,25.8,29.4,1.0,0.4,11.5,No,No,Middle,1.0,Yes,Salle 27,263.0
Male,28.0,Mecanique,4,90.7,9.0,70.9,71.9,37.2,0.0,1.3,11.0,Yes,No,High,2.0,Yes,Salle 28,178.0
Female,19.0,Informatique,3,75.8,24.0,78.8,61.6,82.1,0.0,2.6,15.6,No,No,High,3.0,Yes,Salle 4,263.0
Female,21.0,Telecom,1,92.5,8.0,54.1,59.0,49.5,1.0,1.0,5.2,No,No,Middle,1.0,No,Salle 30,121.0
Male,24.0,Chimie,2,85.5,14.0,32.4,68.6,49.3,1.0,3.8,11.5,Yes,No,Low,3.0,No,Salle 10,119.0
Female,21.0,Chimie,1,100.0,0.0,79.5,69.1,29.3,1.0,3.0,14.3,Yes,Yes,High,0.0,Yes,Salle 6,96.0
Female,21.0,Electrique,1,79.0,21.0,82.6,43.9,84.5,4.0,3.5,30.4,No,No,Middle,0.0,Yes,Salle 21,143.0
Female,28.0,Informatique,2,82.2,31.0,46.1,61.6,36.8,5.0,0.4,12.1,Yes,No,Low,1.0,Yes,Salle 26,177.0
Male,21.0,Informatique,3,88.9,11.0,81.8,61.6,79.0,2.0,2.3,19.1,Yes,No,Middle,1.0,Yes,Salle 5,263.0
Male,17.0,GenieCivil,4,71.7,28.0,66.5,39.2,52.6,1.0,2.5,10.9,Yes,No,Middle,0.0,Yes,Salle 15,173.0
Female,21.0,Informatique,2,88.7,11.0,72.2,46.6,40.0,0.0,0.2,2.2,No,Yes,Middle,1.0,Yes,Salle 24,298.0
Other,21.0,GenieCivil,2,72.3,28.0,61.9,98.6,58.5,3.0,0.4,13.0,Yes,No,Middle,0.0,Yes,Salle 5,177.0
Female,21.0,Electrique,4,100.0,0.0,61.1,75.0,56.9,0.0,8.1,39.6,No,No,Middle,0.0,Yes,Salle 6,157.0
Male,21.0,GenieCivil,2,86.7,13.0,55.9,41.2,98.0,0.0,0.0,11.1,No,No,Low,2.0,Yes,Salle 19,177.0
Male,24.0,GenieCivil,2,86.1,14.0,46.7,57.0,88.6,1.0,4.3,16.8,No,No,Middle,2.0,Yes,Salle 3,177.0
Female,23.0,Informatique,4,93.5,6.0,60.1,100.0,42.5,1.0,4.1,23.5,Yes,No,Low,2.0,Yes,Salle 14,230.0
Female,20.0,Informatique,1,91.2,9.0,73.6,72.4,72.7,1.0,0.5,6.4,Yes,Yes,Middle,0.0,No,Salle 30,248.0
Male,24.0,Telecom,1,78.8,21.0,74.8,45.1,78.7,0.0,0.7,9.3,Yes,No,Middle,1.0,No,Salle 18,121.0
Male,22.0,Informatique,2,84.6,15.0,43.9,99.7,50.7,1.0,2.5,27.0,Yes,No,Middle,2.0,No,Salle 16,298.0
Female,22.0,Mecanique,4,79.1,21.0,59.1,72.4,99.6,3.0,1.3,5.2,Yes,No,Low,1.0,Yes,Salle 6,178.0
Male,26.0,Informatique,4,74.3,26.0,61.9,45.3,72.2,2.0,2.6,21.4,Yes,No,Middle,1.0,Yes,Salle 29,230.0
Male,24.0,GenieCivil,1,94.0,6.0,61.5,48.6,63.5,3.0,2.3,10.6,No,No,Middle,2.0,Yes,Salle 13,149.0
Female,27.0,Mecanique,2,90.4,10.0,63.2,52.4,49.9,2.0,1.2,6.2,Yes,No,Middle,1.0,Yes,Salle 28,231.0
Other,25.0,Informatique,1,70.0,30.0,65.1,42.6,87.5,0.0,2.1,6.7,No,No,Middle,1.0,Yes,Salle 2,248.0
Female,23.0,Mecanique,4,79.0,21.0,62.8,54.8,64.6,1.0,0.4,10.0,Yes,No,Low,0.0,No,Salle 26,178.0
Female,20.0,Telecom,3,95.8,4.0,61.5,48.0,81.1,0.0,4.6,22.0,No,Yes,Middle,0.0,Yes,Salle 21,154.0
Male,20.0,Mecanique,2,77.7,22.0,58.6,62.0,61.3,1.0,0.5,7.9,Yes,Yes,Low,0.0,Yes,Salle 22,231.0
Male,26.0,Informatique,3,74.8,25.0,58.6,36.7,44.8,3.0,3.4,17.1,Yes,No,Low,1.0,Yes,Salle 12,263.0
Female,21.0,Telecom,5,92.5,8.0,46.8,44.5,77.5,0.0,0.3,10.3,Yes,No,Middle,3.0,No,Salle 13,60.0
Female,25.0,Telecom,2,81.7,18.0,51.8,65.2,46.8,2.0,2.8,11.0,Yes,No,Middle,3.0,Yes,Salle 4,161.0
Male,21.0,Telecom,3,80.0,20.0,46.4,49.7,64.0,0.0,1.0,11.8,Yes,No,Middle,1.0,No,Salle 21,154.0
Female,20.0,Informatique,5,81.6,18.0,68.6,51.6,43.3,2.0,0.1,7.6,No,No,Middle,1.0,No,Salle 16,109.0
Female,24.0,Telecom,2,71.5,28.0,65.8,57.3,31.5,1.0,2.6,15.7,Yes,No,Middle,1.0,No,Salle 18,161.0
Male,22.0,GenieCivil,3,81.3,19.0,65.3,53.5,53.5,1.0,2.4,15.0,No,No,High,0.0,No,Salle 15,185.0
Male,24.0,Telecom,4,94.4,6.0,54.2,42.9,63.5,0.0,0.0,3.2,No,No,Middle,2.0,Yes,Salle 8,121.0
Female,23.0,Mecanique,2,86.9,13.0,65.1,54.7,63.5,1.0,1.4,5.5,Yes,No,Low,0.0,Yes,Salle 18,231.0
Male,21.0,Electrique,4,75.7,24.0,62.3,41.0,45.3,1.0,0.8,8.3,Yes,Yes,Low,0.0,Yes,Salle 19,157.0
Male,17.0,Electrique,3,74.0,26.0,79.5,49.0,74.4,3.0,2.0,11.5,No,No,Middle,3.0,Yes,Salle 9,188.0
Female,23.0,Chimie,5,79.7,20.0,81.4,52.9,63.5,2.0,1.2,11.6,Yes,No,Middle,0.0,Yes,Salle 9,48.0
Female,23.0,Electrique,3,80.4,20.0,62.5,48.0,87.8,3.0,0.6,8.4,No,No,Low,2.0,Yes,Salle 21,188.0
Female,24.0,GenieCivil,2,69.8,30.0,68.6,33.2,100.0,1.0,1.4,0.0,Yes,No,Low,2.0,No,Salle 10,177.0
Male,22.0,Informatique,4,100.0,0.0,68.0,17.4,65.8,2.0,2.3,12.3,Yes,No,Low,0.0,Yes,Salle 29,230.0
Male,23.0,GenieCivil,1,83.6,16.0,67.0,31.4,76.1,2.0,2.7,15.3,Yes,No,Middle,2.0,Yes,Salle 20,149.0
Female,22.0,Informatique,2,67.4,33.0,60.9,76.3,52.2,1.0,1.2,14.7,Yes,No,Middle,1.0,Yes,Salle 20,298.0
Male,25.0,Energetique,2,66.0,34.0,51.6,69.3,42.5,1.0,4.5,20.9,Yes,Yes,Middle,2.0,No,Salle 23,71.0
Male,21.0,Mecanique,2,87.3,13.0,83.5,26.9,71.9,1.0,1.5,12.6,Yes,No,Middle,0.0,No,Salle 29,231.0
Male,22.0,Informatique,2,91.5,8.0,69.9,64.5,45.4,1.0,0.0,6.3,Yes,No,Middle,0.0,No,Salle 7,298.0
Male,21.0,Telecom,4,78.7,21.0,50.9,60.9,32.3,3.0,4.6,25.7,Yes,Yes,Low,1.0,No,Salle 14,121.0
Female,21.0,Telecom,1,82.2,20.0,65.1,60.8,64.9,2.0,0.0,0.3,Yes,No,Middle,0.0,Yes,Salle 24,121.0
Female,18.0,Telecom,5,72.3,28.0,72.0,61.1,63.5,1.0,0.5,6.1,No,No,Low,1.0,Yes,Salle 12,60.0
Female,28.0,Electrique,1,81.0,19.0,54.2,93.1,39.5,1.0,3.3,19.5,No,No,Low,2.0,Yes,Salle 16,143.0
Male,19.0,Energetique,3,75.5,24.0,73.1,91.1,39.9,2.0,0.5,7.6,Yes,Yes,Middle,2.0,Yes,Salle 10,104.0
Female,23.0,Informatique,4,80.1,20.0,62.9,64.7,60.3,1.0,0.6,4.1,Yes,No,Low,1.0,No,Salle 23,230.0
Female,22.0,Chimie,3,79.2,21.0,48.4,54.1,64.6,1.0,2.0,6.0,Yes,No,Middle,0.0,Yes,Salle 4,130.0
Male,22.0,Chimie,1,74.5,26.0,87.7,75.4,92.1,1.0,0.1,7.1,Yes,Yes,Middle,2.0,Yes,Salle 24,96.0
Female,20.0,Mecanique,1,77.0,23.0,55.2,57.6,14.5,1.0,1.8,12.7,Yes,No,Low,1.0,No,Salle 5,186.0
Male,22.0,Informatique,4,100.0,0.0,89.1,59.3,52.0,1.0,0.4,10.4,No,No,Low,1.0,No,Salle 2,230.0
Male,22.0,GenieCivil,2,85.6,14.0,73.0,100.0,56.6,3.0,3.9,11.5,No,No,High,1.0,No,Salle 28,177.0
Female,21.0,Informatique,4,82.8,17.0,70.4,52.4,32.5,0.0,0.3,10.7,Yes,No,Middle,4.0,No,Salle 9,230.0
Female,23.0,Electrique,1,86.4,14.0,73.5,60.3,41.3,2.0,0.8,7.8,Yes,No,Middle,0.0,Yes,Salle 16,143.0
Female,20.0,Telecom,4,78.4,22.0,48.6,61.6,50.1,1.0,0.8,5.4,Yes,No,Middle,0.0,Yes,Salle 8,121.0
Female,20.0,Telecom,1,97.5,2.0,84.3,72.9,23.9,1.0,0.5,0.0,Yes,No,Low,2.0,Yes,Salle 10,121.0
Male,20.0,Electrique,4,79.4,21.0,69.6,69.5,90.4,2.0,0.3,11.3,Yes,No,Middle,1.0,Yes,Salle 21,157.0
Male,24.0,GenieCivil,1,83.8,16.0,88.0,45.4,77.9,2.0,1.5,5.8,Yes,No,Middle,2.0,Yes,Salle 12,149.0
Female,26.0,Electrique,2,85.1,15.0,79.6,34.2,57.8,1.0,0.6,4.1,No,No,Middle,0.0,No,Salle 7,185.0
Other,21.0,GenieCivil,3,71.8,28.0,80.7,28.3,67.2,0.0,2.0,18.1,No,No,Low,0.0,No,Salle 6,185.0
Male,21.0,Mecanique,2,80.3,20.0,87.6,65.6,93.7,2.0,1.1,7.9,Yes,Yes,High,1.0,No,Salle 21,231.0
Female,22.0,GenieCivil,2,69.5,30.0,65.1,80.8,51.1,1.0,0.1,2.5,Yes,No,Middle,1.0,No,Salle 25,177.0
Male,21.0,Mecanique,4,97.5,2.0,49.5,23.6,48.6,0.0,2.5,13.0,Yes,No,Low,1.0,Yes,Salle 9,178.0
Female,23.0,Telecom,4,96.5,4.0,64.2,61.6,37.6,0.0,1.2,9.8,Yes,Yes,Middle,1.0,Yes,Salle 8,121.0
Female,24.0,Informatique,2,63.5,36.0,79.9,81.7,55.0,0.0,2.8,20.9,Yes,No,High,1.0,Yes,Salle 3,298.0
Male,24.0,Telecom,4,89.5,10.0,48.7,39.7,24.0,3.0,8.5,39.4,Yes,No,Middle,2.0,No,Salle 23,121.0
Male,25.0,Informatique,4,92.5,8.0,60.3,40.9,60.0,1.0,0.3,0.0,Yes,No,Middle,2.0,Yes,Salle 18,230.0
Male,20.0,Informatique,1,83.7,16.0,87.8,40.5,63.5,1.0,2.8,21.5,No,No,Middle,0.0,Yes,Salle 20,248.0
Female,25.0,Informatique,4,66.4,34.0,76.4,43.3,66.9,2.0,1.7,16.3,Yes,No,Middle,0.0,Yes,Salle 12,230.0
Male,19.0,GenieCivil,5,35.7,64.0,52.8,100.0,97.1,0.0,1.4,8.9,Yes,No,Low,1.0,Yes,Salle 2,70.0
Female,19.0,Electrique,3,79.4,21.0,53.0,62.2,41.1,1.0,2.9,8.3,Yes,No,Middle,0.0,No,Salle 11,188.0
Female,21.0,Mecanique,5,84.6,15.0,58.6,46.5,61.6,1.0,3.0,12.2,Yes,No,Middle,1.0,Yes,Salle 24,67.0
Female,20.0,Energetique,4,67.9,32.0,46.5,42.1,72.4,1.0,1.6,10.1,Yes,No,Low,3.0,Yes,Salle 11,70.0
Male,22.0,Mecanique,5,66.1,34.0,67.1,61.6,45.8,0.0,3.2,13.8,Yes,No,Middle,0.0,Yes,Salle 17,67.0
Female,23.0,Mecanique,3,64.4,36.0,51.2,61.0,71.3,1.0,2.4,11.5,No,No,Middle,2.0,Yes,Salle 7,212.0
Male,21.0,Electrique,1,94.4,6.0,54.5,70.8,88.6,0.0,2.0,13.5,No,No,Low,1.0,Yes,Salle 13,143.0
Female,21.0,Telecom,1,87.5,12.0,63.8,66.7,68.9,1.0,1.6,13.7,Yes,No,Middle,2.0,No,Salle 19,121.0
Male,23.0,Mecanique,1,100.0,0.0,62.3,89.1,64.5,3.0,2.1,13.0,Yes,No,Middle,0.0,Yes,Salle 18,186.0
Male,24.0,Chimie,2,78.6,21.0,43.5,80.8,92.0,1.0,1.7,14.1,No,No,Low,0.0,Yes,Salle 5,119.0
Female,21.0,Electrique,5,90.3,10.0,62.2,54.6,100.0,2.0,2.9,17.8,Yes,No,High,1.0,No,Salle 11,80.0
Male,22.0,Electrique,3,66.6,33.0,53.1,44.1,63.1,1.0,3.4,18.9,Yes,No,Middle,1.0,No,Salle 26,188.0
Male,24.0,Mecanique,3,76.2,24.0,87.3,71.5,63.5,0.0,2.3,19.8,Yes,No,High,1.0,Yes,Salle 2,212.0
Male,19.0,Telecom,4,83.9,16.0,56.4,56.0,90.3,2.0,1.2,1.9,Yes,No,Middle,1.0,No,Salle 13,121.0
Male,19.0,Telecom,3,93.0,7.0,45.4,61.5,96.0,0.0,1.0,7.2,Yes,No,Middle,0.0,Yes,Salle 5,154.0
Female,22.0,GenieCivil,4,91.6,8.0,75.1,79.2,53.3,3.0,1.9,4.4,Yes,Yes,Middle,0.0,Yes,Salle 19,173.0
Female,20.0,Electrique,2,97.2,3.0,66.3,57.7,76.1,1.0,5.7,26.1,No,No,Low,1.0,Yes,Salle 14,185.0
Female,21.0,Telecom,3,77.3,23.0,52.6,47.4,58.3,0.0,3.7,22.5,No,No,Middle,1.0,Yes,Salle 28,154.0
Female,28.0,GenieCivil,4,78.2,22.0,82.1,40.0,90.9,2.0,0.3,11.5,Yes,No,Middle,1.0,Yes,Salle 1,173.0
Female,23.0,Telecom,4,76.0,24.0,100.0,68.3,59.2,1.0,4.0,20.7,Yes,No,High,1.0,Yes,Salle 27,121.0
Male,21.0,Informatique,4,74.2,26.0,43.3,50.0,47.1,1.0,1.3,6.4,Yes,Yes,Low,2.0,Yes,Salle 12,230.0
Female,24.0,Informatique,1,95.4,5.0,49.0,100.0,61.3,0.0,2.4,12.4,Yes,No,High,2.0,No,Salle 27,248.0
Male,20.0,Energetique,3,94.1,6.0,52.0,77.8,56.4,1.0,4.0,22.3,No,No,Middle,1.0,Yes,Salle 17,104.0
Male,24.0,Informatique,1,100.0,0.0,69.5,79.0,99.8,0.0,2.7,18.1,No,No,Middle,1.0,Yes,Salle 3,248.0
Male,24.0,Informatique,4,100.0,0.0,100.0,60.8,65.2,0.0,2.9,16.1,No,Yes,Middle,1.0,Yes,Salle 25,230.0
Male,22.0,Electrique,1,66.2,34.0,53.3,57.5,62.9,3.0,11.3,43.6,Yes,No,Low,0.0,Yes,Salle 10,143.0
Female,22.0,Informatique,3,80.7,19.0,52.6,91.6,77.3,1.0,6.1,25.6,Yes,No,Middle,2.0,Yes,Salle 9,263.0
Male,20.0,Informatique,2,76.8,23.0,67.2,76.5,45.0,1.0,2.5,10.3,Yes,No,Middle,0.0,Yes,Salle 4,298.0
Female,25.0,Telecom,3,92.5,8.0,71.3,61.6,80.9,0.0,2.3,12.1,No,No,Low,1.0,Yes,Salle 13,154.0
Male,20.0,Chimie,2,84.8,15.0,93.9,61.6,63.5,2.0,1.2,14.1,No,No,Middle,0.0,No,Salle 18,119.0
Male,22.0,Electrique,2,100.0,0.0,55.4,59.4,45.6,2.0,1.7,11.7,No,No,Middle,3.0,Yes,Salle 27,185.0
Male,26.0,Informatique,4,65.3,35.0,77.8,66.1,53.1,2.0,1.4,28.8,Yes,Yes,Middle,1.0,Yes,Salle 27,230.0
Male,27.0,Telecom,1,85.3,15.0,89.5,13.8,43.0,0.0,3.1,14.9,Yes,No,Middle,2.0,Yes,Salle 21,121.0
Female,22.0,Electrique,2,79.1,21.0,66.5,61.6,36.7,0.0,0.9,12.5,Yes,No,Low,1.0,Yes,Salle 18,185.0
Female,21.0,Informatique,2,93.1,7.0,54.6,75.8,69.6,1.0,0.5,7.8,No,Yes,Middle,1.0,No,Salle 18,298.0
Male,19.0,Energetique,2,79.2,21.0,77.9,61.6,59.3,0.0,0.0,12.0,No,No,Middle,0.0,No,Salle 19,71.0
Male,23.0,Informatique,4,84.9,15.0,99.5,31.8,98.6,1.0,1.3,12.5,No,No,Middle,1.0,Yes,Salle 2,230.0
Male,21.0,Informatique,1,83.0,17.0,85.8,58.4,84.3,1.0,0.1,11.0,No,No,Low,1.0,No,Salle 23,248.0
Male,24.0,Electrique,2,94.3,6.0,53.2,75.9,84.9,1.0,2.3,17.7,Yes,No,Low,1.0,Yes,Salle 1,185.0
Male,22.0,Telecom,2,91.5,8.0,94.6,33.8,63.5,2.0,0.3,11.5,Yes,No,Middle,1.0,No,Salle 19,161.0
Male,23.0,Electrique,5,86.2,14.0,52.8,88.1,63.5,1.0,1.7,9.3,Yes,No,Middle,0.0,Yes,Salle 19,80.0
Male,27.0,Energetique,3,63.5,36.0,65.1,61.7,44.0,2.0,1.4,11.4,Yes,No,Low,2.0,Yes,Salle 30,104.0
Male,19.0,Energetique,2,86.3,14.0,67.4,61.0,62.0,1.0,0.9,6.9,Yes,No,Middle,0.0,Yes,Salle 6,71.0
Male,19.0,Informatique,1,64.1,36.0,70.1,68.5,63.5,1.0,1.4,8.3,Yes,No,Middle,0.0,No,Salle 5,248.0
Male,22.0,Mecanique,3,98.3,2.0,54.2,71.8,56.0,0.0,2.6,15.1,Yes,No,Middle,1.0,Yes,Salle 17,212.0
Female,25.0,Mecanique,3,78.2,22.0,58.1,52.6,53.5,1.0,3.0,14.1,Yes,No,Middle,0.0,Yes,Salle 9,212.0
Female,24.0,Chimie,4,91.6,8.0,61.5,61.6,41.8,1.0,1.4,9.6,Yes,No,Low,0.0,Yes,Salle 12,93.0
Female,21.0,GenieCivil,5,95.3,5.0,65.1,66.8,54.2,0.0,4.0,19.2,No,No,Middle,0.0,Yes,Salle 23,70.0
Male,21.0,Informatique,1,79.0,21.0,88.7,63.3,73.5,1.0,3.6,18.7,Yes,No,Middle,1.0,Yes,Salle 14,248.0
Male,25.0,Electrique,3,86.8,13.0,65.1,61.6,67.1,0.0,1.3,16.7,Yes,Yes,High,1.0,No,Salle 22,188.0
Female,19.0,Electrique,4,90.3,10.0,70.7,69.4,57.4,2.0,2.0,12.0,Yes,No,Low,1.0,Yes,Salle 1,157.0
Male,22.0,Electrique,3,100.0,0.0,66.3,61.6,34.7,1.0,6.6,33.5,Yes,No,Low,0.0,Yes,Salle 11,188.0
Female,24.0,Informatique,5,66.7,33.0,78.0,82.9,100.0,0.0,2.4,13.5,Yes,No,Middle,2.0,Yes,Salle 18,109.0
Female,21.0,GenieCivil,3,99.0,1.0,67.9,67.3,62.3,0.0,0.4,3.9,Yes,No,Middle,1.0,No,Salle 15,185.0
Female,22.0,Mecanique,1,71.8,28.0,71.6,94.3,73.2,0.0,3.1,11.5,Yes,No,Middle,2.0,Yes,Salle 2,186.0
Male,25.0,Electrique,3,92.9,7.0,52.1,48.9,27.9,1.0,2.5,18.1,No,Yes,High,1.0,Yes,Salle 11,188.0
Male,21.0,GenieCivil,3,81.7,18.0,69.2,60.4,61.9,1.0,1.4,0.3,Yes,No,Low,5.0,Yes,Salle 14,185.0
Male,20.0,Mecanique,4,73.0,27.0,68.1,48.1,31.6,2.0,1.1,15.7,No,No,Middle,1.0,No,Salle 16,178.0
Male,23.0,Informatique,2,79.9,20.0,65.1,55.5,71.9,1.0,0.3,12.9,Yes,No,High,3.0,Yes,Salle 25,298.0
Female,19.0,Informatique,1,84.1,16.0,43.1,55.6,99.0,1.0,6.5,32.3,No,No,Low,2.0,Yes,Salle 12,248.0
Female,21.0,Chimie,1,79.2,21.0,58.9,92.6,70.3,0.0,5.1,21.6,No,Yes,High,0.0,Yes,Salle 22,96.0
Male,20.0,Informatique,1,91.4,9.0,76.9,73.0,66.9,0.0,1.8,10.2,No,No,Middle,1.0,No,Salle 4,248.0
Male,21.0,Telecom,3,74.3,26.0,50.5,71.2,51.3,2.0,3.9,18.4,Yes,No,Middle,2.0,Yes,Salle 25,154.0
Male,23.0,Mecanique,2,86.7,13.0,53.1,62.6,82.5,0.0,2.6,12.1,Yes,No,Low,2.0,Yes,Salle 11,231.0
Male,23.0,Informatique,2,79.4,21.0,72.6,67.6,87.5,0.0,4.1,13.5,Yes,No,Middle,0.0,Yes,Salle 1,298.0
Male,23.0,Chimie,2,62.3,38.0,69.5,63.0,82.8,3.0,0.9,12.0,Yes,No,Middle,1.0,Yes,Salle 11,119.0
Male,25.0,Informatique,2,70.2,30.0,65.1,80.3,65.9,1.0,0.9,1.6,Yes,No,Middle,2.0,Yes,Salle 21,298.0
Female,25.0,Telecom,1,58.1,42.0,61.1,71.6,65.5,2.0,1.6,13.6,Yes,No,Low,1.0,Yes,Salle 15,121.0
Male,21.0,Electrique,2,61.8,38.0,74.4,38.2,71.9,2.0,0.1,7.5,No,Yes,Middle,0.0,Yes,Salle 25,185.0
Female,21.0,Mecanique,1,97.8,2.0,66.8,61.6,40.6,1.0,2.1,10.9,Yes,No,High,1.0,Yes,Salle 21,186.0
Male,25.0,Electrique,1,76.8,23.0,55.5,76.1,56.5,1.0,2.0,10.6,No,No,Middle,1.0,Yes,Salle 4,143.0
Male,24.0,Telecom,1,92.8,7.0,65.3,64.6,35.9,0.0,0.7,11.5,No,No,Middle,0.0,Yes,Salle 3,121.0
Male,18.0,Electrique,5,75.4,25.0,65.1,68.0,81.4,1.0,2.3,17.6,No,Yes,Middle,1.0,Yes,Salle 15,80.0
Female,21.0,Energetique,4,85.5,14.0,60.4,61.6,72.8,2.0,0.1,11.5,No,No,Low,2.0,Yes,Salle 5,70.0
Male,19.0,GenieCivil,2,75.2,25.0,46.6,76.8,69.6,0.0,0.6,8.4,No,No,Middle,2.0,Yes,Salle 29,177.0
Female,22.0,Mecanique,5,96.7,3.0,75.7,71.4,52.7,2.0,3.9,21.1,No,No,Low,2.0,Yes,Salle 21,67.0
Male,24.0,Mecanique,2,81.5,18.0,68.1,35.6,63.5,2.0,3.5,17.4,No,No,Middle,1.0,Yes,Salle 18,231.0
Male,24.0,Informatique,1,83.6,16.0,53.9,100.0,89.4,1.0,4.1,20.6,No,Yes,High,1.0,Yes,Salle 30,248.0
Male,23.0,Mecanique,2,85.8,14.0,93.9,68.1,37.7,1.0,6.8,31.6,Yes,No,Middle,3.0,Yes,Salle 14,231.0
Male,23.0,Energetique,2,88.1,12.0,64.2,88.9,60.3,2.0,0.7,6.9,Yes,Yes,High,0.0,Yes,Salle 6,71.0
Male,22.0,Informatique,1,88.7,11.0,65.8,64.6,100.0,3.0,1.4,8.5,Yes,No,Middle,3.0,Yes,Salle 18,248.0
Female,24.0,Telecom,2,82.7,17.0,58.2,61.6,70.8,1.0,1.4,1.7,No,No,Low,2.0,Yes,Salle 4,161.0
Female,22.0,Mecanique,1,68.1,32.0,35.0,74.3,94.9,1.0,0.8,11.2,Yes,No,Low,0.0,Yes,Salle 22,186.0
Male,21.0,Mecanique,2,80.4,20.0,59.5,61.5,49.1,0.0,1.8,18.4,Yes,No,High,1.0,Yes,Salle 26,231.0
Female,20.0,Chimie,1,91.5,8.0,57.5,42.8,72.1,0.0,1.4,11.5,No,No,Middle,3.0,Yes,Salle 26,96.0
Female,24.0,Electrique,1,79.8,20.0,84.2,76.0,60.2,1.0,4.4,23.4,Yes,No,Middle,1.0,Yes,Salle 16,143.0
Male,19.0,Informatique,4,78.5,22.0,56.5,64.2,76.6,2.0,0.7,3.7,No,Yes,Middle,0.0,Yes,Salle 8,230.0
Female,22.0,Chimie,2,96.9,3.0,68.9,49.4,83.1,0.0,0.6,6.5,Yes,No,High,0.0,Yes,Salle 15,119.0
Female,19.0,Mecanique,2,100.0,0.0,52.7,64.1,55.9,0.0,0.3,5.8,No,No,Middle,0.0,Yes,Salle 30,231.0
Male,19.0,Mecanique,3,80.0,20.0,56.1,70.4,82.2,3.0,1.3,11.9,Yes,No,Middle,2.0,No,Salle 30,212.0
Female,21.0,Mecanique,3,78.0,22.0,23.2,76.3,80.3,1.0,2.1,18.1,Yes,No,Middle,1.0,Yes,Salle 10,212.0
Male,24.0,Informatique,2,66.2,34.0,55.4,60.5,30.7,1.0,3.9,18.4,No,No,Low,0.0,Yes,Salle 20,298.0
Male,19.0,Mecanique,2,98.5,2.0,64.3,47.8,47.2,2.0,0.4,5.8,Yes,No,Middle,1.0,Yes,Salle 3,231.0
Male,22.0,Telecom,2,73.0,27.0,81.9,67.0,65.7,0.0,3.6,18.6,Yes,No,Low,1.0,Yes,Salle 22,161.0
Male,20.0,Informatique,2,89.7,10.0,83.3,63.8,77.2,1.0,8.5,35.2,Yes,Yes,Middle,2.0,Yes,Salle 17,298.0
Male,23.0,Mecanique,3,91.9,8.0,47.8,80.0,90.3,1.0,2.0,16.6,Yes,No,Middle,2.0,Yes,Salle 29,212.0
Female,21.0,Mecanique,1,92.8,7.0,42.8,52.7,100.0,2.0,2.9,17.1,Yes,No,High,1.0,No,Salle 21,186.0
Female,24.0,GenieCivil,1,81.0,19.0,65.0,93.4,8.6,4.0,0.8,15.4,Yes,No,Middle,1.0,Yes,Salle 2,149.0
Female,21.0,Energetique,2,84.6,15.0,52.7,36.7,64.8,1.0,0.5,5.8,Yes,No,Middle,2.0,No,Salle 17,71.0
Female,24.0,Mecanique,1,78.4,22.0,71.7,46.1,86.8,2.0,1.2,8.5,Yes,No,Middle,1.0,Yes,Salle 13,186.0
Male,22.0,Electrique,3,94.3,6.0,49.8,64.2,81.9,1.0,0.5,0.0,Yes,Yes,Low,3.0,No,Salle 27,188.0
Male,21.0,Mecanique,5,98.7,1.0,65.1,68.4,55.0,0.0,2.2,13.2,No,Yes,Middle,2.0,Yes,Salle 6,67.0
Female,20.0,Informatique,3,72.4,28.0,75.1,30.8,97.3,1.0,3.1,16.1,Yes,No,Middle,2.0,No,Salle 25,263.0
Other,19.0,GenieCivil,1,98.6,1.0,48.9,77.5,44.7,2.0,0.1,7.9,Yes,No,Middle,1.0,No,Salle 22,149.0
Female,21.0,Chimie,2,97.4,3.0,56.2,54.1,67.2,0.0,0.7,3.3,No,No,Low,2.0,Yes,Salle 20,119.0
Female,22.0,Energetique,1,95.9,4.0,48.8,61.6,82.1,0.0,2.2,21.2,Yes,No,Low,1.0,Yes,Salle 10,83.0
Male,18.0,Informatique,5,82.8,17.0,73.9,49.5,38.5,0.0,1.4,11.8,No,No,High,2.0,Yes,Salle 8,109.0
Male,22.0,Telecom,4,69.2,31.0,59.7,28.2,71.7,2.0,2.0,10.9,No,No,Middle,1.0,Yes,Salle 29,121.0
Male,24.0,GenieCivil,5,99.5,0.0,100.0,73.3,67.7,1.0,0.4,3.5,Yes,No,Middle,0.0,Yes,Salle 13,70.0
Female,22.0,Informatique,5,94.1,6.0,79.8,80.8,51.2,1.0,1.4,44.0,Yes,No,Middle,0.0,Yes,Salle 8,109.0
Male,19.0,Mecanique,3,78.9,21.0,67.7,74.3,80.6,2.0,0.1,0.5,No,No,Middle,1.0,Yes,Salle 28,212.0
Male,22.0,Informatique,2,93.0,7.0,55.4,63.6,82.1,0.0,5.6,33.0,Yes,No,Middle,1.0,No,Salle 26,298.0
Male,23.0,Energetique,3,70.5,30.0,69.3,71.2,18.7,2.0,0.8,11.9,No,No,Middle,3.0,Yes,Salle 1,104.0
Male,22.0,Electrique,4,66.7,33.0,71.5,43.9,63.5,1.0,3.4,20.3,Yes,No,Middle,2.0,Yes,Salle 17,157.0
Female,21.0,Informatique,5,82.2,17.0,68.8,56.7,50.7,0.0,1.7,8.7,No,No,High,0.0,Yes,Salle 2,109.0
Female,20.0,Chimie,1,78.3,22.0,47.1,51.1,46.1,1.0,1.4,15.3,No,No,High,1.0,No,Salle 2,96.0
Male,24.0,Mecanique,1,91.2,9.0,47.5,34.7,68.0,0.0,0.3,5.5,No,No,Low,0.0,Yes,Salle 13,186.0
Male,23.0,Telecom,3,85.9,14.0,80.1,79.0,62.0,2.0,4.7,23.7,Yes,No,Middle,0.0,Yes,Salle 29,154.0
Male,19.0,Chimie,1,81.2,19.0,62.5,64.8,44.1,2.0,2.7,16.2,Yes,No,High,0.0,No,Salle 3,96.0
Male,23.0,Informatique,3,82.0,18.0,66.8,71.5,72.6,0.0,4.2,22.6,Yes,No,High,2.0,Yes,Salle 15,263.0
Female,21.0,Informatique,5,80.5,20.0,68.7,63.3,46.5,0.0,7.2,26.2,Yes,No,Low,2.0,No,Salle 22,109.0
Female,23.0,Telecom,2,90.7,9.0,91.0,86.4,65.8,0.0,2.6,21.6,No,Yes,Low,1.0,Yes,Salle 23,161.0
Female,25.0,Energetique,5,79.8,20.0,48.5,79.9,77.7,1.0,2.4,15.9,No,No,Low,1.0,Yes,Salle 15,40.0
Female,25.0,Mecanique,2,72.4,28.0,66.7,61.6,84.9,1.0,0.8,7.7,Yes,No,Middle,0.0,No,Salle 8,231.0
Female,23.0,Telecom,1,90.5,10.0,76.8,31.2,40.3,0.0,3.5,24.3,No,No,Low,1.0,Yes,Salle 13,121.0
Male,22.0,Electrique,3,77.1,23.0,58.8,97.3,68.4,2.0,0.4,10.0,Yes,No,Middle,0.0,Yes,Salle 5,188.0
Female,20.0,GenieCivil,4,97.1,3.0,74.9,74.8,80.8,0.0,1.4,13.8,Yes,No,Middle,1.0,Yes,Salle 12,173.0
Male,19.0,GenieCivil,3,69.9,30.0,68.2,61.6,73.2,3.0,0.9,8.1,Yes,No,Middle,1.0,Yes,Salle 30,185.0
Male,23.0,Telecom,2,78.2,22.0,41.5,82.4,68.9,2.0,2.2,12.7,Yes,No,Middle,2.0,Yes,Salle 8,161.0
Female,19.0,GenieCivil,2,79.9,20.0,64.3,66.5,46.4,2.0,1.5,9.8,No,No,High,0.0,Yes,Salle 4,177.0
Male,25.0,GenieCivil,3,87.1,13.0,94.5,53.0,74.3,3.0,6.0,29.6,No,Yes,Low,2.0,Yes,Salle 21,185.0
Female,19.0,GenieCivil,3,74.9,25.0,60.8,56.6,77.2,1.0,4.8,18.4,Yes,No,Middle,1.0,Yes,Salle 15,185.0
Male,20.0,GenieCivil,2,72.4,28.0,68.8,52.1,42.0,3.0,2.9,19.6,Yes,No,Low,1.0,No,Salle 26,177.0
Male,19.0,Electrique,1,87.5,12.0,64.4,52.4,63.2,1.0,0.2,3.7,No,No,Low,1.0,Yes,Salle 19,143.0
Male,22.0,Electrique,3,84.0,16.0,64.7,73.0,23.6,3.0,1.3,13.6,Yes,No,Middle,1.0,Yes,Salle 13,188.0
Female,23.0,Informatique,1,89.9,10.0,62.0,52.4,80.6,2.0,4.9,26.0,Yes,No,Low,1.0,No,Salle 10,248.0
Female,21.0,Mecanique,2,73.4,27.0,56.3,60.2,63.7,0.0,0.3,8.4,No,No,High,1.0,Yes,Salle 4,231.0
Male,20.0,Mecanique,2,70.7,29.0,78.5,59.2,67.6,0.0,0.3,7.4,Yes,Yes,Middle,2.0,Yes,Salle 6,231.0
Male,24.0,Mecanique,1,100.0,0.0,73.3,78.4,41.4,1.0,0.7,5.3,Yes,No,Low,1.0,Yes,Salle 11,186.0
Male,19.0,Chimie,4,81.6,18.0,71.5,55.5,51.6,1.0,1.4,1.2,Yes,Yes,Middle,1.0,Yes,Salle 15,93.0
Female,21.0,Energetique,1,68.4,32.0,64.8,66.3,55.9,3.0,0.7,12.0,Yes,No,High,0.0,Yes,Salle 26,83.0
Female,25.0,Electrique,2,87.3,13.0,65.1,60.4,100.0,0.0,1.1,7.1,No,No,Middle,1.0,No,Salle 10,185.0
Male,24.0,Telecom,3,82.9,17.0,65.1,66.1,81.4,2.0,0.1,6.4,Yes,No,Middle,0.0,Yes,Salle 2,154.0
Male,21.0,Mecanique,1,85.1,15.0,85.9,47.6,63.5,2.0,6.1,11.5,Yes,No,Middle,1.0,Yes,Salle 19,186.0
Male,27.0,Energetique,4,95.0,5.0,72.3,63.7,48.1,1.0,1.4,4.7,No,No,Middle,2.0,Yes,Salle 6,70.0
Female,22.0,Telecom,3,58.6,41.0,62.5,62.1,51.2,2.0,1.6,6.6,Yes,No,Middle,0.0,Yes,Salle 7,154.0
Female,22.0,GenieCivil,5,81.7,18.0,67.9,76.4,63.5,0.0,1.5,10.1,Yes,No,High,2.0,Yes,Salle 29,70.0
Female,20.0,Electrique,4,70.2,30.0,64.7,50.8,73.9,2.0,0.1,2.5,Yes,No,Low,1.0,Yes,Salle 15,157.0
Female,22.0,Telecom,3,85.5,14.0,46.5,47.8,84.3,1.0,1.2,11.5,Yes,Yes,Middle,0.0,Yes,Salle 16,154.0
Male,24.0,Informatique,3,79.9,20.0,42.2,84.0,59.0,1.0,1.4,4.8,No,No,Middle,3.0,Yes,Salle 16,263.0
Female,22.0,Electrique,3,96.8,3.0,90.8,48.7,75.8,2.0,0.8,13.3,Yes,No,Low,1.0,Yes,Salle 25,188.0
Female,19.0,Mecanique,1,66.5,34.0,56.5,69.3,69.6,1.0,5.0,18.8,Yes,No,Low,1.0,Yes,Salle 3,186.0
Female,26.0,Informatique,2,87.9,12.0,60.5,25.1,44.5,2.0,3.4,11.1,Yes,No,Middle,0.0,Yes,Salle 24,298.0
Male,20.0,GenieCivil,5,79.8,20.0,74.0,61.6,71.8,2.0,1.4,12.3,No,No,High,2.0,Yes,Salle 21,70.0
Male,21.0,Informatique,3,79.9,20.0,50.1,67.3,57.6,0.0,5.0,24.2,Yes,Yes,Middle,0.0,Yes,Salle 10,263.0
Female,24.0,Informatique,1,82.7,17.0,65.1,42.1,87.1,1.0,4.9,22.3,No,No,Middle,1.0,No,Salle 26,248.0
Male,24.0,GenieCivil,3,80.5,20.0,41.8,98.7,58.5,0.0,0.5,10.0,Yes,No,High,3.0,Yes,Salle 25,185.0
Female,21.0,Electrique,3,76.4,24.0,53.9,51.6,68.6,3.0,3.3,18.5,No,No,Middle,2.0,No,Salle 26,188.0
Male,20.0,Informatique,1,82.8,17.0,55.9,49.5,56.3,1.0,2.0,9.9,No,No,Middle,0.0,Yes,Salle 21,248.0
Male,19.0,Informatique,1,95.4,5.0,70.8,83.0,75.1,0.0,1.4,18.1,Yes,No,Low,1.0,Yes,Salle 29,248.0
Female,21.0,Informatique,2,71.3,29.0,65.2,19.0,84.8,0.0,1.4,19.1,Yes,Yes,Low,0.0,No,Salle 9,298.0
Female,23.0,Informatique,4,99.4,1.0,56.2,70.9,57.9,4.0,4.2,14.7,Yes,No,Middle,1.0,Yes,Salle 6,230.0
Male,23.0,GenieCivil,3,83.7,16.0,74.6,97.0,63.3,2.0,3.4,25.9,Yes,No,Middle,1.0,Yes,Salle 26,185.0
Female,22.0,Telecom,1,69.7,30.0,38.0,65.3,97.7,1.0,2.0,22.1,Yes,No,Middle,1.0,No,Salle 4,121.0
Male,22.0,Informatique,4,71.5,28.0,87.5,61.6,72.8,1.0,4.3,18.8,Yes,No,Middle,2.0,Yes,Salle 27,230.0
Female,22.0,Informatique,4,68.6,31.0,71.8,66.8,44.5,0.0,1.9,7.9,Yes,No,High,1.0,Yes,Salle 6,230.0
Male,22.0,Informatique,3,88.8,11.0,49.0,50.5,34.5,0.0,1.4,4.3,Yes,Yes,Middle,2.0,Yes,Salle 26,263.0
Male,24.0,Energetique,1,76.6,23.0,49.9,51.6,55.7,2.0,1.4,20.4,No,Yes,Middle,2.0,Yes,Salle 20,83.0
Female,23.0,GenieCivil,4,80.1,20.0,54.2,45.2,82.2,2.0,0.1,10.5,No,No,Middle,1.0,No,Salle 7,173.0
Male,23.0,Telecom,4,75.4,25.0,93.3,70.5,64.6,1.0,1.0,21.5,Yes,No,Low,1.0,Yes,Salle 20,121.0
Male,22.0,Electrique,2,87.9,12.0,83.6,45.5,54.2,1.0,0.1,6.5,No,No,Middle,1.0,No,Salle 3,185.0
Female,23.0,Mecanique,2,86.7,13.0,72.1,62.0,63.5,1.0,0.1,8.7,No,No,Low,2.0,Yes,Salle 20,231.0
Male,22.0,Chimie,3,87.1,13.0,58.2,61.6,26.8,1.0,1.9,5.2,Yes,Yes,Low,1.0,No,Salle 14,130.0
Male,22.0,Mecanique,2,78.0,22.0,78.9,100.0,71.7,0.0,0.8,14.0,Yes,No,Middle,2.0,Yes,Salle 26,231.0
Female,19.0,Electrique,2,92.9,7.0,58.0,66.5,94.9,3.0,2.9,11.1,Yes,No,Middle,0.0,Yes,Salle 4,185.0
Male,19.0,Electrique,3,82.3,18.0,72.9,70.5,76.3,4.0,0.2,11.5,Yes,Yes,Middle,1.0,Yes,Salle 23,188.0
Female,25.0,Chimie,2,82.2,3.0,49.1,71.7,51.8,2.0,1.1,12.3,Yes,No,Low,0.0,Yes,Salle 16,119.0
Male,23.0,Electrique,4,98.1,2.0,81.7,62.5,50.3,0.0,1.4,21.9,Yes,No,Middle,1.0,Yes,Salle 26,157.0
Male,23.0,GenieCivil,3,78.0,22.0,60.0,54.4,53.1,3.0,0.6,9.3,No,No,Middle,1.0,No,Salle 6,185.0
Male,23.0,GenieCivil,4,91.9,8.0,44.9,83.0,63.5,3.0,1.4,10.3,No,No,Middle,0.0,Yes,Salle 4,173.0
Male,26.0,Informatique,4,93.4,7.0,68.5,73.9,35.5,2.0,0.7,10.3,Yes,No,Low,0.0,Yes,Salle 27,230.0
Male,19.0,Informatique,1,66.6,33.0,46.6,91.5,100.0,2.0,1.4,7.6,Yes,No,Middle,1.0,Yes,Salle 14,248.0
Male,20.0,Telecom,3,76.5,24.0,73.1,66.5,63.5,3.0,0.8,7.8,Yes,No,Middle,3.0,Yes,Salle 26,154.0
Male,18.0,Telecom,1,79.2,21.0,67.5,35.3,24.5,0.0,2.3,8.4,No,No,Middle,0.0,Yes,Salle 13,121.0
Female,22.0,Chimie,2,77.3,23.0,88.9,46.9,18.0,1.0,5.5,23.4,Yes,Yes,Low,2.0,Yes,Salle 1,119.0
Male,21.0,Energetique,3,81.4,19.0,77.7,40.8,55.9,0.0,3.5,17.2,No,No,Middle,0.0,Yes,Salle 1,104.0
Male,19.0,Energetique,1,51.2,49.0,57.4,59.1,92.6,0.0,0.7,4.4,Yes,No,High,2.0,Yes,Salle 17,83.0
Female,22.0,GenieCivil,4,85.3,15.0,33.5,26.4,24.9,1.0,1.1,8.0,Yes,Yes,Low,1.0,Yes,Salle 19,173.0
Male,21.0,GenieCivil,1,77.9,22.0,65.1,56.0,82.9,4.0,6.9,30.1,Yes,No,Low,1.0,Yes,Salle 9,149.0
Male,22.0,Telecom,2,84.3,16.0,58.0,66.9,100.0,2.0,2.0,20.4,No,No,Middle,0.0,Yes,Salle 19,161.0
Female,25.0,Informatique,1,69.7,30.0,55.8,54.9,59.4,1.0,6.6,29.0,Yes,No,Middle,0.0,Yes,Salle 17,248.0
Female,21.0,Mecanique,2,77.8,22.0,62.4,95.4,46.0,1.0,1.4,19.9,No,No,Low,1.0,Yes,Salle 3,231.0
Female,20.0,Telecom,4,83.0,17.0,39.1,66.8,53.5,1.0,1.6,5.9,Yes,No,Middle,2.0,Yes,Salle 22,121.0
Male,21.0,Energetique,1,97.2,3.0,65.1,79.0,82.5,1.0,0.2,2.0,Yes,No,Middle,1.0,No,Salle 14,83.0
Male,25.0,Mecanique,1,81.1,19.0,65.1,99.3,99.3,1.0,1.3,14.6,Yes,No,Low,1.0,Yes,Salle 25,186.0
Male,21.0,Telecom,5,81.3,19.0,91.5,78.1,46.2,0.0,0.1,5.0,Yes,No,High,1.0,Yes,Salle 14,60.0
Female,21.0,GenieCivil,3,68.6,31.0,57.0,72.4,65.7,0.0,0.8,8.2,Yes,No,Low,0.0,No,Salle 21,185.0
Female,21.0,Informatique,1,93.1,7.0,60.9,63.1,83.2,1.0,0.8,8.4,No,No,Middle,1.0,Yes,Salle 2,248.0
Male,18.0,Telecom,2,82.8,17.0,86.0,61.6,57.7,4.0,1.1,10.3,Yes,Yes,Middle,0.0,Yes,Salle 7,161.0
Male,21.0,Electrique,1,100.0,0.0,84.2,59.5,40.4,1.0,9.4,40.6,Yes,No,Middle,0.0,Yes,Salle 9,143.0
Male,21.0,Informatique,2,75.0,25.0,65.8,77.5,33.8,1.0,0.0,8.0,Yes,No,Middle,3.0,Yes,Salle 21,298.0
Male,23.0,Chimie,2,98.6,1.0,77.2,90.1,75.2,0.0,0.3,7.1,No,No,High,0.0,No,Salle 9,119.0
Female,23.0,Telecom,3,74.8,25.0,65.1,67.4,57.5,2.0,0.2,5.5,Yes,No,Middle,0.0,Yes,Salle 9,154.0
Female,18.0,Electrique,3,97.7,2.0,56.1,65.6,85.6,4.0,3.3,13.9,Yes,No,Middle,0.0,Yes,Salle 13,188.0
Female,18.0,Chimie,4,97.5,2.0,49.3,51.9,75.1,0.0,0.9,4.8,Yes,No,Middle,1.0,Yes,Salle 4,93.0
Female,22.0,Mecanique,3,82.2,4.0,70.7,61.6,56.1,1.0,0.1,0.8,Yes,No,Middle,0.0,No,Salle 3,212.0
Male,17.0,Telecom,4,68.6,31.0,69.3,66.2,49.7,1.0,4.7,12.7,No,No,Middle,1.0,Yes,Salle 14,121.0
Male,22.0,Informatique,1,78.1,22.0,61.8,35.9,57.9,1.0,1.4,4.5,Yes,Yes,Middle,0.0,Yes,Salle 14,248.0
Male,20.0,GenieCivil,4,80.4,20.0,96.3,39.7,64.2,1.0,4.0,18.4,No,No,Middle,1.0,Yes,Salle 25,173.0
Female,25.0,Informatique,3,84.0,16.0,67.5,57.6,66.2,1.0,0.0,1.6,Yes,No,Middle,1.0,No,Salle 25,263.0
Female,22.0,Electrique,2,73.9,26.0,73.9,100.0,57.2,0.0,6.2,11.5,Yes,No,Middle,1.0,Yes,Salle 14,185.0
Female,25.0,Informatique,3,79.0,21.0,57.8,77.0,47.7,1.0,0.8,14.4,Yes,No,Middle,1.0,Yes,Salle 13,263.0
Female,21.0,Informatique,4,79.3,21.0,79.6,63.8,68.7,0.0,1.4,9.4,Yes,No,High,1.0,Yes,Salle 21,230.0
Male,27.0,Telecom,1,100.0,0.0,68.8,70.8,70.1,2.0,0.2,6.1,No,No,Middle,1.0,Yes,Salle 25,121.0
Male,20.0,Energetique,1,80.8,19.0,82.9,72.4,56.6,1.0,1.7,11.0,Yes,No,Low,1.0,Yes,Salle 13,83.0
Male,20.0,Telecom,2,58.0,42.0,71.3,40.8,68.1,1.0,0.1,0.0,Yes,No,Low,1.0,No,Salle 21,161.0
Male,20.0,GenieCivil,3,68.9,31.0,64.2,47.2,60.9,1.0,2.1,9.6,Yes,No,Middle,1.0,No,Salle 12,185.0
Female,23.0,Chimie,3,100.0,0.0,60.0,40.5,36.5,1.0,3.0,14.5,No,No,Low,2.0,Yes,Salle 10,130.0
Male,20.0,Mecanique,1,73.6,26.0,57.4,69.8,88.6,1.0,1.1,11.5,Yes,Yes,High,1.0,Yes,Salle 7,186.0
Female,20.0,Telecom,5,96.3,4.0,72.7,84.0,60.7,3.0,0.8,6.4,Yes,Yes,Middle,3.0,Yes,Salle 21,60.0
Female,23.0,Electrique,4,96.0,4.0,65.8,74.1,65.9,0.0,6.9,31.8,Yes,No,Middle,2.0,Yes,Salle 27,157.0
Male,23.0,Mecanique,1,72.3,28.0,69.8,41.3,58.0,0.0,3.1,19.9,No,No,Middle,3.0,Yes,Salle 1,186.0
Male,22.0,GenieCivil,2,88.8,11.0,68.9,65.8,39.7,3.0,2.6,18.1,No,No,Middle,1.0,No,Salle 17,177.0
Female,22.0,Informatique,2,94.2,6.0,79.0,38.6,26.4,2.0,2.1,6.1,Yes,No,Middle,0.0,No,Salle 20,298.0
Female,23.0,Informatique,1,93.8,6.0,53.6,79.5,52.5,2.0,1.4,6.4,No,No,Low,0.0,Yes,Salle 6,248.0
Female,20.0,Telecom,1,73.9,26.0,49.9,53.9,40.5,1.0,1.0,11.5,Yes,No,Middle,2.0,No,Salle 9,121.0
Female,25.0,Telecom,2,64.7,35.0,31.7,63.2,34.8,1.0,9.2,40.4,Yes,No,Middle,1.0,No,Salle 18,161.0
Female,20.0,Electrique,5,87.7,12.0,52.6,63.6,51.6,2.0,1.7,12.7,No,No,Middle,0.0,Yes,Salle 11,80.0
Female,23.0,Mecanique,1,77.8,22.0,40.7,61.6,85.7,0.0,1.1,11.6,Yes,No,Low,1.0,Yes,Salle 11,186.0
Male,23.0,Electrique,3,100.0,0.0,57.9,19.1,73.4,2.0,0.2,11.1,Yes,No,Middle,2.0,Yes,Salle 9,188.0
Male,23.0,Informatique,5,73.4,27.0,87.1,60.8,48.0,1.0,8.2,40.5,Yes,No,Middle,2.0,No,Salle 13,109.0
Female,20.0,Electrique,2,74.5,26.0,100.0,82.2,75.9,0.0,4.4,11.5,Yes,Yes,Middle,1.0,No,Salle 20,185.0
Female,22.0,Electrique,2,73.4,27.0,87.0,34.0,70.8,1.0,6.4,25.9,Yes,No,Middle,1.0,Yes,Salle 3,185.0
Female,21.0,Telecom,2,74.8,25.0,81.3,66.7,68.3,1.0,6.9,37.6,Yes,Yes,High,2.0,Yes,Salle 19,161.0
Male,22.0,Informatique,2,96.9,3.0,60.2,33.2,55.1,1.0,0.3,6.3,Yes,No,Middle,2.0,Yes,Salle 16,298.0
Male,23.0,Mecanique,3,83.5,16.0,80.5,50.5,64.2,2.0,2.6,19.7,No,No,High,2.0,Yes,Salle 12,212.0
Male,24.0,Electrique,5,88.2,12.0,49.2,77.8,64.1,1.0,1.1,17.7,Yes,No,Middle,1.0,No,Salle 9,80.0
Male,22.0,Energetique,1,88.4,12.0,63.8,51.4,80.3,2.0,0.1,2.3,No,No,High,1.0,Yes,Salle 17,83.0
Male,21.0,Electrique,3,100.0,0.0,63.9,55.5,82.1,0.0,2.0,10.7,No,No,Low,1.0,Yes,Salle 3,188.0
Female,24.0,Chimie,1,93.3,7.0,75.2,48.8,67.3,1.0,0.2,7.3,Yes,No,Low,4.0,Yes,Salle 12,96.0
Female,21.0,Chimie,4,88.1,12.0,85.7,59.6,81.5,2.0,8.0,37.6,Yes,No,Middle,3.0,Yes,Salle 16,93.0
Male,20.0,Informatique,3,83.7,16.0,56.1,63.3,50.0,0.0,1.4,19.1,No,No,Low,2.0,Yes,Salle 10,263.0
Male,23.0,Energetique,3,72.2,28.0,46.5,46.6,58.0,1.0,1.7,15.5,Yes,No,Middle,2.0,Yes,Salle 2,104.0
Male,24.0,Chimie,3,80.7,19.0,68.6,71.5,77.6,0.0,1.5,9.1,Yes,No,Middle,0.0,No,Salle 1,130.0
Male,25.0,Telecom,4,73.3,27.0,68.5,66.0,63.5,0.0,0.6,7.4,No,No,Middle,1.0,Yes,Salle 29,121.0
Female,25.0,Mecanique,3,87.8,12.0,87.9,36.6,35.7,3.0,1.8,11.5,No,Yes,High,2.0,Yes,Salle 9,212.0
Female,24.0,Mecanique,1,81.9,18.0,78.5,41.4,49.2,1.0,3.9,22.4,Yes,Yes,Middle,1.0,No,Salle 25,186.0
Female,23.0,Chimie,3,82.2,20.0,65.1,61.9,44.9,2.0,4.2,19.6,No,No,High,1.0,No,Salle 2,130.0
Male,23.0,Telecom,1,81.9,18.0,49.8,77.6,65.0,2.0,13.2,55.2,No,No,Middle,2.0,No,Salle 10,121.0
Male,23.0,Mecanique,2,74.7,25.0,70.7,29.7,60.8,0.0,1.4,9.9,Yes,No,Middle,0.0,Yes,Salle 30,231.0
Male,20.0,Telecom,2,82.2,43.0,56.0,43.6,62.5,1.0,2.2,8.7,Yes,No,High,1.0,Yes,Salle 30,161.0
Female,23.0,Informatique,1,81.9,18.0,86.5,48.4,92.9,0.0,1.4,5.7,Yes,No,Middle,1.0,No,Salle 11,248.0
Male,24.0,Telecom,3,79.8,20.0,79.8,73.1,49.3,3.0,0.3,6.5,Yes,No,High,2.0,Yes,Salle 13,154.0
Male,22.0,Telecom,1,75.8,24.0,65.1,65.1,27.6,2.0,1.5,12.8,Yes,No,Middle,2.0,No,Salle 6,121.0
Other,19.0,Energetique,2,78.1,22.0,55.9,25.3,45.9,1.0,3.3,19.1,No,Yes,Low,1.0,No,Salle 17,71.0
Female,23.0,Telecom,2,84.5,16.0,50.8,75.4,87.1,1.0,1.1,13.9,Yes,No,Middle,0.0,Yes,Salle 23,161.0
Male,26.0,Mecanique,1,65.8,34.0,47.1,61.0,100.0,2.0,1.4,10.3,Yes,No,Middle,3.0,Yes,Salle 19,186.0
Male,24.0,GenieCivil,2,78.3,22.0,90.1,94.9,35.0,2.0,3.8,23.6,No,No,Low,3.0,No,Salle 27,177.0
Male,23.0,Chimie,2,88.6,11.0,44.2,45.8,63.4,1.0,0.5,12.3,No,No,High,1.0,Yes,Salle 28,119.0
Male,21.0,Chimie,3,96.0,4.0,63.5,63.6,44.8,0.0,3.9,11.5,Yes,No,Middle,0.0,Yes,Salle 16,130.0
Male,21.0,GenieCivil,4,70.3,30.0,70.0,43.4,78.7,0.0,1.9,11.5,Yes,No,Middle,0.0,Yes,Salle 14,173.0
Female,24.0,GenieCivil,4,69.9,30.0,39.1,65.6,66.2,1.0,0.5,12.9,Yes,Yes,Middle,1.0,Yes,Salle 14,173.0
Female,25.0,Electrique,4,96.2,4.0,57.3,59.3,70.2,1.0,0.7,8.4,No,No,Middle,0.0,Yes,Salle 24,157.0
Male,26.0,Electrique,5,71.2,29.0,91.3,30.7,59.1,0.0,0.1,9.1,Yes,No,Middle,0.0,Yes,Salle 14,80.0
Male,22.0,Electrique,3,90.1,10.0,50.2,54.8,73.9,2.0,1.7,11.5,Yes,No,Low,1.0,Yes,Salle 25,188.0
Male,20.0,GenieCivil,4,90.8,9.0,77.3,45.1,45.4,0.0,2.0,9.4,Yes,No,Middle,1.0,Yes,Salle 26,173.0
Male,21.0,Chimie,2,95.8,4.0,65.1,49.2,57.0,1.0,1.0,6.2,No,No,Middle,1.0,No,Salle 12,119.0
Male,24.0,Informatique,4,72.8,27.0,71.2,58.0,61.6,2.0,5.9,32.4,Yes,Yes,Middle,1.0,Yes,Salle 17,230.0
Male,20.0,Informatique,1,75.9,24.0,47.0,82.8,72.4,0.0,1.6,5.6,No,No,Low,1.0,No,Salle 24,248.0
Male,21.0,Telecom,2,100.0,0.0,54.0,80.4,100.0,0.0,0.3,0.8,No,No,Middle,1.0,Yes,Salle 2,161.0
Male,17.0,Informatique,2,100.0,0.0,51.1,38.3,100.0,1.0,0.7,3.0,Yes,No,Low,1.0,Yes,Salle 24,298.0
Male,24.0,Electrique,2,64.2,36.0,69.7,55.5,75.2,1.0,1.1,9.7,Yes,No,Middle,0.0,Yes,Salle 1,185.0
Male,20.0,Informatique,3,80.5,20.0,79.1,90.2,46.5,2.0,10.4,47.8,Yes,Yes,High,1.0,Yes,Salle 5,263.0
Female,24.0,Chimie,3,60.6,39.0,41.6,75.7,69.6,0.0,0.9,9.0,Yes,No,Middle,1.0,No,Salle 7,130.0
Male,20.0,GenieCivil,4,73.6,26.0,87.6,54.9,52.6,0.0,0.1,2.7,Yes,No,Middle,1.0,No,Salle 13,173.0
Female,21.0,Informatique,5,99.1,1.0,63.2,68.0,95.2,1.0,0.2,0.4,Yes,No,Middle,1.0,Yes,Salle 19,109.0
Male,21.0,Chimie,2,75.7,24.0,79.2,89.0,63.5,2.0,1.1,15.2,Yes,No,Low,4.0,No,Salle 24,119.0
Male,21.0,Electrique,4,71.1,29.0,73.2,64.8,73.3,1.0,1.2,8.1,No,No,High,1.0,Yes,Salle 22,157.0
Male,24.0,Informatique,3,82.1,18.0,63.1,82.8,61.0,1.0,0.9,5.6,No,No,Low,2.0,Yes,Salle 4,263.0
Male,21.0,Mecanique,2,74.4,26.0,66.2,59.6,61.9,1.0,0.3,5.0,No,Yes,High,2.0,Yes,Salle 10,231.0
Male,22.0,Informatique,2,75.9,24.0,61.7,66.6,76.5,1.0,3.2,18.6,Yes,No,High,1.0,No,Salle 24,298.0
Male,21.0,Informatique,2,84.0,16.0,59.0,63.5,82.0,0.0,0.4,8.6,No,No,Middle,1.0,Yes,Salle 25,298.0
Male,22.0,Informatique,4,58.6,41.0,49.6,76.7,74.7,3.0,1.4,11.5,No,No,Low,1.0,No,Salle 13,177.0
Male,26.0,Electrique,5,82.2,18.0,51.4,75.1,62.8,2.0,1.5,11.0,Yes,No,Middle,3.0,Yes,Salle 12,80.0
Male,22.0,Energetique,3,95.6,4.0,63.2,44.0,86.0,1.0,1.4,9.4,No,No,Low,1.0,Yes,Salle 20,104.0
Female,20.0,Electrique,5,96.7,3.0,48.6,86.6,63.5,0.0,1.5,6.4,No,Yes,Middle,0.0,No,Salle 7,80.0
Male,19.0,Informatique,3,100.0,0.0,91.8,40.1,74.2,2.0,2.7,11.5,Yes,No,Middle,4.0,Yes,Salle 10,263.0
Female,21.0,Telecom,5,86.0,14.0,65.9,65.9,35.7,2.0,2.2,19.6,Yes,No,Middle,1.0,Yes,Salle 27,60.0
Male,21.0,Electrique,4,90.4,10.0,76.9,61.9,71.8,1.0,4.1,21.2,Yes,Yes,High,1.0,Yes,Salle 4,157.0
Female,21.0,Telecom,4,72.9,27.0,78.0,80.1,29.8,3.0,1.0,6.0,Yes,No,Middle,1.0,Yes,Salle 3,121.0
Female,21.0,GenieCivil,5,77.6,22.0,70.3,61.6,49.8,1.0,2.8,17.3,No,No,Middle,0.0,Yes,Salle 7,70.0
Male,23.0,Electrique,2,99.0,1.0,74.7,62.7,96.8,0.0,4.3,18.8,Yes,Yes,Middle,1.0,Yes,Salle 7,185.0
Female,21.0,Informatique,2,82.2,18.0,76.8,33.1,51.2,0.0,1.4,4.2,No,No,Low,2.0,No,Salle 14,298.0
Male,24.0,Informatique,4,89.2,11.0,60.4,46.8,74.7,3.0,0.6,6.7,Yes,No,Middle,3.0,Yes,Salle 21,230.0
Male,22.0,Telecom,3,73.5,26.0,77.5,77.7,57.3,1.0,1.3,9.1,Yes,No,Middle,3.0,Yes,Salle 11,154.0
Male,22.0,Informatique,4,76.9,23.0,96.4,56.6,44.1,3.0,3.2,25.1,Yes,Yes,Middle,0.0,Yes,Salle 25,230.0
Female,22.0,Energetique,3,93.6,6.0,50.3,33.4,38.8,1.0,2.0,15.0,No,No,Middle,1.0,No,Salle 2,104.0
Female,22.0,Electrique,3,100.0,0.0,54.0,57.3,55.5,3.0,1.5,13.0,No,No,Middle,1.0,No,Salle 4,188.0
Male,20.0,Telecom,3,84.5,16.0,31.7,58.3,95.4,0.0,5.8,29.6,Yes,No,Middle,3.0,No,Salle 18,154.0
Male,24.0,Informatique,4,100.0,0.0,48.6,33.6,55.4,1.0,3.0,20.0,Yes,No,Low,1.0,No,Salle 13,230.0
Other,22.0,Chimie,2,82.2,14.0,63.4,61.5,82.8,0.0,0.4,8.4,No,No,Low,1.0,Yes,Salle 4,119.0
Male,22.0,GenieCivil,1,64.0,36.0,77.2,61.6,56.6,0.0,1.0,9.7,No,Yes,Middle,0.0,Yes,Salle 16,149.0
Male,26.0,Informatique,3,89.8,10.0,45.2,59.0,54.0,4.0,0.5,6.6,Yes,No,Middle,1.0,Yes,Salle 30,263.0
Female,21.0,Informatique,3,97.3,3.0,82.1,46.6,87.3,1.0,0.2,7.2,Yes,No,Low,1.0,Yes,Salle 27,263.0
Male,21.0,Mecanique,4,84.4,16.0,82.3,42.7,61.5,1.0,0.0,2.0,Yes,No,High,1.0,Yes,Salle 20,178.0
Male,25.0,Mecanique,3,100.0,0.0,78.3,66.4,63.5,1.0,1.0,10.0,Yes,No,Low,1.0,Yes,Salle 14,212.0
Female,23.0,Electrique,3,77.6,22.0,66.1,63.2,38.8,1.0,1.4,19.3,Yes,No,Middle,0.0,No,Salle 28,188.0
Other,24.0,Informatique,3,100.0,0.0,65.1,61.6,85.7,1.0,0.0,6.7,Yes,No,Middle,0.0,Yes,Salle 15,263.0
Female,22.0,Informatique,1,60.4,40.0,72.4,61.0,72.2,1.0,0.3,8.5,Yes,No,Middle,0.0,Yes,Salle 21,248.0
Female,22.0,Chimie,3,82.2,0.0,87.9,81.3,58.7,1.0,0.3,3.8,Yes,Yes,Low,0.0,Yes,Salle 26,130.0
Female,23.0,Informatique,2,68.3,32.0,40.7,40.7,46.4,4.0,1.3,11.5,No,No,Low,0.0,Yes,Salle 17,298.0
Female,25.0,Electrique,3,72.5,28.0,69.4,79.4,67.4,1.0,1.5,12.8,Yes,No,Middle,2.0,No,Salle 10,188.0
Female,22.0,Chimie,5,90.3,10.0,76.7,98.2,74.8,0.0,2.7,15.5,No,No,Middle,3.0,No,Salle 29,48.0
Male,22.0,GenieCivil,2,85.0,15.0,64.6,64.5,91.9,1.0,2.1,13.9,No,No,Middle,0.0,Yes,Salle 19,177.0
Male,23.0,Informatique,4,77.6,22.0,65.1,61.6,36.6,3.0,0.8,8.9,No,Yes,Middle,1.0,Yes,Salle 17,230.0
Male,21.0,Electrique,2,91.0,9.0,69.8,58.4,45.9,0.0,1.4,14.9,Yes,Yes,Middle,2.0,Yes,Salle 8,185.0
Male,23.0,Informatique,4,96.0,4.0,73.6,67.0,91.7,1.0,3.6,18.3,Yes,No,High,0.0,Yes,Salle 17,230.0
Male,26.0,Informatique,3,80.6,19.0,54.5,70.3,53.4,2.0,4.1,20.6,Yes,No,Low,1.0,Yes,Salle 12,263.0
Male,21.0,GenieCivil,4,83.3,17.0,54.1,52.5,100.0,3.0,2.2,11.5,Yes,No,Middle,2.0,Yes,Salle 3,173.0
Male,23.0,Informatique,3,72.8,27.0,60.3,43.5,88.4,3.0,3.5,23.1,Yes,No,Middle,1.0,Yes,Salle 11,263.0
Male,20.0,Informatique,1,68.3,32.0,64.8,47.1,29.7,3.0,7.2,26.1,No,No,Middle,0.0,Yes,Salle 27,248.0
Female,27.0,GenieCivil,1,72.5,28.0,37.0,49.8,39.3,1.0,1.9,12.8,Yes,No,Middle,1.0,Yes,Salle 3,149.0
Male,21.0,GenieCivil,1,67.6,32.0,43.6,77.6,46.3,0.0,0.8,5.3,Yes,No,High,0.0,Yes,Salle 9,149.0
Female,22.0,Electrique,2,88.3,12.0,66.9,65.1,28.6,3.0,4.7,20.0,Yes,No,High,1.0,Yes,Salle 27,185.0
Male,21.0,Electrique,1,76.0,24.0,77.7,61.6,66.3,1.0,4.9,22.7,No,No,Middle,2.0,Yes,Salle 18,143.0
Male,19.0,Informatique,1,82.0,18.0,48.2,94.3,75.6,0.0,9.1,40.5,Yes,No,High,2.0,Yes,Salle 23,248.0
Male,21.0,Informatique,2,64.3,36.0,82.3,48.0,69.2,2.0,0.1,3.4,Yes,No,Middle,0.0,Yes,Salle 6,298.0
Female,24.0,GenieCivil,2,73.9,26.0,59.3,68.3,70.2,0.0,3.4,15.7,No,Yes,Middle,2.0,Yes,Salle 26,177.0
Male,22.0,Chimie,3,87.9,12.0,51.9,53.6,100.0,4.0,0.3,3.4,Yes,No,Middle,3.0,Yes,Salle 6,130.0
Female,25.0,Telecom,3,85.4,15.0,69.1,41.8,100.0,1.0,0.1,3.9,No,No,Middle,2.0,Yes,Salle 5,154.0
Female,18.0,Electrique,2,80.1,20.0,72.2,59.3,58.9,2.0,1.0,10.9,Yes,No,Middle,1.0,Yes,Salle 18,185.0
Male,20.0,Chimie,3,99.3,1.0,65.6,33.4,86.4,0.0,1.5,19.3,Yes,Yes,Low,1.0,Yes,Salle 24,130.0
Female,19.0,Electrique,2,98.2,2.0,81.5,75.9,84.6,0.0,3.6,14.3,Yes,No,High,2.0,No,Salle 20,185.0
Male,23.0,Chimie,1,79.5,20.0,65.1,63.2,63.3,2.0,1.1,17.4,Yes,Yes,Middle,2.0,No,Salle 3,96.0
Male,23.0,Mecanique,1,100.0,0.0,87.6,75.8,78.0,1.0,0.0,5.5,Yes,No,Middle,1.0,Yes,Salle 12,186.0
Male,24.0,Mecanique,4,84.3,16.0,67.5,61.8,65.9,0.0,1.8,13.8,Yes,No,Low,1.0,Yes,Salle 15,178.0
Female,22.0,Informatique,1,100.0,0.0,53.8,77.8,63.5,1.0,0.4,6.9,Yes,No,Middle,2.0,No,Salle 3,248.0
Female,23.0,GenieCivil,1,72.6,27.0,50.4,71.1,89.8,0.0,1.7,14.7,Yes,Yes,Middle,2.0,No,Salle 8,149.0
Female,20.0,GenieCivil,3,100.0,0.0,44.7,61.7,61.5,2.0,0.7,4.5,No,Yes,Middle,1.0,Yes,Salle 2,185.0
Female,20.0,Informatique,3,90.0,10.0,70.4,37.9,31.9,1.0,3.6,25.6,Yes,No,Middle,1.0,No,Salle 8,263.0
Male,22.0,Telecom,5,88.4,12.0,89.3,78.6,55.0,2.0,1.4,8.0,No,Yes,Middle,2.0,No,Salle 25,60.0
Male,21.0,Electrique,4,92.7,7.0,44.1,42.0,77.3,0.0,0.8,12.9,Yes,No,Middle,0.0,Yes,Salle 20,157.0
Female,21.0,Electrique,1,82.3,18.0,73.5,45.7,71.7,0.0,1.4,42.1,Yes,Yes,High,0.0,Yes,Salle 21,143.0
Female,25.0,Informatique,2,69.1,31.0,78.8,33.0,62.4,1.0,1.5,6.8,Yes,Yes,Middle,1.0,Yes,Salle 3,298.0
Male,24.0,Mecanique,2,78.6,21.0,61.3,46.3,62.8,1.0,1.0,12.9,No,No,Middle,1.0,No,Salle 24,231.0
Female,19.0,Informatique,3,100.0,0.0,68.9,78.3,37.0,0.0,1.0,11.7,No,No,Low,0.0,Yes,Salle 4,263.0
Male,22.0,Mecanique,2,88.5,12.0,65.8,69.5,63.5,1.0,3.0,14.7,Yes,No,Middle,0.0,Yes,Salle 1,231.0
Female,21.0,Mecanique,3,73.0,27.0,90.7,44.9,76.4,0.0,0.3,3.7,No,No,Middle,1.0,No,Salle 21,212.0
Male,27.0,Informatique,4,66.3,34.0,53.5,73.2,84.6,0.0,0.7,15.1,Yes,No,Middle,0.0,Yes,Salle 12,230.0
Female,24.0,Mecanique,4,93.7,6.0,50.6,73.6,61.2,1.0,2.5,16.3,No,No,Middle,1.0,Yes,Salle 20,178.0
Male,22.0,Energetique,4,83.5,16.0,77.1,62.2,75.9,2.0,1.3,7.5,Yes,No,High,0.0,Yes,Salle 13,70.0
Male,22.0,Telecom,5,69.8,30.0,56.2,81.2,54.5,2.0,3.4,14.1,Yes,No,Low,1.0,Yes,Salle 19,60.0
Male,22.0,Electrique,3,75.5,24.0,60.0,48.5,43.3,4.0,0.3,8.7,No,No,Middle,1.0,Yes,Salle 2,188.0
Male,21.0,Chimie,2,71.8,28.0,73.2,45.1,71.9,0.0,0.8,4.5,No,Yes,Low,4.0,Yes,Salle 1,119.0
Male,20.0,Mecanique,1,78.3,22.0,69.5,54.2,58.7,2.0,1.7,7.7,Yes,No,Middle,1.0,No,Salle 1,186.0
Male,20.0,Mecanique,3,69.5,30.0,82.9,49.3,38.1,2.0,0.4,0.0,Yes,No,Low,1.0,Yes,Salle 1,212.0
Female,25.0,Energetique,3,91.3,9.0,57.3,61.6,81.8,3.0,1.4,7.2,Yes,No,Middle,1.0,Yes,Salle 26,104.0
Male,21.0,Mecanique,4,66.4,34.0,47.3,53.8,24.8,2.0,8.2,38.8,No,Yes,Middle,1.0,Yes,Salle 16,178.0
Female,20.0,Mecanique,4,68.2,32.0,82.9,76.5,76.3,1.0,1.7,16.2,Yes,No,Middle,0.0,No,Salle 27,178.0
Other,20.0,Chimie,4,67.6,32.0,68.8,17.9,67.1,1.0,3.0,14.1,Yes,No,Middle,0.0,Yes,Salle 15,93.0
Female,21.0,GenieCivil,4,83.6,16.0,65.6,76.5,54.3,5.0,1.5,10.5,Yes,No,Middle,2.0,Yes,Salle 7,173.0
Male,20.0,GenieCivil,2,62.2,38.0,63.0,63.7,37.6,1.0,6.5,32.6,Yes,No,Middle,2.0,Yes,Salle 12,177.0
Male,23.0,Informatique,2,96.6,3.0,66.7,56.3,72.4,2.0,1.0,9.6,No,No,Middle,0.0,Yes,Salle 28,298.0
Female,18.0,Informatique,2,83.9,16.0,73.3,78.5,72.3,2.0,1.4,11.5,No,No,Middle,1.0,No,Salle 17,298.0
Female,19.0,GenieCivil,2,58.7,41.0,59.8,57.1,38.1,1.0,3.8,15.8,Yes,No,Middle,1.0,Yes,Salle 13,177.0
Male,22.0,Chimie,1,74.9,25.0,55.6,58.2,63.4,1.0,0.3,6.3,No,Yes,Middle,1.0,Yes,Salle 6,96.0
Female,23.0,Chimie,3,93.9,6.0,59.6,61.9,25.7,0.0,0.1,7.1,No,Yes,Middle,0.0,Yes,Salle 12,130.0
Female,22.0,Informatique,5,75.4,25.0,65.7,74.8,46.8,3.0,2.3,9.6,Yes,Yes,Middle,0.0,Yes,Salle 26,109.0
Female,18.0,Informatique,5,90.8,9.0,60.8,55.8,55.1,1.0,0.7,11.9,No,No,Middle,0.0,Yes,Salle 5,109.0
Female,22.0,GenieCivil,2,81.7,18.0,96.1,73.9,57.6,0.0,0.4,3.8,Yes,No,Middle,1.0,No,Salle 7,177.0
Male,21.0,Mecanique,1,66.8,33.0,92.8,76.5,83.3,1.0,0.5,5.4,No,Yes,Low,1.0,Yes,Salle 12,186.0
Female,21.0,GenieCivil,3,82.9,17.0,58.3,61.9,75.8,0.0,7.4,38.2,No,Yes,Middle,3.0,Yes,Salle 22,185.0
Male,19.0,Chimie,3,97.0,3.0,56.9,33.9,44.2,1.0,0.6,9.4,Yes,Yes,Low,4.0,Yes,Salle 5,130.0
Male,21.0,Informatique,2,90.3,10.0,53.6,61.0,0.0,2.0,0.5,5.3,No,No,High,2.0,No,Salle 17,298.0
Male,23.0,Mecanique,1,75.7,24.0,80.3,62.0,76.3,1.0,0.2,7.3,Yes,No,Middle,3.0,Yes,Salle 17,186.0
Male,22.0,Mecanique,2,88.7,11.0,67.7,30.4,33.2,0.0,0.3,7.6,No,No,High,0.0,Yes,Salle 18,231.0
Female,24.0,Mecanique,3,100.0,0.0,53.6,81.8,40.3,1.0,0.3,2.9,Yes,No,Middle,1.0,Yes,Salle 14,212.0
Female,18.0,Energetique,1,83.0,17.0,80.2,74.3,100.0,1.0,4.5,25.3,No,Yes,Middle,1.0,No,Salle 20,83.0
Female,23.0,Informatique,3,88.4,12.0,42.7,79.8,52.7,0.0,2.2,11.9,Yes,No,Middle,1.0,Yes,Salle 30,263.0
Male,23.0,Mecanique,4,73.0,27.0,68.8,51.7,61.3,1.0,0.9,9.5,Yes,Yes,Middle,1.0,Yes,Salle 14,178.0
Female,23.0,GenieCivil,1,78.1,22.0,44.9,60.4,57.5,0.0,2.2,11.0,Yes,No,Middle,3.0,Yes,Salle 18,149.0
Female,21.0,Telecom,2,80.2,20.0,52.5,60.7,92.0,1.0,0.5,5.7,Yes,No,High,1.0,No,Salle 30,161.0
Female,27.0,Informatique,4,77.2,23.0,85.1,30.1,34.6,0.0,3.1,18.3,No,No,Middle,2.0,Yes,Salle 5,230.0
Female,22.0,GenieCivil,4,80.4,20.0,35.0,71.9,68.4,0.0,0.5,12.2,Yes,Yes,Middle,1.0,Yes,Salle 27,173.0
Female,25.0,Mecanique,2,75.9,24.0,69.0,45.8,61.4,1.0,1.5,5.7,Yes,No,High,1.0,Yes,Salle 5,231.0
Female,19.0,Chimie,4,76.9,23.0,68.0,76.0,50.6,2.0,0.1,2.8,Yes,No,Middle,2.0,Yes,Salle 8,93.0
Male,21.0,Mecanique,4,66.9,33.0,90.1,66.3,82.4,1.0,2.9,11.2,Yes,No,High,2.0,No,Salle 8,178.0
Male,22.0,Informatique,1,86.6,13.0,22.3,71.0,74.6,3.0,0.6,8.9,No,No,High,1.0,No,Salle 22,248.0
Female,24.0,Mecanique,2,93.9,6.0,49.3,63.9,87.8,1.0,0.3,8.5,No,No,Middle,0.0,Yes,Salle 7,231.0
Other,18.0,Telecom,1,82.2,28.0,65.1,61.6,52.9,2.0,4.5,23.4,Yes,No,Middle,0.0,Yes,Salle 15,121.0
Female,21.0,Electrique,4,67.2,33.0,51.5,63.3,81.0,2.0,5.7,26.6,Yes,No,Middle,2.0,Yes,Salle 26,157.0
Female,22.0,Electrique,5,99.9,0.0,44.5,76.8,67.9,2.0,2.7,11.5,Yes,No,Middle,1.0,Yes,Salle 7,80.0
Female,21.0,Chimie,3,85.0,15.0,72.6,41.9,64.9,0.0,1.4,3.2,Yes,Yes,High,2.0,Yes,Salle 26,130.0
Male,25.0,Informatique,4,74.6,25.0,71.1,60.6,66.5,1.0,0.6,11.6,Yes,No,Middle,1.0,Yes,Salle 4,230.0
Male,20.0,Mecanique,3,86.9,13.0,45.6,46.4,100.0,1.0,4.0,24.7,No,No,Middle,1.0,Yes,Salle 16,212.0
Male,18.0,Chimie,2,72.4,28.0,63.6,100.0,85.7,1.0,0.9,11.7,Yes,No,Middle,1.0,Yes,Salle 25,119.0
Female,22.0,Chimie,4,96.9,3.0,47.9,74.3,43.8,1.0,1.6,14.7,Yes,No,Low,1.0,Yes,Salle 15,93.0
Female,25.0,Informatique,3,82.8,17.0,56.1,45.3,41.6,3.0,13.4,50.6,Yes,No,Middle,2.0,Yes,Salle 12,263.0
Female,26.0,Mecanique,3,63.3,37.0,56.4,40.1,88.8,1.0,2.3,11.5,Yes,No,Low,3.0,Yes,Salle 18,212.0
Female,21.0,Telecom,2,75.0,25.0,89.2,32.0,52.8,1.0,0.0,12.0,No,No,Middle,2.0,Yes,Salle 26,161.0
Female,22.0,Informatique,2,77.6,22.0,80.1,54.2,82.8,1.0,4.7,25.9,Yes,No,High,0.0,Yes,Salle 6,298.0
Female,24.0,GenieCivil,5,74.6,25.0,55.9,86.4,75.9,1.0,2.0,11.1,Yes,No,High,0.0,Yes,Salle 12,70.0
Male,21.0,GenieCivil,2,77.0,23.0,47.5,44.0,100.0,1.0,7.6,33.3,Yes,No,Middle,0.0,Yes,Salle 27,177.0
Female,23.0,Mecanique,2,64.6,35.0,58.4,72.1,52.0,0.0,1.8,15.7,Yes,Yes,Middle,1.0,Yes,Salle 21,231.0
Male,23.0,Energetique,1,58.4,42.0,71.1,29.2,47.8,0.0,1.4,23.9,No,No,Low,2.0,No,Salle 30,83.0
Female,20.0,Informatique,2,82.2,31.0,92.7,39.8,63.0,1.0,5.7,26.5,Yes,No,Middle,1.0,No,Salle 24,298.0
Female,23.0,Electrique,1,70.2,30.0,33.8,54.3,59.7,1.0,4.0,20.0,Yes,Yes,Middle,1.0,No,Salle 12,143.0
Male,20.0,Informatique,2,76.0,24.0,42.2,61.6,37.0,1.0,1.4,11.5,No,No,Low,1.0,Yes,Salle 1,298.0
Male,21.0,Mecanique,3,74.5,26.0,70.5,89.4,82.0,2.0,0.1,3.6,Yes,No,Low,0.0,No,Salle 20,212.0
Male,23.0,Energetique,2,78.6,21.0,59.5,75.8,50.5,1.0,5.0,27.6,Yes,No,Low,1.0,Yes,Salle 21,71.0
Female,23.0,Mecanique,4,62.7,37.0,84.7,61.2,43.1,2.0,1.1,8.0,No,No,Middle,1.0,Yes,Salle 8,178.0
Male,21.0,Telecom,3,91.4,9.0,57.0,87.7,42.9,1.0,1.1,4.6,Yes,No,Middle,0.0,Yes,Salle 30,154.0
Male,21.0,Chimie,1,100.0,0.0,49.0,57.2,33.3,1.0,3.9,19.6,Yes,No,Middle,0.0,Yes,Salle 25,96.0
Male,19.0,Chimie,5,92.6,7.0,62.2,68.4,63.0,2.0,0.5,12.1,Yes,No,Middle,0.0,Yes,Salle 11,48.0
Male,24.0,Informatique,1,92.6,7.0,52.7,59.0,51.3,1.0,0.5,1.6,Yes,No,Middle,3.0,No,Salle 6,248.0
Female,22.0,Chimie,1,78.9,21.0,55.9,60.0,84.1,2.0,0.0,10.9,Yes,Yes,Low,1.0,Yes,Salle 3,96.0
Female,22.0,Informatique,4,76.5,24.0,64.1,66.4,86.2,1.0,11.4,53.9,Yes,No,Middle,1.0,Yes,Salle 10,230.0
Male,20.0,Electrique,4,89.7,10.0,96.5,77.1,51.4,1.0,1.7,12.9,No,No,Middle,1.0,Yes,Salle 20,157.0
Male,20.0,Mecanique,5,78.5,22.0,46.7,33.9,70.7,3.0,1.4,2.4,No,Yes,Middle,2.0,Yes,Salle 3,67.0
Female,24.0,Energetique,5,97.9,2.0,73.8,91.3,60.6,2.0,1.4,14.3,No,No,Middle,3.0,No,Salle 6,40.0
Male,21.0,Electrique,5,60.9,39.0,59.1,49.2,63.9,0.0,0.4,5.5,No,Yes,Middle,0.0,Yes,Salle 3,80.0
Male,24.0,GenieCivil,1,72.2,28.0,99.5,39.3,78.9,2.0,0.7,9.8,Yes,No,Middle,0.0,Yes,Salle 21,149.0
Male,17.0,Electrique,1,77.1,23.0,70.9,31.8,97.0,2.0,7.0,33.8,Yes,No,Middle,3.0,Yes,Salle 9,143.0
Male,20.0,Telecom,2,100.0,0.0,55.8,73.1,93.7,2.0,0.4,7.1,Yes,No,High,0.0,Yes,Salle 23,161.0
Male,24.0,Informatique,3,87.5,12.0,56.6,76.8,70.0,2.0,1.4,3.6,No,No,Middle,1.0,Yes,Salle 13,263.0
Female,18.0,Mecanique,4,100.0,0.0,51.8,73.8,81.8,2.0,0.9,11.5,Yes,Yes,Middle,1.0,Yes,Salle 14,178.0
Female,21.0,GenieCivil,1,99.6,0.0,36.0,54.8,100.0,3.0,6.9,30.7,Yes,No,Middle,3.0,Yes,Salle 19,149.0
Female,24.0,Chimie,3,82.7,17.0,71.9,64.3,75.0,0.0,3.9,24.3,Yes,Yes,Low,2.0,Yes,Salle 17,130.0
Male,21.0,Telecom,5,79.2,21.0,72.3,56.4,70.5,1.0,0.3,7.8,Yes,No,High,1.0,Yes,Salle 16,60.0
Male,24.0,Telecom,2,82.2,28.0,91.7,54.5,56.7,1.0,0.8,11.1,Yes,No,Middle,0.0,Yes,Salle 9,161.0
Female,23.0,Chimie,4,68.4,32.0,61.5,48.6,84.3,3.0,2.9,18.7,Yes,No,Middle,1.0,Yes,Salle 2,93.0
Male,19.0,Electrique,2,74.4,26.0,41.6,66.3,76.6,1.0,1.1,11.5,No,No,Middle,1.0,Yes,Salle 7,185.0
Male,19.0,Electrique,3,66.9,33.0,74.4,60.8,35.3,0.0,1.4,14.5,Yes,No,Middle,3.0,Yes,Salle 3,188.0
Male,22.0,Electrique,1,85.3,15.0,56.7,51.2,79.5,0.0,2.2,14.8,Yes,No,Low,0.0,Yes,Salle 16,143.0
Male,20.0,Telecom,2,98.8,1.0,76.2,63.6,82.6,0.0,0.7,9.9,No,No,Middle,0.0,Yes,Salle 22,161.0
Male,23.0,Informatique,2,54.9,45.0,65.1,46.6,86.2,0.0,1.4,9.2,No,Yes,Middle,2.0,Yes,Salle 17,298.0
Male,19.0,Informatique,1,96.2,4.0,46.6,65.5,63.5,3.0,0.9,8.9,Yes,No,Low,3.0,No,Salle 26,248.0
Female,21.0,Mecanique,3,76.5,24.0,76.3,72.0,76.6,1.0,3.8,11.5,Yes,No,Middle,0.0,No,Salle 16,212.0
Male,24.0,Mecanique,2,79.2,21.0,57.2,47.0,63.8,1.0,1.5,6.6,Yes,No,High,1.0,Yes,Salle 28,231.0
Male,19.0,GenieCivil,4,79.6,20.0,64.2,75.7,73.3,1.0,1.2,0.8,Yes,No,Low,1.0,Yes,Salle 25,173.0
Male,22.0,Electrique,2,92.1,8.0,72.1,76.3,50.6,1.0,7.5,27.1,Yes,No,Middle,1.0,Yes,Salle 7,185.0
Male,22.0,Informatique,1,69.9,30.0,56.9,30.1,73.1,1.0,2.1,17.1,Yes,No,Middle,0.0,No,Salle 15,248.0
Male,18.0,Telecom,4,80.6,19.0,75.4,61.9,65.3,1.0,0.9,16.9,Yes,No,Middle,0.0,No,Salle 6,121.0
Female,23.0,Energetique,4,77.3,23.0,52.4,44.3,100.0,4.0,2.9,22.4,Yes,No,Middle,0.0,No,Salle 26,70.0
Male,27.0,Informatique,3,82.4,18.0,87.1,42.6,58.8,1.0,1.1,11.9,No,No,Middle,1.0,Yes,Salle 19,263.0
Male,22.0,Informatique,2,85.0,15.0,71.3,44.1,77.2,0.0,1.4,15.4,Yes,No,Low,1.0,Yes,Salle 29,298.0
Male,22.0,Electrique,3,66.0,34.0,52.4,75.9,48.5,1.0,0.8,11.5,No,No,High,1.0,Yes,Salle 6,188.0
Female,25.0,GenieCivil,2,62.9,37.0,62.4,29.7,47.8,3.0,1.9,11.5,Yes,No,Middle,0.0,No,Salle 28,177.0
Female,23.0,Mecanique,3,75.1,25.0,93.0,42.6,53.9,0.0,2.5,22.0,No,No,Middle,0.0,Yes,Salle 24,212.0
Male,23.0,Informatique,2,79.3,21.0,78.6,44.9,48.4,2.0,1.6,5.4,No,No,Middle,0.0,Yes,Salle 27,298.0
Male,20.0,GenieCivil,2,75.4,25.0,59.2,55.1,94.2,1.0,0.5,11.5,No,No,Low,1.0,No,Salle 26,177.0
Male,20.0,Telecom,4,75.8,24.0,73.3,55.4,100.0,1.0,1.1,10.8,Yes,Yes,Low,1.0,No,Salle 12,121.0
Male,21.0,Mecanique,4,76.7,23.0,29.4,96.6,67.7,2.0,6.9,32.6,Yes,No,High,1.0,Yes,Salle 6,178.0
Male,22.0,GenieCivil,2,63.9,36.0,66.1,60.9,94.6,0.0,4.3,26.4,Yes,No,Low,0.0,No,Salle 10,177.0
Female,24.0,Informatique,2,100.0,0.0,59.2,66.6,0.0,2.0,1.7,12.9,Yes,No,Middle,1.0,No,Salle 9,298.0
Male,20.0,Mecanique,3,92.3,8.0,52.0,80.0,48.0,0.0,1.1,7.3,No,No,Low,0.0,Yes,Salle 24,212.0
Female,22.0,Mecanique,1,84.4,16.0,37.7,61.1,83.8,0.0,0.9,4.6,Yes,No,Middle,2.0,Yes,Salle 23,186.0
Male,25.0,Electrique,1,86.2,14.0,52.2,37.9,63.5,1.0,6.9,30.3,No,No,Middle,3.0,No,Salle 28,143.0
Male,23.0,Electrique,3,82.3,18.0,55.1,71.3,49.0,2.0,1.4,21.1,Yes,No,Middle,0.0,Yes,Salle 24,188.0
Male,20.0,Energetique,3,78.6,21.0,61.7,53.3,50.3,1.0,1.0,11.8,Yes,No,High,2.0,No,Salle 22,104.0
Female,22.0,GenieCivil,2,92.8,7.0,51.1,76.7,54.4,2.0,2.1,16.1,Yes,No,Middle,0.0,Yes,Salle 3,177.0
Female,24.0,Informatique,3,62.0,38.0,54.5,51.0,64.0,1.0,1.6,12.4,Yes,No,Middle,2.0,Yes,Salle 29,263.0
Male,19.0,Mecanique,1,72.0,28.0,73.3,48.2,63.5,0.0,1.4,3.7,Yes,No,Middle,3.0,Yes,Salle 11,186.0
Male,22.0,GenieCivil,3,92.9,7.0,78.8,66.6,58.7,2.0,0.7,3.8,Yes,No,High,1.0,Yes,Salle 7,185.0
Male,22.0,Chimie,4,85.6,14.0,67.9,80.9,34.3,0.0,0.7,9.4,Yes,No,Low,0.0,No,Salle 23,93.0
Male,18.0,Energetique,2,72.5,28.0,30.2,75.2,95.2,1.0,0.2,4.7,Yes,No,Low,1.0,No,Salle 14,71.0
Male,19.0,Informatique,1,69.1,31.0,44.3,77.8,88.0,1.0,12.9,57.0,Yes,No,Low,2.0,No,Salle 1,248.0
Female,22.0,Telecom,3,88.0,12.0,31.2,51.7,63.5,2.0,2.1,11.5,Yes,No,High,1.0,Yes,Salle 19,154.0
Male,25.0,GenieCivil,4,65.1,35.0,65.1,44.9,37.9,1.0,4.3,22.3,Yes,Yes,Middle,0.0,No,Salle 19,173.0
Male,21.0,Chimie,5,91.1,9.0,71.7,63.4,58.2,1.0,4.3,12.0,Yes,Yes,Middle,1.0,No,Salle 4,48.0
Female,23.0,Informatique,1,94.4,6.0,65.1,85.6,48.4,1.0,4.2,24.7,Yes,No,Low,1.0,Yes,Salle 23,248.0
Male,17.0,Electrique,3,73.5,26.0,82.5,83.4,76.7,0.0,2.3,10.3,Yes,No,Middle,1.0,Yes,Salle 12,188.0
Female,23.0,Informatique,2,90.1,10.0,100.0,45.5,33.3,1.0,1.4,3.6,Yes,No,Low,1.0,Yes,Salle 9,298.0
Male,23.0,GenieCivil,3,69.1,31.0,53.6,39.5,40.2,0.0,0.8,8.2,No,No,Middle,0.0,Yes,Salle 20,185.0
Male,21.0,Electrique,3,86.1,14.0,64.2,31.3,32.0,1.0,0.6,6.2,Yes,No,Middle,1.0,Yes,Salle 21,188.0
Female,25.0,Electrique,2,67.3,33.0,68.4,18.9,53.8,3.0,1.1,17.1,Yes,No,Middle,0.0,Yes,Salle 16,185.0
Female,22.0,Mecanique,4,63.4,37.0,66.9,65.3,61.4,0.0,3.7,29.8,Yes,No,Middle,1.0,Yes,Salle 10,178.0
Male,23.0,Electrique,1,89.3,11.0,91.2,57.8,74.9,2.0,1.4,0.0,Yes,No,Low,1.0,Yes,Salle 21,143.0
Male,21.0,Informatique,4,73.4,27.0,52.8,52.0,49.0,1.0,1.1,4.9,No,Yes,Low,0.0,No,Salle 18,230.0
Female,24.0,Telecom,3,88.1,12.0,50.4,69.1,47.9,0.0,6.7,37.7,No,Yes,Middle,2.0,Yes,Salle 5,154.0
Female,23.0,Telecom,2,80.7,19.0,68.4,64.4,76.9,2.0,1.9,8.6,Yes,No,Low,1.0,Yes,Salle 11,161.0
Female,20.0,Informatique,2,86.9,13.0,41.6,77.9,65.2,1.0,2.4,12.7,Yes,No,Middle,0.0,Yes,Salle 30,298.0
Male,23.0,Mecanique,4,87.9,12.0,60.0,41.5,20.2,0.0,0.2,2.4,Yes,Yes,Low,1.0,Yes,Salle 2,178.0
Male,23.0,Informatique,3,67.4,33.0,30.9,74.4,60.8,1.0,0.2,5.8,Yes,No,Middle,1.0,Yes,Salle 12,263.0
Male,21.0,GenieCivil,4,100.0,0.0,100.0,76.0,86.3,1.0,3.2,13.4,Yes,No,High,1.0,No,Salle 16,173.0
Female,21.0,Electrique,4,83.7,16.0,85.3,51.2,83.4,2.0,0.1,9.1,No,No,Middle,2.0,Yes,Salle 27,157.0
Female,20.0,Telecom,2,78.1,22.0,65.1,74.0,57.1,0.0,1.4,8.7,Yes,No,Middle,1.0,No,Salle 11,161.0
Male,22.0,Mecanique,3,81.7,18.0,65.1,74.5,25.5,1.0,0.4,7.6,Yes,No,Middle,3.0,Yes,Salle 3,212.0
Female,22.0,Electrique,3,86.8,13.0,47.6,61.6,53.5,2.0,3.6,28.8,Yes,No,High,1.0,Yes,Salle 13,188.0
Male,20.0,Informatique,4,91.4,9.0,60.1,81.0,77.7,2.0,5.1,27.7,No,No,Middle,1.0,Yes,Salle 3,230.0
Male,23.0,Electrique,3,82.5,18.0,61.4,40.5,60.1,0.0,0.9,4.9,Yes,Yes,Low,1.0,No,Salle 10,188.0
Male,27.0,Mecanique,1,93.8,6.0,55.2,61.6,38.8,0.0,4.3,32.0,Yes,No,Middle,0.0,Yes,Salle 28,186.0
Female,22.0,Mecanique,3,77.2,23.0,34.8,46.9,44.4,1.0,2.1,3.2,No,Yes,Low,2.0,Yes,Salle 21,212.0
Female,23.0,Energetique,5,55.1,45.0,47.8,69.4,54.8,0.0,3.3,25.2,Yes,Yes,High,1.0,Yes,Salle 18,40.0
Female,20.0,Mecanique,3,78.3,22.0,70.4,63.7,90.3,4.0,1.5,14.7,Yes,No,Middle,2.0,Yes,Salle 21,212.0
Female,22.0,Informatique,2,88.2,12.0,32.3,68.9,62.3,0.0,0.8,7.4,Yes,No,High,3.0,Yes,Salle 3,298.0
Male,21.0,GenieCivil,2,79.0,21.0,81.6,48.5,51.7,0.0,0.4,1.1,Yes,No,Middle,4.0,No,Salle 27,177.0
Male,21.0,Mecanique,1,87.1,13.0,83.8,37.4,23.8,2.0,2.4,11.5,No,No,Middle,1.0,Yes,Salle 22,186.0
Female,21.0,Chimie,1,59.0,41.0,90.1,88.6,51.1,3.0,7.1,35.2,Yes,No,Middle,0.0,Yes,Salle 15,96.0
Female,23.0,Telecom,4,42.0,58.0,48.5,60.1,75.5,4.0,1.8,3.9,Yes,No,Middle,0.0,Yes,Salle 11,121.0
Male,22.0,Informatique,3,93.4,7.0,82.6,84.2,27.5,1.0,2.0,12.9,No,No,Middle,2.0,Yes,Salle 3,263.0
Male,24.0,Telecom,1,88.8,11.0,82.0,65.1,65.0,0.0,0.0,4.0,Yes,No,High,1.0,Yes,Salle 4,121.0
Female,27.0,Informatique,2,100.0,0.0,67.9,60.6,51.4,1.0,4.1,20.0,No,No,Low,1.0,No,Salle 10,298.0
Male,20.0,Chimie,1,63.7,36.0,63.3,77.1,65.3,0.0,1.7,12.2,No,No,Middle,1.0,Yes,Salle 24,96.0
Female,22.0,Telecom,5,94.9,5.0,91.8,69.3,39.8,1.0,0.3,3.4,Yes,No,Middle,1.0,No,Salle 26,60.0
Male,23.0,Electrique,5,100.0,0.0,65.1,52.7,59.3,0.0,2.9,26.4,No,No,Middle,0.0,Yes,Salle 11,80.0
Female,23.0,Informatique,2,100.0,0.0,45.1,68.4,63.5,1.0,0.0,3.0,Yes,Yes,Middle,0.0,Yes,Salle 15,298.0
Female,22.0,Telecom,2,96.5,4.0,58.8,36.8,79.2,0.0,3.9,23.7,No,Yes,Middle,1.0,No,Salle 7,161.0
Male,21.0,GenieCivil,1,86.2,14.0,48.8,76.4,54.7,1.0,1.7,7.2,Yes,No,Middle,0.0,Yes,Salle 27,149.0
Male,22.0,Informatique,2,84.3,16.0,48.8,59.3,39.8,2.0,0.4,7.1,Yes,No,High,1.0,No,Salle 26,298.0
Male,22.0,Informatique,4,84.9,15.0,77.5,51.5,85.6,1.0,0.7,4.8,No,No,Middle,1.0,Yes,Salle 5,230.0
Female,24.0,Energetique,4,81.2,19.0,62.1,61.6,63.1,3.0,1.4,11.5,Yes,No,Middle,1.0,Yes,Salle 10,70.0
Female,22.0,Mecanique,5,67.6,32.0,65.1,78.0,62.5,1.0,2.7,16.7,No,No,Low,1.0,No,Salle 26,67.0
Male,20.0,Electrique,5,100.0,0.0,59.8,60.0,91.2,1.0,5.4,28.4,Yes,No,Middle,2.0,No,Salle 2,80.0
Female,20.0,Mecanique,3,82.2,25.0,64.1,87.7,35.0,0.0,3.3,22.2,No,No,Middle,0.0,No,Salle 4,212.0
Male,21.0,GenieCivil,3,93.6,6.0,59.0,47.4,79.4,3.0,3.1,18.8,Yes,Yes,High,1.0,Yes,Salle 29,185.0
Female,23.0,Mecanique,1,94.9,5.0,79.3,61.6,77.0,1.0,5.1,29.5,Yes,No,High,4.0,Yes,Salle 23,186.0
Other,18.0,Informatique,5,92.0,8.0,71.5,53.1,51.3,1.0,0.1,11.5,No,No,Middle,1.0,Yes,Salle 16,109.0
Female,23.0,Informatique,4,67.1,33.0,68.6,61.6,72.5,0.0,1.5,10.8,No,No,High,3.0,No,Salle 15,230.0
Male,23.0,Chimie,2,81.2,19.0,41.3,48.1,73.3,2.0,1.7,9.3,Yes,No,Middle,1.0,Yes,Salle 20,119.0
Male,23.0,Informatique,2,100.0,0.0,62.5,62.8,74.5,0.0,3.8,8.6,No,No,Middle,3.0,No,Salle 17,298.0
Female,25.0,Energetique,4,85.0,15.0,65.8,61.6,67.7,1.0,0.3,9.5,Yes,No,Middle,1.0,Yes,Salle 7,70.0
Male,22.0,Mecanique,1,79.8,20.0,62.0,73.1,84.0,1.0,11.6,58.2,No,No,High,1.0,No,Salle 25,186.0
Male,22.0,Mecanique,1,78.3,22.0,45.5,14.6,68.4,4.0,1.0,11.5,Yes,Yes,Low,0.0,Yes,Salle 26,186.0
Male,22.0,GenieCivil,2,77.4,23.0,53.0,69.7,83.3,1.0,4.8,25.5,Yes,Yes,Middle,1.0,No,Salle 15,177.0
Male,24.0,GenieCivil,2,75.2,25.0,81.3,92.0,24.5,1.0,0.1,8.6,No,No,Middle,3.0,Yes,Salle 4,177.0
Male,25.0,Mecanique,3,78.7,21.0,69.1,61.6,92.8,1.0,1.8,4.7,Yes,No,Middle,0.0,Yes,Salle 24,212.0
Male,18.0,Informatique,3,88.0,12.0,69.8,68.9,66.8,1.0,1.1,15.0,No,Yes,Middle,0.0,No,Salle 10,263.0
Female,25.0,Chimie,2,93.4,7.0,79.4,41.5,22.2,1.0,2.9,8.9,No,No,Middle,0.0,No,Salle 9,119.0
Female,23.0,Electrique,3,73.9,26.0,69.3,69.3,65.3,1.0,0.8,11.4,Yes,Yes,Middle,1.0,Yes,Salle 17,188.0
Female,19.0,Informatique,2,87.1,18.0,67.0,100.0,54.3,0.0,1.3,11.5,Yes,No,Middle,1.0,Yes,Salle 26,298.0
Female,22.0,GenieCivil,4,86.1,14.0,65.1,49.8,45.5,1.0,0.9,11.5,Yes,No,Low,2.0,No,Salle 7,173.0
Female,24.0,Mecanique,5,88.5,12.0,45.8,94.2,52.2,1.0,2.9,17.7,Yes,No,Middle,1.0,Yes,Salle 22,67.0
Female,25.0,Energetique,1,78.4,22.0,76.1,46.8,59.0,1.0,5.7,30.6,Yes,No,Low,0.0,Yes,Salle 20,83.0
Female,20.0,Mecanique,1,90.6,9.0,48.3,71.6,20.4,3.0,2.3,14.9,No,Yes,Middle,1.0,No,Salle 19,186.0
Male,20.0,Electrique,1,65.5,34.0,70.8,50.2,82.4,2.0,0.9,9.4,Yes,Yes,Middle,0.0,Yes,Salle 19,143.0
Male,25.0,GenieCivil,2,80.2,20.0,42.9,75.3,82.9,2.0,2.7,16.8,Yes,No,Low,1.0,Yes,Salle 8,177.0
Female,23.0,GenieCivil,3,82.4,18.0,62.1,66.3,69.5,1.0,0.6,2.5,No,No,Middle,1.0,Yes,Salle 11,185.0
Male,19.0,Informatique,2,87.4,13.0,68.4,74.6,32.1,0.0,0.1,4.3,No,No,High,1.0,No,Salle 9,298.0
Female,21.0,Energetique,3,86.4,14.0,65.1,60.2,63.5,0.0,0.1,6.9,Yes,No,Low,2.0,Yes,Salle 3,104.0
Male,21.0,GenieCivil,2,94.6,5.0,54.2,22.2,81.0,0.0,0.4,0.0,Yes,No,Low,2.0,Yes,Salle 19,177.0
Female,22.0,Mecanique,1,100.0,0.0,71.4,46.3,99.9,0.0,1.0,8.9,Yes,No,Middle,0.0,Yes,Salle 28,186.0
Female,22.0,Mecanique,3,78.6,21.0,69.1,59.3,64.3,1.0,12.3,53.1,Yes,No,Middle,0.0,Yes,Salle 29,212.0
Male,22.0,GenieCivil,2,77.9,22.0,72.2,59.5,95.7,2.0,4.4,21.7,Yes,No,Low,0.0,Yes,Salle 28,177.0
Male,23.0,GenieCivil,1,82.2,20.0,76.5,47.7,63.5,0.0,1.4,11.5,Yes,No,Middle,1.0,No,Salle 16,149.0
Other,24.0,Energetique,4,78.6,21.0,37.2,61.6,65.5,2.0,7.9,41.2,Yes,No,Low,1.0,Yes,Salle 2,70.0
Male,20.0,GenieCivil,5,73.6,26.0,73.0,90.7,100.0,3.0,0.0,9.9,Yes,No,High,1.0,No,Salle 9,70.0
Female,24.0,GenieCivil,4,97.2,3.0,85.6,41.4,68.7,1.0,6.4,35.9,Yes,No,Low,1.0,Yes,Salle 21,173.0
Female,23.0,Electrique,1,71.1,29.0,69.5,75.4,54.5,0.0,0.1,11.9,Yes,No,Middle,1.0,Yes,Salle 8,143.0
Female,24.0,Electrique,1,82.2,43.0,52.1,75.6,66.9,1.0,1.9,9.2,No,No,Middle,1.0,Yes,Salle 19,143.0
Female,25.0,Mecanique,4,82.1,18.0,94.2,39.2,63.5,0.0,0.0,6.8,Yes,Yes,Low,0.0,Yes,Salle 18,178.0
Female,21.0,Mecanique,1,98.2,2.0,68.2,60.5,50.9,1.0,0.5,8.1,Yes,Yes,Low,3.0,Yes,Salle 8,186.0
Female,20.0,GenieCivil,3,73.2,27.0,54.0,76.8,23.3,2.0,0.8,11.5,Yes,No,Low,1.0,No,Salle 6,185.0
Male,21.0,Mecanique,1,71.8,28.0,63.2,61.6,51.9,1.0,3.8,11.5,Yes,No,Middle,2.0,Yes,Salle 3,186.0
Male,21.0,GenieCivil,2,62.7,37.0,56.3,42.9,87.8,1.0,5.4,24.7,No,No,Low,1.0,No,Salle 5,177.0
Female,20.0,Energetique,2,62.9,37.0,78.2,33.2,79.4,2.0,5.5,28.1,No,No,Middle,2.0,No,Salle 11,71.0
Male,22.0,Mecanique,1,73.2,27.0,74.5,30.4,56.6,0.0,3.3,13.5,No,No,Middle,1.0,Yes,Salle 3,186.0
Female,24.0,Telecom,1,90.1,10.0,59.7,66.0,87.1,1.0,1.4,15.7,No,No,High,0.0,Yes,Salle 29,121.0
Male,23.0,Telecom,4,79.6,20.0,89.0,80.4,56.4,0.0,0.2,8.7,Yes,No,Middle,2.0,No,Salle 5,121.0
Male,23.0,Energetique,4,88.5,12.0,63.7,81.5,33.3,1.0,2.2,11.5,Yes,No,Middle,2.0,No,Salle 3,70.0
Male,24.0,Mecanique,3,100.0,0.0,68.6,33.4,69.1,2.0,5.5,11.5,No,Yes,Middle,0.0,No,Salle 6,212.0
Female,22.0,Electrique,4,99.0,1.0,51.9,69.7,91.8,1.0,2.4,13.9,Yes,No,Middle,1.0,Yes,Salle 16,157.0
Male,24.0,Telecom,4,96.5,4.0,59.4,35.9,64.8,2.0,0.6,4.4,No,No,Middle,1.0,No,Salle 26,121.0
Female,21.0,Informatique,3,82.2,26.0,55.9,19.6,69.1,0.0,1.2,12.8,Yes,No,Middle,4.0,Yes,Salle 15,263.0
Male,20.0,Informatique,4,60.6,39.0,47.6,24.0,53.4,1.0,1.3,9.4,Yes,Yes,Middle,0.0,Yes,Salle 11,230.0
Female,23.0,Telecom,3,71.4,29.0,79.1,64.6,67.8,0.0,0.5,3.5,Yes,No,Low,1.0,Yes,Salle 3,154.0
Other,25.0,GenieCivil,5,82.2,17.0,65.1,76.8,62.1,0.0,0.0,11.6,Yes,Yes,Low,1.0,No,Salle 28,70.0
Female,21.0,Informatique,1,83.8,16.0,64.4,79.3,50.0,2.0,2.4,18.4,No,No,Low,0.0,Yes,Salle 5,248.0
Female,23.0,Informatique,3,88.8,11.0,76.4,62.2,58.2,0.0,5.7,22.0,Yes,No,Middle,2.0,No,Salle 14,263.0
Male,20.0,Chimie,3,74.1,26.0,56.6,86.2,40.5,2.0,1.4,11.0,Yes,No,Low,0.0,Yes,Salle 3,130.0
Male,24.0,Mecanique,2,78.2,22.0,63.2,42.9,72.1,1.0,1.6,11.5,Yes,No,Middle,0.0,Yes,Salle 24,231.0
Male,23.0,Telecom,2,83.2,17.0,54.9,56.4,44.6,1.0,3.0,22.3,Yes,No,Middle,1.0,No,Salle 30,161.0
Female,21.0,Electrique,3,74.9,25.0,62.2,49.4,83.4,1.0,1.1,5.5,Yes,No,Middle,3.0,Yes,Salle 3,188.0
Male,21.0,Mecanique,1,78.7,21.0,56.5,65.0,44.8,2.0,0.6,12.1,Yes,No,Middle,1.0,Yes,Salle 4,186.0
Male,21.0,Electrique,4,73.5,26.0,57.3,75.5,46.7,2.0,2.9,7.3,No,No,Low,0.0,No,Salle 26,157.0
Male,22.0,Electrique,1,82.2,10.0,65.1,71.7,50.5,1.0,3.7,15.8,No,No,Middle,1.0,Yes,Salle 21,143.0
Female,19.0,Mecanique,4,96.1,4.0,67.2,92.5,39.9,0.0,2.8,13.0,Yes,No,Low,1.0,Yes,Salle 12,178.0
Female,22.0,Telecom,2,59.8,40.0,86.2,85.7,55.9,0.0,1.4,11.5,Yes,No,Middle,1.0,No,Salle 17,161.0
Female,20.0,GenieCivil,3,73.1,27.0,57.3,71.6,70.8,0.0,1.0,3.4,Yes,No,Middle,1.0,Yes,Salle 20,185.0
Male,22.0,Informatique,2,100.0,0.0,60.8,87.9,76.2,0.0,7.3,41.6,Yes,Yes,Middle,0.0,Yes,Salle 16,298.0
Other,21.0,GenieCivil,4,82.2,12.0,75.1,54.7,97.0,2.0,2.4,16.3,Yes,No,Middle,1.0,Yes,Salle 3,173.0
Female,24.0,GenieCivil,2,79.3,21.0,62.0,66.6,47.2,1.0,1.7,13.5,Yes,No,Low,4.0,Yes,Salle 7,177.0
Female,19.0,GenieCivil,3,97.7,2.0,58.6,65.0,76.7,1.0,0.4,12.8,No,No,High,1.0,Yes,Salle 10,185.0
Male,21.0,Informatique,2,87.0,13.0,88.4,73.0,44.8,0.0,1.6,11.5,No,No,Middle,1.0,Yes,Salle 3,298.0
Female,23.0,Energetique,2,74.0,26.0,57.5,100.0,0.0,0.0,2.9,18.7,No,No,Low,1.0,Yes,Salle 1,71.0
Female,22.0,Telecom,2,81.1,19.0,63.5,66.3,72.8,0.0,0.6,5.9,No,Yes,Middle,0.0,Yes,Salle 13,161.0
Male,19.0,Telecom,1,85.2,15.0,84.7,38.6,80.2,1.0,3.1,14.0,No,No,Middle,0.0,Yes,Salle 19,121.0
Female,22.0,GenieCivil,3,90.1,10.0,51.9,31.6,51.5,0.0,2.2,10.6,No,No,Middle,1.0,Yes,Salle 15,185.0
Female,23.0,Electrique,1,68.6,31.0,72.0,25.5,74.1,1.0,0.7,8.4,No,No,Middle,1.0,Yes,Salle 16,143.0
Male,20.0,GenieCivil,3,65.1,35.0,64.9,96.8,58.5,1.0,0.5,5.0,No,No,Low,0.0,Yes,Salle 3,185.0
Female,23.0,GenieCivil,2,79.1,21.0,30.5,54.2,20.9,3.0,2.7,11.6,No,No,Low,1.0,No,Salle 17,177.0
Male,21.0,Informatique,2,86.6,13.0,65.1,61.6,100.0,1.0,4.1,21.1,Yes,No,Middle,1.0,Yes,Salle 24,298.0
Female,22.0,Informatique,2,87.6,12.0,91.4,78.5,79.2,1.0,1.5,11.5,Yes,No,Low,1.0,Yes,Salle 26,298.0
Other,22.0,GenieCivil,3,65.3,35.0,70.7,69.7,42.7,0.0,4.4,24.5,Yes,No,Low,1.0,Yes,Salle 30,185.0
Female,21.0,Electrique,3,75.9,24.0,84.1,48.7,55.9,0.0,0.3,8.9,Yes,No,High,2.0,Yes,Salle 21,188.0
Male,19.0,Informatique,2,78.4,22.0,74.0,37.4,44.2,0.0,2.1,13.5,No,Yes,Middle,1.0,Yes,Salle 17,298.0
Male,19.0,Chimie,2,80.6,19.0,53.4,30.1,89.8,1.0,0.8,10.5,No,No,High,0.0,No,Salle 7,119.0
Female,21.0,GenieCivil,4,100.0,0.0,71.9,85.9,81.3,2.0,0.9,10.9,No,No,High,0.0,Yes,Salle 5,173.0
Male,22.0,Informatique,3,92.9,7.0,66.8,61.6,63.1,2.0,3.4,13.0,No,No,Low,1.0,Yes,Salle 19,263.0
Female,23.0,Energetique,1,77.8,22.0,46.9,87.9,62.5,2.0,0.6,14.7,Yes,Yes,Low,1.0,Yes,Salle 2,83.0
Male,22.0,Telecom,3,75.9,24.0,44.4,54.1,78.9,3.0,1.1,8.7,No,No,High,2.0,Yes,Salle 21,154.0
Male,19.0,Chimie,5,71.1,29.0,54.8,38.6,74.9,1.0,0.1,6.4,Yes,No,Middle,0.0,Yes,Salle 24,48.0
Female,21.0,Informatique,2,79.9,20.0,75.1,61.6,56.4,0.0,0.5,0.0,No,No,Low,2.0,Yes,Salle 14,298.0
Male,24.0,GenieCivil,2,84.8,15.0,59.9,63.2,50.8,1.0,0.3,9.2,Yes,No,Middle,2.0,Yes,Salle 26,177.0
Male,22.0,Electrique,4,81.8,18.0,88.3,50.5,88.0,1.0,1.8,14.6,Yes,No,Middle,3.0,Yes,Salle 2,157.0
Female,24.0,Mecanique,2,98.3,2.0,82.3,76.1,50.5,2.0,8.5,39.2,No,No,Low,0.0,Yes,Salle 3,231.0
Female,22.0,GenieCivil,3,77.8,22.0,65.1,47.0,74.2,1.0,0.5,8.4,No,No,Middle,2.0,No,Salle 1,185.0
Female,24.0,Informatique,1,79.8,20.0,75.3,68.0,72.2,0.0,3.4,13.6,Yes,No,Middle,1.0,Yes,Salle 16,248.0
Male,22.0,Electrique,4,51.6,48.0,61.9,36.4,63.5,3.0,1.6,10.4,Yes,Yes,Middle,1.0,No,Salle 27,157.0
Female,23.0,Informatique,2,85.9,14.0,84.4,91.9,72.5,1.0,0.5,10.1,Yes,No,Middle,1.0,Yes,Salle 3,298.0
Female,23.0,GenieCivil,3,77.8,22.0,42.6,98.5,45.0,1.0,1.4,11.5,Yes,No,Middle,1.0,Yes,Salle 20,185.0
Female,21.0,Mecanique,3,77.4,23.0,67.0,67.6,100.0,2.0,0.1,5.6,Yes,No,Middle,1.0,Yes,Salle 26,212.0
Male,22.0,Mecanique,3,91.6,8.0,74.7,60.7,30.3,1.0,0.8,0.0,Yes,No,Middle,1.0,No,Salle 19,212.0
Female,21.0,Telecom,3,74.9,25.0,42.5,44.7,77.1,2.0,3.5,17.1,Yes,Yes,High,0.0,Yes,Salle 15,154.0
Female,23.0,Informatique,2,70.1,30.0,64.7,69.1,64.9,1.0,1.5,5.6,Yes,No,Low,0.0,No,Salle 7,298.0
Female,19.0,Informatique,2,85.0,15.0,53.8,69.9,100.0,3.0,0.7,4.0,No,No,Middle,0.0,No,Salle 30,298.0
Male,20.0,Mecanique,3,82.2,14.0,72.2,60.3,72.8,3.0,1.6,11.5,Yes,No,Middle,1.0,No,Salle 4,212.0
Female,22.0,Chimie,3,68.0,32.0,57.4,63.9,73.0,0.0,1.9,17.5,No,No,Middle,1.0,No,Salle 24,130.0
Female,22.0,Electrique,1,78.9,21.0,65.1,64.9,81.4,4.0,1.8,5.4,No,Yes,High,1.0,No,Salle 10,143.0
Male,21.0,Mecanique,5,92.5,8.0,68.1,38.6,38.7,1.0,10.1,11.5,Yes,No,Middle,1.0,Yes,Salle 25,67.0
Male,19.0,Mecanique,1,82.1,18.0,57.4,32.2,63.5,0.0,1.3,15.4,Yes,No,Middle,0.0,Yes,Salle 6,186.0
Male,20.0,GenieCivil,4,91.8,8.0,50.7,50.8,78.2,3.0,1.1,5.0,Yes,No,High,0.0,Yes,Salle 28,173.0
Female,21.0,Chimie,1,100.0,0.0,59.4,61.6,71.3,1.0,1.1,2.5,No,No,Low,0.0,Yes,Salle 27,96.0
Female,22.0,Chimie,1,77.9,22.0,72.6,65.4,83.2,1.0,1.9,13.6,Yes,No,High,1.0,Yes,Salle 22,96.0
Male,24.0,Mecanique,3,77.3,23.0,65.1,65.1,60.2,1.0,0.5,11.8,Yes,No,High,2.0,No,Salle 25,212.0
Male,17.0,Electrique,3,67.2,33.0,56.8,89.9,56.5,1.0,1.0,3.5,Yes,Yes,Middle,0.0,Yes,Salle 22,188.0
Female,23.0,Energetique,3,87.9,12.0,51.1,61.6,57.5,3.0,1.9,5.7,Yes,Yes,Low,1.0,No,Salle 2,104.0
Male,23.0,Mecanique,4,86.0,14.0,44.8,74.9,43.7,1.0,0.7,7.7,Yes,No,Middle,0.0,Yes,Salle 8,178.0
Male,22.0,GenieCivil,2,92.1,8.0,48.2,62.0,49.6,2.0,2.5,12.7,Yes,Yes,Middle,3.0,Yes,Salle 15,177.0
Male,22.0,GenieCivil,3,73.2,27.0,65.1,64.3,42.0,0.0,3.1,11.5,No,No,Middle,1.0,Yes,Salle 22,185.0
Other,22.0,Mecanique,3,82.0,18.0,70.6,89.9,82.6,0.0,0.2,3.7,Yes,No,Low,2.0,No,Salle 28,212.0
Male,23.0,Electrique,1,87.1,13.0,78.7,41.8,60.0,2.0,1.4,18.9,Yes,No,Middle,2.0,Yes,Salle 20,143.0
Male,25.0,Energetique,5,85.0,15.0,68.7,77.5,54.8,0.0,6.6,29.7,Yes,Yes,Middle,1.0,Yes,Salle 10,40.0
Female,21.0,Informatique,2,83.1,17.0,89.8,59.0,84.9,1.0,1.6,9.3,No,No,Middle,0.0,Yes,Salle 26,298.0
Male,20.0,Informatique,4,69.2,31.0,65.1,51.6,83.1,1.0,1.2,19.9,No,Yes,Middle,2.0,Yes,Salle 16,230.0
Female,23.0,Informatique,2,83.7,16.0,54.1,63.9,71.0,1.0,1.5,8.8,No,No,Middle,0.0,Yes,Salle 17,298.0
Male,21.0,Electrique,3,82.8,17.0,75.7,62.9,74.9,0.0,4.1,23.9,Yes,No,Middle,2.0,Yes,Salle 4,188.0
Female,22.0,Informatique,1,76.8,23.0,65.0,89.6,81.7,2.0,5.8,20.8,Yes,Yes,Middle,0.0,Yes,Salle 6,248.0
Female,18.0,GenieCivil,3,90.8,9.0,48.0,91.9,46.3,0.0,1.4,12.6,No,No,Low,1.0,No,Salle 17,185.0
Male,24.0,Informatique,1,86.3,14.0,73.3,99.2,41.8,1.0,1.4,30.1,Yes,No,High,0.0,No,Salle 26,248.0
Male,22.0,Chimie,4,84.5,16.0,66.9,64.5,50.0,4.0,2.5,15.2,No,No,High,1.0,Yes,Salle 26,93.0
Male,21.0,Telecom,4,95.4,5.0,87.5,59.4,66.8,2.0,0.1,1.8,Yes,No,Low,1.0,Yes,Salle 26,121.0
Female,22.0,Chimie,4,84.5,16.0,56.7,59.4,40.6,1.0,3.6,25.4,No,No,Low,1.0,No,Salle 17,93.0
Male,25.0,Telecom,4,68.3,32.0,61.7,61.6,29.5,1.0,3.3,22.6,Yes,Yes,Low,1.0,No,Salle 21,121.0
Male,23.0,Electrique,1,65.5,34.0,47.3,39.9,73.6,0.0,2.0,18.9,Yes,No,Middle,1.0,No,Salle 14,143.0
Female,21.0,GenieCivil,5,87.2,13.0,71.4,49.5,52.1,2.0,0.5,9.1,No,No,Middle,2.0,Yes,Salle 28,70.0
Male,22.0,Informatique,4,94.8,5.0,50.5,70.2,37.0,1.0,2.9,18.7,Yes,No,Middle,0.0,Yes,Salle 26,230.0
Male,21.0,Informatique,3,75.8,24.0,58.2,59.7,68.8,0.0,1.4,11.5,Yes,No,Low,1.0,No,Salle 30,263.0
Male,23.0,Telecom,3,83.6,16.0,56.2,84.3,50.5,1.0,0.7,9.8,No,No,Low,1.0,Yes,Salle 15,154.0
Female,19.0,Telecom,2,78.7,21.0,91.4,56.8,61.0,1.0,2.8,17.9,Yes,No,Low,0.0,Yes,Salle 13,161.0
Other,23.0,GenieCivil,2,81.8,18.0,82.6,51.5,91.6,2.0,1.4,11.5,Yes,No,Middle,0.0,No,Salle 15,177.0
Female,20.0,Chimie,2,83.5,16.0,51.9,78.9,79.7,1.0,1.8,13.7,No,No,Middle,0.0,Yes,Salle 18,119.0
Female,22.0,Informatique,2,79.6,20.0,43.0,15.5,80.9,2.0,1.0,0.6,Yes,Yes,Middle,1.0,Yes,Salle 26,298.0
Female,24.0,Telecom,4,74.0,26.0,35.0,54.8,72.3,1.0,4.5,23.7,Yes,No,Middle,0.0,Yes,Salle 13,121.0
Female,22.0,Mecanique,1,84.7,15.0,77.4,50.2,56.7,2.0,2.1,16.1,No,Yes,Middle,1.0,No,Salle 23,186.0
Male,24.0,Informatique,3,99.4,1.0,56.9,50.9,68.8,0.0,3.4,9.0,No,Yes,Low,0.0,No,Salle 21,263.0
Male,27.0,Energetique,3,93.2,7.0,49.9,60.0,23.5,1.0,0.2,4.6,Yes,No,Middle,0.0,Yes,Salle 2,104.0
Male,22.0,Chimie,4,93.4,7.0,65.1,54.2,29.0,1.0,0.1,1.7,Yes,No,Low,1.0,Yes,Salle 26,93.0
Female,24.0,Informatique,4,84.9,15.0,52.1,44.8,43.4,0.0,0.3,6.8,No,No,Middle,2.0,Yes,Salle 1,230.0
Male,24.0,Electrique,3,67.8,32.0,61.3,48.1,93.2,3.0,0.4,4.6,No,No,High,3.0,No,Salle 24,188.0
Male,23.0,Telecom,4,83.1,17.0,69.2,51.5,53.5,4.0,0.8,7.1,Yes,Yes,Middle,0.0,Yes,Salle 18,121.0
Female,24.0,Informatique,1,79.3,21.0,80.2,67.4,40.5,0.0,0.4,8.9,No,No,Low,1.0,Yes,Salle 27,248.0
Male,22.0,Informatique,4,89.9,10.0,54.1,56.5,66.2,0.0,1.4,22.4,Yes,No,Middle,0.0,Yes,Salle 2,230.0
Male,21.0,Informatique,2,71.1,29.0,77.6,61.3,48.8,0.0,0.5,8.9,Yes,Yes,Middle,1.0,Yes,Salle 27,298.0
Male,24.0,Energetique,3,58.2,42.0,82.4,24.9,67.1,1.0,0.7,6.7,Yes,No,High,0.0,No,Salle 21,104.0
Female,21.0,Mecanique,5,66.4,34.0,38.5,66.7,71.1,0.0,2.2,17.0,Yes,No,Low,2.0,Yes,Salle 6,67.0
Female,24.0,Mecanique,4,80.5,20.0,66.0,95.9,40.4,1.0,1.8,16.1,No,No,Low,0.0,No,Salle 10,178.0
Female,20.0,Informatique,3,68.9,31.0,65.1,50.9,68.8,1.0,5.3,27.0,Yes,No,Middle,1.0,Yes,Salle 29,263.0
Male,20.0,Electrique,1,80.6,19.0,53.8,52.7,79.2,0.0,0.1,2.0,No,No,Middle,0.0,Yes,Salle 28,143.0
Male,19.0,Chimie,1,68.3,32.0,77.3,75.3,63.5,1.0,1.4,0.0,No,No,High,0.0,No,Salle 13,96.0
Male,25.0,GenieCivil,5,81.5,18.0,57.8,70.1,44.9,1.0,4.1,23.3,Yes,No,Middle,1.0,Yes,Salle 21,70.0
Male,25.0,Chimie,2,87.1,13.0,97.9,69.9,39.3,1.0,1.7,7.7,Yes,No,Middle,0.0,Yes,Salle 10,119.0
Female,22.0,Telecom,4,97.1,3.0,74.1,62.7,85.6,1.0,3.0,19.4,Yes,No,Middle,0.0,Yes,Salle 10,121.0
Female,24.0,Informatique,3,71.4,29.0,74.2,76.2,89.1,0.0,0.0,11.5,No,Yes,Low,1.0,Yes,Salle 30,263.0
Female,22.0,GenieCivil,1,85.7,14.0,56.0,49.6,51.2,0.0,0.2,8.5,Yes,No,High,1.0,Yes,Salle 30,149.0
Other,22.0,Chimie,4,75.3,25.0,73.4,63.3,67.4,1.0,1.1,6.9,No,Yes,Low,1.0,Yes,Salle 20,93.0
Male,24.0,Energetique,3,76.5,24.0,79.0,46.1,51.4,2.0,1.9,11.5,Yes,No,Middle,2.0,Yes,Salle 29,104.0
Male,18.0,Chimie,1,75.5,24.0,83.3,61.4,39.2,0.0,2.2,12.5,Yes,No,Low,1.0,Yes,Salle 8,96.0
Male,22.0,Electrique,3,100.0,0.0,65.3,26.4,90.2,2.0,9.9,45.1,Yes,No,High,2.0,Yes,Salle 4,188.0
Male,19.0,Telecom,2,90.2,10.0,49.8,89.7,59.1,0.0,0.7,7.2,No,Yes,Low,1.0,No,Salle 16,161.0
Female,22.0,Chimie,1,79.9,20.0,68.7,16.5,53.3,1.0,5.6,21.9,Yes,No,Middle,2.0,Yes,Salle 25,96.0
Female,24.0,Telecom,4,87.3,13.0,68.0,25.5,43.7,1.0,1.6,15.6,Yes,No,Middle,1.0,Yes,Salle 12,121.0
Female,20.0,Chimie,3,83.1,17.0,90.5,58.3,90.7,0.0,4.6,16.3,Yes,No,Middle,1.0,Yes,Salle 14,130.0
Male,17.0,Mecanique,4,84.1,16.0,77.2,53.2,43.7,2.0,0.1,10.7,No,No,Low,1.0,Yes,Salle 20,178.0
Female,22.0,Mecanique,1,80.9,19.0,76.5,55.9,66.1,0.0,0.6,15.7,Yes,No,Middle,3.0,No,Salle 5,186.0
Male,23.0,GenieCivil,5,78.3,22.0,65.1,51.8,100.0,1.0,2.9,16.1,Yes,Yes,Low,2.0,Yes,Salle 25,70.0
Male,24.0,GenieCivil,4,80.4,20.0,48.5,79.2,81.7,0.0,2.4,8.9,No,No,Middle,0.0,No,Salle 22,173.0
Male,26.0,Telecom,4,80.2,20.0,61.9,61.6,39.7,0.0,4.6,17.3,No,No,High,1.0,No,Salle 26,121.0
Male,22.0,Electrique,2,75.5,24.0,65.1,61.6,37.3,2.0,1.0,3.8,Yes,No,Low,0.0,Yes,Salle 12,185.0
Male,22.0,Electrique,1,68.8,31.0,79.8,54.9,23.5,1.0,1.7,15.2,No,No,Middle,1.0,Yes,Salle 20,143.0
Male,20.0,Telecom,3,59.5,40.0,75.3,75.4,85.8,0.0,1.9,23.6,No,Yes,Low,0.0,Yes,Salle 13,154.0
