student_id,gender,age,filiere,year_of_study,attendance_rate,num_absences,assignments_avg,midterm_score,final_score,project_participation,lab_hours_per_week,infra_usage_hours_month,supervisor_assigned,scholarship,socioeconomic_status,extracurricular_count,lab_access,classroom_allocated,promotion_size,overall_grade,passed,ratio_presence_note,moyenne_examens,engagement_academique
ENSPD000001,Male,21.0,Mecanique,5,0.7791601866251944,14.0,0.7616926503340756,0.855,0.8059999999999999,1.0,1.1,12.9,No,Yes,Middle,1.0,Yes,Salle 8,67.0,0.7208333333333332,1.0,1.0809008706818326,0.8305,2.1
ENSPD000002,Female,17.0,Informatique,4,0.7013996889580093,19.0,0.8340757238307349,0.826,0.057,1.0,1.3,10.8,Yes,No,Middle,3.0,Yes,Salle 29,230.0,0.4027777777777778,1.0,1.7413628904722596,0.4415,2.3
ENSPD000003,Female,21.0,Energetique,4,0.7744945567651632,14.0,0.5590200445434298,0.616,0.728,2.0,0.1,11.5,No,No,Low,2.0,Yes,Salle 5,70.0,0.7430555555555556,1.0,1.0422964043678618,0.6719999999999999,2.1
ENSPD000004,Female,24.0,Mecanique,2,0.9999999999999999,0.0,0.41202672605790647,0.604,0.672,3.0,1.3,3.4,Yes,Yes,Low,1.0,Yes,Salle 4,231.0,0.5555555555555556,1.0,1.7999676005831893,0.638,4.3
ENSPD000005,Male,23.0,GenieCivil,1,0.8911353032659409,7.0,0.4131403118040089,0.652,0.263,2.0,0.2,8.4,Yes,Yes,High,3.0,Yes,Salle 25,149.0,0.31666666666666665,0.0,2.8140226201254936,0.4575,2.2
ENSPD000006,Male,23.0,Informatique,1,0.7247278382581649,18.0,0.3028953229398664,0.6779999999999999,0.721,2.0,4.5,26.9,Yes,No,Middle,1.0,Yes,Salle 27,248.0,0.5027777777777778,1.0,1.4414189649981513,0.6995,6.5
ENSPD000007,Male,21.0,Telecom,3,0.457231726283048,35.0,0.6113585746102449,0.609,0.758,1.0,2.1,12.6,No,No,Low,0.0,Yes,Salle 6,154.0,0.5097222222222222,1.0,0.8970037724703891,0.6835,3.1
ENSPD000008,Female,19.0,Informatique,5,0.6267496111975116,24.0,0.5456570155902005,0.718,0.269,0.0,0.1,6.9,Yes,No,Middle,1.0,Yes,Salle 28,109.0,0.3666666666666667,0.0,1.7092705049794412,0.4935,0.1
ENSPD000009,Female,23.0,Telecom,1,0.8522550544323483,10.0,0.7416481069042317,0.312,0.40299999999999997,0.0,3.5,24.3,No,No,Low,1.0,Yes,Salle 13,121.0,0.31944444444444453,0.0,2.667845350890279,0.3575,3.5
ENSPD000010,Female,20.0,Informatique,3,0.500777604976672,32.0,0.6135857461024499,0.657,1.0,1.0,0.9,16.6,Yes,No,Middle,1.0,Yes,Salle 17,263.0,0.6930555555555555,1.0,0.7225544552928372,0.8285,1.9
ENSPD000011,Male,26.0,Telecom,4,0.9999999999999999,0.0,0.5278396436525613,0.37200000000000005,0.603,0.0,0.5,5.4,No,No,Middle,2.0,Yes,Salle 30,121.0,0.4027777777777778,1.0,2.4826969813163253,0.48750000000000004,0.5
ENSPD000012,Female,23.0,Chimie,5,0.7231726283048211,18.0,0.5913140311804008,0.44700000000000006,0.835,3.0,0.6,7.0,No,No,Low,2.0,Yes,Salle 7,48.0,0.5513888888888888,1.0,1.3115235501509073,0.641,3.6
ENSPD000013,Female,21.0,Informatique,3,0.7293934681181958,17.0,0.4365256124721604,0.752,0.865,2.0,1.8,14.0,Yes,No,Middle,1.0,Yes,Salle 26,263.0,0.7138888888888888,1.0,1.0217041649321277,0.8085,3.8
ENSPD000014,Male,21.0,Electrique,5,0.5956454121306377,26.0,0.7817371937639199,0.584,0.7190000000000001,0.0,0.2,0.9,No,Yes,Low,0.0,Yes,Salle 12,80.0,0.5819444444444444,1.0,1.0235258409260253,0.6515,0.2
ENSPD000015,Male,22.0,Mecanique,2,0.7231726283048211,12.0,0.4788418708240535,0.746,0.843,0.0,0.1,0.0,Yes,No,Middle,4.0,Yes,Salle 24,231.0,0.6972222222222222,1.0,1.0372048296906324,0.7945,0.1
ENSPD000016,Male,22.0,Informatique,2,0.5038880248833592,32.0,0.4198218262806236,0.58,0.217,0.0,2.0,7.7,Yes,No,Low,2.0,Yes,Salle 4,298.0,0.1958333333333333,0.0,2.5729138506120157,0.39849999999999997,2.0
ENSPD000017,Male,24.0,Telecom,3,0.9999999999999999,0.0,0.7472160356347438,0.8190000000000001,0.594,2.0,8.0,35.9,No,No,Low,0.0,No,Salle 3,154.0,0.7124999999999999,1.0,1.4034890738375603,0.7065,10.0
ENSPD000018,Male,22.0,GenieCivil,2,0.9657853810264384,2.0,0.6113585746102449,0.5770000000000001,0.024,2.0,1.3,7.3,No,Yes,Middle,1.0,Yes,Salle 14,177.0,0.2333333333333334,0.0,4.13890282284947,0.30050000000000004,3.3
ENSPD000019,Male,21.0,Mecanique,1,0.9035769828926904,6.0,0.3218262806236081,0.268,0.29100000000000004,0.0,1.1,6.1,Yes,Yes,Middle,1.0,No,Salle 17,186.0,0.22222222222222232,0.0,4.065913456911543,0.2795,1.1
ENSPD000020,Male,26.0,Informatique,4,0.46034214618973557,35.0,0.7527839643652561,0.6609999999999999,0.531,2.0,1.4,28.8,Yes,Yes,Middle,1.0,Yes,Salle 27,230.0,0.625,1.0,0.7365356493331876,0.596,3.4
ENSPD000021,Female,22.0,Mecanique,4,0.7589424572317262,16.0,0.4866369710467706,0.23,0.507,2.0,0.6,7.3,Yes,No,Low,2.0,Yes,Salle 8,178.0,0.2513888888888889,0.0,3.0188775319812846,0.3685,2.6
ENSPD000022,Male,24.0,Telecom,4,0.9455676516329704,4.0,0.5478841870824054,0.359,0.648,2.0,0.6,4.4,No,No,Middle,1.0,No,Salle 26,121.0,0.3763888888888889,1.0,2.512142515681276,0.5035000000000001,2.6
ENSPD000023,Male,21.0,Mecanique,2,0.8304821150855365,11.0,0.6414253897550111,0.461,0.636,2.0,4.7,17.3,No,No,Middle,0.0,No,Salle 25,231.0,0.5847222222222221,1.0,1.420277664756295,0.5485,6.7
ENSPD000024,Male,23.0,Energetique,3,0.5334370139968895,30.0,0.7082405345211581,0.439,0.667,1.0,2.1,15.0,Yes,Yes,Low,1.0,Yes,Salle 11,104.0,0.5111111111111111,1.0,1.043660694893362,0.553,3.1
ENSPD000025,Male,23.0,Energetique,2,0.5987558320373251,26.0,0.6848552338530067,0.522,0.675,0.0,0.1,9.6,Yes,No,Middle,1.0,No,Salle 26,71.0,0.4916666666666667,1.0,1.217783703458218,0.5985,0.1
ENSPD000026,Female,18.0,Informatique,1,0.6360808709175737,23.0,0.6024498886414253,0.43200000000000005,0.7070000000000001,1.0,2.2,11.3,Yes,Yes,Middle,1.0,Yes,Salle 26,248.0,0.45138888888888895,1.0,1.4091325578653426,0.5695000000000001,3.2
ENSPD000027,Male,26.0,Informatique,3,0.6080870917573872,25.0,0.5389755011135858,0.36700000000000005,0.44799999999999995,3.0,3.4,17.1,Yes,No,Low,1.0,Yes,Salle 12,263.0,0.29861111111111116,0.0,2.036316486449378,0.4075,6.4
ENSPD000028,Male,25.0,Telecom,1,0.9999999999999999,0.0,0.6792873051224945,0.898,0.495,0.0,1.4,10.7,Yes,No,Middle,1.0,Yes,Salle 30,121.0,0.6749999999999999,1.0,1.4814595339328307,0.6965,1.4
ENSPD000029,Female,21.0,Mecanique,1,0.3608087091757387,41.0,0.5902004454342985,0.498,0.633,1.0,1.0,13.2,Yes,No,Low,1.0,No,Salle 30,186.0,0.45833333333333337,1.0,0.7872018265253965,0.5655,2.0
ENSPD000030,Male,20.0,Informatique,4,0.8429237947122862,10.0,0.9120267260579065,0.218,0.636,1.0,0.4,4.8,No,No,Low,2.0,Yes,Salle 26,230.0,0.5125,1.0,1.644697263882239,0.427,1.4
ENSPD000031,Female,23.0,Mecanique,1,0.47900466562986,34.0,0.7082405345211581,0.555,0.424,2.0,2.0,12.6,Yes,No,Middle,0.0,No,Salle 10,186.0,0.4,1.0,1.1974817270314742,0.48950000000000005,4.0
ENSPD000032,Male,22.0,Electrique,5,0.541213063763608,30.0,0.455456570155902,0.418,0.856,0.0,2.2,19.7,No,No,Low,0.0,No,Salle 27,80.0,0.5180555555555555,1.0,1.0446806547160425,0.637,2.2
ENSPD000033,Male,23.0,Chimie,3,0.34525660964230165,42.0,0.5300668151447662,0.461,0.785,1.0,0.1,8.9,No,No,Low,0.0,No,Salle 9,130.0,0.49722222222222223,1.0,0.6943568703156171,0.623,1.1
ENSPD000034,Female,22.0,Informatique,5,0.6174183514774495,25.0,0.6180400890868597,0.748,0.46799999999999997,3.0,2.3,9.6,Yes,Yes,Middle,0.0,Yes,Salle 26,109.0,0.5083333333333333,1.0,1.2145695851441276,0.608,5.3
ENSPD000035,Female,23.0,Informatique,1,0.9999999999999999,0.0,0.8273942093541203,0.539,0.635,0.0,2.1,6.5,Yes,No,Low,1.0,Yes,Salle 4,248.0,0.5611111111111111,1.0,1.7821464567958194,0.587,2.1
ENSPD000036,Female,25.0,Telecom,3,0.7698289269051323,15.0,0.846325167037862,0.413,1.0,2.0,0.1,4.3,No,Yes,High,0.0,Yes,Salle 5,154.0,0.7458333333333333,1.0,1.0321590238858906,0.7065,2.1
ENSPD000037,Male,23.0,Chimie,2,0.4961119751166406,32.0,0.544543429844098,0.7000000000000001,0.635,2.0,1.6,7.5,Yes,No,Middle,3.0,Yes,Salle 5,119.0,0.4527777777777777,1.0,1.0956832305666295,0.6675,3.6
ENSPD000038,Male,20.0,Electrique,4,0.9097978227060654,6.0,0.4543429844097996,0.8270000000000001,0.7190000000000001,2.0,1.9,14.5,No,No,Low,1.0,Yes,Salle 22,157.0,0.6708333333333333,1.0,1.3562001401808652,0.7730000000000001,3.9
ENSPD000039,Female,25.0,Chimie,2,0.7231726283048211,3.0,0.4331848552338531,0.7170000000000001,0.518,2.0,1.1,12.3,Yes,No,Low,0.0,Yes,Salle 16,119.0,0.42499999999999993,1.0,1.7015426185379665,0.6175,3.1
ENSPD000040,Male,25.0,GenieCivil,2,0.7387247278382582,17.0,0.6525612472160356,0.17800000000000002,0.5770000000000001,0.0,1.4,24.4,Yes,No,High,1.0,Yes,Salle 13,177.0,0.32361111111111107,0.0,2.2826839859177994,0.37750000000000006,1.4
ENSPD000041,Male,28.0,Chimie,4,0.9999999999999999,0.0,0.9955456570155901,0.419,0.635,1.0,0.8,11.5,No,No,Middle,2.0,Yes,Salle 2,93.0,0.8111111111111109,1.0,1.2328615126662825,0.527,1.8
ENSPD000042,Male,20.0,Mecanique,2,0.8740279937791603,8.0,0.700445434298441,0.629,0.663,1.0,0.1,0.3,Yes,No,Middle,2.0,Yes,Salle 18,231.0,0.6458333333333334,1.0,1.3533127132676557,0.646,1.1
ENSPD000043,Male,22.0,Mecanique,1,0.8475894245723173,10.0,0.34409799554565706,0.5760000000000001,0.626,2.0,2.2,16.4,No,Yes,Middle,2.0,Yes,Salle 27,186.0,0.4361111111111111,1.0,1.9434725881829094,0.601,4.2
ENSPD000044,Female,18.0,Chimie,2,0.5707620528771385,28.0,0.4888641425389756,0.561,0.642,1.0,1.9,15.9,Yes,No,Middle,1.0,No,Salle 5,119.0,0.4263888888888888,1.0,1.3385636495546027,0.6015,2.9
ENSPD000045,Male,23.0,GenieCivil,3,0.8367029548989114,10.0,0.5055679287305123,0.443,1.0,1.0,9.0,45.4,Yes,No,Low,0.0,No,Salle 5,185.0,0.6430555555555555,1.0,1.3011161112121288,0.7215,10.0
ENSPD000046,Female,21.0,Energetique,2,0.76049766718507,15.0,0.47327394209354123,0.36700000000000005,0.648,1.0,0.5,5.8,Yes,No,Middle,2.0,No,Salle 17,71.0,0.44861111111111107,1.0,1.6951892105601682,0.5075000000000001,1.5
ENSPD000047,Male,26.0,Mecanique,2,0.8164852255054432,12.0,0.5456570155902005,0.981,0.474,2.0,1.0,8.6,Yes,No,Middle,1.0,Yes,Salle 9,231.0,0.5319444444444444,1.0,1.5348780972366034,0.7275,3.0
ENSPD000048,Male,20.0,Telecom,1,0.5925349922239501,26.0,0.6714922048997773,0.625,0.509,2.0,1.2,13.0,No,No,Middle,1.0,Yes,Salle 2,121.0,0.4555555555555555,1.0,1.3006580172668287,0.567,3.2
ENSPD000049,Male,19.0,Energetique,3,0.7433903576982893,16.0,0.7238307349665924,0.736,0.7959999999999999,1.0,4.0,21.0,Yes,Yes,Low,1.0,Yes,Salle 30,104.0,0.6888888888888889,1.0,1.079099371022776,0.766,5.0
ENSPD000050,Male,21.0,Mecanique,4,0.567651632970451,28.0,0.7928730512249444,0.621,0.354,0.0,1.1,7.1,No,Yes,Low,1.0,Yes,Salle 23,178.0,0.5,1.0,1.1352805603296954,0.4875,1.1
ENSPD000051,Female,18.0,Chimie,2,0.3188180404354588,44.0,0.6982182628062361,0.628,0.73,1.0,3.0,13.6,No,No,Middle,0.0,Yes,Salle 18,119.0,0.6055555555555555,1.0,0.5264798129790755,0.679,4.0
ENSPD000052,Female,24.0,GenieCivil,2,0.906687402799378,6.0,0.2839643652561248,0.609,0.635,2.0,1.4,9.1,Yes,No,Middle,1.0,Yes,Salle 8,177.0,0.375,1.0,2.4177686003023333,0.622,3.4
ENSPD000053,Female,18.0,Telecom,1,0.44012441679626746,36.0,0.6113585746102449,0.418,0.268,1.0,1.1,8.2,No,No,Middle,0.0,Yes,Salle 12,121.0,0.20833333333333337,0.0,2.112495800823644,0.34299999999999997,2.1
ENSPD000054,Female,22.0,GenieCivil,1,0.7402799377916017,17.0,0.5835189309576838,0.34700000000000003,0.444,1.0,0.3,4.0,Yes,No,Low,0.0,Yes,Salle 6,149.0,0.3402777777777778,0.0,2.1754526202085214,0.3955,1.3
ENSPD000055,Female,18.0,Chimie,1,0.7822706065318817,14.0,0.6347438752783965,0.6900000000000001,0.6459999999999999,1.0,6.0,30.8,No,No,Middle,1.0,No,Salle 13,96.0,0.6458333333333334,1.0,1.2112389586719408,0.6679999999999999,7.0
ENSPD000056,Female,21.0,GenieCivil,3,0.7807153965785382,14.0,0.7538975501113586,0.654,0.919,2.0,0.4,3.8,No,No,Middle,1.0,No,Salle 29,185.0,0.7736111111111112,1.0,1.009170232515033,0.7865,2.4
ENSPD000057,Male,25.0,Mecanique,3,0.6671850699844478,21.0,0.6169265033407572,0.789,0.823,1.0,1.1,7.1,Yes,Yes,Middle,1.0,No,Salle 24,212.0,0.6875,1.0,0.9704368954407178,0.806,2.1
ENSPD000058,Male,23.0,Informatique,5,0.7713841368584758,15.0,0.6191536748329621,0.752,0.5810000000000001,1.0,1.4,6.0,Yes,No,Middle,2.0,Yes,Salle 26,109.0,0.5972222222222222,1.0,1.2915983233259878,0.6665000000000001,2.4
ENSPD000059,Male,20.0,GenieCivil,1,0.8087091757387247,12.0,0.6503340757238307,0.474,0.8340000000000001,2.0,5.1,23.5,No,No,Middle,1.0,No,Salle 23,149.0,0.5958333333333332,1.0,1.3572513620561193,0.654,7.1
ENSPD000060,Male,22.0,Chimie,3,0.8569206842923794,9.0,0.5679287305122495,0.8240000000000001,0.569,0.0,1.4,18.7,No,No,Low,1.0,No,Salle 23,130.0,0.5111111111111111,1.0,1.6765511454409405,0.6965,1.4
ENSPD000061,Male,22.0,Electrique,3,0.9999999999999999,0.0,0.6247216035634744,0.616,0.34700000000000003,1.0,6.6,33.5,Yes,No,Low,0.0,Yes,Salle 11,188.0,0.44444444444444453,1.0,2.2499493761390363,0.48150000000000004,7.6
ENSPD000062,Male,23.0,Electrique,3,0.7636080870917573,15.0,0.7984409799554566,0.7440000000000001,0.644,1.0,0.1,5.9,Yes,Yes,Middle,3.0,Yes,Salle 8,188.0,0.6652777777777776,1.0,1.1477861349601122,0.6940000000000001,1.1
ENSPD000063,Female,19.0,Mecanique,4,0.7325038880248832,17.0,0.5957683741648108,0.616,0.33899999999999997,2.0,0.4,12.2,Yes,No,High,1.0,Yes,Salle 25,178.0,0.5875,1.0,1.2467939065290519,0.4775,2.4
ENSPD000064,Male,23.0,GenieCivil,1,0.5505443234836701,29.0,0.6046770601336303,0.988,0.798,2.0,1.0,9.3,No,No,Low,1.0,Yes,Salle 24,149.0,0.7666666666666668,1.0,0.718091925084025,0.893,3.0
ENSPD000065,Male,17.0,Informatique,1,0.8009331259720062,13.0,0.6046770601336303,0.7440000000000001,0.8009999999999999,2.0,1.9,16.9,Yes,No,Low,1.0,Yes,Salle 21,248.0,0.6916666666666667,1.0,1.1579588622410368,0.7725,3.9
ENSPD000066,Male,21.0,Telecom,3,0.8444790046656298,10.0,0.8273942093541203,0.7220000000000001,0.46399999999999997,2.0,0.8,4.2,Yes,No,High,1.0,Yes,Salle 19,154.0,0.6277777777777779,1.0,1.3451663676137313,0.593,2.8
ENSPD000067,Male,21.0,Energetique,2,0.7231726283048211,20.0,0.42538975501113585,0.8150000000000001,0.669,0.0,2.5,12.5,Yes,No,Low,0.0,No,Salle 14,71.0,0.5666666666666667,1.0,1.2761644705766741,0.742,2.5
ENSPD000068,Female,23.0,GenieCivil,1,0.8211508553654744,12.0,0.9064587973273941,0.515,0.667,1.0,0.4,2.8,No,No,Middle,1.0,Yes,Salle 25,149.0,0.6069444444444445,1.0,1.3529036040210356,0.591,1.4
ENSPD000069,Male,22.0,Informatique,2,0.6656298600311042,22.0,0.4142538975501113,0.517,0.8140000000000001,1.0,1.8,14.2,Yes,No,Middle,2.0,Yes,Salle 24,298.0,0.5597222222222222,1.0,1.1891933921339248,0.6655,2.8
ENSPD000070,Other,19.0,Informatique,2,0.8460342146189735,10.0,0.5011135857461025,0.741,0.391,3.0,1.0,2.8,No,No,Middle,2.0,Yes,Salle 14,298.0,0.4097222222222222,1.0,2.0648466699309744,0.5660000000000001,4.0
ENSPD000071,Female,20.0,Electrique,3,0.8911353032659409,7.0,0.734966592427617,0.616,0.76,2.0,1.4,11.9,Yes,No,Middle,0.0,Yes,Salle 12,188.0,0.6680555555555555,1.0,1.33390397971481,0.688,3.4
ENSPD000072,Male,22.0,Electrique,1,0.7231726283048211,7.0,0.7828507795100222,0.7270000000000001,0.37700000000000006,1.0,1.7,9.8,Yes,Yes,Low,2.0,Yes,Salle 26,143.0,0.48749999999999993,1.0,1.483400603689814,0.552,2.7
ENSPD000073,Male,22.0,Chimie,2,0.7418351477449457,17.0,0.3752783964365256,0.648,0.795,0.0,0.1,5.9,Yes,No,Middle,1.0,Yes,Salle 30,119.0,0.5472222222222223,1.0,1.3556130608180788,0.7215,0.1
ENSPD000074,Female,21.0,Mecanique,3,0.525660964230171,30.0,0.4276169265033408,0.616,0.853,3.0,5.2,11.5,Yes,No,Middle,1.0,Yes,Salle 22,212.0,0.5041666666666667,1.0,1.042612637561247,0.7344999999999999,8.2
ENSPD000075,Female,21.0,Chimie,2,0.6065318818040436,25.0,0.6113585746102449,0.625,0.506,0.0,1.4,19.6,No,No,Low,2.0,Yes,Salle 18,119.0,0.45833333333333337,1.0,1.3233134152797617,0.5655,1.4
ENSPD000076,Female,23.0,Electrique,5,0.8304821150855365,11.0,1.0,0.855,0.8840000000000001,1.0,1.2,18.7,No,No,Middle,0.0,No,Salle 3,80.0,0.9027777777777777,0.0,0.9199084608010286,0.8695,2.2
ENSPD000077,Female,21.0,Mecanique,1,0.9999999999999999,0.0,0.8184855233853007,0.635,0.325,0.0,1.6,19.5,Yes,No,High,1.0,No,Salle 17,186.0,0.4361111111111111,1.0,2.2929410535809365,0.48,1.6
ENSPD000078,Male,22.0,GenieCivil,5,0.6562986003110421,22.0,0.5690423162583519,0.636,0.635,0.0,0.1,11.5,No,No,Low,1.0,No,Salle 7,70.0,0.7486111111111111,1.0,0.8766765865538537,0.6355,0.1
ENSPD000079,Male,26.0,Informatique,3,0.8055987558320373,12.0,0.20601336302895323,0.679,0.9279999999999999,1.0,1.4,9.2,Yes,No,Middle,1.0,Yes,Salle 24,263.0,0.6166666666666666,1.0,1.3063551766707093,0.8035,2.4
ENSPD000080,Male,19.0,GenieCivil,4,0.6158631415241057,25.0,0.623608017817372,0.703,0.7090000000000001,1.0,1.1,10.2,Yes,Yes,Middle,0.0,Yes,Salle 10,173.0,0.6333333333333333,1.0,0.9724001329306997,0.706,2.1
ENSPD000081,Female,18.0,Telecom,2,0.5381026438569206,30.0,0.6703786191536749,0.56,0.601,1.0,0.9,7.0,Yes,No,Middle,0.0,Yes,Salle 23,161.0,0.6055555555555555,1.0,0.8885951965402932,0.5805,1.9
ENSPD000082,Female,24.0,GenieCivil,2,0.5940902021772939,26.0,0.5467706013363028,0.6829999999999999,0.7020000000000001,0.0,3.4,15.7,No,Yes,Middle,2.0,Yes,Salle 26,177.0,0.5819444444444444,1.0,1.0208534496964532,0.6925,3.4
ENSPD000083,Male,21.0,Telecom,4,0.3312597200622084,43.0,0.46770601336302897,0.43100000000000005,0.519,0.0,0.4,0.0,Yes,No,Middle,1.0,Yes,Salle 23,121.0,0.3111111111111111,0.0,1.0647291624768758,0.47500000000000003,0.4
ENSPD000084,Male,21.0,Electrique,4,0.9720062208398134,2.0,0.6369710467706015,0.47600000000000003,1.0,0.0,1.4,5.7,Yes,No,Middle,0.0,Yes,Salle 5,157.0,0.7152777777777779,1.0,1.358902320209631,0.738,1.4
ENSPD000085,Male,20.0,Informatique,2,0.30326594090202175,45.0,0.45322939866369716,0.499,0.523,2.0,1.4,12.1,Yes,No,Middle,0.0,No,Salle 9,298.0,0.38611111111111107,1.0,0.7854166275170416,0.511,3.4
ENSPD000086,Male,21.0,Electrique,1,0.6702954898911352,21.0,0.923162583518931,0.705,0.903,3.0,2.3,16.6,No,Yes,Low,1.0,No,Salle 2,143.0,0.7166666666666666,1.0,0.9352829819460221,0.804,5.3
ENSPD000087,Female,25.0,GenieCivil,3,0.500777604976672,32.0,0.8641425389755011,0.649,0.49200000000000005,1.0,0.0,5.5,No,No,Middle,1.0,Yes,Salle 16,185.0,0.5847222222222221,1.0,0.8564221124560433,0.5705,1.0
ENSPD000088,Female,24.0,Mecanique,4,0.5552099533437015,29.0,0.7204899777282852,0.596,0.9590000000000001,0.0,1.6,8.6,Yes,No,Middle,1.0,Yes,Salle 5,178.0,0.8194444444444444,1.0,0.6775360816062331,0.7775000000000001,1.6
ENSPD000089,Female,24.0,Informatique,2,0.9766718506998445,2.0,0.6247216035634744,0.7440000000000001,1.0,1.0,0.7,5.8,No,No,Middle,1.0,Yes,Salle 8,298.0,0.7625,1.0,1.2808643174513707,0.8720000000000001,1.7
ENSPD000090,Male,19.0,GenieCivil,3,0.7573872472783826,16.0,0.5,0.688,0.7170000000000001,1.0,1.4,19.9,No,No,Middle,2.0,Yes,Salle 8,185.0,0.5319444444444444,1.0,1.423782158769954,0.7025,2.4
ENSPD000091,Male,20.0,Informatique,3,0.5396578538102644,30.0,0.6069042316258353,0.568,0.6970000000000001,1.0,1.3,3.4,Yes,No,Middle,2.0,Yes,Salle 15,263.0,0.5013888888888889,1.0,1.07630444695671,0.6325000000000001,2.3
ENSPD000092,Female,17.0,Informatique,4,0.609642301710731,25.0,0.8841870824053452,0.434,0.449,1.0,3.6,17.4,No,No,Middle,2.0,No,Salle 26,230.0,0.4472222222222222,1.0,1.3631448527602064,0.4415,4.6
ENSPD000093,Female,20.0,GenieCivil,3,0.5769828926905131,27.0,0.6113585746102449,0.47200000000000003,0.425,1.0,1.0,9.1,Yes,No,Middle,1.0,No,Salle 25,185.0,0.4263888888888888,1.0,1.3531528991410282,0.4485,2.0
ENSPD000094,Male,24.0,Mecanique,2,0.7122861586314152,18.0,0.6447661469933185,0.35600000000000004,0.635,2.0,3.5,17.4,No,No,Middle,1.0,Yes,Salle 18,231.0,0.475,1.0,1.4995182388400565,0.49550000000000005,5.5
ENSPD000095,Female,23.0,Telecom,5,0.7231726283048211,16.0,0.7650334075723831,0.645,0.932,0.0,2.5,8.9,Yes,No,Low,1.0,Yes,Salle 12,60.0,0.8263888888888888,1.0,0.8750890617449189,0.7885,2.5
ENSPD000096,Male,22.0,Mecanique,3,0.9999999999999999,0.0,0.7015590200445435,0.465,0.53,4.0,3.5,22.7,Yes,No,Middle,0.0,Yes,Salle 16,212.0,0.5083333333333333,1.0,1.967174416240992,0.49750000000000005,7.5
ENSPD000097,Male,22.0,Chimie,4,0.3623639191290824,41.0,0.6759465478841872,0.531,1.0,1.0,3.3,22.9,No,No,Middle,1.0,Yes,Salle 28,93.0,0.7194444444444443,1.0,0.5036648559574836,0.7655000000000001,4.3
ENSPD000098,Male,21.0,GenieCivil,2,0.7231726283048211,18.0,0.7739420935412027,0.616,0.518,1.0,1.3,6.3,Yes,No,Middle,2.0,Yes,Salle 28,177.0,0.5208333333333334,1.0,1.3884647878213303,0.567,2.3
ENSPD000099,Male,22.0,Electrique,3,0.6609642301710731,22.0,0.6971046770601336,0.8079999999999999,0.6859999999999999,1.0,0.9,0.0,Yes,No,Middle,1.0,Yes,Salle 28,188.0,0.623611111111111,1.0,1.059881101512788,0.7469999999999999,1.9
ENSPD000100,Male,24.0,Mecanique,2,0.8973561430793159,7.0,0.7538975501113586,0.787,0.6859999999999999,1.0,2.9,24.6,No,No,Middle,1.0,No,Salle 24,231.0,0.6986111111111111,1.0,1.2844675444349654,0.7364999999999999,3.9
ENSPD000101,Male,19.0,Energetique,2,0.7869362363919129,14.0,0.6369710467706015,0.61,0.62,1.0,0.9,6.9,Yes,No,Middle,0.0,Yes,Salle 6,71.0,0.6222222222222222,1.0,1.2646986258305164,0.615,1.9
ENSPD000102,Female,23.0,GenieCivil,4,0.8304821150855365,11.0,0.5679287305122495,0.848,0.231,2.0,0.2,1.9,No,No,Middle,0.0,No,Salle 3,173.0,0.2847222222222222,0.0,2.9167127928267216,0.5395,2.2
ENSPD000103,Male,24.0,Telecom,3,0.7838258164852253,14.0,0.5189309576837416,0.258,0.516,2.0,3.9,20.2,Yes,No,Middle,2.0,No,Salle 23,154.0,0.3291666666666666,0.0,2.3811706474291174,0.387,5.9
ENSPD000104,Male,21.0,Mecanique,3,0.5458786936236392,29.0,0.49888641425389757,0.958,0.68,1.0,1.0,10.3,Yes,No,Middle,1.0,Yes,Salle 18,212.0,0.6333333333333333,1.0,0.8619001178249384,0.819,2.0
ENSPD000105,Female,23.0,Informatique,2,0.9455676516329704,4.0,0.3418708240534521,0.745,0.621,2.0,0.3,3.7,Yes,No,Middle,1.0,Yes,Salle 2,298.0,0.5805555555555555,1.0,1.6287009151415066,0.683,2.3
ENSPD000106,Male,28.0,Electrique,3,0.7231726283048211,8.0,0.6113585746102449,0.639,0.767,2.0,2.1,13.9,No,No,Middle,0.0,Yes,Salle 26,188.0,0.5638888888888889,1.0,1.2824508835790873,0.7030000000000001,4.1
ENSPD000107,Male,22.0,Informatique,2,0.8911353032659409,7.0,0.45322939866369716,0.46,0.7909999999999999,4.0,1.4,22.1,No,No,Middle,1.0,No,Salle 18,298.0,0.5861111111111111,1.0,1.520394482254041,0.6255,5.4
ENSPD000108,Female,23.0,GenieCivil,3,0.9564541213063763,3.0,0.5256124721603563,0.541,0.5920000000000001,2.0,3.9,17.8,Yes,No,Middle,1.0,Yes,Salle 29,185.0,0.4708333333333333,1.0,2.031363839294832,0.5665,5.9
ENSPD000109,Male,21.0,Informatique,2,0.7978227060653188,13.0,0.8708240534521159,0.73,0.44799999999999995,0.0,1.6,11.5,No,No,Middle,1.0,Yes,Salle 3,298.0,0.5166666666666666,1.0,1.544143092840756,0.589,1.6
ENSPD000110,Male,22.0,Electrique,4,0.9968895800933125,0.0,0.5835189309576838,0.7340000000000001,0.9500000000000001,0.0,0.2,11.5,Yes,No,Low,1.0,Yes,Salle 7,157.0,0.8097222222222222,1.0,1.2311348773517463,0.8420000000000001,0.2
ENSPD000111,Male,23.0,Energetique,4,0.7900466562986003,14.0,0.6503340757238307,0.74,0.369,1.0,2.4,16.9,Yes,Yes,Middle,1.0,Yes,Salle 2,70.0,0.4930555555555556,1.0,1.6023156503163658,0.5545,3.4
ENSPD000112,Male,22.0,GenieCivil,2,0.6796267496111975,21.0,0.655902004454343,0.489,0.521,0.0,1.9,9.5,Yes,Yes,Middle,1.0,Yes,Salle 29,177.0,0.39861111111111114,1.0,1.7049441955465303,0.505,1.9
ENSPD000113,Female,20.0,Telecom,2,0.7185069984447902,18.0,0.8752783964365256,0.45299999999999996,0.47000000000000003,2.0,0.5,8.6,No,No,Middle,0.0,No,Salle 22,161.0,0.45972222222222214,1.0,1.5628815291034424,0.4615,2.5
ENSPD000114,Female,22.0,GenieCivil,3,0.7153965785381026,18.0,0.5144766146993318,0.655,0.789,0.0,4.6,19.9,Yes,No,Middle,1.0,No,Salle 27,185.0,0.5277777777777778,1.0,1.355462571623469,0.722,4.6
ENSPD000115,Female,25.0,GenieCivil,3,0.6236391912908242,24.0,0.5734966592427617,0.7590000000000001,0.903,0.0,0.2,5.6,No,No,Middle,3.0,Yes,Salle 13,185.0,0.7555555555555555,1.0,0.8253938876716953,0.8310000000000001,0.2
ENSPD000116,Female,23.0,Energetique,3,0.9999999999999999,0.0,0.5924276169265034,0.621,0.605,0.0,0.9,11.0,No,No,Middle,0.0,Yes,Salle 8,104.0,0.5499999999999999,1.0,1.8181487609316196,0.613,0.9
ENSPD000117,Female,24.0,Telecom,3,0.7760497667185068,14.0,0.799554565701559,0.887,0.6859999999999999,2.0,1.4,7.7,No,No,Middle,1.0,Yes,Salle 28,154.0,0.7666666666666668,1.0,1.0122256232116624,0.7865,3.4
ENSPD000118,Male,22.0,Chimie,2,0.7371695178849144,17.0,0.8351893095768375,0.626,0.726,0.0,4.9,23.0,Yes,Yes,High,0.0,Yes,Salle 24,119.0,0.7124999999999999,1.0,1.0346093639175793,0.6759999999999999,4.9
ENSPD000119,Female,23.0,Mecanique,2,0.7931570762052876,13.0,0.6893095768374164,0.62,0.635,1.0,0.1,8.7,No,No,Low,2.0,Yes,Salle 20,231.0,0.7402777777777778,1.0,1.071417224509926,0.6275,1.1
ENSPD000120,Male,23.0,GenieCivil,2,0.9999999999999999,0.0,0.8162583518930958,0.741,0.28500000000000003,0.0,1.1,9.4,Yes,No,Middle,1.0,Yes,Salle 5,177.0,0.4722222222222222,1.0,2.1176022154824956,0.513,1.1
ENSPD000121,Female,20.0,Mecanique,1,0.5085536547433903,32.0,0.6403118040089087,0.8390000000000001,0.789,1.0,4.0,18.9,No,Yes,Middle,1.0,Yes,Salle 2,186.0,0.7388888888888889,1.0,0.6882587893833787,0.8140000000000001,5.0
ENSPD000122,Female,23.0,GenieCivil,3,0.56298600311042,28.0,0.5812917594654788,0.37700000000000006,0.715,1.0,0.6,14.1,No,No,Middle,1.0,Yes,Salle 27,185.0,0.4625,1.0,1.2172407150340965,0.546,1.6
ENSPD000123,Male,20.0,GenieCivil,1,0.46189735614307936,35.0,0.8073496659242763,0.419,0.5660000000000001,1.0,0.2,1.3,No,No,Low,1.0,Yes,Salle 17,149.0,0.5319444444444444,1.0,0.8683024664367072,0.49250000000000005,1.2
ENSPD000124,Male,21.0,Telecom,5,0.6765163297045101,21.0,0.6915367483296213,0.564,0.705,1.0,0.3,7.8,Yes,No,High,1.0,Yes,Salle 16,60.0,0.5513888888888888,1.0,1.2269091275605264,0.6345,1.3
ENSPD000125,Male,22.0,Telecom,4,0.7651632970451011,15.0,0.48775055679287305,1.0,0.788,0.0,1.0,14.7,Yes,No,Middle,0.0,Yes,Salle 21,121.0,0.7111111111111112,1.0,1.0759957552793646,0.894,1.0
ENSPD000126,Male,23.0,GenieCivil,4,0.6329704510108866,24.0,0.77728285077951,0.573,0.757,1.0,1.1,2.6,No,No,Middle,1.0,Yes,Salle 15,173.0,0.6652777777777776,1.0,0.9514235375331278,0.665,2.1
ENSPD000127,Female,20.0,Informatique,4,0.6189735614307931,24.0,0.5757238307349666,0.598,1.0,3.0,2.5,21.5,No,No,Middle,5.0,Yes,Salle 13,230.0,0.7736111111111112,1.0,0.8000991086473764,0.7989999999999999,5.5
ENSPD000128,Female,24.0,Telecom,2,0.7465007776049767,16.0,0.5545657015590201,0.731,0.665,1.0,0.5,13.8,Yes,No,Middle,2.0,Yes,Salle 16,161.0,0.6180555555555556,1.0,1.2078019409024916,0.698,1.5
ENSPD000129,Male,23.0,Informatique,4,0.6267496111975116,24.0,0.7594654788418709,0.7959999999999999,0.645,1.0,2.4,12.7,Yes,No,Middle,1.0,No,Salle 29,230.0,0.7458333333333333,1.0,0.8403234073252805,0.7204999999999999,3.4
ENSPD000130,Male,21.0,Electrique,1,0.7776049766718508,14.0,0.5957683741648108,0.6509999999999999,0.604,1.0,13.8,61.4,Yes,No,High,0.0,Yes,Salle 10,143.0,0.5694444444444444,1.0,1.3655262229632374,0.6275,14.8
ENSPD000131,Male,19.0,Informatique,1,0.9284603421461898,5.0,0.6748329621380846,0.8300000000000001,0.751,0.0,1.4,18.1,Yes,No,Low,1.0,Yes,Salle 29,248.0,0.7097222222222221,1.0,1.3081840066935588,0.7905,1.4
ENSPD000132,Male,22.0,Mecanique,4,0.8460342146189735,10.0,0.7204899777282852,0.405,0.634,1.0,2.0,9.7,Yes,Yes,Middle,1.0,Yes,Salle 25,178.0,0.4833333333333333,1.0,1.7503794017068066,0.5195000000000001,3.0
ENSPD000133,Male,21.0,Energetique,1,0.884914463452566,7.0,0.4799554565701559,0.48200000000000004,0.643,1.0,5.6,22.9,Yes,Yes,Middle,0.0,Yes,Salle 4,83.0,0.45138888888888895,1.0,1.960382458252763,0.5625,6.6
ENSPD000134,Male,22.0,Informatique,5,0.7231726283048211,5.0,0.6748329621380846,0.8290000000000001,0.644,2.0,9.4,49.4,No,Yes,Middle,2.0,No,Salle 12,109.0,0.6611111111111111,1.0,1.0938580180708848,0.7365,11.4
ENSPD000135,Female,21.0,GenieCivil,3,0.7729393468118196,15.0,0.8351893095768375,0.622,0.613,1.0,1.7,10.9,No,No,Middle,3.0,Yes,Salle 15,185.0,0.6208333333333333,1.0,1.2449829213142656,0.6174999999999999,2.7
ENSPD000136,Male,18.0,Mecanique,4,0.6905132192846034,20.0,0.4510022271714923,0.39299999999999996,0.518,0.0,0.6,1.9,Yes,No,Middle,1.0,Yes,Salle 11,178.0,0.34305555555555556,0.0,2.0127733842775206,0.4555,0.6
ENSPD000137,Male,21.0,Telecom,2,0.5754276827371695,27.0,0.6848552338530067,0.38200000000000006,0.7240000000000001,2.0,4.9,28.8,No,No,High,2.0,Yes,Salle 11,161.0,0.5222222222222221,1.0,1.1018616972514412,0.553,6.9
ENSPD000138,Female,21.0,Telecom,3,0.6469673405909798,23.0,0.4721603563474388,0.474,0.583,0.0,3.7,22.5,No,No,Middle,1.0,Yes,Salle 28,154.0,0.4819444444444444,1.0,1.3423827667711377,0.5285,3.7
ENSPD000139,Male,23.0,Mecanique,1,0.6220839813374807,24.0,0.7806236080178174,0.62,0.763,1.0,0.2,7.3,Yes,No,Middle,3.0,Yes,Salle 17,186.0,0.7180555555555557,1.0,0.866333131459264,0.6915,1.2
ENSPD000140,Female,21.0,Informatique,4,0.8569206842923794,9.0,0.779510022271715,0.7040000000000001,0.662,1.0,5.5,24.4,No,No,Middle,2.0,Yes,Salle 1,230.0,0.6916666666666667,1.0,1.2389035594074007,0.683,6.5
ENSPD000141,Female,25.0,Electrique,1,0.7853810264385693,14.0,0.5512249443207128,0.561,0.563,1.0,0.9,7.0,No,No,Middle,1.0,Yes,Salle 26,143.0,0.47638888888888886,1.0,1.6485786276083123,0.562,1.9
ENSPD000142,Male,18.0,Mecanique,3,0.8506998444790047,10.0,0.9788418708240534,0.6890000000000001,0.953,1.0,0.8,16.5,Yes,Yes,Middle,0.0,Yes,Salle 12,212.0,0.8555555555555554,1.0,0.9943128717081287,0.821,1.8
ENSPD000143,Male,25.0,Electrique,2,0.5038880248833592,32.0,0.7951002227171492,0.541,0.62,1.0,1.4,9.7,Yes,No,Low,3.0,Yes,Salle 20,185.0,0.523611111111111,1.0,0.9623141890022755,0.5805,2.4
ENSPD000144,Male,22.0,Informatique,1,0.9875583203732504,1.0,0.7282850779510022,0.84,0.635,0.0,0.8,6.1,Yes,No,Middle,1.0,Yes,Salle 27,248.0,0.7333333333333334,1.0,1.3466520734352492,0.7375,0.8
ENSPD000145,Male,24.0,Informatique,3,0.6407465007776051,23.0,0.7193763919821826,1.0,0.5,3.0,1.5,14.0,Yes,No,Low,2.0,Yes,Salle 18,263.0,0.5958333333333332,1.0,1.075360694552156,0.75,4.5
ENSPD000146,Male,22.0,Electrique,1,0.514774494556765,31.0,0.7750556792873051,0.549,0.23500000000000001,1.0,1.7,15.2,No,No,Middle,1.0,Yes,Salle 20,143.0,0.2972222222222223,0.0,1.7318933011640298,0.392,2.7
ENSPD000147,Female,24.0,Informatique,4,0.6376360808709175,23.0,0.4443207126948775,0.706,0.527,1.0,1.1,16.7,Yes,No,Low,1.0,Yes,Salle 3,230.0,0.5569444444444444,1.0,1.1448621825918854,0.6165,2.1
ENSPD000148,Male,21.0,Telecom,2,0.9999999999999999,0.0,0.6425389755011137,0.6920000000000001,0.21300000000000002,0.0,1.1,9.7,No,Yes,Middle,2.0,No,Salle 27,161.0,0.41666666666666674,1.0,2.3999424013823663,0.4525,1.1
ENSPD000149,Male,20.0,Informatique,2,0.6469673405909798,23.0,0.6737193763919822,0.645,0.593,0.0,1.4,18.7,No,No,High,1.0,Yes,Salle 14,298.0,0.5527777777777778,1.0,1.1703720063996468,0.619,1.4
ENSPD000150,Male,25.0,Informatique,3,0.6594090202177293,22.0,0.5434298440979956,0.738,0.934,2.0,0.0,7.1,No,No,Low,0.0,Yes,Salle 3,263.0,0.7666666666666668,1.0,0.8600875034904708,0.8360000000000001,2.0
ENSPD000151,Female,22.0,Energetique,2,0.6842923794712287,20.0,0.688195991091314,0.706,0.459,1.0,5.9,25.7,Yes,No,Middle,1.0,No,Salle 3,71.0,0.5291666666666666,1.0,1.2931265162949277,0.5825,6.9
ENSPD000152,Male,22.0,GenieCivil,2,0.6920684292379472,20.0,0.8162583518930958,0.535,0.219,3.0,2.5,9.5,No,No,Low,1.0,Yes,Salle 17,177.0,0.29861111111111116,0.0,2.317546896342643,0.377,5.5
ENSPD000153,Male,24.0,Electrique,4,0.5738724727838257,27.0,0.5400890868596883,0.8570000000000001,0.9400000000000001,1.0,2.5,17.5,No,No,Middle,2.0,Yes,Salle 7,157.0,0.6680555555555555,1.0,0.8590062277744586,0.8985000000000001,3.5
ENSPD000154,Male,20.0,Informatique,1,0.7465007776049767,16.0,0.601336302895323,0.6559999999999999,0.545,1.0,1.1,12.2,Yes,No,Low,0.0,Yes,Salle 5,248.0,0.43333333333333335,1.0,1.7226543486034398,0.6005,2.1
ENSPD000155,Other,23.0,Electrique,1,0.9206842923794712,5.0,0.47327394209354123,0.551,0.637,2.0,6.8,22.5,No,No,Low,3.0,Yes,Salle 7,143.0,0.44444444444444453,1.0,2.0714930492602015,0.5940000000000001,8.8
ENSPD000156,Male,21.0,Chimie,2,0.7791601866251944,14.0,0.31180400890868604,1.0,0.798,1.0,0.0,7.1,No,No,Middle,1.0,Yes,Salle 3,119.0,0.6333333333333333,1.0,1.2302335015108095,0.899,1.0
ENSPD000157,Female,22.0,Mecanique,2,0.5132192846034215,31.0,0.7405345211581292,0.599,0.745,4.0,0.2,5.5,Yes,No,Middle,0.0,Yes,Salle 26,231.0,0.6208333333333333,1.0,0.826648619786132,0.6719999999999999,4.2
ENSPD000158,Female,22.0,Telecom,3,0.6562986003110421,22.0,0.6057906458797326,0.6659999999999999,0.79,0.0,3.3,19.9,No,No,Middle,2.0,Yes,Salle 30,154.0,0.6527777777777778,1.0,1.0053781989381234,0.728,3.3
ENSPD000159,Male,19.0,Electrique,2,0.6174183514774495,25.0,0.6180400890868597,0.652,0.8200000000000001,0.0,2.7,13.9,Yes,No,Middle,1.0,Yes,Salle 26,185.0,0.5944444444444444,1.0,1.0386302217901093,0.736,2.7
ENSPD000160,Female,20.0,Mecanique,4,0.7293934681181958,17.0,0.44543429844098004,0.5970000000000001,0.29100000000000004,1.0,0.6,13.2,Yes,No,Middle,0.0,No,Salle 17,178.0,0.3569444444444444,0.0,2.043379707047511,0.44400000000000006,1.6
ENSPD000161,Male,25.0,Electrique,1,0.968895800933126,2.0,0.579064587973274,0.701,0.35700000000000004,3.0,1.8,16.3,Yes,No,Low,1.0,Yes,Salle 21,143.0,0.37916666666666665,1.0,2.5552621933482,0.529,4.8
ENSPD000162,Female,24.0,Electrique,2,0.6920684292379472,20.0,0.7928730512249444,0.46799999999999997,0.8740000000000001,1.0,1.4,5.4,No,Yes,Middle,0.0,Yes,Salle 16,185.0,0.6833333333333333,1.0,1.0127682461787593,0.671,2.4
ENSPD000163,Female,22.0,Informatique,2,0.7029548989113531,19.0,0.6102449888641426,0.7270000000000001,0.484,1.0,1.5,7.1,Yes,No,Middle,0.0,Yes,Salle 25,298.0,0.47777777777777775,1.0,1.4712701571832631,0.6055,2.5
ENSPD000164,Male,22.0,GenieCivil,3,0.9999999999999999,0.0,0.6146993318485524,0.303,0.505,2.0,1.8,12.4,Yes,No,High,0.0,Yes,Salle 18,185.0,0.3833333333333333,1.0,2.6086276010191036,0.404,3.8
ENSPD000165,Male,21.0,Mecanique,5,0.8833592534992224,8.0,0.6447661469933185,0.386,0.387,1.0,10.1,11.5,Yes,No,Middle,1.0,Yes,Salle 25,67.0,0.3458333333333333,0.0,2.554217960442269,0.3865,11.1
ENSPD000166,Female,25.0,GenieCivil,3,0.8273716951788491,11.0,0.40423162583518935,0.9490000000000001,0.559,0.0,8.7,44.1,No,No,Low,1.0,Yes,Salle 10,185.0,0.5916666666666666,1.0,1.3983510619744726,0.754,8.7
ENSPD000167,Male,22.0,Chimie,5,0.9999999999999999,0.0,0.7149220489977729,0.394,0.5700000000000001,1.0,8.0,33.0,Yes,No,High,1.0,Yes,Salle 23,48.0,0.49583333333333335,1.0,2.01676604841583,0.48200000000000004,9.0
ENSPD000168,Male,22.0,GenieCivil,2,0.8118195956454123,12.0,0.40089086859688206,0.267,0.45299999999999996,0.0,1.6,15.7,No,No,Low,0.0,Yes,Salle 29,177.0,0.20277777777777772,0.0,4.003296473493752,0.36,1.6
ENSPD000169,Male,24.0,Energetique,1,0.3499222395023328,42.0,0.45322939866369716,0.39799999999999996,0.429,1.0,0.8,0.0,No,Yes,Middle,1.0,No,Salle 7,83.0,0.2666666666666666,0.0,1.312159192164042,0.4135,1.8
ENSPD000170,Female,20.0,Mecanique,1,0.8755832037325039,8.0,0.43541202672605794,0.9329999999999999,0.7040000000000001,1.0,1.6,9.8,Yes,Yes,Low,2.0,No,Salle 4,186.0,0.6305555555555554,1.0,1.3885680814916657,0.8185,2.6
ENSPD000171,Female,25.0,GenieCivil,2,0.4230171073094867,37.0,0.5812917594654788,0.297,0.478,3.0,1.9,11.5,Yes,No,Middle,0.0,No,Salle 28,177.0,0.23749999999999993,0.0,1.781049670790648,0.38749999999999996,4.9
ENSPD000172,Male,19.0,Chimie,2,0.8040435458786938,13.0,0.5512249443207128,0.44799999999999995,0.635,1.0,0.7,7.6,Yes,Yes,Middle,0.0,No,Salle 3,119.0,0.4111111111111111,1.0,1.9557340261745644,0.5415,1.7
ENSPD000173,Male,25.0,GenieCivil,1,0.39968895800933124,39.0,0.6102449888641426,0.358,0.203,1.0,1.4,11.5,Yes,No,Middle,1.0,Yes,Salle 14,149.0,0.13888888888888895,0.0,2.877553313828588,0.28049999999999997,2.4
ENSPD000174,Male,21.0,GenieCivil,2,0.6329704510108866,24.0,0.4587973273942093,0.5710000000000001,1.0,1.0,1.4,15.7,No,No,Middle,1.0,Yes,Salle 29,177.0,0.6458333333333334,1.0,0.9800681037365407,0.7855000000000001,2.4
ENSPD000175,Female,22.0,Informatique,2,0.6516329704510108,22.0,0.7783964365256124,0.542,0.828,1.0,4.7,25.9,Yes,No,High,0.0,Yes,Salle 6,298.0,0.7055555555555555,1.0,0.9235611989844392,0.685,5.7
ENSPD000176,Male,18.0,Mecanique,1,0.5769828926905131,27.0,0.7494432071269488,0.533,0.541,1.0,0.5,6.6,No,No,Low,1.0,No,Salle 1,186.0,0.5194444444444445,1.0,1.1107478217990707,0.537,1.5
ENSPD000177,Female,21.0,Mecanique,2,0.6547433903576981,22.0,0.5812917594654788,0.9540000000000001,0.46,1.0,1.4,19.9,No,No,Low,1.0,Yes,Salle 3,231.0,0.623611111111111,1.0,1.049905749969138,0.7070000000000001,2.4
ENSPD000178,Male,20.0,Energetique,4,0.9129082426127527,6.0,0.5300668151447662,0.40399999999999997,0.642,1.0,1.2,10.3,Yes,Yes,Low,0.0,Yes,Salle 9,70.0,0.461111111111111,1.0,1.9797580735634108,0.523,2.2
ENSPD000179,Female,21.0,Mecanique,2,0.5863141524105754,27.0,0.5133630289532294,0.6020000000000001,0.637,0.0,0.3,8.4,No,No,High,1.0,Yes,Salle 4,231.0,0.5041666666666667,1.0,1.1629140957413913,0.6195,0.3
ENSPD000180,Male,22.0,Telecom,4,0.8211508553654744,12.0,0.5579064587973274,0.6809999999999999,0.385,0.0,0.8,12.0,Yes,Yes,High,2.0,Yes,Salle 27,121.0,0.42361111111111116,1.0,1.938408719083161,0.5329999999999999,0.8
ENSPD000181,Male,24.0,Electrique,3,0.5396578538102644,30.0,0.3763919821826281,0.444,0.13,2.0,0.1,0.0,Yes,No,Middle,2.0,Yes,Salle 29,188.0,0.21250000000000002,0.0,2.5394468674898327,0.28700000000000003,2.1
ENSPD000182,Male,22.0,Mecanique,2,0.6842923794712287,20.0,0.44988864142538976,0.708,0.635,0.0,0.8,5.3,Yes,No,Middle,2.0,No,Salle 5,231.0,0.3930555555555556,1.0,1.7409115853564312,0.6715,0.8
ENSPD000183,Female,23.0,GenieCivil,2,0.7807153965785382,14.0,0.7538975501113586,0.616,0.635,1.0,0.1,3.0,Yes,No,Middle,3.0,No,Salle 27,177.0,0.33611111111111114,0.0,2.3227205039211536,0.6255,1.1
ENSPD000184,Female,20.0,Telecom,2,0.5334370139968895,30.0,0.6603563474387528,0.616,0.674,1.0,5.2,28.4,No,No,Middle,0.0,Yes,Salle 22,161.0,0.5319444444444444,1.0,1.002787023527914,0.645,6.2
ENSPD000185,Male,20.0,Telecom,3,0.4758942457231726,34.0,0.8830734966592427,0.601,0.6759999999999999,0.0,0.2,12.8,Yes,No,Middle,1.0,Yes,Salle 14,154.0,0.5958333333333332,1.0,0.7986902245945625,0.6385,0.2
ENSPD000186,Female,26.0,Informatique,2,0.8118195956454123,12.0,0.5601336302895323,0.251,0.445,2.0,3.4,11.1,Yes,No,Middle,0.0,Yes,Salle 24,298.0,0.19861111111111107,0.0,4.087277485781813,0.348,5.4
ENSPD000187,Female,21.0,Mecanique,1,0.9300155520995333,4.0,0.5501113585746102,0.855,0.533,1.0,4.7,22.1,No,No,Low,1.0,Yes,Salle 3,186.0,0.6124999999999999,1.0,1.5183679484408965,0.694,5.7
ENSPD000188,Male,25.0,Mecanique,1,0.7060653188180402,19.0,0.6113585746102449,0.993,0.993,1.0,1.3,14.6,Yes,No,Low,1.0,Yes,Salle 25,186.0,0.8374999999999999,1.0,0.8430530009409325,0.993,2.3
ENSPD000189,Male,22.0,Informatique,4,0.6345256609642301,24.0,0.556792873051225,0.588,0.795,3.0,0.1,11.5,Yes,Yes,Middle,2.0,No,Salle 8,230.0,0.5847222222222221,1.0,1.0851559685778434,0.6915,3.1
ENSPD000190,Male,22.0,Electrique,2,0.749611197511664,16.0,0.5,0.45799999999999996,0.55,2.0,1.8,13.7,Yes,No,Middle,5.0,Yes,Salle 9,185.0,0.4263888888888888,1.0,1.7580045751643552,0.504,3.8
ENSPD000191,Male,24.0,Telecom,3,0.7309486780715396,17.0,0.655902004454343,0.891,1.0,0.0,0.5,8.8,Yes,Yes,Middle,1.0,Yes,Salle 21,154.0,0.8069444444444445,1.0,0.9058115772257358,0.9455,0.5
ENSPD000192,Female,25.0,Mecanique,3,0.7651632970451011,15.0,0.6146993318485524,0.96,0.401,2.0,0.4,8.8,Yes,No,Middle,1.0,Yes,Salle 13,212.0,0.4805555555555555,1.0,1.5922141905500025,0.6805,2.4
ENSPD000193,Female,22.0,Chimie,4,0.7231726283048211,48.0,0.5256124721603563,0.59,0.47700000000000004,2.0,1.7,7.3,Yes,No,High,0.0,Yes,Salle 23,93.0,0.3916666666666666,1.0,1.8463510590490997,0.5335,3.7
ENSPD000194,Female,21.0,Electrique,3,0.52099533437014,31.0,0.8195991091314031,0.5810000000000001,0.618,1.0,0.9,8.4,Yes,Yes,Low,1.0,Yes,Salle 11,188.0,0.5888888888888888,1.0,0.8846940352581298,0.5995,1.9
ENSPD000195,Male,22.0,Mecanique,3,0.56298600311042,28.0,0.9265033407572383,0.606,0.334,0.0,2.6,10.6,Yes,No,Middle,2.0,Yes,Salle 22,212.0,0.4833333333333333,1.0,1.164774528341662,0.47,2.6
ENSPD000196,Male,23.0,Informatique,5,0.7480559875583203,16.0,0.8051224944320713,0.319,0.998,2.0,1.8,16.6,Yes,No,Middle,1.0,Yes,Salle 18,109.0,0.6958333333333333,1.0,1.0750350714360803,0.6585,3.8
ENSPD000197,Female,24.0,Electrique,4,0.7542768273716952,16.0,0.7037861915367484,0.568,0.635,0.0,3.5,14.7,Yes,No,Middle,1.0,No,Salle 27,157.0,0.5152777777777777,1.0,1.4637972408827125,0.6014999999999999,3.5
ENSPD000198,Female,22.0,Telecom,1,0.838258164852255,10.0,0.7371937639198219,0.929,0.48200000000000004,0.0,0.1,5.5,Yes,Yes,Middle,0.0,No,Salle 19,121.0,0.6625000000000001,1.0,1.2652762446638617,0.7055,0.1
ENSPD000199,Female,23.0,Electrique,1,0.7682737169517885,15.0,0.9198218262806237,0.59,0.73,1.0,0.5,15.4,Yes,Yes,Middle,3.0,Yes,Salle 30,143.0,0.7625,1.0,1.0075588739187533,0.6599999999999999,1.5
ENSPD000200,Female,25.0,Informatique,4,0.4774494556765164,34.0,0.7371937639198219,0.433,0.669,2.0,1.7,16.3,Yes,No,Middle,0.0,Yes,Salle 12,230.0,0.5402777777777777,1.0,0.8836947184707427,0.551,3.7
ENSPD000201,Female,23.0,Informatique,4,0.9906687402799378,1.0,0.512249443207127,0.7090000000000001,0.579,4.0,4.2,14.7,Yes,No,Middle,1.0,Yes,Salle 6,230.0,0.44861111111111107,1.0,2.2082526117113033,0.644,8.2
ENSPD000202,Male,23.0,Informatique,3,0.9580093312597201,3.0,0.6759465478841872,0.5,0.39799999999999996,3.0,3.4,11.5,No,Yes,Middle,1.0,Yes,Salle 8,263.0,0.4375,1.0,2.189685564352175,0.44899999999999995,6.4
ENSPD000203,Male,19.0,Electrique,3,0.48522550544323495,33.0,0.7149220489977729,0.608,0.353,0.0,1.4,14.5,Yes,No,Middle,3.0,Yes,Salle 3,188.0,0.38750000000000007,1.0,1.252162538884764,0.4805,1.4
ENSPD000204,Female,17.0,Chimie,3,0.7822706065318817,14.0,0.4443207126948775,0.392,1.0,1.0,1.7,11.0,Yes,Yes,Middle,0.0,No,Salle 15,130.0,0.5791666666666667,1.0,1.3506597408940537,0.696,2.7
ENSPD000205,Female,23.0,Informatique,2,0.609642301710731,25.0,0.5623608017817372,0.433,0.369,0.0,2.0,14.6,Yes,No,Middle,1.0,Yes,Salle 28,298.0,0.2847222222222222,0.0,2.1411075183297283,0.401,2.0
ENSPD000206,Male,22.0,Telecom,3,0.7465007776049767,16.0,0.7939866369710468,0.753,0.98,2.0,0.5,9.5,Yes,No,Middle,0.0,Yes,Salle 17,154.0,0.825,1.0,0.9048384596610669,0.8665,2.5
ENSPD000207,Male,21.0,Electrique,1,0.9160186625194401,5.0,0.3051224944320713,0.6409999999999999,0.47100000000000003,0.0,1.8,19.5,Yes,No,Middle,2.0,Yes,Salle 26,143.0,0.3569444444444444,0.0,2.5662060713240598,0.5559999999999999,1.8
ENSPD000208,Female,22.0,Electrique,5,0.9999999999999999,0.0,0.40089086859688206,0.48,0.798,1.0,1.4,8.7,Yes,No,Middle,1.0,Yes,Salle 22,80.0,0.4472222222222222,1.0,2.235974847767379,0.639,2.4
ENSPD000209,Male,22.0,Energetique,4,0.8600311041990668,9.0,0.5812917594654788,0.642,0.733,1.0,1.0,12.0,Yes,No,Middle,1.0,Yes,Salle 27,70.0,0.5152777777777777,1.0,1.6690306684703915,0.6875,2.0
ENSPD000210,Male,24.0,Informatique,3,0.7744945567651632,14.0,0.6692650334075724,0.511,0.773,1.0,4.4,21.9,Yes,No,Middle,1.0,Yes,Salle 14,263.0,0.6375,1.0,1.2148743655239342,0.642,5.4
ENSPD000211,Male,22.0,Telecom,2,0.6562986003110421,22.0,0.3830734966592428,0.479,0.7859999999999999,3.0,3.5,25.3,Yes,No,Middle,1.0,Yes,Salle 9,161.0,0.5305555555555556,1.0,1.2369792826521342,0.6325,6.5
ENSPD000212,Female,21.0,Informatique,1,0.7542768273716952,16.0,0.5890868596881961,0.8300000000000001,0.318,3.0,0.2,7.4,Yes,No,Low,1.0,Yes,Salle 11,248.0,0.41666666666666674,1.0,1.8102209403894989,0.5740000000000001,3.2
ENSPD000213,Female,24.0,Mecanique,2,0.9735614307931569,2.0,0.8028953229398663,0.761,0.505,2.0,8.5,39.2,No,No,Low,0.0,Yes,Salle 3,231.0,0.7013888888888888,1.0,1.388028190827919,0.633,10.5
ENSPD000214,Male,22.0,Telecom,3,0.7122861586314152,18.0,0.6213808463251671,0.616,0.36600000000000005,3.0,0.5,6.0,Yes,Yes,High,2.0,No,Salle 9,154.0,0.33472222222222214,0.0,2.127928270253416,0.491,3.5
ENSPD000215,Female,23.0,Telecom,3,0.5552099533437015,29.0,0.7672605790645879,0.6459999999999999,0.6779999999999999,0.0,0.5,3.5,Yes,No,Low,1.0,Yes,Salle 3,154.0,0.5791666666666667,1.0,0.9586193389645672,0.6619999999999999,0.5
ENSPD000216,Male,21.0,GenieCivil,2,0.41835147744945567,37.0,0.5111358574610245,0.618,0.375,2.0,5.8,31.7,Yes,No,Middle,1.0,Yes,Salle 18,177.0,0.30972222222222223,0.0,1.3506876179944327,0.4965,7.8
ENSPD000217,Male,21.0,Electrique,3,0.8164852255054432,12.0,0.4755011135857461,0.708,0.244,1.0,1.2,6.5,Yes,No,Middle,1.0,Yes,Salle 19,188.0,0.2236111111111111,0.0,3.65119921571159,0.476,2.2
ENSPD000218,Female,22.0,Electrique,4,0.7667185069984447,15.0,0.7516703786191538,0.47600000000000003,0.593,1.0,3.3,10.7,Yes,No,Middle,1.0,Yes,Salle 4,157.0,0.5152777777777777,1.0,1.4879423500106743,0.5345,4.3
ENSPD000219,Female,22.0,Telecom,1,0.5987558320373251,26.0,0.6714922048997773,0.775,0.198,1.0,1.4,4.0,No,No,Low,1.0,Yes,Salle 6,121.0,0.38611111111111107,1.0,1.550694367149031,0.48650000000000004,2.4
ENSPD000220,Female,23.0,Informatique,2,0.9113530326594089,6.0,0.41202672605790647,0.684,0.6920000000000001,3.0,4.1,22.0,No,No,Middle,2.0,Yes,Salle 9,298.0,0.6013888888888889,1.0,1.515388620592855,0.6880000000000001,7.1
ENSPD000221,Female,21.0,Telecom,4,0.6407465007776051,23.0,0.4766146993318485,0.573,0.38799999999999996,2.0,3.6,14.5,Yes,No,Middle,1.0,No,Salle 12,121.0,0.35416666666666674,0.0,1.8091155095223803,0.4804999999999999,5.6
ENSPD000222,Male,18.0,GenieCivil,3,0.6951788491446346,20.0,0.8719376391982183,0.532,0.47200000000000003,3.0,1.5,7.8,Yes,No,High,1.0,No,Salle 2,185.0,0.5444444444444444,1.0,1.2768356585902936,0.502,4.5
ENSPD000223,Male,21.0,GenieCivil,3,0.7169517884914464,18.0,0.455456570155902,0.7709999999999999,0.184,1.0,2.4,7.0,No,No,Low,3.0,No,Salle 27,185.0,0.27222222222222214,0.0,2.633603702893779,0.4774999999999999,3.4
ENSPD000224,Male,24.0,GenieCivil,3,0.6547433903576981,22.0,0.7661469933184856,0.593,0.97,0.0,6.7,28.5,No,No,Middle,2.0,Yes,Salle 9,185.0,0.7472222222222222,1.0,0.8762247811136035,0.7815,6.7
ENSPD000225,Male,21.0,GenieCivil,5,0.7636080870917573,15.0,0.5300668151447662,0.494,0.34700000000000003,3.0,1.2,16.6,Yes,No,Middle,2.0,Yes,Salle 25,70.0,0.3375,0.0,2.2624754439624226,0.4205,4.2
ENSPD000226,Male,22.0,Energetique,1,0.9346811819595645,4.0,0.6102449888641426,0.551,0.5670000000000001,2.0,1.4,8.1,No,No,Middle,1.0,Yes,Salle 28,83.0,0.46666666666666656,1.0,2.0028453289420183,0.559,3.4
ENSPD000227,Female,24.0,GenieCivil,3,0.5069984447900465,32.0,0.6592427616926504,0.758,0.282,0.0,1.4,15.0,No,No,Middle,2.0,No,Salle 10,185.0,0.45833333333333337,1.0,1.106154290721031,0.52,1.4
ENSPD000228,Male,21.0,Energetique,1,0.8118195956454123,12.0,0.2594654788418708,0.33,0.473,0.0,1.0,18.0,Yes,No,Low,4.0,Yes,Salle 24,83.0,0.20138888888888895,0.0,4.030904043831593,0.40149999999999997,1.0
ENSPD000229,Female,19.0,Informatique,1,0.7527216174183514,16.0,0.36636971046770606,0.556,0.99,1.0,6.5,32.3,No,No,Low,2.0,Yes,Salle 12,248.0,0.5708333333333333,1.0,1.3186133102807276,0.773,7.5
ENSPD000230,Female,22.0,Chimie,2,0.7480559875583203,16.0,0.6247216035634744,0.813,0.6990000000000001,0.0,0.1,6.6,No,No,High,2.0,Yes,Salle 22,119.0,0.7027777777777777,1.0,1.064412346389519,0.756,0.1
ENSPD000231,Female,21.0,Telecom,1,0.8833592534992224,8.0,0.4888641425389756,0.59,0.495,1.0,1.0,5.2,No,No,Middle,1.0,No,Salle 30,121.0,0.49722222222222223,1.0,1.7765527132399574,0.5425,2.0
ENSPD000232,Male,20.0,Electrique,5,0.7293934681181958,17.0,0.7761692650334077,0.669,0.633,0.0,2.5,15.9,Yes,Yes,Middle,1.0,Yes,Salle 5,80.0,0.5847222222222221,1.0,1.2473974246642363,0.651,2.5
ENSPD000233,Male,22.0,Electrique,5,0.8102643856920683,12.0,0.3418708240534521,0.816,0.528,1.0,1.1,16.3,No,No,Middle,1.0,Yes,Salle 2,80.0,0.45138888888888895,1.0,1.7950074881365368,0.6719999999999999,2.1
ENSPD000234,Male,23.0,Electrique,2,0.8538102643856921,9.0,0.7048997772828508,0.616,0.622,0.0,0.6,2.6,Yes,Yes,Low,2.0,No,Salle 27,185.0,0.6069444444444445,1.0,1.406712270090054,0.619,0.6
ENSPD000235,Male,22.0,Telecom,3,0.625194401244168,24.0,0.38084632516703787,0.541,0.789,3.0,1.1,8.7,No,No,High,2.0,Yes,Salle 21,154.0,0.5097222222222222,1.0,1.2265153623574716,0.665,4.1
ENSPD000236,Female,23.0,Telecom,3,0.7760497667185068,14.0,0.5512249443207128,0.5970000000000001,0.574,2.0,4.3,17.5,Yes,No,Low,0.0,Yes,Salle 28,154.0,0.5333333333333333,1.0,1.4550660301091358,0.5855,6.3
ENSPD000237,Male,26.0,Informatique,4,0.6734059097978228,21.0,0.43207126948775054,0.783,0.684,2.0,1.6,17.9,Yes,No,Middle,2.0,Yes,Salle 12,230.0,0.5486111111111112,1.0,1.2274516896259926,0.7335,3.6
ENSPD000238,Male,21.0,Telecom,3,0.6951788491446346,20.0,0.9276169265033407,0.789,0.687,1.0,0.8,3.5,No,No,Middle,0.0,Yes,Salle 7,154.0,0.7083333333333333,1.0,0.9814151082261917,0.738,1.8
ENSPD000239,Female,23.0,GenieCivil,1,0.6594090202177293,22.0,0.38641425389755013,0.604,0.5750000000000001,0.0,2.2,11.0,Yes,No,Middle,3.0,Yes,Salle 18,149.0,0.3847222222222222,1.0,1.7139427948326438,0.5895,2.2
ENSPD000240,Male,21.0,Mecanique,4,0.8087091757387247,12.0,0.5902004454342985,0.61,0.493,2.0,1.4,8.0,No,No,Low,2.0,No,Salle 2,178.0,0.4041666666666667,1.0,2.000880413034048,0.5515,3.4
ENSPD000241,Female,20.0,Telecom,4,0.7356143079315708,17.0,0.3218262806236081,0.668,0.535,1.0,1.6,5.9,Yes,No,Middle,2.0,Yes,Salle 22,121.0,0.35277777777777775,0.0,2.0851468057233458,0.6015,2.6
ENSPD000242,Female,21.0,GenieCivil,3,0.7931570762052876,13.0,0.8775055679287306,0.866,0.78,0.0,1.0,9.4,Yes,No,Middle,0.0,No,Salle 6,185.0,0.7625,1.0,1.0401923597136926,0.823,1.0
ENSPD000243,Female,21.0,Chimie,4,0.7169517884914464,18.0,0.6770601336302895,0.812,0.7959999999999999,1.0,0.1,4.0,Yes,No,Middle,1.0,No,Salle 28,93.0,0.6916666666666667,1.0,1.0365418164914912,0.804,1.1
ENSPD000244,Male,23.0,Mecanique,4,0.42146189735614303,37.0,0.6336302895322939,0.745,0.41200000000000003,1.0,1.9,14.0,Yes,No,Middle,0.0,Yes,Salle 1,178.0,0.43333333333333335,1.0,0.972581934315692,0.5785,2.9
ENSPD000245,Male,27.0,Informatique,3,0.7262830482115087,18.0,0.856347438752784,0.42600000000000005,0.588,1.0,1.1,11.9,No,No,Middle,1.0,Yes,Salle 19,263.0,0.5041666666666667,1.0,1.4405328453878774,0.507,2.1
ENSPD000246,Female,21.0,GenieCivil,3,0.7325038880248832,17.0,0.6347438752783965,0.5710000000000001,0.489,1.0,1.1,2.7,No,Yes,Middle,1.0,No,Salle 18,185.0,0.4819444444444444,1.0,1.519861257570206,0.53,2.1
ENSPD000247,Male,21.0,Informatique,5,0.7651632970451011,15.0,0.6469933184855233,0.58,0.8,3.0,0.5,8.2,No,No,High,0.0,Yes,Salle 16,109.0,0.6111111111111112,1.0,1.252064906829872,0.69,3.5
ENSPD000248,Female,22.0,Chimie,2,0.609642301710731,25.0,0.6325167037861915,0.875,0.546,0.0,0.6,3.7,Yes,No,High,1.0,No,Salle 6,119.0,0.6069444444444445,1.0,1.0044284332883446,0.7105,0.6
ENSPD000249,Female,23.0,Mecanique,2,0.4976671850699844,32.0,0.6113585746102449,0.5770000000000001,1.0,1.0,3.1,18.0,Yes,No,Middle,1.0,No,Salle 17,231.0,0.6902777777777778,1.0,0.7209561013409641,0.7885,4.1
ENSPD000250,Female,23.0,GenieCivil,1,0.7231726283048211,10.0,0.5278396436525613,0.846,0.684,3.0,1.3,11.5,No,No,Middle,1.0,Yes,Salle 4,149.0,0.6625000000000001,1.0,1.0915648492925707,0.765,4.3
ENSPD000251,Male,25.0,Informatique,4,0.6687402799377916,21.0,0.5746102449888641,0.517,0.876,1.0,0.2,4.8,No,No,Middle,0.0,Yes,Salle 30,230.0,0.6611111111111111,1.0,1.0115246188612483,0.6965,1.2
ENSPD000252,Male,17.0,Mecanique,4,0.7527216174183514,16.0,0.7461024498886415,0.532,0.43700000000000006,2.0,0.1,10.7,No,No,Low,1.0,Yes,Salle 20,178.0,0.39722222222222214,1.0,1.8949158082076714,0.48450000000000004,2.1
ENSPD000253,Female,17.0,Chimie,1,0.6671850699844478,21.0,0.6570155902004455,0.7070000000000001,0.642,1.0,0.5,11.5,No,No,High,0.0,Yes,Salle 17,96.0,0.5166666666666666,1.0,1.2913009489837899,0.6745000000000001,1.5
ENSPD000254,Male,21.0,Informatique,5,0.7185069984447902,18.0,0.5913140311804008,0.902,0.763,1.0,1.3,5.7,No,Yes,Low,0.0,Yes,Salle 24,109.0,0.726388888888889,1.0,0.9891355967570788,0.8325,2.3
ENSPD000255,Male,24.0,Electrique,4,0.6360808709175737,23.0,0.3763919821826281,0.5820000000000001,0.433,4.0,1.9,13.6,No,No,Middle,0.0,Yes,Salle 12,157.0,0.31805555555555554,0.0,1.999842044532456,0.5075000000000001,5.9
ENSPD000256,Male,19.0,Telecom,4,0.5396578538102644,30.0,0.8608017817371938,0.159,0.644,1.0,0.3,14.6,No,Yes,Low,1.0,Yes,Salle 11,121.0,0.475,1.0,1.1360978796451957,0.4015,1.3
ENSPD000257,Female,17.0,Electrique,1,0.8087091757387247,12.0,0.5,0.33799999999999997,0.85,2.0,1.1,5.6,No,No,Middle,1.0,Yes,Salle 7,143.0,0.523611111111111,1.0,1.5444548712382202,0.594,3.1
ENSPD000258,Female,23.0,Telecom,3,0.6080870917573872,25.0,0.6113585746102449,0.674,0.5750000000000001,2.0,0.2,5.5,Yes,No,Middle,0.0,Yes,Salle 9,154.0,0.5902777777777778,1.0,1.0301536210805813,0.6245,2.2
ENSPD000259,Male,22.0,Informatique,3,0.7511664074650078,16.0,0.6391982182628062,0.355,0.47000000000000003,2.0,0.1,10.2,No,No,High,1.0,Yes,Salle 11,263.0,0.2694444444444445,0.0,2.7877306273932385,0.4125,2.1
ENSPD000260,Male,20.0,Mecanique,3,0.7962674961119752,13.0,0.39420935412026725,0.46399999999999997,1.0,1.0,4.0,24.7,No,No,Middle,1.0,Yes,Salle 16,212.0,0.5736111111111111,1.0,1.3881418948643565,0.732,5.0
ENSPD000261,Female,20.0,Telecom,3,0.6111975116640745,25.0,0.8195991091314031,0.622,0.406,2.0,2.1,15.9,Yes,No,Middle,1.0,Yes,Salle 10,154.0,0.4458333333333333,1.0,1.3708795578358794,0.514,4.1
ENSPD000262,Other,20.0,Chimie,4,0.4961119751166406,32.0,0.6525612472160356,0.179,0.6709999999999999,1.0,3.0,14.1,Yes,No,Middle,0.0,Yes,Salle 15,93.0,0.38055555555555554,1.0,1.3036176497697187,0.42499999999999993,4.0
ENSPD000263,Male,22.0,Electrique,2,0.9999999999999999,0.0,0.8329621380846325,0.552,0.498,3.0,0.4,6.5,Yes,No,Middle,1.0,Yes,Salle 29,185.0,0.5847222222222221,1.0,1.7101845289106696,0.525,3.4
ENSPD000264,Male,21.0,Electrique,4,0.6220839813374807,24.0,0.5801781737193764,0.41000000000000003,0.45299999999999996,1.0,0.8,8.3,Yes,Yes,Low,0.0,Yes,Salle 19,157.0,0.3680555555555556,0.0,1.6901445189526398,0.4315,1.8
ENSPD000265,Female,23.0,GenieCivil,1,0.8367029548989114,10.0,0.6113585746102449,0.35000000000000003,0.788,1.0,1.2,14.0,No,No,Middle,1.0,Yes,Salle 7,149.0,0.5486111111111112,1.0,1.525101637456776,0.5690000000000001,2.2
ENSPD000266,Female,17.0,Informatique,2,0.9999999999999999,0.0,0.3162583518930958,0.47600000000000003,0.599,2.0,2.1,12.9,Yes,No,Middle,2.0,Yes,Salle 29,298.0,0.34444444444444444,0.0,2.9031415216977567,0.5375,4.1
ENSPD000267,Female,20.0,Chimie,1,0.8678071539657853,8.0,0.5267260579064588,0.428,0.721,0.0,1.4,11.5,No,No,Middle,3.0,Yes,Salle 26,96.0,0.4541666666666666,1.0,1.9107259743986234,0.5745,1.4
ENSPD000268,Female,20.0,Electrique,2,0.6640746500777605,22.0,0.39755011135857465,0.705,0.189,2.0,1.6,11.2,No,No,Low,0.0,Yes,Salle 19,185.0,0.2944444444444444,0.0,2.255271274069879,0.44699999999999995,3.6
ENSPD000269,Male,21.0,GenieCivil,2,0.7076205287713843,19.0,0.5478841870824054,0.835,0.741,1.0,0.3,6.8,No,No,Low,2.0,Yes,Salle 11,177.0,0.7166666666666666,1.0,0.9873637048386084,0.788,1.3
ENSPD000270,Male,21.0,Telecom,4,0.5645412130637636,28.0,0.6893095768374164,0.554,0.49600000000000005,1.0,1.3,9.7,Yes,No,High,1.0,No,Salle 12,121.0,0.5180555555555555,1.0,1.0897099932813894,0.525,2.3
ENSPD000271,Female,24.0,Mecanique,3,0.884914463452566,7.0,0.5089086859688196,0.513,0.264,2.0,3.5,11.5,Yes,No,Middle,2.0,Yes,Salle 30,212.0,0.29999999999999993,0.0,2.9496165576232998,0.3885,5.5
ENSPD000272,Female,18.0,Mecanique,2,0.8258164852255053,11.0,0.755011135857461,0.545,1.0,1.0,1.4,10.3,Yes,No,High,1.0,Yes,Salle 3,231.0,0.734722222222222,1.0,1.12396933229333,0.7725,2.4
ENSPD000273,Female,22.0,Telecom,3,0.6236391912908242,24.0,0.46770601336302897,0.42100000000000004,0.76,1.0,0.4,6.7,Yes,No,Middle,1.0,Yes,Salle 4,154.0,0.4194444444444444,1.0,1.4867864664464738,0.5905,1.4
ENSPD000274,Female,23.0,Chimie,1,0.525660964230171,30.0,0.6113585746102449,0.38799999999999996,0.685,0.0,1.1,2.9,Yes,No,Middle,1.0,Yes,Salle 18,96.0,0.5055555555555555,1.0,1.0397483737841535,0.5365,1.1
ENSPD000275,Male,26.0,GenieCivil,1,0.47278382581648504,34.0,0.8285077951002227,0.324,0.89,3.0,2.8,11.5,Yes,No,Middle,0.0,Yes,Salle 15,149.0,0.65,1.0,0.7273485420477916,0.607,5.8
ENSPD000276,Male,21.0,Informatique,3,0.9035769828926904,6.0,0.779510022271715,0.381,0.635,2.0,0.3,13.0,Yes,No,Low,1.0,No,Salle 23,263.0,0.45833333333333337,1.0,1.9713976776347213,0.508,2.3
ENSPD000277,Female,23.0,Informatique,3,0.7418351477449457,17.0,0.5523385300668151,0.914,0.48,1.0,1.4,4.5,Yes,No,Low,1.0,Yes,Salle 1,263.0,0.6083333333333333,1.0,1.2194349918822363,0.6970000000000001,2.4
ENSPD000278,Female,18.0,Electrique,4,0.76049766718507,15.0,0.25501113585746105,0.49600000000000005,0.605,2.0,6.7,30.8,Yes,No,Middle,1.0,Yes,Salle 22,157.0,0.37777777777777777,1.0,2.0130287741399875,0.5505,8.7
ENSPD000279,Female,17.0,Mecanique,2,0.5660964230171072,28.0,0.7071269487750558,0.091,0.635,0.0,1.0,6.8,No,Yes,Middle,0.0,No,Salle 26,231.0,0.26111111111111107,0.0,2.1679458263955698,0.363,1.0
ENSPD000280,Female,24.0,Telecom,4,0.7231726283048211,36.0,0.5890868596881961,0.514,0.54,2.0,0.1,11.5,No,Yes,Middle,1.0,Yes,Salle 19,121.0,0.3041666666666667,0.0,2.377475682897508,0.527,2.1
ENSPD000281,Female,22.0,Energetique,3,0.900466562986003,6.0,0.44654788418708236,0.334,0.38799999999999996,1.0,2.0,15.0,No,No,Middle,1.0,No,Salle 2,104.0,0.27222222222222214,0.0,3.307714845933835,0.361,3.0
ENSPD000282,Male,24.0,Chimie,5,0.7278382581648523,18.0,0.6113585746102449,0.631,0.446,1.0,0.1,6.0,No,No,Middle,0.0,Yes,Salle 25,48.0,0.4569444444444445,1.0,1.5928026677795915,0.5385,1.1
ENSPD000283,Male,19.0,Mecanique,1,0.8895800933125974,7.0,0.8496659242761693,0.616,0.8190000000000001,1.0,0.4,0.0,Yes,No,Low,0.0,Yes,Salle 27,186.0,0.6749999999999999,1.0,1.3178769104348047,0.7175,1.4
ENSPD000284,Male,23.0,Chimie,3,0.6485225505443236,23.0,0.4198218262806236,0.63,0.706,1.0,0.1,0.0,No,No,Middle,0.0,Yes,Salle 26,130.0,0.5666666666666667,1.0,1.1444313639365018,0.6679999999999999,1.1
ENSPD000285,Male,26.0,Mecanique,3,0.6765163297045101,21.0,0.688195991091314,0.613,0.539,1.0,0.4,0.0,Yes,No,Middle,1.0,Yes,Salle 16,212.0,0.4916666666666667,1.0,1.3759374311800643,0.5760000000000001,1.4
ENSPD000286,Male,23.0,Informatique,5,0.8538102643856921,9.0,0.6469933184855233,0.5529999999999999,0.434,0.0,3.9,20.1,Yes,No,Low,1.0,Yes,Salle 27,109.0,0.39722222222222214,1.0,2.149398303111594,0.49349999999999994,3.9
ENSPD000287,Male,23.0,Informatique,1,0.8569206842923794,9.0,0.5501113585746102,0.358,0.559,1.0,2.7,9.2,Yes,No,Middle,0.0,Yes,Salle 17,248.0,0.43472222222222223,1.0,1.9711460077931535,0.4585,3.7
ENSPD000288,Male,22.0,Mecanique,3,0.8693623639191289,8.0,0.7182628062360802,0.6070000000000001,0.303,1.0,0.8,0.0,Yes,No,Middle,1.0,No,Salle 19,212.0,0.31944444444444453,0.0,2.7213969911453755,0.45500000000000007,1.8
ENSPD000289,Male,19.0,Telecom,2,0.6656298600311042,22.0,0.8830734966592427,0.8029999999999999,0.665,1.0,4.5,19.3,Yes,Yes,Middle,0.0,Yes,Salle 20,161.0,0.7124999999999999,1.0,0.9342042357736795,0.734,5.5
ENSPD000290,Female,25.0,Mecanique,3,0.8351477449455676,11.0,0.5612472160356348,0.946,0.8290000000000001,0.0,2.2,11.1,No,No,Middle,2.0,Yes,Salle 23,212.0,0.7708333333333333,1.0,1.0834208571723192,0.8875,2.2
ENSPD000291,Male,21.0,Informatique,2,0.926905132192846,5.0,0.5701559020044543,0.5770000000000001,1.0,1.0,1.2,9.5,Yes,No,Low,1.0,Yes,Salle 10,298.0,0.6986111111111111,1.0,1.3267637027439154,0.7885,2.2
ENSPD000292,Male,23.0,Energetique,1,0.6998444790046657,19.0,0.7138084632516704,0.5970000000000001,0.419,1.0,0.1,5.4,Yes,No,High,2.0,Yes,Salle 11,83.0,0.4472222222222222,1.0,1.5648346524032983,0.508,1.1
ENSPD000293,Female,19.0,Informatique,3,0.6236391912908242,24.0,0.7639198218262806,0.616,0.821,0.0,2.6,15.6,No,No,High,3.0,Yes,Salle 4,263.0,0.7291666666666667,1.0,0.8552648758519759,0.7184999999999999,2.6
ENSPD000294,Male,20.0,Chimie,2,0.9704510108864696,2.0,0.5890868596881961,0.8890000000000001,0.499,1.0,0.9,11.9,No,No,Middle,0.0,Yes,Salle 15,119.0,0.5527777777777778,1.0,1.7555580095994698,0.6940000000000001,1.9
ENSPD000295,Male,25.0,Mecanique,1,0.5972006220839813,26.0,0.5590200445434298,0.532,0.414,0.0,0.7,6.6,Yes,No,Middle,1.0,Yes,Salle 7,186.0,0.32500000000000007,0.0,1.8374838376787825,0.473,0.7
ENSPD000296,Male,21.0,Informatique,2,0.838258164852255,10.0,0.23942093541202675,0.745,0.414,0.0,0.7,10.8,No,No,Low,0.0,Yes,Salle 14,298.0,0.3222222222222222,0.0,2.601410123020422,0.5795,0.7
ENSPD000297,Female,25.0,Telecom,1,0.7091757387247278,19.0,0.4799554565701559,0.47200000000000003,0.668,0.0,0.0,3.6,No,No,Middle,1.0,Yes,Salle 25,121.0,0.43194444444444435,1.0,1.6417836367833418,0.5700000000000001,0.0
ENSPD000298,Male,22.0,Informatique,5,0.37636080870917565,40.0,0.4198218262806236,0.679,0.454,0.0,2.7,14.2,Yes,No,Middle,1.0,No,Salle 14,109.0,0.37222222222222223,1.0,1.011091426911689,0.5665,2.7
ENSPD000299,Female,18.0,Electrique,3,0.9300155520995333,4.0,0.7249443207126949,0.795,0.519,0.0,0.3,3.9,Yes,No,Low,1.0,Yes,Salle 25,188.0,0.5722222222222223,1.0,1.6252414945944245,0.657,0.3
ENSPD000300,Male,24.0,Mecanique,4,0.20528771384136846,51.0,0.6113585746102449,0.38799999999999996,0.552,0.0,1.5,10.9,No,No,Low,1.0,Yes,Salle 14,178.0,0.3569444444444444,0.0,0.5751090007042032,0.47,1.5
ENSPD000301,Male,21.0,Informatique,2,0.3499222395023328,42.0,0.5634743875278396,0.616,0.49200000000000005,1.0,0.0,11.5,No,No,Middle,2.0,No,Salle 12,298.0,0.42499999999999993,1.0,0.8233270734861129,0.554,1.0
ENSPD000302,Male,23.0,Informatique,4,0.8180404354587868,12.0,0.6091314031180401,0.792,0.47700000000000004,1.0,2.0,15.6,No,No,Low,1.0,No,Salle 25,230.0,0.475,1.0,1.722154134563034,0.6345000000000001,3.0
ENSPD000303,Male,22.0,Informatique,3,0.8180404354587868,12.0,0.46436525612472157,0.731,0.154,1.0,0.9,11.0,Yes,No,Low,2.0,No,Salle 20,263.0,0.3138888888888889,0.0,2.6060634950139927,0.4425,1.9
ENSPD000304,Female,19.0,Informatique,3,0.6003110419906686,26.0,0.8697104677060133,0.8059999999999999,0.657,1.0,2.0,14.2,No,No,Low,1.0,Yes,Salle 22,263.0,0.6722222222222222,1.0,0.893011406097433,0.7315,3.0
ENSPD000305,Female,22.0,Chimie,3,0.7480559875583203,16.0,0.8273942093541203,0.773,0.654,2.0,0.2,1.2,Yes,No,Middle,0.0,Yes,Salle 1,130.0,0.6208333333333333,1.0,1.2049029882337257,0.7135,2.2
ENSPD000306,Female,26.0,GenieCivil,4,0.7231726283048211,48.0,0.8808463251670379,0.559,0.48100000000000004,1.0,0.6,18.4,Yes,Yes,Middle,0.0,No,Salle 29,173.0,0.4916666666666667,1.0,1.470829667813172,0.52,1.6
ENSPD000307,Male,23.0,Mecanique,3,0.8522550544323483,10.0,0.7249443207126949,1.0,0.7120000000000001,1.0,0.2,0.5,No,No,Low,1.0,Yes,Salle 5,212.0,0.7666666666666668,1.0,1.1116225280961747,0.8560000000000001,1.2
ENSPD000308,Male,22.0,GenieCivil,2,0.7667185069984447,15.0,0.6057906458797326,0.645,0.919,1.0,2.1,13.9,No,No,Middle,0.0,Yes,Salle 19,177.0,0.7055555555555555,1.0,1.08667224606045,0.782,3.1
ENSPD000309,Female,24.0,Telecom,1,0.7231726283048211,18.0,0.8797327394209354,0.07,0.645,3.0,0.2,17.8,Yes,No,Low,1.0,Yes,Salle 26,121.0,0.3375,0.0,2.1426702269705222,0.35750000000000004,3.2
ENSPD000310,Male,22.0,Telecom,3,0.7247278382581649,18.0,0.4966592427616926,0.569,0.9059999999999999,3.0,1.4,11.5,No,Yes,Low,1.0,Yes,Salle 22,154.0,0.5930555555555557,1.0,1.2220029159833339,0.7374999999999999,4.4
ENSPD000311,Male,22.0,Chimie,3,0.8118195956454123,12.0,0.46436525612472157,0.536,1.0,4.0,0.3,3.4,Yes,No,Middle,3.0,Yes,Salle 6,130.0,0.7305555555555554,1.0,1.111220737785903,0.768,4.3
ENSPD000312,Male,20.0,Telecom,1,0.7153965785381026,18.0,0.5100222717149221,0.763,1.0,1.0,1.4,32.7,Yes,No,Low,1.0,Yes,Salle 25,121.0,0.6986111111111111,1.0,1.0240122537956393,0.8815,2.4
ENSPD000313,Male,22.0,Mecanique,2,0.3701399688958009,40.0,0.6971046770601336,0.539,0.402,1.0,1.1,10.2,Yes,No,Low,2.0,Yes,Salle 13,231.0,0.4458333333333333,1.0,0.8302018696308889,0.47050000000000003,2.1
ENSPD000314,Female,24.0,Mecanique,3,0.9999999999999999,0.0,0.4832962138084633,0.818,0.40299999999999997,1.0,0.3,2.9,Yes,No,Middle,1.0,Yes,Salle 14,212.0,0.37777777777777777,1.0,2.646988756179983,0.6104999999999999,1.3
ENSPD000315,Female,20.0,Electrique,4,0.9440124416796268,4.0,0.5846325167037862,0.72,0.551,3.0,1.4,6.3,No,No,High,1.0,Yes,Salle 16,157.0,0.5263888888888889,1.0,1.7933404906538224,0.6355,4.4
ENSPD000316,Female,25.0,Electrique,1,0.48055987558320357,33.0,0.3429844097995546,0.616,0.6659999999999999,0.0,0.8,6.7,Yes,No,Middle,0.0,Yes,Salle 6,143.0,0.3375,0.0,1.423838925019121,0.641,0.8
ENSPD000317,Male,22.0,GenieCivil,2,0.6562986003110421,22.0,0.690423162583519,0.595,0.9570000000000001,2.0,4.4,21.7,Yes,No,Low,0.0,Yes,Salle 28,177.0,0.6972222222222222,1.0,0.9412912647945098,0.776,6.4
ENSPD000318,Male,20.0,GenieCivil,4,0.6765163297045101,21.0,0.356347438752784,0.48,0.765,2.0,0.3,6.4,Yes,No,Middle,2.0,Yes,Salle 1,173.0,0.44861111111111107,1.0,1.5079904020320518,0.6225,2.3
ENSPD000319,Male,24.0,Energetique,3,0.9206842923794712,5.0,0.4543429844097996,0.653,0.399,1.0,3.1,20.2,No,Yes,Middle,1.0,No,Salle 6,104.0,0.4263888888888888,1.0,2.159208938791075,0.526,4.1
ENSPD000320,Male,21.0,Telecom,2,0.317262830482115,44.0,0.8140311804008908,0.479,0.518,0.0,1.1,13.0,Yes,No,Low,1.0,No,Salle 2,161.0,0.39583333333333337,1.0,0.8014858499965011,0.4985,1.1
ENSPD000321,Male,24.0,GenieCivil,4,0.6267496111975116,24.0,0.8073496659242763,0.633,0.632,1.0,3.2,14.9,Yes,No,Middle,0.0,Yes,Salle 28,173.0,0.7111111111111112,1.0,0.8813542467024064,0.6325000000000001,4.2
ENSPD000322,Female,21.0,Chimie,3,0.3919129082426127,39.0,0.6726057906458797,0.5710000000000001,0.342,1.0,4.1,22.8,No,No,Middle,0.0,No,Salle 26,130.0,0.3125,0.0,1.2540811757787358,0.4565,5.1
ENSPD000323,Female,22.0,Mecanique,3,0.6671850699844478,21.0,0.655902004454343,0.593,0.643,1.0,12.3,53.1,Yes,No,Middle,0.0,Yes,Salle 29,212.0,0.5458333333333333,1.0,1.2223013990298461,0.618,13.3
ENSPD000324,Male,23.0,Informatique,5,0.6314152410575428,24.0,0.5211581291759466,0.9890000000000001,0.402,2.0,0.1,11.5,No,No,Middle,1.0,No,Salle 5,109.0,0.47638888888888886,1.0,1.3253919263544054,0.6955,2.1
ENSPD000325,Female,23.0,Mecanique,5,0.7356143079315708,17.0,0.48106904231625836,0.555,0.31,0.0,3.2,13.7,No,No,Low,2.0,Yes,Salle 3,67.0,0.31527777777777777,0.0,2.333151995666794,0.4325,3.2
ENSPD000326,Female,18.0,GenieCivil,2,0.6065318818040436,25.0,0.5501113585746102,0.272,0.635,4.0,0.1,5.3,Yes,No,Middle,0.0,No,Salle 15,177.0,0.2069444444444445,0.0,2.9307506945900017,0.4535,4.1
ENSPD000327,Male,20.0,Informatique,1,0.5800933125972006,27.0,0.3574610244988864,0.8029999999999999,0.7220000000000001,2.0,0.8,0.9,No,Yes,Middle,3.0,Yes,Salle 27,248.0,0.5652777777777778,1.0,1.0261911461762458,0.7625,2.8
ENSPD000328,Female,24.0,Telecom,2,0.8351477449455676,11.0,0.6525612472160356,0.8009999999999999,0.721,1.0,1.4,16.2,Yes,No,Middle,1.0,Yes,Salle 10,161.0,0.6916666666666667,1.0,1.207425066064926,0.7609999999999999,2.4
ENSPD000329,Male,22.0,Mecanique,1,0.8055987558320373,12.0,0.6180400890868597,0.264,0.659,1.0,1.2,17.0,Yes,No,Low,0.0,Yes,Salle 18,186.0,0.41527777777777775,1.0,1.9398566462582403,0.4615,2.2
ENSPD000330,Male,21.0,Electrique,1,0.822706065318818,11.0,0.6113585746102449,0.494,0.838,0.0,1.7,18.0,No,Yes,Middle,2.0,Yes,Salle 28,143.0,0.525,1.0,1.5670293238582464,0.6659999999999999,1.7
ENSPD000331,Male,19.0,Informatique,2,0.687402799377916,20.0,0.8719376391982183,0.698,0.8170000000000001,1.0,6.8,35.6,No,No,Middle,0.0,Yes,Salle 18,298.0,0.7,1.0,0.9819899706831562,0.7575000000000001,7.8
ENSPD000332,Female,20.0,Informatique,5,0.6127527216174183,25.0,0.7115812917594654,0.7140000000000001,0.6809999999999999,1.0,3.4,20.9,No,Yes,Middle,0.0,Yes,Salle 12,109.0,0.6055555555555555,1.0,1.0118685186036864,0.6975,4.4
ENSPD000333,Male,18.0,Telecom,4,0.6982892690513217,19.0,0.7260579064587974,0.619,0.653,1.0,0.9,16.9,Yes,No,Middle,0.0,No,Salle 6,121.0,0.6166666666666666,1.0,1.1323426145273134,0.636,1.9
ENSPD000334,Male,22.0,Electrique,3,0.8133748055987559,12.0,0.5289532293986637,0.623,0.6659999999999999,0.0,1.8,10.0,No,No,Low,3.0,No,Salle 1,188.0,0.5083333333333333,1.0,1.6000501083888632,0.6445,1.8
ENSPD000335,Male,21.0,Energetique,3,0.31415241057542764,44.0,0.6102449888641426,0.451,0.61,1.0,0.1,4.4,Yes,No,Middle,0.0,Yes,Salle 27,104.0,0.44166666666666665,1.0,0.7112723724944212,0.5305,1.1
ENSPD000336,Male,20.0,Energetique,1,0.7931570762052876,13.0,0.7149220489977729,0.188,0.20500000000000002,1.0,1.2,15.5,Yes,No,Low,2.0,Yes,Salle 30,83.0,0.18055555555555558,0.0,4.392626676582582,0.1965,2.2
ENSPD000337,Female,22.0,Mecanique,1,0.7776049766718508,14.0,0.6358574610244989,0.9890000000000001,0.867,0.0,1.9,12.0,Yes,No,Middle,0.0,Yes,Salle 5,186.0,0.8402777777777777,1.0,0.9254031740510406,0.928,1.9
ENSPD000338,Female,23.0,Mecanique,1,0.7309486780715396,17.0,0.8775055679287306,0.446,0.72,2.0,2.5,11.3,No,No,Middle,0.0,Yes,Salle 20,186.0,0.5791666666666667,1.0,1.2620478692250603,0.583,4.5
ENSPD000339,Male,26.0,Telecom,4,0.6920684292379472,20.0,0.5757238307349666,0.616,0.397,0.0,4.6,17.3,No,No,High,1.0,No,Salle 26,121.0,0.4375,1.0,1.5818345391829838,0.5065,4.6
ENSPD000340,Male,19.0,Energetique,1,0.24105754276827374,49.0,0.5256124721603563,0.5910000000000001,0.9259999999999999,0.0,0.7,4.4,Yes,No,High,2.0,Yes,Salle 17,83.0,0.6166666666666666,1.0,0.3908977845250192,0.7585,0.7
ENSPD000341,Male,24.0,Electrique,4,0.6376360808709175,23.0,0.7160356347438753,0.7809999999999999,0.522,0.0,4.6,30.4,Yes,Yes,Middle,1.0,No,Salle 10,157.0,0.6777777777777778,1.0,0.9407606654718631,0.6515,4.6
ENSPD000342,Male,24.0,Chimie,3,0.9999999999999999,0.0,0.3986636971046771,0.616,0.618,0.0,2.2,13.4,Yes,No,Low,3.0,Yes,Salle 29,130.0,0.5180555555555555,1.0,1.9302576465011938,0.617,2.2
ENSPD000343,Male,20.0,Chimie,2,0.7231726283048211,18.0,0.7650334075723831,0.648,0.845,2.0,0.2,2.8,Yes,No,Middle,1.0,No,Salle 9,119.0,0.8013888888888889,1.0,0.902387859942599,0.7464999999999999,2.2
ENSPD000344,Male,22.0,Mecanique,1,0.6625194401244167,22.0,0.3930957683741648,0.146,0.684,4.0,1.0,11.5,Yes,Yes,Low,0.0,Yes,Salle 26,186.0,0.29861111111111116,0.0,2.2185954558246417,0.41500000000000004,5.0
ENSPD000345,Male,21.0,Electrique,3,0.7231726283048211,18.0,0.7171492204899776,0.47000000000000003,0.907,1.0,1.3,11.5,Yes,No,Middle,0.0,Yes,Salle 20,188.0,0.7277777777777776,1.0,0.9936586603761768,0.6885,2.3
ENSPD000346,Male,22.0,Telecom,4,0.7231726283048211,14.0,0.5022271714922049,0.7540000000000001,0.5700000000000001,0.0,0.9,1.2,No,No,Middle,1.0,Yes,Salle 14,177.0,0.45972222222222214,1.0,1.5730301104612567,0.6620000000000001,0.9
ENSPD000347,Female,25.0,Electrique,4,0.8429237947122862,10.0,0.6893095768374164,0.738,0.978,2.0,0.2,2.2,No,No,Middle,1.0,Yes,Salle 18,157.0,0.8402777777777777,1.0,1.0031370406713278,0.858,2.2
ENSPD000348,Male,23.0,Informatique,2,0.6780715396578537,21.0,0.7616926503340756,0.449,0.484,2.0,1.6,5.4,No,No,Middle,0.0,Yes,Salle 27,298.0,0.4361111111111111,1.0,1.5547780705463272,0.4665,3.6
ENSPD000349,Male,23.0,Mecanique,3,0.7231726283048211,13.0,0.6358574610244989,0.336,0.904,2.0,0.3,12.1,Yes,No,Middle,1.0,No,Salle 23,212.0,0.5402777777777777,1.0,1.3384952576185511,0.62,2.3
ENSPD000350,Female,21.0,Informatique,2,0.9999999999999999,0.0,0.4097995545657016,0.643,0.187,0.0,4.9,24.1,Yes,No,Low,4.0,Yes,Salle 15,298.0,0.23611111111111116,0.0,4.235114748081256,0.41500000000000004,4.9
ENSPD000351,Male,19.0,Mecanique,5,0.9082426127527216,6.0,0.45991091314031185,0.09699999999999999,0.42,2.0,4.0,20.3,No,No,Middle,0.0,Yes,Salle 11,67.0,0.16249999999999998,0.0,5.588841380547176,0.2585,6.0
ENSPD000352,Female,22.0,Telecom,4,0.9999999999999999,0.0,0.4888641425389756,0.413,0.7000000000000001,1.0,1.3,9.5,Yes,No,Low,3.0,No,Salle 1,121.0,0.5194444444444445,1.0,1.925096629155802,0.5565,2.3
ENSPD000353,Female,24.0,Informatique,3,0.5972006220839813,26.0,0.2939866369710468,0.937,0.56,1.0,0.1,0.9,Yes,No,Middle,0.0,Yes,Salle 16,263.0,0.5333333333333333,1.0,1.11973017146675,0.7485,1.1
ENSPD000354,Male,19.0,Informatique,2,0.9999999999999999,0.0,0.7984409799554566,0.616,0.625,1.0,1.6,13.5,Yes,No,Middle,1.0,Yes,Salle 11,298.0,0.6805555555555556,1.0,1.4693661644155431,0.6205,2.6
ENSPD000355,Male,20.0,Mecanique,3,0.5723172628304821,28.0,0.6291759465478842,0.708,0.648,0.0,1.8,19.5,Yes,Yes,Middle,1.0,Yes,Salle 2,212.0,0.6736111111111112,1.0,0.849613014482975,0.6779999999999999,1.8
ENSPD000356,Female,22.0,Electrique,2,0.7853810264385693,14.0,0.6113585746102449,0.616,0.402,0.0,1.4,20.1,Yes,No,High,2.0,Yes,Salle 13,185.0,0.41527777777777775,1.0,1.8911729852517596,0.509,1.4
ENSPD000357,Male,20.0,GenieCivil,1,0.8569206842923794,9.0,0.8530066815144766,0.269,0.41700000000000004,1.0,0.1,9.0,Yes,No,Low,0.0,Yes,Salle 3,149.0,0.37222222222222223,1.0,2.302113124910499,0.343,1.1
ENSPD000358,Female,20.0,Informatique,2,0.625194401244168,24.0,0.4933184855233853,0.48700000000000004,0.6859999999999999,0.0,2.4,14.2,No,Yes,Middle,2.0,Yes,Salle 20,298.0,0.48611111111111116,1.0,1.2860877401830617,0.5865,2.4
ENSPD000359,Female,21.0,Informatique,5,0.7231726283048211,17.0,0.6525612472160356,0.5670000000000001,0.507,0.0,1.7,8.7,No,No,High,0.0,Yes,Salle 2,109.0,0.46666666666666656,1.0,1.5496224258869193,0.537,1.7
ENSPD000360,Male,19.0,Mecanique,3,0.8895800933125974,7.0,0.4721603563474388,0.49100000000000005,0.908,4.0,0.4,10.2,Yes,No,Middle,1.0,Yes,Salle 23,212.0,0.6055555555555555,1.0,1.4690070879221035,0.6995,4.4
ENSPD000361,Male,20.0,GenieCivil,1,0.5878693623639192,26.0,0.27282850779510026,0.557,0.6020000000000001,1.0,0.3,0.0,Yes,No,Middle,3.0,Yes,Salle 24,149.0,0.3736111111111111,1.0,1.5734372199034887,0.5795000000000001,1.3
ENSPD000362,Female,23.0,Mecanique,4,0.9999999999999999,0.0,0.38195991091314035,0.8540000000000001,0.784,1.0,2.4,8.9,No,No,Middle,0.0,Yes,Salle 27,178.0,0.6416666666666667,1.0,1.5584172714191464,0.8190000000000001,3.4
ENSPD000363,Male,19.0,Energetique,2,0.46189735614307936,35.0,0.5356347438752784,0.522,0.7290000000000001,1.0,0.8,15.3,Yes,No,High,2.0,Yes,Salle 22,71.0,0.4708333333333333,1.0,0.981000098000919,0.6255000000000001,1.8
ENSPD000364,Male,19.0,GenieCivil,2,0.9999999999999999,0.0,0.7605790645879733,0.559,0.52,1.0,19.4,81.0,Yes,No,Middle,2.0,Yes,Salle 1,177.0,0.5319444444444444,1.0,1.87986022194883,0.5395000000000001,20.4
ENSPD000365,Female,21.0,Informatique,2,0.906687402799378,6.0,0.6681514476614699,0.753,0.244,0.0,4.5,27.8,Yes,No,Middle,4.0,Yes,Salle 13,298.0,0.46805555555555556,1.0,1.937094904843434,0.4985,4.5
ENSPD000366,Male,23.0,Chimie,3,0.7029548989113531,19.0,0.6336302895322939,0.364,0.877,1.0,1.7,11.3,No,No,Low,4.0,Yes,Salle 5,130.0,0.5472222222222223,1.0,1.2845641582594791,0.6205,2.7
ENSPD000367,Female,22.0,Mecanique,3,0.645412130637636,23.0,0.27394209354120264,0.469,0.444,1.0,2.1,3.2,No,Yes,Low,2.0,Yes,Salle 21,212.0,0.2680555555555556,0.0,2.407665279114447,0.4565,3.1
ENSPD000368,Female,21.0,Electrique,3,0.625194401244168,24.0,0.8229398663697104,0.48700000000000004,0.559,0.0,0.3,8.9,Yes,No,High,2.0,Yes,Salle 21,188.0,0.4902777777777778,1.0,1.2751580389742785,0.523,0.3
ENSPD000369,Male,22.0,Mecanique,4,0.6951788491446346,20.0,0.6481069042316259,0.63,0.61,2.0,4.5,24.5,Yes,No,Middle,1.0,Yes,Salle 12,178.0,0.47777777777777775,1.0,1.4549950448250413,0.62,6.5
ENSPD000370,Male,19.0,Electrique,2,0.7107309486780716,19.0,0.5902004454342985,0.5579999999999999,0.63,2.0,1.2,11.5,Yes,No,Middle,3.0,No,Salle 8,185.0,0.5916666666666666,1.0,1.2012151039893497,0.594,3.2
ENSPD000371,Male,23.0,Chimie,4,0.9548989113530325,3.0,0.799554565701559,0.564,0.8320000000000001,0.0,1.5,11.5,Yes,No,Middle,3.0,No,Salle 27,93.0,0.6916666666666667,1.0,1.380556779448537,0.698,1.5
ENSPD000372,Male,23.0,Telecom,1,0.9999999999999999,0.0,0.8184855233853007,0.5,0.6409999999999999,2.0,4.1,25.1,Yes,No,Middle,3.0,No,Salle 5,121.0,0.5916666666666666,1.0,1.6901122797924544,0.5705,6.1
ENSPD000373,Male,21.0,Mecanique,4,0.7573872472783826,16.0,0.8028953229398663,0.42700000000000005,0.615,1.0,0.0,2.0,Yes,No,High,1.0,Yes,Salle 20,178.0,0.4902777777777778,1.0,1.5447810074141133,0.521,1.0
ENSPD000374,Female,24.0,Mecanique,3,0.56298600311042,28.0,0.5690423162583519,0.73,0.8440000000000001,0.0,1.4,14.9,Yes,No,Middle,2.0,Yes,Salle 8,212.0,0.6416666666666667,1.0,0.877367110814512,0.787,1.4
ENSPD000375,Male,20.0,GenieCivil,3,0.6189735614307931,24.0,0.44209354120267264,0.559,0.76,0.0,2.0,13.9,Yes,No,Middle,2.0,Yes,Salle 4,185.0,0.5833333333333334,1.0,1.061079343949749,0.6595,2.0
ENSPD000376,Male,24.0,Telecom,3,0.6858475894245722,20.0,0.7750556792873051,0.731,0.493,3.0,0.3,6.5,Yes,No,High,2.0,Yes,Salle 13,154.0,0.49722222222222223,1.0,1.3793305396810231,0.612,3.3
ENSPD000377,Female,22.0,Telecom,3,0.5272161741835147,30.0,0.38195991091314035,0.42,0.41100000000000003,0.0,0.1,2.5,No,No,Low,2.0,Yes,Salle 22,154.0,0.2930555555555555,0.0,1.798970108186501,0.4155,0.1
ENSPD000378,Male,21.0,Informatique,1,0.500777604976672,32.0,0.9354120267260579,0.5,0.47500000000000003,0.0,1.5,7.3,Yes,No,Low,0.0,Yes,Salle 29,248.0,0.4902777777777778,1.0,1.0213952451485517,0.48750000000000004,1.5
ENSPD000379,Female,22.0,Informatique,4,0.9999999999999999,0.0,0.6146993318485524,0.58,0.63,1.0,1.6,17.1,Yes,No,Low,1.0,Yes,Salle 20,230.0,0.5583333333333333,1.0,1.7910126982800307,0.605,2.6
ENSPD000380,Male,22.0,GenieCivil,1,0.7760497667185068,14.0,0.4331848552338531,0.5970000000000001,0.635,0.0,0.8,9.7,No,Yes,High,0.0,No,Salle 28,149.0,0.2875,0.0,2.699209650859124,0.6160000000000001,0.8
ENSPD000381,Male,24.0,Informatique,1,0.5645412130637636,28.0,0.6113585746102449,0.756,0.658,1.0,4.3,26.0,Yes,No,Middle,2.0,No,Salle 26,248.0,0.5277777777777778,1.0,1.069636768476781,0.7070000000000001,5.3
ENSPD000382,Female,20.0,Mecanique,3,0.8724727838258165,8.0,0.6113585746102449,0.543,0.614,2.0,0.7,5.9,Yes,No,High,2.0,Yes,Salle 4,212.0,0.46944444444444444,1.0,1.8584823174020786,0.5785,2.7
ENSPD000383,Male,20.0,Informatique,4,0.500777604976672,32.0,0.6336302895322939,0.7540000000000001,0.131,2.0,1.5,13.0,Yes,No,Low,1.0,Yes,Salle 7,230.0,0.38194444444444453,1.0,1.3110924935172743,0.44250000000000006,3.5
ENSPD000384,Female,24.0,Electrique,1,0.514774494556765,31.0,0.6091314031180401,0.687,0.359,1.0,0.4,5.2,Yes,Yes,Low,1.0,Yes,Salle 1,143.0,0.3833333333333333,1.0,1.342854954801436,0.523,1.4
ENSPD000385,Female,21.0,Energetique,5,0.5707620528771385,28.0,0.40423162583518935,0.601,0.063,1.0,0.0,11.5,Yes,No,Middle,1.0,Yes,Salle 30,40.0,0.09166666666666667,0.0,6.22581594237507,0.33199999999999996,1.0
ENSPD000386,Female,24.0,Energetique,5,0.9999999999999999,0.0,0.5512249443207128,0.616,0.5710000000000001,1.0,1.1,3.8,Yes,No,Low,0.0,Yes,Salle 16,40.0,0.40694444444444444,1.0,2.457277500348114,0.5935,2.1
ENSPD000387,Male,25.0,Mecanique,3,0.6734059097978228,21.0,0.38195991091314035,0.756,0.855,1.0,1.5,5.5,Yes,No,High,1.0,Yes,Salle 10,212.0,0.6069444444444445,1.0,1.1094834479945237,0.8055,2.5
ENSPD000388,Male,21.0,Electrique,3,0.2643856920684292,47.0,0.7082405345211581,0.45299999999999996,0.262,2.0,2.9,12.2,No,Yes,Middle,1.0,Yes,Salle 26,188.0,0.3319444444444445,0.0,0.7964517315347363,0.3575,4.9
ENSPD000389,Female,23.0,Telecom,4,0.9455676516329704,4.0,0.601336302895323,0.616,0.376,0.0,1.2,9.8,Yes,Yes,Middle,1.0,Yes,Salle 8,121.0,0.4208333333333333,1.0,2.246840039364539,0.496,1.2
ENSPD000390,Female,20.0,Informatique,2,0.6625194401244167,22.0,0.6113585746102449,0.61,0.635,1.0,0.7,0.0,Yes,Yes,Middle,1.0,Yes,Salle 17,298.0,0.5013888888888889,1.0,1.32134205879988,0.6225,1.7
ENSPD000391,Other,24.0,Electrique,3,0.37480559875583197,40.0,0.3953229398663698,0.583,0.42700000000000005,1.0,1.9,14.4,No,No,Middle,0.0,Yes,Salle 2,188.0,0.3375,0.0,1.11050220365569,0.505,2.9
ENSPD000392,Male,22.0,GenieCivil,5,0.6609642301710731,22.0,0.5601336302895323,0.55,0.42600000000000005,2.0,1.0,11.5,No,No,Middle,1.0,Yes,Salle 12,70.0,0.3583333333333333,0.0,1.8444998655974434,0.48800000000000004,3.0
ENSPD000393,Male,23.0,Informatique,5,0.8180404354587868,12.0,0.5412026726057906,0.47200000000000003,0.748,1.0,0.5,0.0,Yes,No,Middle,0.0,Yes,Salle 23,109.0,0.461111111111111,1.0,1.7740251221368892,0.61,1.5
ENSPD000394,Female,21.0,GenieCivil,5,0.7947122861586314,13.0,0.6636971046770601,0.329,0.541,1.0,4.8,22.6,No,No,High,0.0,No,Salle 20,70.0,0.39722222222222214,1.0,2.000623921475455,0.43500000000000005,5.8
ENSPD000395,Male,19.0,Informatique,2,0.9999999999999999,0.0,0.6113585746102449,0.873,0.34299999999999997,3.0,1.5,18.4,No,No,Middle,2.0,Yes,Salle 29,298.0,0.5388888888888889,1.0,1.8556356686164588,0.608,4.5
ENSPD000396,Female,23.0,Electrique,2,0.5614307931570762,28.0,0.6113585746102449,0.531,0.222,3.0,0.4,11.5,Yes,No,Middle,2.0,No,Salle 19,185.0,0.2652777777777777,0.0,2.116308553149279,0.3765,3.4
ENSPD000397,Female,18.0,Mecanique,2,0.7293934681181958,17.0,0.6113585746102449,0.5970000000000001,1.0,3.0,2.2,9.8,Yes,No,Middle,1.0,Yes,Salle 21,231.0,0.6944444444444444,1.0,1.0503114696050397,0.7985,5.2
ENSPD000398,Male,21.0,Mecanique,2,0.5894245723172628,26.0,0.29955456570155903,0.596,0.635,1.0,3.2,16.3,Yes,Yes,Middle,0.0,Yes,Salle 21,231.0,0.5611111111111111,1.0,1.0504409131036012,0.6154999999999999,4.2
ENSPD000399,Female,24.0,Informatique,2,0.43234836702954893,36.0,0.7761692650334077,0.8170000000000001,0.55,0.0,2.8,20.9,Yes,No,High,1.0,Yes,Salle 3,298.0,0.513888888888889,1.0,0.841310180616148,0.6835,2.8
ENSPD000400,Female,22.0,Telecom,2,0.884914463452566,7.0,0.4543429844097996,0.968,0.658,0.0,1.8,7.6,Yes,No,High,0.0,Yes,Salle 1,161.0,0.7124999999999999,1.0,1.2419677807365035,0.813,1.8
ENSPD000401,Male,26.0,GenieCivil,3,0.8071539657853809,12.0,0.42538975501113585,0.649,0.542,2.0,1.5,13.2,Yes,No,Low,0.0,Yes,Salle 20,185.0,0.4263888888888888,1.0,1.892955133838797,0.5955,3.5
ENSPD000402,Female,24.0,Electrique,4,0.7729393468118196,15.0,0.6035634743875279,0.5920000000000001,0.742,5.0,3.0,18.7,Yes,No,Low,0.0,Yes,Salle 27,157.0,0.5305555555555556,1.0,1.456821572223011,0.667,8.0
ENSPD000403,Male,21.0,Electrique,4,0.7993779160186624,13.0,0.6603563474387528,0.418,0.469,1.0,2.5,11.5,Yes,No,Middle,2.0,No,Salle 6,157.0,0.4277777777777778,1.0,1.8686319655301462,0.4435,3.5
ENSPD000404,Female,22.0,GenieCivil,4,0.5925349922239501,26.0,0.5211581291759466,0.36,0.531,1.0,1.7,10.3,No,No,Middle,1.0,Yes,Salle 20,173.0,0.3666666666666667,0.0,1.6159604525984292,0.4455,2.7
ENSPD000405,Male,22.0,Informatique,1,0.5318818040435459,30.0,0.5200445434298441,0.30100000000000005,0.731,1.0,2.1,17.1,Yes,No,Middle,0.0,No,Salle 15,248.0,0.4208333333333333,1.0,1.2638475221425534,0.516,3.1
ENSPD000406,Female,19.0,Chimie,1,0.7278382581648523,18.0,0.544543429844098,0.47700000000000004,0.9309999999999999,0.0,0.4,2.0,Yes,No,Middle,2.0,Yes,Salle 17,96.0,0.6347222222222223,1.0,1.1466855355423144,0.704,0.4
ENSPD000407,Male,20.0,Informatique,4,0.9362363919129083,4.0,0.846325167037862,0.244,0.788,0.0,0.0,6.6,Yes,No,High,2.0,Yes,Salle 2,230.0,0.49583333333333335,1.0,1.8881697685012906,0.516,0.0
ENSPD000408,Male,21.0,Informatique,3,0.9999999999999999,0.0,0.6102449888641426,0.616,0.887,1.0,5.4,20.4,Yes,No,High,0.0,No,Salle 16,263.0,0.8222222222222222,1.0,1.2162014245772685,0.7515000000000001,6.4
ENSPD000409,Female,18.0,Chimie,3,0.8678071539657853,8.0,0.4487750556792873,0.696,0.578,3.0,5.5,30.9,No,Yes,Middle,0.0,No,Salle 24,130.0,0.4638888888888889,1.0,1.870681682476801,0.637,8.5
ENSPD000410,Male,22.0,Informatique,1,0.7262830482115087,18.0,0.44988864142538976,0.5750000000000001,0.515,1.0,3.1,20.4,No,No,Middle,0.0,No,Salle 29,248.0,0.3680555555555556,0.0,1.973243725877207,0.545,4.1
ENSPD000411,Male,22.0,Mecanique,2,0.7698289269051323,15.0,0.5679287305122495,0.8200000000000001,0.252,0.0,0.9,11.5,Yes,No,Middle,0.0,Yes,Salle 5,231.0,0.4527777777777777,1.0,1.7001981163964945,0.536,0.9
ENSPD000412,Female,19.0,GenieCivil,3,0.7216174183514773,18.0,0.6503340757238307,0.42700000000000005,0.654,2.0,0.3,5.3,Yes,No,Middle,2.0,Yes,Salle 12,185.0,0.4375,1.0,1.6493735419795599,0.5405,2.3
ENSPD000413,Female,23.0,GenieCivil,4,0.5287713841368585,30.0,0.6915367483296213,0.47200000000000003,0.716,1.0,0.9,10.5,Yes,Yes,Low,0.0,Yes,Salle 3,173.0,0.5875,1.0,0.900021079023095,0.594,1.9
ENSPD000414,Male,23.0,Electrique,5,0.7247278382581649,18.0,0.6314031180400892,0.272,0.58,1.0,2.6,11.5,Yes,No,Middle,1.0,Yes,Salle 2,80.0,0.3916666666666666,1.0,1.8503217064879152,0.426,3.6
ENSPD000415,Male,22.0,Electrique,3,0.47122861586314146,34.0,0.46993318485523383,0.7590000000000001,0.485,1.0,0.8,11.5,No,No,High,1.0,Yes,Salle 6,188.0,0.4888888888888888,1.0,0.9638569990087188,0.6220000000000001,1.8
ENSPD000416,Male,21.0,Electrique,3,0.6967340590979781,20.0,0.5389755011135858,0.474,0.8890000000000001,1.0,3.2,17.8,Yes,Yes,Middle,2.0,Yes,Salle 28,188.0,0.5444444444444444,1.0,1.2796921142023523,0.6815,4.2
ENSPD000417,Male,23.0,Chimie,4,0.9999999999999999,0.0,0.732739420935412,0.623,0.766,1.0,2.2,7.0,Yes,Yes,Middle,0.0,No,Salle 6,93.0,0.7180555555555557,1.0,1.3926305088207667,0.6945,3.2
ENSPD000418,Male,23.0,Mecanique,3,0.8740279937791603,8.0,0.41870824053452116,0.8,0.903,1.0,2.0,16.6,Yes,No,Middle,2.0,Yes,Salle 29,212.0,0.7166666666666666,1.0,1.2195569277347207,0.8515,3.0
ENSPD000419,Female,23.0,Mecanique,3,0.547433903576983,29.0,0.532293986636971,0.867,0.449,2.0,5.3,34.5,Yes,No,Middle,0.0,No,Salle 20,212.0,0.4902777777777778,1.0,1.1165562928331991,0.658,7.3
ENSPD000420,Female,20.0,GenieCivil,4,0.7060653188180402,19.0,0.7104677060133631,0.615,0.498,1.0,4.5,32.6,No,No,Middle,2.0,Yes,Salle 4,173.0,0.45833333333333337,1.0,1.540472539838491,0.5565,5.5
ENSPD000421,Female,23.0,Mecanique,4,0.5645412130637636,28.0,0.7561247216035635,0.6890000000000001,0.881,2.0,2.5,7.2,Yes,No,Low,1.0,Yes,Salle 29,178.0,0.7291666666666667,1.0,0.7742173315069008,0.785,4.5
ENSPD000422,Female,24.0,Energetique,4,0.7076205287713843,19.0,0.5779510022271716,0.616,0.631,3.0,1.4,11.5,Yes,No,Middle,1.0,Yes,Salle 10,70.0,0.37916666666666665,1.0,1.8662027254790228,0.6234999999999999,4.4
ENSPD000423,Male,21.0,Telecom,1,0.9144634525660965,6.0,0.5412026726057906,0.923,0.526,1.0,5.6,24.9,No,No,Low,2.0,Yes,Salle 20,121.0,0.5486111111111112,1.0,1.666839707852387,0.7245,6.6
ENSPD000424,Male,26.0,Informatique,3,0.8413685847589424,10.0,0.38975501113585753,0.59,0.54,4.0,0.5,6.6,Yes,No,Middle,1.0,Yes,Salle 30,263.0,0.39861111111111114,1.0,2.110697505241814,0.565,4.5
ENSPD000425,Male,21.0,Informatique,4,0.9999999999999999,0.0,0.6982182628062361,0.634,0.638,1.0,0.9,4.7,Yes,No,Middle,3.0,Yes,Salle 3,230.0,0.5791666666666667,1.0,1.726588893429178,0.636,1.9
ENSPD000426,Male,22.0,Informatique,1,0.942457231726283,4.0,0.8307349665924276,0.547,0.841,1.0,3.5,21.4,Yes,No,Middle,2.0,Yes,Salle 27,248.0,0.7541666666666667,1.0,1.249650477641777,0.694,4.5
ENSPD000427,Male,21.0,Mecanique,4,0.7573872472783826,16.0,0.6113585746102449,0.836,0.608,0.0,0.5,0.0,No,No,Middle,2.0,Yes,Salle 1,178.0,0.7583333333333333,1.0,0.9987392438056413,0.722,0.5
ENSPD000428,Female,22.0,Informatique,1,0.8460342146189735,10.0,0.6748329621380846,0.6559999999999999,0.798,1.0,1.4,8.2,No,No,Middle,2.0,Yes,Salle 9,248.0,0.6972222222222222,1.0,1.213418123336998,0.727,2.4
ENSPD000429,Male,19.0,GenieCivil,4,0.6827371695178849,20.0,0.601336302895323,0.757,0.733,1.0,1.2,0.8,Yes,No,Low,1.0,Yes,Salle 25,173.0,0.6944444444444444,1.0,0.9831273670716685,0.745,2.2
ENSPD000430,Male,21.0,Telecom,3,0.5101088646967341,32.0,0.45657015590200445,0.684,0.46399999999999997,1.0,2.0,11.5,Yes,No,High,0.0,No,Salle 23,154.0,0.45972222222222214,1.0,1.109578228454392,0.5740000000000001,3.0
ENSPD000431,Male,20.0,Chimie,1,0.9642301710730948,2.0,0.2962138084632517,0.58,0.46399999999999997,1.0,6.3,28.9,Yes,Yes,Middle,1.0,Yes,Salle 19,96.0,0.36249999999999993,0.0,2.6598719237347797,0.522,7.3
ENSPD000432,Female,22.0,Informatique,3,0.9082426127527216,6.0,0.6403118040089087,0.787,0.55,2.0,3.3,11.9,Yes,No,Middle,0.0,No,Salle 18,263.0,0.5694444444444444,1.0,1.5949346284210608,0.6685000000000001,5.3
ENSPD000433,Female,24.0,Mecanique,3,0.6749611197511663,21.0,1.0,0.682,0.373,1.0,0.7,9.9,Yes,No,Middle,1.0,No,Salle 20,212.0,0.6222222222222222,1.0,1.0847415091115495,0.5275000000000001,1.7
ENSPD000434,Male,23.0,GenieCivil,3,0.7713841368584758,15.0,0.8229398663697104,0.44700000000000006,0.537,3.0,0.1,7.1,No,No,Middle,1.0,Yes,Salle 11,185.0,0.3388888888888889,0.0,2.2761483207794795,0.49200000000000005,3.1
ENSPD000435,Male,17.0,Telecom,2,0.9517884914463454,3.0,0.7962138084632517,0.44200000000000006,0.943,0.0,6.8,35.7,Yes,No,Middle,1.0,Yes,Salle 9,161.0,0.7069444444444444,1.0,1.346322240316775,0.6925,6.8
ENSPD000436,Female,26.0,Telecom,4,0.8786936236391912,8.0,0.6514476614699333,0.647,0.634,1.0,1.8,17.8,Yes,Yes,Low,0.0,Yes,Salle 25,121.0,0.6347222222222223,1.0,1.3843532640628369,0.6405000000000001,2.8
ENSPD000437,Male,23.0,Telecom,3,0.4463452566096423,36.0,0.6703786191536749,0.783,0.48700000000000004,2.0,0.4,5.5,No,No,High,2.0,No,Salle 7,154.0,0.4736111111111111,1.0,0.9424099689359711,0.635,2.4
ENSPD000438,Female,20.0,GenieCivil,3,0.7651632970451011,15.0,0.2048997772828508,0.915,1.0,0.0,2.0,13.9,No,No,Middle,0.0,Yes,Salle 4,185.0,0.7680555555555555,1.0,0.9962213401063728,0.9575,2.0
ENSPD000439,Female,22.0,Electrique,1,0.6889580093312596,20.0,0.7371937639198219,0.3,0.454,2.0,0.1,1.3,Yes,No,Middle,2.0,Yes,Salle 25,143.0,0.35,0.0,1.9683952153688742,0.377,2.1
ENSPD000440,Male,22.0,Informatique,5,0.9284603421461898,5.0,0.5133630289532294,0.625,0.44799999999999995,1.0,0.4,6.9,Yes,Yes,Middle,2.0,Yes,Salle 6,109.0,0.38750000000000007,1.0,2.395964858058346,0.5365,1.4
ENSPD000441,Male,21.0,Electrique,1,0.9129082426127527,6.0,0.4933184855233853,0.708,0.886,0.0,2.0,13.5,No,No,Low,1.0,Yes,Salle 13,143.0,0.7138888888888888,1.0,1.2787640614395714,0.7969999999999999,2.0
ENSPD000442,Other,22.0,Mecanique,3,0.9657853810264384,2.0,0.556792873051225,0.6729999999999999,0.772,5.0,1.0,15.1,Yes,No,Low,0.0,Yes,Salle 16,212.0,0.6875,1.0,1.4047583031904096,0.7224999999999999,6.0
ENSPD000443,Male,21.0,GenieCivil,4,0.5116640746500777,31.0,0.5501113585746102,0.802,0.614,2.0,0.8,10.3,No,No,Middle,0.0,No,Salle 2,173.0,0.5944444444444444,1.0,0.8607288235993599,0.708,2.8
ENSPD000444,Male,21.0,Electrique,1,0.5738724727838257,27.0,0.489977728285078,0.738,0.8059999999999999,1.0,2.1,15.6,No,No,Low,0.0,Yes,Salle 21,143.0,0.6208333333333333,1.0,0.9243434566699474,0.772,3.1
ENSPD000445,Female,21.0,Mecanique,3,0.9284603421461898,5.0,0.6124721603563474,0.443,0.7000000000000001,0.0,4.0,19.8,Yes,No,Middle,1.0,Yes,Salle 27,212.0,0.42361111111111116,1.0,2.191723494872438,0.5715,4.0
ENSPD000446,Female,19.0,Informatique,2,0.609642301710731,25.0,0.5167037861915368,0.43700000000000006,0.40299999999999997,0.0,2.3,1.1,No,No,Middle,1.0,Yes,Salle 20,298.0,0.2833333333333333,0.0,2.151602772998827,0.42000000000000004,2.3
ENSPD000447,Other,22.0,Informatique,4,0.4354587869362364,36.0,0.6269487750556793,0.6759999999999999,0.16,3.0,1.2,11.5,Yes,No,High,2.0,Yes,Salle 18,230.0,0.35416666666666674,0.0,1.229495977345307,0.418,4.2
ENSPD000448,Female,23.0,Informatique,3,0.8195956454121308,12.0,0.3619153674832963,0.798,0.527,0.0,2.2,11.9,Yes,No,Middle,1.0,Yes,Salle 30,263.0,0.4375,1.0,1.8733186565155786,0.6625000000000001,2.2
ENSPD000449,Male,23.0,Informatique,4,0.6174183514774495,25.0,0.6113585746102449,0.6459999999999999,0.8570000000000001,4.0,2.4,10.2,Yes,No,High,1.0,No,Salle 2,230.0,0.6916666666666667,1.0,0.892640132640178,0.7515000000000001,6.4
ENSPD000450,Male,24.0,Informatique,4,0.9999999999999999,0.0,0.4276169265033408,0.336,0.554,1.0,3.0,20.0,Yes,No,Low,1.0,No,Salle 13,230.0,0.2694444444444445,0.0,3.711202470836133,0.44500000000000006,4.0
ENSPD000451,Female,23.0,Mecanique,3,0.7760497667185068,14.0,0.5033407572383074,0.43200000000000005,0.7320000000000001,0.0,0.7,11.7,No,No,Middle,2.0,No,Salle 22,212.0,0.5305555555555556,1.0,1.4626840332782338,0.5820000000000001,0.7
ENSPD000452,Male,21.0,Mecanique,4,0.749611197511664,16.0,0.6347438752783965,0.7440000000000001,0.677,1.0,0.2,1.8,Yes,No,Low,0.0,Yes,Salle 6,178.0,0.5416666666666667,1.0,1.3838720469991275,0.7105000000000001,1.2
ENSPD000453,Male,24.0,Energetique,3,0.6516329704510108,22.0,0.3418708240534521,0.557,0.30100000000000005,1.0,2.3,14.4,No,No,Low,1.0,Yes,Salle 9,104.0,0.20000000000000007,0.0,3.2580019521574446,0.42900000000000005,3.3
ENSPD000454,Female,19.0,Mecanique,2,0.9999999999999999,0.0,0.47327394209354123,0.6409999999999999,0.559,0.0,0.3,5.8,No,No,Middle,0.0,Yes,Salle 30,231.0,0.45000000000000007,1.0,2.2221728406035415,0.6,0.3
ENSPD000455,Male,20.0,Informatique,3,0.7869362363919129,14.0,0.7048997772828508,0.812,0.7120000000000001,1.0,1.2,14.3,Yes,No,Low,0.0,Yes,Salle 30,263.0,0.625,1.0,1.259077832981733,0.762,2.2
ENSPD000456,Male,20.0,GenieCivil,4,0.6438569206842922,23.0,0.3741648106904231,0.40399999999999997,0.483,0.0,0.5,11.5,Yes,No,Low,1.0,Yes,Salle 27,173.0,0.2875,0.0,2.239424439790937,0.4435,0.5
ENSPD000457,Male,24.0,Telecom,2,0.7231726283048211,28.0,0.9075723830734967,0.545,0.5670000000000001,1.0,0.8,11.1,Yes,No,Middle,0.0,Yes,Salle 9,161.0,0.5527777777777778,1.0,1.3082283244611435,0.556,1.8
ENSPD000458,Male,24.0,Electrique,2,0.7060653188180402,19.0,0.8118040089086859,0.526,0.718,0.0,1.3,8.7,No,Yes,Low,1.0,Yes,Salle 10,185.0,0.5958333333333332,1.0,1.184984843025919,0.622,1.3
ENSPD000459,Male,23.0,Mecanique,2,0.5381026438569206,30.0,0.6113585746102449,0.684,0.655,0.0,4.5,24.7,Yes,Yes,Low,2.0,Yes,Salle 6,231.0,0.45972222222222214,1.0,1.1704697166012792,0.6695,4.5
ENSPD000460,Male,24.0,Electrique,2,0.9113530326594089,6.0,0.4788418708240535,0.7590000000000001,0.8490000000000001,1.0,2.3,17.7,Yes,No,Low,1.0,Yes,Salle 1,185.0,0.6402777777777777,1.0,1.4233491006534704,0.804,3.3
ENSPD000461,Male,20.0,Chimie,1,0.3825816485225505,40.0,0.643652561247216,0.354,0.7170000000000001,1.0,0.4,15.9,Yes,No,Low,2.0,Yes,Salle 3,96.0,0.3902777777777777,1.0,0.9802552636951523,0.5355000000000001,1.4
ENSPD000462,Female,23.0,Chimie,3,0.7231726283048211,20.0,0.6113585746102449,0.619,0.449,2.0,4.2,19.6,No,No,High,1.0,No,Salle 2,130.0,0.39583333333333337,1.0,1.826916275727319,0.534,6.2
ENSPD000463,Female,22.0,Electrique,3,0.8335925349922239,11.0,0.2761692650334076,0.7759999999999999,0.544,2.0,1.4,9.1,Yes,No,Middle,1.0,Yes,Salle 23,188.0,0.3763888888888889,1.0,2.2146519546137564,0.6599999999999999,3.4
ENSPD000464,Female,24.0,Telecom,3,0.7838258164852253,14.0,0.5334075723830736,0.28600000000000003,0.644,0.0,0.5,4.0,No,No,Low,1.0,Yes,Salle 17,154.0,0.39861111111111114,1.0,1.9663429623694533,0.465,0.5
ENSPD000465,Female,22.0,Telecom,2,0.5863141524105754,27.0,0.5879732739420935,0.608,0.908,1.0,1.5,9.2,Yes,No,Low,1.0,Yes,Salle 4,161.0,0.6888888888888889,1.0,0.8510888344677543,0.758,2.5
ENSPD000466,Male,21.0,Electrique,3,0.8429237947122862,10.0,0.6258351893095769,0.401,0.545,1.0,0.4,12.1,Yes,No,Low,0.0,No,Salle 1,188.0,0.33611111111111114,0.0,2.5077978349108867,0.47300000000000003,1.4
ENSPD000467,Male,23.0,GenieCivil,4,0.5552099533437015,29.0,0.6113585746102449,0.505,0.29300000000000004,1.0,0.9,5.3,Yes,No,Low,0.0,Yes,Salle 12,173.0,0.24444444444444435,0.0,2.271220531929746,0.399,1.9
ENSPD000468,Female,24.0,Electrique,5,0.7153965785381026,18.0,0.8229398663697104,0.16899999999999998,0.728,2.0,3.3,11.5,No,Yes,Middle,1.0,Yes,Salle 16,80.0,0.44027777777777777,1.0,1.6248386047617651,0.4485,5.3
ENSPD000469,Male,21.0,Telecom,3,0.8413685847589424,10.0,0.3608017817371938,0.871,0.489,0.0,2.1,17.4,Yes,No,Middle,6.0,No,Salle 13,154.0,0.4569444444444445,1.0,1.841252656557177,0.6799999999999999,2.1
ENSPD000470,Female,22.0,Informatique,1,0.8071539657853809,12.0,0.4198218262806236,0.556,0.383,2.0,1.3,15.0,Yes,No,Middle,0.0,Yes,Salle 3,248.0,0.26250000000000007,0.0,3.074755117082704,0.46950000000000003,3.3
ENSPD000471,Male,20.0,Energetique,5,0.5940902021772939,26.0,0.6915367483296213,0.47500000000000003,0.644,1.0,0.5,11.5,Yes,No,High,1.0,Yes,Salle 20,40.0,0.5694444444444444,1.0,1.0432620343439132,0.5595,1.5
ENSPD000472,Female,17.0,Informatique,3,0.9440124416796268,4.0,0.4164810690423163,0.679,0.835,3.0,0.7,9.7,Yes,No,Middle,2.0,Yes,Salle 6,263.0,0.5291666666666666,1.0,1.7839268077068662,0.757,3.7
ENSPD000473,Male,22.0,GenieCivil,2,0.7356143079315708,17.0,0.4097995545657016,0.43200000000000005,0.525,3.0,7.7,37.3,Yes,Yes,Low,1.0,Yes,Salle 16,177.0,0.31805555555555554,0.0,2.3127757629923034,0.47850000000000004,10.7
ENSPD000474,Female,23.0,Telecom,1,0.8584758942457232,9.0,0.6314031180400892,0.41500000000000004,0.7390000000000001,1.0,0.8,5.9,Yes,No,Middle,3.0,No,Salle 11,121.0,0.5513888888888888,1.0,1.556905375663013,0.5770000000000001,1.8
ENSPD000475,Male,23.0,Mecanique,1,0.9999999999999999,0.0,0.4342984409799555,0.892,0.7759999999999999,2.0,1.9,4.7,Yes,No,Middle,1.0,Yes,Salle 13,186.0,0.7597222222222222,1.0,1.3162532412736065,0.834,3.9
ENSPD000476,Other,18.0,GenieCivil,1,0.9284603421461898,5.0,0.5879732739420935,0.946,0.798,2.0,1.4,8.2,Yes,No,Low,1.0,Yes,Salle 1,149.0,0.7416666666666665,1.0,1.2518397623576178,0.872,3.4
ENSPD000477,Male,21.0,Informatique,1,0.9284603421461898,5.0,0.4933184855233853,0.513,0.494,0.0,0.0,5.6,No,No,High,1.0,No,Salle 1,248.0,0.4305555555555556,1.0,2.1563739369448727,0.5035000000000001,0.0
ENSPD000478,Male,18.0,Mecanique,4,0.7558320373250388,16.0,0.46659242761692654,0.812,0.41600000000000004,1.0,5.8,32.3,Yes,Yes,High,3.0,Yes,Salle 14,178.0,0.45972222222222214,1.0,1.6440701799659585,0.6140000000000001,6.8
ENSPD000479,Female,25.0,Informatique,3,0.8678071539657853,8.0,0.2594654788418708,0.684,0.443,0.0,0.2,11.8,No,Yes,Middle,1.0,Yes,Salle 28,263.0,0.4194444444444444,1.0,2.0688948834841208,0.5635,0.2
ENSPD000480,Male,20.0,Mecanique,3,0.76049766718507,15.0,0.6336302895322939,0.36600000000000005,0.798,1.0,2.2,13.8,Yes,No,Middle,1.0,No,Salle 29,212.0,0.5277777777777778,1.0,1.4409156467910356,0.5820000000000001,3.2
ENSPD000481,Female,25.0,Mecanique,4,0.49455676516329705,32.0,0.4020044543429844,0.45299999999999996,0.773,1.0,3.3,22.7,Yes,Yes,Middle,0.0,Yes,Salle 22,178.0,0.47916666666666674,1.0,1.032096927013621,0.613,4.3
ENSPD000482,Female,24.0,Energetique,4,0.7760497667185068,14.0,0.6113585746102449,0.899,0.449,1.0,2.8,16.9,Yes,No,Middle,0.0,No,Salle 9,70.0,0.5736111111111111,1.0,1.3528961045650656,0.674,3.8
ENSPD000483,Male,20.0,Energetique,4,0.7231726283048211,15.0,0.5244988864142539,0.363,1.0,0.0,3.3,19.0,No,No,Low,2.0,Yes,Salle 22,70.0,0.6166666666666666,1.0,1.1726933535750577,0.6815,3.3
ENSPD000484,Female,20.0,Informatique,5,0.8289269051321929,11.0,0.6113585746102449,1.0,0.425,1.0,2.7,14.6,Yes,No,Middle,0.0,Yes,Salle 18,109.0,0.5291666666666666,1.0,1.5664464390572648,0.7125,3.7
ENSPD000485,Female,23.0,Chimie,2,0.6967340590979781,20.0,0.5857461024498887,0.517,0.84,3.0,1.4,7.9,No,No,Low,0.0,Yes,Salle 15,119.0,0.5499999999999999,1.0,1.2667661662478469,0.6785,4.4
ENSPD000486,Female,20.0,Informatique,5,0.5785381026438571,27.0,0.6425389755011137,0.905,0.9440000000000001,0.0,4.5,20.7,Yes,No,Middle,1.0,No,Salle 29,109.0,0.7902777777777776,1.0,0.7320600405470743,0.9245000000000001,4.5
ENSPD000487,Male,22.0,Informatique,4,0.8429237947122862,10.0,0.4888641425389756,0.5650000000000001,0.662,0.0,1.4,22.4,Yes,No,Middle,0.0,Yes,Salle 2,230.0,0.5111111111111111,1.0,1.649166462484555,0.6135,1.4
ENSPD000488,Male,21.0,Informatique,1,0.47433903576982883,34.0,0.8173719376391981,0.7640000000000001,0.48600000000000004,0.0,1.4,6.7,No,No,Middle,0.0,Yes,Salle 2,248.0,0.5499999999999999,1.0,0.8624189301464136,0.6250000000000001,1.4
ENSPD000489,Female,18.0,Energetique,3,0.9922239502332816,0.0,0.3017817371937639,0.871,0.49,1.0,1.3,13.6,No,No,Low,1.0,Yes,Salle 21,104.0,0.41388888888888886,1.0,2.397261690885196,0.6805,2.3
ENSPD000490,Female,18.0,Energetique,3,0.6765163297045101,21.0,0.5723830734966593,0.87,0.588,3.0,1.4,15.3,No,No,High,2.0,Yes,Salle 1,104.0,0.6041666666666667,1.0,1.119732632901817,0.729,4.4
ENSPD000491,Male,22.0,Informatique,4,0.7651632970451011,15.0,0.7494432071269488,0.515,0.856,1.0,0.7,4.8,No,No,Middle,1.0,Yes,Salle 5,230.0,0.6611111111111111,1.0,1.157372354604033,0.6855,1.7
ENSPD000492,Female,21.0,Informatique,2,0.8242612752721618,11.0,0.690423162583519,0.466,0.4,0.0,0.2,2.2,No,Yes,Middle,1.0,Yes,Salle 24,298.0,0.31944444444444453,0.0,2.580215394109212,0.43300000000000005,0.2
ENSPD000493,Male,21.0,Mecanique,3,0.8304821150855365,11.0,0.4476614699331849,0.605,0.272,1.0,0.6,6.7,Yes,No,Middle,1.0,Yes,Salle 9,212.0,0.2694444444444445,0.0,3.082087277490661,0.4385,1.6
ENSPD000494,Male,23.0,GenieCivil,1,0.457231726283048,35.0,0.4755011135857461,0.386,0.7120000000000001,1.0,3.7,16.3,Yes,No,Middle,2.0,No,Salle 23,149.0,0.3944444444444445,1.0,1.15914963748734,0.549,4.7
ENSPD000495,Male,24.0,Electrique,2,0.8740279937791603,8.0,0.44209354120267264,0.663,0.756,0.0,1.6,7.3,No,No,Middle,1.0,Yes,Salle 27,185.0,0.5972222222222222,1.0,1.4634642292524298,0.7095,1.6
ENSPD000496,Male,21.0,Mecanique,1,0.7760497667185068,14.0,0.7104677060133631,0.47200000000000003,1.0,1.0,3.8,18.8,No,No,Middle,0.0,Yes,Salle 18,186.0,0.6430555555555555,1.0,1.2067972853064164,0.736,4.8
ENSPD000497,Female,21.0,Chimie,3,0.6018662519440124,26.0,0.4866369710467706,0.8150000000000001,0.364,1.0,2.7,16.8,No,No,Middle,2.0,Yes,Salle 12,130.0,0.4180555555555555,1.0,1.4396456343891075,0.5895,3.7
ENSPD000498,Male,23.0,Mecanique,4,0.5800933125972006,27.0,0.6525612472160356,0.517,0.613,1.0,0.9,9.5,Yes,Yes,Middle,1.0,Yes,Salle 14,178.0,0.49444444444444435,1.0,1.1731987023576618,0.565,1.9
ENSPD000499,Female,19.0,Telecom,1,0.6578538102643857,22.0,0.6113585746102449,0.306,0.872,2.0,0.4,5.3,No,Yes,Low,1.0,Yes,Salle 5,121.0,0.49722222222222223,1.0,1.323031333979757,0.589,2.4
ENSPD000500,Other,22.0,Electrique,3,0.4774494556765164,34.0,1.0,0.872,0.664,0.0,1.7,9.7,Yes,No,Low,0.0,Yes,Salle 20,188.0,0.8125,1.0,0.5876228670127339,0.768,1.7
ENSPD000501,Female,23.0,GenieCivil,1,0.9999999999999999,0.0,0.6625835189309577,0.653,0.635,4.0,5.5,29.4,No,No,Middle,1.0,No,Salle 27,149.0,0.5888888888888888,1.0,1.6980843721521712,0.644,9.5
ENSPD000502,Male,23.0,Chimie,1,0.9968895800933125,0.0,0.47438752783964366,0.625,0.798,1.0,3.7,21.4,No,No,Middle,0.0,Yes,Salle 19,96.0,0.575,1.0,1.7336908577125836,0.7115,4.7
ENSPD000503,Male,18.0,Telecom,3,0.8040435458786938,13.0,0.36636971046770606,0.616,0.52,1.0,2.9,17.3,Yes,Yes,Low,0.0,Yes,Salle 23,154.0,0.4569444444444445,1.0,1.7595704684659164,0.5680000000000001,3.9
ENSPD000504,Female,20.0,Mecanique,1,0.6780715396578537,21.0,0.5645879732739421,0.777,0.81,1.0,2.9,14.3,Yes,No,Middle,1.0,Yes,Salle 2,186.0,0.6527777777777778,1.0,1.0387319780498143,0.7935000000000001,3.9
ENSPD000505,Female,20.0,Mecanique,3,0.6827371695178849,20.0,0.5902004454342985,0.483,0.389,0.0,1.5,16.3,No,Yes,Middle,1.0,No,Salle 4,212.0,0.33333333333333337,0.0,2.048150064051733,0.436,1.5
ENSPD000506,Male,22.0,Energetique,1,0.8615863141524104,9.0,0.24053452115812918,0.539,0.336,3.0,0.4,1.4,Yes,No,Middle,1.0,Yes,Salle 27,83.0,0.2694444444444445,0.0,3.1975212579210224,0.4375,3.4
ENSPD000507,Female,23.0,Informatique,1,0.9999999999999999,0.0,0.49109131403118034,0.42,0.585,0.0,0.7,11.5,No,No,Middle,1.0,Yes,Salle 8,248.0,0.33611111111111114,0.0,2.975118095659963,0.5025,0.7
ENSPD000508,Female,25.0,Informatique,3,0.6143079315707621,25.0,0.6603563474387528,0.35600000000000004,0.127,0.0,1.7,7.9,Yes,No,Middle,1.0,No,Salle 2,263.0,0.15416666666666662,0.0,3.9844416464062586,0.24150000000000002,1.7
ENSPD000509,Female,21.0,GenieCivil,3,0.5116640746500777,31.0,0.5211581291759466,0.7240000000000001,0.657,0.0,0.8,8.2,Yes,No,Low,0.0,No,Salle 21,185.0,0.49722222222222223,1.0,1.0290243708731441,0.6905000000000001,0.8
ENSPD000510,Female,21.0,Chimie,1,0.9999999999999999,0.0,0.7717149220489978,0.691,0.29300000000000004,1.0,3.0,14.3,Yes,Yes,High,0.0,Yes,Salle 6,96.0,0.4736111111111111,1.0,2.1113923694279766,0.492,4.0
ENSPD000511,Female,24.0,Chimie,3,0.38724727838258166,39.0,0.34966592427616927,0.757,0.696,0.0,0.9,9.0,Yes,No,Middle,1.0,No,Salle 7,130.0,0.5083333333333333,1.0,0.761782938793168,0.7264999999999999,0.9
ENSPD000512,Male,23.0,Telecom,4,0.5318818040435459,30.0,0.7238307349665924,0.851,0.677,2.0,0.2,7.9,Yes,No,Middle,1.0,No,Salle 29,121.0,0.734722222222222,1.0,0.7239124513075685,0.764,2.2
ENSPD000513,Female,25.0,GenieCivil,4,0.6734059097978228,21.0,0.7628062360801782,0.616,0.626,3.0,3.1,22.5,No,No,Low,0.0,Yes,Salle 8,173.0,0.6375,1.0,1.056306426248722,0.621,6.1
ENSPD000514,Female,23.0,Informatique,1,0.42923794712286145,37.0,0.7694877505567929,0.775,0.7270000000000001,1.0,2.4,15.5,No,No,High,2.0,Yes,Salle 12,248.0,0.7277777777777776,1.0,0.5897844951910209,0.7510000000000001,3.4
ENSPD000515,Male,20.0,Electrique,3,0.926905132192846,5.0,0.34855233853006684,0.24600000000000002,0.6809999999999999,0.0,0.6,8.2,Yes,No,Middle,1.0,Yes,Salle 18,188.0,0.35138888888888886,0.0,2.6377577206452982,0.46349999999999997,0.6
ENSPD000516,Male,19.0,Chimie,3,0.880248833592535,8.0,0.6113585746102449,0.5650000000000001,0.5810000000000001,1.0,7.9,11.5,Yes,No,Low,1.0,Yes,Salle 23,130.0,0.5111111111111111,1.0,1.7221922837015833,0.5730000000000001,8.9
ENSPD000517,Male,19.0,Informatique,1,0.6127527216174183,25.0,0.6113585746102449,0.794,1.0,1.0,1.0,11.5,Yes,No,Low,0.0,Yes,Salle 10,248.0,0.7680555555555555,1.0,0.7977870081339651,0.897,2.0
ENSPD000518,Female,23.0,Informatique,4,0.9595645412130639,3.0,0.3752783964365256,0.41000000000000003,0.7190000000000001,1.0,1.4,14.4,No,No,Middle,2.0,Yes,Salle 26,230.0,0.38611111111111107,1.0,2.4851387650154604,0.5645,2.4
ENSPD000519,Other,24.0,Informatique,4,0.9906687402799378,1.0,0.5412026726057906,0.637,0.794,2.0,4.8,11.5,Yes,No,Middle,1.0,Yes,Salle 9,230.0,0.6611111111111111,1.0,1.498467865615384,0.7155,6.8
ENSPD000520,Male,26.0,Electrique,4,0.6982892690513217,19.0,0.4587973273942093,0.7140000000000001,0.855,0.0,1.4,3.6,Yes,No,Middle,1.0,Yes,Salle 11,157.0,0.623611111111111,1.0,1.1197332107746865,0.7845,1.4
ENSPD000521,Female,24.0,Telecom,4,0.6360808709175737,23.0,0.7639198218262806,0.7000000000000001,0.774,0.0,4.2,21.3,No,No,Middle,0.0,Yes,Salle 8,121.0,0.6708333333333333,1.0,0.9481809527076472,0.7370000000000001,4.2
ENSPD000522,Male,24.0,Electrique,4,0.9999999999999999,0.0,0.6959910913140313,0.6859999999999999,1.0,0.0,2.4,11.5,No,Yes,Middle,1.0,Yes,Salle 2,157.0,0.8041666666666665,1.0,1.2435078527520904,0.843,2.4
ENSPD000523,Female,21.0,Energetique,3,0.8553654743390359,9.0,0.41759465478841873,0.728,0.6729999999999999,1.0,0.4,0.0,No,No,Middle,0.0,Yes,Salle 9,104.0,0.5638888888888889,1.0,1.516877389179566,0.7004999999999999,1.4
ENSPD000524,Female,20.0,Informatique,3,0.7682737169517885,15.0,0.4888641425389756,0.653,0.639,1.0,2.2,14.8,Yes,No,Low,0.0,Yes,Salle 7,263.0,0.48611111111111116,1.0,1.580416277737394,0.646,3.2
ENSPD000525,Female,24.0,Telecom,4,0.975116640746501,2.0,0.5467706013363028,0.35700000000000004,0.51,1.0,4.2,22.2,No,No,High,1.0,Yes,Salle 9,121.0,0.31527777777777777,0.0,3.092782877976913,0.4335,5.2
ENSPD000526,Male,23.0,Telecom,3,0.7760497667185068,14.0,0.5979955456570156,0.711,0.589,1.0,3.2,19.5,No,No,Middle,0.0,Yes,Salle 6,154.0,0.5194444444444445,1.0,1.493970789966944,0.6499999999999999,4.2
ENSPD000527,Male,22.0,Mecanique,2,0.7231726283048211,24.0,0.7783964365256124,0.6709999999999999,0.494,2.0,2.9,25.5,Yes,No,High,1.0,Yes,Salle 29,231.0,0.4652777777777778,1.0,1.5542480650549337,0.5825,4.9
ENSPD000528,Male,23.0,Energetique,2,0.7356143079315708,17.0,0.7260579064587974,0.359,0.775,0.0,0.4,12.8,No,Yes,Low,0.0,Yes,Salle 14,71.0,0.523611111111111,1.0,1.404859911722458,0.567,0.4
ENSPD000529,Male,23.0,Mecanique,4,0.9144634525660965,6.0,0.6191536748329621,0.868,0.45799999999999996,2.0,0.4,7.8,No,No,Low,1.0,No,Salle 8,178.0,0.5208333333333334,1.0,1.7557361187934244,0.663,2.4
ENSPD000530,Female,25.0,Telecom,1,0.3483670295489891,42.0,0.566815144766147,0.716,0.655,2.0,1.6,13.6,Yes,No,Low,1.0,Yes,Salle 15,121.0,0.5569444444444444,1.0,0.6254856802453228,0.6855,3.6
ENSPD000531,Female,25.0,Telecom,3,0.6656298600311042,22.0,0.3140311804008909,0.37200000000000005,0.752,1.0,1.7,11.5,Yes,No,Middle,0.0,No,Salle 19,154.0,0.36944444444444435,0.0,1.8016561176629624,0.562,2.7
ENSPD000532,Other,23.0,Chimie,5,0.9782270606531881,1.0,0.8262806236080179,0.473,0.67,0.0,5.8,31.2,Yes,No,Low,3.0,No,Salle 15,48.0,0.5986111111111111,1.0,1.634133916255449,0.5715,5.8
ENSPD000533,Other,24.0,Electrique,3,0.625194401244168,24.0,0.5356347438752784,0.518,0.461,1.0,1.3,10.3,No,No,High,0.0,Yes,Salle 23,188.0,0.2652777777777777,0.0,2.356664926221635,0.48950000000000005,2.3
ENSPD000534,Male,23.0,Informatique,5,0.9999999999999999,0.0,0.8697104677060133,0.518,0.635,0.0,0.7,9.5,Yes,No,Middle,1.0,Yes,Salle 26,109.0,0.6875,1.0,1.4545242978283952,0.5765,0.7
ENSPD000535,Female,21.0,GenieCivil,3,0.984447900466563,1.0,0.6425389755011137,0.6729999999999999,0.623,0.0,0.4,3.9,Yes,No,Middle,1.0,No,Salle 15,185.0,0.576388888888889,1.0,1.7079281716941908,0.6479999999999999,0.4
ENSPD000536,Female,24.0,Mecanique,1,0.7076205287713843,19.0,0.9487750556792873,0.444,0.065,2.0,0.1,6.3,Yes,No,Middle,1.0,Yes,Salle 5,186.0,0.30694444444444435,0.0,2.3052949438543036,0.2545,2.1
ENSPD000537,Female,19.0,Chimie,4,0.6143079315707621,25.0,0.7115812917594654,0.823,0.443,0.0,0.1,10.8,Yes,Yes,Middle,1.0,Yes,Salle 11,93.0,0.5805555555555555,1.0,1.0581198379619987,0.633,0.1
ENSPD000538,Male,24.0,Chimie,2,0.6671850699844478,21.0,0.37082405345211583,0.8079999999999999,0.92,1.0,1.7,14.1,No,No,Low,0.0,Yes,Salle 5,119.0,0.5944444444444444,1.0,1.1223485268210498,0.864,2.7
ENSPD000539,Male,20.0,Telecom,2,0.9999999999999999,0.0,0.5077951002227171,0.731,0.937,2.0,0.4,7.1,Yes,No,High,0.0,Yes,Salle 23,161.0,0.8416666666666666,1.0,1.1881046957857928,0.8340000000000001,2.4
ENSPD000540,Male,23.0,Informatique,2,0.9999999999999999,0.0,0.5824053452115813,0.628,0.745,0.0,3.8,8.6,No,No,Middle,3.0,No,Salle 17,298.0,0.6069444444444445,1.0,1.6475701086847079,0.6865,3.8
ENSPD000541,Female,20.0,Chimie,2,0.7433903576982893,16.0,0.46436525612472157,0.789,0.797,1.0,1.8,13.7,No,No,Middle,0.0,Yes,Salle 18,119.0,0.625,1.0,1.1894055418285938,0.793,2.8
ENSPD000542,Female,23.0,Energetique,2,0.6065318818040436,25.0,0.5467706013363028,0.5700000000000001,0.484,3.0,1.4,20.7,No,No,High,2.0,Yes,Salle 10,71.0,0.35277777777777775,0.0,1.7192542372771773,0.527,4.4
ENSPD000543,Male,22.0,Chimie,2,0.7418351477449457,17.0,0.38195991091314035,0.49,0.588,1.0,1.1,5.1,No,No,High,1.0,No,Salle 27,119.0,0.41666666666666674,1.0,1.7803616259088477,0.5389999999999999,2.1
ENSPD000544,Female,19.0,Informatique,3,0.7651632970451011,15.0,0.6113585746102449,0.8340000000000001,0.887,1.0,1.8,11.9,Yes,No,Low,0.0,No,Salle 26,263.0,0.7333333333333334,1.0,1.0433902679214844,0.8605,2.8
ENSPD000545,Female,23.0,Informatique,4,0.4883359253499221,33.0,0.6503340757238307,0.616,0.725,0.0,1.5,10.8,No,No,High,3.0,No,Salle 15,230.0,0.6694444444444445,1.0,0.7294535564031904,0.6705,1.5
ENSPD000546,Male,21.0,Informatique,2,0.7356143079315708,17.0,0.44209354120267264,0.49700000000000005,0.653,3.0,8.6,39.4,Yes,No,Middle,2.0,No,Salle 21,298.0,0.4263888888888888,1.0,1.7251787635948963,0.5750000000000001,11.6
ENSPD000547,Male,24.0,Electrique,1,0.9673405909797824,2.0,0.9342984409799555,0.545,0.603,3.0,3.2,20.8,Yes,No,Middle,3.0,Yes,Salle 6,143.0,0.6208333333333333,1.0,1.5581073985059823,0.5740000000000001,6.2
ENSPD000548,Female,22.0,Electrique,3,0.3841368584758942,40.0,0.6213808463251671,0.48700000000000004,0.875,2.0,1.8,11.4,No,No,Low,1.0,No,Salle 16,188.0,0.6708333333333333,1.0,0.572617836965254,0.681,3.8
ENSPD000549,Male,23.0,Energetique,3,0.8740279937791603,8.0,0.47327394209354123,0.9840000000000001,0.8640000000000001,2.0,1.9,11.6,No,No,High,1.0,No,Salle 29,104.0,0.7708333333333333,1.0,1.1338594445639543,0.9240000000000002,3.9
ENSPD000550,Female,20.0,Mecanique,4,0.9766718506998445,2.0,0.3385300668151448,0.621,0.635,0.0,0.6,6.0,Yes,No,Middle,2.0,Yes,Salle 12,178.0,0.4930555555555556,1.0,1.9808154102336177,0.628,0.6
ENSPD000551,Male,21.0,Mecanique,1,0.6158631415241057,25.0,0.6202672605790647,0.648,0.653,1.0,2.7,16.8,Yes,Yes,High,0.0,Yes,Salle 6,186.0,0.5486111111111112,1.0,1.12256551753324,0.6505000000000001,3.7
ENSPD000552,Female,21.0,Electrique,4,0.9999999999999999,0.0,0.566815144766147,0.75,0.569,0.0,8.1,39.6,No,No,Middle,0.0,Yes,Salle 6,157.0,0.5847222222222221,1.0,1.7101845289106696,0.6595,8.1
ENSPD000553,Male,24.0,Telecom,3,0.5909797822706065,26.0,0.7405345211581292,0.401,0.779,1.0,0.3,11.4,Yes,No,Middle,0.0,Yes,Salle 12,154.0,0.5583333333333333,1.0,1.0584522944734243,0.5900000000000001,1.3
ENSPD000554,Male,25.0,Energetique,3,0.80248833592535,13.0,0.5857461024498887,0.8170000000000001,0.42,1.0,2.0,15.1,No,No,High,1.0,Yes,Salle 7,104.0,0.4819444444444444,1.0,1.6650709318603534,0.6185,3.0
ENSPD000555,Female,20.0,Chimie,1,0.6625194401244167,22.0,0.41091314031180404,0.511,0.461,1.0,1.4,15.3,No,No,High,1.0,No,Salle 2,96.0,0.3916666666666666,1.0,1.691495808935304,0.486,2.4
ENSPD000556,Male,24.0,GenieCivil,2,0.6625194401244167,22.0,0.8897550111358574,0.9490000000000001,0.35000000000000003,2.0,3.8,23.6,No,No,Low,3.0,No,Salle 27,177.0,0.6027777777777776,1.0,1.099092358121202,0.6495000000000001,5.8
ENSPD000557,Male,18.0,Electrique,2,0.6049766718506998,25.0,0.6826280623608018,0.564,0.635,1.0,0.0,5.6,Yes,No,Low,0.0,Yes,Salle 25,185.0,0.6819444444444445,1.0,0.8871218257746605,0.5994999999999999,1.0
ENSPD000558,Male,20.0,Telecom,2,0.8506998444790047,10.0,0.5679287305122495,0.807,0.49600000000000005,0.0,0.3,3.3,Yes,No,Middle,2.0,No,Salle 13,161.0,0.4722222222222222,1.0,1.801443875379355,0.6515000000000001,0.3
ENSPD000559,Female,20.0,GenieCivil,3,0.8786936236391912,8.0,0.6380846325167038,0.171,0.721,1.0,0.1,7.0,Yes,No,Low,0.0,Yes,Salle 12,185.0,0.4388888888888889,1.0,2.002041121278938,0.446,1.1
ENSPD000560,Female,19.0,Informatique,4,0.7076205287713843,19.0,0.6893095768374164,0.408,0.615,3.0,0.4,12.8,No,No,High,1.0,Yes,Salle 3,230.0,0.4194444444444444,1.0,1.6870021003320341,0.5115,3.4
ENSPD000561,Female,19.0,Informatique,4,0.4665629860031105,34.0,0.3719376391982183,0.5670000000000001,0.635,1.0,2.5,19.3,Yes,No,High,0.0,No,Salle 25,230.0,0.6486111111111111,1.0,0.7193151410133283,0.601,3.5
ENSPD000562,Male,23.0,Informatique,3,0.7947122861586314,13.0,0.6369710467706015,0.254,0.728,2.0,0.3,11.3,No,No,Middle,1.0,No,Salle 24,263.0,0.4555555555555555,1.0,1.7444520913998678,0.491,2.3
ENSPD000563,Male,22.0,Chimie,3,0.7993779160186624,13.0,0.534521158129176,0.616,0.268,1.0,1.9,5.2,Yes,Yes,Low,1.0,No,Salle 14,130.0,0.2847222222222222,0.0,2.8074726133201025,0.442,2.9
ENSPD000564,Male,23.0,Informatique,2,0.6796267496111975,21.0,0.6948775055679287,0.6759999999999999,0.875,0.0,4.1,13.5,Yes,No,Middle,0.0,Yes,Salle 1,298.0,0.7013888888888888,1.0,0.9689589766642184,0.7755,4.1
ENSPD000565,Male,23.0,Mecanique,5,0.9999999999999999,0.0,0.4866369710467706,0.44200000000000006,0.563,1.0,0.1,3.5,No,No,Middle,0.0,Yes,Salle 7,67.0,0.5041666666666667,1.0,1.9834317335854497,0.5025,1.1
ENSPD000566,Female,23.0,Mecanique,3,0.4276827371695179,37.0,0.5089086859688196,0.617,0.6,2.0,0.1,7.3,Yes,No,Middle,1.0,Yes,Salle 11,212.0,0.5097222222222222,1.0,0.8390341409161807,0.6085,2.1
ENSPD000567,Male,23.0,Electrique,2,0.3063763608087091,45.0,0.8875278396436526,0.765,0.505,2.0,9.2,40.3,Yes,Yes,Middle,1.0,No,Salle 6,185.0,0.5930555555555557,1.0,0.5165977992461732,0.635,11.2
ENSPD000568,Male,22.0,Mecanique,2,0.583203732503888,27.0,0.8162583518930958,0.24100000000000002,0.679,0.0,2.2,13.0,Yes,No,Middle,0.0,Yes,Salle 25,231.0,0.43472222222222223,1.0,1.3415240524908032,0.46,2.2
ENSPD000569,Female,22.0,Electrique,3,0.8522550544323483,10.0,0.060133630289532294,0.391,0.677,2.0,0.3,0.3,Yes,No,Middle,3.0,Yes,Salle 20,188.0,0.3013888888888888,0.0,2.827664884811614,0.534,2.3
ENSPD000570,Male,24.0,Informatique,3,0.5225505443234836,31.0,0.8040089086859689,0.56,0.635,2.0,0.7,5.4,Yes,No,Middle,1.0,No,Salle 18,263.0,0.513888888888889,1.0,1.0168353262123229,0.5975,2.7
ENSPD000571,Male,21.0,Informatique,1,0.5365474339035771,30.0,0.5979955456570156,0.624,0.538,2.0,8.4,35.0,Yes,Yes,Low,3.0,No,Salle 5,248.0,0.4569444444444445,1.0,1.1741814538118784,0.581,10.4
ENSPD000572,Female,20.0,GenieCivil,4,0.8973561430793159,7.0,0.4922048997772829,0.609,0.66,4.0,0.5,3.6,Yes,Yes,Middle,0.0,Yes,Salle 12,173.0,0.4555555555555555,1.0,1.9697629290366416,0.6345000000000001,4.5
ENSPD000573,Male,22.0,Mecanique,3,0.8071539657853809,12.0,0.44209354120267264,0.78,0.171,0.0,2.8,13.3,No,Yes,Middle,1.0,Yes,Salle 12,212.0,0.2958333333333333,0.0,2.728315546918012,0.47550000000000003,2.8
ENSPD000574,Female,20.0,Mecanique,3,0.7900466562986003,14.0,0.4521158129175946,0.706,0.35200000000000004,1.0,0.6,3.0,Yes,No,Middle,2.0,Yes,Salle 21,212.0,0.3402777777777778,0.0,2.321701535852792,0.529,1.6
ENSPD000575,Female,21.0,Informatique,1,0.8662519440124418,9.0,0.4966592427616926,0.745,0.9740000000000001,1.0,1.0,0.0,Yes,No,Middle,1.0,Yes,Salle 18,248.0,0.7611111111111111,1.0,1.1381262868242572,0.8595,2.0
ENSPD000576,Female,23.0,Telecom,2,0.6407465007776051,23.0,0.42204899777282856,0.37,0.706,1.0,4.3,27.8,Yes,No,Middle,4.0,No,Salle 15,161.0,0.3680555555555556,0.0,1.740848854521219,0.538,5.3
ENSPD000577,Male,23.0,Electrique,5,0.6500777604976672,22.0,0.38418708240534527,0.6459999999999999,0.535,0.0,0.1,4.9,No,No,High,0.0,Yes,Salle 2,80.0,0.4180555555555555,1.0,1.554966085722602,0.5905,0.1
ENSPD000578,Female,20.0,Informatique,4,0.8709175738724727,8.0,0.4365256124721604,0.5650000000000001,0.30100000000000005,1.0,0.7,5.1,Yes,No,Middle,1.0,No,Salle 26,230.0,0.3763888888888889,1.0,2.313815474969596,0.43300000000000005,1.7
ENSPD000579,Male,21.0,Informatique,2,0.4696734059097979,34.0,0.6648106904231627,0.883,0.629,1.0,1.3,9.6,No,No,Middle,1.0,Yes,Salle 30,298.0,0.7333333333333334,1.0,0.6404550018542445,0.756,2.3
ENSPD000580,Male,24.0,Energetique,1,0.3203732503888024,44.0,0.6191536748329621,0.6509999999999999,0.8370000000000001,1.0,1.4,14.3,Yes,Yes,Middle,1.0,Yes,Salle 15,83.0,0.638888888888889,1.0,0.5014459344982811,0.744,2.4
ENSPD000581,Male,23.0,Electrique,2,0.6391912908242613,23.0,0.7026726057906458,0.5,1.0,1.0,0.1,5.9,No,Yes,Middle,2.0,Yes,Salle 25,185.0,0.7791666666666666,1.0,0.8203419303593041,0.75,1.1
ENSPD000582,Other,26.0,GenieCivil,2,0.8942457231726283,7.0,0.5991091314031181,0.773,1.0,0.0,1.1,6.5,Yes,No,Middle,2.0,Yes,Salle 17,177.0,0.7930555555555554,1.0,1.127581089492904,0.8865000000000001,1.1
ENSPD000583,Male,24.0,Electrique,3,0.7682737169517885,15.0,0.3919821826280624,0.721,0.46299999999999997,2.0,0.8,12.2,No,No,Low,1.0,No,Salle 26,188.0,0.3680555555555556,0.0,2.08732848090651,0.592,2.8
ENSPD000584,Male,24.0,Chimie,5,0.880248833592535,8.0,0.692650334075724,0.47200000000000003,0.541,0.0,0.1,3.0,No,No,Middle,1.0,Yes,Salle 22,48.0,0.5194444444444445,1.0,1.694564062367316,0.5065000000000001,0.1
ENSPD000585,Female,19.0,Chimie,2,0.34370139968895796,42.0,0.44209354120267264,0.557,0.34600000000000003,2.0,0.9,7.7,Yes,Yes,Middle,0.0,Yes,Salle 23,119.0,0.2319444444444444,0.0,1.4817625094968947,0.4515,2.9
ENSPD000586,Male,24.0,GenieCivil,1,0.7791601866251944,14.0,0.7182628062360802,0.56,0.47200000000000003,0.0,5.4,33.5,Yes,Yes,Low,1.0,Yes,Salle 26,149.0,0.5208333333333334,1.0,1.4959588359107236,0.516,5.4
ENSPD000587,Male,22.0,GenieCivil,4,0.8413685847589424,10.0,0.41536748329621387,0.841,0.5970000000000001,0.0,0.6,15.6,Yes,No,Middle,1.0,No,Salle 14,173.0,0.48749999999999993,1.0,1.7258488744004072,0.7190000000000001,0.6
ENSPD000588,Male,21.0,Informatique,1,0.4681181959564541,34.0,0.4955456570155903,0.657,0.5670000000000001,0.0,1.8,16.8,Yes,No,High,1.0,Yes,Salle 17,248.0,0.46944444444444444,1.0,0.9971536141497783,0.6120000000000001,1.8
ENSPD000589,Male,22.0,Telecom,5,0.7231726283048211,8.0,0.5501113585746102,0.751,1.0,1.0,0.7,5.1,Yes,No,Middle,1.0,Yes,Salle 6,60.0,0.7375,1.0,0.980559759603017,0.8755,1.7
ENSPD000590,Male,24.0,Electrique,3,0.6998444790046657,19.0,0.7227171492204899,0.531,0.37700000000000006,1.0,0.2,4.1,Yes,No,Low,2.0,Yes,Salle 20,188.0,0.37083333333333335,0.0,1.8871701769965727,0.45400000000000007,1.2
ENSPD000591,Male,23.0,Informatique,5,0.9999999999999999,0.0,0.6391982182628062,0.68,0.631,1.0,0.7,4.7,Yes,Yes,High,2.0,Yes,Salle 1,109.0,0.6402777777777777,1.0,1.56179773331089,0.6555,1.7
ENSPD000592,Female,20.0,Telecom,1,0.31415241057542764,44.0,0.6135857461024499,0.855,0.227,1.0,1.3,9.2,Yes,No,Middle,2.0,Yes,Salle 26,121.0,0.44166666666666665,1.0,0.7112723724944212,0.541,2.3
ENSPD000593,Male,23.0,Telecom,1,0.975116640746501,2.0,0.9253897550111359,0.555,0.706,0.0,1.4,9.9,Yes,No,Middle,2.0,Yes,Salle 16,121.0,0.6597222222222222,1.0,1.4780491355446417,0.6305000000000001,1.4
ENSPD000594,Male,21.0,Energetique,3,0.6469673405909798,23.0,0.6113585746102449,0.6409999999999999,0.37200000000000005,1.0,2.0,5.5,Yes,No,Low,1.0,Yes,Salle 6,104.0,0.33472222222222214,0.0,1.9327907432869456,0.5065,3.0
ENSPD000595,Female,22.0,Telecom,2,0.41835147744945567,37.0,0.4365256124721604,0.375,0.861,1.0,6.0,24.9,Yes,Yes,Middle,1.0,No,Salle 30,161.0,0.4541666666666666,1.0,0.9211205862244259,0.618,7.0
ENSPD000596,Male,21.0,Energetique,2,0.6220839813374807,24.0,0.6113585746102449,0.48200000000000004,0.5820000000000001,2.0,0.1,11.5,Yes,No,High,0.0,No,Salle 19,71.0,0.38194444444444453,1.0,1.628686327350651,0.532,2.1
ENSPD000597,Male,22.0,Mecanique,5,0.7713841368584758,15.0,0.3140311804008909,0.56,0.36,1.0,2.5,14.6,No,No,Low,3.0,Yes,Salle 4,67.0,0.2333333333333334,0.0,3.305790338378965,0.46,3.5
ENSPD000598,Male,24.0,Telecom,4,0.9129082426127527,6.0,0.489977728285078,0.429,0.635,0.0,0.0,3.2,No,No,Middle,2.0,Yes,Salle 8,121.0,0.17638888888888887,0.0,5.175249392799636,0.532,0.0
ENSPD000599,Male,20.0,Telecom,3,0.9999999999999999,0.0,0.7249443207126949,0.858,0.444,1.0,0.0,0.0,Yes,No,High,0.0,Yes,Salle 24,154.0,0.5666666666666667,1.0,1.7646747410339818,0.651,1.0
ENSPD000600,Male,26.0,Mecanique,1,0.9860031104199066,1.0,0.5111358574610245,0.469,0.688,1.0,0.3,3.8,Yes,No,High,4.0,Yes,Salle 26,186.0,0.4291666666666667,1.0,2.2974294433991593,0.5785,1.3
ENSPD000601,Male,18.0,Informatique,4,0.5396578538102644,30.0,0.5545657015590201,0.762,0.7240000000000001,0.0,1.3,8.3,Yes,No,Low,1.0,Yes,Salle 3,230.0,0.576388888888889,1.0,0.9362576233457887,0.7430000000000001,1.3
ENSPD000602,Male,21.0,Energetique,4,0.9315707620528771,4.0,0.3229398663697105,0.654,0.635,1.0,0.1,11.5,No,No,Middle,4.0,No,Salle 28,70.0,0.37916666666666665,1.0,2.456825126509746,0.6445000000000001,1.1
ENSPD000603,Male,23.0,Mecanique,2,0.7931570762052876,13.0,0.47772828507795106,0.626,0.8250000000000001,0.0,2.6,12.1,Yes,No,Low,2.0,Yes,Salle 11,231.0,0.6805555555555556,1.0,1.1654381708428103,0.7255,2.6
ENSPD000604,Male,23.0,Telecom,5,0.5972006220839813,26.0,0.5334075723830736,0.888,0.413,1.0,0.1,4.6,No,No,Middle,0.0,No,Salle 20,60.0,0.525,1.0,1.137503327715627,0.6505,1.1
ENSPD000605,Male,22.0,Informatique,1,0.6811819595645411,20.0,0.7171492204899776,0.21300000000000002,0.055,1.0,1.4,12.5,Yes,No,Middle,2.0,Yes,Salle 19,248.0,0.0763888888888889,0.0,8.916123905351837,0.134,2.4
ENSPD000606,Male,22.0,Informatique,2,0.5878693623639192,26.0,0.3307349665924276,0.616,0.6970000000000001,0.0,2.3,17.9,Yes,No,Middle,2.0,Yes,Salle 24,298.0,0.43472222222222223,1.0,1.3522562449107298,0.6565000000000001,2.3
ENSPD000607,Male,23.0,GenieCivil,1,0.7262830482115087,18.0,0.534521158129176,0.42600000000000005,0.898,0.0,0.5,2.8,Yes,No,Low,0.0,Yes,Salle 19,149.0,0.5847222222222221,1.0,1.2420780326614043,0.662,0.5
ENSPD000608,Male,22.0,Mecanique,4,0.583203732503888,27.0,0.7917594654788419,0.267,0.9,1.0,1.7,10.4,No,Yes,Middle,1.0,Yes,Salle 26,178.0,0.5888888888888888,1.0,0.9903291439456676,0.5835,2.7
ENSPD000609,Male,25.0,Electrique,3,0.5287713841368585,30.0,0.5356347438752784,0.405,0.635,0.0,0.6,6.4,No,No,Middle,1.0,No,Salle 16,188.0,0.24583333333333335,0.0,2.150846951867145,0.52,0.6
ENSPD000610,Female,24.0,Electrique,2,0.8087091757387247,12.0,0.2572383073496659,0.623,0.531,0.0,0.5,11.5,Yes,Yes,Middle,0.0,Yes,Salle 19,185.0,0.3902777777777777,1.0,2.0720842972417852,0.577,0.5
ENSPD000611,Male,24.0,Informatique,1,0.8367029548989114,10.0,0.8240534521158129,0.489,0.785,0.0,1.4,17.5,Yes,No,Middle,1.0,Yes,Salle 30,248.0,0.6333333333333333,1.0,1.321089069486658,0.637,1.4
ENSPD000612,Female,20.0,Informatique,1,0.7231726283048211,20.0,0.732739420935412,0.616,0.515,0.0,0.8,3.5,Yes,No,High,0.0,Yes,Salle 22,248.0,0.6041666666666667,1.0,1.1969555731019421,0.5655,0.8
ENSPD000613,Female,22.0,Mecanique,1,0.975116640746501,2.0,0.755011135857461,0.5820000000000001,0.6609999999999999,2.0,3.4,20.5,Yes,Yes,Middle,2.0,Yes,Salle 19,186.0,0.6597222222222222,1.0,1.4780491355446417,0.6214999999999999,5.4
ENSPD000614,Male,21.0,Informatique,2,0.671850699844479,21.0,0.3184855233853007,0.562,0.49700000000000005,0.0,0.5,5.7,Yes,No,Middle,1.0,Yes,Salle 21,298.0,0.3402777777777778,0.0,1.97436036119765,0.5295000000000001,0.5
ENSPD000615,Female,20.0,Chimie,2,0.6640746500777605,22.0,0.6113585746102449,0.562,0.42200000000000004,0.0,0.9,8.7,Yes,No,High,2.0,Yes,Salle 20,119.0,0.46944444444444444,1.0,1.4145667549566623,0.49200000000000005,0.9
ENSPD000616,Female,23.0,GenieCivil,2,0.8429237947122862,10.0,0.48106904231625836,0.6020000000000001,0.461,3.0,0.2,6.1,No,No,Low,1.0,Yes,Salle 14,177.0,0.43333333333333335,1.0,1.9451638686313841,0.5315000000000001,3.2
ENSPD000617,Male,21.0,Informatique,4,0.6951788491446346,20.0,0.5256124721603563,0.545,0.831,0.0,1.4,8.2,Yes,No,Middle,1.0,No,Salle 12,230.0,0.623611111111111,1.0,1.1147455350028619,0.688,1.4
ENSPD000618,Male,23.0,GenieCivil,3,0.7356143079315708,17.0,0.4933184855233853,0.616,0.643,0.0,1.0,12.1,No,No,Middle,1.0,Yes,Salle 1,185.0,0.5055555555555555,1.0,1.4550324875736826,0.6295,1.0
ENSPD000619,Female,20.0,Informatique,4,0.7231726283048211,48.0,0.7683741648106904,0.798,0.8940000000000001,1.0,0.0,3.2,Yes,No,Middle,1.0,Yes,Salle 11,230.0,0.8166666666666667,1.0,0.8855066611080123,0.8460000000000001,1.0
ENSPD000620,Female,25.0,Informatique,1,0.7231726283048211,18.0,0.5801781737193764,0.508,0.7440000000000001,3.0,1.3,10.9,Yes,No,Middle,1.0,No,Salle 11,248.0,0.5208333333333334,1.0,1.3884647878213303,0.6260000000000001,4.3
ENSPD000621,Male,20.0,Mecanique,2,0.37947122861586313,40.0,0.690423162583519,0.551,0.961,1.0,0.2,6.2,Yes,No,Middle,1.0,Yes,Salle 23,231.0,0.6069444444444445,1.0,0.6252054533733573,0.756,1.2
ENSPD000622,Male,22.0,Telecom,3,0.49144634525660946,33.0,0.6224944320712694,0.6970000000000001,0.804,1.0,3.6,20.4,No,No,Middle,0.0,Yes,Salle 26,154.0,0.6319444444444444,1.0,0.7776610317040232,0.7505000000000001,4.6
ENSPD000623,Male,24.0,Telecom,1,0.7231726283048211,34.0,0.5946547884187082,0.677,0.792,2.0,1.4,14.9,Yes,No,Middle,2.0,Yes,Salle 22,121.0,0.5875,1.0,1.230911181605115,0.7345,3.4
ENSPD000624,Male,21.0,Telecom,1,0.525660964230171,30.0,0.4521158129175946,0.459,0.616,2.0,2.3,11.3,Yes,Yes,Low,0.0,Yes,Salle 17,121.0,0.4041666666666667,1.0,1.3005722684721308,0.5375,4.3
ENSPD000625,Female,24.0,Mecanique,4,0.6174183514774495,25.0,0.9131403118040089,0.756,1.0,1.0,3.4,18.6,Yes,No,High,2.0,Yes,Salle 10,178.0,0.8805555555555555,1.0,0.7011611430655104,0.878,4.4
ENSPD000626,Male,20.0,Mecanique,5,0.6298600311041992,24.0,0.36525612472160357,0.7170000000000001,0.635,3.0,0.1,5.2,Yes,Yes,Low,1.0,Yes,Salle 27,67.0,0.4305555555555556,1.0,1.462866741143507,0.676,3.1
ENSPD000627,Male,25.0,GenieCivil,1,0.8444790046656298,10.0,0.6792873051224945,0.652,0.245,1.0,0.8,7.0,Yes,No,Middle,1.0,No,Salle 29,149.0,0.4180555555555555,1.0,2.0199679056157245,0.4485,1.8
ENSPD000628,Female,22.0,Chimie,2,0.7620528771384137,15.0,0.6726057906458797,0.542,0.6940000000000001,1.0,0.1,7.4,No,No,Middle,1.0,Yes,Salle 4,119.0,0.5347222222222222,1.0,1.4251111967247831,0.6180000000000001,1.1
ENSPD000629,Male,21.0,Energetique,5,0.36547433903576987,41.0,0.8028953229398663,0.547,0.444,1.0,1.4,0.7,No,No,Low,1.0,Yes,Salle 25,40.0,0.44444444444444453,1.0,0.8222987611083571,0.49550000000000005,2.4
ENSPD000630,Male,21.0,Informatique,1,0.7356143079315708,17.0,0.8418708240534521,0.584,0.843,1.0,0.1,11.0,No,No,Low,1.0,No,Salle 23,248.0,0.7749999999999999,1.0,0.9491675048471258,0.7135,1.1
ENSPD000631,Female,24.0,Informatique,3,0.7791601866251944,14.0,0.6113585746102449,0.39799999999999996,0.785,0.0,1.3,16.0,Yes,No,Low,1.0,Yes,Salle 19,263.0,0.5083333333333333,1.0,1.5327439852826394,0.5915,1.3
ENSPD000632,Female,22.0,Electrique,5,0.6594090202177293,22.0,0.6993318485523385,0.613,0.6020000000000001,4.0,1.2,7.3,Yes,No,High,1.0,Yes,Salle 23,80.0,0.5263888888888889,1.0,1.2526793542623071,0.6075,5.2
ENSPD000633,Male,21.0,Telecom,5,0.7091757387247278,19.0,0.9053452115812917,0.7809999999999999,0.462,0.0,0.1,5.0,Yes,No,High,1.0,Yes,Salle 14,60.0,0.6472222222222221,1.0,1.095705242068801,0.6214999999999999,0.1
ENSPD000634,Male,22.0,Telecom,3,0.7558320373250388,16.0,0.5991091314031181,0.778,0.669,0.0,0.6,0.2,No,No,Middle,2.0,Yes,Salle 17,154.0,0.6486111111111111,1.0,1.1652905284415913,0.7235,0.6
ENSPD000635,Male,20.0,Electrique,1,0.8631415241057544,9.0,0.43207126948775054,0.551,0.512,1.0,0.6,11.5,Yes,No,Middle,1.0,Yes,Salle 21,143.0,0.31944444444444453,0.0,2.7019236674162506,0.5315000000000001,1.6
ENSPD000636,Male,26.0,Energetique,1,0.4261275272161742,37.0,0.5456570155902005,0.812,0.798,1.0,0.7,17.0,Yes,No,Low,1.0,Yes,Salle 17,83.0,0.6625000000000001,1.0,0.6432016531315364,0.805,1.7
ENSPD000637,Male,21.0,GenieCivil,4,0.6749611197511663,21.0,0.3919821826280624,0.963,0.751,0.0,1.4,15.4,No,No,Middle,0.0,Yes,Salle 20,173.0,0.6722222222222222,1.0,1.0040594565965957,0.857,1.4
ENSPD000638,Male,24.0,Telecom,5,0.9999999999999999,0.0,0.6726057906458797,0.563,1.0,1.0,2.4,17.3,Yes,No,Low,1.0,Yes,Salle 18,60.0,0.7097222222222221,1.0,1.408982104361739,0.7815,3.4
ENSPD000639,Male,22.0,Energetique,3,0.984447900466563,1.0,0.7884187082405345,0.7440000000000001,0.551,1.0,0.8,6.2,Yes,No,Low,1.0,Yes,Salle 10,104.0,0.6833333333333333,1.0,1.4406343816430438,0.6475000000000001,1.8
ENSPD000640,Male,20.0,Telecom,4,0.8786936236391912,8.0,0.5902004454342985,0.21300000000000002,0.579,1.0,3.1,17.0,Yes,No,Middle,0.0,Yes,Salle 18,121.0,0.37222222222222223,1.0,2.360606017376465,0.396,4.1
ENSPD000641,Male,22.0,Mecanique,4,0.8195956454121308,12.0,0.3396436525612473,0.394,0.609,1.0,1.1,9.2,Yes,No,Middle,1.0,Yes,Salle 22,178.0,0.3930555555555556,1.0,2.0851372851882712,0.5015000000000001,2.1
ENSPD000642,Male,24.0,Informatique,3,0.9999999999999999,0.0,0.7806236080178174,0.636,0.618,0.0,1.5,5.4,Yes,No,Low,0.0,No,Salle 30,263.0,0.6569444444444444,1.0,1.5221755609639769,0.627,1.5
ENSPD000643,Male,22.0,GenieCivil,4,0.9999999999999999,0.0,0.3140311804008909,0.439,0.845,2.0,0.3,6.7,Yes,No,Low,2.0,Yes,Salle 24,173.0,0.4847222222222223,1.0,2.0629946889347837,0.642,2.3
ENSPD000644,Male,24.0,GenieCivil,3,0.6967340590979781,20.0,0.35189309576837413,0.9870000000000001,0.585,0.0,0.5,10.0,Yes,No,High,3.0,Yes,Salle 25,185.0,0.5638888888888889,1.0,1.2355655824589917,0.786,0.5
ENSPD000645,Male,24.0,Telecom,3,0.5396578538102644,30.0,0.5801781737193764,0.728,1.0,1.0,2.6,22.5,No,Yes,Middle,0.0,Yes,Salle 6,154.0,0.7138888888888888,1.0,0.7559303736278217,0.864,3.6
ENSPD000646,Female,24.0,Informatique,2,0.6702954898911352,21.0,0.6525612472160356,0.794,0.756,2.0,1.4,36.0,No,No,Middle,0.0,No,Salle 19,298.0,0.7027777777777777,1.0,0.9537665723365545,0.775,3.4
ENSPD000647,Female,21.0,Mecanique,4,0.9999999999999999,0.0,0.6804008908685969,0.615,0.543,2.0,2.4,14.1,No,No,Middle,2.0,Yes,Salle 19,178.0,0.4625,1.0,2.162115413720784,0.579,4.4
ENSPD000648,Female,20.0,Chimie,3,0.4276827371695179,37.0,0.5991091314031181,0.439,0.49200000000000005,1.0,0.1,4.9,Yes,No,Middle,0.0,No,Salle 19,130.0,0.36111111111111116,0.0,1.18431939870147,0.4655,1.1
ENSPD000649,Female,21.0,Informatique,2,0.6329704510108866,24.0,0.9042316258351895,0.527,0.848,0.0,0.3,7.7,Yes,No,Middle,1.0,Yes,Salle 13,298.0,0.6625000000000001,1.0,0.9554126745420998,0.6875,0.3
ENSPD000650,Male,22.0,Mecanique,4,0.4556765163297044,35.0,0.6213808463251671,0.6659999999999999,0.6459999999999999,0.0,1.2,12.9,Yes,Yes,Middle,1.0,Yes,Salle 19,178.0,0.5861111111111111,1.0,0.7774442989536368,0.6559999999999999,1.2
ENSPD000651,Male,23.0,Mecanique,3,0.7433903576982893,16.0,0.7828507795100222,0.505,0.642,2.0,2.6,19.7,No,No,High,2.0,Yes,Salle 12,212.0,0.45138888888888895,1.0,1.646859077407418,0.5735,4.6
ENSPD000652,Male,18.0,Electrique,5,0.4961119751166406,32.0,0.7416481069042317,0.741,0.52,2.0,0.4,0.0,Yes,Yes,Low,0.0,Yes,Salle 25,80.0,0.5097222222222222,1.0,0.9732796034627694,0.6305000000000001,2.4
ENSPD000653,Female,22.0,Informatique,1,0.6998444790046657,19.0,0.39420935412026725,0.748,0.628,2.0,2.8,20.5,Yes,No,Low,3.0,No,Salle 4,248.0,0.4847222222222223,1.0,1.4437754432669563,0.688,4.8
ENSPD000654,Female,22.0,Telecom,3,0.35614307931570766,41.0,0.5824053452115813,0.621,0.512,2.0,1.6,6.6,Yes,No,Middle,0.0,Yes,Salle 7,154.0,0.41666666666666674,1.0,0.85472287700865,0.5665,3.6
ENSPD000655,Male,21.0,GenieCivil,2,0.8351477449455676,11.0,0.9643652561247216,0.29100000000000004,0.635,1.0,3.0,13.1,Yes,No,High,2.0,Yes,Salle 2,177.0,0.7069444444444444,1.0,1.1813317696897192,0.463,4.0
ENSPD000656,Male,25.0,Telecom,4,0.948678071539658,3.0,0.5256124721603563,0.929,0.635,1.0,1.6,10.6,Yes,No,Middle,1.0,Yes,Salle 23,121.0,0.7222222222222223,1.0,1.3135360654786197,0.782,2.6
ENSPD000657,Male,23.0,GenieCivil,1,0.6485225505443236,23.0,0.49777282850779514,0.5820000000000001,0.605,2.0,1.8,14.2,No,No,Middle,0.0,No,Salle 7,149.0,0.4291666666666667,1.0,1.511085296368217,0.5935,3.8
ENSPD000658,Male,25.0,Mecanique,3,0.6951788491446346,20.0,0.6391982182628062,1.0,0.6020000000000001,1.0,0.6,2.1,No,No,Low,1.0,Yes,Salle 20,212.0,0.6986111111111111,1.0,0.9950727770579366,0.801,1.6
ENSPD000659,Female,22.0,Informatique,4,0.6889580093312596,20.0,0.532293986636971,0.737,0.658,1.0,2.5,12.6,Yes,No,Middle,0.0,Yes,Salle 4,230.0,0.5958333333333332,1.0,1.156273756520886,0.6975,3.5
ENSPD000660,Male,24.0,Informatique,2,0.7542768273716952,16.0,0.47772828507795106,0.5820000000000001,0.639,2.0,3.7,20.9,Yes,No,Middle,1.0,Yes,Salle 28,298.0,0.5486111111111112,1.0,1.3748592828374282,0.6105,5.7
ENSPD000661,Male,25.0,GenieCivil,5,0.7122861586314152,18.0,0.5300668151447662,0.701,0.449,1.0,4.1,23.3,Yes,No,Middle,1.0,Yes,Salle 21,70.0,0.4180555555555555,1.0,1.7037666680884012,0.575,5.1
ENSPD000662,Other,25.0,Informatique,4,0.8631415241057544,9.0,0.6113585746102449,0.257,0.635,1.0,0.1,7.2,Yes,No,Middle,1.0,Yes,Salle 17,230.0,0.2763888888888889,0.0,3.122811121186284,0.446,1.1
ENSPD000663,Female,20.0,Mecanique,2,0.9502332814930016,3.0,0.5879732739420935,0.805,0.635,0.0,2.0,16.8,Yes,No,Middle,2.0,No,Salle 22,231.0,0.5499999999999999,1.0,1.727665463342488,0.72,2.0
ENSPD000664,Male,21.0,Electrique,1,0.567651632970451,28.0,0.388641425389755,1.0,0.614,0.0,9.1,46.0,No,No,Low,1.0,No,Salle 7,143.0,0.5430555555555555,1.0,1.0452727615724844,0.8069999999999999,9.1
ENSPD000665,Male,21.0,Mecanique,2,0.6625194401244167,22.0,0.3574610244988864,0.244,0.49200000000000005,2.0,1.4,11.5,No,Yes,Middle,1.0,Yes,Salle 27,231.0,0.16666666666666674,0.0,3.9748781480576145,0.368,3.4
ENSPD000666,Male,23.0,Informatique,2,0.8880248833592533,7.0,0.9788418708240534,0.568,0.804,1.0,0.4,6.3,Yes,No,Low,0.0,Yes,Salle 20,298.0,0.7847222222222223,1.0,1.131627908491542,0.6859999999999999,1.4
ENSPD000667,Male,23.0,Chimie,4,0.7231726283048211,35.0,0.5723830734966593,0.601,0.594,0.0,4.2,18.6,Yes,No,High,0.0,Yes,Salle 8,93.0,0.513888888888889,1.0,1.4072274603831254,0.5974999999999999,4.2
ENSPD000668,Male,20.0,Energetique,5,0.3530326594090202,42.0,0.6826280623608018,0.778,1.0,1.0,0.6,5.1,No,No,Low,1.0,Yes,Salle 23,40.0,0.7763888888888888,1.0,0.45470526099573416,0.889,1.6
ENSPD000669,Male,22.0,Informatique,1,0.7620528771384137,15.0,0.48106904231625836,0.9990000000000001,0.528,1.0,0.1,0.0,Yes,No,Low,1.0,No,Salle 14,248.0,0.6097222222222222,1.0,1.249815655733341,0.7635000000000001,1.1
ENSPD000670,Male,18.0,Informatique,3,0.8133748055987559,12.0,0.6636971046770601,0.6890000000000001,0.668,1.0,1.1,15.0,No,Yes,Middle,0.0,No,Salle 10,263.0,0.5958333333333332,1.0,1.3650816583756737,0.6785000000000001,2.1
ENSPD000671,Male,25.0,Energetique,3,0.7231726283048211,27.0,0.8541202672605791,1.0,0.5820000000000001,1.0,0.2,5.5,Yes,No,Middle,0.0,Yes,Salle 26,104.0,0.7666666666666668,1.0,0.9432563422713891,0.791,1.2
ENSPD000672,Female,21.0,Informatique,1,0.6127527216174183,25.0,0.5011135857461025,0.6509999999999999,0.728,1.0,0.2,8.8,Yes,No,Middle,2.0,No,Salle 1,248.0,0.5319444444444444,1.0,1.15188946725947,0.6895,1.2
ENSPD000673,Male,22.0,Energetique,2,0.7231726283048211,27.0,0.6870824053452117,0.616,0.853,1.0,1.2,20.5,Yes,No,High,1.0,No,Salle 25,71.0,0.7638888888888888,1.0,0.9466863204326621,0.7344999999999999,2.2
ENSPD000674,Male,21.0,Informatique,2,0.5583203732503886,28.0,0.3752783964365256,0.679,0.762,2.0,1.4,21.5,No,No,Low,1.0,Yes,Salle 28,298.0,0.5486111111111112,1.0,1.0176793454404878,0.7205,3.4
ENSPD000675,Male,24.0,Telecom,3,0.8491446345256609,10.0,0.9476614699331849,0.84,0.23399999999999999,1.0,4.7,28.2,Yes,No,Middle,0.0,No,Salle 14,154.0,0.5055555555555555,1.0,1.6795935268820945,0.5369999999999999,5.7
ENSPD000676,Other,17.0,Mecanique,3,0.499222395023328,32.0,0.6547884187082406,0.544,0.74,1.0,2.4,13.1,No,No,Middle,1.0,Yes,Salle 25,212.0,0.5416666666666667,1.0,0.9216243300554352,0.642,3.4
ENSPD000677,Male,22.0,Energetique,3,0.6702954898911352,21.0,0.5412026726057906,0.767,0.438,0.0,3.7,23.0,Yes,No,Low,1.0,Yes,Salle 17,104.0,0.45000000000000007,1.0,1.4895124328151266,0.6025,3.7
ENSPD000678,Male,22.0,Mecanique,1,0.7231726283048211,29.0,0.5601336302895323,0.39799999999999996,0.578,0.0,1.1,9.4,Yes,Yes,Low,2.0,Yes,Salle 8,186.0,0.375,1.0,1.9284089179083785,0.488,1.1
ENSPD000679,Female,21.0,Electrique,4,0.4479004665629859,36.0,0.5244988864142539,0.569,0.778,1.0,0.8,4.4,Yes,No,High,1.0,Yes,Salle 14,157.0,0.5486111111111112,1.0,0.81641128547872,0.6735,1.8
ENSPD000680,Female,25.0,Informatique,3,0.8818040435458788,8.0,0.5334075723830736,0.505,0.41600000000000004,2.0,1.8,8.6,Yes,No,Middle,1.0,Yes,Salle 17,263.0,0.34444444444444444,0.0,2.560001932819018,0.4605,3.8
ENSPD000681,Female,20.0,Mecanique,4,0.6236391912908242,24.0,0.6113585746102449,0.636,0.871,1.0,2.4,18.0,Yes,No,High,0.0,No,Salle 24,178.0,0.45000000000000007,1.0,1.3858340732224264,0.7535000000000001,3.4
ENSPD000682,Male,24.0,Chimie,2,0.7558320373250388,16.0,0.5935412026726058,0.563,0.569,0.0,1.7,11.5,No,No,Low,0.0,Yes,Salle 17,119.0,0.4708333333333333,1.0,1.605272887637867,0.566,1.7
ENSPD000683,Male,23.0,GenieCivil,4,0.4385692068429238,36.0,0.5868596881959911,0.8240000000000001,1.0,0.0,0.6,12.3,Yes,No,Middle,1.0,Yes,Salle 10,173.0,0.7458333333333333,1.0,0.588017868153174,0.912,0.6
ENSPD000684,Female,25.0,Telecom,4,0.5816485225505442,27.0,0.6915367483296213,0.462,0.654,0.0,0.9,7.7,No,No,Middle,1.0,Yes,Salle 26,121.0,0.5097222222222222,1.0,1.1410864316460057,0.558,0.9
ENSPD000685,Female,21.0,GenieCivil,2,0.8615863141524104,9.0,0.5233853006681515,0.308,0.981,1.0,1.2,11.5,No,No,Middle,0.0,Yes,Salle 18,177.0,0.5861111111111111,1.0,1.4699800055300845,0.6445,2.2
ENSPD000686,Male,21.0,Telecom,2,0.9999999999999999,0.0,0.48106904231625836,0.376,0.88,2.0,0.0,0.6,No,No,Middle,0.0,Yes,Salle 26,161.0,0.4916666666666667,1.0,2.0338569385029452,0.628,2.0
ENSPD000687,Male,24.0,GenieCivil,5,0.3514774494556764,42.0,0.6091314031180401,0.799,0.518,1.0,4.2,15.2,Yes,No,High,1.0,Yes,Salle 10,70.0,0.45000000000000007,1.0,0.7810436422650081,0.6585000000000001,5.2
ENSPD000688,Male,23.0,Energetique,4,0.6827371695178849,20.0,0.34075723830734966,0.445,0.38,1.0,1.4,7.2,Yes,No,Middle,0.0,No,Salle 11,70.0,0.2236111111111111,0.0,3.0530980108521675,0.4125,2.4
ENSPD000689,Female,19.0,Energetique,5,0.7962674961119752,13.0,0.6347438752783965,0.6920000000000001,0.663,1.0,2.8,13.6,Yes,No,Middle,2.0,Yes,Salle 20,40.0,0.6013888888888889,1.0,1.3240255524633822,0.6775,3.8
ENSPD000690,Male,21.0,Mecanique,4,0.6049766718506998,25.0,0.29955456570155903,0.5670000000000001,0.523,0.0,0.4,2.1,Yes,No,Middle,2.0,Yes,Salle 16,178.0,0.3111111111111111,0.0,1.9445053718474399,0.545,0.4
ENSPD000691,Male,23.0,Telecom,3,0.8786936236391912,8.0,0.7973273942093541,0.768,0.956,0.0,1.6,9.3,Yes,No,Low,2.0,No,Salle 17,154.0,0.8680555555555556,1.0,1.0122433933884565,0.862,1.6
ENSPD000692,Male,24.0,Telecom,1,0.5583203732503886,28.0,0.7249443207126949,0.578,0.5910000000000001,1.0,5.2,33.4,No,Yes,Middle,2.0,Yes,Salle 24,121.0,0.5402777777777777,1.0,1.033375908570021,0.5845,6.2
ENSPD000693,Male,21.0,Informatique,2,0.7480559875583203,16.0,0.455456570155902,1.0,0.58,2.0,0.5,4.2,No,No,Middle,1.0,Yes,Salle 7,298.0,0.6333333333333333,1.0,1.1811223836860265,0.79,2.5
ENSPD000694,Male,17.0,Electrique,5,0.6220839813374807,24.0,0.7204899777282852,0.9620000000000001,0.36100000000000004,1.0,0.8,0.8,No,No,Middle,0.0,Yes,Salle 18,80.0,0.5180555555555555,1.0,1.2007823617425781,0.6615000000000001,1.8
ENSPD000695,Male,23.0,Informatique,2,0.947122861586314,3.0,0.6291759465478842,0.563,0.7240000000000001,2.0,1.0,9.6,No,No,Middle,0.0,Yes,Salle 28,298.0,0.6194444444444444,1.0,1.52896289643339,0.6435,3.0
ENSPD000696,Female,20.0,Telecom,1,0.5940902021772939,26.0,0.44209354120267264,0.539,0.405,1.0,1.0,11.5,Yes,No,Middle,2.0,No,Salle 9,121.0,0.2777777777777778,0.0,2.138647736519743,0.47200000000000003,2.0
ENSPD000697,Male,18.0,Informatique,3,0.6547433903576981,22.0,0.27282850779510026,1.0,0.635,1.0,1.8,8.7,No,No,High,1.0,Yes,Salle 20,263.0,0.5791666666666667,1.0,1.1304726658377664,0.8175,2.8
ENSPD000698,Female,17.0,Informatique,4,0.8958009331259719,7.0,0.6625835189309577,0.42600000000000005,0.756,1.0,1.0,12.0,Yes,No,Low,0.0,Yes,Salle 6,230.0,0.5861111111111111,1.0,1.528354662789402,0.591,2.0
ENSPD000699,Male,24.0,GenieCivil,2,0.5287713841368585,30.0,0.6113585746102449,0.61,0.49,1.0,2.2,21.0,No,No,Middle,0.0,Yes,Salle 13,177.0,0.3916666666666666,1.0,1.3500201291971914,0.55,3.2
ENSPD000700,Male,22.0,Electrique,2,0.7325038880248832,17.0,0.7928730512249444,0.624,0.831,1.0,1.3,9.3,Yes,No,Middle,1.0,No,Salle 9,185.0,0.6944444444444444,1.0,1.0547904097739311,0.7275,2.3
ENSPD000701,Male,22.0,Telecom,2,0.37947122861586313,40.0,0.6124721603563474,0.62,0.585,0.0,0.3,9.2,No,No,Middle,2.0,Yes,Salle 16,161.0,0.42361111111111116,1.0,0.8957797868490364,0.6025,0.3
ENSPD000702,Male,25.0,Energetique,1,0.5163297045101088,31.0,0.4933184855233853,0.307,0.34600000000000003,0.0,5.9,32.3,Yes,Yes,Low,1.0,Yes,Salle 1,83.0,0.2333333333333334,0.0,2.2127467587536622,0.3265,5.9
ENSPD000703,Male,23.0,GenieCivil,4,0.7916018662519438,13.0,0.910913140311804,0.7090000000000001,0.9490000000000001,0.0,0.5,8.6,No,No,Low,0.0,Yes,Salle 3,173.0,0.8111111111111109,1.0,0.9759354742568238,0.8290000000000001,0.5
ENSPD000704,Male,25.0,Informatique,2,0.5349922239502333,30.0,0.7060133630289532,0.445,0.455,0.0,1.7,15.4,Yes,No,Middle,1.0,Yes,Salle 22,298.0,0.29166666666666674,0.0,1.834196166817937,0.45,1.7
ENSPD000705,Male,19.0,Chimie,4,0.6189735614307931,24.0,0.0,0.878,0.741,1.0,0.1,7.5,Yes,No,Low,1.0,Yes,Salle 26,93.0,0.43333333333333335,1.0,1.428367564050352,0.8095,1.1
ENSPD000706,Other,22.0,Electrique,4,0.8118195956454123,12.0,0.5289532293986637,0.358,0.725,0.0,5.0,21.2,Yes,No,Middle,1.0,Yes,Salle 14,157.0,0.4819444444444444,1.0,1.6844322217657066,0.5415,5.0
ENSPD000707,Male,19.0,GenieCivil,3,0.6111975116640745,25.0,0.378619153674833,0.631,0.635,3.0,5.3,11.5,No,No,Low,4.0,No,Salle 25,185.0,0.4819444444444444,1.0,1.2681644888006176,0.633,8.3
ENSPD000708,Female,22.0,Mecanique,2,0.8740279937791603,8.0,0.6113585746102449,0.22100000000000003,0.7140000000000001,0.0,0.9,9.3,Yes,No,Middle,1.0,No,Salle 4,231.0,0.3597222222222223,0.0,2.4296627874475893,0.4675,0.9
ENSPD000709,Male,22.0,GenieCivil,3,0.76049766718507,15.0,0.6113585746102449,0.23199999999999998,0.446,1.0,0.3,5.3,Yes,Yes,Middle,1.0,Yes,Salle 23,185.0,0.22222222222222232,0.0,3.422085508484931,0.33899999999999997,1.3
ENSPD000710,Female,23.0,Mecanique,2,0.8009331259720062,13.0,0.6692650334075724,0.469,0.978,0.0,2.9,10.1,Yes,No,High,3.0,Yes,Salle 7,231.0,0.6888888888888889,1.0,1.1626279834241207,0.7235,2.9
ENSPD000711,Female,22.0,Chimie,2,0.9517884914463454,3.0,0.6536748329621381,0.494,0.831,0.0,0.6,6.5,Yes,No,High,0.0,Yes,Salle 15,119.0,0.6263888888888889,1.0,1.519460695619424,0.6625,0.6
ENSPD000712,Female,23.0,GenieCivil,4,0.7791601866251944,14.0,0.7906458797327395,0.8840000000000001,0.735,0.0,2.4,14.1,Yes,No,Middle,2.0,Yes,Salle 29,173.0,0.7041666666666668,1.0,1.1064839599322058,0.8095000000000001,2.4
ENSPD000713,Male,23.0,Telecom,3,0.9999999999999999,0.0,0.7160356347438753,0.613,0.373,2.0,4.9,25.8,Yes,No,Middle,1.0,Yes,Salle 8,154.0,0.36944444444444435,0.0,2.7066936534048707,0.493,6.9
ENSPD000714,Male,26.0,GenieCivil,4,0.8895800933125974,7.0,0.7060133630289532,0.616,0.444,0.0,1.8,16.7,No,No,Middle,0.0,No,Salle 5,173.0,0.6263888888888889,1.0,1.4201495390429912,0.53,1.8
ENSPD000715,Male,21.0,Mecanique,1,0.6220839813374807,24.0,0.643652561247216,0.552,0.7709999999999999,1.0,3.9,17.4,No,No,Middle,0.0,Yes,Salle 10,186.0,0.6680555555555555,1.0,0.9311720626281398,0.6615,4.9
ENSPD000716,Female,20.0,Telecom,1,0.9611197511664075,2.0,0.8251670378619154,0.7290000000000001,0.239,1.0,0.5,0.0,Yes,No,Low,2.0,Yes,Salle 10,121.0,0.4986111111111111,1.0,1.9275552714257913,0.48400000000000004,1.5
ENSPD000717,Female,22.0,Electrique,5,0.7698289269051323,15.0,0.5579064587973274,0.489,0.708,0.0,4.8,22.6,Yes,Yes,High,4.0,Yes,Salle 28,80.0,0.5097222222222222,1.0,1.5102614536491255,0.5985,4.8
ENSPD000718,Female,20.0,Informatique,3,0.6469673405909798,23.0,0.6113585746102449,0.47700000000000004,0.374,1.0,1.4,10.3,Yes,Yes,Middle,0.0,Yes,Salle 18,263.0,0.29166666666666674,0.0,2.218097690105412,0.4255,2.4
ENSPD000719,Male,25.0,Electrique,3,0.7713841368584758,15.0,0.29175946547884185,0.616,0.466,0.0,0.5,12.4,No,No,Low,1.0,Yes,Salle 13,188.0,0.19305555555555554,0.0,3.995451879745097,0.541,0.5
ENSPD000720,Female,21.0,Mecanique,3,0.926905132192846,5.0,0.7861915367483296,0.68,0.358,1.0,4.2,19.4,Yes,No,Middle,0.0,Yes,Salle 13,212.0,0.5166666666666666,1.0,1.793975211175615,0.519,5.2
ENSPD000721,Female,21.0,Telecom,1,0.8055987558320373,12.0,0.5968819599109131,0.667,0.6890000000000001,1.0,1.6,13.7,Yes,No,Middle,2.0,No,Salle 19,121.0,0.6013888888888889,1.0,1.3395414769063123,0.678,2.6
ENSPD000722,Male,21.0,GenieCivil,4,0.9999999999999999,0.0,1.0,0.76,0.863,1.0,3.2,13.4,Yes,No,High,1.0,No,Salle 16,173.0,0.9888888888888889,1.0,1.0112257291780193,0.8115,4.2
ENSPD000723,Male,23.0,Chimie,1,0.9222395023328148,5.0,0.5423162583518931,0.659,0.71,1.0,3.2,17.8,No,No,Low,1.0,Yes,Salle 17,96.0,0.6138888888888889,1.0,1.5022661207320303,0.6845,4.2
ENSPD000724,Female,22.0,Informatique,3,0.8180404354587868,12.0,0.6247216035634744,0.985,0.635,2.0,2.1,2.0,No,No,Middle,2.0,Yes,Salle 23,263.0,0.7791666666666666,1.0,1.0498779935985254,0.81,4.1
ENSPD000725,Male,21.0,Mecanique,3,0.5287713841368585,30.0,0.7015590200445435,0.652,0.674,1.0,0.4,5.3,No,Yes,Middle,0.0,No,Salle 23,212.0,0.6194444444444444,1.0,0.8536081852009075,0.663,1.4
ENSPD000726,Female,25.0,Energetique,5,0.6858475894245722,20.0,0.4265033407572383,0.799,0.777,1.0,2.4,15.9,No,No,Low,1.0,Yes,Salle 15,40.0,0.6291666666666667,1.0,1.0900715582129645,0.788,3.4
ENSPD000727,Male,20.0,Chimie,3,0.7340590979782272,17.0,0.6703786191536749,0.562,0.733,1.0,0.1,3.6,Yes,No,Middle,3.0,No,Salle 17,130.0,0.5805555555555555,1.0,1.264386236754591,0.6475,1.1
ENSPD000728,Female,22.0,Informatique,1,0.8506998444790047,10.0,0.6158129175946548,0.456,0.09699999999999999,1.0,0.4,1.0,Yes,No,Low,2.0,Yes,Salle 10,248.0,0.17083333333333334,0.0,4.9794149287593195,0.2765,1.4
ENSPD000729,Male,23.0,Mecanique,3,0.838258164852255,10.0,0.5590200445434298,0.7490000000000001,0.821,3.0,2.1,13.7,No,No,High,0.0,Yes,Salle 26,212.0,0.6958333333333333,1.0,1.2046650800499947,0.785,5.1
ENSPD000730,Male,19.0,Mecanique,1,0.7511664074650078,16.0,0.8062360801781737,0.604,0.8,3.0,1.4,31.5,Yes,No,Low,0.0,Yes,Salle 20,186.0,0.734722222222222,1.0,1.0223675847413907,0.702,4.4
ENSPD000731,Male,23.0,Electrique,1,0.7418351477449457,17.0,0.6113585746102449,0.77,0.568,1.0,3.0,13.7,Yes,Yes,Middle,2.0,Yes,Salle 8,143.0,0.5166666666666666,1.0,1.4357821740449137,0.669,4.0
ENSPD000732,Female,20.0,Chimie,1,0.8538102643856921,9.0,0.655902004454343,0.684,0.245,0.0,0.8,5.3,No,No,High,1.0,Yes,Salle 25,96.0,0.3375,0.0,2.529733235713585,0.4645,0.8
ENSPD000733,Female,24.0,Chimie,3,0.5598755832037324,28.0,0.8530066815144766,0.47700000000000004,0.688,1.0,3.5,18.0,Yes,No,Middle,0.0,Yes,Salle 14,130.0,0.5444444444444444,1.0,1.0283240203411759,0.5825,4.5
ENSPD000734,Male,20.0,GenieCivil,1,0.9999999999999999,0.0,0.4922048997772829,0.813,0.705,1.0,6.8,38.9,Yes,No,Middle,0.0,Yes,Salle 26,149.0,0.6458333333333334,1.0,1.5483631221193992,0.7589999999999999,7.8
ENSPD000735,Male,23.0,Telecom,2,0.3374805598755831,43.0,0.5601336302895323,0.616,0.552,0.0,0.8,2.9,No,No,Middle,0.0,Yes,Salle 24,161.0,0.3944444444444445,1.0,0.8555628276692274,0.5840000000000001,0.8
ENSPD000736,Male,24.0,GenieCivil,5,0.9922239502332816,0.0,1.0,0.733,0.677,1.0,0.4,3.5,Yes,No,Middle,0.0,Yes,Salle 13,70.0,0.7250000000000001,1.0,1.3685658821716686,0.7050000000000001,1.4
ENSPD000737,Male,24.0,Informatique,4,0.7122861586314152,18.0,0.6893095768374164,0.851,0.8540000000000001,1.0,0.4,9.3,No,No,Middle,1.0,Yes,Salle 18,230.0,0.7166666666666666,1.0,0.9938737952001814,0.8525,1.4
ENSPD000738,Female,23.0,Electrique,1,0.906687402799378,6.0,0.5256124721603563,0.551,1.0,1.0,1.0,4.1,Yes,No,Low,1.0,Yes,Salle 4,143.0,0.6736111111111112,1.0,1.3459901832705827,0.7755000000000001,2.0
ENSPD000739,Male,22.0,Energetique,2,0.7884914463452567,14.0,0.7438752783964365,0.828,0.669,2.0,0.1,2.0,Yes,No,Low,1.0,Yes,Salle 27,71.0,0.6583333333333332,1.0,1.1976903333295041,0.7484999999999999,2.1
ENSPD000740,Male,21.0,Chimie,3,0.7853810264385693,14.0,0.5155902004454344,0.6920000000000001,0.7070000000000001,0.0,1.4,17.3,Yes,No,Middle,2.0,Yes,Salle 4,130.0,0.5875,1.0,1.3367960144313618,0.6995,1.4
ENSPD000741,Male,25.0,Electrique,4,0.8242612752721618,11.0,0.34855233853006684,0.773,0.47500000000000003,0.0,2.6,11.5,Yes,No,Middle,1.0,Yes,Salle 15,157.0,0.4472222222222222,1.0,1.8430274794972177,0.624,2.6
ENSPD000742,Male,21.0,Electrique,1,0.8709175738724727,8.0,0.8396436525612472,0.469,0.54,3.0,1.5,13.4,Yes,No,Low,2.0,Yes,Salle 2,143.0,0.5277777777777778,1.0,1.6501283480633535,0.5045,4.5
ENSPD000743,Female,20.0,Energetique,4,0.6594090202177293,22.0,0.4265033407572383,0.659,0.613,5.0,1.4,34.3,Yes,No,Middle,4.0,Yes,Salle 12,70.0,0.4652777777777778,1.0,1.4172068378135307,0.636,6.4
ENSPD000744,Male,23.0,GenieCivil,3,0.9129082426127527,6.0,1.0,0.36700000000000005,0.876,2.0,1.2,7.5,Yes,Yes,Middle,1.0,Yes,Salle 30,185.0,0.7124999999999999,1.0,1.2812567439232472,0.6215,3.2
ENSPD000745,Male,20.0,Mecanique,3,0.5178849144634526,31.0,0.5289532293986637,0.9279999999999999,0.804,2.0,0.0,5.0,Yes,No,Low,1.0,Yes,Salle 1,212.0,0.7222222222222223,1.0,0.7170614914825908,0.866,2.0
ENSPD000746,Female,20.0,Energetique,5,0.7185069984447902,18.0,0.9665924276169264,0.616,1.0,1.0,1.3,7.1,Yes,No,Middle,1.0,No,Salle 14,40.0,0.6708333333333333,1.0,1.0710503671171963,0.808,2.3
ENSPD000747,Male,19.0,Telecom,4,0.8755832037325039,8.0,0.38195991091314035,0.556,0.342,1.0,5.3,11.5,Yes,No,Middle,1.0,No,Salle 28,121.0,0.3680555555555556,0.0,2.3788784104258403,0.44900000000000007,6.3
ENSPD000748,Male,21.0,Mecanique,4,0.9051321928460342,6.0,0.7817371937639199,0.452,0.375,0.0,0.2,6.4,No,No,Middle,3.0,Yes,Salle 18,178.0,0.35,0.0,2.58601809332886,0.4135,0.2
ENSPD000749,Female,22.0,GenieCivil,2,0.8055987558320373,12.0,0.6937639198218263,0.741,0.86,1.0,0.5,6.4,Yes,No,Middle,3.0,No,Salle 20,177.0,0.7555555555555555,1.0,1.0662195356956066,0.8005,1.5
ENSPD000750,Female,22.0,GenieCivil,3,0.6469673405909798,23.0,0.7505567928730512,0.966,0.93,1.0,2.5,11.5,Yes,No,Middle,0.0,Yes,Salle 2,185.0,0.9277777777777778,1.0,0.6973225516513976,0.948,3.5
ENSPD000751,Male,24.0,Informatique,3,0.8880248833592533,7.0,0.7717149220489978,0.738,0.647,1.0,0.7,5.3,Yes,No,Low,1.0,Yes,Salle 7,263.0,0.6166666666666666,1.0,1.4400169997663608,0.6925,1.7
ENSPD000752,Female,23.0,Energetique,2,0.5956454121306377,26.0,0.5267260579064588,1.0,0.0,0.0,2.9,18.7,No,No,Low,1.0,Yes,Salle 1,71.0,0.3138888888888889,0.0,1.8975709478904175,0.5,2.9
ENSPD000753,Female,22.0,GenieCivil,3,0.9999999999999999,0.0,0.6113585746102449,0.37200000000000005,0.49100000000000005,1.0,1.1,8.5,Yes,No,Middle,1.0,No,Salle 29,185.0,0.38611111111111107,1.0,2.589860982017732,0.43150000000000005,2.1
ENSPD000754,Male,22.0,Telecom,2,0.7045101088646967,19.0,0.601336302895323,0.386,0.7070000000000001,2.0,1.4,11.5,No,No,Low,0.0,Yes,Salle 20,161.0,0.44861111111111107,1.0,1.570390004874757,0.5465,3.4
ENSPD000755,Male,23.0,Informatique,1,0.43234836702954893,36.0,0.6469933184855233,0.459,0.46,1.0,1.6,9.7,Yes,No,High,0.0,Yes,Salle 24,248.0,0.35,0.0,1.2352457559199708,0.4595,2.6
ENSPD000756,Female,25.0,GenieCivil,2,0.7231726283048211,32.0,0.5311804008908686,0.642,0.677,1.0,0.2,9.1,No,No,Middle,0.0,Yes,Salle 24,177.0,0.5291666666666666,1.0,1.3665996138116847,0.6595,1.2
ENSPD000757,Female,22.0,Informatique,4,0.7278382581648523,18.0,0.6570155902004455,0.435,1.0,2.0,1.0,16.4,No,Yes,Middle,1.0,Yes,Salle 26,230.0,0.6347222222222223,1.0,1.1466855355423144,0.7175,3.0
ENSPD000758,Male,21.0,Chimie,5,0.7465007776049767,16.0,0.6648106904231627,0.485,0.925,1.0,0.8,0.0,Yes,No,Middle,1.0,No,Salle 17,48.0,0.6861111111111111,1.0,1.0880014701720608,0.7050000000000001,1.8
ENSPD000759,Female,20.0,Electrique,2,0.9999999999999999,0.0,0.4576837416481069,0.7320000000000001,0.802,0.0,3.3,16.5,Yes,No,Middle,2.0,Yes,Salle 5,185.0,0.5902777777777778,1.0,1.6940889471990122,0.7670000000000001,3.3
ENSPD000760,Female,19.0,Electrique,3,0.525660964230171,30.0,0.6113585746102449,0.397,0.627,1.0,2.0,19.1,Yes,No,Low,0.0,Yes,Salle 9,188.0,0.48749999999999993,1.0,1.078256782897112,0.512,3.0
ENSPD000761,Male,23.0,Informatique,1,0.7278382581648523,18.0,0.5657015590200446,0.41600000000000004,0.541,2.0,3.0,8.0,Yes,No,Low,0.0,No,Salle 29,248.0,0.3402777777777778,0.0,2.138890391297454,0.47850000000000004,5.0
ENSPD000762,Male,23.0,Informatique,4,0.5225505443234836,31.0,0.4933184855233853,0.5479999999999999,0.792,3.0,1.4,13.4,Yes,No,Middle,1.0,Yes,Salle 21,230.0,0.5444444444444444,1.0,0.9597690856517641,0.6699999999999999,4.4
ENSPD000763,Male,23.0,Informatique,3,0.6283048211508552,24.0,0.7416481069042317,0.5650000000000001,0.645,1.0,2.4,15.9,Yes,No,Middle,0.0,No,Salle 27,263.0,0.5875,1.0,1.069436811545089,0.605,3.4
ENSPD000764,Female,22.0,Mecanique,4,0.9999999999999999,0.0,0.4799554565701559,0.802,0.652,1.0,0.1,11.6,Yes,No,High,1.0,No,Salle 21,178.0,0.575,1.0,1.7391001895619207,0.7270000000000001,1.1
ENSPD000765,Male,25.0,Electrique,4,0.5085536547433903,32.0,0.5334075723830736,0.45799999999999996,0.33,1.0,0.1,11.5,Yes,Yes,Middle,1.0,No,Salle 6,157.0,0.2666666666666666,0.0,1.907004692611741,0.394,1.1
ENSPD000766,Male,21.0,Electrique,2,0.8289269051321929,11.0,0.6224944320712694,0.616,0.49700000000000005,0.0,1.4,8.9,No,No,High,2.0,Yes,Salle 24,185.0,0.4458333333333333,1.0,1.8592335987952262,0.5565,1.4
ENSPD000767,Female,24.0,Electrique,3,0.7931570762052876,13.0,0.8396436525612472,0.725,0.79,0.0,3.0,12.3,Yes,Yes,Middle,0.0,Yes,Salle 23,188.0,0.7083333333333333,1.0,1.1197353583788763,0.7575000000000001,3.0
ENSPD000768,Female,22.0,GenieCivil,5,0.7153965785381026,18.0,0.6425389755011137,0.7640000000000001,0.635,0.0,1.5,10.1,Yes,No,High,2.0,Yes,Salle 29,70.0,0.46666666666666656,1.0,1.5329598191569525,0.6995,1.5
ENSPD000769,Male,21.0,Mecanique,1,0.8164852255054432,12.0,0.6982182628062361,0.877,0.693,1.0,1.1,6.3,Yes,No,Middle,1.0,Yes,Salle 14,186.0,0.6555555555555557,1.0,1.2454669385634776,0.7849999999999999,2.1
ENSPD000770,Female,23.0,Mecanique,3,0.5038880248833592,32.0,0.5601336302895323,0.7040000000000001,0.723,3.0,4.5,20.7,Yes,No,Low,1.0,Yes,Salle 7,212.0,0.6069444444444445,1.0,0.8301908479219989,0.7135,7.5
ENSPD000771,Male,23.0,Informatique,5,0.9999999999999999,0.0,0.5968819599109131,0.643,0.635,1.0,1.4,11.5,Yes,No,Low,1.0,Yes,Salle 23,109.0,0.6055555555555555,1.0,1.651348876807539,0.639,2.4
ENSPD000772,Female,23.0,Telecom,2,0.9999999999999999,0.0,0.6024498886414253,0.7240000000000001,0.752,0.0,1.9,9.5,Yes,No,High,4.0,Yes,Salle 17,161.0,0.6888888888888889,1.0,1.4515918317314749,0.738,1.9
ENSPD000773,Male,22.0,Electrique,4,0.7293934681181958,17.0,0.6592427616926504,0.616,0.766,1.0,8.5,30.1,Yes,No,Middle,1.0,Yes,Salle 2,157.0,0.6722222222222222,1.0,1.0850319934189019,0.6910000000000001,9.5
ENSPD000774,Male,22.0,Informatique,5,0.9999999999999999,0.0,0.5612472160356348,0.5710000000000001,0.515,1.0,1.5,12.0,Yes,Yes,Low,0.0,Yes,Salle 5,109.0,0.40694444444444444,1.0,2.457277500348114,0.543,2.5
ENSPD000775,Female,27.0,Informatique,4,0.645412130637636,23.0,0.8340757238307349,0.30100000000000005,0.34600000000000003,0.0,3.1,18.3,No,No,Middle,2.0,Yes,Salle 5,230.0,0.29027777777777775,0.0,2.2233527555945343,0.3235,3.1
ENSPD000776,Male,24.0,Telecom,2,0.7947122861586314,13.0,0.5478841870824054,0.7809999999999999,0.465,2.0,1.1,12.4,No,No,Middle,1.0,Yes,Salle 10,161.0,0.4569444444444445,1.0,1.7391499214431008,0.623,3.1
ENSPD000777,Male,23.0,Chimie,2,0.7231726283048211,1.0,0.32516703786191536,0.658,0.7859999999999999,0.0,0.1,11.5,No,Yes,High,0.0,Yes,Salle 13,119.0,0.6000000000000001,1.0,1.205267626047601,0.722,0.1
ENSPD000778,Female,22.0,Electrique,1,0.6345256609642301,24.0,1.0,0.76,0.4,1.0,3.6,15.1,Yes,No,Middle,0.0,No,Salle 20,143.0,0.5902777777777778,1.0,1.07494290895365,0.5800000000000001,4.6
ENSPD000779,Female,24.0,GenieCivil,4,0.46189735614307936,35.0,0.5556792873051225,0.113,0.43200000000000005,1.0,5.8,34.3,Yes,No,Low,1.0,No,Salle 8,173.0,0.22916666666666674,0.0,2.0154641520068033,0.2725,6.8
ENSPD000780,Female,23.0,Mecanique,4,0.41990668740279935,37.0,0.8296213808463252,0.612,0.43100000000000005,2.0,1.1,8.0,No,No,Middle,1.0,Yes,Salle 8,178.0,0.5875,1.0,0.7147226215771636,0.5215000000000001,3.1
ENSPD000781,Female,22.0,Energetique,3,0.9999999999999999,0.0,0.8452115812917594,0.466,0.271,2.0,1.4,6.7,No,No,Middle,0.0,Yes,Salle 28,104.0,0.32361111111111107,0.0,3.0900332693582,0.36850000000000005,3.4
ENSPD000782,Male,21.0,Chimie,2,0.6220839813374807,24.0,0.7683741648106904,0.89,0.635,2.0,1.1,15.2,Yes,No,Low,4.0,No,Salle 24,119.0,0.5472222222222223,1.0,1.1367824409375922,0.7625,3.1
ENSPD000783,Male,22.0,Mecanique,1,0.6858475894245722,20.0,0.576837416481069,0.731,0.84,1.0,11.6,58.2,No,No,High,1.0,No,Salle 25,186.0,0.7138888888888888,1.0,0.9607069013540902,0.7855,12.6
ENSPD000784,Male,17.0,Telecom,4,0.5116640746500777,31.0,0.6581291759465479,0.662,0.49700000000000005,1.0,4.7,12.7,No,No,Middle,1.0,Yes,Salle 14,121.0,0.45833333333333337,1.0,1.1163336246847217,0.5795,5.7
ENSPD000785,Male,22.0,Chimie,4,0.8973561430793159,7.0,0.6113585746102449,0.542,0.29,1.0,0.1,1.7,Yes,No,Low,1.0,Yes,Salle 26,93.0,0.1972222222222222,1.0,4.54974411872854,0.41600000000000004,1.1
ENSPD000786,Female,21.0,Mecanique,5,0.5738724727838257,27.0,0.9432071269487752,0.691,0.538,1.0,3.0,11.5,Yes,No,Low,1.0,Yes,Salle 7,67.0,0.5722222222222223,1.0,1.0028664071995694,0.6145,4.0
ENSPD000787,Female,25.0,GenieCivil,4,0.6283048211508552,24.0,0.46770601336302897,0.45299999999999996,0.742,1.0,1.8,13.3,Yes,No,Middle,2.0,Yes,Salle 28,173.0,0.43194444444444435,1.0,1.4545626957466444,0.5974999999999999,2.8
ENSPD000788,Male,22.0,Informatique,4,0.7760497667185068,14.0,0.5679287305122495,0.6020000000000001,0.27399999999999997,1.0,0.1,8.0,Yes,No,Middle,0.0,No,Salle 12,230.0,0.25416666666666665,0.0,3.0531904320558145,0.43800000000000006,1.1
ENSPD000789,Male,20.0,Informatique,4,0.52099533437014,31.0,0.6113585746102449,0.516,0.831,1.0,1.2,19.9,No,Yes,Middle,2.0,Yes,Salle 16,230.0,0.5652777777777778,1.0,0.9216462036703549,0.6735,2.2
ENSPD000790,Female,22.0,Chimie,3,0.687402799377916,20.0,0.5924276169265034,0.616,0.635,0.0,0.3,1.8,No,No,Middle,2.0,No,Salle 7,130.0,0.5583333333333333,1.0,1.231147142519088,0.6255,0.3
ENSPD000791,Male,20.0,Mecanique,2,0.9813374805598755,1.0,0.5,0.885,0.561,0.0,4.1,22.0,No,No,Low,1.0,Yes,Salle 13,231.0,0.5402777777777777,1.0,1.816323672166249,0.7230000000000001,4.1
ENSPD000792,Female,23.0,Telecom,4,0.7993779160186624,13.0,0.8429844097995547,0.8109999999999999,0.5579999999999999,0.0,0.0,0.0,No,No,Middle,1.0,No,Salle 13,121.0,0.6805555555555556,1.0,1.1745788623788322,0.6844999999999999,0.0
ENSPD000793,Male,23.0,Energetique,3,0.7449455676516329,16.0,0.7694877505567929,0.35200000000000004,0.528,4.0,4.1,22.3,Yes,No,Low,2.0,Yes,Salle 8,104.0,0.4083333333333333,1.0,1.8243118151840352,0.44000000000000006,8.1
ENSPD000794,Female,24.0,Informatique,2,0.76049766718507,15.0,0.6636971046770601,0.7759999999999999,0.627,1.0,5.7,34.4,Yes,No,Middle,0.0,Yes,Salle 4,298.0,0.6444444444444444,1.0,1.1800642756691069,0.7015,6.7
ENSPD000795,Male,20.0,GenieCivil,1,0.6469673405909798,23.0,0.5434298440979956,0.654,0.7959999999999999,1.0,0.2,0.0,Yes,No,Middle,7.0,Yes,Salle 26,149.0,0.5375,1.0,1.2036377752804226,0.725,1.2
ENSPD000796,Female,22.0,Chimie,2,0.9999999999999999,0.0,0.7884187082405345,0.84,0.632,0.0,1.4,9.3,No,Yes,High,2.0,Yes,Salle 14,119.0,0.7013888888888888,1.0,1.4257222471283577,0.736,1.4
ENSPD000797,Female,19.0,Chimie,3,0.5692068429237945,28.0,0.532293986636971,0.6779999999999999,0.519,1.0,1.6,14.5,Yes,No,Middle,2.0,Yes,Salle 29,130.0,0.4916666666666667,1.0,1.1576852869239158,0.5985,2.6
ENSPD000798,Male,23.0,Chimie,2,0.7589424572317262,16.0,0.8730512249443206,0.619,0.731,1.0,6.2,33.0,No,No,Low,2.0,No,Salle 16,119.0,0.7375,1.0,1.0290605649167146,0.675,7.2
ENSPD000799,Female,23.0,Mecanique,2,0.7418351477449457,17.0,0.6291759465478842,0.662,0.6809999999999999,1.0,3.2,14.5,Yes,No,Low,1.0,No,Salle 16,231.0,0.5944444444444444,1.0,1.2479259843674615,0.6715,4.2
ENSPD000800,Female,23.0,GenieCivil,3,0.9082426127527216,6.0,0.8151447661469934,0.295,0.506,0.0,2.4,17.9,Yes,No,Middle,2.0,Yes,Salle 8,185.0,0.4125,1.0,2.201746897657564,0.40049999999999997,2.4
ENSPD000801,Female,22.0,Electrique,1,0.9253499222395024,5.0,0.5913140311804008,0.48200000000000004,0.635,2.0,5.2,31.0,Yes,No,Middle,0.0,Yes,Salle 2,143.0,0.4986111111111111,1.0,1.855817777505414,0.5585,7.2
ENSPD000802,Male,23.0,Energetique,4,0.7138413685847588,18.0,0.6224944320712694,0.616,0.49,1.0,0.3,8.4,Yes,Yes,Middle,1.0,No,Salle 20,70.0,0.48749999999999993,1.0,1.4642599507389773,0.5529999999999999,1.3
ENSPD000803,Male,25.0,Mecanique,3,0.7744945567651632,14.0,0.8151447661469934,0.8250000000000001,0.467,1.0,1.4,14.4,No,No,Middle,1.0,No,Salle 27,212.0,0.65,1.0,1.191511756380922,0.646,2.4
ENSPD000804,Female,21.0,Telecom,3,0.7807153965785382,14.0,0.9766146993318485,0.521,0.8009999999999999,1.0,3.7,21.1,Yes,No,Low,3.0,No,Salle 26,154.0,0.6944444444444444,1.0,1.1242139823917485,0.661,4.7
ENSPD000805,Male,22.0,Mecanique,1,0.7231726283048211,45.0,0.8708240534521159,0.613,0.7290000000000001,2.0,0.2,4.8,Yes,No,Low,0.0,Yes,Salle 11,186.0,0.5791666666666667,1.0,1.2486218280630914,0.671,2.2
ENSPD000806,Female,20.0,Energetique,2,0.4230171073094867,37.0,0.757238307349666,0.332,0.794,2.0,5.5,28.1,No,No,Middle,2.0,No,Salle 11,71.0,0.5513888888888888,1.0,0.7671707648194555,0.5630000000000001,7.5
ENSPD000807,Female,20.0,Electrique,2,0.6065318818040436,25.0,0.6113585746102449,0.883,0.767,1.0,1.4,19.2,Yes,Yes,Middle,0.0,Yes,Salle 1,185.0,0.7361111111111112,1.0,0.8239566460586033,0.825,2.4
ENSPD000808,Female,22.0,GenieCivil,4,0.6158631415241057,25.0,0.5256124721603563,0.8200000000000001,0.46299999999999997,0.0,1.2,3.4,Yes,No,Middle,0.0,Yes,Salle 21,173.0,0.475,1.0,1.2965266868573413,0.6415,1.2
ENSPD000809,Male,24.0,Electrique,4,0.4961119751166406,32.0,0.6592427616926504,0.737,0.84,0.0,0.8,9.3,Yes,No,Low,2.0,No,Salle 11,157.0,0.7638888888888888,1.0,0.6494471746624068,0.7885,0.8
ENSPD000810,Male,21.0,Mecanique,2,0.8600311041990668,9.0,0.4576837416481069,0.693,0.58,2.0,0.3,5.7,No,No,High,1.0,Yes,Salle 23,231.0,0.4527777777777777,1.0,1.8994132492267906,0.6365,2.3
ENSPD000811,Other,22.0,Mecanique,3,0.7200622083981337,18.0,0.6726057906458797,0.899,0.826,0.0,0.2,3.7,Yes,No,Low,2.0,No,Salle 28,212.0,0.6930555555555555,1.0,1.0389525242254147,0.8625,0.2
ENSPD000812,Female,21.0,Informatique,2,0.7231726283048211,21.0,0.6837416481069042,0.47500000000000003,0.615,1.0,1.1,4.9,Yes,No,Low,0.0,No,Salle 4,298.0,0.5111111111111111,1.0,1.4148752860799225,0.545,2.1
ENSPD000813,Male,21.0,Informatique,5,0.48522550544323495,33.0,0.2828507795100223,0.456,0.703,0.0,3.7,12.3,Yes,No,Middle,1.0,Yes,Salle 2,109.0,0.3388888888888889,0.0,1.4317707179096728,0.5795,3.7
ENSPD000814,Female,23.0,Mecanique,5,0.7231726283048211,18.0,0.6169265033407572,0.8109999999999999,0.7090000000000001,1.0,1.5,8.9,No,No,Low,1.0,Yes,Salle 20,67.0,0.6527777777777778,1.0,1.1078219490668892,0.76,2.5
ENSPD000815,Female,19.0,Chimie,3,0.23017107309486773,50.0,0.6792873051224945,0.799,0.8029999999999999,4.0,1.2,7.4,Yes,No,Middle,3.0,Yes,Salle 28,130.0,0.7486111111111111,1.0,0.3074600350947163,0.8009999999999999,5.2
ENSPD000816,Male,25.0,Electrique,3,0.6889580093312596,20.0,0.5957683741648108,0.405,0.313,1.0,0.8,12.0,Yes,No,Middle,2.0,Yes,Salle 22,188.0,0.1791666666666667,0.0,3.845132416783767,0.359,1.8
ENSPD000817,Female,21.0,Informatique,4,0.7325038880248832,17.0,0.6703786191536749,0.524,0.325,0.0,0.3,10.7,Yes,No,Middle,4.0,No,Salle 9,230.0,0.3208333333333333,0.0,2.2830578413915927,0.4245,0.3
ENSPD000818,Male,23.0,Telecom,4,0.7231726283048211,15.0,0.38641425389755013,0.616,0.774,0.0,9.2,38.4,Yes,No,Low,1.0,Yes,Salle 11,121.0,0.7,1.0,1.03308899630694,0.6950000000000001,9.2
ENSPD000819,Male,19.0,Electrique,3,0.4276827371695179,37.0,0.48106904231625836,0.6940000000000001,0.711,0.0,0.1,2.0,Yes,No,Low,2.0,No,Salle 5,188.0,0.5888888888888888,1.0,0.726241372226823,0.7025,0.1
ENSPD000820,Male,23.0,Energetique,5,0.7620528771384137,15.0,0.7828507795100222,0.762,0.485,1.0,0.7,5.6,No,Yes,High,0.0,Yes,Salle 10,40.0,0.5486111111111112,1.0,1.3890330898769894,0.6234999999999999,1.7
ENSPD000821,Female,23.0,Electrique,3,0.7231726283048211,30.0,0.6102449888641426,0.41100000000000003,0.713,0.0,2.9,21.1,No,Yes,Middle,1.0,No,Salle 9,188.0,0.47916666666666674,1.0,1.509198336670861,0.562,2.9
ENSPD000822,Male,23.0,Informatique,3,0.5692068429237945,28.0,0.6670378619153674,0.738,0.358,3.0,1.5,11.5,Yes,No,Middle,1.0,Yes,Salle 3,263.0,0.4569444444444445,1.0,1.2456533683917312,0.548,4.5
ENSPD000823,Male,20.0,GenieCivil,4,0.8538102643856921,9.0,0.5189309576837416,0.364,1.0,1.0,0.8,16.1,Yes,No,Middle,2.0,Yes,Salle 3,173.0,0.6194444444444444,1.0,1.3783261578685242,0.6819999999999999,1.8
ENSPD000824,Male,22.0,Electrique,3,0.9999999999999999,0.0,0.6135857461024499,0.264,0.902,2.0,9.9,45.1,Yes,No,High,2.0,Yes,Salle 4,188.0,0.5263888888888889,1.0,1.8997000584685462,0.583,11.9
ENSPD000825,Male,20.0,Informatique,4,0.7293934681181958,17.0,0.22605790645879736,0.751,0.7640000000000001,1.0,1.9,14.4,Yes,No,Middle,2.0,No,Salle 7,230.0,0.5166666666666666,1.0,1.4117019698680593,0.7575000000000001,2.9
ENSPD000826,Female,21.0,Informatique,2,0.567651632970451,28.0,0.7516703786191538,0.878,0.655,2.0,0.7,5.9,No,No,Middle,2.0,No,Salle 16,298.0,0.6611111111111111,1.0,0.8586197346147805,0.7665,2.7
ENSPD000827,Male,24.0,Informatique,2,0.7558320373250388,16.0,0.9120267260579065,0.574,0.516,3.0,1.4,26.7,Yes,Yes,Middle,1.0,Yes,Salle 16,298.0,0.5847222222222221,1.0,1.2926122566883134,0.5449999999999999,4.4
ENSPD000828,Male,24.0,Mecanique,1,0.8958009331259719,7.0,0.43207126948775054,0.522,0.378,1.0,0.3,11.5,Yes,No,Middle,1.0,Yes,Salle 28,186.0,0.24722222222222223,0.0,3.6233178874264618,0.45,1.3
ENSPD000829,Female,22.0,GenieCivil,3,0.8367029548989114,10.0,0.45322939866369716,0.9279999999999999,0.617,2.0,1.2,7.9,Yes,Yes,Middle,2.0,No,Salle 7,185.0,0.575,1.0,1.4551102674717162,0.7725,3.2
ENSPD000830,Male,20.0,GenieCivil,2,0.9999999999999999,0.0,0.6837416481069042,0.585,0.635,1.0,3.7,14.5,Yes,No,Middle,0.0,Yes,Salle 18,177.0,0.4388888888888889,1.0,2.278429099083818,0.61,4.7
ENSPD000831,Male,23.0,Informatique,5,0.5863141524105754,27.0,0.856347438752784,0.608,0.48,1.0,8.2,40.5,Yes,No,Middle,2.0,No,Salle 13,109.0,0.5333333333333333,1.0,1.0993184235493874,0.544,9.2
ENSPD000832,Male,22.0,Electrique,3,0.7667185069984447,15.0,0.6102449888641426,0.925,0.35700000000000004,2.0,1.4,6.4,Yes,No,High,0.0,Yes,Salle 12,188.0,0.5347222222222222,1.0,1.4338363673169754,0.641,3.4
ENSPD000833,Male,17.0,Electrique,4,0.9999999999999999,0.0,0.4053452115812918,0.556,0.6900000000000001,2.0,0.3,5.5,No,No,Low,2.0,Yes,Salle 29,157.0,0.49444444444444435,1.0,2.0224310070133416,0.623,2.3
ENSPD000834,Male,24.0,Mecanique,2,0.9968895800933125,0.0,0.5757238307349666,0.502,0.5650000000000001,2.0,1.7,8.1,Yes,No,Low,1.0,Yes,Salle 20,231.0,0.5208333333333334,1.0,1.9139912451472532,0.5335000000000001,3.7
ENSPD000835,Male,22.0,Informatique,4,0.35614307931570766,41.0,0.43875278396436523,0.767,0.747,3.0,1.4,11.5,No,No,Low,1.0,No,Salle 13,177.0,0.5347222222222222,1.0,0.6660213552040314,0.757,4.4
ENSPD000836,Male,24.0,Informatique,3,0.7200622083981337,18.0,0.49888641425389757,0.49200000000000005,0.731,2.0,2.2,11.4,Yes,No,Middle,1.0,No,Salle 24,263.0,0.4555555555555555,1.0,1.5805896640276687,0.6115,4.2
ENSPD000837,Female,20.0,Mecanique,3,0.9968895800933125,0.0,0.5590200445434298,0.616,0.6859999999999999,0.0,1.8,11.9,Yes,No,Middle,1.0,Yes,Salle 4,212.0,0.5291666666666666,1.0,1.8838502203296557,0.651,1.8
ENSPD000838,Male,17.0,Informatique,2,0.9999999999999999,0.0,0.455456570155902,0.383,1.0,1.0,0.7,3.0,Yes,No,Low,1.0,Yes,Salle 24,298.0,0.5708333333333333,1.0,1.7517941291539418,0.6915,1.7
ENSPD000839,Female,23.0,Mecanique,3,0.8506998444790047,10.0,0.4799554565701559,0.653,0.805,2.0,1.9,11.6,Yes,No,Middle,1.0,No,Salle 22,212.0,0.5930555555555557,1.0,1.4344111481606945,0.7290000000000001,3.9
ENSPD000840,Female,23.0,Electrique,3,0.6516329704510108,22.0,0.6224944320712694,0.632,0.38799999999999996,1.0,1.4,19.3,Yes,No,Middle,0.0,No,Salle 28,188.0,0.34444444444444444,0.0,1.891782733423577,0.51,2.4
ENSPD000841,Male,19.0,GenieCivil,3,0.5318818040435459,30.0,0.645879732739421,0.616,0.7320000000000001,3.0,0.9,8.1,Yes,No,Middle,1.0,Yes,Salle 30,185.0,0.6569444444444444,1.0,0.8096174834365165,0.674,3.9
ENSPD000842,Female,20.0,Mecanique,5,0.9999999999999999,0.0,0.3719376391982183,0.774,0.629,1.0,0.6,11.1,Yes,No,Low,0.0,No,Salle 12,67.0,0.5472222222222223,1.0,1.827377773807179,0.7015,1.6
ENSPD000843,Male,28.0,Mecanique,4,0.8553654743390359,9.0,0.6759465478841872,0.7190000000000001,0.37200000000000005,0.0,1.3,11.0,Yes,No,High,2.0,Yes,Salle 28,178.0,0.475,1.0,1.8007315095240857,0.5455000000000001,1.3
ENSPD000844,Female,21.0,Electrique,5,0.5614307931570762,28.0,0.5467706013363028,0.691,0.35600000000000004,2.0,0.9,6.2,Yes,Yes,Middle,1.0,Yes,Salle 5,80.0,0.4361111111111111,1.0,1.2873277143743673,0.5235,2.9
ENSPD000845,Male,23.0,Telecom,3,0.6827371695178849,20.0,0.7305122494432071,0.6070000000000001,0.635,1.0,1.3,10.0,No,No,Middle,1.0,Yes,Salle 25,154.0,0.6972222222222222,1.0,0.9792105811487907,0.621,2.3
ENSPD000846,Male,21.0,Chimie,5,0.7776049766718508,14.0,0.7405345211581292,0.73,0.78,0.0,0.2,8.2,Yes,No,High,1.0,No,Salle 2,48.0,0.7083333333333333,1.0,1.0977797631165456,0.755,0.2
ENSPD000847,Male,18.0,Electrique,4,0.7231726283048211,12.0,0.5189309576837416,0.42,0.43100000000000005,1.0,0.8,11.0,Yes,No,Low,1.0,Yes,Salle 8,157.0,0.36249999999999993,0.0,1.9949039428010846,0.4255,1.8
ENSPD000848,Other,22.0,Mecanique,2,0.5520995334370139,29.0,0.7126948775055679,0.197,0.8340000000000001,1.0,3.5,19.8,Yes,No,Middle,0.0,Yes,Salle 25,231.0,0.4375,1.0,1.261912946988672,0.5155000000000001,4.5
ENSPD000849,Male,21.0,Mecanique,2,0.6049766718506998,25.0,0.46993318485523383,0.8290000000000001,0.6970000000000001,5.0,1.0,16.2,Yes,No,Middle,0.0,Yes,Salle 24,231.0,0.6666666666666667,1.0,0.9074513960051096,0.7630000000000001,6.0
ENSPD000850,Female,21.0,Telecom,2,0.41213063763608093,38.0,0.8318485523385302,0.741,0.8790000000000001,1.0,6.9,29.1,No,Yes,Low,0.0,Yes,Salle 5,161.0,0.7694444444444444,1.0,0.5356140842537395,0.81,7.9
ENSPD000851,Male,22.0,Informatique,1,0.9144634525660965,6.0,0.4766146993318485,0.5970000000000001,0.858,0.0,2.5,17.1,Yes,No,Middle,2.0,Yes,Salle 8,248.0,0.6333333333333333,1.0,1.443866864048615,0.7275,2.5
ENSPD000852,Female,23.0,Energetique,1,0.6562986003110421,22.0,0.6692650334075724,0.813,0.608,2.0,0.9,8.3,Yes,No,Low,0.0,Yes,Salle 15,83.0,0.5805555555555555,1.0,1.1304470167594014,0.7104999999999999,2.9
ENSPD000853,Male,22.0,Electrique,1,0.8071539657853809,12.0,0.579064587973274,0.616,0.9670000000000001,1.0,0.6,11.5,Yes,No,Low,1.0,No,Salle 18,143.0,0.6902777777777778,1.0,1.169300676862376,0.7915000000000001,1.6
ENSPD000854,Female,19.0,Electrique,4,0.9860031104199066,1.0,0.4398663697104678,0.493,0.41500000000000004,4.0,2.3,14.2,No,No,Middle,1.0,No,Salle 12,157.0,0.3305555555555556,0.0,2.982776317280875,0.454,6.3
ENSPD000855,Male,23.0,Informatique,2,0.76049766718507,15.0,0.7605790645879733,0.46799999999999997,1.0,0.0,0.7,16.1,Yes,Yes,High,1.0,Yes,Salle 9,298.0,0.7722222222222221,1.0,0.9848043701111253,0.734,0.7
ENSPD000856,Male,18.0,Electrique,2,0.6982892690513217,19.0,0.5077951002227171,0.7220000000000001,0.46399999999999997,1.0,5.2,26.2,No,No,Middle,2.0,No,Salle 2,185.0,0.4305555555555556,1.0,1.6217954735146525,0.593,6.2
ENSPD000857,Male,18.0,GenieCivil,4,0.7558320373250388,16.0,0.32628062360801785,0.335,0.63,1.0,0.2,8.7,No,No,Middle,0.0,No,Salle 1,173.0,0.30694444444444435,0.0,2.4623589949740463,0.48250000000000004,1.2
ENSPD000858,Male,23.0,Informatique,4,0.7325038880248832,17.0,0.6113585746102449,0.48200000000000004,0.635,3.0,0.1,4.6,No,Yes,Low,0.0,No,Salle 21,230.0,0.2319444444444444,0.0,3.157964443316911,0.5585,3.1
ENSPD000859,Male,23.0,Mecanique,5,0.9533437013996889,3.0,0.46436525612472157,0.672,0.5650000000000001,0.0,0.5,8.4,Yes,Yes,Low,1.0,Yes,Salle 7,67.0,0.5319444444444444,1.0,1.7921529021067386,0.6185,0.5
ENSPD000860,Male,22.0,Telecom,3,0.7776049766718508,14.0,0.8396436525612472,0.40299999999999997,1.0,2.0,1.9,11.5,Yes,Yes,Middle,1.0,Yes,Salle 10,154.0,0.6708333333333333,1.0,1.1591454189580044,0.7015,3.9
ENSPD000861,Female,19.0,GenieCivil,2,0.6189735614307931,24.0,0.8207126948775056,0.616,0.547,1.0,3.6,21.1,Yes,No,Middle,1.0,Yes,Salle 20,177.0,0.5472222222222223,1.0,1.1310985287329038,0.5815,4.6
ENSPD000862,Male,21.0,GenieCivil,2,0.9160186625194401,5.0,0.489977728285078,0.222,0.81,0.0,0.4,0.0,Yes,No,Low,2.0,Yes,Salle 19,177.0,0.48611111111111116,1.0,1.8843424849945851,0.516,0.4
ENSPD000863,Male,21.0,Informatique,2,0.9502332814930016,3.0,0.5478841870824054,0.7290000000000001,0.593,0.0,1.8,10.0,No,No,Middle,1.0,No,Salle 28,298.0,0.625,1.0,1.5203489248060058,0.661,1.8
ENSPD000864,Male,19.0,Chimie,1,0.4696734059097979,34.0,0.532293986636971,0.49600000000000005,0.8270000000000001,0.0,0.3,3.4,Yes,No,Middle,3.0,Yes,Salle 11,96.0,0.5652777777777778,1.0,0.8308571746520811,0.6615000000000001,0.3
ENSPD000865,Male,21.0,Electrique,2,0.9999999999999999,0.0,0.38752783964365256,0.42200000000000004,0.531,2.0,1.7,19.4,Yes,No,Low,1.0,Yes,Salle 20,185.0,0.29861111111111116,0.0,3.3487250659512786,0.47650000000000003,3.7
ENSPD000866,Male,23.0,Electrique,5,0.7884914463452567,14.0,0.6113585746102449,0.387,0.691,0.0,0.0,2.1,Yes,No,Middle,1.0,Yes,Salle 26,80.0,0.4472222222222222,1.0,1.763047041707716,0.5389999999999999,0.0
ENSPD000867,Male,25.0,GenieCivil,1,0.7729393468118196,15.0,0.7739420935412027,0.545,0.766,1.0,1.6,9.5,Yes,No,Low,1.0,Yes,Salle 2,149.0,0.7152777777777779,1.0,1.0805991250306988,0.6555,2.6
ENSPD000868,Male,21.0,GenieCivil,1,0.9082426127527216,6.0,0.6948775055679287,0.336,0.49600000000000005,2.0,1.5,8.0,No,No,Middle,1.0,Yes,Salle 1,149.0,0.4,1.0,2.2705497681376,0.41600000000000004,3.5
ENSPD000869,Female,24.0,Electrique,1,0.6143079315707621,25.0,0.655902004454343,0.97,1.0,2.0,0.1,7.0,Yes,Yes,Middle,2.0,Yes,Salle 22,143.0,0.8638888888888889,1.0,0.7110877667186951,0.985,2.1
ENSPD000870,Female,18.0,Mecanique,4,0.8973561430793159,7.0,0.38752783964365256,0.19100000000000003,0.7759999999999999,1.0,2.3,12.9,No,Yes,High,0.0,No,Salle 28,178.0,0.4541666666666666,1.0,1.9757865362509068,0.4835,3.3
ENSPD000871,Male,23.0,Energetique,2,0.6500777604976672,22.0,0.6269487750556793,0.539,0.595,0.0,1.7,10.0,No,Yes,Middle,2.0,Yes,Salle 3,71.0,0.41666666666666674,1.0,1.5601491816140423,0.567,1.7
ENSPD000872,Male,20.0,Electrique,2,0.4447900466562985,36.0,0.22494432071269488,0.639,0.501,2.0,2.0,21.6,No,No,Middle,2.0,Yes,Salle 10,185.0,0.2944444444444444,0.0,1.5105564037095673,0.5700000000000001,4.0
ENSPD000873,Female,23.0,Mecanique,1,0.5334370139968895,30.0,0.6113585746102449,0.48,0.658,3.0,1.5,11.6,Yes,No,Middle,2.0,Yes,Salle 22,186.0,0.5916666666666666,1.0,0.9015684478519624,0.569,4.5
ENSPD000874,Male,22.0,GenieCivil,2,0.8258164852255053,11.0,0.6536748329621381,0.658,0.397,3.0,2.6,18.1,No,No,Middle,1.0,No,Salle 17,177.0,0.4,1.0,2.0644896008237423,0.5275000000000001,5.6
ENSPD000875,Male,25.0,Chimie,1,0.5443234836702956,29.0,0.38530066815144765,0.47600000000000003,0.996,0.0,1.5,12.6,Yes,No,Middle,2.0,Yes,Salle 27,96.0,0.6319444444444444,1.0,0.8613334211911655,0.736,1.5
ENSPD000876,Male,20.0,Informatique,3,0.9999999999999999,0.0,0.8797327394209354,0.895,0.726,0.0,5.1,22.0,Yes,No,Middle,0.0,Yes,Salle 11,263.0,0.7458333333333333,1.0,1.3407641461790456,0.8105,5.1
ENSPD000877,Female,23.0,Mecanique,1,0.942457231726283,4.0,0.31069042316258355,0.419,0.622,3.0,5.7,25.5,Yes,No,Middle,1.0,Yes,Salle 6,186.0,0.38750000000000007,1.0,2.4320849312954063,0.5205,8.7
ENSPD000878,Female,21.0,Electrique,4,0.968895800933126,2.0,0.6993318485523385,0.197,0.8490000000000001,3.0,2.6,10.9,Yes,No,Middle,1.0,Yes,Salle 18,157.0,0.5708333333333333,1.0,1.6973059758365567,0.523,5.6
ENSPD000879,Male,22.0,Mecanique,3,0.7433903576982893,16.0,0.7026726057906458,0.386,0.49600000000000005,1.0,4.9,19.7,Yes,No,Middle,1.0,Yes,Salle 7,212.0,0.35277777777777775,0.0,2.107188526714079,0.44100000000000006,5.9
ENSPD000880,Male,22.0,Chimie,4,0.7682737169517885,15.0,0.4031180400890869,0.6900000000000001,0.409,0.0,5.1,25.5,Yes,No,Middle,1.0,Yes,Salle 5,93.0,0.37083333333333335,0.0,2.071693483191793,0.5495,5.1
ENSPD000881,Male,20.0,Informatique,2,0.4976671850699844,32.0,0.6113585746102449,0.599,0.614,0.0,0.6,7.8,No,No,Middle,3.0,Yes,Salle 13,298.0,0.4375,1.0,1.1374989944686622,0.6065,0.6
ENSPD000882,Female,22.0,Chimie,2,0.9051321928460342,6.0,0.3363028953229399,0.755,0.6659999999999999,1.0,10.2,45.3,No,No,Middle,0.0,Yes,Salle 29,119.0,0.47916666666666674,1.0,1.8889321117041746,0.7104999999999999,11.2
ENSPD000883,Male,22.0,Informatique,1,0.7916018662519438,13.0,0.13474387527839643,0.71,0.746,3.0,0.6,8.9,No,No,High,1.0,No,Salle 22,248.0,0.4652777777777778,1.0,1.7013166991676583,0.728,3.6
ENSPD000884,Male,22.0,Informatique,3,0.8258164852255053,11.0,0.43207126948775054,0.505,0.34500000000000003,0.0,1.4,4.3,Yes,Yes,Middle,2.0,Yes,Salle 26,263.0,0.35138888888888886,0.0,2.350082801447405,0.42500000000000004,1.4
ENSPD000885,Female,22.0,Telecom,3,0.9999999999999999,0.0,0.5077951002227171,0.532,0.549,2.0,6.6,36.4,Yes,No,Middle,0.0,Yes,Salle 3,154.0,0.4916666666666667,1.0,2.0338569385029452,0.5405,8.6
ENSPD000886,Male,24.0,Electrique,2,0.6065318818040436,25.0,0.7182628062360802,0.551,0.023,1.0,0.5,5.0,Yes,No,Low,2.0,Yes,Salle 7,185.0,0.15416666666666662,0.0,3.9340056761985847,0.28700000000000003,1.5
ENSPD000887,Female,24.0,Mecanique,4,0.6967340590979781,20.0,0.6213808463251671,0.9590000000000001,0.40399999999999997,1.0,1.8,16.1,No,No,Low,0.0,No,Salle 10,178.0,0.5819444444444444,1.0,1.1972312708481962,0.6815,2.8
ENSPD000888,Male,20.0,Mecanique,4,0.7807153965785382,14.0,0.6258351893095769,0.7440000000000001,0.783,1.0,7.1,36.4,Yes,Yes,Middle,0.0,Yes,Salle 5,178.0,0.623611111111111,1.0,1.2519066187280463,0.7635000000000001,8.1
ENSPD000889,Male,24.0,Electrique,4,0.5458786936236392,29.0,0.4409799554565701,0.961,0.8320000000000001,0.0,0.1,0.0,No,Yes,Middle,2.0,Yes,Salle 23,157.0,0.7583333333333333,1.0,0.7198305432767558,0.8965000000000001,0.1
ENSPD000890,Male,20.0,GenieCivil,1,0.6842923794712287,20.0,0.5211581291759466,0.7709999999999999,0.41200000000000003,1.0,0.6,1.4,No,No,Middle,0.0,Yes,Salle 20,149.0,0.3916666666666666,1.0,1.7470848730787183,0.5914999999999999,1.6
ENSPD000891,Female,23.0,Energetique,3,0.8118195956454123,12.0,0.455456570155902,0.616,0.5750000000000001,3.0,1.9,5.7,Yes,Yes,Low,1.0,No,Salle 2,104.0,0.4930555555555556,1.0,1.6464739556400456,0.5955,4.9
ENSPD000892,Female,23.0,Energetique,1,0.6594090202177293,22.0,0.4053452115812918,0.43700000000000006,0.645,1.0,2.9,17.8,Yes,No,High,1.0,Yes,Salle 4,83.0,0.3680555555555556,0.0,1.7915531900897976,0.541,3.9
ENSPD000893,Female,18.0,Electrique,3,0.9642301710730948,2.0,0.5111358574610245,0.6559999999999999,0.856,4.0,3.3,13.9,Yes,No,Middle,0.0,Yes,Salle 13,188.0,0.575,1.0,1.6768928732945427,0.756,7.3
ENSPD000894,Male,22.0,GenieCivil,2,0.4385692068429238,36.0,0.6224944320712694,0.609,0.946,0.0,4.3,26.4,Yes,No,Low,0.0,No,Salle 10,177.0,0.6708333333333333,1.0,0.6537580162923144,0.7775,4.3
ENSPD000895,Female,21.0,GenieCivil,1,0.9300155520995333,4.0,0.5144766146993318,0.603,0.6709999999999999,1.0,0.4,2.2,No,No,Middle,1.0,Yes,Salle 18,149.0,0.5069444444444444,0.0,1.8345150383654463,0.637,1.4
ENSPD000896,Male,20.0,Electrique,4,0.8429237947122862,10.0,0.5556792873051225,0.5820000000000001,0.588,1.0,0.9,9.3,No,No,Middle,2.0,Yes,Salle 20,157.0,0.5166666666666666,1.0,1.6314338329818514,0.585,1.9
ENSPD000897,Male,25.0,Informatique,3,0.6143079315707621,25.0,0.7260579064587974,0.251,0.635,1.0,2.5,10.9,Yes,No,High,1.0,No,Salle 1,263.0,0.2305555555555555,0.0,2.6643525746530803,0.443,3.5
ENSPD000898,Female,21.0,Mecanique,2,0.547433903576983,29.0,0.5267260579064588,0.8470000000000001,0.635,0.0,2.5,11.5,No,No,Middle,1.0,Yes,Salle 23,231.0,0.6458333333333334,1.0,0.8476264680964676,0.7410000000000001,2.5
ENSPD000899,Male,20.0,Informatique,1,0.3312597200622084,43.0,0.38752783964365256,0.611,1.0,0.0,0.7,6.5,Yes,No,Low,0.0,Yes,Salle 12,248.0,0.6986111111111111,1.0,0.4741621957792852,0.8055,0.7
ENSPD000900,Male,22.0,Informatique,3,0.5723172628304821,28.0,0.7048997772828508,0.365,0.898,1.0,1.4,6.0,No,No,High,2.0,Yes,Salle 13,263.0,0.5583333333333333,1.0,1.0250274851742633,0.6315,2.4
ENSPD000901,Male,23.0,Informatique,5,0.9160186625194401,5.0,0.6547884187082406,0.7070000000000001,0.675,4.0,0.8,5.4,Yes,No,High,0.0,No,Salle 4,109.0,0.6083333333333333,1.0,1.50575935056318,0.6910000000000001,4.8
ENSPD000902,Male,22.0,GenieCivil,3,0.7091757387247278,19.0,0.6648106904231627,0.466,0.701,1.0,4.5,18.6,Yes,No,Low,1.0,Yes,Salle 6,185.0,0.6152777777777778,1.0,1.1525919485773686,0.5835,5.5
ENSPD000903,Male,24.0,Chimie,5,0.9377916018662519,4.0,0.7149220489977729,0.721,0.502,1.0,4.8,11.5,No,No,Low,0.0,Yes,Salle 9,48.0,0.5791666666666667,1.0,1.6191805641334283,0.6114999999999999,5.8
ENSPD000904,Female,23.0,GenieCivil,1,0.6049766718506998,25.0,0.6859688195991092,0.779,0.569,1.0,0.0,2.3,Yes,No,Middle,2.0,No,Salle 5,149.0,0.5569444444444444,1.0,1.0862229000688866,0.6739999999999999,1.0
ENSPD000905,Male,18.0,Mecanique,3,0.8522550544323483,10.0,0.6146993318485524,0.804,0.67,0.0,0.8,17.8,Yes,No,Middle,0.0,Yes,Salle 14,212.0,0.6555555555555557,1.0,1.300030252062449,0.7370000000000001,0.8
ENSPD000906,Female,21.0,Informatique,4,0.5863141524105754,27.0,1.0,0.5910000000000001,0.67,1.0,1.0,15.4,No,No,Middle,3.0,Yes,Salle 2,230.0,0.65,1.0,0.9020078958947946,0.6305000000000001,2.0
ENSPD000907,Female,21.0,Electrique,3,0.5396578538102644,30.0,0.3953229398663698,0.546,0.8420000000000001,1.0,8.1,36.3,Yes,Yes,Middle,1.0,Yes,Salle 18,188.0,0.5166666666666666,1.0,1.0444788561710376,0.6940000000000001,9.1
ENSPD000908,Male,23.0,Mecanique,1,0.6998444790046657,19.0,0.512249443207127,0.507,0.8320000000000001,2.0,1.4,26.6,No,No,Low,0.0,Yes,Salle 16,186.0,0.5527777777777778,1.0,1.2660274107688487,0.6695,3.4
ENSPD000909,Male,17.0,Electrique,3,0.5956454121306377,26.0,0.7717149220489978,0.49,0.7440000000000001,3.0,2.0,11.5,No,No,Middle,3.0,Yes,Salle 9,188.0,0.5972222222222222,1.0,0.997343060148898,0.617,5.0
ENSPD000910,Male,27.0,Energetique,3,0.43234836702954893,36.0,0.6113585746102449,0.617,0.44,2.0,1.4,11.4,Yes,No,Low,2.0,Yes,Salle 30,104.0,0.4458333333333333,1.0,0.9697315956192735,0.5285,3.4
ENSPD000911,Female,23.0,Informatique,4,0.6858475894245722,20.0,0.7371937639198219,0.5820000000000001,0.44799999999999995,1.0,0.4,15.0,Yes,No,Middle,0.0,Yes,Salle 21,230.0,0.513888888888889,1.0,1.3345963656536737,0.515,1.4
ENSPD000912,Male,22.0,Informatique,4,0.7402799377916017,17.0,0.6380846325167038,0.47100000000000003,0.462,0.0,1.1,1.5,Yes,Yes,Middle,0.0,No,Salle 24,230.0,0.4111111111111111,1.0,1.8006371304818034,0.4665,1.1
ENSPD000913,Female,24.0,GenieCivil,4,0.9564541213063763,3.0,0.8396436525612472,0.414,0.687,1.0,6.4,35.9,Yes,No,Low,1.0,Yes,Salle 21,173.0,0.5597222222222222,1.0,1.7087708788840272,0.5505,7.4
ENSPD000914,Male,27.0,Energetique,3,0.8942457231726283,7.0,0.44209354120267264,0.6,0.23500000000000001,1.0,0.2,4.6,Yes,No,Middle,0.0,Yes,Salle 2,104.0,0.31944444444444453,0.0,2.7992902860618805,0.4175,1.2
ENSPD000915,Male,24.0,Chimie,1,0.947122861586314,3.0,0.8340757238307349,0.542,0.639,0.0,3.1,14.1,Yes,No,Middle,1.0,Yes,Salle 20,96.0,0.6569444444444444,1.0,1.4416872731369546,0.5905,3.1
ENSPD000916,Male,24.0,Telecom,2,0.8538102643856921,9.0,0.8062360801781737,0.41500000000000004,0.922,1.0,0.4,11.1,No,No,Low,1.0,Yes,Salle 4,161.0,0.6583333333333332,1.0,1.2969072840195222,0.6685000000000001,1.4
ENSPD000917,Male,22.0,Mecanique,4,0.7822706065318817,14.0,0.40757238307349664,0.77,0.635,1.0,1.4,10.9,Yes,No,Middle,3.0,Yes,Salle 7,178.0,0.6138888888888889,1.0,1.2742662035888892,0.7025,2.4
ENSPD000918,Female,22.0,Energetique,5,0.49144634525660946,33.0,0.7160356347438753,0.9390000000000001,0.5700000000000001,1.0,2.9,22.1,Yes,No,Middle,1.0,Yes,Salle 15,40.0,0.6444444444444444,1.0,0.7625773233362734,0.7545000000000001,3.9
ENSPD000919,Female,21.0,Informatique,1,0.7480559875583203,16.0,0.6035634743875279,0.793,0.5,2.0,2.4,18.4,No,No,Low,0.0,Yes,Salle 5,248.0,0.5166666666666666,1.0,1.4478222761333401,0.6465000000000001,4.4
ENSPD000920,Male,20.0,Informatique,3,0.8320373250388803,11.0,0.5089086859688196,0.49,0.8009999999999999,3.0,3.0,18.3,No,No,Middle,2.0,No,Salle 9,263.0,0.5638888888888889,1.0,1.475508005838305,0.6455,6.0
ENSPD000921,Female,21.0,Telecom,2,0.9922239502332816,0.0,0.29510022271714925,0.616,0.701,1.0,3.4,25.1,No,No,Middle,1.0,No,Salle 1,161.0,0.5527777777777778,1.0,1.7949455290456122,0.6585,4.4
ENSPD000922,Male,19.0,Telecom,2,0.8475894245723173,10.0,0.4409799554565701,0.897,0.5910000000000001,0.0,0.7,7.2,No,Yes,Low,1.0,No,Salle 16,161.0,0.5791666666666667,1.0,1.4634384866545913,0.744,0.7
ENSPD000923,Female,22.0,Informatique,3,0.9517884914463454,3.0,0.7282850779510022,0.409,0.522,1.0,0.9,4.2,Yes,No,Low,1.0,Yes,Salle 23,263.0,0.4097222222222222,1.0,2.3229525036723464,0.4655,1.9
ENSPD000924,Female,19.0,Informatique,3,0.5272161741835147,30.0,0.7461024498886415,0.761,0.655,1.0,3.4,26.3,No,No,Middle,0.0,Yes,Salle 24,263.0,0.6138888888888889,1.0,0.8587996879058319,0.708,4.4
ENSPD000925,Male,22.0,Informatique,1,0.6594090202177293,22.0,0.5746102449888641,0.359,0.579,1.0,1.4,4.5,Yes,Yes,Middle,0.0,Yes,Salle 14,248.0,0.3402777777777778,0.0,1.937798132286582,0.469,2.4
ENSPD000926,Male,22.0,Informatique,4,0.8009331259720062,13.0,0.7472160356347438,0.923,0.797,0.0,1.4,11.3,No,No,Middle,2.0,Yes,Salle 24,230.0,0.7986111111111112,1.0,1.0028950084448411,0.8600000000000001,1.4
ENSPD000927,Male,22.0,Informatique,4,0.9362363919129083,4.0,0.7683741648106904,0.543,0.888,0.0,5.1,23.2,Yes,No,Middle,2.0,No,Salle 10,230.0,0.7541666666666667,1.0,1.2414019596375407,0.7155,5.1
ENSPD000928,Male,21.0,Energetique,5,0.6936236391912908,20.0,0.6358574610244989,1.0,0.36700000000000005,1.0,4.3,22.6,Yes,No,Middle,1.0,Yes,Salle 7,40.0,0.5125,1.0,1.3533855713864917,0.6835,5.3
ENSPD000929,Female,28.0,Electrique,1,0.7045101088646967,19.0,0.489977728285078,0.9309999999999999,0.395,1.0,3.3,19.5,No,No,Low,2.0,Yes,Salle 16,143.0,0.43194444444444435,1.0,1.6309824286466093,0.663,4.3
ENSPD000930,Male,25.0,Chimie,3,0.7231726283048211,10.0,0.6837416481069042,0.601,0.91,1.0,0.0,0.6,Yes,No,Low,1.0,No,Salle 11,130.0,0.6305555555555554,1.0,1.146863513132548,0.7555000000000001,1.0
ENSPD000931,Male,20.0,Chimie,2,0.5101088646967341,32.0,0.6915367483296213,0.49100000000000005,0.6729999999999999,1.0,4.4,18.2,Yes,Yes,Low,2.0,Yes,Salle 30,119.0,0.45833333333333337,1.0,1.1129405133634918,0.582,5.4
ENSPD000932,Female,22.0,GenieCivil,2,0.9999999999999999,0.0,0.7227171492204899,0.655,0.414,1.0,4.9,21.1,No,Yes,Middle,1.0,No,Salle 8,177.0,0.5569444444444444,1.0,1.7954789839184935,0.5345,5.9
ENSPD000933,Other,21.0,Chimie,3,0.5567651632970451,28.0,0.755011135857461,0.616,0.8370000000000001,2.0,2.2,11.5,Yes,No,Middle,0.0,No,Salle 1,130.0,0.734722222222222,1.0,0.7577797004915482,0.7265,4.2
ENSPD000934,Male,20.0,Electrique,4,0.3623639191290824,41.0,0.6113585746102449,0.5479999999999999,0.708,0.0,0.7,9.5,Yes,No,Middle,1.0,Yes,Salle 7,157.0,0.4208333333333333,1.0,0.8610423177170026,0.6279999999999999,0.7
ENSPD000935,Male,19.0,Mecanique,1,0.7216174183514773,18.0,0.5256124721603563,0.322,0.635,0.0,1.3,15.4,Yes,No,Middle,0.0,Yes,Salle 6,186.0,0.6333333333333333,1.0,1.1393779335349612,0.47850000000000004,1.3
ENSPD000936,Male,23.0,Electrique,5,0.9999999999999999,0.0,0.6113585746102449,0.527,0.593,0.0,2.9,26.4,No,No,Middle,0.0,Yes,Salle 11,80.0,0.38194444444444453,1.0,2.618113271216171,0.56,2.9
ENSPD000937,Male,21.0,GenieCivil,4,0.8289269051321929,11.0,0.734966592427617,0.42,0.8620000000000001,1.0,3.4,19.3,Yes,No,High,1.0,No,Salle 28,173.0,0.6138888888888889,1.0,1.3502661759699364,0.641,4.4
ENSPD000938,Female,24.0,Telecom,4,0.8600311041990668,9.0,0.5746102449888641,0.7190000000000001,0.35000000000000003,1.0,0.8,6.4,Yes,Yes,Low,2.0,Yes,Salle 18,121.0,0.5055555555555555,1.0,1.7011267772267367,0.5345000000000001,1.8
ENSPD000939,Male,24.0,Energetique,4,0.7278382581648523,18.0,0.6826280623608018,0.798,0.919,1.0,0.8,0.0,Yes,No,Middle,1.0,Yes,Salle 20,70.0,0.7819444444444443,1.0,0.9307936841281848,0.8585,1.8
ENSPD000940,Male,25.0,GenieCivil,2,0.6920684292379472,20.0,0.36414253897550114,0.753,0.8290000000000001,2.0,2.7,16.8,Yes,No,Low,1.0,Yes,Salle 8,177.0,0.6361111111111111,1.0,1.0879507332009672,0.791,4.7
ENSPD000941,Male,20.0,Chimie,4,0.7231726283048211,36.0,0.844097995545657,0.682,0.961,1.0,2.3,13.5,Yes,No,Low,1.0,Yes,Salle 16,93.0,0.7763888888888888,1.0,0.9314446976344335,0.8215,3.3
ENSPD000942,Male,23.0,Informatique,2,0.2986003110419906,45.0,0.6113585746102449,0.466,0.8620000000000001,0.0,1.4,9.2,No,Yes,Middle,2.0,Yes,Salle 17,298.0,0.41388888888888886,1.0,0.7214329853447609,0.664,1.4
ENSPD000943,Female,23.0,Chimie,4,0.7573872472783826,16.0,0.7394209354120267,0.657,0.62,1.0,1.4,6.8,Yes,No,Middle,2.0,Yes,Salle 28,93.0,0.5902777777777778,1.0,1.283081364363793,0.6385000000000001,2.4
ENSPD000944,Female,21.0,Mecanique,1,0.9657853810264384,2.0,0.6302895322939867,0.616,0.406,1.0,2.1,10.9,Yes,No,High,1.0,Yes,Salle 21,186.0,0.5013888888888889,1.0,1.926181733602642,0.511,3.1
ENSPD000945,Male,20.0,Informatique,2,0.7838258164852253,14.0,0.579064587973274,0.514,0.52,0.0,0.1,6.7,Yes,Yes,Low,0.0,Yes,Salle 4,298.0,0.375,1.0,2.0901464400555327,0.517,0.1
ENSPD000946,Male,25.0,Mecanique,3,0.7231726283048211,10.0,0.6113585746102449,0.6409999999999999,0.28800000000000003,1.0,0.2,8.4,No,No,Middle,1.0,Yes,Salle 15,212.0,0.34444444444444444,0.0,2.0994724845870247,0.46449999999999997,1.2
ENSPD000947,Male,22.0,Electrique,2,0.9999999999999999,0.0,0.5033407572383074,0.594,0.456,2.0,1.7,11.7,No,No,Middle,3.0,Yes,Salle 27,185.0,0.37916666666666665,1.0,2.6372930823802445,0.525,3.7
ENSPD000948,Female,23.0,Informatique,2,0.7807153965785382,14.0,0.8262806236080179,0.919,0.725,1.0,0.5,10.1,Yes,No,Middle,1.0,Yes,Salle 3,298.0,0.8430555555555557,1.0,0.9260435222787265,0.8220000000000001,1.5
ENSPD000949,Female,20.0,Telecom,3,0.6967340590979781,20.0,0.6124721603563474,0.773,0.63,1.0,3.0,22.1,Yes,No,Middle,0.0,No,Salle 28,154.0,0.5652777777777778,1.0,1.232529848490504,0.7015,4.0
ENSPD000950,Female,20.0,Informatique,4,0.7231726283048211,28.0,0.3986636971046771,0.616,0.595,0.0,3.0,16.6,No,Yes,Middle,1.0,Yes,Salle 1,230.0,0.4569444444444445,1.0,1.5825923942681837,0.6054999999999999,3.0
ENSPD000951,Female,21.0,Energetique,3,0.9999999999999999,0.0,0.5456570155902005,0.311,0.48100000000000004,0.0,2.5,19.9,No,No,Middle,1.0,Yes,Salle 16,104.0,0.30694444444444435,0.0,3.2578124151611356,0.396,2.5
ENSPD000952,Female,22.0,Electrique,2,0.8180404354587868,12.0,0.6314031180400892,0.6509999999999999,0.28600000000000003,3.0,4.7,20.0,Yes,No,High,1.0,Yes,Salle 27,185.0,0.3680555555555556,0.0,2.222540042422721,0.46849999999999997,7.7
ENSPD000953,Male,20.0,Mecanique,2,0.5443234836702956,29.0,0.7605790645879733,0.5920000000000001,0.6759999999999999,0.0,0.3,7.4,Yes,Yes,Middle,2.0,Yes,Salle 6,231.0,0.5305555555555556,1.0,1.0259306846640923,0.634,0.3
ENSPD000954,Female,22.0,Mecanique,2,0.500777604976672,32.0,0.5089086859688196,0.5910000000000001,0.716,2.0,0.6,5.9,No,No,Middle,3.0,Yes,Salle 18,231.0,0.5097222222222222,1.0,0.9824327031818556,0.6535,2.6
ENSPD000955,Male,19.0,Chimie,3,0.9533437013996889,3.0,0.5200445434298441,0.33899999999999997,0.44200000000000006,1.0,0.6,9.4,Yes,Yes,Low,4.0,Yes,Salle 5,130.0,0.36249999999999993,0.0,2.629841111692613,0.3905,1.6
ENSPD000956,Male,20.0,Electrique,4,0.5272161741835147,30.0,0.6146993318485524,0.424,0.533,0.0,3.1,8.8,Yes,No,Low,1.0,Yes,Salle 25,157.0,0.38750000000000007,1.0,1.360522758595945,0.47850000000000004,3.1
ENSPD000957,Male,23.0,Electrique,1,0.9999999999999999,0.0,0.7561247216035635,0.608,0.948,1.0,1.5,15.7,Yes,No,High,1.0,No,Salle 10,143.0,0.8305555555555555,1.0,1.2039988816188167,0.778,2.5
ENSPD000958,Male,23.0,Mecanique,2,0.20528771384136846,51.0,0.6113585746102449,0.821,0.872,1.0,0.6,7.2,No,No,Middle,1.0,Yes,Salle 17,231.0,0.5333333333333333,1.0,0.3849072464416951,0.8465,1.6
ENSPD000959,Male,21.0,GenieCivil,2,0.9860031104199066,1.0,0.6948775055679287,0.514,0.34299999999999997,0.0,0.3,7.9,No,No,Middle,2.0,Yes,Salle 23,177.0,0.29166666666666674,0.0,3.3804661911702674,0.4285,0.3
ENSPD000960,Female,20.0,Energetique,2,0.8102643856920683,12.0,0.532293986636971,0.5479999999999999,0.623,2.0,4.5,19.9,Yes,No,Middle,2.0,Yes,Salle 19,71.0,0.525,1.0,1.5433313378641709,0.5854999999999999,6.5
ENSPD000961,Male,20.0,Informatique,2,0.7418351477449457,17.0,0.5556792873051225,0.941,0.9309999999999999,1.0,2.4,21.3,Yes,No,High,0.0,Yes,Salle 17,298.0,0.8055555555555556,1.0,0.9208873723918616,0.9359999999999999,3.4
ENSPD000962,Female,21.0,GenieCivil,4,0.687402799377916,20.0,0.9443207126948776,0.5670000000000001,0.5970000000000001,0.0,1.5,12.4,Yes,No,Middle,1.0,Yes,Salle 23,173.0,0.6208333333333333,1.0,1.1072081513499101,0.5820000000000001,1.5
ENSPD000963,Male,23.0,Mecanique,2,0.9999999999999999,0.0,0.5779510022271716,0.5970000000000001,0.5860000000000001,2.0,6.7,30.3,Yes,No,Middle,2.0,No,Salle 10,231.0,0.5097222222222222,1.0,1.9618143731240152,0.5915000000000001,8.7
ENSPD000964,Male,24.0,Chimie,3,0.8522550544323483,10.0,0.7360801781737194,0.599,0.8590000000000001,1.0,3.8,11.8,Yes,No,Low,1.0,Yes,Salle 7,130.0,0.7402777777777778,1.0,1.151248311826352,0.7290000000000001,4.8
ENSPD000965,Male,21.0,Chimie,3,0.5520995334370139,29.0,0.7305122494432071,0.378,0.8370000000000001,2.0,0.4,5.2,Yes,No,Middle,1.0,Yes,Salle 30,130.0,0.5347222222222222,1.0,1.0324785200761182,0.6075,2.4
ENSPD000966,Male,20.0,Mecanique,2,0.39968895800933124,39.0,0.4131403118040089,0.723,0.8270000000000001,2.0,1.4,1.3,Yes,No,Low,0.0,No,Salle 6,231.0,0.5875,1.0,0.6803100509086335,0.775,3.4
ENSPD000967,Female,23.0,Informatique,4,0.7527216174183514,16.0,0.3017817371937639,0.502,0.588,2.0,1.3,10.7,Yes,No,Middle,1.0,Yes,Salle 9,230.0,0.37777777777777777,1.0,1.9924456578399874,0.5449999999999999,3.3
ENSPD000968,Male,20.0,Informatique,3,0.7200622083981337,18.0,0.7472160356347438,0.615,0.773,0.0,3.7,22.2,No,Yes,Middle,1.0,Yes,Salle 30,263.0,0.6319444444444444,1.0,1.139421068604313,0.694,3.7
ENSPD000969,Male,21.0,GenieCivil,2,0.43701399688958,36.0,0.42873051224944325,0.7000000000000001,0.9390000000000001,1.0,0.3,9.0,No,No,Low,1.0,Yes,Salle 11,177.0,0.6166666666666666,1.0,0.7086598545260024,0.8195000000000001,1.3
ENSPD000970,Male,25.0,GenieCivil,4,0.7091757387247278,19.0,0.33184855233853006,0.97,0.63,1.0,1.2,6.4,Yes,No,Low,1.0,Yes,Salle 12,173.0,0.5180555555555555,1.0,1.3688918923865387,0.8,2.2
ENSPD000971,Female,24.0,Energetique,2,0.6127527216174183,25.0,0.7817371937639199,0.383,0.559,1.0,2.0,10.5,No,No,Low,1.0,Yes,Salle 18,71.0,0.4125,1.0,1.485425133008699,0.47100000000000003,3.0
ENSPD000972,Female,22.0,GenieCivil,4,0.7216174183514773,18.0,0.4398663697104678,0.7759999999999999,0.886,0.0,1.4,11.5,Yes,No,Middle,1.0,Yes,Salle 6,173.0,0.5875,1.0,1.2282640607844586,0.831,1.4
ENSPD000973,Female,19.0,Mecanique,3,0.8553654743390359,9.0,0.48106904231625836,0.7759999999999999,1.0,1.0,4.6,21.2,Yes,Yes,Low,0.0,Yes,Salle 12,212.0,0.7930555555555554,1.0,1.078555824732343,0.8879999999999999,5.6
ENSPD000974,Male,22.0,Telecom,3,0.7231726283048211,0.0,0.9398663697104677,0.505,1.0,1.0,1.5,4.4,Yes,Yes,Low,0.0,Yes,Salle 11,154.0,0.7305555555555554,1.0,0.9898805422805455,0.7525,2.5
ENSPD000975,Male,24.0,GenieCivil,4,0.8895800933125974,7.0,0.33296213808463254,0.728,0.5650000000000001,0.0,1.9,10.1,Yes,Yes,Middle,1.0,Yes,Salle 16,173.0,0.3902777777777777,1.0,2.2792927269659646,0.6465000000000001,1.9
ENSPD000976,Male,21.0,Electrique,4,0.5847589424572316,27.0,0.40089086859688206,0.9159999999999999,0.585,1.0,3.8,21.8,No,No,High,2.0,No,Salle 2,157.0,0.5486111111111112,1.0,1.0658702893749956,0.7505,4.8
ENSPD000977,Female,25.0,Informatique,3,0.7884914463452567,14.0,0.5334075723830736,0.48200000000000004,0.434,2.0,2.7,14.0,Yes,Yes,Low,0.0,No,Salle 28,263.0,0.33472222222222214,0.0,2.355588718380965,0.458,4.7
ENSPD000978,Male,25.0,Mecanique,4,0.7325038880248832,17.0,0.5701559020044543,0.663,0.664,4.0,4.2,11.5,Yes,No,Low,1.0,Yes,Salle 18,178.0,0.5402777777777777,1.0,1.3557661641684677,0.6635,8.2
ENSPD000979,Male,25.0,Energetique,2,0.47122861586314146,34.0,0.4610244988864143,0.693,0.425,1.0,4.5,20.9,Yes,Yes,Middle,2.0,No,Salle 23,71.0,0.4027777777777778,1.0,1.1699178621132917,0.5589999999999999,5.5
ENSPD000980,Female,22.0,Electrique,3,0.7947122861586314,13.0,0.4164810690423163,0.616,0.535,2.0,3.6,28.8,Yes,No,High,1.0,Yes,Salle 13,188.0,0.5347222222222222,1.0,1.486187390870131,0.5755,5.6
ENSPD000981,Male,23.0,Mecanique,1,0.9999999999999999,0.0,0.8619153674832961,0.758,0.78,1.0,0.0,5.5,Yes,No,Middle,1.0,Yes,Salle 12,186.0,0.797222222222222,1.0,1.2543396668195104,0.769,1.0
ENSPD000982,Female,25.0,Electrique,1,0.7262830482115087,18.0,0.6536748329621381,0.65,0.718,1.0,0.7,8.7,Yes,No,Middle,1.0,No,Salle 20,143.0,0.6180555555555556,1.0,1.1750906383363826,0.6839999999999999,1.7
ENSPD000983,Male,23.0,Telecom,4,0.4230171073094867,37.0,0.7082405345211581,0.7120000000000001,0.278,0.0,1.0,6.7,Yes,No,Middle,1.0,Yes,Salle 24,121.0,0.39861111111111114,1.0,1.0612009638184352,0.49500000000000005,1.0
ENSPD000984,Male,21.0,Mecanique,1,0.7262830482115087,18.0,0.5868596881959911,0.456,0.9540000000000001,2.0,2.3,16.1,Yes,No,Middle,1.0,Yes,Salle 13,186.0,0.6138888888888889,1.0,1.183066236731633,0.7050000000000001,4.3
ENSPD000985,Female,21.0,GenieCivil,1,0.4930015552099535,33.0,0.6581291759465479,0.65,0.423,1.0,0.7,8.2,Yes,No,High,2.0,Yes,Salle 27,149.0,0.4388888888888889,1.0,1.1232690892839357,0.5365,1.7
ENSPD000986,Male,22.0,Energetique,4,0.8818040435458788,8.0,0.7661469933184856,0.534,0.44799999999999995,1.0,0.8,1.2,No,No,Middle,0.0,No,Salle 15,70.0,0.5319444444444444,1.0,1.6576683450155318,0.491,1.8
ENSPD000987,Female,19.0,Informatique,1,0.8180404354587868,12.0,0.4443207126948775,0.399,0.392,0.0,1.0,11.5,Yes,No,Middle,0.0,No,Salle 21,248.0,0.26111111111111107,0.0,3.1328008370441482,0.3955,1.0
ENSPD000988,Male,22.0,Chimie,2,0.687402799377916,20.0,0.6547884187082406,0.528,0.635,2.0,6.2,29.4,No,No,Middle,0.0,Yes,Salle 7,119.0,0.4083333333333333,1.0,1.6833942010675234,0.5815,8.2
ENSPD000989,Male,24.0,Electrique,3,0.6578538102643857,22.0,0.7260579064587974,0.669,0.461,0.0,1.1,11.5,Yes,No,Low,2.0,No,Salle 2,188.0,0.5402777777777777,1.0,1.2175989117691337,0.5650000000000001,1.1
ENSPD000990,Female,22.0,Electrique,3,0.6811819595645411,18.0,0.8685968819599109,0.698,0.466,3.0,1.4,11.5,Yes,No,Middle,1.0,Yes,Salle 10,188.0,0.6472222222222221,1.0,1.0524537193555585,0.582,4.4
ENSPD000991,Female,25.0,Mecanique,4,0.7216174183514773,18.0,0.9354120267260579,0.392,0.635,0.0,0.0,6.8,Yes,Yes,Low,0.0,Yes,Salle 18,178.0,0.2583333333333333,0.0,2.7932496226654866,0.5135000000000001,0.0
ENSPD000992,Female,24.0,Mecanique,3,0.5754276827371695,27.0,0.6213808463251671,0.451,0.6659999999999999,1.0,0.5,9.7,No,Yes,Middle,1.0,No,Salle 19,212.0,0.5152777777777777,1.0,1.1167112971682547,0.5585,1.5
ENSPD000993,Male,21.0,Electrique,3,0.46034214618973557,35.0,0.6113585746102449,0.75,0.6859999999999999,1.0,5.6,21.5,Yes,No,High,0.0,Yes,Salle 5,188.0,0.6152777777777778,1.0,0.748173721006362,0.718,6.6
ENSPD000994,Female,23.0,Informatique,4,0.9331259720062209,4.0,0.1636971046770601,0.711,1.0,1.0,6.2,31.9,No,No,Low,2.0,Yes,Salle 24,230.0,0.6791666666666665,1.0,1.3739075822288083,0.8554999999999999,7.2
ENSPD000995,Male,22.0,GenieCivil,3,0.6485225505443236,23.0,0.8697104677060133,0.78,0.737,1.0,1.5,11.5,No,No,Low,0.0,Yes,Salle 16,185.0,0.7388888888888889,1.0,0.8776878139843088,0.7585,2.5
ENSPD000996,Male,24.0,Informatique,3,0.7511664074650078,16.0,0.4888641425389756,0.866,0.541,3.0,1.4,9.3,Yes,No,Middle,2.0,Yes,Salle 9,263.0,0.6194444444444444,1.0,1.2126257454471716,0.7035,4.4
ENSPD000997,Female,24.0,Informatique,4,0.7729393468118196,15.0,0.5701559020044543,0.7170000000000001,0.4,0.0,3.2,24.5,Yes,No,Middle,0.0,No,Salle 12,230.0,0.4375,1.0,1.7666781257841413,0.5585,3.2
ENSPD000998,Male,19.0,Energetique,2,0.7807153965785382,14.0,0.6837416481069042,0.545,0.621,1.0,0.1,11.5,Yes,Yes,Low,1.0,Yes,Salle 24,71.0,0.5930555555555557,1.0,1.3164065747288276,0.583,1.1
ENSPD000999,Female,23.0,GenieCivil,2,0.500777604976672,32.0,0.6113585746102449,0.6409999999999999,0.73,0.0,0.9,9.5,Yes,No,Middle,2.0,No,Salle 29,177.0,0.5444444444444444,1.0,0.9197787070829411,0.6855,0.9
ENSPD001000,Male,22.0,Energetique,1,0.40746500777604966,38.0,0.6425389755011137,0.616,0.539,0.0,2.1,8.4,Yes,No,High,1.0,Yes,Salle 18,83.0,0.5277777777777778,1.0,0.7720243342724974,0.5775,2.1
ENSPD001001,Male,22.0,Informatique,3,0.609642301710731,25.0,0.8752783964365256,1.0,0.652,0.0,4.6,19.0,No,No,High,1.0,No,Salle 26,263.0,0.7875000000000001,1.0,0.7741391242152239,0.8260000000000001,4.6
ENSPD001002,Male,21.0,Electrique,1,0.7931570762052876,13.0,0.5456570155902005,0.703,1.0,4.0,2.6,19.6,No,No,Low,0.0,Yes,Salle 13,143.0,0.8152777777777778,1.0,0.9728553497602876,0.8514999999999999,6.6
ENSPD001003,Female,25.0,Informatique,3,0.5847589424572316,27.0,0.42873051224944325,0.716,0.563,1.0,0.9,7.2,No,No,Low,1.0,Yes,Salle 3,263.0,0.4541666666666666,1.0,1.287514276655703,0.6395,1.9
ENSPD001004,Female,24.0,Chimie,4,0.6531881804043546,22.0,0.9131403118040089,0.751,0.263,3.0,4.8,30.0,Yes,No,Middle,1.0,Yes,Salle 20,93.0,0.576388888888889,1.0,1.1332224835885625,0.507,7.8
ENSPD001005,Female,21.0,Chimie,3,0.7231726283048211,0.0,0.6982182628062361,0.624,0.635,2.0,2.2,12.2,Yes,No,Low,0.0,Yes,Salle 3,130.0,0.7055555555555555,1.0,1.02495455257223,0.6295,4.2
ENSPD001006,Female,19.0,Informatique,2,0.37636080870917565,40.0,0.930957683741648,0.8290000000000001,0.703,1.0,3.5,17.2,Yes,No,Low,2.0,Yes,Salle 30,298.0,0.8388888888888888,1.0,0.44863667563997006,0.766,4.5
ENSPD001007,Female,21.0,Telecom,4,0.5785381026438571,27.0,0.755011135857461,0.8009999999999999,0.298,3.0,1.0,6.0,Yes,No,Middle,1.0,Yes,Salle 3,121.0,0.4652777777777778,1.0,1.2433984520439474,0.5495,4.0
ENSPD001008,Female,23.0,Informatique,2,0.9999999999999999,0.0,0.388641425389755,0.684,0.635,1.0,0.0,3.0,Yes,Yes,Middle,0.0,Yes,Salle 15,298.0,0.5944444444444444,1.0,1.6822146917154663,0.6595,1.0
ENSPD001009,Male,22.0,Electrique,4,0.7122861586314152,18.0,0.7182628062360802,0.563,0.44,0.0,0.4,9.1,Yes,No,Middle,1.0,Yes,Salle 18,157.0,0.48749999999999993,1.0,1.4610698419138382,0.5015,0.4
ENSPD001010,Male,25.0,Energetique,3,0.5878693623639192,26.0,0.44543429844098004,0.34600000000000003,0.728,0.0,5.2,26.1,Yes,No,Middle,0.0,Yes,Salle 3,104.0,0.3916666666666666,1.0,1.5009047318721715,0.537,5.2
ENSPD001011,Male,24.0,Telecom,1,0.9377916018662519,4.0,0.6113585746102449,0.752,1.0,4.0,0.1,4.2,No,No,Middle,3.0,Yes,Salle 28,121.0,0.8444444444444443,1.0,1.1105295354129054,0.876,4.1
ENSPD001012,Other,24.0,Energetique,4,0.7309486780715396,17.0,0.5979955456570156,0.658,0.605,2.0,1.4,15.0,Yes,No,Middle,1.0,No,Salle 10,70.0,0.5319444444444444,1.0,1.3740813441927686,0.6315,3.4
ENSPD001013,Female,23.0,Mecanique,1,0.6547433903576981,22.0,0.3396436525612473,0.616,0.8570000000000001,0.0,1.1,11.6,Yes,No,Low,1.0,Yes,Salle 11,186.0,0.5499999999999999,1.0,1.1904208839070167,0.7365,1.1
ENSPD001014,Male,19.0,Informatique,5,0.7558320373250388,16.0,0.47438752783964366,0.41700000000000004,0.394,0.0,1.1,8.3,No,No,Middle,1.0,Yes,Salle 8,109.0,0.29166666666666674,0.0,2.591335282190457,0.4055,1.1
ENSPD001015,Female,22.0,Informatique,1,0.5972006220839813,26.0,0.9788418708240534,0.7390000000000001,0.336,1.0,1.0,15.1,Yes,No,Middle,1.0,Yes,Salle 8,248.0,0.5097222222222222,1.0,1.1715967640429577,0.5375000000000001,2.0
ENSPD001016,Female,24.0,GenieCivil,2,0.5303265940902021,30.0,0.6503340757238307,0.332,1.0,1.0,1.4,0.0,Yes,No,Low,2.0,No,Salle 10,177.0,0.6083333333333333,1.0,0.8717554134839464,0.666,2.4
ENSPD001017,Male,22.0,Chimie,1,0.6982892690513217,19.0,0.5812917594654788,0.616,0.7020000000000001,2.0,0.3,7.8,Yes,No,Middle,1.0,Yes,Salle 21,96.0,0.5611111111111111,1.0,1.2444537466583558,0.659,2.3
ENSPD001018,Male,23.0,Informatique,1,0.5318818040435459,30.0,0.6113585746102449,0.772,0.767,2.0,0.1,4.9,No,No,Middle,0.0,Yes,Salle 28,248.0,0.7430555555555556,1.0,0.7157939162526281,0.7695000000000001,2.1
ENSPD001019,Female,21.0,Electrique,4,0.7216174183514773,18.0,0.544543429844098,0.7190000000000001,0.87,0.0,0.1,7.4,Yes,Yes,High,0.0,Yes,Salle 25,157.0,0.6486111111111111,1.0,1.1125407514339472,0.7945,0.1
ENSPD001020,Male,20.0,Mecanique,3,0.7231726283048211,14.0,0.5946547884187082,0.55,0.534,0.0,1.4,6.2,Yes,No,Middle,1.0,Yes,Salle 1,212.0,0.40694444444444444,1.0,1.7770358284010468,0.542,1.4
ENSPD001021,Female,22.0,Mecanique,4,0.8786936236391912,8.0,0.7761692650334077,0.395,0.805,1.0,2.4,15.7,No,No,Middle,1.0,Yes,Salle 17,178.0,0.5930555555555557,1.0,1.4816129775334412,0.6000000000000001,3.4
ENSPD001022,Male,23.0,Electrique,2,0.9300155520995333,4.0,0.5434298440979956,0.726,0.775,2.0,0.2,0.0,No,No,Low,2.0,No,Salle 13,185.0,0.7166666666666666,1.0,1.2976780120735993,0.7505,2.2
ENSPD001023,Female,21.0,GenieCivil,2,0.6438569206842922,23.0,0.4855233853006682,0.836,0.381,2.0,0.6,8.3,No,Yes,High,1.0,Yes,Salle 7,177.0,0.4111111111111111,1.0,1.5661003613854338,0.6085,2.6
ENSPD001024,Female,22.0,Telecom,3,0.8133748055987559,12.0,0.23385300668151449,0.517,0.635,2.0,2.1,11.5,Yes,No,High,1.0,Yes,Salle 19,154.0,0.5722222222222223,1.0,1.4214068589847562,0.5760000000000001,4.1
ENSPD001025,Female,20.0,Informatique,2,0.8118195956454123,12.0,0.4543429844097996,0.711,0.9009999999999999,0.0,0.2,3.4,Yes,Yes,Middle,0.0,Yes,Salle 14,298.0,0.7208333333333332,1.0,1.1262080928062213,0.8059999999999999,0.2
ENSPD001026,Male,24.0,Chimie,3,0.7807153965785382,14.0,0.4521158129175946,0.905,0.383,1.0,4.8,28.2,No,No,High,2.0,No,Salle 7,130.0,0.46666666666666656,1.0,1.6729257156886745,0.644,5.8
ENSPD001027,Female,21.0,Informatique,3,0.6298600311041992,24.0,0.6369710467706015,0.6809999999999999,0.68,0.0,1.3,8.8,Yes,No,Middle,2.0,Yes,Salle 21,263.0,0.6402777777777777,1.0,0.983713968881665,0.6805,1.3
ENSPD001028,Female,25.0,Informatique,1,0.5287713841368585,30.0,0.5077951002227171,0.549,0.594,1.0,6.6,29.0,Yes,No,Middle,0.0,Yes,Salle 17,248.0,0.3763888888888889,1.0,1.404816538374398,0.5715,7.6
ENSPD001029,Male,25.0,Electrique,4,0.8133748055987559,12.0,0.9710467706013364,0.807,0.924,1.0,0.4,4.3,No,No,Low,1.0,No,Salle 15,157.0,0.8555555555555554,1.0,0.9506867128032016,0.8655,1.4
ENSPD001030,Female,22.0,Telecom,4,0.4012441679626749,38.0,0.4331848552338531,0.48700000000000004,0.358,2.0,0.1,1.3,Yes,Yes,Low,2.0,Yes,Salle 27,121.0,0.3041666666666667,0.0,1.3191155401882948,0.4225,2.1
ENSPD001031,Male,20.0,Mecanique,3,0.6702954898911352,21.0,0.844097995545657,0.386,1.0,3.0,1.8,12.5,Yes,No,Middle,3.0,No,Salle 5,212.0,0.726388888888889,1.0,0.9227650264119066,0.6930000000000001,4.8
ENSPD001032,Female,18.0,Mecanique,1,0.2441679626749611,49.0,0.6469933184855233,0.766,0.605,1.0,0.8,5.7,Yes,No,Low,2.0,Yes,Salle 11,186.0,0.6194444444444444,1.0,0.3941661325780661,0.6855,1.8
ENSPD001033,Male,19.0,GenieCivil,2,0.47122861586314146,34.0,0.744988864142539,0.547,0.788,2.0,1.7,9.6,Yes,Yes,High,1.0,No,Salle 1,177.0,0.5444444444444444,1.0,0.8655060504538231,0.6675,3.7
ENSPD001034,Male,19.0,Informatique,2,0.5567651632970451,28.0,0.734966592427617,0.563,0.917,1.0,1.3,7.5,Yes,No,Middle,2.0,Yes,Salle 12,298.0,0.7541666666666667,1.0,0.7382423613791355,0.74,2.3
ENSPD001035,Male,25.0,Telecom,2,0.9253499222395024,5.0,0.23942093541202675,0.507,0.601,1.0,1.2,11.1,No,Yes,Middle,1.0,No,Salle 16,161.0,0.36111111111111116,0.0,2.562436517190453,0.554,2.2
ENSPD001036,Female,22.0,Chimie,2,0.8491446345256609,10.0,0.6080178173719376,0.535,0.617,1.0,3.8,15.1,Yes,No,Low,1.0,Yes,Salle 1,119.0,0.47777777777777775,1.0,1.7772422695178354,0.5760000000000001,4.8
ENSPD001037,Male,23.0,Informatique,4,0.6174183514774495,25.0,0.566815144766147,0.873,0.539,0.0,0.4,9.0,Yes,No,Middle,1.0,Yes,Salle 22,230.0,0.6083333333333333,1.0,1.0149175928244187,0.706,0.4
ENSPD001038,Female,18.0,GenieCivil,3,0.8569206842923794,9.0,0.42093541202672613,0.919,0.46299999999999997,0.0,1.4,12.6,No,No,Low,1.0,No,Salle 17,185.0,0.4388888888888889,1.0,1.952433022698575,0.6910000000000001,1.4
ENSPD001039,Male,20.0,Chimie,3,0.8864696734059098,7.0,0.6870824053452117,0.943,0.6940000000000001,2.0,1.1,11.4,No,No,High,0.0,No,Salle 26,130.0,0.6902777777777778,1.0,1.2842030555135924,0.8185,3.1
ENSPD001040,Male,24.0,Mecanique,2,0.6905132192846034,20.0,0.8964365256124722,0.816,0.613,1.0,2.2,9.9,Yes,Yes,Middle,1.0,Yes,Salle 26,231.0,0.7305555555555554,1.0,0.9451762597259402,0.7144999999999999,3.2
ENSPD001041,Male,23.0,Electrique,5,0.46189735614307936,35.0,0.1636971046770601,0.7040000000000001,0.538,1.0,0.1,6.4,Yes,No,Low,4.0,Yes,Salle 15,80.0,0.2402777777777778,0.0,1.9222673762884843,0.621,1.1
ENSPD001042,Female,22.0,Informatique,1,0.6811819595645411,20.0,0.5211581291759466,0.36200000000000004,0.55,0.0,1.5,16.2,No,No,Middle,3.0,Yes,Salle 22,248.0,0.36249999999999993,0.0,1.8790708106384408,0.45600000000000007,1.5
ENSPD001043,Male,23.0,Electrique,4,0.7013996889580093,19.0,0.4020044543429844,0.5860000000000001,0.635,3.0,1.3,5.4,Yes,No,Low,1.0,No,Salle 19,157.0,0.575,1.0,1.2198043320255463,0.6105,4.3
ENSPD001044,Female,25.0,Informatique,5,0.7231726283048211,33.0,0.6113585746102449,1.0,0.48,1.0,7.3,34.9,Yes,No,Low,0.0,No,Salle 23,109.0,0.6152777777777778,1.0,1.1753404738782376,0.74,8.3
ENSPD001045,Female,22.0,Telecom,4,0.7884914463452567,14.0,0.5556792873051225,0.542,0.635,1.0,2.8,11.5,Yes,No,Low,2.0,Yes,Salle 2,121.0,0.461111111111111,1.0,1.7099443667745304,0.5885,3.8
ENSPD001046,Female,22.0,Mecanique,5,0.7729393468118196,15.0,0.5089086859688196,0.893,0.8200000000000001,2.0,0.3,5.1,Yes,No,High,0.0,Yes,Salle 16,67.0,0.7180555555555557,1.0,1.0764189158381354,0.8565,2.3
ENSPD001047,Male,22.0,Mecanique,3,0.80248833592535,13.0,0.7249443207126949,0.63,0.6890000000000001,2.0,1.4,10.5,Yes,No,Middle,1.0,No,Salle 7,212.0,0.5611111111111111,1.0,1.430151744489336,0.6595,3.4
ENSPD001048,Male,27.0,Telecom,1,0.7713841368584758,15.0,0.8830734966592427,0.138,0.43,0.0,3.1,14.9,Yes,No,Middle,2.0,Yes,Salle 21,121.0,0.2666666666666666,0.0,2.892582041392733,0.28400000000000003,3.1
ENSPD001049,Female,18.0,Informatique,1,0.8569206842923794,9.0,1.0,0.735,0.635,3.0,1.5,8.0,Yes,No,Low,1.0,No,Salle 13,248.0,0.7361111111111112,1.0,1.1641028512263856,0.685,4.5
ENSPD001050,Male,23.0,Mecanique,2,0.6858475894245722,20.0,0.4866369710467706,0.848,0.7270000000000001,1.0,0.9,11.5,No,No,Middle,3.0,Yes,Salle 1,231.0,0.5722222222222223,1.0,1.1985476573848515,0.7875000000000001,1.9
ENSPD001051,Female,22.0,Mecanique,1,0.7573872472783826,16.0,0.3062360801781738,0.611,0.838,0.0,0.9,4.6,Yes,No,Middle,2.0,Yes,Salle 23,186.0,0.49722222222222223,1.0,1.5232062875842594,0.7244999999999999,0.9
ENSPD001052,Male,23.0,Mecanique,3,0.645412130637636,23.0,0.7037861915367484,0.616,0.489,1.0,0.9,10.7,Yes,No,Middle,1.0,Yes,Salle 30,212.0,0.5208333333333334,1.0,1.2391674988082841,0.5525,1.9
ENSPD001053,Female,21.0,Telecom,2,0.6111975116640745,25.0,0.8797327394209354,0.32,0.528,1.0,0.0,12.0,No,No,Middle,2.0,Yes,Salle 26,161.0,0.49444444444444435,1.0,1.236104798998823,0.42400000000000004,1.0
ENSPD001054,Female,22.0,Chimie,4,0.9704510108864696,2.0,0.7461024498886415,0.371,0.501,3.0,2.6,10.3,Yes,No,Low,4.0,Yes,Salle 23,93.0,0.44027777777777777,1.0,2.204128889937699,0.436,5.6
ENSPD001055,Other,23.0,Informatique,2,0.3390357698289269,42.0,0.8786191536748329,0.657,0.511,1.0,1.9,7.2,No,No,High,0.0,Yes,Salle 10,298.0,0.6027777777777776,1.0,0.562446324108972,0.5840000000000001,2.9
ENSPD001056,Male,28.0,Chimie,3,0.8833592534992224,8.0,0.5723830734966593,0.706,0.721,2.0,0.6,1.3,Yes,Yes,Low,0.0,No,Salle 20,130.0,0.5208333333333334,1.0,1.696017203188206,0.7135,2.6
ENSPD001057,Female,24.0,GenieCivil,5,0.6049766718506998,25.0,0.5089086859688196,0.8640000000000001,0.7590000000000001,1.0,2.0,11.1,Yes,No,High,0.0,Yes,Salle 12,70.0,0.6402777777777777,1.0,0.9448511948023891,0.8115000000000001,3.0
ENSPD001058,Male,20.0,Telecom,2,0.5800933125972006,27.0,0.6291759465478842,0.735,0.85,0.0,0.7,11.2,Yes,No,Middle,1.0,No,Salle 9,161.0,0.7486111111111111,1.0,0.7748823857454677,0.7925,0.7
ENSPD001059,Male,21.0,Mecanique,4,0.7682737169517885,15.0,0.5545657015590201,0.405,0.622,0.0,0.6,11.2,No,No,High,1.0,Yes,Salle 23,178.0,0.4902777777777778,1.0,1.5669852518738645,0.5135000000000001,0.6
ENSPD001060,Female,21.0,Electrique,4,0.44167962674961103,36.0,0.7204899777282852,0.658,0.359,1.0,2.7,17.5,Yes,Yes,Middle,0.0,Yes,Salle 24,157.0,0.3763888888888889,1.0,1.1734349908774377,0.5085,3.7
ENSPD001061,Female,18.0,GenieCivil,2,0.567651632970451,28.0,0.7717149220489978,0.728,0.774,1.0,3.3,19.0,Yes,No,Middle,0.0,Yes,Salle 14,177.0,0.6805555555555556,1.0,0.8340881026620113,0.751,4.3
ENSPD001062,Other,21.0,GenieCivil,3,0.5614307931570762,28.0,0.7850779510022272,0.28300000000000003,0.672,0.0,2.0,18.1,No,No,Low,0.0,No,Salle 6,185.0,0.44305555555555554,1.0,1.2671506194001103,0.47750000000000004,2.0
ENSPD001063,Female,23.0,GenieCivil,2,0.6780715396578537,21.0,0.6959910913140313,0.612,0.652,0.0,3.1,15.4,Yes,No,Low,2.0,No,Salle 5,177.0,0.5458333333333333,1.0,1.2422457109021279,0.632,3.1
ENSPD001064,Male,19.0,Informatique,4,0.5707620528771385,28.0,0.6514476614699333,0.56,0.383,1.0,0.9,10.8,No,No,Middle,2.0,No,Salle 12,230.0,0.4041666666666667,1.0,1.412159829968261,0.47150000000000003,1.9
ENSPD001065,Male,24.0,Chimie,3,0.9999999999999999,0.0,0.7427616926503342,0.502,0.601,1.0,0.1,13.3,Yes,No,Middle,2.0,Yes,Salle 26,130.0,0.47777777777777775,1.0,2.092979449267341,0.5515,1.1
ENSPD001066,Female,23.0,GenieCivil,3,0.9999999999999999,0.0,0.2828507795100223,0.71,0.401,2.0,1.9,17.5,Yes,No,High,0.0,Yes,Salle 15,185.0,0.3847222222222222,1.0,2.5992104176353537,0.5555,3.9
ENSPD001067,Male,21.0,Energetique,4,0.3421461897356143,42.0,0.645879732739421,0.413,0.736,1.0,0.6,2.9,Yes,Yes,Middle,1.0,Yes,Salle 2,70.0,0.4111111111111111,1.0,0.8322272451806655,0.5745,1.6
ENSPD001068,Male,22.0,Mecanique,2,0.8211508553654744,12.0,0.6191536748329621,0.6950000000000001,0.635,1.0,3.0,14.7,Yes,No,Middle,0.0,Yes,Salle 1,231.0,0.5375,1.0,1.5276940993943824,0.665,4.0
ENSPD001069,Male,25.0,Electrique,4,0.880248833592535,8.0,0.645879732739421,0.721,0.536,2.0,0.9,16.7,Yes,No,Middle,2.0,Yes,Salle 23,157.0,0.625,1.0,1.4083755997384604,0.6285000000000001,2.9
ENSPD001070,Male,23.0,Energetique,4,0.8211508553654744,12.0,0.5957683741648108,0.8150000000000001,0.33299999999999996,1.0,2.2,11.5,Yes,No,Middle,2.0,No,Salle 3,70.0,0.4722222222222222,1.0,1.7388708705672749,0.5740000000000001,3.2
ENSPD001071,Male,22.0,Electrique,4,0.5972006220839813,26.0,0.6826280623608018,0.418,0.845,1.0,1.6,17.8,Yes,No,Middle,0.0,Yes,Salle 3,157.0,0.6166666666666666,1.0,0.968417737145854,0.6315,2.6
ENSPD001072,Male,22.0,Telecom,4,0.6749611197511663,21.0,0.5144766146993318,0.616,0.588,4.0,3.4,16.9,Yes,Yes,Low,1.0,Yes,Salle 29,121.0,0.3138888888888889,0.0,2.150250108053371,0.602,7.4
ENSPD001073,Male,22.0,Telecom,2,0.5800933125972006,27.0,0.7984409799554566,0.67,0.657,0.0,3.6,18.6,Yes,No,Low,1.0,Yes,Salle 22,161.0,0.6277777777777779,1.0,0.9240277258193773,0.6635,3.6
ENSPD001074,Male,21.0,Mecanique,5,0.6423017107309487,23.0,0.6893095768374164,0.616,0.493,0.0,0.1,1.7,Yes,No,Middle,1.0,Yes,Salle 14,67.0,0.4388888888888889,1.0,1.4634389081207106,0.5545,0.1
ENSPD001075,Other,18.0,Electrique,2,0.49455676516329705,32.0,0.6358574610244989,1.0,0.31,1.0,1.4,4.8,Yes,Yes,High,0.0,Yes,Salle 25,185.0,0.5180555555555555,1.0,0.9546219775853494,0.655,2.4
ENSPD001076,Male,26.0,Informatique,3,0.6982892690513217,19.0,0.4933184855233853,0.703,0.534,2.0,4.1,20.6,Yes,No,Low,1.0,Yes,Salle 12,263.0,0.43194444444444435,1.0,1.6165808177976322,0.6185,6.1
ENSPD001077,Male,22.0,GenieCivil,1,0.44012441679626746,36.0,0.7461024498886415,0.616,0.5660000000000001,0.0,1.0,9.7,No,Yes,Middle,0.0,Yes,Salle 16,149.0,0.5847222222222221,1.0,0.7526939684008079,0.591,1.0
ENSPD001078,Female,23.0,Mecanique,5,0.6827371695178849,20.0,0.6447661469933185,0.589,0.6990000000000001,0.0,1.4,11.5,Yes,No,Middle,0.0,No,Salle 13,67.0,0.5791666666666667,1.0,1.178806414020854,0.644,1.4
ENSPD001079,Male,22.0,Chimie,3,0.4867807153965785,33.0,0.48440979955456576,0.401,0.569,0.0,0.4,9.4,No,No,High,1.0,No,Salle 4,130.0,0.37083333333333335,0.0,1.312631700888727,0.485,0.4
ENSPD001080,Female,21.0,GenieCivil,4,0.7589424572317262,16.0,0.601336302895323,0.721,0.49600000000000005,1.0,1.6,9.8,Yes,No,High,1.0,Yes,Salle 6,173.0,0.5208333333333334,1.0,1.4571415407673316,0.6085,2.6
ENSPD001081,Female,22.0,GenieCivil,1,0.5925349922239501,26.0,0.7149220489977729,0.606,0.33899999999999997,1.0,0.6,0.0,Yes,No,Low,0.0,Yes,Salle 25,149.0,0.40555555555555556,1.0,1.461009161422198,0.4725,1.6
ENSPD001082,Male,19.0,Mecanique,4,0.7744945567651632,14.0,0.7026726057906458,0.606,0.65,3.0,3.5,18.2,Yes,No,Middle,3.0,Yes,Salle 5,178.0,0.6055555555555555,1.0,1.2789607164077053,0.628,6.5
ENSPD001083,Male,27.0,Energetique,4,0.9222395023328148,5.0,0.6915367483296213,0.637,0.48100000000000004,1.0,1.4,4.7,No,No,Middle,2.0,Yes,Salle 6,70.0,0.4361111111111111,1.0,2.1146408161329635,0.559,2.4
ENSPD001084,Female,20.0,Informatique,3,0.9999999999999999,0.0,0.6258351893095769,0.66,0.904,0.0,0.9,11.5,Yes,No,Middle,1.0,Yes,Salle 22,263.0,0.7875000000000001,1.0,1.2698251450775226,0.782,0.9
ENSPD001085,Female,20.0,Informatique,2,0.24883359253499227,48.0,0.7817371937639199,0.307,0.67,1.0,0.2,9.4,Yes,No,Low,0.0,Yes,Salle 7,298.0,0.49583333333333335,1.0,0.5018391411299111,0.48850000000000005,1.2
ENSPD001086,Male,21.0,Informatique,3,0.5645412130637636,28.0,0.8173719376391981,0.7709999999999999,0.752,2.0,1.8,16.2,Yes,No,Middle,1.0,No,Salle 21,263.0,0.6888888888888889,1.0,0.8194834135591375,0.7615,3.8
ENSPD001087,Female,25.0,Energetique,1,0.6640746500777605,22.0,0.7338530066815144,0.46799999999999997,0.59,1.0,5.7,30.6,Yes,No,Low,0.0,Yes,Salle 20,83.0,0.4569444444444445,1.0,1.453262263123687,0.5289999999999999,6.7
ENSPD001088,Male,22.0,Energetique,3,0.8055987558320373,12.0,0.6113585746102449,0.595,0.68,1.0,0.4,8.4,Yes,No,Middle,1.0,Yes,Salle 8,104.0,0.5027777777777778,1.0,1.602263999718975,0.6375,1.4
ENSPD001089,Other,20.0,Electrique,2,0.41213063763608093,38.0,0.4331848552338531,0.851,0.462,0.0,0.0,6.7,Yes,No,Low,1.0,No,Salle 27,185.0,0.4569444444444445,1.0,0.9019074935076747,0.6565,0.0
ENSPD001090,Male,25.0,Telecom,2,0.5365474339035771,30.0,0.5189309576837416,0.9400000000000001,0.40399999999999997,1.0,1.1,13.1,Yes,No,Middle,2.0,Yes,Salle 24,161.0,0.4263888888888888,1.0,1.2583227768292586,0.672,2.1
ENSPD001091,Female,23.0,Informatique,1,0.7449455676516329,16.0,0.9365256124721604,0.314,0.643,1.0,2.8,18.5,Yes,Yes,High,0.0,No,Salle 27,248.0,0.5041666666666667,1.0,1.4775486786740752,0.47850000000000004,3.8
ENSPD001092,Female,23.0,Energetique,2,0.7356143079315708,17.0,0.6570155902004455,0.625,0.7540000000000001,1.0,7.4,32.5,Yes,Yes,Low,2.0,Yes,Salle 20,71.0,0.5680555555555554,1.0,1.294946156719811,0.6895,8.4
ENSPD001093,Female,23.0,Informatique,1,0.7900466562986003,14.0,0.9654788418708242,0.669,0.251,1.0,0.1,0.0,Yes,No,High,2.0,Yes,Salle 10,248.0,0.5555555555555556,1.0,1.4220583842865633,0.46,1.1
ENSPD001094,Male,27.0,Informatique,5,0.80248833592535,13.0,0.6113585746102449,0.349,0.54,2.0,3.1,9.9,Yes,Yes,Middle,2.0,No,Salle 10,109.0,0.4013888888888889,1.0,1.999229091407591,0.4445,5.1
ENSPD001095,Male,26.0,Informatique,3,0.7838258164852253,14.0,0.566815144766147,0.7640000000000001,1.0,0.0,0.9,11.5,No,Yes,Middle,1.0,Yes,Salle 21,263.0,0.7763888888888888,1.0,1.0095658658231277,0.8820000000000001,0.9
ENSPD001096,Male,21.0,Electrique,2,0.7558320373250388,16.0,0.5979955456570156,0.6409999999999999,0.736,2.0,0.3,3.3,No,Yes,Low,1.0,Yes,Salle 20,185.0,0.5680555555555554,1.0,1.3305366430567191,0.6884999999999999,2.3
ENSPD001097,Male,25.0,Chimie,3,0.7309486780715396,17.0,0.5946547884187082,0.655,0.948,0.0,0.4,11.5,Yes,No,Middle,0.0,No,Salle 11,130.0,0.6749999999999999,1.0,1.082870887944682,0.8015,0.4
ENSPD001098,Male,23.0,Mecanique,3,0.8444790046656298,10.0,0.6113585746102449,0.455,0.513,1.0,5.2,25.3,Yes,No,Low,1.0,Yes,Salle 1,212.0,0.41527777777777775,1.0,2.0334790712707034,0.484,6.2
ENSPD001099,Female,23.0,Energetique,5,0.30171073094867806,45.0,0.41870824053452116,0.6940000000000001,0.5479999999999999,0.0,3.3,25.2,Yes,Yes,High,1.0,Yes,Salle 18,40.0,0.38611111111111107,1.0,0.7813888499400311,0.621,3.3
ENSPD001100,Male,19.0,GenieCivil,1,0.9999999999999999,0.0,0.6937639198218263,0.7709999999999999,0.635,0.0,0.7,10.0,No,No,Low,0.0,Yes,Salle 25,149.0,0.8138888888888889,1.0,1.2286538458913132,0.703,0.7
ENSPD001101,Male,22.0,Informatique,2,0.3079315707620528,44.0,0.7861915367483296,0.643,0.765,0.0,5.6,24.4,Yes,No,Middle,1.0,Yes,Salle 11,298.0,0.4902777777777778,1.0,0.6280629147186743,0.704,5.6
ENSPD001102,Female,20.0,GenieCivil,5,0.5194401244167962,31.0,1.0,0.527,0.621,3.0,0.2,11.3,Yes,No,Middle,1.0,No,Salle 12,70.0,0.6486111111111111,1.0,0.8008375236615052,0.5740000000000001,3.2
ENSPD001103,Female,24.0,Electrique,2,0.6780715396578537,21.0,0.5378619153674833,0.542,0.387,1.0,0.8,7.3,Yes,No,Middle,1.0,No,Salle 10,185.0,0.3680555555555556,0.0,1.8422575256583769,0.4645,1.8
ENSPD001104,Female,24.0,Telecom,1,0.8460342146189735,10.0,0.5512249443207128,0.66,0.871,1.0,1.4,15.7,No,No,High,0.0,Yes,Salle 29,121.0,0.6694444444444445,1.0,1.2637666709660373,0.7655000000000001,2.4
ENSPD001105,Other,18.0,GenieCivil,1,0.16174183514774487,54.0,0.48106904231625836,0.629,1.0,1.0,14.9,66.5,Yes,Yes,Low,2.0,Yes,Salle 17,149.0,0.6541666666666666,1.0,0.24724488565435165,0.8145,15.9
ENSPD001106,Male,22.0,Electrique,1,0.7153965785381026,18.0,0.6113585746102449,0.616,0.326,1.0,1.3,10.4,No,Yes,Middle,0.0,Yes,Salle 6,143.0,0.4736111111111111,1.0,1.510482877040232,0.471,2.3
ENSPD001107,Male,24.0,Mecanique,5,0.8678071539657853,8.0,0.7461024498886415,0.534,0.9209999999999999,3.0,3.3,23.9,Yes,Yes,Low,1.0,Yes,Salle 14,67.0,0.7625,1.0,1.1380928170985107,0.7275,6.3
ENSPD001108,Female,22.0,Electrique,2,0.9051321928460342,6.0,0.46325167037861914,0.401,0.546,3.0,5.0,22.7,Yes,No,Low,3.0,Yes,Salle 30,185.0,0.4180555555555555,1.0,2.1650484734223787,0.47350000000000003,8.0
ENSPD001109,Female,23.0,Energetique,5,0.5894245723172628,26.0,0.45991091314031185,0.616,0.573,2.0,0.0,5.5,Yes,No,High,1.0,Yes,Salle 18,40.0,0.4277777777777778,1.0,1.3778434142722285,0.5945,2.0
ENSPD001110,Male,23.0,Informatique,5,0.6640746500777605,22.0,0.7694877505567929,0.534,0.6940000000000001,0.0,0.7,4.2,No,No,Middle,1.0,No,Salle 3,109.0,0.6333333333333333,1.0,1.0485223655591132,0.6140000000000001,0.7
ENSPD001111,Female,23.0,Telecom,3,0.6049766718506998,25.0,0.6737193763919822,0.761,0.399,0.0,0.2,7.2,No,No,Middle,2.0,Yes,Salle 26,154.0,0.4833333333333333,1.0,1.2516499765881393,0.5800000000000001,0.2
ENSPD001112,Male,21.0,Electrique,1,0.6469673405909798,23.0,0.7371937639198219,0.621,0.633,2.0,3.0,18.6,Yes,No,Low,3.0,No,Salle 7,143.0,0.5097222222222222,1.0,1.2692298277132044,0.627,5.0
ENSPD001113,Male,20.0,Mecanique,1,0.5272161741835147,30.0,0.46325167037861914,0.738,0.318,1.0,1.7,12.1,Yes,Yes,Low,2.0,Yes,Salle 10,186.0,0.38888888888888895,1.0,1.3556638736865714,0.528,2.7
ENSPD001114,Male,20.0,Energetique,3,0.5536547433903577,29.0,0.2962138084632517,0.43700000000000006,0.735,1.0,0.2,6.1,Yes,No,Middle,1.0,Yes,Salle 28,104.0,0.36249999999999993,0.0,1.5272812981444865,0.5860000000000001,1.2
ENSPD001115,Female,23.0,GenieCivil,2,0.8009331259720062,13.0,0.46436525612472157,0.6459999999999999,1.0,3.0,1.4,8.7,Yes,Yes,Middle,1.0,Yes,Salle 12,177.0,0.7027777777777777,1.0,1.1396514727455351,0.823,4.4
ENSPD001116,Female,22.0,Mecanique,3,0.7449455676516329,16.0,0.7249443207126949,0.494,0.512,0.0,1.4,12.1,No,Yes,Middle,1.0,Yes,Salle 8,212.0,0.5013888888888889,1.0,1.4857343806693488,0.503,1.4
ENSPD001117,Male,22.0,Informatique,2,0.8118195956454123,12.0,0.9632516703786191,0.4,0.606,1.0,2.4,17.1,No,No,Middle,5.0,Yes,Salle 13,298.0,0.6138888888888889,1.0,1.3223995194302194,0.503,3.4
ENSPD001118,Female,21.0,Mecanique,5,0.76049766718507,15.0,0.5389755011135858,0.465,0.616,1.0,3.0,12.2,Yes,No,Middle,1.0,Yes,Salle 24,67.0,0.3833333333333333,1.0,1.9838552051296139,0.5405,4.0
ENSPD001119,Male,21.0,Telecom,3,0.8522550544323483,10.0,0.9899777282850779,0.522,0.8370000000000001,1.0,0.2,4.7,No,No,High,1.0,No,Salle 24,154.0,0.7583333333333333,1.0,1.1238379991899206,0.6795,1.2
ENSPD001120,Male,24.0,Electrique,3,0.8833592534992224,8.0,0.7483296213808464,0.8440000000000001,0.721,3.0,1.3,8.8,Yes,No,Low,2.0,Yes,Salle 4,188.0,0.6916666666666667,1.0,1.2771274441804057,0.7825,4.3
ENSPD001121,Female,21.0,Telecom,4,0.3950233281493002,39.0,0.3775055679287305,0.517,0.8240000000000001,2.0,1.4,9.2,Yes,No,Middle,2.0,Yes,Salle 14,121.0,0.45138888888888895,1.0,0.8751092168650297,0.6705000000000001,3.4
ENSPD001122,Female,19.0,Mecanique,1,0.5598755832037324,28.0,0.645879732739421,0.391,0.539,0.0,2.8,21.0,Yes,No,Low,1.0,Yes,Salle 23,186.0,0.4291666666666667,1.0,1.3045340688070934,0.465,2.8
ENSPD001123,Female,23.0,Informatique,2,0.6765163297045101,21.0,0.755011135857461,0.644,0.7270000000000001,0.0,2.1,15.1,No,No,Middle,1.0,Yes,Salle 8,298.0,0.7111111111111112,1.0,0.9513377104604139,0.6855,2.1
ENSPD001124,Female,22.0,Informatique,1,0.7153965785381026,18.0,0.2048997772828508,0.625,0.0,2.0,2.6,16.0,No,No,Low,0.0,Yes,Salle 3,248.0,0.0,0.0,71539.65785381025,0.3125,4.6
ENSPD001125,Female,22.0,GenieCivil,1,0.5956454121306377,26.0,0.7182628062360802,0.531,0.773,1.0,0.2,2.7,Yes,No,Middle,0.0,Yes,Salle 5,149.0,0.5444444444444444,1.0,1.094022499418529,0.652,1.2
ENSPD001126,Male,25.0,Energetique,3,0.8895800933125974,7.0,0.8062360801781737,0.5910000000000001,0.396,1.0,1.4,18.0,No,No,Middle,1.0,Yes,Salle 1,104.0,0.44305555555555554,1.0,2.007784360933139,0.49350000000000005,2.4
ENSPD001127,Male,22.0,Electrique,2,0.9999999999999999,0.0,0.6770601336302895,0.7959999999999999,0.574,1.0,3.7,16.1,Yes,No,Low,0.0,Yes,Salle 29,185.0,0.5972222222222222,1.0,1.674390568343972,0.6849999999999999,4.7
ENSPD001128,Male,23.0,Mecanique,2,0.7542768273716952,16.0,0.6002227171492205,0.616,0.789,2.0,2.5,10.0,Yes,No,Middle,1.0,No,Salle 12,231.0,0.6347222222222223,1.0,1.1883386426026121,0.7025,4.5
ENSPD001129,Male,22.0,Telecom,5,0.7356143079315708,17.0,0.5812917594654788,0.725,0.33299999999999996,0.0,1.4,23.9,No,No,Middle,2.0,No,Salle 26,60.0,0.4625,1.0,1.5904830337323965,0.5289999999999999,1.4
ENSPD001130,Male,22.0,Chimie,1,0.8786936236391912,8.0,0.5712694877505569,0.40700000000000003,0.858,2.0,0.5,5.0,Yes,No,Low,1.0,Yes,Salle 13,96.0,0.6138888888888889,1.0,1.4313328131763865,0.6325000000000001,2.5
ENSPD001131,Female,23.0,Informatique,3,0.3716951788491446,40.0,0.4142538975501113,1.0,0.615,0.0,0.7,10.9,Yes,No,Middle,0.0,Yes,Salle 7,263.0,0.6680555555555555,1.0,0.5563753074203134,0.8075,0.7
ENSPD001132,Male,19.0,Telecom,1,0.7247278382581649,18.0,0.4955456570155903,0.809,0.9309999999999999,0.0,1.2,15.5,No,No,High,1.0,Yes,Salle 26,121.0,0.726388888888889,1.0,0.9976995413177461,0.87,1.2
ENSPD001133,Male,22.0,Mecanique,2,0.9020217729393468,6.0,0.5412026726057906,0.713,0.459,1.0,1.4,9.9,Yes,Yes,High,1.0,Yes,Salle 23,231.0,0.4986111111111111,1.0,1.8090324553834287,0.586,2.4
ENSPD001134,Male,22.0,Informatique,3,0.6003110419906686,26.0,0.6291759465478842,0.41000000000000003,0.277,2.0,0.6,9.2,No,No,Middle,2.0,No,Salle 22,263.0,0.20833333333333337,0.0,2.8813546965297756,0.3435,2.6
ENSPD001135,Female,22.0,Mecanique,5,0.49144634525660946,33.0,0.5167037861915368,0.7909999999999999,0.634,0.0,1.0,7.2,No,No,High,1.0,Yes,Salle 10,67.0,0.5263888888888889,1.0,0.9336006508181344,0.7124999999999999,1.0
ENSPD001136,Male,24.0,GenieCivil,2,0.6858475894245722,20.0,0.4654788418708241,0.53,0.757,1.0,2.3,14.5,No,No,Middle,1.0,No,Salle 18,177.0,0.4833333333333333,1.0,1.4189656546924663,0.6435,3.3
ENSPD001137,Female,23.0,GenieCivil,1,0.7091757387247278,19.0,0.7371937639198219,0.585,0.774,1.0,2.1,12.9,Yes,No,Middle,2.0,Yes,Salle 24,149.0,0.6569444444444444,1.0,1.0794899779153553,0.6795,3.1
ENSPD001138,Male,25.0,Mecanique,2,0.5505443234836701,29.0,0.6726057906458797,0.317,0.635,0.0,0.2,9.6,No,No,High,2.0,Yes,Salle 5,231.0,0.30972222222222223,0.0,1.7774848207064275,0.476,0.2
ENSPD001139,Male,20.0,Informatique,1,0.9999999999999999,0.0,0.5200445434298441,0.397,0.315,2.0,8.5,36.8,No,No,Middle,1.0,Yes,Salle 12,248.0,0.17222222222222228,0.0,5.806114483675139,0.356,10.5
ENSPD001140,Female,22.0,Chimie,2,0.6314152410575428,24.0,0.6948775055679287,0.6990000000000001,0.578,0.0,1.7,9.1,Yes,No,Middle,2.0,Yes,Salle 11,119.0,0.5888888888888888,1.0,1.0721963531785095,0.6385000000000001,1.7
ENSPD001141,Female,22.0,Energetique,3,0.505443234836703,32.0,0.534521158129176,0.8009999999999999,0.743,1.0,1.3,9.4,No,Yes,Middle,0.0,Yes,Salle 19,104.0,0.6416666666666667,1.0,0.7876914668914816,0.772,2.3
ENSPD001142,Male,20.0,Chimie,1,0.7029548989113531,19.0,0.6202672605790647,0.743,0.733,1.0,6.8,34.9,No,No,Middle,1.0,No,Salle 9,96.0,0.6819444444444445,1.0,1.0307945122111737,0.738,7.8
ENSPD001143,Female,24.0,Mecanique,2,0.8895800933125974,7.0,0.7728285077951002,0.737,0.9540000000000001,0.0,0.3,3.0,No,No,Low,1.0,No,Salle 24,231.0,0.8222222222222222,0.0,1.0819085767623606,0.8455,0.3
ENSPD001144,Male,27.0,Mecanique,3,0.7231726283048211,18.0,0.5089086859688196,0.608,0.5650000000000001,2.0,1.6,6.7,Yes,No,Low,2.0,No,Salle 11,212.0,0.4722222222222222,1.0,1.5313919598745884,0.5865,3.6
ENSPD001145,Male,22.0,Informatique,2,0.8102643856920683,12.0,0.4142538975501113,0.547,0.271,2.0,3.3,22.9,Yes,No,Middle,2.0,Yes,Salle 12,298.0,0.26388888888888895,0.0,3.0703592163785847,0.40900000000000003,5.3
ENSPD001146,Female,23.0,Informatique,1,0.5567651632970451,28.0,0.5857461024498887,0.672,0.635,0.0,1.0,0.1,No,No,Middle,1.0,Yes,Salle 27,248.0,0.7541666666666667,1.0,0.7382423613791355,0.6535,1.0
ENSPD001147,Female,22.0,Electrique,5,0.9984447900466563,0.0,0.38195991091314035,0.768,0.679,2.0,2.7,11.5,Yes,No,Middle,1.0,Yes,Salle 7,80.0,0.48611111111111116,1.0,2.053901316411755,0.7235,4.7
ENSPD001148,Female,21.0,Electrique,2,0.8242612752721618,11.0,0.5634743875278396,0.621,0.696,0.0,4.6,32.1,Yes,No,Low,3.0,Yes,Salle 26,185.0,0.6097222222222222,1.0,1.3518414235483076,0.6585,4.6
ENSPD001149,Female,18.0,Electrique,4,0.9160186625194401,5.0,0.5634743875278396,0.838,0.793,3.0,0.6,0.4,Yes,No,Middle,1.0,Yes,Salle 7,157.0,0.7402777777777778,1.0,1.237381853404601,0.8155,3.6
ENSPD001150,Female,21.0,Electrique,2,0.7884914463452567,14.0,0.1982182628062361,0.616,0.893,2.0,0.6,5.6,Yes,No,Middle,1.0,Yes,Salle 29,185.0,0.5319444444444444,1.0,1.4822537053313485,0.7545,2.6
ENSPD001151,Female,19.0,Mecanique,3,0.8740279937791603,8.0,0.6993318485523385,0.444,0.635,2.0,0.9,6.0,Yes,No,Middle,2.0,Yes,Salle 24,212.0,0.5069444444444444,1.0,1.7240760059554867,0.5395,2.9
ENSPD001152,Female,25.0,Mecanique,2,0.5567651632970451,28.0,0.5801781737193764,0.618,0.875,4.0,1.1,0.2,Yes,No,Low,2.0,Yes,Salle 10,231.0,0.6513888888888888,1.0,0.8547223103906988,0.7464999999999999,5.1
ENSPD001153,Female,22.0,Electrique,2,0.6283048211508552,24.0,0.8073496659242763,0.639,0.75,0.0,1.4,1.8,No,No,Middle,1.0,No,Salle 24,185.0,0.6763888888888889,1.0,0.9288968853614807,0.6945,1.4
ENSPD001154,Female,21.0,Mecanique,1,0.9720062208398134,2.0,0.645879732739421,0.605,0.509,1.0,0.5,8.1,Yes,Yes,Low,3.0,Yes,Salle 8,186.0,0.5055555555555555,1.0,1.9226116379144855,0.5569999999999999,1.5
ENSPD001155,Female,24.0,Informatique,2,0.9999999999999999,0.0,0.732739420935412,0.851,0.593,0.0,4.1,11.5,Yes,No,Low,1.0,Yes,Salle 25,298.0,0.6458333333333334,1.0,1.5483631221193992,0.722,4.1
ENSPD001156,Female,20.0,Mecanique,4,0.505443234836703,32.0,0.8095768374164811,0.765,0.763,1.0,1.7,16.2,Yes,No,Middle,0.0,No,Salle 27,178.0,0.6930555555555555,1.0,0.7292863290999131,0.764,2.7
ENSPD001157,Male,20.0,Mecanique,3,0.7667185069984447,15.0,0.5879732739420935,0.36200000000000004,0.498,1.0,0.6,5.9,No,No,Middle,2.0,No,Salle 13,212.0,0.3569444444444444,0.0,2.1479449799028205,0.43000000000000005,1.6
ENSPD001158,Female,22.0,Informatique,1,0.6391912908242613,23.0,0.6102449888641426,0.8959999999999999,0.8170000000000001,2.0,5.8,20.8,Yes,Yes,Middle,0.0,Yes,Salle 6,248.0,0.6791666666666665,1.0,0.9411266938267336,0.8565,7.8
ENSPD001159,Female,24.0,Telecom,3,0.5894245723172628,26.0,0.34743875278396436,0.127,0.672,0.0,3.0,17.2,Yes,No,Middle,3.0,Yes,Salle 7,154.0,0.27361111111111114,0.0,2.1541633608742683,0.3995,3.0
ENSPD001160,Male,23.0,Telecom,4,0.7729393468118196,15.0,0.8173719376391981,1.0,0.716,1.0,1.4,14.1,No,No,Middle,0.0,No,Salle 27,121.0,0.8111111111111109,1.0,0.9529271723097084,0.858,2.4
ENSPD001161,Female,22.0,Informatique,3,0.9331259720062209,4.0,0.5857461024498887,0.568,0.9279999999999999,2.0,2.9,22.7,Yes,Yes,Middle,2.0,Yes,Salle 26,263.0,0.6486111111111111,1.0,1.4386302820266563,0.748,4.9
ENSPD001162,Male,22.0,Informatique,1,0.8040435458786938,13.0,0.44209354120267264,0.5860000000000001,0.711,3.0,1.8,16.1,No,No,Middle,1.0,No,Salle 9,248.0,0.5013888888888889,1.0,1.6036005737078363,0.6485000000000001,4.8
ENSPD001163,Male,23.0,Chimie,4,0.6609642301710731,22.0,0.7338530066815144,0.609,0.654,1.0,2.3,8.7,Yes,No,Low,1.0,Yes,Salle 26,93.0,0.6097222222222222,1.0,1.0840237830340202,0.6315,3.3
ENSPD001164,Female,22.0,Informatique,2,0.8164852255054432,12.0,0.24610244988864138,0.6890000000000001,0.623,0.0,0.8,7.4,Yes,No,High,3.0,Yes,Salle 3,298.0,0.43333333333333335,1.0,1.8841531937850122,0.656,0.8
ENSPD001165,Male,20.0,Mecanique,2,0.6531881804043546,22.0,0.5389755011135858,0.62,0.613,1.0,0.5,7.9,Yes,Yes,Low,0.0,Yes,Salle 22,231.0,0.513888888888889,1.0,1.2710441577654037,0.6165,1.5
ENSPD001166,Female,22.0,Informatique,3,0.7962674961119752,13.0,0.7616926503340756,0.596,0.7020000000000001,0.0,0.6,9.0,Yes,No,Middle,0.0,No,Salle 11,263.0,0.6305555555555554,1.0,1.2627830510190639,0.649,0.6
ENSPD001167,Female,20.0,Mecanique,4,0.9813374805598755,1.0,0.5367483296213809,0.856,0.913,1.0,0.2,0.0,Yes,Yes,Middle,0.0,Yes,Salle 10,178.0,0.8097222222222222,1.0,1.2119284050061652,0.8845000000000001,1.2
ENSPD001168,Male,22.0,Chimie,5,0.33281493001555207,43.0,0.489977728285078,0.7220000000000001,0.518,1.0,1.3,18.4,Yes,No,Middle,0.0,Yes,Salle 14,48.0,0.4833333333333333,1.0,0.6885683675831923,0.6200000000000001,2.3
ENSPD001169,Male,21.0,Chimie,5,0.8693623639191289,8.0,0.5412026726057906,0.44700000000000006,0.635,2.0,1.0,14.3,No,No,Middle,0.0,No,Salle 4,48.0,0.31805555555555554,0.0,2.7332804471727212,0.541,3.0
ENSPD001170,Male,27.0,Informatique,1,0.43234836702954893,36.0,0.2750556792873051,0.753,0.897,1.0,0.0,5.0,Yes,No,Middle,1.0,Yes,Salle 2,248.0,0.5499999999999999,1.0,0.7860736478055835,0.825,1.0
ENSPD001171,Female,22.0,Mecanique,5,0.948678071539658,3.0,0.7293986636971047,0.7140000000000001,0.527,2.0,3.9,21.1,No,No,Low,2.0,Yes,Salle 21,67.0,0.5833333333333334,1.0,1.626277386455646,0.6205,5.9
ENSPD001172,Other,19.0,Informatique,1,0.6018662519440124,26.0,0.5902004454342985,0.522,0.6829999999999999,1.0,2.3,11.5,Yes,No,Low,1.0,Yes,Salle 15,248.0,0.49722222222222223,1.0,1.2104329225772246,0.6025,3.3
ENSPD001173,Female,22.0,Informatique,2,0.4930015552099535,33.0,0.5645879732739421,0.763,0.522,1.0,1.2,14.7,Yes,No,Middle,1.0,Yes,Salle 20,298.0,0.46944444444444444,1.0,1.0501584574268432,0.6425000000000001,2.2
ENSPD001174,Male,23.0,Energetique,3,0.8491446345256609,10.0,0.5657015590200446,0.5920000000000001,0.304,1.0,6.8,27.6,No,Yes,Middle,0.0,Yes,Salle 4,104.0,0.2416666666666667,0.0,3.513556547421462,0.44800000000000006,7.8
ENSPD001175,Female,25.0,Electrique,3,0.7884914463452567,14.0,0.6124721603563474,0.616,0.68,5.0,5.6,27.9,Yes,No,Middle,1.0,Yes,Salle 24,188.0,0.6055555555555555,1.0,1.3020744642945916,0.648,10.6
ENSPD001176,Male,21.0,GenieCivil,3,0.5334370139968895,30.0,0.7193763919821826,0.5750000000000001,0.863,1.0,0.2,2.5,Yes,No,Middle,2.0,Yes,Salle 3,185.0,0.623611111111111,1.0,0.8553863948679676,0.7190000000000001,1.2
ENSPD001177,Female,19.0,Chimie,3,0.4867807153965785,33.0,0.601336302895323,0.18300000000000002,0.628,1.0,1.9,12.5,Yes,No,High,1.0,No,Salle 26,130.0,0.3736111111111111,1.0,1.3028726185973332,0.4055,2.9
ENSPD001178,Male,24.0,Telecom,5,0.6858475894245722,20.0,0.3830734966592428,0.525,0.344,0.0,3.4,23.3,Yes,No,Middle,1.0,Yes,Salle 14,60.0,0.21111111111111114,0.0,3.2485978584283632,0.4345,3.4
ENSPD001179,Female,19.0,Chimie,2,0.4961119751166406,32.0,0.7060133630289532,0.748,0.662,3.0,0.4,4.0,Yes,No,Middle,1.0,Yes,Salle 10,119.0,0.6527777777777778,1.0,0.7599896811878228,0.7050000000000001,3.4
ENSPD001180,Male,21.0,Informatique,2,0.5225505443234836,31.0,0.6937639198218263,0.616,0.489,3.0,1.4,6.9,No,No,High,0.0,Yes,Salle 10,298.0,0.4013888888888889,1.0,1.3018235944049428,0.5525,4.4
ENSPD001181,Female,21.0,Informatique,5,0.7418351477449457,17.0,0.6447661469933185,0.389,0.11599999999999999,2.0,0.6,6.9,Yes,Yes,Low,0.0,Yes,Salle 5,109.0,0.15277777777777785,0.0,4.855330436338355,0.2525,2.6
ENSPD001182,Male,22.0,Electrique,1,0.5396578538102644,30.0,0.7895322939866369,0.794,0.624,1.0,0.7,11.5,Yes,Yes,Low,1.0,No,Salle 11,143.0,0.5958333333333332,1.0,0.9057042742951412,0.7090000000000001,1.7
ENSPD001183,Female,23.0,Mecanique,3,0.7993779160186624,13.0,0.6158129175946548,0.5660000000000001,0.7440000000000001,1.0,6.7,29.3,Yes,No,Low,0.0,No,Salle 13,212.0,0.6625000000000001,1.0,1.2065899624438308,0.655,7.7
ENSPD001184,Female,21.0,Energetique,3,0.9984447900466563,0.0,0.7962138084632517,0.4,0.876,2.0,3.0,14.6,Yes,No,Middle,2.0,Yes,Salle 20,104.0,0.6486111111111111,1.0,1.5393344017685222,0.638,5.0
ENSPD001185,Male,21.0,Electrique,3,0.6920684292379472,20.0,0.8452115812917594,1.0,0.991,2.0,0.1,0.0,Yes,No,High,1.0,Yes,Salle 14,188.0,0.9388888888888889,1.0,0.7371064524924025,0.9955,2.1
ENSPD001186,Female,22.0,Energetique,3,0.7449455676516329,16.0,0.7071269487750558,0.43,0.77,0.0,3.1,16.8,Yes,No,Middle,1.0,Yes,Salle 27,104.0,0.5194444444444445,1.0,1.4340922011907142,0.6,3.1
ENSPD001187,Female,22.0,Informatique,1,0.9999999999999999,0.0,0.4855233853006682,0.778,0.635,1.0,0.4,6.9,Yes,No,Middle,2.0,No,Salle 3,248.0,0.7111111111111112,1.0,1.406230224887462,0.7065,1.4
ENSPD001188,Male,22.0,Telecom,4,0.4976671850699844,32.0,0.5879732739420935,0.48200000000000004,0.383,0.0,0.9,2.5,Yes,No,Middle,1.0,Yes,Salle 27,121.0,0.3375,0.0,1.4745257475926177,0.4325,0.9
ENSPD001189,Male,23.0,Mecanique,1,0.942457231726283,4.0,0.8173719376391981,0.644,0.9640000000000001,0.0,0.8,6.4,Yes,No,Middle,1.0,Yes,Salle 26,186.0,0.8694444444444445,1.0,1.083963901442226,0.804,0.8
ENSPD001190,Female,24.0,Energetique,2,0.9206842923794712,5.0,0.3596881959910913,0.45799999999999996,0.893,0.0,0.6,6.5,No,No,Middle,1.0,Yes,Salle 3,71.0,0.5625,1.0,1.6367429776883458,0.6755,0.6
ENSPD001191,Male,23.0,Informatique,1,0.880248833592535,8.0,0.544543429844098,0.397,0.5670000000000001,1.0,0.7,11.0,Yes,No,Middle,2.0,Yes,Salle 23,248.0,0.38194444444444453,1.0,2.304591153201171,0.48200000000000004,1.7
ENSPD001192,Female,23.0,GenieCivil,3,0.9611197511664075,2.0,0.5534521158129176,0.7140000000000001,0.7759999999999999,1.0,2.8,23.1,No,No,Middle,2.0,No,Salle 21,185.0,0.5833333333333334,1.0,1.6476056144747362,0.745,3.8
ENSPD001193,Male,19.0,Chimie,3,0.7729393468118196,15.0,0.4654788418708241,0.693,0.756,1.0,0.6,9.0,No,No,Low,1.0,Yes,Salle 13,130.0,0.5499999999999999,1.0,1.4053187156812055,0.7244999999999999,1.6
ENSPD001194,Female,22.0,GenieCivil,5,0.6111975116640745,25.0,0.7561247216035635,0.826,0.934,1.0,3.2,12.3,Yes,No,Middle,0.0,No,Salle 21,70.0,0.8333333333333333,1.0,0.7334282128583353,0.88,4.2
ENSPD001195,Male,23.0,GenieCivil,4,0.9237947122861586,5.0,0.6737193763919822,0.614,0.61,1.0,0.2,2.1,Yes,No,Middle,1.0,Yes,Salle 28,173.0,0.625,1.0,1.4780478908915997,0.612,1.2
ENSPD001196,Female,23.0,Energetique,3,0.9315707620528771,4.0,0.49109131403118034,1.0,0.49100000000000005,0.0,1.8,12.5,Yes,No,Middle,0.0,No,Salle 12,104.0,0.6625000000000001,1.0,1.4061233219919353,0.7455,1.8
ENSPD001197,Female,21.0,GenieCivil,5,0.926905132192846,5.0,0.6113585746102449,0.668,0.542,0.0,4.0,19.2,No,No,Middle,0.0,Yes,Salle 23,70.0,0.513888888888889,1.0,1.8036721857813822,0.605,4.0
ENSPD001198,Female,21.0,Electrique,3,0.7278382581648523,18.0,0.5835189309576838,0.7220000000000001,0.8190000000000001,2.0,0.2,5.6,Yes,No,Middle,0.0,No,Salle 8,188.0,0.6652777777777776,1.0,1.0940201856646283,0.7705000000000001,2.2
ENSPD001199,Female,21.0,Informatique,3,0.5863141524105754,27.0,0.4610244988864143,0.375,0.256,2.0,2.0,16.3,Yes,Yes,Middle,1.0,Yes,Salle 28,263.0,0.175,0.0,3.350175146623481,0.3155,4.0
ENSPD001200,Male,23.0,Telecom,3,0.7558320373250388,16.0,0.49109131403118034,0.509,0.040999999999999995,2.0,1.4,9.9,Yes,No,Middle,1.0,Yes,Salle 22,154.0,0.1375,0.0,5.496560521598711,0.275,3.4
ENSPD001201,Female,24.0,Electrique,2,0.8958009331259719,7.0,0.6826280623608018,0.7140000000000001,0.8190000000000001,1.0,0.8,18.0,Yes,No,Middle,1.0,Yes,Salle 26,185.0,0.7250000000000001,1.0,1.2355704516158008,0.7665000000000001,1.8
ENSPD001202,Male,21.0,GenieCivil,4,0.9113530326594089,6.0,0.7672605790645879,0.605,0.6950000000000001,0.0,0.2,0.0,Yes,Yes,High,4.0,Yes,Salle 15,173.0,0.6000000000000001,1.0,1.518896406158912,0.65,0.2
ENSPD001203,Male,24.0,Informatique,1,0.6391912908242613,23.0,0.5289532293986637,0.654,0.644,1.0,2.3,11.5,No,Yes,Middle,1.0,Yes,Salle 14,248.0,0.513888888888889,1.0,1.2438074972418594,0.649,3.3
ENSPD001204,Male,22.0,Electrique,3,0.7791601866251944,14.0,0.7015590200445435,0.473,0.379,2.0,0.7,1.1,No,Yes,Low,1.0,No,Salle 8,188.0,0.3555555555555555,0.0,2.191326393828533,0.426,2.7
ENSPD001205,Male,22.0,Informatique,4,0.4758942457231726,34.0,0.8741648106904232,0.642,0.298,1.0,0.8,4.8,No,No,High,2.0,Yes,Salle 3,230.0,0.4458333333333333,1.0,1.067402403811143,0.47,1.8
ENSPD001206,Female,22.0,Informatique,4,0.9035769828926904,6.0,0.3997772828507795,0.6409999999999999,0.513,1.0,2.5,18.4,No,Yes,Low,1.0,Yes,Salle 23,230.0,0.4722222222222222,1.0,1.9134166208325503,0.577,3.5
ENSPD001207,Female,23.0,Electrique,4,0.5738724727838257,27.0,0.6692650334075724,0.408,0.7120000000000001,1.0,5.8,20.0,Yes,No,High,1.0,Yes,Salle 18,157.0,0.5,1.0,1.147721991127829,0.56,6.8
ENSPD001208,Male,23.0,Informatique,3,0.8662519440124418,9.0,0.7494432071269488,0.736,0.523,1.0,0.8,9.4,No,Yes,Middle,2.0,No,Salle 12,263.0,0.5527777777777778,1.0,1.5670605951072194,0.6295,1.8
ENSPD001209,Male,27.0,Informatique,3,0.505443234836703,32.0,0.5946547884187082,0.314,0.8200000000000001,2.0,2.7,10.8,Yes,No,Middle,1.0,Yes,Salle 26,263.0,0.5527777777777778,1.0,0.914353129999724,0.5670000000000001,4.7
ENSPD001210,Other,20.0,Electrique,2,0.9129082426127527,6.0,0.8173719376391981,0.653,0.449,0.0,6.3,29.9,Yes,No,Middle,1.0,Yes,Salle 7,185.0,0.5430555555555555,1.0,1.681027701487804,0.551,6.3
ENSPD001211,Male,23.0,Informatique,2,0.7807153965785382,14.0,0.977728285077951,0.938,0.536,1.0,0.2,3.3,Yes,No,Low,1.0,Yes,Salle 30,298.0,0.75,1.0,1.0409399829049455,0.737,1.2
ENSPD001212,Male,21.0,Mecanique,4,0.5738724727838257,27.0,0.6681514476614699,0.742,0.635,1.0,1.5,11.1,Yes,No,Low,0.0,Yes,Salle 8,178.0,0.6777777777777778,1.0,0.8466845989246767,0.6885,2.5
ENSPD001213,Male,20.0,Informatique,5,0.8491446345256609,10.0,0.5712694877505569,0.741,0.5650000000000001,1.0,0.0,6.6,Yes,No,Middle,1.0,Yes,Salle 3,109.0,0.5569444444444444,1.0,1.5246213455979742,0.653,1.0
ENSPD001214,Female,22.0,Electrique,4,0.609642301710731,25.0,0.7739420935412027,0.616,0.5750000000000001,1.0,3.5,23.2,No,No,Middle,0.0,Yes,Salle 13,157.0,0.5805555555555555,1.0,1.0500834847622873,0.5955,4.5
ENSPD001215,Female,22.0,Electrique,1,0.8600311041990668,9.0,0.7505567928730512,0.938,0.511,0.0,0.7,8.4,Yes,No,High,1.0,Yes,Salle 5,143.0,0.7625,1.0,1.1278948527875923,0.7244999999999999,0.7
ENSPD001216,Male,28.0,Chimie,4,0.6687402799377916,21.0,0.1893095768374165,0.868,0.474,1.0,0.8,11.5,Yes,No,Middle,0.0,Yes,Salle 16,93.0,0.41388888888888886,1.0,1.6157092900950378,0.671,1.8
ENSPD001217,Male,22.0,Mecanique,5,0.39813374805598745,39.0,0.6102449888641426,0.46799999999999997,0.711,2.0,2.3,13.9,No,No,Middle,2.0,Yes,Salle 20,67.0,0.5152777777777777,1.0,0.7726434920947923,0.5894999999999999,4.3
ENSPD001218,Female,20.0,Informatique,2,0.5365474339035771,30.0,0.544543429844098,0.535,0.737,0.0,3.1,12.0,No,No,Low,2.0,No,Salle 18,298.0,0.5069444444444444,1.0,1.05837406059545,0.636,3.1
ENSPD001219,Female,23.0,Informatique,3,0.6391912908242613,23.0,0.6770601336302895,0.616,0.685,2.0,1.0,4.4,No,No,Middle,4.0,No,Salle 29,263.0,0.6263888888888889,1.0,1.0204221338228485,0.6505000000000001,3.0
ENSPD001220,Male,18.0,GenieCivil,4,0.975116640746501,2.0,0.5779510022271716,0.616,0.517,0.0,2.2,19.8,Yes,No,Middle,0.0,Yes,Salle 18,173.0,0.6722222222222222,1.0,1.4505651596453126,0.5665,2.2
ENSPD001221,Female,22.0,Energetique,3,0.8880248833592533,7.0,0.5957683741648108,0.392,0.6,1.0,6.3,25.3,No,No,Middle,2.0,Yes,Salle 5,104.0,0.35,0.0,2.5371414626989326,0.496,7.3
ENSPD001222,Male,22.0,Informatique,5,0.9999999999999999,0.0,0.46659242761692654,0.439,0.9590000000000001,2.0,4.4,23.4,Yes,No,Middle,1.0,No,Salle 10,109.0,0.6097222222222222,1.0,1.640064217625588,0.6990000000000001,6.4
ENSPD001223,Male,24.0,Mecanique,2,0.9999999999999999,0.0,0.732739420935412,0.594,0.35600000000000004,1.0,2.4,15.3,Yes,Yes,Middle,2.0,Yes,Salle 5,231.0,0.48749999999999993,1.0,2.0512399745646244,0.475,3.4
ENSPD001224,Female,24.0,Informatique,4,0.6205287713841366,24.0,0.8864142538975501,0.22899999999999998,0.635,1.0,5.7,11.5,Yes,No,Low,0.0,Yes,Salle 2,230.0,0.6861111111111111,1.0,0.9044012220805252,0.432,6.7
ENSPD001225,Male,21.0,Electrique,4,0.6842923794712287,20.0,0.4688195991091314,0.623,0.635,1.0,1.4,25.9,Yes,Yes,Middle,1.0,No,Salle 8,157.0,0.5402777777777777,1.0,1.266533146993898,0.629,2.4
ENSPD001226,Female,22.0,Electrique,3,0.6438569206842922,23.0,0.3763919821826281,0.833,0.604,2.0,2.6,12.8,Yes,No,Middle,2.0,No,Salle 1,188.0,0.4930555555555556,1.0,1.3058241717145185,0.7184999999999999,4.6
ENSPD001227,Male,20.0,Electrique,4,0.5940902021772939,26.0,0.6135857461024499,0.36100000000000004,0.635,4.0,1.4,24.2,Yes,No,Middle,1.0,Yes,Salle 19,157.0,0.5208333333333334,1.0,1.1406312880596736,0.498,5.4
ENSPD001228,Male,20.0,Telecom,3,0.37636080870917565,40.0,0.6057906458797326,0.643,0.227,1.0,3.4,17.2,Yes,Yes,Middle,1.0,Yes,Salle 18,154.0,0.3305555555555556,0.0,1.1385360706340246,0.435,4.4
ENSPD001229,Other,23.0,GenieCivil,2,0.7169517884914464,18.0,0.8062360801781737,0.515,0.9159999999999999,2.0,1.4,11.5,Yes,No,Middle,0.0,No,Salle 15,177.0,0.7152777777777779,1.0,1.002326351386624,0.7155,3.4
ENSPD001230,Male,19.0,Informatique,1,0.48055987558320357,33.0,0.4053452115812918,0.915,1.0,2.0,1.4,7.6,Yes,No,Middle,1.0,Yes,Salle 14,248.0,0.723611111111111,1.0,0.6641042780597017,0.9575,3.4
ENSPD001231,Female,21.0,Mecanique,2,0.7138413685847588,18.0,0.5200445434298441,0.517,0.858,2.0,0.0,9.3,Yes,Yes,Low,4.0,Yes,Salle 26,231.0,0.623611111111111,1.0,1.1446715896338109,0.6875,2.0
ENSPD001232,Male,20.0,Electrique,4,0.7231726283048211,0.0,0.25167037861915365,0.893,0.22,1.0,0.1,13.5,Yes,No,Middle,1.0,Yes,Salle 6,157.0,0.32638888888888895,0.0,2.215609957394799,0.5565,1.1
ENSPD001233,Male,23.0,Electrique,5,0.625194401244168,24.0,0.8396436525612472,0.512,0.793,2.0,2.7,19.6,Yes,No,Middle,1.0,No,Salle 7,80.0,0.6083333333333333,1.0,1.0276999302655323,0.6525000000000001,4.7
ENSPD001234,Male,26.0,GenieCivil,2,0.7558320373250388,16.0,0.6525612472160356,0.7590000000000001,0.9690000000000001,1.0,1.6,13.0,Yes,No,Middle,2.0,Yes,Salle 22,177.0,0.7458333333333333,1.0,1.0133924961788743,0.8640000000000001,2.6
ENSPD001235,Female,19.0,Electrique,2,0.8895800933125974,7.0,0.532293986636971,0.665,0.9490000000000001,3.0,2.9,11.1,Yes,No,Middle,0.0,Yes,Salle 4,185.0,0.7152777777777779,1.0,1.2436674034558546,0.807,5.9
ENSPD001236,Male,18.0,Electrique,1,0.7729393468118196,15.0,0.38975501113585753,0.616,0.358,2.0,6.0,29.7,Yes,No,High,1.0,No,Salle 2,143.0,0.2777777777777778,0.0,2.7824814791892996,0.487,8.0
ENSPD001237,Female,22.0,Telecom,3,0.7744945567651632,14.0,0.40423162583518935,0.478,0.843,1.0,1.2,11.5,Yes,Yes,Middle,0.0,Yes,Salle 16,154.0,0.5125,1.0,1.511179404821688,0.6605,2.2
ENSPD001238,Male,22.0,Electrique,5,0.6531881804043546,22.0,0.6792873051224945,0.6779999999999999,0.9990000000000001,0.0,1.4,15.2,Yes,Yes,High,0.0,Yes,Salle 26,80.0,0.7305555555555554,1.0,0.8940856510921056,0.8385,1.4
ENSPD001239,Female,22.0,Chimie,3,0.6765163297045101,21.0,0.42538975501113585,0.541,0.6459999999999999,1.0,2.0,6.0,Yes,No,Middle,0.0,Yes,Salle 4,130.0,0.4736111111111111,1.0,1.428391416331524,0.5934999999999999,3.0
ENSPD001240,Male,21.0,Mecanique,3,0.541213063763608,30.0,0.6280623608017817,0.49600000000000005,0.349,2.0,0.2,0.8,Yes,No,Low,0.0,Yes,Salle 25,212.0,0.3736111111111111,1.0,1.4485612500698781,0.4225,2.2
ENSPD001241,Female,22.0,Electrique,3,0.8786936236391912,8.0,0.9510022271714922,0.885,0.8059999999999999,0.0,1.9,17.4,Yes,No,Low,2.0,Yes,Salle 2,188.0,0.8319444444444444,1.0,1.05617997416428,0.8454999999999999,1.9
ENSPD001242,Female,23.0,Telecom,1,0.3950233281493002,39.0,0.5523385300668151,0.7190000000000001,0.851,1.0,1.5,17.2,Yes,No,Middle,0.0,Yes,Salle 23,121.0,0.5902777777777778,1.0,0.6692046541034979,0.785,2.5
ENSPD001243,Female,24.0,Mecanique,4,0.9020217729393468,6.0,0.44988864142538976,0.736,0.612,1.0,2.5,16.3,No,No,Middle,1.0,Yes,Salle 20,178.0,0.5805555555555555,1.0,1.5536949519442005,0.6739999999999999,3.5
ENSPD001244,Female,18.0,Chimie,3,0.458786936236392,35.0,0.6737193763919822,0.55,0.402,1.0,0.9,7.1,Yes,No,Low,0.0,No,Salle 26,130.0,0.4263888888888888,1.0,1.0759571569989312,0.47600000000000003,1.9
ENSPD001245,Female,21.0,Chimie,3,0.7231726283048211,6.0,0.4053452115812918,0.5870000000000001,0.836,1.0,0.3,8.5,Yes,No,Low,1.0,Yes,Salle 13,130.0,0.5402777777777777,1.0,1.3384952576185511,0.7115,1.3
ENSPD001246,Female,22.0,Informatique,4,0.6547433903576981,22.0,0.8975501113585747,0.5750000000000001,0.48600000000000004,1.0,0.5,11.5,Yes,No,Low,0.0,Yes,Salle 3,230.0,0.5569444444444444,1.0,1.1755779972467895,0.5305000000000001,1.5
ENSPD001247,Male,20.0,Electrique,4,0.4898911353032659,33.0,0.8452115812917594,0.6809999999999999,0.7190000000000001,1.0,2.3,11.6,Yes,Yes,Low,1.0,No,Salle 9,157.0,0.6694444444444445,1.0,0.7317766569012899,0.7,3.3
ENSPD001248,Male,25.0,Informatique,4,0.8289269051321929,11.0,0.5824053452115813,0.736,0.9520000000000001,2.0,1.3,12.1,Yes,No,High,4.0,Yes,Salle 19,230.0,0.7250000000000001,1.0,1.1433316852625384,0.8440000000000001,3.3
ENSPD001249,Female,21.0,Energetique,5,0.8926905132192845,7.0,0.45991091314031185,0.615,0.308,0.0,1.6,10.6,Yes,No,High,0.0,No,Salle 21,40.0,0.3416666666666667,0.0,2.612676253044158,0.4615,1.6
ENSPD001250,Female,22.0,Telecom,5,0.6376360808709175,23.0,0.5389755011135858,0.47700000000000004,0.8220000000000001,0.0,0.8,9.7,Yes,No,Middle,0.0,Yes,Salle 9,60.0,0.5388888888888889,1.0,1.1832202552608835,0.6495000000000001,0.8
ENSPD001251,Female,23.0,Informatique,3,0.8538102643856921,9.0,0.5612472160356348,0.757,0.599,0.0,3.6,22.5,Yes,No,Low,3.0,No,Salle 11,263.0,0.576388888888889,1.0,1.4812836749764782,0.6779999999999999,3.6
ENSPD001252,Male,21.0,Informatique,1,0.29393468118195953,45.0,0.6748329621380846,0.626,0.604,0.0,15.0,62.7,Yes,No,Low,0.0,No,Salle 3,248.0,0.5513888888888888,1.0,0.533070862319401,0.615,15.0
ENSPD001253,Male,18.0,Electrique,2,0.47433903576982883,34.0,0.7839643652561247,0.616,0.635,2.0,0.7,11.7,Yes,No,Middle,0.0,Yes,Salle 10,185.0,0.4847222222222223,1.0,0.9785589115476033,0.6255,2.7
ENSPD001254,Male,21.0,Mecanique,4,0.9611197511664075,2.0,0.4376391982182628,0.23600000000000002,0.48600000000000004,0.0,2.5,13.0,Yes,No,Low,1.0,Yes,Salle 9,178.0,0.31944444444444453,0.0,3.0086285161499866,0.36100000000000004,2.5
ENSPD001255,Female,24.0,Informatique,1,0.6780715396578537,21.0,0.779510022271715,0.674,0.405,0.0,0.4,8.9,No,No,Low,1.0,Yes,Salle 27,248.0,0.4930555555555556,1.0,1.3752157943660146,0.5395000000000001,0.4
ENSPD001256,Male,21.0,GenieCivil,1,0.3732503888024883,40.0,0.7138084632516704,0.47100000000000003,0.28300000000000003,2.0,2.7,8.0,Yes,Yes,High,1.0,No,Salle 6,149.0,0.3291666666666666,0.0,1.133890784490056,0.377,4.7
ENSPD001257,Male,20.0,Mecanique,1,0.5894245723172628,26.0,0.5256124721603563,0.698,0.886,1.0,1.1,11.5,Yes,Yes,High,1.0,Yes,Salle 7,186.0,0.6069444444444445,1.0,0.9711183066741902,0.792,2.1
ENSPD001258,Male,24.0,Informatique,4,0.547433903576983,29.0,0.42873051224944325,0.48,0.5660000000000001,0.0,1.9,9.1,No,No,Low,1.0,No,Salle 24,230.0,0.3847222222222222,1.0,1.422895905144082,0.523,1.9
ENSPD001259,Male,21.0,Chimie,3,0.6889580093312596,20.0,0.6291759465478842,0.644,0.7540000000000001,1.0,0.5,5.0,No,No,Low,2.0,No,Salle 21,130.0,0.5527777777777778,1.0,1.2463336510457774,0.6990000000000001,1.5
ENSPD001260,Female,21.0,Telecom,2,0.6516329704510108,22.0,0.4331848552338531,0.552,0.543,3.0,1.4,11.2,No,No,Low,0.0,Yes,Salle 14,161.0,0.4013888888888889,1.0,1.6234050180228303,0.5475000000000001,4.4
ENSPD001261,Male,22.0,Chimie,1,0.7527216174183514,16.0,0.7817371937639199,0.935,0.408,0.0,0.4,11.5,Yes,No,Middle,0.0,No,Salle 11,96.0,0.6083333333333333,1.0,1.2373302642997948,0.6715,0.4
ENSPD001262,Female,24.0,Telecom,4,0.7076205287713843,19.0,0.42204899777282856,0.7909999999999999,0.77,1.0,5.3,31.5,Yes,No,Middle,1.0,No,Salle 18,121.0,0.5666666666666667,1.0,1.248720073359972,0.7805,6.3
ENSPD001263,Male,27.0,Informatique,2,0.9735614307931569,2.0,0.7015590200445435,0.863,0.706,1.0,0.1,0.0,Yes,No,Middle,1.0,No,Salle 7,298.0,0.7430555555555556,1.0,1.310195881795746,0.7845,1.1
ENSPD001264,Male,24.0,Mecanique,2,0.7993779160186624,13.0,0.5968819599109131,0.616,0.593,3.0,0.7,8.6,Yes,No,Middle,0.0,Yes,Salle 7,231.0,0.4805555555555555,1.0,1.6634107600461405,0.6045,3.7
ENSPD001265,Male,24.0,Informatique,3,0.8055987558320373,12.0,0.5167037861915368,0.768,0.7000000000000001,2.0,1.4,3.6,No,No,Middle,1.0,Yes,Salle 13,263.0,0.5680555555555554,1.0,1.4181439940398777,0.734,3.4
ENSPD001266,Male,21.0,Chimie,3,0.9377916018662519,4.0,0.5935412026726058,0.636,0.44799999999999995,0.0,3.9,11.5,Yes,No,Middle,0.0,Yes,Salle 16,130.0,0.461111111111111,1.0,2.0337208149211867,0.542,3.9
ENSPD001267,Male,20.0,Energetique,2,0.6469673405909798,23.0,0.7906458797327395,0.885,0.8520000000000001,1.0,1.7,15.2,Yes,No,Low,0.0,Yes,Salle 12,71.0,0.788888888888889,1.0,0.8200890503245477,0.8685,2.7
ENSPD001268,Male,22.0,Chimie,3,0.48522550544323495,33.0,0.41091314031180404,0.6070000000000001,0.898,0.0,0.5,6.6,Yes,No,Low,0.0,Yes,Salle 2,130.0,0.6486111111111111,1.0,0.7480877466538614,0.7525000000000001,0.5
ENSPD001269,Female,22.0,Telecom,2,0.9455676516329704,4.0,0.5412026726057906,0.368,0.792,0.0,3.9,23.7,No,Yes,Middle,1.0,No,Salle 7,161.0,0.5013888888888889,1.0,1.8858590886157915,0.5800000000000001,3.9
ENSPD001270,Male,20.0,Electrique,4,0.7449455676516329,16.0,0.48440979955456576,0.26,0.5660000000000001,0.0,1.8,10.2,No,No,Middle,1.0,Yes,Salle 19,157.0,0.29999999999999993,0.0,2.4830691232013367,0.41300000000000003,1.8
ENSPD001271,Female,22.0,Mecanique,2,0.7465007776049767,16.0,0.6035634743875279,0.92,0.652,3.0,0.5,17.3,Yes,No,Middle,0.0,Yes,Salle 30,231.0,0.6930555555555555,1.0,1.0770998091321793,0.786,3.5
ENSPD001272,Female,23.0,GenieCivil,1,0.6018662519440124,26.0,0.6113585746102449,0.706,0.9540000000000001,2.0,1.7,16.2,Yes,No,Middle,1.0,No,Salle 10,149.0,0.6597222222222222,1.0,0.9122887008864055,0.8300000000000001,3.7
ENSPD001273,Female,23.0,Informatique,4,0.6049766718506998,25.0,0.3151447661469933,0.718,0.8959999999999999,1.0,2.2,14.6,Yes,No,Middle,1.0,Yes,Salle 10,230.0,0.5916666666666666,1.0,1.022478502082838,0.8069999999999999,3.2
ENSPD001274,Male,23.0,Informatique,3,0.8786936236391912,8.0,0.4342984409799555,0.888,1.0,2.0,2.3,21.0,Yes,No,Low,1.0,Yes,Salle 6,263.0,0.7999999999999998,1.0,1.0983533001327377,0.944,4.3
ENSPD001275,Male,23.0,Electrique,1,0.9035769828926904,6.0,0.8841870824053452,0.32299999999999995,0.484,1.0,2.6,21.0,Yes,No,Middle,1.0,Yes,Salle 29,143.0,0.5291666666666666,1.0,1.7075147862894382,0.40349999999999997,3.6
ENSPD001276,Male,21.0,GenieCivil,1,0.8662519440124418,9.0,0.6113585746102449,0.555,0.466,2.0,4.5,20.9,No,Yes,Middle,4.0,No,Salle 25,149.0,0.45000000000000007,1.0,1.924961543104468,0.5105000000000001,6.5
ENSPD001277,Male,21.0,Electrique,4,0.8678071539657853,8.0,0.645879732739421,0.578,0.635,1.0,3.5,21.0,No,Yes,High,1.0,Yes,Salle 20,157.0,0.6097222222222222,1.0,1.423259461018784,0.6065,4.5
ENSPD001278,Other,20.0,Electrique,4,0.8258164852255053,11.0,0.5634743875278396,0.7540000000000001,0.721,1.0,1.9,11.4,Yes,Yes,Middle,0.0,Yes,Salle 12,157.0,0.6805555555555556,1.0,1.213426801406926,0.7375,2.9
ENSPD001279,Male,26.0,Mecanique,2,0.7449455676516329,16.0,0.601336302895323,0.495,0.612,0.0,0.1,9.1,Yes,No,Low,1.0,Yes,Salle 1,231.0,0.3944444444444445,1.0,1.8885465182191705,0.5535,0.1
ENSPD001280,Male,22.0,GenieCivil,3,0.687402799377916,20.0,0.5389755011135858,0.40399999999999997,0.562,2.0,2.8,11.5,Yes,Yes,Middle,2.0,Yes,Salle 26,185.0,0.31666666666666665,0.0,2.170677134547065,0.483,4.8
ENSPD001281,Female,22.0,GenieCivil,1,0.9455676516329704,4.0,0.6982182628062361,0.402,0.893,1.0,7.4,28.7,Yes,No,Low,0.0,Yes,Salle 4,149.0,0.6541666666666666,1.0,1.4454316392100564,0.6475,8.4
ENSPD001282,Female,20.0,Mecanique,3,0.6500777604976672,22.0,0.6269487750556793,0.8270000000000001,0.622,0.0,1.4,8.3,Yes,No,Middle,1.0,Yes,Salle 13,212.0,0.5944444444444444,1.0,1.0935703594666641,0.7245,1.4
ENSPD001283,Male,28.0,Telecom,1,0.7884914463452567,14.0,0.4142538975501113,0.48600000000000004,0.397,2.0,1.9,18.4,Yes,Yes,Middle,0.0,Yes,Salle 19,121.0,0.2958333333333333,0.0,2.6652331065268444,0.4415,3.9
ENSPD001284,Male,20.0,GenieCivil,2,0.5707620528771385,28.0,0.6525612472160356,0.521,0.42,3.0,2.9,19.6,Yes,No,Low,1.0,No,Salle 26,177.0,0.35,0.0,1.6307021310166525,0.47050000000000003,5.9
ENSPD001285,Male,21.0,Electrique,1,0.5972006220839813,26.0,0.19933184855233854,0.7340000000000001,0.6890000000000001,0.0,2.0,11.5,Yes,No,High,1.0,Yes,Salle 23,143.0,0.5472222222222223,1.0,1.0913111433000882,0.7115,2.0
ENSPD001286,Male,23.0,Telecom,3,0.6765163297045101,21.0,0.6792873051224945,0.494,1.0,0.0,1.4,29.7,Yes,No,Middle,2.0,Yes,Salle 24,154.0,0.7152777777777779,1.0,0.9457960148659034,0.747,1.4
ENSPD001287,Male,23.0,Telecom,2,0.7231726283048211,28.0,0.6113585746102449,0.313,0.445,3.0,1.3,4.8,Yes,No,Low,1.0,Yes,Salle 29,161.0,0.25555555555555554,0.0,2.8296952096410966,0.379,4.3
ENSPD001288,Male,24.0,Telecom,2,0.8693623639191289,8.0,0.5946547884187082,0.616,0.5770000000000001,1.0,1.5,13.3,No,Yes,Middle,1.0,Yes,Salle 27,161.0,0.43333333333333335,1.0,2.0061745434777554,0.5965,2.5
ENSPD001289,Male,26.0,Mecanique,1,0.4681181959564541,34.0,0.41091314031180404,0.61,1.0,2.0,1.4,10.3,Yes,No,Middle,3.0,Yes,Salle 19,186.0,0.6833333333333333,1.0,0.6850409934827112,0.8049999999999999,3.4
ENSPD001290,Male,23.0,Informatique,2,0.7387247278382582,17.0,0.6102449888641426,0.71,0.543,2.0,4.6,25.7,Yes,No,Middle,3.0,Yes,Salle 21,298.0,0.5486111111111112,1.0,1.3465116687583059,0.6265000000000001,6.6
ENSPD001291,Male,20.0,Mecanique,4,0.7449455676516329,16.0,0.7071269487750558,0.584,0.731,0.0,0.6,2.5,Yes,No,Middle,1.0,Yes,Salle 12,178.0,0.5777777777777777,1.0,1.2893065521682696,0.6575,0.6
ENSPD001292,Male,21.0,Mecanique,2,0.3825816485225505,40.0,0.8608017817371938,0.6970000000000001,1.0,1.0,7.7,34.3,Yes,No,Middle,0.0,Yes,Salle 28,231.0,0.8736111111111109,1.0,0.43792628595703903,0.8485,8.7
ENSPD001293,Male,23.0,Telecom,4,0.6376360808709175,23.0,0.3530066815144766,0.33,0.45,2.0,0.5,7.0,No,No,Middle,1.0,Yes,Salle 24,121.0,0.28055555555555556,0.0,2.2726812619899714,0.39,2.5
ENSPD001294,Female,26.0,Electrique,2,0.7682737169517885,15.0,0.7728285077951002,0.342,0.578,1.0,0.6,4.1,No,No,Middle,0.0,No,Salle 7,185.0,0.4652777777777778,1.0,1.651179664811048,0.45999999999999996,1.6
ENSPD001295,Female,19.0,Informatique,2,0.7993779160186624,18.0,0.6325167037861915,1.0,0.543,0.0,1.3,11.5,Yes,No,Middle,1.0,Yes,Salle 26,298.0,0.5347222222222222,1.0,1.4949125614623233,0.7715000000000001,1.3
ENSPD001296,Male,24.0,Informatique,3,0.6811819595645411,20.0,0.534521158129176,0.8420000000000001,0.336,2.0,2.2,15.8,Yes,Yes,Low,1.0,Yes,Salle 24,263.0,0.3833333333333333,1.0,1.7769500610363411,0.5890000000000001,4.2
ENSPD001297,Male,22.0,Informatique,5,0.8460342146189735,10.0,0.7371937639198219,0.758,0.9540000000000001,0.0,1.2,16.4,Yes,Yes,Middle,1.0,No,Salle 30,109.0,0.859722222222222,1.0,0.984067123170233,0.8560000000000001,1.2
ENSPD001298,Male,24.0,Electrique,1,0.6998444790046657,19.0,0.5712694877505569,0.501,0.523,2.0,1.4,1.1,Yes,No,High,1.0,No,Salle 22,143.0,0.4722222222222222,1.0,1.4819922192334731,0.512,3.4
ENSPD001299,Female,22.0,Chimie,1,0.7231726283048211,18.0,0.7305122494432071,0.5770000000000001,0.465,2.0,1.6,9.5,Yes,No,Middle,2.0,No,Salle 7,96.0,0.4888888888888888,1.0,1.479186483627242,0.521,3.6
ENSPD001300,Female,20.0,Telecom,3,0.7667185069984447,15.0,0.4443207126948775,0.62,0.635,2.0,6.4,27.7,Yes,Yes,Middle,0.0,Yes,Salle 19,154.0,0.41388888888888886,1.0,1.8524294884112873,0.6275,8.4
ENSPD001301,Male,24.0,Energetique,5,0.8926905132192845,7.0,0.5044543429844098,0.8570000000000001,0.635,3.0,6.5,37.0,Yes,No,Middle,2.0,No,Salle 13,40.0,0.6569444444444444,1.0,1.3588316827267848,0.746,9.5
ENSPD001302,Female,23.0,Informatique,5,0.5940902021772939,26.0,0.7683741648106904,0.693,0.663,2.0,0.8,11.1,Yes,No,Middle,0.0,No,Salle 16,109.0,0.6069444444444445,1.0,0.9788052589697643,0.6779999999999999,2.8
ENSPD001303,Male,24.0,Mecanique,3,0.6298600311041992,24.0,0.8585746102449888,0.715,0.635,0.0,2.3,19.8,Yes,No,High,1.0,Yes,Salle 2,212.0,0.5208333333333334,1.0,1.2093080410056751,0.675,2.3
ENSPD001304,Male,22.0,Mecanique,2,0.5956454121306377,26.0,0.6046770601336303,0.59,0.7220000000000001,3.0,2.6,18.9,Yes,No,Middle,0.0,No,Salle 18,231.0,0.65,1.0,0.9163634592246853,0.656,5.6
ENSPD001305,Female,21.0,Mecanique,3,0.6578538102643857,22.0,0.14476614699331852,0.763,0.8029999999999999,1.0,2.1,18.1,Yes,No,Middle,1.0,Yes,Salle 10,212.0,0.5208333333333334,1.0,1.2630550650503716,0.7829999999999999,3.1
ENSPD001306,Female,19.0,Telecom,3,0.9860031104199066,1.0,0.576837416481069,0.674,0.635,1.0,0.2,6.9,No,No,Low,1.0,Yes,Salle 2,154.0,0.6000000000000001,1.0,1.6433111288476967,0.6545000000000001,1.2
ENSPD001307,Female,24.0,Electrique,3,0.8273716951788491,11.0,0.6158129175946548,0.628,0.593,1.0,1.6,13.3,No,Yes,Low,1.0,No,Salle 27,188.0,0.44305555555555554,1.0,1.8673798601685836,0.6105,2.6
ENSPD001308,Female,23.0,Chimie,4,0.5085536547433903,32.0,0.5712694877505569,0.48600000000000004,0.843,3.0,2.9,18.7,Yes,No,Middle,1.0,Yes,Salle 2,93.0,0.5486111111111112,1.0,0.9269669803872967,0.6645,5.9
ENSPD001309,Male,20.0,GenieCivil,4,0.6080870917573872,25.0,0.6659242761692651,0.6,0.604,2.0,0.4,11.5,Yes,Yes,Middle,1.0,Yes,Salle 26,173.0,0.475,1.0,1.2801564004071224,0.602,2.4
ENSPD001310,Female,21.0,Informatique,3,0.7900466562986003,14.0,0.5300668151447662,0.42600000000000005,0.9620000000000001,1.0,0.9,8.6,No,No,Low,0.0,Yes,Salle 7,263.0,0.6569444444444444,1.0,1.202589712239036,0.6940000000000001,1.9
ENSPD001311,Male,21.0,Informatique,2,0.5505443234836701,29.0,0.7505567928730512,0.613,0.488,0.0,0.5,8.9,Yes,Yes,Middle,1.0,Yes,Salle 27,298.0,0.5166666666666666,1.0,1.0655490348257843,0.5505,0.5
ENSPD001312,Male,19.0,GenieCivil,3,0.5847589424572316,27.0,0.41536748329621387,0.636,0.484,1.0,4.4,24.4,Yes,No,Low,0.0,Yes,Salle 1,185.0,0.2666666666666666,0.0,2.19276380557191,0.56,5.4
ENSPD001313,Male,20.0,Chimie,2,0.9704510108864696,2.0,0.8173719376391981,0.187,0.459,0.0,3.9,21.4,No,No,High,0.0,Yes,Salle 26,119.0,0.3833333333333333,1.0,2.5315452924353354,0.323,3.9
ENSPD001314,Female,20.0,Informatique,2,0.6049766718506998,25.0,0.8697104677060133,0.579,0.5920000000000001,1.0,0.4,7.3,No,No,Middle,1.0,No,Salle 28,298.0,0.6152777777777778,1.0,0.9832418157820095,0.5855,1.4
ENSPD001315,Male,21.0,Chimie,1,0.8989113530326595,6.0,0.4576837416481069,0.408,0.6409999999999999,1.0,1.4,19.4,Yes,No,Middle,2.0,Yes,Salle 7,96.0,0.3763888888888889,1.0,2.3881881152364763,0.5245,2.4
ENSPD001316,Female,21.0,Telecom,1,0.9548989113530325,3.0,0.4576837416481069,0.71,0.375,2.0,0.9,8.1,No,No,Middle,2.0,Yes,Salle 26,121.0,0.38194444444444453,1.0,2.5000335124832485,0.5425,2.9
ENSPD001317,Male,19.0,GenieCivil,3,0.583203732503888,27.0,0.6792873051224945,0.735,0.659,0.0,2.3,9.3,Yes,No,Middle,0.0,Yes,Salle 26,185.0,0.6069444444444445,1.0,0.9608690369467582,0.6970000000000001,2.3
ENSPD001318,Female,26.0,Chimie,4,0.5536547433903577,29.0,0.41202672605790647,0.616,0.753,2.0,1.4,11.4,Yes,No,High,3.0,Yes,Salle 18,93.0,0.47916666666666674,1.0,1.155429264203928,0.6845,3.4
ENSPD001319,Male,25.0,GenieCivil,2,0.6687402799377916,21.0,0.5278396436525613,0.7190000000000001,0.34700000000000003,0.0,1.3,6.6,No,No,Middle,3.0,Yes,Salle 25,177.0,0.3847222222222222,1.0,1.7381967023066909,0.533,1.3
ENSPD001320,Male,20.0,Electrique,3,0.5163297045101088,31.0,0.7939866369710468,0.726,0.536,0.0,4.3,26.4,No,No,Middle,2.0,Yes,Salle 21,188.0,0.6000000000000001,1.0,0.8605351652640936,0.631,4.3
ENSPD001321,Male,23.0,Chimie,2,0.7433903576982893,16.0,0.7338530066815144,0.579,0.753,3.0,2.0,10.7,Yes,No,Middle,2.0,Yes,Salle 17,119.0,0.638888888888889,1.0,1.1635493043212548,0.6659999999999999,5.0
ENSPD001322,Male,23.0,Energetique,1,0.6811819595645411,20.0,0.6113585746102449,0.8959999999999999,0.42200000000000004,1.0,0.5,5.0,No,No,Middle,0.0,Yes,Salle 27,83.0,0.6861111111111111,1.0,0.9928013415320052,0.659,1.5
ENSPD001323,Female,24.0,Mecanique,5,0.7231726283048211,14.0,0.6113585746102449,0.489,0.5770000000000001,1.0,0.2,7.5,Yes,No,Middle,0.0,Yes,Salle 12,67.0,0.5180555555555555,1.0,1.3959094955257467,0.533,1.2
ENSPD001324,Male,20.0,GenieCivil,4,0.9813374805598755,1.0,0.5077951002227171,0.885,0.858,0.0,5.4,26.6,Yes,No,Middle,0.0,Yes,Salle 2,173.0,0.7736111111111112,1.0,1.2684988380816447,0.8714999999999999,5.4
ENSPD001325,Female,24.0,Informatique,1,0.8724727838258165,8.0,0.6191536748329621,0.579,0.9990000000000001,1.0,0.3,10.9,No,Yes,Low,2.0,No,Salle 12,248.0,0.7458333333333333,1.0,1.169780227070676,0.789,1.3
ENSPD001326,Male,21.0,Informatique,4,0.8118195956454123,12.0,0.5846325167037862,0.46799999999999997,0.728,2.0,2.6,11.5,No,No,High,2.0,No,Salle 17,230.0,0.4472222222222222,1.0,1.8152081967878262,0.598,4.6
ENSPD001327,Male,19.0,Electrique,2,0.3530326594090202,42.0,0.5879732739420935,0.557,0.606,0.0,1.4,9.4,No,No,Low,1.0,Yes,Salle 26,185.0,0.4569444444444445,1.0,0.7725773623631778,0.5815,1.4
ENSPD001328,Female,23.0,Telecom,5,0.80248833592535,13.0,0.6057906458797326,0.42200000000000004,0.54,0.0,0.3,3.1,Yes,No,Middle,1.0,Yes,Salle 28,60.0,0.4111111111111111,1.0,1.9519511750601066,0.48100000000000004,0.3
ENSPD001329,Female,25.0,Mecanique,2,0.9999999999999999,0.0,0.4543429844097996,0.761,0.8220000000000001,0.0,3.0,12.3,Yes,No,Low,0.0,Yes,Salle 21,231.0,0.7611111111111111,1.0,1.313851350858164,0.7915000000000001,3.0
ENSPD001330,Male,27.0,Informatique,2,0.1586314152410575,54.0,0.6570155902004455,0.332,0.867,0.0,4.7,21.7,Yes,Yes,Middle,0.0,Yes,Salle 8,298.0,0.5333333333333333,1.0,0.2974283267958554,0.5995,4.7
ENSPD001331,Male,20.0,Mecanique,3,0.8491446345256609,10.0,0.3752783964365256,0.87,0.635,1.0,0.3,7.8,No,No,High,2.0,Yes,Salle 16,212.0,0.4027777777777778,1.0,2.108168820837813,0.7525,1.3
ENSPD001332,Female,23.0,GenieCivil,4,0.6905132192846034,20.0,0.489977728285078,0.452,0.8220000000000001,2.0,0.1,10.5,No,No,Middle,1.0,No,Salle 7,173.0,0.5736111111111111,1.0,1.203779299452684,0.637,2.1
ENSPD001333,Male,21.0,Mecanique,1,0.5614307931570762,28.0,0.5902004454342985,0.616,0.519,1.0,3.8,11.5,Yes,No,Middle,2.0,Yes,Salle 3,186.0,0.5513888888888888,1.0,1.0181935518375862,0.5675,4.8
ENSPD001334,Other,24.0,Mecanique,3,0.8693623639191289,8.0,0.23273942093541206,0.624,0.46799999999999997,2.0,1.4,8.3,Yes,Yes,Low,0.0,Yes,Salle 26,212.0,0.2972222222222223,0.0,2.924859079609343,0.546,3.4
ENSPD001335,Female,19.0,Chimie,1,0.9999999999999999,0.0,0.7383073496659243,0.669,0.609,0.0,2.2,14.4,Yes,No,Middle,2.0,Yes,Salle 26,96.0,0.5888888888888888,1.0,1.6980843721521712,0.639,2.2
ENSPD001336,Female,19.0,Informatique,5,0.864696734059098,9.0,0.267260579064588,0.514,0.838,2.0,1.2,9.9,Yes,No,High,3.0,No,Salle 21,109.0,0.461111111111111,1.0,1.8752052621827195,0.6759999999999999,3.2
ENSPD001337,Male,20.0,GenieCivil,1,0.6500777604976672,22.0,0.7216035634743876,0.684,0.7020000000000001,1.0,1.1,14.0,Yes,No,High,1.0,No,Salle 6,149.0,0.5611111111111111,1.0,1.158533777512679,0.6930000000000001,2.1
ENSPD001338,Female,22.0,Chimie,5,0.5443234836702956,29.0,0.39420935412026725,0.644,0.696,1.0,0.7,13.1,No,Yes,Middle,1.0,Yes,Salle 2,48.0,0.5486111111111112,1.0,0.9921664927692782,0.6699999999999999,1.7
ENSPD001339,Male,21.0,Mecanique,3,0.7465007776049767,16.0,0.5423162583518931,0.358,0.71,2.0,1.7,4.0,No,No,Middle,1.0,No,Salle 26,212.0,0.45000000000000007,1.0,1.6588537534832037,0.534,3.7
ENSPD001340,Male,23.0,Electrique,2,0.8833592534992224,8.0,0.6971046770601336,0.44700000000000006,0.7340000000000001,1.0,0.3,11.8,Yes,Yes,Middle,0.0,Yes,Salle 18,185.0,0.5652777777777778,1.0,1.5626717721933179,0.5905,1.3
ENSPD001341,Male,24.0,Electrique,5,0.6485225505443236,23.0,0.977728285077951,0.523,0.617,0.0,2.5,8.7,No,No,Middle,2.0,Yes,Salle 14,80.0,0.6749999999999999,1.0,0.9607599154743244,0.5700000000000001,2.5
ENSPD001342,Male,23.0,Electrique,5,0.6656298600311042,22.0,0.6291759465478842,0.484,0.766,1.0,1.6,12.5,No,No,Middle,0.0,No,Salle 6,80.0,0.5430555555555555,1.0,1.225689703980886,0.625,2.6
ENSPD001343,Female,25.0,GenieCivil,3,0.9999999999999999,0.0,0.2795100222717149,0.846,0.508,0.0,3.8,11.8,Yes,No,Middle,3.0,Yes,Salle 2,185.0,0.41666666666666674,1.0,2.3999424013823663,0.677,3.8
ENSPD001344,Female,23.0,Mecanique,1,0.9206842923794712,5.0,0.7694877505567929,0.616,0.77,1.0,5.1,29.5,Yes,No,High,4.0,Yes,Salle 23,186.0,0.7375,1.0,1.2483685541612606,0.6930000000000001,6.1
ENSPD001345,Female,20.0,Telecom,3,0.9346811819595645,4.0,0.5712694877505569,0.48,0.8109999999999999,0.0,4.6,22.0,No,Yes,Middle,0.0,Yes,Salle 21,154.0,0.5833333333333334,1.0,1.6022831299341689,0.6455,4.6
ENSPD001346,Male,25.0,Chimie,3,0.4479004665629859,36.0,0.6213808463251671,0.532,0.78,1.0,1.8,14.9,Yes,No,Middle,1.0,No,Salle 22,130.0,0.5458333333333333,1.0,0.8205659741738826,0.656,2.8
ENSPD001347,Male,21.0,Mecanique,3,0.5878693623639192,26.0,0.7037861915367484,0.529,0.79,0.0,0.8,7.0,Yes,No,Low,2.0,Yes,Salle 16,212.0,0.5972222222222222,1.0,0.9843229157605311,0.6595,0.8
ENSPD001348,Male,24.0,Informatique,3,0.7340590979782272,17.0,0.23830734966592432,0.568,0.733,1.0,0.9,12.5,Yes,No,Middle,1.0,No,Salle 18,263.0,0.4180555555555555,1.0,1.7558468719164313,0.6505,1.9
ENSPD001349,Other,25.0,Informatique,1,0.5334370139968895,30.0,0.6113585746102449,0.42600000000000005,0.875,0.0,2.1,6.7,No,No,Middle,1.0,Yes,Salle 2,248.0,0.5791666666666667,1.0,0.9210264237110545,0.6505000000000001,2.1
ENSPD001350,Male,23.0,Informatique,4,0.9999999999999999,0.0,0.5423162583518931,0.616,0.18600000000000003,1.0,2.5,17.4,Yes,No,Middle,0.0,Yes,Salle 2,230.0,0.18333333333333335,0.0,5.454247950111811,0.401,3.5
ENSPD001351,Female,19.0,Electrique,4,0.9828926905132193,1.0,0.8140311804008908,0.758,0.8109999999999999,2.0,0.4,8.3,No,No,Middle,2.0,No,Salle 13,157.0,0.7694444444444444,1.0,1.2773890613145786,0.7845,2.4
ENSPD001352,Male,20.0,Informatique,1,0.7231726283048211,24.0,0.7316258351893097,0.616,1.0,1.0,12.4,56.1,No,No,Low,2.0,Yes,Salle 21,248.0,0.8555555555555554,1.0,0.8452568287829612,0.808,13.4
ENSPD001353,Male,25.0,Mecanique,3,0.9999999999999999,0.0,0.3385300668151448,0.593,0.516,4.0,0.2,7.9,No,No,Middle,1.0,Yes,Salle 22,212.0,0.38055555555555554,1.0,2.627668178062474,0.5545,4.2
ENSPD001354,Female,22.0,Chimie,3,0.7185069984447902,18.0,0.8207126948775056,0.62,0.493,3.0,1.9,17.1,No,No,Middle,0.0,Yes,Salle 20,130.0,0.5388888888888889,1.0,1.3332872144647032,0.5565,4.9
ENSPD001355,Male,22.0,Mecanique,3,0.9999999999999999,0.0,0.6848552338530067,0.612,0.897,1.0,1.5,14.9,Yes,No,Middle,1.0,Yes,Salle 13,212.0,0.6625000000000001,1.0,1.5094111786991893,0.7545,2.5
ENSPD001356,Female,24.0,Chimie,1,0.7465007776049767,16.0,0.35189309576837413,0.5820000000000001,0.455,1.0,1.8,6.6,No,No,Middle,0.0,Yes,Salle 23,96.0,0.29999999999999993,0.0,2.4882529835838034,0.5185000000000001,2.8
ENSPD001357,Female,23.0,Chimie,3,0.8273716951788491,11.0,0.6191536748329621,0.713,0.507,2.0,1.5,11.5,Yes,No,Middle,1.0,Yes,Salle 13,130.0,0.5347222222222222,1.0,1.5472635850154788,0.61,3.5
ENSPD001358,Male,23.0,Mecanique,2,0.9813374805598755,1.0,0.7828507795100222,0.7000000000000001,0.674,2.0,0.1,6.8,Yes,No,High,0.0,Yes,Salle 6,231.0,0.7041666666666668,1.0,1.39359556630184,0.687,2.1
ENSPD001359,Male,22.0,Chimie,3,0.9580093312597201,3.0,0.40757238307349664,0.337,0.48,1.0,11.0,48.7,No,Yes,Middle,1.0,Yes,Salle 24,130.0,0.2666666666666666,0.0,3.5924002772135557,0.4085,12.0
ENSPD001360,Female,21.0,Chimie,4,0.8149300155520994,12.0,0.8407572383073497,0.596,0.8150000000000001,2.0,8.0,37.6,Yes,No,Middle,3.0,Yes,Salle 16,93.0,0.7513888888888889,1.0,1.0845504666065657,0.7055,10.0
ENSPD001361,Female,24.0,Mecanique,3,0.6936236391912908,20.0,0.3574610244988864,0.349,0.48200000000000004,1.0,1.5,12.9,No,No,Middle,0.0,No,Salle 2,212.0,0.27083333333333337,0.0,2.560977339389157,0.4155,2.5
ENSPD001362,Male,23.0,Informatique,1,0.7231726283048211,12.0,0.47772828507795106,0.616,0.635,1.0,0.5,10.0,No,Yes,Middle,1.0,No,Salle 20,248.0,0.6013888888888889,1.0,1.2024841443270948,0.6255,1.5
ENSPD001363,Female,21.0,GenieCivil,3,0.567651632970451,28.0,0.45322939866369716,0.758,0.6970000000000001,2.0,0.4,8.9,No,No,Middle,2.0,Yes,Salle 10,185.0,0.5375,1.0,1.0560764134071012,0.7275,2.4
ENSPD001364,Female,24.0,Telecom,5,0.7480559875583203,16.0,0.8407572383073497,0.51,0.973,1.0,0.1,8.9,No,No,Low,2.0,Yes,Salle 16,60.0,0.7944444444444445,1.0,0.9415970831171191,0.7415,1.1
ENSPD001365,Female,22.0,Electrique,1,0.5132192846034215,31.0,0.5278396436525613,0.599,0.873,4.0,1.9,20.5,Yes,No,Middle,3.0,Yes,Salle 20,143.0,0.6569444444444444,1.0,0.7812098524387441,0.736,5.9
ENSPD001366,Male,20.0,Informatique,4,0.38724727838258166,39.0,0.4164810690423163,0.24,0.534,1.0,1.3,9.4,Yes,Yes,Middle,0.0,Yes,Salle 11,230.0,0.29027777777777775,0.0,1.3340116533567208,0.387,2.3
ENSPD001367,Female,20.0,Electrique,3,0.7293934681181958,17.0,0.6848552338530067,0.616,0.387,2.0,1.1,8.9,No,No,Middle,1.0,Yes,Salle 18,188.0,0.5208333333333334,1.0,1.400408570942374,0.5015000000000001,3.1
ENSPD001368,Female,20.0,GenieCivil,4,0.9548989113530325,3.0,0.7204899777282852,0.748,0.8079999999999999,0.0,1.4,13.8,Yes,No,Middle,1.0,Yes,Salle 12,173.0,0.75,1.0,1.2731815727164073,0.778,1.4
ENSPD001369,Male,21.0,Electrique,2,0.8926905132192845,7.0,0.7216035634743876,0.8270000000000001,0.509,1.0,4.1,21.4,No,Yes,Low,0.0,No,Salle 22,185.0,0.6513888888888888,1.0,1.3704206876096678,0.668,5.1
ENSPD001370,Male,24.0,Chimie,2,0.7045101088646967,19.0,0.5645879732739421,0.616,0.573,0.0,0.1,4.0,Yes,Yes,High,1.0,Yes,Salle 11,119.0,0.5833333333333334,1.0,1.2077109115809959,0.5945,0.1
ENSPD001371,Female,20.0,GenieCivil,4,0.9999999999999999,0.0,0.6525612472160356,0.4,0.428,2.0,1.4,9.6,Yes,No,Low,0.0,Yes,Salle 16,173.0,0.3638888888888888,0.0,2.7480160850541515,0.41400000000000003,3.4
ENSPD001372,Male,22.0,Telecom,2,0.6143079315707621,25.0,0.5011135857461025,0.78,0.7759999999999999,2.0,2.4,17.1,Yes,No,High,1.0,Yes,Salle 27,161.0,0.6013888888888889,1.0,1.021465025826242,0.778,4.4
ENSPD001373,Female,21.0,Chimie,1,0.3623639191290824,41.0,0.8897550111358574,0.886,0.511,3.0,7.1,35.2,Yes,No,Middle,0.0,Yes,Salle 15,96.0,0.65,1.0,0.5574743759774194,0.6985,10.1
ENSPD001374,Male,21.0,Electrique,3,0.31259720062208385,44.0,0.801781737193764,0.616,0.633,1.0,2.7,23.3,Yes,No,Low,0.0,Yes,Salle 1,188.0,0.43333333333333335,1.0,0.7213615084776901,0.6245,3.7
ENSPD001375,Male,19.0,Informatique,1,0.499222395023328,32.0,0.7906458797327395,0.589,0.636,1.0,1.6,7.3,Yes,No,Middle,2.0,Yes,Salle 8,248.0,0.49722222222222223,1.0,1.0040025016725813,0.6125,2.6
ENSPD001376,Female,22.0,Telecom,4,0.8724727838258165,8.0,0.7427616926503342,0.555,0.677,1.0,1.4,12.6,Yes,No,Middle,1.0,Yes,Salle 24,121.0,0.6375,1.0,1.3685632912829864,0.6160000000000001,2.4
ENSPD001377,Male,22.0,Energetique,3,0.6018662519440124,26.0,0.6971046770601336,0.774,0.772,0.0,11.7,52.1,Yes,No,Low,0.0,Yes,Salle 25,104.0,0.7916666666666667,1.0,0.7602425046555358,0.773,11.7
ENSPD001378,Male,23.0,Informatique,4,0.8055987558320373,12.0,0.4020044543429844,0.189,0.5910000000000001,0.0,4.4,19.5,Yes,No,High,1.0,Yes,Salle 9,230.0,0.22777777777777786,0.0,3.5366197593707267,0.39,4.4
ENSPD001379,Male,22.0,GenieCivil,4,0.9999999999999999,0.0,0.7160356347438753,0.9470000000000001,0.49200000000000005,0.0,0.2,0.0,No,No,Middle,0.0,Yes,Salle 11,173.0,0.6777777777777778,1.0,1.4753880680448976,0.7195,0.2
ENSPD001380,Female,20.0,Mecanique,1,0.514774494556765,31.0,0.6291759465478842,0.6,0.268,1.0,1.7,10.1,Yes,No,Middle,3.0,Yes,Salle 7,186.0,0.3027777777777778,0.0,1.700116491936371,0.434,2.7
ENSPD001381,Male,24.0,Chimie,2,0.8087091757387247,12.0,0.8218262806236081,0.785,0.6609999999999999,2.0,3.1,26.1,No,No,High,0.0,Yes,Salle 12,119.0,0.7611111111111111,1.0,1.062523642995716,0.723,5.1
ENSPD001382,Male,22.0,Chimie,4,0.8211508553654744,12.0,0.744988864142539,0.616,0.609,1.0,1.4,11.5,Yes,No,Low,1.0,Yes,Salle 7,93.0,0.4638888888888889,1.0,1.7701073984726723,0.6125,2.4
ENSPD001383,Female,22.0,Informatique,2,0.7231726283048211,28.0,0.7026726057906458,0.7090000000000001,0.498,1.0,1.1,11.6,No,No,High,1.0,No,Salle 6,298.0,0.5888888888888888,1.0,1.2280081384926278,0.6035,2.1
ENSPD001384,Male,22.0,Telecom,5,0.9735614307931569,2.0,0.32850779510022277,0.20199999999999999,0.653,3.0,0.8,3.7,Yes,No,Middle,0.0,No,Salle 14,60.0,0.22638888888888886,0.0,4.300204102463407,0.4275,3.8
ENSPD001385,Female,21.0,Informatique,4,0.6656298600311042,22.0,0.5957683741648108,0.551,0.8109999999999999,0.0,2.0,9.9,Yes,No,Middle,0.0,Yes,Salle 4,230.0,0.5708333333333333,1.0,1.1660464809920486,0.681,2.0
ENSPD001386,Male,22.0,Chimie,1,0.6485225505443236,23.0,0.5167037861915368,0.773,0.8620000000000001,1.0,1.1,9.8,Yes,No,Middle,2.0,Yes,Salle 22,96.0,0.7222222222222223,1.0,0.8979418677124336,0.8175000000000001,2.1
ENSPD001387,Female,23.0,GenieCivil,4,0.9999999999999999,0.0,0.6525612472160356,0.672,0.33299999999999996,1.0,1.0,7.0,No,Yes,Middle,0.0,Yes,Salle 13,173.0,0.4527777777777777,1.0,2.2085401794806985,0.5025,2.0
ENSPD001388,Male,19.0,Mecanique,1,0.7231726283048211,12.0,0.5412026726057906,0.325,0.568,2.0,3.6,20.1,No,No,High,1.0,Yes,Salle 16,186.0,0.35,0.0,2.066148476628728,0.4465,5.6
ENSPD001389,Female,21.0,Informatique,1,0.8926905132192845,7.0,0.5645879732739421,0.631,0.8320000000000001,1.0,0.8,8.4,No,No,Middle,1.0,Yes,Salle 2,248.0,0.6263888888888889,1.0,1.4251150968718125,0.7315,1.8
ENSPD001390,Male,21.0,Informatique,4,0.9735614307931569,2.0,0.6870824053452117,0.473,0.9590000000000001,0.0,2.1,8.5,No,No,Low,3.0,Yes,Salle 11,230.0,0.6875,1.0,1.4160687565172245,0.716,2.1
ENSPD001391,Male,23.0,Electrique,4,0.5987558320373251,26.0,0.5378619153674833,0.457,0.47700000000000004,3.0,4.1,21.2,Yes,No,Middle,1.0,Yes,Salle 29,157.0,0.3486111111111111,0.0,1.71749734297213,0.467,7.1
ENSPD001392,Male,24.0,Electrique,3,0.9533437013996889,3.0,0.6302895322939867,0.34600000000000003,0.9159999999999999,1.0,1.4,14.5,Yes,No,Middle,0.0,Yes,Salle 27,188.0,0.5263888888888889,1.0,1.8110670852896094,0.631,2.4
ENSPD001393,Male,20.0,Informatique,2,0.6267496111975116,24.0,0.356347438752784,0.616,0.37,1.0,1.4,11.5,No,No,Low,1.0,Yes,Salle 1,298.0,0.3486111111111111,0.0,1.7977959200461515,0.493,2.4
ENSPD001394,Male,21.0,Informatique,2,0.6189735614307931,24.0,0.4710467706013364,0.8200000000000001,0.87,1.0,0.1,9.2,Yes,No,Middle,0.0,No,Salle 24,298.0,0.7333333333333334,1.0,0.844043346814534,0.845,1.1
ENSPD001395,Male,21.0,Informatique,2,0.6687402799377916,21.0,0.7193763919821826,1.0,0.584,1.0,2.3,14.4,Yes,Yes,High,1.0,Yes,Salle 14,298.0,0.6833333333333333,1.0,0.9786299906895874,0.792,3.3
ENSPD001396,Female,20.0,Chimie,2,0.603421461897356,26.0,0.6113585746102449,0.355,0.953,1.0,12.0,52.5,No,Yes,Low,4.0,Yes,Salle 24,119.0,0.4458333333333333,1.0,1.3534383420873313,0.6539999999999999,13.0
ENSPD001397,Male,21.0,Chimie,2,0.8740279937791603,8.0,0.8184855233853007,0.758,0.547,1.0,3.3,18.4,Yes,No,High,1.0,No,Salle 27,119.0,0.6486111111111111,1.0,1.3475170308316349,0.6525000000000001,4.3
ENSPD001398,Male,24.0,Informatique,3,0.7698289269051323,15.0,0.7728285077951002,0.77,0.578,2.0,2.0,10.8,No,No,Low,0.0,Yes,Salle 15,263.0,0.5805555555555555,1.0,1.3259982779523782,0.6739999999999999,4.0
ENSPD001399,Female,20.0,Electrique,4,0.6283048211508552,24.0,0.5657015590200446,0.516,0.613,2.0,1.3,11.8,No,No,Middle,0.0,Yes,Salle 25,157.0,0.46666666666666656,1.0,1.3463386237813233,0.5645,3.3
ENSPD001400,Female,23.0,Informatique,2,0.8460342146189735,10.0,1.0,0.455,0.33299999999999996,1.0,1.4,3.6,Yes,No,Low,1.0,Yes,Salle 9,298.0,0.4263888888888888,1.0,1.984137943753961,0.394,2.4
ENSPD001401,Male,19.0,Telecom,1,0.6687402799377916,21.0,0.8173719376391981,0.425,0.635,1.0,2.4,24.2,Yes,No,Middle,1.0,No,Salle 24,121.0,0.3388888888888889,0.0,1.9732737458370488,0.53,3.4
ENSPD001402,Male,21.0,Telecom,4,0.6594090202177293,22.0,0.4521158129175946,0.525,0.742,1.0,0.4,14.7,No,Yes,High,0.0,Yes,Salle 22,121.0,0.4930555555555556,1.0,1.3373658183742894,0.6335,1.4
ENSPD001403,Male,21.0,Electrique,4,0.7293934681181958,17.0,0.6113585746102449,0.6559999999999999,0.838,0.0,4.4,22.3,Yes,No,Low,1.0,Yes,Salle 23,157.0,0.6875,1.0,1.060920522055237,0.7469999999999999,4.4
ENSPD001404,Female,25.0,Telecom,5,0.8071539657853809,12.0,0.6213808463251671,0.865,0.762,1.0,0.9,10.9,Yes,No,Middle,0.0,No,Salle 4,60.0,0.7430555555555556,1.0,1.086248662383374,0.8135,1.9
ENSPD001405,Female,21.0,Telecom,1,0.7931570762052876,13.0,0.4799554565701559,0.8190000000000001,0.389,1.0,1.4,11.4,Yes,No,Low,1.0,Yes,Salle 24,121.0,0.4097222222222222,1.0,1.9357937530602884,0.6040000000000001,2.4
ENSPD001406,Male,18.0,Telecom,1,0.6516329704510108,22.0,0.43207126948775054,0.329,0.736,2.0,0.5,9.4,Yes,Yes,Low,3.0,Yes,Salle 1,121.0,0.3680555555555556,0.0,1.7704263836028897,0.5325,2.5
ENSPD001407,Female,18.0,Electrique,3,0.8786936236391912,8.0,0.7761692650334077,0.478,0.44200000000000006,0.0,1.3,12.9,Yes,No,High,0.0,Yes,Salle 24,188.0,0.4125,1.0,2.130114721192677,0.46,1.3
ENSPD001408,Female,22.0,Mecanique,3,0.6780715396578537,21.0,0.5100222717149221,0.8540000000000001,0.7220000000000001,0.0,2.3,17.2,No,No,Middle,2.0,Yes,Salle 13,212.0,0.5791666666666667,1.0,1.1707507893236728,0.788,2.3
ENSPD001409,Female,23.0,Informatique,3,0.5972006220839813,26.0,0.5935412026726058,0.488,0.866,0.0,0.7,10.6,No,No,Middle,1.0,Yes,Salle 18,263.0,0.5208333333333334,1.0,1.1466031796201954,0.677,0.7
ENSPD001410,Female,23.0,Mecanique,3,0.4463452566096423,36.0,0.45657015590200445,0.61,0.713,1.0,2.4,11.5,No,No,Middle,2.0,Yes,Salle 7,212.0,0.47916666666666674,1.0,0.9314837045688972,0.6615,3.4
ENSPD001411,Male,22.0,Electrique,1,0.9035769828926904,6.0,0.4855233853006682,0.313,0.934,1.0,1.9,14.4,Yes,Yes,Low,0.0,No,Salle 8,143.0,0.5583333333333333,1.0,1.6183178502343667,0.6235,2.9
ENSPD001412,Male,24.0,Informatique,3,0.7216174183514773,18.0,0.5890868596881961,0.828,0.61,1.0,0.9,5.6,No,No,Low,2.0,Yes,Salle 4,263.0,0.5722222222222223,1.0,1.261056945638483,0.719,1.9
ENSPD001413,Male,21.0,Mecanique,3,0.7589424572317262,16.0,0.6113585746102449,0.276,0.5970000000000001,1.0,0.8,10.3,No,Yes,Middle,0.0,No,Salle 20,212.0,0.46805555555555556,1.0,1.6214447917042805,0.43650000000000005,1.8
ENSPD001414,Male,24.0,GenieCivil,2,0.9144634525660965,6.0,0.17817371937639198,0.324,0.653,2.0,4.0,11.5,No,No,High,1.0,Yes,Salle 14,177.0,0.2777777777777778,0.0,3.291949919040862,0.48850000000000005,6.0
ENSPD001415,Male,19.0,Mecanique,3,0.6314152410575428,24.0,0.6135857461024499,0.809,0.371,0.0,0.0,6.5,Yes,No,Middle,3.0,Yes,Salle 28,212.0,0.4569444444444445,1.0,1.3817903485438334,0.5900000000000001,0.0
ENSPD001416,Female,20.0,Electrique,2,0.46345256609642294,34.0,0.4855233853006682,0.966,0.559,1.0,2.5,18.0,Yes,No,Middle,1.0,Yes,Salle 10,185.0,0.576388888888889,1.0,0.8040483335937895,0.7625,3.5
ENSPD001417,Male,18.0,Telecom,2,0.7325038880248832,17.0,0.844097995545657,0.616,0.5770000000000001,4.0,1.1,10.3,Yes,Yes,Middle,0.0,Yes,Salle 7,161.0,0.6027777777777776,1.0,1.2151936635565401,0.5965,5.1
ENSPD001418,Male,21.0,Chimie,2,0.7776049766718508,14.0,1.0,0.612,0.583,0.0,2.5,22.4,No,No,High,1.0,Yes,Salle 7,119.0,0.6333333333333333,1.0,1.2277779456195705,0.5974999999999999,2.5
ENSPD001419,Male,22.0,Electrique,2,0.6702954898911352,21.0,0.5501113585746102,0.783,0.6940000000000001,1.0,1.4,12.2,Yes,No,Low,1.0,Yes,Salle 14,185.0,0.638888888888889,1.0,1.0491417367415494,0.7385,2.4
ENSPD001420,Female,22.0,Electrique,1,0.995334370139969,0.0,0.3229398663697105,0.672,0.344,1.0,0.2,2.1,No,Yes,Middle,0.0,Yes,Salle 11,143.0,0.29027777777777775,0.0,3.428784972483138,0.508,1.2
ENSPD001421,Male,22.0,GenieCivil,3,0.2566096423017107,48.0,0.6302895322939867,0.5529999999999999,0.41100000000000003,1.0,8.0,35.1,No,No,Middle,0.0,Yes,Salle 28,185.0,0.4208333333333333,1.0,0.6097509975249159,0.482,9.0
ENSPD001422,Male,20.0,Informatique,4,0.9284603421461898,5.0,0.5757238307349666,0.533,0.866,1.0,0.2,7.5,No,No,High,1.0,Yes,Salle 25,230.0,0.7250000000000001,1.0,1.2806172909976272,0.6995,1.2
ENSPD001423,Male,22.0,Telecom,2,0.8678071539657853,8.0,0.9398663697104677,0.33799999999999997,0.635,2.0,0.3,11.5,Yes,No,Middle,1.0,No,Salle 19,161.0,0.3402777777777778,0.0,2.5502154665469643,0.4865,2.3
ENSPD001424,Male,19.0,Mecanique,1,0.8055987558320373,12.0,0.888641425389755,0.662,0.763,2.0,1.1,11.0,Yes,Yes,Middle,0.0,Yes,Salle 12,186.0,0.6930555555555555,1.0,1.1623702106884768,0.7125,3.1
ENSPD001425,Other,25.0,Informatique,5,0.09797822706065318,58.0,0.755011135857461,0.603,0.5650000000000001,1.0,5.8,29.1,No,No,Middle,2.0,Yes,Salle 8,109.0,0.49722222222222223,1.0,0.1970472199544319,0.5840000000000001,6.8
ENSPD001426,Female,21.0,Chimie,2,0.9595645412130639,3.0,0.512249443207127,0.541,0.672,0.0,0.7,3.3,No,No,Low,2.0,Yes,Salle 20,119.0,0.5430555555555555,1.0,1.7669405312060906,0.6065,0.7
ENSPD001427,Male,21.0,Informatique,1,0.5287713841368585,30.0,0.7238307349665924,0.44,0.635,0.0,1.7,19.4,Yes,No,Middle,1.0,Yes,Salle 29,248.0,0.7124999999999999,1.0,0.7421248601940444,0.5375,1.7
ENSPD001428,Female,25.0,Mecanique,2,0.625194401244168,24.0,0.6547884187082406,0.45799999999999996,0.614,1.0,1.5,5.7,Yes,No,High,1.0,Yes,Salle 5,231.0,0.5013888888888889,1.0,1.2469002526703097,0.536,2.5
ENSPD001429,Female,20.0,Informatique,4,0.6889580093312596,20.0,0.6503340757238307,0.731,0.765,0.0,0.8,2.0,Yes,Yes,High,2.0,Yes,Salle 29,230.0,0.6708333333333333,1.0,1.0270028411967917,0.748,0.8
ENSPD001430,Female,20.0,Informatique,2,0.7962674961119752,13.0,0.34966592427616927,0.779,0.652,1.0,2.4,12.7,Yes,No,Middle,0.0,Yes,Salle 30,298.0,0.5402777777777777,1.0,1.4737840255928998,0.7155,3.4
ENSPD001431,Male,20.0,Informatique,3,0.8398133748055988,10.0,0.7873051224944322,0.561,0.618,1.0,1.4,13.0,Yes,Yes,Middle,0.0,Yes,Salle 28,263.0,0.623611111111111,1.0,1.346672458392719,0.5895,2.4
ENSPD001432,Male,22.0,Informatique,2,0.8864696734059098,7.0,0.6280623608017817,0.616,0.593,0.0,1.7,11.5,Yes,No,High,1.0,No,Salle 7,298.0,0.4930555555555556,1.0,1.797873859606946,0.6045,1.7
ENSPD001433,Male,23.0,Electrique,1,0.8724727838258165,8.0,0.5935412026726058,0.466,0.78,1.0,0.5,4.5,No,No,Middle,2.0,Yes,Salle 20,143.0,0.5638888888888889,1.0,1.5472149369631572,0.623,1.5
ENSPD001434,Female,23.0,Telecom,2,0.7667185069984447,15.0,0.5100222717149221,0.789,0.494,3.0,5.2,22.5,No,No,Low,0.0,No,Salle 29,161.0,0.5166666666666666,1.0,1.483942582398621,0.6415,8.2
ENSPD001435,Male,27.0,Mecanique,4,0.7978227060653188,13.0,0.47772828507795106,0.616,0.414,2.0,0.2,12.9,Yes,No,Middle,0.0,Yes,Salle 17,178.0,0.38888888888888895,1.0,2.051491348676139,0.515,2.2
ENSPD001436,Male,18.0,Telecom,3,0.5163297045101088,31.0,0.6636971046770601,0.6859999999999999,0.655,2.0,2.3,15.5,No,No,Middle,0.0,Yes,Salle 13,154.0,0.638888888888889,1.0,0.8081555837545116,0.6705,4.3
ENSPD001437,Male,23.0,Informatique,1,0.5800933125972006,27.0,0.3184855233853007,0.685,0.679,1.0,4.3,25.8,No,No,Middle,2.0,Yes,Salle 8,248.0,0.47916666666666674,1.0,1.2106042571574867,0.682,5.3
ENSPD001438,Female,21.0,Mecanique,1,0.8864696734059098,7.0,0.7416481069042317,0.5650000000000001,0.275,0.0,0.2,14.0,No,No,Middle,1.0,Yes,Salle 28,186.0,0.3416666666666667,0.0,2.594469449887056,0.42000000000000004,0.2
ENSPD001439,Male,21.0,Informatique,3,0.8755832037325039,8.0,0.6113585746102449,0.616,0.638,1.0,0.1,13.5,Yes,No,Low,0.0,Yes,Salle 28,263.0,0.4,1.0,2.188903286749091,0.627,1.1
ENSPD001440,Female,21.0,Electrique,4,0.8553654743390359,9.0,0.26614699331848557,0.441,0.395,2.0,0.8,4.6,Yes,No,Middle,2.0,Yes,Salle 26,157.0,0.3319444444444445,0.0,2.576755602024147,0.41800000000000004,2.8
ENSPD001441,Female,20.0,GenieCivil,2,0.7231726283048211,24.0,0.9142538975501113,0.823,0.765,1.0,3.1,18.4,Yes,No,Low,1.0,Yes,Salle 1,177.0,0.7083333333333333,1.0,1.0209351796983872,0.794,4.1
ENSPD001442,Male,25.0,Electrique,3,0.8895800933125974,7.0,0.46659242761692654,0.489,0.27899999999999997,1.0,2.5,18.1,No,Yes,High,1.0,Yes,Salle 11,188.0,0.2791666666666667,0.0,3.186441416949592,0.384,3.5
ENSPD001443,Female,24.0,Chimie,1,0.5038880248833592,32.0,0.489977728285078,0.546,1.0,1.0,3.5,19.4,No,No,Low,3.0,Yes,Salle 1,96.0,0.6124999999999999,1.0,0.8226608951418903,0.773,4.5
ENSPD001444,Male,22.0,GenieCivil,2,0.9206842923794712,5.0,0.799554565701559,0.41600000000000004,0.5720000000000001,2.0,1.0,6.3,Yes,No,Low,1.0,No,Salle 13,177.0,0.5347222222222222,1.0,1.7217669968593299,0.49400000000000005,3.0
ENSPD001445,Female,25.0,Electrique,1,0.671850699844479,21.0,0.9198218262806237,0.401,0.467,0.0,10.2,35.1,Yes,No,Middle,2.0,Yes,Salle 14,143.0,0.5361111111111111,1.0,1.2531696400689545,0.43400000000000005,10.2
ENSPD001446,Male,19.0,Energetique,4,0.9999999999999999,0.0,0.3541202672605791,0.48200000000000004,0.583,0.0,0.9,11.5,Yes,No,Low,0.0,Yes,Salle 21,70.0,0.3555555555555555,0.0,2.8124209006621688,0.5325,0.9
ENSPD001447,Female,19.0,Mecanique,2,0.4354587869362364,36.0,0.4510022271714923,0.924,0.751,2.0,3.3,25.6,Yes,No,Middle,0.0,Yes,Salle 1,231.0,0.5916666666666666,1.0,0.7359742431444593,0.8375,5.3
ENSPD001448,Female,18.0,Mecanique,4,0.9999999999999999,0.0,0.46325167037861914,0.738,0.818,2.0,0.9,11.5,Yes,Yes,Middle,1.0,Yes,Salle 14,178.0,0.6625000000000001,1.0,1.5094111786991893,0.778,2.9
ENSPD001449,Female,21.0,Chimie,3,0.6531881804043546,22.0,0.6113585746102449,0.525,0.585,1.0,0.5,6.9,No,Yes,Middle,0.0,Yes,Salle 10,130.0,0.5916666666666666,1.0,1.1039613647166888,0.5549999999999999,1.5
ENSPD001450,Female,22.0,Electrique,4,0.6485225505443236,23.0,0.8841870824053452,0.8150000000000001,0.35200000000000004,0.0,0.8,6.0,Yes,No,Middle,0.0,Yes,Salle 24,157.0,0.5541666666666667,1.0,1.1702451394158127,0.5835,0.8
ENSPD001451,Male,22.0,Informatique,2,0.7558320373250388,16.0,0.4298440979955457,0.593,0.39799999999999996,2.0,0.4,7.1,Yes,No,High,1.0,No,Salle 26,298.0,0.4625,1.0,1.6341960980844494,0.49549999999999994,2.4
ENSPD001452,Female,22.0,Mecanique,1,0.5894245723172628,26.0,0.846325167037862,0.8640000000000001,0.6970000000000001,0.0,0.3,11.5,No,No,Middle,2.0,No,Salle 3,186.0,0.7916666666666667,1.0,0.7445268973241551,0.7805000000000001,0.3
ENSPD001453,Female,19.0,GenieCivil,5,0.7060653188180402,19.0,0.4922048997772829,1.0,0.8370000000000001,1.0,0.9,10.8,No,No,High,3.0,Yes,Salle 21,70.0,0.6902777777777778,1.0,1.0228564687774926,0.9185000000000001,1.9
ENSPD001454,Male,24.0,GenieCivil,4,0.5816485225505442,27.0,0.6659242761692651,0.805,0.863,3.0,0.3,11.5,Yes,No,Middle,2.0,Yes,Salle 20,173.0,0.7555555555555555,1.0,0.7698187381277157,0.8340000000000001,3.3
ENSPD001455,Male,22.0,Informatique,4,0.5894245723172628,26.0,0.39755011135857465,0.637,0.674,0.0,1.4,17.0,No,No,Middle,1.0,No,Salle 3,230.0,0.5402777777777777,1.0,1.0909455970697437,0.6555,1.4
ENSPD001456,Female,23.0,Telecom,1,0.8102643856920683,12.0,0.5902004454342985,0.746,0.635,3.0,0.1,11.5,No,No,High,0.0,No,Salle 25,121.0,0.65,1.0,1.2465414158121695,0.6905,3.1
ENSPD001457,Female,18.0,Chimie,2,0.5520995334370139,29.0,0.5913140311804008,0.623,1.0,1.0,1.1,5.1,Yes,Yes,Middle,1.0,Yes,Salle 18,119.0,0.7361111111111112,1.0,0.7500118188482157,0.8115,2.1
ENSPD001458,Female,23.0,GenieCivil,4,0.5769828926905131,27.0,0.5579064587973274,0.29,0.878,0.0,6.3,32.6,Yes,No,Low,1.0,Yes,Salle 24,173.0,0.49583333333333335,1.0,1.163639508494981,0.584,6.3
ENSPD001459,Male,20.0,Electrique,1,0.46345256609642294,34.0,0.6748329621380846,0.502,0.8240000000000001,2.0,0.9,9.4,Yes,Yes,Middle,0.0,Yes,Salle 19,143.0,0.5736111111111111,1.0,0.8079419622452697,0.663,2.9
ENSPD001460,Female,21.0,Telecom,3,0.6267496111975116,24.0,0.44209354120267264,0.449,0.479,1.0,0.3,7.0,No,No,Low,1.0,Yes,Salle 6,154.0,0.26111111111111107,0.0,2.4002257363665245,0.46399999999999997,1.3
ENSPD001461,Male,23.0,Informatique,2,0.9642301710730948,2.0,0.4621380846325167,0.498,0.833,1.0,0.7,3.8,No,Yes,Middle,1.0,Yes,Salle 28,298.0,0.6013888888888889,1.0,1.6033121924361267,0.6655,1.7
ENSPD001462,Female,22.0,Mecanique,1,0.5614307931570762,28.0,0.6837416481069042,0.943,0.7320000000000001,0.0,3.1,11.5,Yes,No,Middle,2.0,Yes,Salle 2,186.0,0.7375,1.0,0.7612517703584714,0.8375,3.1
ENSPD001463,Male,20.0,GenieCivil,2,0.583203732503888,27.0,0.8340757238307349,0.8220000000000001,0.77,3.0,0.8,1.8,Yes,No,Middle,0.0,Yes,Salle 30,177.0,0.7680555555555555,1.0,0.7593150458127841,0.796,3.8
ENSPD001464,Female,22.0,Chimie,2,0.7558320373250388,16.0,0.6069042316258353,0.6990000000000001,0.892,1.0,1.0,13.9,No,Yes,Low,1.0,Yes,Salle 20,119.0,0.6944444444444444,1.0,1.088382461040617,0.7955000000000001,2.0
ENSPD001465,Other,19.0,Informatique,1,0.6516329704510108,22.0,0.6948775055679287,0.766,0.7120000000000001,2.0,3.1,14.0,Yes,Yes,Low,1.0,Yes,Salle 4,248.0,0.6666666666666667,1.0,0.9774347941546038,0.7390000000000001,5.1
ENSPD001466,Male,24.0,Energetique,3,0.9999999999999999,0.0,0.7371937639198219,0.27899999999999997,0.619,0.0,0.6,11.9,No,No,Middle,1.0,No,Salle 2,104.0,0.41388888888888886,1.0,2.416049008211882,0.44899999999999995,0.6
ENSPD001467,Female,22.0,GenieCivil,2,0.6889580093312596,20.0,0.7494432071269488,0.751,0.42600000000000005,1.0,1.3,11.5,Yes,No,Low,3.0,Yes,Salle 20,177.0,0.5444444444444444,1.0,1.265409836142058,0.5885,2.3
ENSPD001468,Male,24.0,Mecanique,2,0.7822706065318817,14.0,0.4510022271714923,0.789,0.5810000000000001,2.0,0.1,3.8,Yes,No,Middle,1.0,Yes,Salle 3,231.0,0.5263888888888889,1.0,1.486079516966841,0.685,2.1
ENSPD001469,Female,21.0,Mecanique,4,0.8958009331259719,7.0,0.4799554565701559,0.217,0.6829999999999999,1.0,0.4,3.6,Yes,Yes,Low,3.0,Yes,Salle 18,178.0,0.39722222222222214,1.0,2.2551064163793773,0.44999999999999996,1.4
ENSPD001470,Female,21.0,Informatique,2,0.8926905132192845,7.0,0.49443207126948774,0.758,0.696,1.0,0.5,7.8,No,Yes,Middle,1.0,No,Salle 18,298.0,0.6375,1.0,1.4002768791380287,0.727,1.5
ENSPD001471,Male,20.0,Chimie,2,0.7636080870917573,15.0,0.9320712694877507,0.616,0.635,2.0,1.2,14.1,No,No,Middle,0.0,No,Salle 18,119.0,0.6305555555555554,1.0,1.2109892149421098,0.6255,3.2
ENSPD001472,Female,24.0,Energetique,4,0.6905132192846034,20.0,0.6948775055679287,0.265,0.8320000000000001,1.0,3.4,21.9,No,No,Low,3.0,Yes,Salle 5,70.0,0.575,1.0,1.2008716705528661,0.5485,4.4
ENSPD001473,Female,21.0,GenieCivil,4,0.9999999999999999,0.0,0.6870824053452117,0.8590000000000001,0.813,2.0,0.9,10.9,No,No,High,0.0,Yes,Salle 5,173.0,0.7819444444444443,1.0,1.2788468779795357,0.8360000000000001,2.9
ENSPD001474,Male,23.0,Energetique,1,0.7013996889580093,19.0,0.6714922048997773,0.439,0.628,1.0,1.0,8.3,Yes,No,Middle,0.0,No,Salle 15,83.0,0.4569444444444445,1.0,1.534944451214948,0.5335,2.0
ENSPD001475,Male,21.0,Telecom,2,0.6376360808709175,23.0,0.38975501113585753,0.49100000000000005,0.47100000000000003,1.0,0.7,11.1,No,No,Middle,1.0,No,Salle 8,161.0,0.3472222222222222,0.0,1.8363390263442836,0.48100000000000004,1.7
ENSPD001476,Female,18.0,GenieCivil,3,0.5987558320373251,26.0,0.9342984409799555,0.798,0.7170000000000001,1.0,0.8,2.0,Yes,Yes,Low,1.0,Yes,Salle 2,185.0,0.7444444444444445,1.0,0.8042880749864444,0.7575000000000001,1.8
ENSPD001477,Female,21.0,Electrique,2,0.39813374805598745,39.0,0.690423162583519,0.5650000000000001,1.0,1.0,1.0,10.0,No,No,Middle,3.0,No,Salle 8,185.0,0.7541666666666667,1.0,0.5279051522711135,0.7825,2.0
ENSPD001478,Female,20.0,GenieCivil,4,0.8740279937791603,8.0,0.7305122494432071,0.588,0.7040000000000001,3.0,4.6,23.4,Yes,Yes,Middle,1.0,Yes,Salle 6,173.0,0.5680555555555554,1.0,1.5386041016417207,0.646,7.6
ENSPD001479,Female,22.0,Electrique,5,0.28149300155520984,46.0,0.3151447661469933,0.584,0.5810000000000001,0.0,0.0,0.1,Yes,No,Low,0.0,Yes,Salle 19,80.0,0.3222222222222222,0.0,0.8735718594929429,0.5825,0.0
ENSPD001480,Male,20.0,Informatique,5,0.7185069984447902,18.0,0.7405345211581292,0.6829999999999999,0.747,1.0,2.0,11.6,Yes,No,Middle,1.0,Yes,Salle 28,109.0,0.6861111111111111,1.0,1.0472014150406086,0.715,3.0
ENSPD001481,Female,24.0,Electrique,2,0.6811819595645411,20.0,0.5512249443207128,0.579,0.7590000000000001,2.0,4.4,29.4,Yes,No,Middle,1.0,No,Salle 11,185.0,0.6402777777777777,1.0,1.0638684404201706,0.669,6.4
ENSPD001482,Male,22.0,Informatique,2,0.9999999999999999,0.0,0.38975501113585753,0.6409999999999999,0.757,0.0,1.1,11.7,No,Yes,Middle,2.0,Yes,Salle 21,298.0,0.5305555555555556,1.0,1.8847812292543176,0.699,1.1
ENSPD001483,Male,22.0,Telecom,5,0.37791601866251945,40.0,0.4510022271714923,0.529,0.915,2.0,2.1,17.2,Yes,No,Low,1.0,Yes,Salle 4,60.0,0.5944444444444444,1.0,0.6357358788287066,0.722,4.1
ENSPD001484,Male,23.0,Telecom,2,0.5520995334370139,29.0,0.3986636971046771,0.6829999999999999,0.7170000000000001,0.0,1.8,10.4,No,No,Low,0.0,Yes,Salle 21,161.0,0.5166666666666666,1.0,1.0685590603478914,0.7,1.8
ENSPD001485,Male,24.0,Mecanique,1,0.6951788491446346,20.0,0.6113585746102449,0.6759999999999999,0.905,1.0,0.8,1.5,Yes,No,Low,0.0,No,Salle 22,186.0,0.6263888888888889,1.0,1.1098021747416382,0.7905,1.8
ENSPD001486,Male,22.0,Mecanique,3,0.6827371695178849,20.0,0.6202672605790647,0.9620000000000001,0.6859999999999999,1.0,0.3,12.2,No,No,High,0.0,No,Salle 20,212.0,0.7013888888888888,1.0,0.9733935715230935,0.8240000000000001,1.3
ENSPD001487,Male,20.0,GenieCivil,2,0.6174183514774495,25.0,0.5456570155902005,0.551,0.9420000000000001,1.0,0.5,11.5,No,No,Low,1.0,No,Salle 26,177.0,0.6847222222222222,1.0,0.9016931457872495,0.7465,1.5
ENSPD001488,Female,18.0,Electrique,2,0.7045101088646967,19.0,0.6659242761692651,0.5870000000000001,0.881,3.0,0.1,4.1,Yes,No,Middle,1.0,Yes,Salle 10,185.0,0.6652777777777776,1.0,1.0589554361240954,0.734,3.1
ENSPD001489,Male,21.0,Mecanique,4,0.48522550544323495,33.0,0.8897550111358574,0.663,0.8240000000000001,1.0,2.9,11.2,Yes,No,High,2.0,No,Salle 8,178.0,0.7375,1.0,0.6579239677336375,0.7435,3.9
ENSPD001490,Male,21.0,Electrique,1,0.7869362363919129,14.0,0.5890868596881961,0.794,0.798,1.0,1.5,16.6,No,No,Middle,1.0,No,Salle 18,143.0,0.7458333333333333,1.0,1.0550958910833548,0.796,2.5
ENSPD001491,Male,22.0,Mecanique,1,0.286158631415241,46.0,0.23496659242761697,0.424,1.0,1.0,1.4,18.7,No,Yes,Middle,0.0,Yes,Salle 26,186.0,0.513888888888889,1.0,0.5568383929257958,0.712,2.4
ENSPD001492,Male,21.0,Informatique,2,0.7153965785381026,18.0,0.5701559020044543,0.639,0.855,1.0,0.7,7.3,Yes,No,Middle,0.0,Yes,Salle 25,298.0,0.6833333333333333,1.0,1.0469065016679306,0.747,1.7
ENSPD001493,Male,23.0,Informatique,3,0.6080870917573872,25.0,0.8095768374164811,0.16899999999999998,0.47000000000000003,1.0,3.3,20.7,Yes,No,Middle,0.0,Yes,Salle 18,263.0,0.3458333333333333,0.0,1.758273279107266,0.3195,4.3
ENSPD001494,Male,21.0,Informatique,1,0.9097978227060654,6.0,0.5957683741648108,0.5710000000000001,0.6890000000000001,5.0,0.7,6.3,Yes,No,High,0.0,Yes,Salle 27,248.0,0.5305555555555556,1.0,1.7147698586528397,0.6300000000000001,5.7
ENSPD001495,Female,22.0,Chimie,3,0.7231726283048211,0.0,0.8652561247216036,0.813,0.5870000000000001,1.0,0.3,3.8,Yes,Yes,Low,0.0,Yes,Salle 26,130.0,0.6875,1.0,1.051872159393785,0.7,1.3
ENSPD001496,Female,24.0,Energetique,3,0.6578538102643857,22.0,0.6859688195991092,0.489,1.0,0.0,1.5,6.3,Yes,No,Middle,1.0,Yes,Salle 13,104.0,0.7694444444444444,1.0,0.8549613495823841,0.7444999999999999,1.5
ENSPD001497,Female,23.0,GenieCivil,4,0.9797822706065319,1.0,0.3028953229398664,0.652,0.89,1.0,5.8,23.0,Yes,No,Middle,1.0,Yes,Salle 2,173.0,0.5916666666666666,1.0,1.6559420470750332,0.771,6.8
ENSPD001498,Male,22.0,GenieCivil,2,0.6609642301710731,22.0,0.6280623608017817,0.525,1.0,1.0,1.1,13.7,Yes,No,Middle,1.0,Yes,Salle 10,177.0,0.6458333333333334,1.0,1.023412639036928,0.7625,2.1
ENSPD001499,Male,21.0,Informatique,4,0.5396578538102644,30.0,0.6603563474387528,0.465,0.488,5.0,1.4,11.5,Yes,No,Middle,1.0,No,Salle 17,230.0,0.4208333333333333,1.0,1.2823248250978538,0.47650000000000003,6.4
ENSPD001500,Female,21.0,Electrique,2,0.9999999999999999,0.0,0.7906458797327395,0.795,0.86,2.0,1.2,3.0,No,Yes,Low,1.0,Yes,Salle 17,185.0,0.8388888888888888,1.0,1.1920387703987636,0.8275,3.2
ENSPD001501,Male,20.0,Informatique,3,0.8164852255054432,12.0,0.9142538975501113,0.43200000000000005,0.36700000000000005,5.0,1.2,9.6,Yes,No,Low,0.0,No,Salle 13,263.0,0.37222222222222223,1.0,2.1934834674737065,0.3995000000000001,6.2
ENSPD001502,Male,21.0,Electrique,2,0.7216174183514773,18.0,0.7616926503340756,0.616,0.322,1.0,0.5,7.4,Yes,No,Middle,3.0,No,Salle 8,185.0,0.3944444444444445,1.0,1.8294062305922651,0.469,1.5
ENSPD001503,Male,24.0,Energetique,1,0.8475894245723173,10.0,0.6837416481069042,0.6759999999999999,0.561,1.0,1.1,6.8,Yes,No,Middle,1.0,Yes,Salle 14,83.0,0.5347222222222222,1.0,1.5850726575816467,0.6185,2.1
ENSPD001504,Male,22.0,Informatique,4,0.7231726283048211,15.0,0.7227171492204899,0.467,0.9420000000000001,1.0,1.4,7.3,Yes,Yes,Low,1.0,Yes,Salle 27,230.0,0.6375,1.0,1.1343706425072881,0.7045,2.4
ENSPD001505,Male,19.0,Chimie,1,0.7076205287713843,19.0,0.5824053452115813,0.648,0.441,2.0,2.7,16.2,Yes,No,High,0.0,No,Salle 3,96.0,0.4,1.0,1.7690070967510418,0.5445,4.7
ENSPD001506,Male,26.0,Informatique,1,0.47278382581648504,34.0,0.6113585746102449,0.452,0.637,1.0,0.3,3.4,Yes,No,Low,0.0,Yes,Salle 12,248.0,0.3138888888888889,0.0,1.5061659743046647,0.5445,1.3
ENSPD001507,Female,23.0,Mecanique,2,0.6702954898911352,21.0,0.6169265033407572,0.7140000000000001,0.878,1.0,1.7,11.9,No,No,Low,0.0,Yes,Salle 1,231.0,0.7999999999999998,1.0,0.8378588891278052,0.796,2.7
ENSPD001508,Male,19.0,Informatique,3,0.8367029548989114,10.0,0.6714922048997773,0.383,0.809,3.0,2.2,9.5,Yes,No,Middle,2.0,Yes,Salle 15,263.0,0.625,1.0,1.338703308585321,0.5960000000000001,5.2
ENSPD001509,Female,21.0,Mecanique,2,0.6967340590979781,20.0,0.40868596881959907,0.559,1.0,0.0,1.4,6.7,Yes,No,Middle,1.0,Yes,Salle 13,231.0,0.6263888888888889,1.0,1.1122849536560486,0.7795000000000001,1.4
ENSPD001510,Female,22.0,Informatique,1,0.8880248833592533,7.0,0.8318485523385302,0.5750000000000001,0.6409999999999999,1.0,1.6,10.3,Yes,No,High,2.0,No,Salle 2,248.0,0.6055555555555555,1.0,1.466438893712449,0.608,2.6
ENSPD001511,Female,25.0,Mecanique,1,0.7916018662519438,13.0,0.7783964365256124,0.8200000000000001,0.552,1.0,2.5,13.7,Yes,No,Low,1.0,Yes,Salle 27,186.0,0.6583333333333332,1.0,1.2024149500290284,0.686,3.5
ENSPD001512,Female,20.0,GenieCivil,3,0.5567651632970451,28.0,0.38084632516703787,0.645,0.42100000000000004,2.0,1.3,14.8,Yes,No,Middle,3.0,Yes,Salle 4,185.0,0.3319444444444445,0.0,1.6772336464084445,0.533,3.3
ENSPD001513,Female,24.0,Mecanique,2,0.47433903576982883,34.0,0.8385300668151447,0.616,0.5660000000000001,0.0,0.8,6.0,Yes,No,Middle,0.0,Yes,Salle 20,231.0,0.6541666666666666,1.0,0.7250931742747815,0.591,0.8
ENSPD001514,Male,25.0,Electrique,2,0.6905132192846034,20.0,0.5590200445434298,0.72,0.419,1.0,3.5,22.8,Yes,No,Middle,2.0,Yes,Salle 7,185.0,0.42361111111111116,1.0,1.6300255137744761,0.5695,4.5
ENSPD001515,Male,21.0,Telecom,1,0.6220839813374807,24.0,0.4799554565701559,0.7190000000000001,0.281,1.0,9.0,29.1,Yes,No,Middle,2.0,Yes,Salle 10,121.0,0.35138888888888886,0.0,1.770307195063959,0.5,10.0
ENSPD001516,Male,21.0,GenieCivil,2,0.7822706065318817,14.0,0.7906458797327395,0.56,1.0,1.0,0.5,7.0,Yes,No,Middle,1.0,Yes,Salle 28,177.0,0.7763888888888888,1.0,1.0075627589464946,0.78,1.5
ENSPD001517,Female,20.0,Informatique,4,0.5863141524105754,27.0,0.601336302895323,0.804,0.65,1.0,4.4,14.2,No,Yes,High,0.0,Yes,Salle 23,230.0,0.5527777777777778,1.0,1.0606496307996798,0.7270000000000001,5.4
ENSPD001518,Female,22.0,Mecanique,4,0.6049766718506998,25.0,0.9276169265033407,0.556,1.0,1.0,1.4,16.3,Yes,No,High,0.0,Yes,Salle 25,178.0,0.8388888888888888,1.0,0.7211556480328445,0.778,2.4
ENSPD001519,Male,22.0,Telecom,4,0.9160186625194401,5.0,0.46770601336302897,0.309,0.47200000000000003,2.0,1.2,17.9,Yes,Yes,High,2.0,Yes,Salle 13,121.0,0.28888888888888886,0.0,3.1707240759646633,0.3905,3.2
ENSPD001520,Female,23.0,Electrique,1,0.7480559875583203,16.0,0.3207126948775056,0.5810000000000001,0.554,0.0,4.5,22.9,Yes,No,Middle,1.0,Yes,Salle 25,143.0,0.37777777777777777,1.0,1.9800957880599874,0.5675000000000001,4.5
ENSPD001521,Male,24.0,GenieCivil,5,0.5894245723172628,26.0,0.5634743875278396,0.7020000000000001,0.485,0.0,4.8,31.1,Yes,No,Middle,1.0,Yes,Salle 21,70.0,0.4722222222222222,1.0,1.248166780198858,0.5935,4.8
ENSPD001522,Female,21.0,Informatique,2,0.7231726283048211,18.0,0.7416481069042317,0.331,0.512,0.0,1.4,4.2,No,No,Low,2.0,No,Salle 14,298.0,0.35,0.0,2.066148476628728,0.4215,1.4
ENSPD001523,Male,18.0,GenieCivil,5,0.9766718506998445,2.0,0.455456570155902,0.461,0.8150000000000001,3.0,0.9,12.5,Yes,No,Low,1.0,No,Salle 8,70.0,0.5986111111111111,1.0,1.6315359291071891,0.638,3.9
ENSPD001524,Male,22.0,Mecanique,2,0.7744945567651632,14.0,0.38752783964365256,0.39799999999999996,0.753,1.0,3.8,23.6,Yes,Yes,Middle,0.0,Yes,Salle 8,231.0,0.49722222222222223,1.0,1.557611357735033,0.5755,4.8
ENSPD001525,Male,23.0,Energetique,3,0.8304821150855365,11.0,0.6481069042316259,0.762,0.8150000000000001,1.0,1.3,9.6,Yes,No,Middle,0.0,Yes,Salle 18,104.0,0.6902777777777778,1.0,1.2030954941127339,0.7885,2.3
ENSPD001526,Male,22.0,Telecom,2,0.5800933125972006,27.0,0.36525612472160357,0.9209999999999999,0.908,0.0,0.7,7.8,Yes,No,Low,1.0,Yes,Salle 16,161.0,0.7250000000000001,1.0,0.8001176709248157,0.9145,0.7
ENSPD001527,Male,21.0,Informatique,2,0.9113530326594089,6.0,0.6614699331848551,0.5820000000000001,0.861,1.0,6.5,32.3,Yes,No,Middle,0.0,Yes,Salle 17,298.0,0.6972222222222222,1.0,1.3071011402122807,0.7215,7.5
ENSPD001528,Male,22.0,GenieCivil,4,0.9999999999999999,0.0,0.5534521158129176,0.716,0.438,0.0,1.4,7.8,No,No,Middle,0.0,No,Salle 7,173.0,0.4361111111111111,1.0,2.2929410535809365,0.577,1.4
ENSPD001529,Female,25.0,Mecanique,4,0.5723172628304821,28.0,0.692650334075724,0.711,0.535,0.0,1.9,14.0,No,No,Low,1.0,Yes,Salle 10,178.0,0.5902777777777778,1.0,0.9695563492523118,0.623,1.9
ENSPD001530,Male,23.0,GenieCivil,5,0.499222395023328,32.0,0.378619153674833,0.9,0.664,0.0,1.1,18.0,Yes,No,Middle,2.0,Yes,Salle 27,70.0,0.638888888888889,1.0,0.7813793445337294,0.782,1.1
ENSPD001531,Male,21.0,Telecom,3,0.7527216174183514,16.0,0.8273942093541203,0.503,1.0,1.0,1.2,17.8,Yes,No,Middle,1.0,Yes,Salle 12,154.0,0.7444444444444445,1.0,1.0111050085543871,0.7515000000000001,2.2
ENSPD001532,Female,21.0,GenieCivil,2,0.8833592534992224,8.0,0.5801781737193764,0.58,0.794,0.0,0.2,9.2,No,No,High,0.0,No,Salle 22,177.0,0.6111111111111112,1.0,1.4454733070718846,0.687,0.2
ENSPD001533,Female,22.0,Mecanique,1,0.7029548989113531,19.0,0.7383073496659243,0.559,0.6609999999999999,0.0,0.6,15.7,Yes,No,Middle,3.0,No,Salle 5,186.0,0.5638888888888889,1.0,1.2465974180166615,0.61,0.6
ENSPD001534,Male,25.0,Informatique,5,0.5241057542768274,31.0,0.7706013363028954,0.634,0.775,0.0,0.4,2.2,No,Yes,Low,0.0,Yes,Salle 20,109.0,0.7069444444444444,1.0,0.7413571813509038,0.7045,0.4
ENSPD001535,Male,22.0,Chimie,3,0.6998444790046657,19.0,0.4164810690423163,1.0,0.519,1.0,2.8,11.5,Yes,No,Low,1.0,No,Salle 10,130.0,0.6138888888888889,1.0,1.1399995857157064,0.7595000000000001,3.8
ENSPD001536,Male,22.0,Electrique,3,0.8320373250388803,11.0,0.757238307349666,0.626,0.6920000000000001,1.0,2.4,18.0,Yes,No,Low,0.0,Yes,Salle 28,188.0,0.575,1.0,1.4469962696977103,0.659,3.4
ENSPD001537,Male,21.0,GenieCivil,2,0.6438569206842922,23.0,0.3719376391982183,0.466,0.831,1.0,3.2,16.2,Yes,No,Low,1.0,No,Salle 5,177.0,0.4097222222222222,1.0,1.5714090466018809,0.6485,4.2
ENSPD001538,Female,24.0,Informatique,3,0.8335925349922239,11.0,0.38084632516703787,0.41200000000000003,0.634,1.0,2.4,11.5,Yes,Yes,Middle,3.0,Yes,Salle 2,263.0,0.375,1.0,2.2228541505352495,0.523,3.4
ENSPD001539,Male,26.0,Mecanique,5,0.9377916018662519,4.0,0.9387527839643652,0.845,0.489,4.0,0.3,12.7,Yes,No,Middle,0.0,Yes,Salle 5,67.0,0.7097222222222221,1.0,1.3213315846502778,0.667,4.3
ENSPD001540,Male,23.0,Energetique,1,0.7651632970451011,15.0,0.6113585746102449,0.465,0.624,2.0,7.7,37.9,Yes,No,Middle,1.0,Yes,Salle 27,83.0,0.523611111111111,1.0,1.4612919166330853,0.5445,9.7
ENSPD001541,Female,22.0,GenieCivil,2,0.7153965785381026,18.0,0.9565701559020043,0.7390000000000001,0.5760000000000001,0.0,0.4,3.8,Yes,No,Middle,1.0,No,Salle 7,177.0,0.6847222222222222,1.0,1.0447829900809438,0.6575000000000001,0.4
ENSPD001542,Male,22.0,GenieCivil,1,0.8755832037325039,8.0,0.5478841870824054,0.498,0.369,1.0,0.9,2.5,No,Yes,Middle,1.0,No,Salle 16,149.0,0.3388888888888889,0.0,2.583611904433159,0.4335,1.9
ENSPD001543,Male,17.0,GenieCivil,4,0.5598755832037324,28.0,0.6269487750556793,0.392,0.526,1.0,2.5,10.9,Yes,No,Middle,0.0,Yes,Salle 15,173.0,0.3652777777777778,0.0,1.5326972794154963,0.459,3.5
ENSPD001544,Male,23.0,Chimie,1,0.541213063763608,30.0,0.6982182628062361,0.7290000000000001,0.36100000000000004,1.0,0.3,12.8,Yes,Yes,Middle,1.0,Yes,Salle 29,96.0,0.46805555555555556,1.0,1.1562762039202656,0.545,1.3
ENSPD001545,Female,22.0,Mecanique,1,0.6702954898911352,21.0,0.6080178173719376,0.616,0.39299999999999996,3.0,0.4,5.5,No,Yes,Low,2.0,Yes,Salle 26,186.0,0.3555555555555555,0.0,1.8851530453894163,0.5045,3.4
ENSPD001546,Male,23.0,Informatique,2,0.6283048211508552,24.0,0.4855233853006682,0.6970000000000001,0.41200000000000003,1.0,4.2,26.4,Yes,No,Middle,2.0,No,Salle 1,298.0,0.4013888888888889,1.0,1.5652878932726095,0.5545,5.2
ENSPD001547,Female,21.0,Electrique,3,0.5707620528771385,28.0,0.4610244988864143,0.71,0.831,0.0,0.8,9.7,No,Yes,Low,0.0,Yes,Salle 18,188.0,0.6069444444444445,1.0,0.9403704974918943,0.7705,0.8
ENSPD001548,Male,21.0,Electrique,2,0.9999999999999999,0.0,0.645879732739421,0.718,0.938,1.0,2.2,5.7,No,Yes,Middle,3.0,Yes,Salle 19,185.0,0.8402777777777777,1.0,1.1900684818296379,0.828,3.2
ENSPD001549,Male,21.0,Chimie,1,0.9999999999999999,0.0,0.43207126948775054,0.5720000000000001,0.33299999999999996,1.0,3.9,19.6,Yes,No,Middle,0.0,Yes,Salle 25,96.0,0.3222222222222222,0.0,3.103351964939019,0.4525,4.9
ENSPD001550,Male,24.0,Telecom,5,0.6547433903576981,22.0,0.4276169265033408,0.7440000000000001,0.956,0.0,7.2,30.0,Yes,No,Middle,1.0,Yes,Salle 24,60.0,0.6708333333333333,1.0,0.9760004427626394,0.8500000000000001,7.2
ENSPD001551,Female,21.0,Mecanique,5,0.7371695178849144,17.0,0.6759465478841872,0.454,0.41500000000000004,1.0,0.5,10.3,Yes,Yes,Low,0.0,No,Salle 1,67.0,0.3944444444444445,1.0,1.868833089010202,0.4345,1.5
ENSPD001552,Female,26.0,Informatique,2,0.6842923794712287,20.0,0.5946547884187082,0.17800000000000002,0.789,2.0,0.3,9.8,Yes,No,Low,1.0,Yes,Salle 9,298.0,0.4305555555555556,1.0,1.5892873237114642,0.48350000000000004,2.3
ENSPD001553,Female,23.0,Energetique,4,0.926905132192846,5.0,0.7672605790645879,0.747,0.6920000000000001,1.0,2.7,15.1,No,No,Low,0.0,Yes,Salle 10,70.0,0.7208333333333332,1.0,1.2858621136254935,0.7195,3.7
ENSPD001554,Female,19.0,GenieCivil,3,0.9642301710730948,2.0,0.5389755011135858,0.65,0.767,1.0,0.4,12.8,No,No,High,1.0,Yes,Salle 10,185.0,0.6458333333333334,1.0,1.4929784381244597,0.7085,1.4
ENSPD001555,Male,22.0,Electrique,2,0.38880248833592534,39.0,0.5133630289532294,0.51,0.635,0.0,1.7,16.1,No,Yes,Low,0.0,Yes,Salle 15,185.0,0.34305555555555556,0.0,1.1333183470031085,0.5725,1.7
ENSPD001556,Male,21.0,Electrique,2,0.8087091757387247,12.0,0.6815144766146994,0.355,0.278,0.0,1.5,9.3,Yes,Yes,Middle,0.0,No,Salle 7,185.0,0.3291666666666666,0.0,2.456763366395122,0.3165,1.5
ENSPD001557,Female,18.0,GenieCivil,3,0.4758942457231726,34.0,0.47438752783964366,0.253,0.635,0.0,1.6,13.6,No,No,Middle,1.0,No,Salle 25,185.0,0.25,0.0,1.9035008428589761,0.444,1.6
ENSPD001558,Male,25.0,Informatique,2,0.9999999999999999,0.0,0.5,0.629,0.725,0.0,2.1,10.2,No,No,Low,0.0,Yes,Salle 21,298.0,0.6069444444444445,1.0,1.6475701086847079,0.677,2.1
ENSPD001559,Female,23.0,Chimie,2,0.80248833592535,13.0,0.5066815144766148,0.917,1.0,0.0,3.8,18.9,No,No,Middle,0.0,Yes,Salle 21,119.0,0.825,1.0,0.9727013441356469,0.9585,3.8
ENSPD001560,Female,23.0,Chimie,4,0.5660964230171072,28.0,0.5757238307349666,0.595,0.434,1.0,0.6,9.8,Yes,No,Middle,3.0,No,Salle 1,93.0,0.4,1.0,1.4152056774008328,0.5145,1.6
ENSPD001561,Male,22.0,Electrique,3,0.6749611197511663,21.0,0.9064587973273941,0.555,0.62,1.0,1.6,11.6,Yes,No,Middle,1.0,Yes,Salle 7,188.0,0.6111111111111112,1.0,1.1044637592767568,0.5875,2.6
ENSPD001562,Male,19.0,GenieCivil,3,0.6656298600311042,22.0,0.3797327394209354,0.616,0.49,3.0,0.8,2.5,Yes,Yes,Middle,0.0,Yes,Salle 24,185.0,0.3583333333333333,1.0,1.8575198646487197,0.5529999999999999,3.8
ENSPD001563,Female,21.0,Informatique,1,0.8180404354587868,12.0,0.8262806236080179,1.0,0.637,0.0,0.8,9.9,Yes,No,High,1.0,Yes,Salle 29,248.0,0.7749999999999999,1.0,1.0555224261090657,0.8185,0.8
ENSPD001564,Male,24.0,Informatique,3,0.9144634525660965,6.0,0.7338530066815144,0.755,0.254,2.0,0.0,3.7,Yes,No,Middle,1.0,No,Salle 1,263.0,0.42361111111111116,1.0,2.158682437160793,0.5045,2.0
ENSPD001565,Female,20.0,Mecanique,2,0.505443234836703,32.0,0.8719376391982183,0.452,0.9400000000000001,0.0,1.8,9.0,No,No,Middle,1.0,Yes,Salle 26,231.0,0.7472222222222222,1.0,0.6764205554914993,0.6960000000000001,1.8
ENSPD001566,Male,17.0,Mecanique,3,0.9999999999999999,0.0,1.0,0.625,0.645,1.0,7.2,29.4,No,No,Middle,1.0,Yes,Salle 30,212.0,0.7083333333333333,1.0,1.4117447753678773,0.635,8.2
ENSPD001567,Female,22.0,Energetique,4,0.9999999999999999,0.0,0.8496659242761693,0.68,0.823,1.0,2.9,15.8,No,No,Middle,3.0,Yes,Salle 5,70.0,0.8055555555555556,1.0,1.241363900310203,0.7515000000000001,3.9
ENSPD001568,Male,22.0,Chimie,4,0.5567651632970451,28.0,0.7650334075723831,0.43,0.594,2.0,0.6,8.4,Yes,No,Low,0.0,Yes,Salle 23,93.0,0.4833333333333333,1.0,1.1519040915644059,0.512,2.6
ENSPD001569,Female,22.0,Electrique,2,0.7340590979782272,17.0,0.39086859688195985,0.757,0.6779999999999999,1.0,2.5,11.5,Yes,No,Middle,2.0,Yes,Salle 19,185.0,0.5027777777777778,1.0,1.459978007465939,0.7175,3.5
ENSPD001570,Male,23.0,GenieCivil,3,0.9999999999999999,0.0,0.41202672605790647,0.473,0.866,1.0,0.7,9.0,Yes,No,Middle,0.0,No,Salle 18,185.0,0.5125,1.0,1.9511814403621395,0.6695,1.7
ENSPD001571,Female,23.0,Informatique,5,0.9502332814930016,3.0,0.6703786191536749,0.348,0.6659999999999999,2.0,2.8,15.2,Yes,No,Middle,0.0,No,Salle 14,109.0,0.5388888888888889,1.0,1.7632867706448778,0.5069999999999999,4.8
ENSPD001572,Male,23.0,Energetique,3,0.6578538102643857,22.0,0.32628062360801785,0.634,0.674,0.0,3.9,23.0,Yes,No,Middle,0.0,Yes,Salle 1,104.0,0.4208333333333333,1.0,1.5631798300184212,0.654,3.9
ENSPD001573,Female,24.0,Mecanique,1,0.8724727838258165,8.0,0.7126948775055679,0.605,0.48100000000000004,1.0,0.8,7.6,Yes,No,Middle,1.0,No,Salle 11,186.0,0.4527777777777777,1.0,1.9268911985826938,0.543,1.8
ENSPD001574,Female,19.0,Informatique,3,0.9999999999999999,0.0,0.2538975501113586,0.62,0.533,1.0,0.0,0.0,Yes,No,Middle,1.0,Yes,Salle 30,263.0,0.39583333333333337,1.0,2.5262519683713247,0.5765,1.0
ENSPD001575,Male,23.0,GenieCivil,1,0.7402799377916017,17.0,0.8028953229398663,0.48200000000000004,0.43700000000000006,2.0,0.7,3.0,Yes,No,Middle,1.0,Yes,Salle 11,149.0,0.3736111111111111,1.0,1.9813653880266149,0.4595,2.7
ENSPD001576,Male,23.0,Telecom,4,0.6018662519440124,26.0,0.556792873051225,0.507,0.49200000000000005,1.0,0.5,4.9,Yes,No,Middle,2.0,Yes,Salle 26,121.0,0.3388888888888889,0.0,1.7759463712533439,0.49950000000000006,1.5
ENSPD001577,Male,20.0,Telecom,3,0.7527216174183514,16.0,0.6314031180400892,0.823,0.89,3.0,1.9,17.6,Yes,No,Middle,1.0,Yes,Salle 3,154.0,0.7388888888888889,1.0,1.018707198965001,0.8565,4.9
ENSPD001578,Female,19.0,Informatique,2,0.7667185069984447,15.0,0.4855233853006682,0.6990000000000001,1.0,3.0,0.7,4.0,No,No,Middle,0.0,No,Salle 30,298.0,0.7791666666666666,1.0,0.9840111232777053,0.8495,3.7
ENSPD001579,Female,21.0,Telecom,1,0.6220839813374807,24.0,0.29287305122494434,0.44799999999999995,0.391,2.0,0.1,7.0,Yes,No,Middle,1.0,Yes,Salle 24,121.0,0.22638888888888886,0.0,2.747734250775341,0.4195,2.1
ENSPD001580,Male,21.0,Mecanique,2,0.80248833592535,13.0,0.8162583518930958,0.269,0.7190000000000001,1.0,1.5,12.6,Yes,No,Middle,0.0,No,Salle 29,231.0,0.5875,1.0,1.3659143434585794,0.49400000000000005,2.5
ENSPD001581,Male,24.0,Informatique,4,0.7231726283048211,33.0,0.8329621380846325,0.455,0.5760000000000001,2.0,4.2,16.9,Yes,No,Middle,1.0,No,Salle 3,230.0,0.5277777777777778,1.0,1.3701958604454632,0.5155000000000001,6.2
ENSPD001582,Male,21.0,Telecom,1,0.5956454121306377,26.0,0.5512249443207128,0.648,0.919,1.0,1.2,8.7,No,No,Middle,3.0,Yes,Salle 19,121.0,0.6763888888888889,1.0,0.8806126413204141,0.7835000000000001,2.2
ENSPD001583,Female,20.0,Telecom,3,0.8615863141524104,9.0,0.7204899777282852,0.506,0.667,1.0,0.9,9.2,No,No,Low,2.0,Yes,Salle 4,154.0,0.5986111111111111,1.0,1.4392848801359595,0.5865,1.9
ENSPD001584,Male,21.0,Electrique,5,0.3919129082426127,39.0,0.544543429844098,0.49200000000000005,0.639,0.0,0.4,5.5,No,Yes,Middle,0.0,Yes,Salle 3,80.0,0.48611111111111116,1.0,0.806204255040128,0.5655,0.4
ENSPD001585,Other,24.0,Electrique,2,0.8880248833592533,7.0,0.6581291759465479,0.514,0.49100000000000005,2.0,1.0,11.3,Yes,No,Middle,1.0,No,Salle 3,185.0,0.5472222222222223,1.0,1.6227569344384123,0.5025000000000001,3.0
ENSPD001586,Male,22.0,Telecom,2,0.34525660964230165,42.0,0.7371937639198219,0.6070000000000001,0.334,0.0,0.8,10.3,No,No,Middle,1.0,Yes,Salle 13,161.0,0.3291666666666666,0.0,1.0488489756533017,0.47050000000000003,0.8
ENSPD001587,Female,22.0,Chimie,3,0.3965785381026439,39.0,0.7026726057906458,0.761,0.792,3.0,10.6,48.2,No,No,Low,0.0,Yes,Salle 11,130.0,0.6305555555555554,1.0,0.6289251523630103,0.7765,13.6
ENSPD001588,Male,22.0,Telecom,2,0.6267496111975116,24.0,0.8340757238307349,0.62,0.711,2.0,0.1,9.1,Yes,No,High,3.0,Yes,Salle 19,161.0,0.6333333333333333,1.0,0.9895890241693737,0.6655,2.1
ENSPD001589,Male,25.0,Electrique,1,0.7729393468118196,15.0,0.6971046770601336,0.631,0.715,1.0,0.5,7.0,Yes,No,Low,0.0,Yes,Salle 14,143.0,0.6902777777777778,1.0,1.119734944895185,0.673,1.5
ENSPD001590,Female,21.0,Energetique,1,0.9673405909797824,2.0,0.6146993318485524,0.616,0.52,2.0,0.1,5.9,Yes,No,Low,2.0,No,Salle 18,83.0,0.4902777777777778,1.0,1.973005721995028,0.5680000000000001,2.1
ENSPD001591,Female,25.0,Energetique,3,0.7309486780715396,17.0,0.4832962138084633,0.53,0.611,1.0,3.9,21.7,No,No,Middle,0.0,Yes,Salle 20,104.0,0.4208333333333333,1.0,1.7368664777982457,0.5705,4.9
ENSPD001592,Other,22.0,Informatique,5,0.6734059097978228,21.0,0.5300668151447662,0.7809999999999999,0.798,4.0,1.1,5.0,Yes,Yes,Middle,1.0,Yes,Salle 19,109.0,0.7,1.0,0.9619946997868929,0.7895,5.1
ENSPD001593,Male,22.0,Telecom,1,0.8289269051321929,11.0,0.7461024498886415,0.7540000000000001,0.836,2.0,3.2,20.1,Yes,No,High,1.0,Yes,Salle 25,121.0,0.7305555555555554,1.0,1.134637266743077,0.795,5.2
ENSPD001594,Male,27.0,GenieCivil,1,0.5567651632970451,28.0,0.3596881959910913,0.988,0.40399999999999997,5.0,2.4,12.1,No,No,Middle,1.0,Yes,Salle 20,149.0,0.5375,1.0,1.0358228931499789,0.696,7.4
ENSPD001595,Female,20.0,Mecanique,2,0.7465007776049767,16.0,0.7951002227171492,0.73,0.513,2.0,5.3,25.3,Yes,No,Middle,1.0,Yes,Salle 21,231.0,0.6055555555555555,1.0,1.2327332206339328,0.6214999999999999,7.3
ENSPD001596,Male,21.0,Electrique,4,0.4961119751166406,32.0,0.5634743875278396,0.53,0.36200000000000004,1.0,0.0,7.2,Yes,No,Low,2.0,Yes,Salle 11,157.0,0.3638888888888888,0.0,1.3633236876085135,0.44600000000000006,1.0
ENSPD001597,Male,20.0,Informatique,2,0.7356143079315708,17.0,0.47327394209354123,0.457,0.68,1.0,0.5,8.8,No,No,High,1.0,No,Salle 16,298.0,0.45000000000000007,1.0,1.6346621362449072,0.5685,1.5
ENSPD001598,Male,24.0,GenieCivil,4,0.6951788491446346,20.0,0.4265033407572383,0.792,0.8170000000000001,0.0,2.4,8.9,No,No,Middle,0.0,No,Salle 22,173.0,0.6138888888888889,1.0,1.1323995884776015,0.8045,2.4
ENSPD001599,Male,25.0,Telecom,1,0.5692068429237945,28.0,0.7227171492204899,0.473,0.584,0.0,1.8,11.5,No,No,Low,0.0,Yes,Salle 26,121.0,0.5,1.0,1.1383909180292286,0.5285,1.8
ENSPD001600,Female,25.0,Informatique,5,0.7511664074650078,16.0,0.6080178173719376,0.766,0.635,1.0,2.4,10.6,Yes,No,Middle,3.0,Yes,Salle 10,109.0,0.5388888888888889,1.0,1.3938911787585533,0.7005,3.4
ENSPD001601,Male,24.0,GenieCivil,3,0.749611197511664,16.0,0.8752783964365256,0.483,0.573,1.0,1.7,12.6,No,No,Low,2.0,Yes,Salle 21,185.0,0.5513888888888888,1.0,1.3594717229521234,0.528,2.7
ENSPD001602,Male,22.0,Energetique,3,0.9393468118195955,4.0,0.3997772828507795,0.6829999999999999,1.0,1.0,1.7,17.0,No,No,Middle,1.0,No,Salle 7,104.0,0.6805555555555556,1.0,1.3802444219393282,0.8414999999999999,2.7
ENSPD001603,Male,21.0,GenieCivil,2,0.41990668740279935,37.0,0.5133630289532294,0.429,0.878,1.0,5.4,24.7,No,No,Low,1.0,No,Salle 5,177.0,0.6222222222222222,1.0,0.6748391876961253,0.6535,6.4
ENSPD001604,Male,19.0,Mecanique,4,0.7060653188180402,19.0,0.5946547884187082,0.76,0.7859999999999999,1.0,5.1,21.6,Yes,No,Middle,1.0,Yes,Salle 1,178.0,0.6680555555555555,1.0,1.0568802910829382,0.7729999999999999,6.1
ENSPD001605,Male,26.0,GenieCivil,1,0.5785381026438571,27.0,0.48440979955456576,0.39799999999999996,0.7040000000000001,0.0,0.1,1.7,Yes,No,Middle,1.0,Yes,Salle 30,149.0,0.40555555555555556,1.0,1.4264971339870287,0.551,0.1
ENSPD001606,Male,23.0,GenieCivil,1,0.8818040435458788,8.0,0.6113585746102449,0.669,0.637,1.0,1.1,11.1,Yes,No,Middle,1.0,No,Salle 29,149.0,0.5875,1.0,1.5009175053120438,0.653,2.1
ENSPD001607,Male,21.0,Electrique,2,0.8600311041990668,9.0,0.6636971046770601,0.584,0.459,0.0,1.4,14.9,Yes,Yes,Middle,2.0,Yes,Salle 8,185.0,0.5125,1.0,1.6780767286473766,0.5215,1.4
ENSPD001608,Female,25.0,Chimie,4,0.8149300155520994,12.0,0.6915367483296213,0.638,0.428,1.0,0.9,12.7,No,No,Middle,0.0,Yes,Salle 24,93.0,0.5833333333333334,1.0,1.3969989352504233,0.533,1.9
ENSPD001609,Male,20.0,GenieCivil,4,0.5894245723172628,26.0,0.8619153674832961,0.549,0.526,0.0,0.1,2.7,Yes,No,Middle,1.0,No,Salle 13,173.0,0.4208333333333333,1.0,1.4005795640117766,0.5375000000000001,0.1
ENSPD001610,Male,23.0,Telecom,3,0.884914463452566,7.0,0.3919821826280624,0.545,0.449,1.0,1.3,4.1,Yes,No,Middle,1.0,Yes,Salle 20,154.0,0.3555555555555555,0.0,2.488751932312246,0.497,2.3
ENSPD001611,Female,22.0,GenieCivil,3,0.4339035769828927,36.0,0.6670378619153674,0.648,0.518,0.0,7.4,34.9,Yes,No,Low,0.0,Yes,Salle 27,185.0,0.5388888888888889,1.0,0.8051669541897233,0.583,7.4
ENSPD001612,Female,23.0,Mecanique,1,0.3965785381026439,39.0,0.5022271714922049,0.44,0.62,2.0,0.1,11.5,Yes,No,Middle,1.0,No,Salle 6,186.0,0.31944444444444453,0.0,1.2414243877317905,0.53,2.1
ENSPD001613,Male,22.0,Electrique,4,0.48211508553654736,33.0,0.6826280623608018,0.439,0.635,1.0,3.4,20.3,Yes,No,Middle,2.0,Yes,Salle 17,157.0,0.47916666666666674,1.0,1.0061322244472406,0.537,4.4
ENSPD001614,Male,19.0,Chimie,4,0.7138413685847588,18.0,0.6826280623608018,0.555,0.516,1.0,1.4,1.2,Yes,Yes,Middle,1.0,Yes,Salle 15,93.0,0.5027777777777778,1.0,1.4197667487857324,0.5355000000000001,2.4
ENSPD001615,Male,22.0,Electrique,3,0.8460342146189735,10.0,0.44543429844098004,0.5479999999999999,0.7390000000000001,2.0,1.7,11.5,Yes,No,Low,1.0,Yes,Salle 25,188.0,0.5291666666666666,1.0,1.5987746019646378,0.6435,3.7
ENSPD001616,Female,24.0,Informatique,2,0.16485225505443224,54.0,0.45991091314031185,0.439,0.6020000000000001,0.0,1.0,5.0,Yes,No,Middle,1.0,No,Salle 15,298.0,0.31805555555555554,0.0,0.5182964711991205,0.5205000000000001,1.0
ENSPD001617,Other,22.0,Informatique,5,0.9673405909797824,2.0,0.6959910913140313,0.7859999999999999,0.635,1.0,0.9,9.9,Yes,No,Middle,3.0,Yes,Salle 6,109.0,0.7250000000000001,1.0,1.3342444807378966,0.7104999999999999,1.9
ENSPD001618,Female,24.0,Mecanique,4,0.7449455676516329,16.0,0.6146993318485524,0.56,0.49100000000000005,1.0,4.1,21.2,Yes,No,Low,3.0,Yes,Salle 7,178.0,0.3638888888888888,0.0,2.0471224023964827,0.5255000000000001,5.1
ENSPD001619,Male,20.0,Mecanique,3,0.4276827371695179,37.0,0.5734966592427617,0.579,0.635,3.0,7.3,33.1,Yes,No,Low,1.0,Yes,Salle 1,212.0,0.5055555555555555,1.0,0.8459491206823736,0.607,10.3
ENSPD001620,Female,22.0,Electrique,2,0.7387247278382582,17.0,0.7204899777282852,0.381,0.533,2.0,1.0,6.5,No,Yes,Low,1.0,Yes,Salle 11,185.0,0.4361111111111111,1.0,1.6938522557557465,0.457,3.0
ENSPD001621,Male,21.0,Informatique,3,0.9237947122861586,5.0,0.732739420935412,0.993,0.9620000000000001,1.0,1.4,14.7,Yes,Yes,Low,3.0,No,Salle 13,263.0,0.9402777777777778,1.0,0.9824595555941418,0.9775,2.4
ENSPD001622,Male,23.0,Chimie,3,0.8320373250388803,11.0,0.522271714922049,1.0,0.595,0.0,1.6,16.2,Yes,No,Low,2.0,Yes,Salle 13,130.0,0.7013888888888888,1.0,1.1862541247491003,0.7975,1.6
ENSPD001623,Male,22.0,Mecanique,2,0.9253499222395024,5.0,0.46770601336302897,0.616,0.621,0.0,0.2,12.3,Yes,No,High,2.0,Yes,Salle 20,231.0,0.38194444444444453,1.0,2.4226709119340932,0.6185,0.2
ENSPD001624,Female,23.0,Mecanique,2,0.4650077760497665,34.0,0.3997772828507795,0.841,0.7590000000000001,1.0,0.1,7.1,Yes,No,Middle,1.0,Yes,Salle 16,231.0,0.5722222222222223,1.0,0.812620747297212,0.8,1.1
ENSPD001625,Male,24.0,GenieCivil,2,0.6423017107309487,23.0,0.6158129175946548,0.603,0.802,0.0,3.0,22.1,Yes,No,Middle,1.0,Yes,Salle 23,177.0,0.6083333333333333,1.0,1.055821072635982,0.7025,3.0
ENSPD001626,Female,23.0,Informatique,3,0.547433903576983,29.0,0.37305122494432075,0.909,0.8240000000000001,3.0,1.0,5.0,No,Yes,High,1.0,Yes,Salle 4,263.0,0.6625000000000001,1.0,0.8263028536580322,0.8665,4.0
ENSPD001627,Male,23.0,Telecom,2,0.9999999999999999,0.0,0.6269487750556793,0.6809999999999999,0.995,1.0,0.7,6.5,Yes,No,High,1.0,No,Salle 16,161.0,0.7944444444444445,1.0,1.25872541464513,0.838,1.7
ENSPD001628,Male,20.0,Informatique,2,0.8398133748055988,10.0,0.8140311804008908,0.638,0.772,1.0,8.5,35.2,Yes,Yes,Middle,2.0,Yes,Salle 17,298.0,0.7333333333333334,1.0,1.1451844404016291,0.7050000000000001,9.5
ENSPD001629,Male,22.0,GenieCivil,4,0.9999999999999999,0.0,0.5512249443207128,0.616,0.627,1.0,0.2,3.8,No,No,Middle,1.0,Yes,Salle 30,173.0,0.2055555555555556,0.0,4.864628207276401,0.6214999999999999,1.2
ENSPD001630,Male,21.0,Telecom,3,0.6329704510108866,24.0,0.5211581291759466,0.462,0.534,2.0,0.6,3.3,Yes,No,Middle,2.0,Yes,Salle 16,154.0,0.3930555555555556,1.0,1.610343216454699,0.498,2.6
ENSPD001631,Female,21.0,Electrique,1,0.5847589424572316,27.0,0.9443207126948776,0.624,0.613,0.0,3.9,11.5,No,No,Middle,1.0,Yes,Salle 3,143.0,0.6402777777777777,1.0,0.9132751908629775,0.6185,3.9
ENSPD001632,Male,21.0,Mecanique,2,0.6936236391912908,20.0,0.8619153674832961,0.6559999999999999,0.937,2.0,1.1,7.9,Yes,Yes,High,1.0,No,Salle 21,231.0,0.8097222222222222,1.0,0.8566086666129156,0.7965,3.1
ENSPD001633,Female,20.0,GenieCivil,4,0.9766718506998445,2.0,0.4821826280623608,0.401,0.363,2.0,1.8,11.6,Yes,No,Low,1.0,Yes,Salle 3,173.0,0.2791666666666667,0.0,3.49840071651109,0.382,3.8
ENSPD001634,Female,18.0,Electrique,4,0.6516329704510108,22.0,0.6336302895322939,0.489,0.47600000000000003,0.0,0.1,11.5,No,Yes,Middle,0.0,Yes,Salle 6,157.0,0.4847222222222223,1.0,1.3443153571752322,0.48250000000000004,0.1
ENSPD001635,Female,21.0,Energetique,2,0.7433903576982893,16.0,0.6648106904231627,0.72,0.596,1.0,5.1,17.4,Yes,No,Middle,0.0,Yes,Salle 24,71.0,0.5263888888888889,1.0,1.4122187059843938,0.6579999999999999,6.1
ENSPD001636,Male,22.0,Telecom,5,0.7387247278382582,17.0,0.6447661469933185,0.371,0.474,1.0,0.3,13.0,Yes,No,Middle,1.0,No,Salle 7,60.0,0.3930555555555556,1.0,1.879393188737056,0.4225,1.3
ENSPD001637,Male,19.0,Mecanique,1,0.7278382581648523,18.0,0.9131403118040089,0.644,0.5579999999999999,1.0,0.5,6.0,No,No,Low,2.0,Yes,Salle 7,186.0,0.5666666666666667,1.0,1.2843977897416852,0.601,1.5
ENSPD001638,Male,22.0,Energetique,5,0.5987558320373251,26.0,0.6247216035634744,0.843,1.0,1.0,0.3,15.4,No,No,Middle,0.0,Yes,Salle 13,40.0,0.8152777777777778,1.0,0.7344104110935507,0.9215,1.3
ENSPD001639,Other,26.0,Informatique,2,0.6951788491446346,20.0,0.6503340757238307,0.6890000000000001,0.58,2.0,1.4,11.5,Yes,No,Low,2.0,Yes,Salle 3,298.0,0.5625,1.0,1.2358515388964368,0.6345000000000001,3.4
ENSPD001640,Female,24.0,Informatique,1,0.6858475894245722,20.0,0.7249443207126949,0.68,0.7220000000000001,0.0,3.4,13.6,Yes,No,Middle,1.0,Yes,Salle 16,248.0,0.6166666666666666,1.0,1.1121672450034417,0.7010000000000001,3.4
ENSPD001641,Male,25.0,Telecom,2,0.7185069984447902,18.0,0.8084632516703786,0.256,0.308,0.0,1.4,11.5,Yes,Yes,High,1.0,No,Salle 11,161.0,0.26250000000000007,0.0,2.7370652487325815,0.28200000000000003,1.4
ENSPD001642,Female,23.0,Informatique,2,0.8958009331259719,7.0,0.7672605790645879,0.47200000000000003,0.42,0.0,0.3,6.5,Yes,No,Low,0.0,Yes,Salle 25,298.0,0.3638888888888888,0.0,2.461675373236689,0.446,0.3
ENSPD001643,Male,24.0,Informatique,3,0.9999999999999999,0.0,0.700445434298441,0.99,0.8270000000000001,0.0,1.1,10.0,No,Yes,High,1.0,Yes,Salle 20,263.0,0.7916666666666667,1.0,1.2631419392597145,0.9085000000000001,1.1
ENSPD001644,Female,21.0,Mecanique,4,0.56298600311042,28.0,0.34966592427616927,0.512,0.9740000000000001,1.0,8.0,36.7,No,Yes,Middle,1.0,No,Salle 8,178.0,0.5305555555555556,0.0,1.0611054509954327,0.7430000000000001,9.0
ENSPD001645,Male,21.0,GenieCivil,4,0.6469673405909798,23.0,0.5289532293986637,0.848,0.684,3.0,0.0,0.0,No,Yes,Middle,1.0,Yes,Salle 26,173.0,0.638888888888889,1.0,1.0126286832586653,0.766,3.0
ENSPD001646,Female,17.0,Chimie,2,0.5660964230171072,28.0,0.7472160356347438,0.51,0.579,2.0,1.4,4.5,No,No,High,1.0,Yes,Salle 19,119.0,0.48749999999999993,1.0,1.1611996123507358,0.5445,3.4
ENSPD001647,Male,24.0,Electrique,2,0.7542768273716952,16.0,0.6525612472160356,0.5700000000000001,0.7390000000000001,1.0,2.2,18.5,Yes,No,Middle,1.0,Yes,Salle 14,185.0,0.5986111111111111,1.0,1.26002376690603,0.6545000000000001,3.2
ENSPD001648,Female,25.0,Mecanique,1,0.6189735614307931,24.0,0.7483296213808464,0.713,0.121,1.0,3.3,11.5,Yes,No,High,1.0,No,Salle 10,186.0,0.3319444444444445,0.0,1.8646340538283823,0.417,4.3
ENSPD001649,Female,21.0,GenieCivil,1,0.7651632970451011,15.0,0.9253897550111359,0.638,0.6859999999999999,2.0,2.7,14.7,Yes,No,Middle,3.0,No,Salle 1,149.0,0.723611111111111,1.0,1.057408753415448,0.6619999999999999,4.7
ENSPD001650,Female,21.0,Telecom,3,0.9253499222395024,5.0,0.6113585746102449,0.6890000000000001,0.43100000000000005,1.0,1.4,0.0,Yes,No,Middle,3.0,Yes,Salle 19,154.0,0.39722222222222214,1.0,2.3294936071974477,0.56,2.4
ENSPD001651,Male,20.0,Telecom,1,0.24883359253499227,48.0,0.8006681514476615,0.473,0.799,2.0,1.2,14.6,Yes,No,Middle,1.0,No,Salle 25,121.0,0.5416666666666667,1.0,0.45937661311174366,0.636,3.2
ENSPD001652,Male,23.0,Mecanique,4,0.8118195956454123,12.0,0.5545657015590201,0.41500000000000004,0.20199999999999999,0.0,0.2,2.4,Yes,Yes,Low,1.0,Yes,Salle 2,178.0,0.20277777777777772,0.0,4.003296473493752,0.3085,0.2
ENSPD001653,Male,24.0,Energetique,3,0.6345256609642301,24.0,0.7661469933184856,0.461,0.514,2.0,1.9,11.5,Yes,No,Middle,2.0,Yes,Salle 29,104.0,0.45000000000000007,1.0,1.4100256904607231,0.48750000000000004,3.9
ENSPD001654,Male,19.0,Electrique,1,0.8055987558320373,12.0,0.6035634743875279,0.524,0.632,1.0,0.2,3.7,No,No,Low,1.0,Yes,Salle 19,143.0,0.4375,1.0,1.8413264972961472,0.5780000000000001,1.2
ENSPD001655,Male,23.0,Informatique,3,0.5520995334370139,29.0,0.9654788418708242,0.579,0.488,1.0,0.1,3.4,No,No,Low,0.0,Yes,Salle 25,263.0,0.5847222222222221,1.0,0.9441920805027803,0.5335,1.1
ENSPD001656,Female,21.0,Informatique,1,0.9440124416796268,4.0,0.6325167037861915,0.807,0.5650000000000001,1.0,0.7,4.3,Yes,No,Middle,2.0,Yes,Salle 22,248.0,0.6305555555555554,1.0,1.4970884999386167,0.686,1.7
ENSPD001657,Male,22.0,Informatique,2,0.8911353032659409,7.0,0.5033407572383074,0.636,0.821,0.0,5.6,33.0,Yes,No,Middle,1.0,No,Salle 26,298.0,0.6513888888888888,1.0,1.368033195122543,0.7284999999999999,5.6
ENSPD001658,Male,23.0,Chimie,4,0.8258164852255053,11.0,0.6804008908685969,0.7070000000000001,0.635,0.0,2.5,16.8,No,Yes,Middle,1.0,Yes,Salle 27,93.0,0.6152777777777778,1.0,1.3421629927512777,0.671,2.5
ENSPD001659,Male,22.0,Informatique,2,0.8678071539657853,8.0,0.6648106904231627,0.645,0.454,1.0,0.0,6.3,Yes,No,Middle,0.0,No,Salle 7,298.0,0.4708333333333333,1.0,1.8430910932138476,0.5495,1.0
ENSPD001660,Male,22.0,GenieCivil,1,0.5816485225505442,27.0,0.8006681514476615,0.419,0.635,3.0,0.7,8.0,Yes,No,Middle,3.0,Yes,Salle 10,149.0,0.6180555555555556,1.0,0.9410790122865245,0.527,3.7
ENSPD001661,Female,22.0,Informatique,4,0.6049766718506998,25.0,0.6848552338530067,0.623,0.6900000000000001,1.0,0.0,6.5,No,No,Low,0.0,No,Salle 6,230.0,0.6055555555555555,1.0,0.9990275475554163,0.6565000000000001,1.0
ENSPD001662,Male,24.0,Telecom,1,0.8600311041990668,9.0,1.0,0.644,0.698,2.0,0.7,3.1,No,No,High,0.0,Yes,Salle 15,121.0,0.7375,1.0,1.1661280581945557,0.671,2.7
ENSPD001663,Female,23.0,Mecanique,4,0.5769828926905131,27.0,0.5913140311804008,0.757,0.461,1.0,2.3,16.3,Yes,No,Middle,1.0,No,Salle 21,178.0,0.5333333333333333,1.0,1.0818226396202193,0.609,3.3
ENSPD001664,Male,22.0,Telecom,3,0.989113530326594,1.0,0.5935412026726058,0.428,0.13,1.0,1.4,21.4,No,Yes,Low,1.0,Yes,Salle 27,154.0,0.23749999999999993,0.0,4.16451320081931,0.279,2.4
ENSPD001665,Other,19.0,Energetique,2,0.6594090202177293,22.0,0.5089086859688196,0.253,0.459,1.0,3.3,19.1,No,Yes,Low,1.0,No,Salle 17,71.0,0.23888888888888882,0.0,2.7602012855087765,0.356,4.3
ENSPD001666,Female,21.0,Informatique,4,0.8133748055987559,12.0,0.6113585746102449,0.616,0.438,0.0,4.8,27.7,No,Yes,Middle,0.0,No,Salle 1,230.0,0.4194444444444444,1.0,1.9391254911508873,0.527,4.8
ENSPD001667,Male,24.0,GenieCivil,3,0.9999999999999999,0.0,0.6492204899777283,0.684,0.517,4.0,0.9,11.5,Yes,No,Middle,2.0,No,Salle 23,185.0,0.5458333333333333,1.0,1.8320275048396062,0.6005,4.9
ENSPD001668,Female,22.0,Informatique,1,0.5878693623639192,26.0,0.6570155902004455,0.588,0.47200000000000003,1.0,4.0,22.6,Yes,No,High,0.0,No,Salle 7,248.0,0.4902777777777778,1.0,1.1990292008265604,0.53,5.0
ENSPD001669,Male,23.0,Telecom,2,0.7325038880248832,17.0,0.6213808463251671,0.625,0.663,1.0,2.6,13.9,No,No,Low,1.0,No,Salle 9,161.0,0.5861111111111111,1.0,1.2497483440517505,0.644,3.6
ENSPD001670,Female,26.0,GenieCivil,4,0.9175738724727839,5.0,0.5089086859688196,0.778,0.816,1.0,1.5,4.4,No,No,High,1.0,Yes,Salle 9,173.0,0.6736111111111112,1.0,1.3621513003939,0.7969999999999999,2.5
ENSPD001671,Male,24.0,Informatique,1,0.8973561430793159,7.0,0.46325167037861914,0.537,0.855,0.0,6.2,11.5,Yes,No,Middle,0.0,Yes,Salle 19,248.0,0.5375,1.0,1.6694687411942402,0.696,6.2
ENSPD001672,Female,22.0,Informatique,3,0.6594090202177293,22.0,0.5478841870824054,0.5700000000000001,0.807,2.0,5.9,11.5,Yes,No,Middle,0.0,Yes,Salle 29,263.0,0.4819444444444444,1.0,1.3681978199782745,0.6885000000000001,7.9
ENSPD001673,Female,21.0,Mecanique,4,0.6236391912908242,24.0,0.8006681514476615,0.634,0.46,0.0,4.6,18.1,No,No,High,2.0,Yes,Salle 21,178.0,0.4819444444444444,1.0,1.2939795420077551,0.547,4.6
ENSPD001674,Female,17.0,Energetique,3,0.6765163297045101,21.0,0.8374164810690424,0.4,0.652,1.0,0.5,13.5,Yes,No,Middle,2.0,Yes,Salle 17,104.0,0.5486111111111112,1.0,1.233121212441817,0.526,1.5
ENSPD001675,Female,22.0,Electrique,4,0.9906687402799378,1.0,0.6113585746102449,0.593,0.953,1.0,0.5,4.8,Yes,Yes,Middle,0.0,No,Salle 7,177.0,0.7041666666666668,1.0,1.4068468712112079,0.7729999999999999,1.5
ENSPD001676,Male,21.0,Telecom,4,0.6687402799377916,21.0,0.45322939866369716,0.609,0.32299999999999995,3.0,4.6,25.7,Yes,Yes,Low,1.0,No,Salle 14,121.0,0.23749999999999993,0.0,2.815629994264628,0.46599999999999997,7.6
ENSPD001677,Male,23.0,Mecanique,3,0.7340590979782272,17.0,0.5968819599109131,0.915,0.91,0.0,1.0,15.1,No,No,Low,2.0,No,Salle 7,212.0,0.7999999999999998,1.0,0.9175624029427475,0.9125000000000001,1.0
ENSPD001678,Male,22.0,Informatique,4,0.6407465007776051,23.0,0.9599109131403119,0.5660000000000001,0.441,3.0,3.2,25.1,Yes,Yes,Middle,0.0,Yes,Salle 25,230.0,0.6055555555555555,1.0,1.0580960143774591,0.5035000000000001,6.2
ENSPD001679,Male,21.0,Energetique,3,0.8522550544323483,10.0,0.77728285077951,0.6559999999999999,0.6990000000000001,2.0,2.3,20.6,Yes,No,Low,3.0,Yes,Salle 25,104.0,0.6277777777777779,1.0,1.3575527982547417,0.6775,4.3
ENSPD001680,Female,18.0,Informatique,2,0.749611197511664,16.0,0.7026726057906458,0.785,0.723,2.0,1.4,11.5,No,No,Middle,1.0,No,Salle 17,298.0,0.6458333333333334,1.0,1.160670334154822,0.754,3.4
ENSPD001681,Male,20.0,Energetique,3,0.5334370139968895,30.0,0.7706013363028954,0.469,0.6779999999999999,2.0,0.1,10.0,Yes,No,Middle,1.0,No,Salle 11,104.0,0.5708333333333333,1.0,0.9344718293931602,0.5734999999999999,2.1
ENSPD001682,Female,23.0,Mecanique,4,0.5396578538102644,30.0,0.8674832962138084,0.868,1.0,1.0,1.1,7.0,Yes,No,Middle,3.0,Yes,Salle 21,178.0,0.9305555555555556,1.0,0.5799245959497008,0.9339999999999999,2.1
ENSPD001683,Female,25.0,Informatique,4,0.34681181959564533,42.0,0.41759465478841873,0.937,0.58,0.0,3.9,16.8,Yes,No,Middle,1.0,Yes,Salle 20,230.0,0.47638888888888886,1.0,0.7279862058547595,0.7585,3.9
ENSPD001684,Female,22.0,Electrique,2,0.5645412130637636,28.0,0.544543429844098,0.615,0.312,0.0,1.3,7.9,Yes,No,Middle,1.0,No,Salle 4,185.0,0.3138888888888889,0.0,1.798481081159847,0.4635,1.3
ENSPD001685,Male,23.0,Energetique,2,0.7231726283048211,8.0,0.522271714922049,0.523,0.711,0.0,2.3,19.3,No,Yes,Low,3.0,No,Salle 29,71.0,0.4388888888888889,1.0,1.6476975599906305,0.617,2.3
ENSPD001686,Female,24.0,Energetique,5,0.9673405909797824,2.0,0.7082405345211581,0.913,0.606,2.0,1.4,14.3,No,No,Middle,3.0,No,Salle 6,40.0,0.7583333333333333,1.0,1.275597145065932,0.7595000000000001,3.4
ENSPD001687,Female,20.0,Informatique,3,0.8475894245723173,10.0,0.6369710467706015,0.763,0.751,1.0,0.3,11.5,Yes,No,Middle,0.0,Yes,Salle 6,263.0,0.723611111111111,1.0,1.1713166069337788,0.757,1.3
ENSPD001688,Male,23.0,Informatique,1,0.8242612752721618,11.0,0.6113585746102449,0.635,0.816,1.0,0.3,12.6,No,No,Low,1.0,Yes,Salle 9,248.0,0.7152777777777779,1.0,1.1523491675377673,0.7255,1.3
ENSPD001689,Female,21.0,Electrique,3,0.6967340590979781,20.0,0.5256124721603563,0.877,0.633,0.0,2.6,14.9,Yes,No,Low,2.0,No,Salle 12,188.0,0.6444444444444444,1.0,1.081122281185603,0.755,2.6
ENSPD001690,Female,24.0,Electrique,5,0.864696734059098,9.0,0.8396436525612472,0.858,0.7270000000000001,1.0,0.1,8.0,Yes,No,Low,1.0,Yes,Salle 3,80.0,0.7833333333333332,1.0,1.1038540793850693,0.7925,1.1
ENSPD001691,Male,22.0,Chimie,4,0.7729393468118196,15.0,0.5991091314031181,0.559,0.669,0.0,0.8,4.4,Yes,No,Middle,0.0,Yes,Salle 9,93.0,0.5166666666666666,1.0,1.4959826844870483,0.6140000000000001,0.8
ENSPD001692,Male,23.0,Informatique,4,0.9999999999999999,0.0,0.7260579064587974,0.665,0.998,1.0,5.0,23.4,Yes,Yes,Middle,1.0,Yes,Salle 29,230.0,0.7291666666666667,1.0,1.371409763523243,0.8315,6.0
ENSPD001693,Male,20.0,Energetique,1,0.7013996889580093,19.0,0.8095768374164811,0.7240000000000001,0.5660000000000001,1.0,1.7,11.0,Yes,No,Low,1.0,Yes,Salle 13,83.0,0.6819444444444445,1.0,1.028513993378848,0.645,2.7
ENSPD001694,Male,23.0,Electrique,4,0.9704510108864696,2.0,0.7962138084632517,0.625,0.503,0.0,1.4,21.9,Yes,No,Middle,1.0,Yes,Salle 26,157.0,0.5777777777777777,1.0,1.6795976796513574,0.5640000000000001,1.4
ENSPD001695,Male,26.0,Telecom,3,0.8833592534992224,8.0,0.6703786191536749,0.37,0.816,0.0,1.4,7.5,Yes,No,Middle,1.0,No,Salle 27,154.0,0.625,1.0,1.4133521919636844,0.593,1.4
ENSPD001696,Male,20.0,GenieCivil,4,0.8569206842923794,9.0,0.7472160356347438,0.451,0.454,0.0,2.0,9.4,Yes,No,Middle,1.0,Yes,Salle 26,173.0,0.43472222222222223,1.0,1.9711460077931535,0.4525,2.0
ENSPD001697,Male,21.0,GenieCivil,2,0.34525660964230165,42.0,0.9008908685968819,0.376,0.635,5.0,0.7,7.5,No,No,Middle,0.0,Yes,Salle 10,177.0,0.5111111111111111,1.0,0.6754888462575114,0.5055000000000001,5.7
ENSPD001698,Male,22.0,Energetique,1,0.8942457231726283,7.0,0.6959910913140313,0.7090000000000001,0.606,1.0,0.2,11.5,Yes,No,Middle,1.0,Yes,Salle 22,83.0,0.6583333333333332,1.0,1.3583273011133428,0.6575,1.2
ENSPD001699,Female,24.0,Electrique,3,0.6967340590979781,20.0,0.4888641425389756,0.40700000000000003,0.62,2.0,9.4,35.9,No,No,Middle,1.0,Yes,Salle 26,188.0,0.3375,0.0,2.0643360466296645,0.5135000000000001,11.4
ENSPD001700,Male,21.0,Telecom,2,0.6376360808709175,23.0,0.7071269487750558,0.655,1.0,1.0,0.4,6.1,Yes,No,Middle,1.0,Yes,Salle 10,161.0,0.8180555555555555,1.0,0.7794437457251128,0.8275,1.4
ENSPD001701,Female,17.0,Energetique,4,0.44323483670295494,36.0,0.6035634743875279,0.9500000000000001,0.887,0.0,0.4,4.7,Yes,No,High,2.0,Yes,Salle 30,70.0,0.8111111111111109,1.0,0.5464471712439978,0.9185000000000001,0.4
ENSPD001702,Male,25.0,Electrique,5,0.7185069984447902,18.0,0.2182628062360802,0.877,0.8440000000000001,2.0,3.7,17.5,Yes,No,Middle,1.0,Yes,Salle 23,80.0,0.6638888888888889,1.0,1.0822536540877397,0.8605,5.7
ENSPD001703,Male,24.0,GenieCivil,3,0.7262830482115087,18.0,0.6113585746102449,0.289,0.746,1.0,3.2,25.6,Yes,No,Low,0.0,Yes,Salle 6,185.0,0.513888888888889,1.0,1.4132800516105801,0.5175,4.2
ENSPD001704,Male,19.0,Informatique,4,0.4774494556765164,34.0,0.6291759465478842,0.39,0.502,1.0,7.6,41.2,Yes,No,High,1.0,Yes,Salle 24,230.0,0.32361111111111107,0.0,1.4753347024773993,0.446,8.6
ENSPD001705,Male,21.0,Informatique,2,0.4447900466562985,36.0,0.8028953229398663,0.48,0.6920000000000001,2.0,0.1,3.4,Yes,No,Middle,0.0,Yes,Salle 6,298.0,0.4986111111111111,1.0,0.8920401417925181,0.5860000000000001,2.1
ENSPD001706,Male,25.0,Informatique,4,0.8102643856920683,12.0,0.48440979955456576,0.41000000000000003,0.757,5.0,0.2,0.4,Yes,Yes,Middle,1.0,Yes,Salle 26,230.0,0.5277777777777778,1.0,1.5352086952517983,0.5835,5.2
ENSPD001707,Female,25.0,Informatique,4,0.8833592534992224,8.0,0.3585746102449889,0.322,0.68,1.0,1.2,15.9,Yes,No,Middle,1.0,No,Salle 15,230.0,0.35138888888888886,0.0,2.5138362169908213,0.501,2.2
ENSPD001708,Male,24.0,Mecanique,4,0.7558320373250388,16.0,0.6380846325167038,0.618,0.659,0.0,1.8,13.8,Yes,No,Low,1.0,Yes,Salle 15,178.0,0.5694444444444444,1.0,1.3272914887202663,0.6385000000000001,1.8
ENSPD001709,Female,22.0,Mecanique,3,0.7231726283048211,4.0,0.6737193763919822,0.616,0.561,1.0,0.1,0.8,Yes,No,Middle,0.0,No,Salle 3,212.0,0.5958333333333332,1.0,1.2136959295309526,0.5885,1.1
ENSPD001710,Female,22.0,Mecanique,3,0.7045101088646967,19.0,0.6258351893095769,0.792,0.6950000000000001,1.0,0.3,2.6,No,No,Middle,1.0,No,Salle 2,212.0,0.6666666666666667,1.0,1.056749312057364,0.7435,1.3
ENSPD001711,Male,22.0,GenieCivil,3,0.7091757387247278,19.0,0.6135857461024499,0.535,0.535,1.0,2.4,15.0,No,No,High,0.0,No,Salle 15,185.0,0.3555555555555555,0.0,1.9945006698319583,0.535,3.4
ENSPD001712,Male,24.0,Informatique,2,0.5489891135303265,29.0,0.43207126948775054,0.5710000000000001,0.7809999999999999,5.0,2.2,20.8,Yes,No,Low,0.0,Yes,Salle 19,298.0,0.5277777777777778,1.0,1.0401701908327925,0.6759999999999999,7.2
ENSPD001713,Female,20.0,Informatique,4,0.42923794712286145,37.0,0.5868596881959911,0.684,0.237,1.0,0.2,4.3,No,No,Middle,1.0,No,Salle 30,230.0,0.29027777777777775,0.0,1.4786635193833526,0.4605,1.2
ENSPD001714,Male,20.0,Electrique,5,0.9999999999999999,0.0,0.5523385300668151,0.6,0.912,1.0,5.4,28.4,Yes,No,Middle,2.0,No,Salle 2,80.0,0.6708333333333333,1.0,1.4906610087799934,0.756,6.4
ENSPD001715,Male,24.0,GenieCivil,2,0.9315707620528771,4.0,0.7895322939866369,0.766,0.378,1.0,0.6,11.5,Yes,No,High,1.0,No,Salle 20,177.0,0.5152777777777777,1.0,1.8078650459561747,0.5720000000000001,1.6
ENSPD001716,Other,22.0,GenieCivil,3,0.46034214618973557,35.0,0.6737193763919822,0.6970000000000001,0.42700000000000005,0.0,4.4,24.5,Yes,No,Low,1.0,Yes,Salle 30,185.0,0.42361111111111116,1.0,1.0866836758496505,0.562,4.4
ENSPD001717,Male,25.0,Electrique,4,0.749611197511664,16.0,0.5634743875278396,0.552,0.7220000000000001,1.0,5.1,18.9,Yes,No,Middle,1.0,No,Salle 21,157.0,0.44861111111111107,1.0,1.6709226983435606,0.637,6.1
ENSPD001718,Female,21.0,Telecom,3,0.7013996889580093,19.0,0.8986636971046771,0.28600000000000003,0.748,3.0,1.3,12.8,Yes,No,Middle,1.0,Yes,Salle 3,154.0,0.5402777777777777,1.0,1.2981964756687454,0.517,4.3
ENSPD001719,Other,22.0,GenieCivil,3,0.6687402799377916,21.0,0.5657015590200446,0.89,1.0,1.0,1.1,10.4,Yes,Yes,Middle,1.0,Yes,Salle 1,185.0,0.8374999999999999,1.0,0.7984863224770948,0.9450000000000001,2.1
ENSPD001720,Male,20.0,Electrique,4,0.6438569206842922,23.0,0.7037861915367484,0.49700000000000005,0.6990000000000001,1.0,0.7,4.5,No,No,Middle,0.0,Yes,Salle 26,157.0,0.5833333333333334,1.0,1.1037357999879298,0.5980000000000001,1.7
ENSPD001721,Male,22.0,Energetique,2,0.7916018662519438,13.0,0.5824053452115813,0.684,0.632,1.0,3.3,4.8,No,No,Middle,1.0,No,Salle 2,71.0,0.5666666666666667,1.0,1.3969198183301659,0.658,4.3
ENSPD001722,Male,19.0,Telecom,1,0.8724727838258165,8.0,0.8830734966592427,0.275,0.6779999999999999,1.0,0.4,13.1,No,No,Middle,1.0,No,Salle 8,121.0,0.4638888888888889,1.0,1.8807391108772142,0.4765,1.4
ENSPD001723,Male,21.0,GenieCivil,4,0.7947122861586314,13.0,0.6247216035634744,0.618,0.958,1.0,1.9,5.6,Yes,No,Middle,1.0,Yes,Salle 23,173.0,0.7361111111111112,1.0,1.079594477271657,0.788,2.9
ENSPD001724,Male,19.0,Electrique,3,0.6982892690513217,19.0,0.6291759465478842,0.638,1.0,1.0,1.7,16.8,Yes,Yes,Low,0.0,Yes,Salle 16,188.0,0.7777777777777779,1.0,0.8977889457795393,0.819,2.7
ENSPD001725,Female,23.0,Informatique,4,0.6905132192846034,20.0,0.5868596881959911,0.647,0.603,1.0,0.6,4.1,Yes,No,Low,1.0,No,Salle 23,230.0,0.4736111111111111,1.0,1.457944342186659,0.625,1.6
ENSPD001726,Male,23.0,Electrique,1,0.8942457231726283,7.0,0.6425389755011137,1.0,0.7490000000000001,0.0,8.2,39.3,Yes,No,Middle,2.0,Yes,Salle 2,143.0,0.7013888888888888,1.0,1.2749460219266031,0.8745,8.2
ENSPD001727,Male,19.0,Energetique,1,0.8071539657853809,12.0,0.8106904231625836,0.506,0.625,1.0,3.7,22.3,Yes,No,Middle,4.0,No,Salle 19,83.0,0.5777777777777777,1.0,1.3969730700946386,0.5655,4.7
ENSPD001728,Other,25.0,GenieCivil,5,0.7231726283048211,17.0,0.6113585746102449,0.768,0.621,0.0,0.0,11.6,Yes,Yes,Low,1.0,No,Salle 28,70.0,0.6652777777777776,1.0,1.0870072357565217,0.6945,0.0
ENSPD001729,Female,27.0,Telecom,1,0.7138413685847588,18.0,0.6146993318485524,0.7140000000000001,1.0,0.0,1.1,11.5,Yes,No,Middle,2.0,Yes,Salle 1,121.0,0.8569444444444445,1.0,0.8329980353244278,0.857,1.1
ENSPD001730,Female,22.0,GenieCivil,4,0.7838258164852253,14.0,0.6113585746102449,0.498,0.455,1.0,0.9,11.5,Yes,No,Low,2.0,No,Salle 7,173.0,0.5027777777777778,1.0,1.5589595672941374,0.47650000000000003,1.9
ENSPD001731,Male,21.0,Energetique,4,0.6329704510108866,24.0,0.7561247216035635,0.765,0.17300000000000001,3.0,4.3,18.3,Yes,No,Middle,1.0,No,Salle 27,70.0,0.4194444444444444,1.0,1.5090326479893141,0.46900000000000003,7.3
ENSPD001732,Female,28.0,Electrique,3,0.8740279937791603,8.0,0.5367483296213809,0.59,0.703,2.0,0.6,3.2,Yes,No,Low,3.0,Yes,Salle 22,188.0,0.6222222222222222,1.0,1.4046652721674908,0.6465,2.6
ENSPD001733,Male,19.0,Informatique,1,0.5194401244167962,31.0,0.3797327394209354,0.778,0.88,1.0,12.9,57.0,Yes,No,Low,2.0,No,Salle 1,248.0,0.5680555555555554,1.0,0.9144017258867164,0.829,13.9
ENSPD001734,Male,22.0,Electrique,3,0.6438569206842922,23.0,0.5412026726057906,0.973,0.684,2.0,0.4,10.0,Yes,No,Middle,0.0,Yes,Salle 5,188.0,0.726388888888889,1.0,0.8863682620290703,0.8285,2.4
ENSPD001735,Male,22.0,Mecanique,4,0.8335925349922239,11.0,0.6792873051224945,0.647,0.74,1.0,0.6,17.3,No,No,High,1.0,Yes,Salle 18,178.0,0.5847222222222221,1.0,1.4255970567591274,0.6935,1.6
ENSPD001736,Female,25.0,Informatique,2,0.5085536547433903,32.0,0.7104677060133631,0.569,0.79,1.0,2.2,12.9,Yes,No,Low,3.0,No,Salle 6,298.0,0.5638888888888889,1.0,0.9018525568394873,0.6795,3.2
ENSPD001737,Male,23.0,Telecom,2,0.4261275272161742,37.0,0.8374164810690424,0.809,0.662,0.0,0.4,6.3,No,No,Low,1.0,No,Salle 3,161.0,0.65,1.0,0.6555707253983388,0.7355,0.4
ENSPD001738,Male,21.0,Mecanique,2,0.7325038880248832,17.0,0.4276169265033408,0.871,0.751,2.0,4.4,11.5,No,No,High,0.0,Yes,Salle 18,231.0,0.5263888888888889,1.0,1.3915376789093081,0.8109999999999999,6.4
ENSPD001739,Male,20.0,Chimie,1,0.4027993779160186,38.0,0.5367483296213809,0.461,0.748,1.0,0.2,6.5,Yes,Yes,Middle,1.0,No,Salle 3,96.0,0.4902777777777778,1.0,0.8215570450107912,0.6045,1.2
ENSPD001740,Male,21.0,Mecanique,4,0.4774494556765164,34.0,0.4131403118040089,0.538,0.24800000000000003,2.0,8.2,38.8,No,Yes,Middle,1.0,Yes,Salle 16,178.0,0.15833333333333338,0.0,3.0152798076533034,0.393,10.2
ENSPD001741,Female,20.0,Informatique,4,0.8615863141524104,9.0,0.38641425389755013,0.742,0.635,1.0,4.2,17.2,Yes,No,High,4.0,Yes,Salle 15,230.0,0.5972222222222222,1.0,1.4426319982310425,0.6885,5.2
ENSPD001742,Female,22.0,Energetique,5,0.6811819595645411,20.0,0.5055679287305123,0.596,0.325,1.0,3.7,8.8,No,No,Middle,0.0,Yes,Salle 26,40.0,0.3652777777777778,0.0,1.8647816899555203,0.4605,4.7
ENSPD001743,Female,21.0,Mecanique,3,0.9595645412130639,3.0,0.6714922048997773,0.44799999999999995,0.632,3.0,1.0,7.9,Yes,No,Middle,3.0,Yes,Salle 2,212.0,0.5222222222222221,1.0,1.8374288302814579,0.54,4.0
ENSPD001744,Male,19.0,Electrique,4,0.49455676516329705,32.0,0.7394209354120267,0.7170000000000001,0.541,1.0,1.4,18.4,Yes,No,Middle,1.0,Yes,Salle 3,157.0,0.5652777777777778,1.0,0.8748760978124561,0.629,2.4
ENSPD001745,Male,25.0,Electrique,1,0.7029548989113531,19.0,0.4521158129175946,0.741,0.8470000000000001,0.0,1.2,11.5,No,No,Middle,0.0,Yes,Salle 5,143.0,0.6986111111111111,1.0,1.0062033450339762,0.794,1.2
ENSPD001746,Male,21.0,Electrique,3,0.7947122861586314,13.0,0.4755011135857461,0.616,0.6890000000000001,0.0,8.8,39.7,Yes,No,High,0.0,No,Salle 8,188.0,0.4805555555555555,1.0,1.6537021369330311,0.6525000000000001,8.8
ENSPD001747,Male,19.0,Telecom,3,0.7231726283048211,32.0,0.3129175946547884,0.631,0.735,1.0,0.1,5.3,Yes,No,High,2.0,No,Salle 26,154.0,0.44861111111111107,1.0,1.6119897401032275,0.683,1.1
ENSPD001748,Male,22.0,Electrique,4,0.9129082426127527,6.0,0.645879732739421,0.516,0.6020000000000001,2.0,1.0,6.2,Yes,No,Middle,0.0,Yes,Salle 11,157.0,0.4277777777777778,1.0,2.134021330284428,0.559,3.0
ENSPD001749,Female,22.0,GenieCivil,4,0.8149300155520994,12.0,0.48775055679287305,0.423,0.85,1.0,6.9,32.2,Yes,No,Low,2.0,No,Salle 14,173.0,0.5430555555555555,1.0,1.5006107590794022,0.6365,7.9
ENSPD001750,Male,19.0,Telecom,5,0.41990668740279935,37.0,0.8875278396436526,0.531,0.321,0.0,0.9,8.8,Yes,No,High,0.0,Yes,Salle 5,60.0,0.475,1.0,0.8839954683118236,0.42600000000000005,0.9
ENSPD001751,Male,22.0,Informatique,4,0.7122861586314152,18.0,0.6781737193763919,0.633,0.461,1.0,1.0,11.5,No,No,Low,1.0,No,Salle 28,230.0,0.4125,1.0,1.7267124642588427,0.547,2.0
ENSPD001752,Male,20.0,GenieCivil,4,0.7916018662519438,13.0,0.5812917594654788,0.354,0.897,0.0,2.0,13.4,Yes,No,Middle,1.0,Yes,Salle 22,173.0,0.623611111111111,1.0,1.269363483929433,0.6255,2.0
ENSPD001753,Male,25.0,Energetique,1,0.609642301710731,25.0,0.5033407572383074,0.544,0.5529999999999999,3.0,4.8,24.6,Yes,No,Low,0.0,Yes,Salle 18,83.0,0.4,1.0,1.5240676525855126,0.5485,7.8
ENSPD001754,Male,23.0,Electrique,4,0.44323483670295494,36.0,0.3608017817371938,0.636,0.21100000000000002,1.0,0.7,11.5,Yes,No,Low,1.0,Yes,Salle 18,157.0,0.24583333333333335,0.0,1.802915827300401,0.4235,1.7
ENSPD001755,Female,21.0,Telecom,3,0.7713841368584758,15.0,0.38195991091314035,0.835,0.9309999999999999,5.0,5.9,33.1,Yes,No,Middle,0.0,Yes,Salle 17,154.0,0.5958333333333332,1.0,1.294608991499683,0.883,10.9
ENSPD001756,Female,21.0,Electrique,2,0.9999999999999999,0.0,0.5066815144766148,0.564,0.855,2.0,0.7,11.5,No,Yes,Low,0.0,Yes,Salle 9,185.0,0.5708333333333333,1.0,1.7517941291539418,0.7095,2.7
ENSPD001757,Female,22.0,Telecom,1,0.6485225505443236,23.0,0.4933184855233853,0.396,0.782,1.0,3.4,11.8,Yes,No,Low,4.0,No,Salle 24,121.0,0.5,1.0,1.2970191607054333,0.589,4.4
ENSPD001758,Male,23.0,Energetique,3,0.9999999999999999,0.0,0.44320712694877507,0.5820000000000001,0.659,1.0,1.4,5.2,Yes,No,Low,0.0,Yes,Salle 30,104.0,0.5166666666666666,1.0,1.9354464107146314,0.6205,2.4
ENSPD001759,Male,22.0,Mecanique,2,0.5800933125972006,27.0,0.6737193763919822,0.518,0.9720000000000001,2.0,0.2,0.0,Yes,No,Middle,5.0,Yes,Salle 15,231.0,0.6777777777777778,1.0,0.8558627517585488,0.7450000000000001,2.2
ENSPD001760,Male,22.0,Informatique,2,0.76049766718507,15.0,0.6959910913140313,0.7190000000000001,0.892,1.0,1.4,20.2,Yes,No,Middle,1.0,No,Salle 18,298.0,0.7611111111111111,1.0,0.9991808873555866,0.8055000000000001,2.4
ENSPD001761,Male,22.0,GenieCivil,3,0.864696734059098,9.0,0.5334075723830736,0.559,0.9500000000000001,1.0,1.2,14.8,Yes,No,Middle,0.0,Yes,Salle 16,185.0,0.6569444444444444,1.0,1.3162202362301263,0.7545000000000001,2.2
ENSPD001762,Female,21.0,Electrique,5,0.7185069984447902,18.0,0.9331848552338531,0.132,0.779,1.0,1.4,9.4,Yes,No,Middle,1.0,Yes,Salle 18,80.0,0.5541666666666667,1.0,1.2965305861153607,0.4555,2.4
ENSPD001763,Male,21.0,Mecanique,4,0.6640746500777605,22.0,0.3184855233853007,1.0,0.665,1.0,1.1,9.9,Yes,No,Middle,1.0,Yes,Salle 27,178.0,0.6527777777777778,1.0,1.0172902629065843,0.8325,2.1
ENSPD001764,Male,18.0,Informatique,2,0.8553654743390359,9.0,0.6202672605790647,0.6459999999999999,0.56,2.0,1.9,10.3,No,No,Low,1.0,Yes,Salle 1,298.0,0.5125,1.0,1.6689732382568847,0.603,3.9
ENSPD001765,Male,24.0,Mecanique,2,0.9999999999999999,0.0,0.5734966592427617,0.636,0.386,1.0,0.6,8.2,Yes,No,Middle,1.0,Yes,Salle 27,231.0,0.4180555555555555,1.0,2.3919693615302227,0.511,1.6
ENSPD001766,Male,23.0,Energetique,2,0.7760497667185068,14.0,0.5178173719376392,0.34299999999999997,0.74,1.0,0.5,6.7,Yes,No,Middle,2.0,Yes,Salle 11,71.0,0.4569444444444445,1.0,1.6983088273974698,0.5415,1.5
ENSPD001767,Female,20.0,Electrique,2,0.6236391912908242,24.0,0.4933184855233853,0.35600000000000004,0.757,0.0,1.3,14.5,Yes,No,Low,2.0,Yes,Salle 7,185.0,0.38611111111111107,1.0,1.6151388083811984,0.5565,1.3
ENSPD001768,Male,26.0,GenieCivil,1,0.6842923794712287,20.0,0.6091314031180401,0.616,0.5700000000000001,2.0,0.1,13.6,Yes,No,Middle,1.0,Yes,Salle 10,149.0,0.4722222222222222,1.0,1.4490590588060626,0.593,2.1
ENSPD001769,Male,22.0,Informatique,5,0.9999999999999999,0.0,0.5723830734966593,0.6809999999999999,0.763,2.0,2.1,19.6,Yes,No,Low,1.0,No,Salle 9,109.0,0.576388888888889,1.0,1.7349096593986801,0.722,4.1
ENSPD001770,Male,20.0,Mecanique,3,0.7449455676516329,16.0,0.544543429844098,0.746,0.574,0.0,3.5,28.1,Yes,No,Low,1.0,Yes,Salle 21,212.0,0.5430555555555555,1.0,1.3717415145019727,0.6599999999999999,3.5
ENSPD001771,Male,24.0,Informatique,1,0.609642301710731,25.0,0.3930957683741648,0.663,0.813,1.0,2.6,18.0,Yes,No,Middle,2.0,Yes,Salle 7,248.0,0.5277777777777778,1.0,1.1550898436443475,0.738,3.6
ENSPD001772,Female,23.0,Informatique,2,0.5069984447900465,32.0,0.3396436525612473,0.40700000000000003,0.46399999999999997,4.0,1.3,11.5,No,No,Low,0.0,Yes,Salle 17,298.0,0.2694444444444445,0.0,1.8815738810148974,0.4355,5.3
ENSPD001773,Female,23.0,Telecom,3,0.37947122861586313,40.0,0.5623608017817372,0.16899999999999998,0.429,1.0,1.7,11.7,Yes,No,Low,2.0,Yes,Salle 3,154.0,0.2777777777777778,0.0,1.3660472453162757,0.299,2.7
ENSPD001774,Female,21.0,Energetique,3,0.7884914463452567,14.0,0.6113585746102449,0.6020000000000001,0.635,0.0,0.1,6.9,Yes,No,Low,2.0,Yes,Salle 3,104.0,0.5319444444444444,1.0,1.4822537053313485,0.6185,0.1
ENSPD001775,Female,23.0,Informatique,1,0.8429237947122862,10.0,0.576837416481069,0.524,0.8059999999999999,2.0,4.9,26.0,Yes,No,Low,1.0,No,Salle 10,248.0,0.5916666666666666,1.0,1.424635856372489,0.665,6.9
ENSPD001776,Male,21.0,Informatique,5,0.645412130637636,23.0,0.5924276169265034,0.616,0.408,1.0,1.6,16.7,Yes,Yes,Low,1.0,Yes,Salle 20,109.0,0.3277777777777777,0.0,1.9689938868775954,0.512,2.6
ENSPD001777,Female,23.0,Mecanique,2,0.7169517884914464,18.0,0.5233853006681515,0.7690000000000001,0.85,0.0,0.8,7.5,No,Yes,Middle,0.0,No,Salle 1,231.0,0.5791666666666667,1.0,1.2378809951335166,0.8095000000000001,0.8
ENSPD001778,Male,18.0,GenieCivil,1,0.5023328149300156,32.0,0.5746102449888641,0.336,0.311,2.0,0.7,3.6,Yes,No,Low,1.0,Yes,Salle 15,149.0,0.2069444444444445,0.0,2.427262754750181,0.3235,2.7
ENSPD001779,Male,21.0,Informatique,1,0.7449455676516329,16.0,0.46770601336302897,0.731,0.5910000000000001,3.0,1.4,13.7,Yes,No,High,3.0,No,Salle 21,248.0,0.5208333333333334,1.0,1.4302680287449834,0.661,4.4
ENSPD001780,Female,25.0,Mecanique,3,0.8102643856920683,12.0,0.8652561247216036,0.36600000000000005,0.35700000000000004,3.0,1.8,11.5,No,Yes,High,2.0,Yes,Salle 9,212.0,0.3583333333333333,0.0,2.261139835238277,0.36150000000000004,4.8
ENSPD001781,Male,20.0,Informatique,1,0.6205287713841366,24.0,0.4766146993318485,0.644,0.11800000000000001,0.0,0.4,5.7,Yes,No,Middle,2.0,Yes,Salle 9,248.0,0.1777777777777778,0.0,3.4902780108976548,0.381,0.4
ENSPD001782,Female,21.0,Chimie,1,0.9999999999999999,0.0,0.5478841870824054,0.616,0.713,1.0,1.1,2.5,No,No,Low,0.0,Yes,Salle 27,96.0,0.6041666666666667,1.0,1.6551450182893521,0.6645,2.1
ENSPD001783,Male,21.0,Chimie,2,0.5645412130637636,28.0,0.4888641425389756,0.559,0.604,0.0,2.3,14.3,Yes,No,High,1.0,Yes,Salle 22,119.0,0.42499999999999993,1.0,1.3283010118909289,0.5815,2.3
ENSPD001784,Female,20.0,Electrique,3,0.7729393468118196,15.0,0.4866369710467706,0.924,0.36100000000000004,2.0,0.7,4.3,No,No,Middle,1.0,Yes,Salle 7,188.0,0.47916666666666674,1.0,1.6130571469363828,0.6425000000000001,2.7
ENSPD001785,Female,18.0,Mecanique,1,0.8786936236391912,8.0,0.6146993318485524,0.965,0.537,0.0,1.4,13.6,Yes,No,Low,1.0,Yes,Salle 10,186.0,0.6486111111111111,1.0,1.3547101822417678,0.751,1.4
ENSPD001786,Female,22.0,Telecom,2,0.7060653188180402,19.0,0.5935412026726058,0.663,0.728,0.0,0.6,5.9,No,Yes,Middle,0.0,Yes,Salle 13,161.0,0.5861111111111111,1.0,1.2046406543513688,0.6955,0.6
ENSPD001787,Female,22.0,Energetique,2,0.7231726283048211,20.0,0.5334075723830736,0.7170000000000001,0.5660000000000001,5.0,0.1,0.0,Yes,No,Middle,4.0,Yes,Salle 26,71.0,0.4819444444444444,1.0,1.5004999676648532,0.6415000000000001,5.1
ENSPD001788,Female,22.0,Informatique,1,0.45412130637636083,35.0,0.5623608017817372,0.8109999999999999,0.6,1.0,1.0,7.4,No,No,Middle,2.0,Yes,Salle 8,248.0,0.5680555555555554,1.0,0.7994170777213211,0.7055,2.0
ENSPD001789,Male,22.0,Mecanique,3,0.9735614307931569,2.0,0.489977728285078,0.718,0.56,0.0,2.6,15.1,Yes,No,Middle,1.0,Yes,Salle 17,212.0,0.4388888888888889,1.0,2.2181906936648055,0.639,2.6
ENSPD001790,Male,22.0,GenieCivil,1,0.6889580093312596,20.0,0.6770601336302895,0.6990000000000001,0.524,0.0,0.5,8.3,No,Yes,Low,0.0,Yes,Salle 1,149.0,0.5,1.0,1.3778884608933015,0.6115,0.5
ENSPD001791,Male,24.0,Informatique,1,0.8195956454121308,12.0,0.953229398663697,0.526,0.521,0.0,2.8,18.3,Yes,No,Low,2.0,No,Salle 14,248.0,0.5611111111111111,1.0,1.460639475476512,0.5235000000000001,2.8
ENSPD001792,Female,22.0,GenieCivil,3,0.8460342146189735,10.0,0.46436525612472157,0.316,0.515,0.0,2.2,10.6,No,No,Middle,1.0,Yes,Salle 15,185.0,0.2513888888888889,0.0,3.3653061012250394,0.4155,2.2
ENSPD001793,Male,21.0,Electrique,2,0.603421461897356,26.0,0.6759465478841872,0.37,0.489,5.0,1.4,7.6,Yes,No,Middle,1.0,Yes,Salle 14,185.0,0.3847222222222222,1.0,1.5684193499883625,0.4295,6.4
ENSPD001794,Female,21.0,GenieCivil,1,0.6827371695178849,20.0,0.6180400890868597,1.0,0.43700000000000006,2.0,7.1,33.3,Yes,Yes,Low,0.0,Yes,Salle 8,149.0,0.5972222222222222,1.0,1.143168677298606,0.7185,9.1
ENSPD001795,Male,23.0,Mecanique,2,0.968895800933126,2.0,0.7216035634743876,0.6779999999999999,0.564,4.0,4.3,23.4,No,No,Middle,1.0,No,Salle 13,231.0,0.6430555555555555,0.0,1.506682783057911,0.621,8.3
ENSPD001796,Male,25.0,GenieCivil,5,0.5116640746500777,31.0,0.7271714922048997,0.5760000000000001,0.512,1.0,1.7,13.7,Yes,No,Low,1.0,Yes,Salle 5,70.0,0.5625,1.0,0.9096088507761244,0.544,2.7
ENSPD001797,Female,21.0,Energetique,4,0.9999999999999999,0.0,0.6447661469933185,0.8470000000000001,0.42600000000000005,2.0,1.6,15.2,No,No,High,0.0,Yes,Salle 28,70.0,0.5527777777777778,1.0,1.8090125002763768,0.6365000000000001,3.6
ENSPD001798,Male,22.0,Informatique,4,0.5816485225505442,27.0,0.6113585746102449,0.485,0.793,0.0,1.4,1.1,No,No,Middle,0.0,No,Salle 4,230.0,0.5527777777777778,1.0,1.0522094480612205,0.639,1.4
ENSPD001799,Male,23.0,Electrique,4,0.499222395023328,32.0,0.5378619153674833,0.725,0.887,1.0,5.1,29.3,Yes,Yes,Middle,1.0,Yes,Salle 16,157.0,0.6444444444444444,1.0,0.7746434202245056,0.806,6.1
ENSPD001800,Male,20.0,Informatique,5,0.7449455676516329,16.0,0.4821826280623608,0.634,0.64,1.0,4.5,26.3,Yes,No,High,0.0,Yes,Salle 29,109.0,0.523611111111111,1.0,1.4226805448521296,0.637,5.5
ENSPD001801,Female,22.0,Informatique,4,0.9999999999999999,0.0,0.5935412026726058,0.703,0.653,0.0,2.7,19.2,Yes,No,High,2.0,No,Salle 10,230.0,0.6666666666666667,1.0,1.4999775003374947,0.6779999999999999,2.7
ENSPD001802,Female,19.0,Electrique,3,0.3639191290824261,41.0,0.3953229398663698,0.559,0.501,1.0,0.3,5.3,Yes,Yes,Low,0.0,Yes,Salle 12,188.0,0.3277777777777777,0.0,1.1102278783839934,0.53,1.3
ENSPD001803,Male,18.0,Informatique,2,0.6936236391912908,20.0,0.5111358574610245,0.446,0.853,1.0,2.4,15.6,Yes,No,High,1.0,No,Salle 11,298.0,0.5097222222222222,1.0,1.3607608249040604,0.6495,3.4
ENSPD001804,Male,23.0,Informatique,1,0.8087091757387247,12.0,0.7951002227171492,0.47200000000000003,0.988,2.0,0.6,9.4,Yes,No,Low,0.0,Yes,Salle 23,248.0,0.7625,1.0,1.0605882883355298,0.73,2.6
ENSPD001805,Male,21.0,Informatique,3,0.7262830482115087,18.0,0.6269487750556793,0.479,0.6070000000000001,3.0,0.4,5.9,Yes,No,Middle,0.0,No,Salle 11,263.0,0.4986111111111111,1.0,1.4565830287311403,0.543,3.4
ENSPD001806,Female,22.0,Electrique,5,0.7916018662519438,13.0,0.7594654788418709,0.619,0.536,2.0,2.8,20.0,No,No,Middle,0.0,No,Salle 14,80.0,0.576388888888889,1.0,1.3733577241585195,0.5775,4.8
ENSPD001807,Female,22.0,Electrique,2,0.5863141524105754,27.0,0.8552338530066815,0.34,0.708,1.0,6.4,25.9,Yes,No,Middle,1.0,Yes,Salle 3,185.0,0.5805555555555555,1.0,1.0099017187637302,0.524,7.4
ENSPD001808,Male,20.0,Informatique,4,0.6080870917573872,25.0,0.5801781737193764,0.395,0.6659999999999999,1.0,0.2,8.7,No,No,Middle,0.0,Yes,Salle 25,230.0,0.43472222222222223,1.0,1.398762412063744,0.5305,1.2
ENSPD001809,Male,22.0,Electrique,3,0.6920684292379472,20.0,0.6447661469933185,0.644,0.54,1.0,0.4,11.5,Yes,No,Middle,1.0,Yes,Salle 7,188.0,0.49583333333333335,1.0,1.3957401112675654,0.5920000000000001,1.4
ENSPD001810,Male,20.0,Informatique,2,0.5085536547433903,32.0,0.5601336302895323,0.5970000000000001,0.7340000000000001,2.0,0.5,13.1,Yes,No,High,0.0,Yes,Salle 28,298.0,0.6888888888888889,1.0,0.738212331222694,0.6655000000000001,2.5
ENSPD001811,Female,25.0,Electrique,2,0.7122861586314152,18.0,0.47438752783964366,0.654,0.828,1.0,6.6,39.2,Yes,Yes,Middle,0.0,Yes,Salle 14,185.0,0.5277777777777778,1.0,1.3495692560946713,0.741,7.6
ENSPD001812,Female,19.0,GenieCivil,3,0.6469673405909798,23.0,0.4510022271714923,0.612,0.483,0.0,2.4,13.8,Yes,No,Middle,1.0,No,Salle 14,185.0,0.4375,1.0,1.478748692809261,0.5475,2.4
ENSPD001813,Male,22.0,Electrique,2,0.6329704510108866,24.0,0.7505567928730512,1.0,1.0,2.0,2.3,20.4,No,No,Middle,1.0,Yes,Salle 1,185.0,0.9152777777777776,1.0,0.6915534833729259,1.0,4.3
ENSPD001814,Male,20.0,Energetique,4,0.7791601866251944,14.0,0.6447661469933185,0.643,0.33299999999999996,1.0,1.4,11.8,Yes,No,Middle,2.0,No,Salle 18,70.0,0.35,0.0,2.226108358690307,0.488,2.4
ENSPD001815,Male,23.0,Energetique,4,0.3810264385692068,40.0,0.9187082405345213,0.552,0.47000000000000003,1.0,1.5,11.5,Yes,Yes,Middle,0.0,Yes,Salle 29,70.0,0.4902777777777778,1.0,0.7771485560912891,0.511,2.5
ENSPD001816,Female,21.0,Informatique,4,0.6780715396578537,21.0,0.7728285077951002,0.638,0.687,0.0,1.4,9.4,Yes,No,High,1.0,Yes,Salle 21,230.0,0.5611111111111111,1.0,1.20842279185533,0.6625000000000001,1.4
ENSPD001817,Male,21.0,Telecom,2,0.9999999999999999,0.0,0.48775055679287305,0.804,1.0,0.0,0.3,0.8,No,No,Middle,1.0,Yes,Salle 2,161.0,0.786111111111111,1.0,1.2720686238620287,0.902,0.3
ENSPD001818,Female,24.0,Informatique,4,0.5178849144634526,31.0,0.7505567928730512,0.616,0.527,1.0,3.0,21.5,Yes,No,Middle,1.0,No,Salle 12,230.0,0.5041666666666667,1.0,1.0271893736919981,0.5715,4.0
ENSPD001819,Female,22.0,Energetique,2,0.9595645412130639,3.0,0.5590200445434298,0.743,0.42700000000000005,0.0,1.3,4.6,No,No,Low,0.0,Yes,Salle 14,71.0,0.4722222222222222,1.0,2.0319759983712284,0.585,1.3
ENSPD001820,Male,23.0,Mecanique,2,0.7309486780715396,17.0,0.8140311804008908,0.691,0.75,0.0,0.6,9.4,Yes,No,Middle,2.0,Yes,Salle 18,231.0,0.7097222222222221,1.0,1.0298936066096693,0.7204999999999999,0.6
ENSPD001821,Male,20.0,Mecanique,4,0.6080870917573872,25.0,0.5289532293986637,0.568,0.635,1.0,2.0,3.0,Yes,No,High,0.0,Yes,Salle 22,178.0,0.4458333333333333,1.0,1.3639030715364602,0.6014999999999999,3.0
ENSPD001822,Male,19.0,Informatique,2,0.47433903576982883,34.0,0.4342984409799555,0.64,0.773,0.0,0.5,6.1,Yes,No,Middle,1.0,Yes,Salle 13,298.0,0.5375,1.0,0.8824748112031942,0.7065,0.5
ENSPD001823,Female,22.0,Informatique,1,0.7465007776049767,16.0,0.47772828507795106,0.908,0.626,0.0,1.3,10.2,No,Yes,High,1.0,Yes,Salle 13,248.0,0.625,1.0,1.1943821340538179,0.767,1.3
ENSPD001824,Female,21.0,Chimie,2,0.9906687402799378,1.0,0.4855233853006682,0.664,0.469,1.0,0.4,9.2,No,No,Middle,0.0,Yes,Salle 6,119.0,0.5375,1.0,1.8430703433981468,0.5665,1.4
ENSPD001825,Female,23.0,Energetique,4,0.6469673405909798,23.0,0.46993318485523383,0.443,1.0,4.0,2.9,22.4,Yes,No,Middle,0.0,No,Salle 26,70.0,0.6597222222222222,1.0,0.9806514200742757,0.7215,6.9
ENSPD001826,Male,22.0,Electrique,2,0.7045101088646967,19.0,0.5144766146993318,0.562,0.049,1.0,0.8,7.9,No,No,Middle,0.0,No,Salle 25,185.0,0.14305555555555555,0.0,4.924386629115068,0.30550000000000005,1.8
ENSPD001827,Male,22.0,Chimie,3,0.9082426127527216,6.0,0.7538975501113586,0.239,1.0,1.0,1.2,4.8,Yes,No,Low,1.0,No,Salle 22,130.0,0.7097222222222221,1.0,1.2796975877873338,0.6194999999999999,2.2
ENSPD001828,Female,19.0,Chimie,3,0.7838258164852253,14.0,0.9097995545657016,0.645,0.8270000000000001,0.0,2.8,14.4,Yes,No,High,1.0,Yes,Salle 2,130.0,0.7444444444444445,1.0,1.0528862072549814,0.736,2.8
ENSPD001829,Female,26.0,Mecanique,4,0.4261275272161742,37.0,0.38752783964365256,0.856,0.49100000000000005,0.0,2.2,14.7,No,No,Low,1.0,Yes,Salle 1,178.0,0.4125,1.0,1.0330113869146789,0.6735,2.2
ENSPD001830,Male,22.0,Informatique,4,0.7387247278382582,17.0,0.8218262806236081,0.379,1.0,3.0,1.0,9.6,No,No,Middle,2.0,Yes,Salle 12,230.0,0.6541666666666666,1.0,1.1292434681328565,0.6895,4.0
ENSPD001831,Female,23.0,Informatique,2,0.9999999999999999,0.0,0.5300668151447662,0.647,0.36600000000000005,1.0,0.1,0.0,Yes,No,High,2.0,Yes,Salle 22,298.0,0.4277777777777778,1.0,2.3376076922877123,0.5065000000000001,1.1
ENSPD001832,Female,22.0,Mecanique,1,0.7138413685847588,18.0,0.6681514476614699,0.797,0.8420000000000001,2.0,5.1,23.4,No,No,Low,0.0,No,Salle 5,186.0,0.8347222222222221,1.0,0.8551740900625256,0.8195000000000001,7.1
ENSPD001833,Female,23.0,Mecanique,2,0.20839813374805594,51.0,0.6113585746102449,0.816,0.223,1.0,0.0,2.9,Yes,No,Middle,1.0,No,Salle 11,231.0,0.2875,0.0,0.7248378621545545,0.5195,1.0
ENSPD001834,Female,19.0,Informatique,2,0.7931570762052876,13.0,0.6982182628062361,0.85,0.41100000000000003,2.0,2.7,15.0,No,No,Low,0.0,Yes,Salle 27,298.0,0.5402777777777777,1.0,1.468027056742927,0.6305000000000001,4.7
ENSPD001835,Female,23.0,Informatique,4,0.6827371695178849,20.0,0.2750556792873051,0.284,0.41000000000000003,2.0,5.8,30.6,Yes,No,Low,1.0,Yes,Salle 8,230.0,0.22916666666666674,0.0,2.979086743201975,0.347,7.8
ENSPD001836,Female,21.0,Informatique,1,0.37947122861586313,40.0,0.6625835189309577,0.711,0.635,1.0,0.7,4.6,Yes,No,Low,1.0,No,Salle 21,248.0,0.48611111111111116,1.0,0.7806104691658383,0.673,1.7
ENSPD001837,Male,22.0,Telecom,2,0.405909797822706,38.0,0.6536748329621381,0.349,0.642,1.0,0.2,10.1,No,Yes,High,2.0,Yes,Salle 24,161.0,0.4888888888888888,1.0,0.8302530585520647,0.4955,1.2
ENSPD001838,Male,23.0,Informatique,4,0.9020217729393468,6.0,0.6425389755011137,0.44,0.47500000000000003,1.0,0.6,10.4,No,No,Middle,0.0,Yes,Salle 2,230.0,0.3763888888888889,1.0,2.3964517419327964,0.4575,1.6
ENSPD001839,Female,20.0,GenieCivil,3,0.583203732503888,27.0,0.48775055679287305,0.768,0.233,2.0,0.8,11.5,Yes,No,Low,1.0,No,Salle 6,185.0,0.33472222222222214,0.0,1.742299347914915,0.5005000000000001,2.8
ENSPD001840,Male,21.0,Electrique,4,0.5505443234836701,29.0,0.7015590200445435,0.648,0.733,1.0,1.2,8.1,No,No,High,1.0,Yes,Salle 22,157.0,0.6763888888888889,1.0,0.8139343995494163,0.6905,2.2
ENSPD001841,Male,23.0,GenieCivil,4,0.7138413685847588,18.0,0.6759465478841872,0.751,0.65,1.0,1.5,11.8,Yes,No,Middle,1.0,Yes,Salle 6,173.0,0.6208333333333333,1.0,1.1497930802479834,0.7005,2.5
ENSPD001842,Male,26.0,Informatique,4,0.6003110419906686,26.0,0.5757238307349666,0.45299999999999996,0.7220000000000001,2.0,2.6,21.4,Yes,No,Middle,1.0,Yes,Salle 29,230.0,0.4708333333333333,1.0,1.2749698243378944,0.5875,4.6
ENSPD001843,Male,22.0,Mecanique,3,0.7387247278382582,17.0,0.7227171492204899,0.885,0.674,1.0,4.6,18.6,No,No,Middle,1.0,Yes,Salle 23,212.0,0.6875,1.0,1.0744930660474148,0.7795000000000001,5.6
ENSPD001844,Female,23.0,Informatique,2,0.6827371695178849,20.0,0.5946547884187082,0.7440000000000001,0.831,4.0,1.3,3.3,No,No,Middle,1.0,Yes,Salle 15,298.0,0.6861111111111111,1.0,0.9950680112615304,0.7875000000000001,5.3
ENSPD001845,Female,22.0,Mecanique,5,0.4961119751166406,32.0,0.6113585746102449,0.78,0.625,1.0,2.7,16.7,No,No,Low,1.0,No,Salle 26,67.0,0.6875,1.0,0.72160692225079,0.7025,3.7
ENSPD001846,Male,26.0,Informatique,3,0.625194401244168,24.0,0.5890868596881961,0.42600000000000005,0.843,2.0,1.4,2.2,No,No,Middle,1.0,Yes,Salle 2,263.0,0.5486111111111112,1.0,1.1395740859807137,0.6345000000000001,3.4
ENSPD001847,Male,19.0,Electrique,1,0.7231726283048211,13.0,0.6469933184855233,0.831,0.485,1.0,0.8,7.9,Yes,No,High,3.0,Yes,Salle 5,143.0,0.523611111111111,1.0,1.3810990675495622,0.6579999999999999,1.8
ENSPD001848,Male,22.0,Electrique,2,0.7278382581648523,18.0,0.7060133630289532,0.563,0.49600000000000005,3.0,0.3,3.3,Yes,No,Low,1.0,Yes,Salle 7,185.0,0.461111111111111,1.0,1.578410184714951,0.5295,3.3
ENSPD001849,Female,19.0,GenieCivil,3,0.7045101088646967,19.0,0.5434298440979956,0.51,0.915,2.0,2.4,18.3,No,Yes,Middle,1.0,Yes,Salle 19,185.0,0.5916666666666666,1.0,1.1907011862301429,0.7125,4.4
ENSPD001850,Female,17.0,GenieCivil,5,0.9999999999999999,0.0,0.40423162583518935,0.616,0.9109999999999999,0.0,4.8,27.2,Yes,Yes,High,0.0,No,Salle 5,70.0,0.7083333333333333,1.0,1.4117447753678773,0.7635,4.8
ENSPD001851,Male,23.0,Mecanique,1,0.8569206842923794,9.0,0.6113585746102449,0.725,0.755,0.0,4.4,20.2,No,No,Low,2.0,Yes,Salle 22,186.0,0.6444444444444444,1.0,1.329683877083186,0.74,4.4
ENSPD001852,Female,22.0,Telecom,1,0.8786936236391912,8.0,0.8084632516703786,0.46799999999999997,0.462,1.0,0.8,14.2,No,No,Low,0.0,No,Salle 15,121.0,0.5125,1.0,1.7144906902093449,0.46499999999999997,1.8
ENSPD001853,Female,21.0,Informatique,4,0.6889580093312596,20.0,0.6603563474387528,0.99,0.446,1.0,0.5,7.3,No,No,Low,1.0,No,Salle 26,230.0,0.5555555555555556,1.0,1.2401020949585582,0.718,1.5
ENSPD001854,Female,22.0,Chimie,5,0.76049766718507,15.0,0.6636971046770601,0.9470000000000001,0.9059999999999999,0.0,0.6,8.7,Yes,No,Low,0.0,Yes,Salle 28,48.0,0.9277777777777778,1.0,0.8196892494171476,0.9265,0.6
ENSPD001855,Female,28.0,Chimie,2,0.6391912908242613,23.0,0.6035634743875279,0.7290000000000001,0.895,0.0,0.7,5.2,Yes,Yes,Middle,0.0,Yes,Salle 16,119.0,0.7416666666666665,1.0,0.8618193338843901,0.812,0.7
ENSPD001856,Male,21.0,GenieCivil,2,0.864696734059098,9.0,0.7338530066815144,0.6970000000000001,0.627,1.0,0.2,2.9,Yes,No,Low,0.0,Yes,Salle 30,177.0,0.5694444444444444,1.0,1.5184651599351198,0.662,1.2
ENSPD001857,Female,23.0,Mecanique,3,0.6998444790046657,19.0,0.579064587973274,0.679,1.0,0.0,0.3,11.5,No,Yes,Low,1.0,Yes,Salle 3,212.0,0.7527777777777778,1.0,0.9296703528723592,0.8395,0.3
ENSPD001858,Male,21.0,GenieCivil,2,0.7620528771384137,15.0,0.534521158129176,0.341,0.7320000000000001,1.0,0.5,7.5,No,No,Middle,0.0,Yes,Salle 15,177.0,0.525,1.0,1.4515016421371283,0.5365000000000001,1.5
ENSPD001859,Female,23.0,Informatique,4,0.749611197511664,16.0,0.7951002227171492,0.64,0.419,1.0,0.0,5.9,Yes,No,Middle,0.0,No,Salle 8,230.0,0.49583333333333335,1.0,1.511790412653857,0.5295,1.0
ENSPD001860,Female,22.0,Informatique,1,0.7169517884914464,18.0,0.5211581291759466,0.638,0.585,0.0,0.1,11.5,Yes,No,Middle,2.0,Yes,Salle 23,248.0,0.43194444444444435,1.0,1.6597856503445627,0.6114999999999999,0.1
ENSPD001861,Female,21.0,Informatique,1,0.9999999999999999,0.0,0.7583518930957683,0.516,0.6409999999999999,0.0,2.4,15.7,Yes,No,Middle,1.0,Yes,Salle 16,248.0,0.5986111111111111,1.0,1.670505736331087,0.5785,2.4
ENSPD001862,Female,26.0,Informatique,1,0.5956454121306377,26.0,0.6113585746102449,0.564,0.657,0.0,1.9,12.7,Yes,Yes,High,0.0,Yes,Salle 15,248.0,0.6000000000000001,1.0,0.9927258081209275,0.6105,1.9
ENSPD001863,Male,24.0,GenieCivil,2,0.5940902021772939,26.0,0.7048997772828508,0.19100000000000003,0.89,1.0,5.8,28.1,No,No,High,3.0,No,Salle 26,177.0,0.49444444444444435,1.0,1.2015064458461842,0.5405,6.8
ENSPD001864,Male,22.0,Telecom,1,0.8491446345256609,10.0,0.4020044543429844,0.42200000000000004,0.449,3.0,1.0,15.6,Yes,No,High,1.0,No,Salle 11,121.0,0.3041666666666667,0.0,2.791616608305461,0.4355,4.0
ENSPD001865,Other,17.0,Mecanique,1,0.609642301710731,25.0,0.6146993318485524,0.7859999999999999,0.374,1.0,1.2,10.3,Yes,No,High,3.0,No,Salle 17,186.0,0.48611111111111116,1.0,1.2540955078401994,0.58,2.2
ENSPD001866,Female,21.0,Energetique,4,0.6656298600311042,22.0,0.6113585746102449,0.932,0.76,2.0,0.1,0.9,Yes,No,Middle,1.0,Yes,Salle 5,70.0,0.6638888888888889,1.0,1.0026072812760878,0.8460000000000001,2.1
ENSPD001867,Male,27.0,Energetique,1,0.5178849144634526,31.0,0.5278396436525613,0.45,0.539,2.0,0.3,8.2,Yes,No,Middle,1.0,Yes,Salle 29,83.0,0.2847222222222222,0.0,1.818848988785203,0.49450000000000005,2.3
ENSPD001868,Male,22.0,Energetique,5,0.7231726283048211,12.0,0.6336302895322939,0.653,1.0,1.0,2.4,13.1,Yes,No,High,0.0,Yes,Salle 16,40.0,0.8236111111111111,1.0,0.8780404224088194,0.8265,3.4
ENSPD001869,Male,24.0,Telecom,2,0.8149300155520994,12.0,0.7383073496659243,0.818,0.8290000000000001,4.0,0.5,2.9,Yes,No,Middle,1.0,Yes,Salle 19,161.0,0.7527777777777778,1.0,1.0825494775669247,0.8235,4.5
ENSPD001870,Female,25.0,Mecanique,3,0.6609642301710731,22.0,0.5334075723830736,0.526,0.535,1.0,3.0,14.1,Yes,No,Middle,0.0,Yes,Salle 9,212.0,0.44166666666666665,1.0,1.4964889025253914,0.5305,4.0
ENSPD001871,Female,22.0,Informatique,2,0.8538102643856921,9.0,0.5812917594654788,0.742,0.883,0.0,2.4,19.0,Yes,No,Middle,0.0,No,Salle 30,298.0,0.6819444444444445,1.0,1.2520048389467575,0.8125,2.4
ENSPD001872,Male,20.0,Electrique,2,0.3732503888024883,40.0,0.5701559020044543,0.614,0.7859999999999999,2.0,2.8,12.1,Yes,No,Middle,1.0,Yes,Salle 20,185.0,0.5305555555555556,1.0,0.7034953266268059,0.7,4.8
ENSPD001873,Male,17.0,Electrique,3,0.5878693623639192,26.0,0.8051224944320713,0.8340000000000001,0.767,0.0,2.3,10.3,Yes,No,Middle,1.0,Yes,Salle 12,188.0,0.8347222222222221,1.0,0.7042610153456096,0.8005,2.3
ENSPD001874,Female,23.0,Telecom,3,0.6889580093312596,20.0,0.566815144766147,0.389,0.616,1.0,2.5,15.3,No,No,Middle,0.0,No,Salle 28,154.0,0.4388888888888889,1.0,1.5697419765072027,0.5025,3.5
ENSPD001875,Female,20.0,Energetique,4,0.500777604976672,32.0,0.40423162583518935,0.42100000000000004,0.7240000000000001,1.0,1.6,10.1,Yes,No,Low,3.0,Yes,Salle 11,70.0,0.42499999999999993,1.0,1.178272522944571,0.5725,2.6
ENSPD001876,Male,22.0,GenieCivil,4,0.3934681181959564,39.0,0.34743875278396436,0.67,0.219,1.0,2.3,10.3,Yes,No,Middle,1.0,Yes,Salle 2,173.0,0.18333333333333335,0.0,2.146072677104647,0.4445,3.3
ENSPD001877,Female,20.0,Mecanique,3,0.6625194401244167,22.0,0.6703786191536749,0.637,0.903,4.0,1.5,14.7,Yes,No,Middle,2.0,Yes,Salle 21,212.0,0.75,1.0,0.8833474755328818,0.77,5.5
ENSPD001878,Male,21.0,Informatique,2,0.8491446345256609,10.0,0.4832962138084633,0.61,0.0,2.0,0.5,5.3,No,No,High,2.0,No,Salle 17,298.0,0.1652777777777778,0.0,5.137370989809656,0.305,2.5
ENSPD001879,Male,22.0,Informatique,4,0.9595645412130639,3.0,0.7216035634743876,0.7240000000000001,0.552,3.0,0.5,1.8,Yes,No,Middle,2.0,No,Salle 1,230.0,0.6361111111111111,1.0,1.5084620278314536,0.6380000000000001,3.5
ENSPD001880,Male,23.0,GenieCivil,3,0.6174183514774495,25.0,0.38752783964365256,0.452,0.321,2.0,1.0,10.2,Yes,No,High,0.0,Yes,Salle 7,185.0,0.17361111111111116,0.0,3.556124871717497,0.3865,3.0
ENSPD001881,Female,20.0,Electrique,5,0.8569206842923794,9.0,0.5200445434298441,0.374,0.54,1.0,0.0,8.3,Yes,No,Middle,0.0,Yes,Salle 26,80.0,0.4013888888888889,1.0,2.134835715824772,0.457,1.0
ENSPD001882,Female,24.0,Telecom,4,0.838258164852255,10.0,0.6113585746102449,0.53,0.625,2.0,4.4,24.5,No,No,High,2.0,Yes,Salle 22,121.0,0.38611111111111107,1.0,2.1709721140086433,0.5775,6.4
ENSPD001883,Female,21.0,GenieCivil,1,0.947122861586314,3.0,0.6826280623608018,0.55,0.401,1.0,0.6,10.0,No,Yes,Middle,0.0,Yes,Salle 4,149.0,0.3652777777777778,0.0,2.592812897677881,0.47550000000000003,1.6
ENSPD001884,Female,19.0,Telecom,2,0.6547433903576981,22.0,0.7182628062360802,0.569,0.085,2.0,0.1,8.0,Yes,No,Middle,0.0,No,Salle 15,161.0,0.3277777777777777,0.0,1.9974612683746205,0.32699999999999996,2.1
ENSPD001885,Male,22.0,Electrique,3,0.3841368584758942,40.0,0.6670378619153674,0.848,0.6809999999999999,0.0,1.1,8.3,No,Yes,Middle,0.0,No,Salle 23,188.0,0.6833333333333333,1.0,0.5621432737216931,0.7645,1.1
ENSPD001886,Male,22.0,Telecom,4,0.7325038880248832,17.0,0.42873051224944325,0.7590000000000001,1.0,1.0,3.4,16.7,Yes,Yes,Low,2.0,Yes,Salle 30,121.0,0.7416666666666665,1.0,0.9876323753273665,0.8795000000000001,4.4
ENSPD001887,Male,22.0,Informatique,3,0.5303265940902021,30.0,0.4855233853006682,0.716,0.5700000000000001,0.0,1.4,6.3,Yes,No,Low,2.0,Yes,Salle 25,263.0,0.5013888888888889,1.0,1.0576939954243172,0.643,1.4
ENSPD001888,Male,25.0,Telecom,4,0.5847589424572316,27.0,0.6492204899777283,0.66,0.635,0.0,0.6,7.4,No,No,Middle,1.0,Yes,Salle 29,121.0,0.6041666666666667,1.0,0.9678608505082369,0.6475,0.6
ENSPD001889,Female,22.0,Electrique,2,0.6640746500777605,22.0,0.32850779510022277,0.542,0.941,0.0,1.6,4.9,Yes,No,Middle,5.0,Yes,Salle 25,185.0,0.6027777777777776,1.0,1.1016723871308765,0.7415,1.6
ENSPD001890,Other,22.0,Informatique,1,0.6562986003110421,22.0,0.5701559020044543,0.466,0.26,0.0,1.7,7.2,Yes,Yes,Middle,1.0,No,Salle 4,248.0,0.2236111111111111,0.0,2.934868702914841,0.363,1.7
ENSPD001891,Male,20.0,Informatique,1,0.7465007776049767,16.0,0.8641425389755011,0.405,0.635,1.0,2.8,21.5,No,No,Middle,0.0,Yes,Salle 20,248.0,0.5597222222222222,1.0,1.3336748322997287,0.52,3.8
ENSPD001892,Male,24.0,Telecom,3,0.8506998444790047,10.0,0.5801781737193764,0.495,0.385,0.0,3.2,21.4,Yes,No,Middle,3.0,Yes,Salle 3,154.0,0.3472222222222222,0.0,2.4499449936837157,0.44,3.2
ENSPD001893,Female,22.0,Informatique,3,0.6516329704510108,22.0,0.3619153674832963,0.612,0.479,2.0,2.4,11.5,Yes,Yes,Middle,0.0,Yes,Salle 28,263.0,0.35277777777777775,0.0,1.8470962190234284,0.5455,4.4
ENSPD001894,Male,21.0,GenieCivil,2,0.7931570762052876,13.0,0.5089086859688196,0.41200000000000003,0.98,0.0,0.0,11.1,No,No,Low,2.0,Yes,Salle 19,177.0,0.6138888888888889,1.0,1.2919995304778003,0.696,0.0
ENSPD001895,Male,18.0,Mecanique,3,0.7231726283048211,18.0,0.5044543429844098,0.6509999999999999,0.685,2.0,0.0,6.5,Yes,Yes,Middle,2.0,No,Salle 21,212.0,0.4805555555555555,1.0,1.5048365825320145,0.6679999999999999,2.0
ENSPD001896,Female,25.0,Electrique,1,0.8942457231726283,7.0,0.9677060133630289,0.585,0.798,1.0,7.6,35.5,Yes,No,Middle,1.0,Yes,Salle 20,143.0,0.7611111111111111,1.0,1.1749059513894935,0.6915,8.6
ENSPD001897,Female,20.0,Telecom,1,0.6842923794712287,20.0,0.888641425389755,0.616,0.631,2.0,0.6,2.0,Yes,No,Low,1.0,Yes,Salle 15,121.0,0.5805555555555555,1.0,1.1786651359576694,0.6234999999999999,2.6
ENSPD001898,Male,21.0,Mecanique,3,0.7060653188180402,19.0,0.732739420935412,0.8290000000000001,0.39799999999999996,1.0,0.7,6.7,Yes,No,Middle,1.0,Yes,Salle 26,212.0,0.5458333333333333,1.0,1.2935310842879955,0.6135,1.7
ENSPD001899,Male,23.0,GenieCivil,2,0.6500777604976672,22.0,0.5534521158129176,0.177,0.7759999999999999,1.0,2.6,19.3,Yes,No,Middle,2.0,Yes,Salle 1,177.0,0.32638888888888895,0.0,1.9916665853570454,0.4764999999999999,3.6
ENSPD001900,Female,20.0,Energetique,3,0.6905132192846034,20.0,0.6113585746102449,0.551,0.891,1.0,1.7,14.0,Yes,No,Middle,0.0,No,Salle 28,104.0,0.7819444444444443,1.0,0.8830606746857137,0.7210000000000001,2.7
ENSPD001901,Male,19.0,Chimie,4,0.5738724727838257,27.0,0.42093541202672613,0.197,0.703,2.0,1.2,11.5,Yes,No,Middle,1.0,Yes,Salle 5,93.0,0.34444444444444444,0.0,1.6660330038980904,0.44999999999999996,3.2
ENSPD001902,Male,18.0,Telecom,4,0.5552099533437015,29.0,0.7895322939866369,0.663,0.738,2.0,0.2,5.9,No,No,Middle,0.0,Yes,Salle 15,121.0,0.638888888888889,1.0,0.8690106728926527,0.7005,2.2
ENSPD001903,Female,23.0,GenieCivil,1,0.864696734059098,9.0,0.7650334075723831,0.757,0.39299999999999996,1.0,0.2,0.0,Yes,No,Low,2.0,Yes,Salle 6,149.0,0.49444444444444435,1.0,1.7487894866242892,0.575,1.2
ENSPD001904,Male,21.0,Mecanique,3,0.5178849144634526,31.0,0.5846325167037862,0.37700000000000006,0.7809999999999999,2.0,2.4,16.1,Yes,No,Low,1.0,Yes,Salle 2,212.0,0.5333333333333333,1.0,0.9710160080688225,0.579,4.4
ENSPD001905,Female,28.0,GenieCivil,4,0.6609642301710731,22.0,0.8006681514476615,0.4,0.909,2.0,0.3,11.5,Yes,No,Middle,1.0,Yes,Salle 1,173.0,0.6000000000000001,1.0,1.1015886904736139,0.6545000000000001,2.3
ENSPD001906,Male,20.0,Chimie,4,0.9097978227060654,6.0,0.5356347438752784,0.314,0.721,1.0,1.1,7.5,No,Yes,Low,0.0,Yes,Salle 21,93.0,0.4180555555555555,1.0,2.176208517099814,0.5175,2.1
ENSPD001907,Female,20.0,Informatique,4,0.6547433903576981,22.0,0.3986636971046771,0.631,0.281,1.0,2.7,19.4,No,No,Middle,2.0,No,Salle 11,230.0,0.2416666666666667,0.0,2.709170890960504,0.456,3.7
ENSPD001908,Male,21.0,Mecanique,2,0.8740279937791603,8.0,0.7739420935412027,0.559,0.9670000000000001,2.0,5.1,32.1,Yes,No,Middle,2.0,Yes,Salle 15,231.0,0.7388888888888889,1.0,1.182879020285807,0.7630000000000001,7.1
ENSPD001909,Male,22.0,Informatique,1,0.609642301710731,25.0,0.5957683741648108,0.5700000000000001,0.451,1.0,4.1,17.3,Yes,Yes,Middle,0.0,Yes,Salle 7,248.0,0.38750000000000007,1.0,1.5732298565475236,0.5105000000000001,5.1
ENSPD001910,Male,21.0,GenieCivil,3,0.7231726283048211,31.0,0.7104677060133631,0.554,0.718,2.0,4.0,22.6,Yes,No,Middle,2.0,No,Salle 25,185.0,0.5361111111111111,1.0,1.3488978764631108,0.636,6.0
ENSPD001911,Male,23.0,Telecom,4,0.4230171073094867,37.0,0.9142538975501113,0.445,0.831,2.0,0.9,14.9,Yes,No,Low,1.0,Yes,Salle 12,121.0,0.6069444444444445,1.0,0.6969503414653818,0.638,2.9
ENSPD001912,Female,20.0,Informatique,2,0.9657853810264384,2.0,0.489977728285078,0.8240000000000001,0.635,2.0,5.2,26.2,No,No,Middle,1.0,Yes,Salle 1,298.0,0.7555555555555555,1.0,1.278228439511528,0.7295,7.2
ENSPD001913,Other,19.0,Electrique,1,0.5085536547433903,32.0,0.5857461024498887,0.669,0.28,0.0,2.3,11.7,Yes,Yes,Low,0.0,Yes,Salle 19,143.0,0.3833333333333333,1.0,1.326627100362748,0.47450000000000003,2.3
ENSPD001914,Male,18.0,Energetique,4,0.8600311041990668,9.0,0.8719376391982183,0.40700000000000003,0.663,0.0,4.4,30.0,Yes,No,Low,0.0,Yes,Salle 22,70.0,0.6041666666666667,1.0,1.4234761976889763,0.535,4.4
ENSPD001915,Male,18.0,Mecanique,2,0.5334370139968895,30.0,0.7216035634743876,0.494,0.65,2.0,0.2,9.8,Yes,No,Low,2.0,No,Salle 26,231.0,0.4986111111111111,1.0,1.069824365856062,0.5720000000000001,2.2
ENSPD001916,Female,21.0,Electrique,1,0.9657853810264384,2.0,0.4933184855233853,0.46299999999999997,0.9279999999999999,2.0,0.1,5.7,Yes,No,Middle,1.0,Yes,Salle 6,143.0,0.6027777777777776,1.0,1.6021980150076678,0.6955,2.1
ENSPD001917,Female,21.0,Energetique,1,0.9999999999999999,0.0,0.4510022271714923,0.873,0.7320000000000001,2.0,1.1,3.3,No,No,Low,0.0,Yes,Salle 28,83.0,0.6305555555555554,1.0,1.5858779332133943,0.8025,3.1
ENSPD001918,Female,21.0,Energetique,2,0.405909797822706,38.0,0.522271714922049,0.748,0.93,2.0,3.5,17.6,Yes,No,High,1.0,No,Salle 29,71.0,0.7,1.0,0.5798628559916373,0.839,5.5
ENSPD001919,Male,24.0,Mecanique,3,0.5178849144634526,31.0,0.4866369710467706,0.5970000000000001,0.635,3.0,1.4,6.5,Yes,No,Low,1.0,Yes,Salle 26,212.0,0.5513888888888888,1.0,0.9392200907532307,0.6160000000000001,4.4
ENSPD001920,Male,24.0,Informatique,2,0.864696734059098,9.0,0.6503340757238307,0.927,0.625,1.0,4.3,15.3,Yes,Yes,Middle,0.0,Yes,Salle 2,298.0,0.6180555555555556,1.0,1.3990372482120526,0.776,5.3
ENSPD001921,Female,21.0,Informatique,1,0.8164852255054432,12.0,0.623608017817372,0.881,0.679,1.0,0.5,12.4,Yes,No,Middle,0.0,No,Salle 15,248.0,0.6861111111111111,1.0,1.1900016080006914,0.78,1.5
ENSPD001922,Male,18.0,Electrique,1,0.864696734059098,9.0,0.6570155902004455,0.578,0.9450000000000001,3.0,0.1,7.7,Yes,Yes,Middle,1.0,Yes,Salle 14,143.0,0.7277777777777776,1.0,1.188116591761622,0.7615000000000001,3.1
ENSPD001923,Female,21.0,Chimie,2,0.6127527216174183,25.0,0.46993318485523383,0.546,0.381,2.0,2.9,13.8,No,No,Middle,0.0,Yes,Salle 8,119.0,0.34444444444444444,0.0,1.778907868660834,0.4635,4.9
ENSPD001924,Male,21.0,Electrique,3,0.9999999999999999,0.0,0.5979955456570156,0.555,0.821,0.0,2.0,10.7,No,No,Low,1.0,Yes,Salle 3,188.0,0.6069444444444445,1.0,1.6475701086847079,0.688,2.0
ENSPD001925,Female,21.0,Mecanique,1,0.7418351477449457,17.0,0.267260579064588,0.449,0.514,1.0,1.2,8.0,No,No,Middle,1.0,No,Salle 18,186.0,0.2333333333333334,0.0,3.1791572407394493,0.48150000000000004,2.2
ENSPD001926,Male,21.0,Informatique,3,0.4930015552099535,33.0,0.6347438752783965,0.932,0.47200000000000003,0.0,3.7,15.8,Yes,No,Middle,2.0,Yes,Salle 13,263.0,0.5513888888888888,1.0,0.8940923987050274,0.7020000000000001,3.7
ENSPD001927,Female,21.0,Electrique,1,0.6734059097978228,21.0,0.8062360801781737,0.439,0.845,4.0,3.5,30.4,No,No,Middle,0.0,Yes,Salle 21,143.0,0.6819444444444445,1.0,0.9874646543969873,0.642,7.5
ENSPD001928,Male,21.0,GenieCivil,1,0.4961119751166406,32.0,0.3719376391982183,0.7759999999999999,0.46299999999999997,0.0,0.8,5.3,Yes,No,High,0.0,Yes,Salle 9,149.0,0.38055555555555554,1.0,1.3036176497697187,0.6194999999999999,0.8
ENSPD001929,Female,21.0,Chimie,1,0.9999999999999999,0.0,0.6915367483296213,0.616,0.715,1.0,3.6,18.1,Yes,No,Low,1.0,No,Salle 26,96.0,0.6277777777777779,1.0,1.5928949804339396,0.6655,4.6
ENSPD001930,Male,22.0,GenieCivil,1,0.5972006220839813,26.0,0.6113585746102449,0.5650000000000001,0.542,1.0,0.8,5.4,Yes,No,Middle,1.0,Yes,Salle 25,149.0,0.35416666666666674,0.0,1.6861659117878491,0.5535000000000001,1.8
ENSPD001931,Male,23.0,Mecanique,3,0.8118195956454123,12.0,0.7438752783964365,0.946,0.16899999999999998,1.0,1.4,5.4,No,Yes,Middle,2.0,Yes,Salle 4,212.0,0.4722222222222222,1.0,1.7191109743108288,0.5575,2.4
ENSPD001932,Male,20.0,Mecanique,2,0.6329704510108866,24.0,0.6369710467706015,0.33899999999999997,0.736,0.0,0.4,1.7,Yes,No,Middle,1.0,Yes,Salle 3,231.0,0.49722222222222223,1.0,1.2729875955786316,0.5375,0.4
ENSPD001933,Male,25.0,Informatique,4,0.6049766718506998,25.0,0.6781737193763919,0.606,0.665,1.0,0.6,11.6,Yes,No,Middle,1.0,Yes,Salle 4,230.0,0.6347222222222223,1.0,0.9531210968503425,0.6355,1.6
ENSPD001934,Female,20.0,Mecanique,1,0.7231726283048211,41.0,0.6213808463251671,0.532,0.258,2.0,1.2,8.5,No,Yes,Low,2.0,Yes,Salle 13,186.0,0.2777777777777778,0.0,2.60332774209864,0.395,3.2
ENSPD001935,Female,19.0,Informatique,1,0.8320373250388803,11.0,0.8318485523385302,0.793,0.5,1.0,0.8,9.9,No,No,High,1.0,Yes,Salle 21,248.0,0.6416666666666667,1.0,1.2966613378059775,0.6465000000000001,1.8
ENSPD001936,Female,23.0,Mecanique,2,0.962674961119751,2.0,0.6681514476614699,0.684,0.27899999999999997,4.0,0.3,8.0,No,No,Low,3.0,Yes,Salle 29,231.0,0.4208333333333333,1.0,2.2874901058662,0.48150000000000004,4.3
ENSPD001937,Male,20.0,Informatique,4,0.5489891135303265,29.0,0.4922048997772829,0.309,0.7859999999999999,2.0,1.3,11.5,Yes,No,Low,1.0,Yes,Salle 23,230.0,0.44444444444444453,1.0,1.2351977134946808,0.5475,3.3
ENSPD001938,Female,23.0,Informatique,2,0.43234836702954893,36.0,0.6269487750556793,0.843,0.918,1.0,1.4,11.5,Yes,No,Middle,0.0,Yes,Salle 24,298.0,0.7694444444444444,1.0,0.5618894921605265,0.8805000000000001,2.4
ENSPD001939,Male,17.0,Chimie,2,0.8693623639191289,8.0,0.5489977728285078,0.7070000000000001,0.81,2.0,0.3,11.5,Yes,Yes,Middle,4.0,No,Salle 29,119.0,0.5916666666666666,1.0,1.4693200068491166,0.7585000000000001,2.3
ENSPD001940,Male,25.0,Mecanique,2,0.41213063763608093,38.0,0.6369710467706015,0.434,0.838,1.0,0.4,10.3,Yes,No,Middle,0.0,Yes,Salle 23,231.0,0.5694444444444444,1.0,0.7237288981705158,0.636,1.4
ENSPD001941,Male,23.0,Electrique,1,0.947122861586314,3.0,0.5400890868596883,0.557,0.536,2.0,1.4,7.3,Yes,No,Middle,1.0,Yes,Salle 2,143.0,0.44861111111111107,1.0,2.111186562844872,0.5465,3.4
ENSPD001942,Male,19.0,Chimie,5,0.5505443234836701,29.0,0.4966592427616926,0.386,0.7490000000000001,1.0,0.1,6.4,Yes,No,Middle,0.0,Yes,Salle 24,48.0,0.5222222222222221,1.0,1.054213623856784,0.5675000000000001,1.1
ENSPD001943,Female,19.0,Electrique,3,0.514774494556765,31.0,0.643652561247216,0.589,0.635,0.0,0.9,3.1,No,No,Middle,1.0,No,Salle 10,188.0,0.5361111111111111,1.0,0.9601832195898701,0.612,0.9
ENSPD001944,Female,25.0,Energetique,4,0.7667185069984447,15.0,0.6191536748329621,0.616,0.677,1.0,0.3,9.5,Yes,No,Middle,1.0,Yes,Salle 7,70.0,0.5652777777777778,1.0,1.3563330698790592,0.6465000000000001,1.3
ENSPD001945,Female,21.0,Informatique,3,0.525660964230171,30.0,0.7884187082405345,0.56,0.831,1.0,5.0,24.5,Yes,No,Low,1.0,Yes,Salle 5,263.0,0.5944444444444444,1.0,0.884274596889312,0.6955,6.0
ENSPD001946,Male,20.0,Chimie,3,0.5878693623639192,26.0,0.5412026726057906,0.539,0.875,2.0,0.4,3.4,Yes,No,Low,1.0,Yes,Salle 26,130.0,0.625,1.0,0.9405759305673816,0.7070000000000001,2.4
ENSPD001947,Male,17.0,Energetique,1,0.7853810264385693,14.0,0.2795100222717149,0.33,0.562,3.0,0.1,1.3,Yes,Yes,Middle,3.0,Yes,Salle 20,83.0,0.3055555555555556,0.0,2.570253787311369,0.44600000000000006,3.1
ENSPD001948,Male,21.0,Telecom,3,0.2674961119751166,47.0,0.5489977728285078,0.6809999999999999,0.358,4.0,1.4,12.9,Yes,No,Middle,0.0,Yes,Salle 3,154.0,0.38194444444444453,1.0,0.7003351207607796,0.5195,5.4
ENSPD001949,Male,22.0,Informatique,1,0.9999999999999999,0.0,0.3385300668151448,0.616,0.603,0.0,0.4,1.0,Yes,Yes,Middle,2.0,Yes,Salle 27,248.0,0.3736111111111111,1.0,2.6765082867670453,0.6094999999999999,0.4
ENSPD001950,Male,23.0,Mecanique,2,0.7278382581648523,18.0,0.6792873051224945,0.626,0.596,2.0,0.1,3.8,Yes,No,Low,1.0,Yes,Salle 26,231.0,0.4930555555555556,1.0,1.476149063677282,0.611,2.1
ENSPD001951,Male,19.0,Informatique,3,0.47900466562986,34.0,0.3307349665924276,0.29600000000000004,0.6970000000000001,1.0,2.8,16.8,No,No,Low,1.0,Yes,Salle 4,263.0,0.2847222222222222,0.0,1.6822987644019294,0.49650000000000005,3.8
ENSPD001952,Male,19.0,Electrique,4,0.5303265940902021,30.0,0.44543429844098004,0.629,0.807,3.0,1.4,11.5,No,Yes,High,0.0,Yes,Salle 4,157.0,0.5569444444444444,1.0,0.9521902543020315,0.718,4.4
ENSPD001953,Female,23.0,Chimie,3,0.9051321928460342,6.0,0.5501113585746102,0.619,0.257,0.0,0.1,7.1,No,Yes,Middle,0.0,Yes,Salle 12,130.0,0.3375,0.0,2.6817937034340735,0.438,0.1
ENSPD001954,Female,24.0,Mecanique,3,0.8320373250388803,11.0,0.8685968819599109,0.693,0.506,1.0,1.3,14.9,Yes,No,Low,3.0,Yes,Salle 16,212.0,0.6222222222222222,1.0,1.337181353397878,0.5994999999999999,2.3
ENSPD001955,Other,19.0,GenieCivil,1,0.9782270606531881,1.0,0.4309576837416481,0.775,0.44700000000000006,2.0,0.1,7.9,Yes,No,Middle,1.0,No,Salle 22,149.0,0.4722222222222222,1.0,2.071495790884121,0.611,2.1
ENSPD001956,Male,24.0,Electrique,2,0.5925349922239501,26.0,0.6124721603563474,0.809,0.89,1.0,0.9,11.5,No,No,Middle,0.0,No,Salle 27,185.0,0.7166666666666666,1.0,0.8267814759198014,0.8495,1.9
ENSPD001957,Female,22.0,GenieCivil,1,0.7760497667185068,14.0,0.7071269487750558,0.33,0.598,0.0,0.9,6.8,Yes,No,Middle,1.0,No,Salle 3,149.0,0.47777777777777775,1.0,1.6242562133505487,0.46399999999999997,0.9
ENSPD001958,Male,24.0,Telecom,4,0.7993779160186624,13.0,0.8585746102449888,0.61,0.537,1.0,3.5,13.3,Yes,No,Middle,4.0,Yes,Salle 29,121.0,0.5569444444444444,1.0,1.435266248420071,0.5735,4.5
ENSPD001959,Female,22.0,Chimie,5,0.8491446345256609,10.0,0.7405345211581292,0.9820000000000001,0.748,0.0,2.7,15.5,No,No,Middle,3.0,No,Salle 29,48.0,0.797222222222222,1.0,1.0651157979524926,0.865,2.7
ENSPD001960,Female,17.0,Informatique,2,0.9300155520995333,4.0,0.6113585746102449,0.6409999999999999,0.521,1.0,4.5,21.5,Yes,No,Middle,1.0,Yes,Salle 28,298.0,0.4986111111111111,1.0,1.8651748419298109,0.581,5.5
ENSPD001961,Male,22.0,Electrique,1,0.5863141524105754,27.0,0.755011135857461,0.47000000000000003,0.637,1.0,0.3,8.3,Yes,No,Middle,3.0,No,Salle 26,143.0,0.5527777777777778,1.0,1.0606496307996798,0.5535,1.3
ENSPD001962,Male,24.0,Mecanique,3,0.6982892690513217,19.0,0.40868596881959907,0.616,1.0,0.0,1.5,10.5,No,No,High,1.0,No,Salle 30,212.0,0.6027777777777776,1.0,1.158433025343708,0.808,1.5
ENSPD001963,Female,20.0,Electrique,4,0.6065318818040436,25.0,0.6703786191536749,0.551,0.997,1.0,0.0,9.2,Yes,No,Middle,0.0,Yes,Salle 10,157.0,0.7180555555555557,1.0,0.8446748031727824,0.774,1.0
ENSPD001964,Male,21.0,Energetique,3,0.7107309486780716,19.0,0.7516703786191538,0.408,0.559,0.0,3.5,17.2,No,No,Middle,0.0,Yes,Salle 1,104.0,0.43333333333333335,1.0,1.6401104943995253,0.48350000000000004,3.5
ENSPD001965,Male,22.0,Telecom,1,0.8506998444790047,10.0,0.4510022271714923,0.7759999999999999,0.604,2.0,0.9,6.4,No,No,Middle,1.0,Yes,Salle 11,121.0,0.5013888888888889,1.0,1.6966528313697995,0.69,2.9
ENSPD001966,Female,17.0,GenieCivil,5,0.7231726283048211,38.0,0.5133630289532294,0.725,0.516,2.0,0.1,7.1,No,No,Middle,0.0,Yes,Salle 8,70.0,0.4805555555555555,1.0,1.5048365825320145,0.6205,2.1
ENSPD001967,Male,25.0,Mecanique,4,0.926905132192846,5.0,0.4766146993318485,0.38,0.255,3.0,0.8,8.6,No,No,Middle,0.0,Yes,Salle 26,178.0,0.22777777777777786,0.0,4.069160958658211,0.3175,3.8
ENSPD001968,Male,20.0,Mecanique,1,0.5069984447900465,32.0,0.7394209354120267,0.603,0.8470000000000001,1.0,0.7,9.3,No,No,Middle,3.0,Yes,Salle 23,186.0,0.6305555555555554,1.0,0.8040376457660442,0.7250000000000001,1.7
ENSPD001969,Male,23.0,GenieCivil,5,0.6625194401244167,22.0,0.6113585746102449,0.518,1.0,1.0,2.9,16.1,Yes,Yes,Low,2.0,Yes,Salle 25,70.0,0.7583333333333333,1.0,0.8736404884213615,0.759,3.9
ENSPD001970,Male,22.0,Informatique,2,0.9517884914463454,3.0,0.556792873051225,0.332,0.551,1.0,0.3,6.3,Yes,No,Middle,2.0,Yes,Salle 16,298.0,0.31805555555555554,0.0,2.9924286827722826,0.4415,1.3
ENSPD001971,Male,25.0,GenieCivil,2,0.7807153965785382,14.0,0.3964365256124721,0.365,0.47700000000000004,1.0,1.6,11.5,Yes,No,High,0.0,Yes,Salle 27,177.0,0.1972222222222222,0.0,3.9583562350116583,0.42100000000000004,2.6
ENSPD001972,Female,23.0,Informatique,2,0.7838258164852253,14.0,0.5991091314031181,0.616,0.585,0.0,3.2,18.3,Yes,No,Middle,2.0,No,Salle 28,298.0,0.3486111111111111,0.0,2.248360158072606,0.6005,3.2
ENSPD001973,Male,22.0,Mecanique,4,0.499222395023328,32.0,0.5155902004454344,0.609,0.635,0.0,2.7,20.7,Yes,No,Low,1.0,Yes,Salle 28,178.0,0.5208333333333334,1.0,0.9584885954637569,0.622,2.7
ENSPD001974,Male,20.0,Informatique,3,0.525660964230171,30.0,0.6514476614699333,0.538,0.413,1.0,5.5,25.0,No,No,Middle,0.0,No,Salle 13,263.0,0.3138888888888889,0.0,1.674618747746634,0.47550000000000003,6.5
ENSPD001975,Male,24.0,Energetique,1,0.7231726283048211,7.0,0.4198218262806236,0.44700000000000006,0.5479999999999999,3.0,0.0,2.6,No,Yes,Low,3.0,Yes,Salle 9,83.0,0.4222222222222223,1.0,1.7127367127471689,0.4975,3.0
ENSPD001976,Female,18.0,Chimie,5,0.609642301710731,25.0,0.6403118040089087,0.616,0.843,4.0,0.9,9.9,Yes,No,Low,1.0,Yes,Salle 1,48.0,0.6444444444444444,0.0,0.9459819960374029,0.7295,4.9
ENSPD001977,Male,23.0,Mecanique,1,0.6283048211508552,24.0,0.5367483296213809,0.755,0.665,1.0,0.9,7.9,Yes,No,Low,1.0,Yes,Salle 17,186.0,0.6916666666666667,1.0,0.9083793793114151,0.71,1.9
ENSPD001978,Male,20.0,Informatique,4,0.900466562986003,6.0,0.4020044543429844,0.684,0.8940000000000001,3.0,0.1,11.1,Yes,No,Middle,2.0,Yes,Salle 1,230.0,0.6458333333333334,1.0,1.3942492188291324,0.7890000000000001,3.1
ENSPD001979,Female,25.0,GenieCivil,3,0.5241057542768274,31.0,0.388641425389755,0.8,0.713,2.0,3.4,21.4,Yes,Yes,Middle,0.0,Yes,Salle 16,185.0,0.5083333333333333,1.0,1.0310074312180628,0.7565,5.4
ENSPD001980,Female,22.0,Informatique,1,0.7698289269051323,15.0,0.4131403118040089,0.579,0.42200000000000004,3.0,2.3,17.6,Yes,No,Middle,1.0,Yes,Salle 16,248.0,0.3375,0.0,2.2809070158073306,0.5005,5.3
ENSPD001981,Male,23.0,GenieCivil,1,0.7278382581648523,18.0,0.5757238307349666,0.908,0.525,3.0,1.5,14.8,Yes,No,High,2.0,Yes,Salle 21,149.0,0.6097222222222222,1.0,1.1937014834351094,0.7165,4.5
ENSPD001982,Female,22.0,Telecom,4,0.7200622083981337,18.0,0.6302895322939867,0.616,0.6900000000000001,2.0,1.0,6.4,No,No,Middle,1.0,No,Salle 22,121.0,0.6111111111111112,1.0,1.1782643330533142,0.653,3.0
ENSPD001983,Male,18.0,Electrique,2,0.6236391912908242,24.0,0.6547884187082406,0.532,0.41500000000000004,2.0,4.5,23.5,Yes,Yes,High,0.0,Yes,Salle 13,185.0,0.46944444444444444,1.0,1.3284338846314323,0.47350000000000003,6.5
ENSPD001984,Male,20.0,Electrique,3,0.6111975116640745,25.0,0.6614699331848551,0.637,0.39,1.0,0.6,10.1,Yes,Yes,Low,3.0,Yes,Salle 16,188.0,0.37777777777777777,1.0,1.6178329411799897,0.5135000000000001,1.6
ENSPD001985,Male,23.0,GenieCivil,3,0.5194401244167962,31.0,0.4832962138084633,0.395,0.402,0.0,0.8,8.2,No,No,Middle,0.0,Yes,Salle 20,185.0,0.31527777777777777,0.0,1.647511134360907,0.3985,0.8
ENSPD001986,Male,22.0,Telecom,4,0.8102643856920683,12.0,0.7873051224944322,0.5650000000000001,0.635,0.0,6.1,25.8,No,Yes,Middle,0.0,No,Salle 7,121.0,0.6166666666666666,1.0,1.313920940242161,0.6000000000000001,6.1
ENSPD001987,Female,24.0,Energetique,3,0.5956454121306377,26.0,0.5367483296213809,0.6970000000000001,0.5670000000000001,2.0,0.1,9.1,Yes,No,Middle,1.0,Yes,Salle 12,104.0,0.5652777777777778,1.0,1.0537029731514804,0.6320000000000001,2.1
ENSPD001988,Male,23.0,GenieCivil,2,0.900466562986003,6.0,0.6859688195991092,0.73,0.876,3.0,3.0,16.3,Yes,Yes,High,1.0,No,Salle 26,177.0,0.8180555555555555,1.0,1.100726655548391,0.8029999999999999,6.0
ENSPD001989,Male,20.0,Mecanique,2,0.6780715396578537,21.0,0.5824053452115813,0.546,0.461,1.0,2.5,16.2,No,No,Middle,1.0,Yes,Salle 16,231.0,0.36249999999999993,0.0,1.8704905786263932,0.5035000000000001,3.5
ENSPD001990,Female,20.0,GenieCivil,4,0.5225505443234836,31.0,0.6726057906458797,1.0,0.635,2.0,4.6,11.5,Yes,Yes,Middle,1.0,Yes,Salle 16,173.0,0.4458333333333333,1.0,1.172049698302431,0.8175,6.6
ENSPD001991,Female,22.0,Informatique,2,0.6749611197511663,21.0,0.5746102449888641,0.589,0.614,0.0,0.2,11.9,No,No,Low,1.0,Yes,Salle 22,298.0,0.4916666666666667,1.0,1.3727743566256272,0.6014999999999999,0.2
ENSPD001992,Male,17.0,Electrique,1,0.6438569206842922,23.0,0.6759465478841872,0.318,0.97,2.0,7.0,33.8,Yes,No,Middle,3.0,Yes,Salle 9,143.0,0.6069444444444445,1.0,1.0607994167892207,0.644,9.0
ENSPD001993,Female,25.0,GenieCivil,5,0.9082426127527216,6.0,0.6091314031180401,0.838,0.635,1.0,1.4,0.0,Yes,No,Middle,1.0,Yes,Salle 15,70.0,0.5875,1.0,1.5459185592631983,0.7364999999999999,2.4
ENSPD001994,Male,23.0,Informatique,4,0.6516329704510108,22.0,0.6113585746102449,0.616,0.36600000000000005,3.0,0.8,8.9,No,Yes,Middle,1.0,Yes,Salle 17,230.0,0.4555555555555555,1.0,1.430382438936486,0.491,3.8
ENSPD001995,Female,24.0,Informatique,1,0.6687402799377916,21.0,0.47327394209354123,0.662,0.315,2.0,0.2,6.9,Yes,No,Middle,2.0,Yes,Salle 25,248.0,0.3319444444444445,0.0,2.014554379764333,0.48850000000000005,2.2
ENSPD001996,Female,19.0,GenieCivil,5,0.9828926905132193,1.0,0.3151447661469933,0.536,0.88,0.0,0.1,0.0,Yes,No,High,2.0,No,Salle 24,70.0,0.5611111111111111,1.0,1.7516587258086438,0.708,0.1
ENSPD001997,Female,24.0,Telecom,3,0.8149300155520994,12.0,0.4476614699331849,0.691,0.479,0.0,6.7,37.7,No,Yes,Middle,2.0,Yes,Salle 5,154.0,0.45138888888888895,0.0,1.805343423768801,0.585,6.7
ENSPD001998,Male,26.0,Electrique,1,0.9999999999999999,0.0,0.7884187082405345,0.9109999999999999,0.948,1.0,2.5,4.4,No,No,Low,1.0,Yes,Salle 6,143.0,0.8986111111111112,1.0,1.1128160552154596,0.9295,3.5
ENSPD001999,Male,19.0,Electrique,2,0.9548989113530325,3.0,0.5846325167037862,0.6559999999999999,0.7709999999999999,0.0,1.4,12.9,Yes,No,High,0.0,Yes,Salle 25,185.0,0.6736111111111112,1.0,1.4175608448167025,0.7134999999999999,1.4
ENSPD002000,Male,24.0,Mecanique,3,0.5552099533437015,29.0,0.6258351893095769,0.355,0.48600000000000004,1.0,0.2,0.0,Yes,No,Middle,2.0,Yes,Salle 9,212.0,0.31527777777777777,0.0,1.7609624999007303,0.4205,1.2
ENSPD002001,Male,22.0,Electrique,4,0.9051321928460342,6.0,0.4342984409799555,0.0,0.873,1.0,1.5,15.3,No,No,Middle,0.0,No,Salle 4,157.0,0.28888888888888886,0.0,3.133041446878496,0.4365,2.5
ENSPD002002,Male,19.0,GenieCivil,2,0.9999999999999999,0.0,0.6213808463251671,0.6890000000000001,0.455,1.0,0.8,10.5,Yes,No,High,4.0,Yes,Salle 26,177.0,0.37916666666666665,1.0,2.6372930823802445,0.5720000000000001,1.8
ENSPD002003,Female,23.0,Electrique,2,0.7231726283048211,0.0,0.4398663697104678,0.443,0.35100000000000003,0.0,0.6,13.3,No,No,High,4.0,Yes,Salle 15,185.0,0.2069444444444445,0.0,3.4943565973957704,0.397,0.6
ENSPD002004,Male,24.0,Informatique,2,0.9051321928460342,6.0,0.46436525612472157,0.6020000000000001,0.467,1.0,1.9,14.7,No,No,High,1.0,No,Salle 6,298.0,0.37083333333333335,0.0,2.4407400955822336,0.5345000000000001,2.9
ENSPD002005,Male,21.0,GenieCivil,3,0.900466562986003,6.0,0.5434298440979956,0.474,0.794,3.0,3.1,18.8,Yes,Yes,High,1.0,Yes,Salle 29,185.0,0.5555555555555556,1.0,1.6208106387833074,0.634,6.1
ENSPD002006,Female,24.0,Mecanique,1,0.6640746500777605,22.0,0.6848552338530067,0.461,0.868,2.0,1.2,8.5,Yes,No,Middle,1.0,Yes,Salle 13,186.0,0.7013888888888888,1.0,0.9467860023698427,0.6645,3.2
ENSPD002007,Male,19.0,Mecanique,1,0.5645412130637636,28.0,0.7026726057906458,0.48200000000000004,0.635,0.0,1.4,3.7,Yes,No,Middle,3.0,Yes,Salle 11,186.0,0.4291666666666667,1.0,1.3154051860471527,0.5585,1.4
ENSPD002008,Female,19.0,Energetique,3,0.6547433903576981,22.0,0.7071269487750558,0.499,0.266,0.0,1.4,22.1,No,Yes,Middle,1.0,Yes,Salle 1,104.0,0.3597222222222223,0.0,1.820085468888674,0.3825,1.4
ENSPD002009,Male,22.0,Informatique,4,0.40902021772939345,38.0,0.3452115812917595,0.76,0.635,0.0,0.3,4.3,Yes,No,Middle,1.0,No,Salle 9,230.0,0.2680555555555556,0.0,1.5258216106195168,0.6975,0.3
ENSPD002010,Male,22.0,Mecanique,3,0.9704510108864696,2.0,0.6113585746102449,0.723,0.42600000000000005,2.0,1.4,20.4,No,No,Middle,1.0,No,Salle 1,212.0,0.5097222222222222,1.0,1.9038447415698063,0.5745,3.4
ENSPD002011,Male,21.0,GenieCivil,2,0.6671850699844478,21.0,0.576837416481069,0.40299999999999997,0.381,0.0,3.6,16.1,Yes,No,High,0.0,Yes,Salle 2,177.0,0.2777777777777778,0.0,2.4017797878716487,0.392,3.6
ENSPD002012,Male,24.0,Telecom,2,0.9611197511664075,2.0,0.3541202672605791,0.42700000000000005,0.693,0.0,1.6,7.1,Yes,No,Low,0.0,Yes,Salle 17,161.0,0.47638888888888886,1.0,2.0174684987365086,0.56,1.6
ENSPD002013,Female,23.0,GenieCivil,2,0.4898911353032659,33.0,0.6113585746102449,0.688,1.0,1.0,1.4,6.8,Yes,No,Middle,3.0,Yes,Salle 5,177.0,0.8069444444444445,1.0,0.6070864826087378,0.844,2.4
ENSPD002014,Male,24.0,Chimie,5,0.9222395023328148,5.0,0.5679287305122495,0.616,0.799,1.0,1.4,12.3,Yes,No,Middle,0.0,Yes,Salle 30,48.0,0.7833333333333332,1.0,1.177311994739831,0.7075,2.4
ENSPD002015,Male,22.0,Telecom,4,0.6283048211508552,24.0,0.6959910913140313,0.807,0.414,3.0,0.2,12.8,Yes,No,Middle,0.0,Yes,Salle 4,121.0,0.5097222222222222,1.0,1.2326174288368614,0.6105,3.2
ENSPD002016,Male,23.0,Mecanique,1,0.48055987558320357,33.0,0.623608017817372,0.439,0.501,0.0,2.9,20.6,Yes,No,Middle,1.0,No,Salle 16,186.0,0.39861111111111114,1.0,1.2055555066907957,0.47,2.9
ENSPD002017,Male,21.0,Mecanique,2,0.9999999999999999,0.0,0.5189309576837416,0.798,0.54,1.0,0.7,8.9,Yes,No,Middle,1.0,Yes,Salle 20,231.0,0.5499999999999999,1.0,1.8181487609316196,0.669,1.7
ENSPD002018,Female,26.0,Mecanique,3,0.926905132192846,5.0,0.7650334075723831,0.3,0.718,1.0,0.7,7.6,Yes,No,Middle,1.0,No,Salle 11,212.0,0.5458333333333333,1.0,1.6981156965542852,0.509,1.7
ENSPD002019,Male,20.0,Telecom,3,0.7589424572317262,16.0,0.23942093541202675,0.583,0.9540000000000001,0.0,5.8,29.6,Yes,No,Middle,3.0,No,Salle 18,154.0,0.6027777777777776,1.0,1.2590541567210014,0.7685,5.8
ENSPD002020,Female,26.0,Informatique,2,0.7262830482115087,18.0,0.5991091314031181,0.708,0.547,1.0,1.1,8.4,No,No,Middle,1.0,No,Salle 2,298.0,0.5208333333333334,1.0,1.3944366793818526,0.6275,2.1
ENSPD002021,Female,22.0,Mecanique,4,0.80248833592535,13.0,0.3162583518930958,0.24600000000000002,0.948,1.0,3.1,18.4,No,No,Middle,1.0,Yes,Salle 16,178.0,0.46805555555555556,1.0,1.714478509261084,0.597,4.1
ENSPD002022,Male,19.0,Electrique,4,0.7558320373250388,16.0,0.4576837416481069,0.997,1.0,1.0,2.0,9.8,Yes,No,High,0.0,Yes,Salle 6,157.0,0.9277777777777778,1.0,0.8146604810158153,0.9984999999999999,3.0
ENSPD002023,Female,25.0,Electrique,3,0.5723172628304821,28.0,0.6982182628062361,0.8590000000000001,0.5700000000000001,2.0,0.8,6.0,Yes,No,Low,1.0,Yes,Salle 25,188.0,0.6805555555555556,1.0,0.8409436213140279,0.7145000000000001,2.8
ENSPD002024,Male,22.0,GenieCivil,4,0.6438569206842922,23.0,0.39755011135857465,0.736,0.5650000000000001,3.0,0.3,6.0,Yes,No,Middle,1.0,Yes,Salle 27,173.0,0.41388888888888886,1.0,1.5555898746496408,0.6505000000000001,3.3
ENSPD002025,Male,24.0,GenieCivil,4,0.9999999999999999,0.0,0.3719376391982183,0.446,0.568,1.0,3.2,19.1,Yes,No,Middle,0.0,No,Salle 28,173.0,0.36111111111111116,0.0,2.7691540849638003,0.507,4.2
ENSPD002026,Male,24.0,Informatique,4,0.9999999999999999,0.0,1.0,0.608,0.652,0.0,2.9,16.1,No,Yes,Middle,1.0,Yes,Salle 25,230.0,0.6708333333333333,1.0,1.4906610087799934,0.63,2.9
ENSPD002027,Female,23.0,GenieCivil,5,0.9999999999999999,0.0,0.3830734966592428,0.762,0.568,0.0,0.4,7.4,Yes,No,Low,1.0,Yes,Salle 8,70.0,0.5319444444444444,1.0,1.87986022194883,0.665,0.4
ENSPD002028,Other,21.0,GenieCivil,2,0.8087091757387247,12.0,0.6113585746102449,0.418,0.8170000000000001,1.0,0.6,3.8,No,No,High,1.0,Yes,Salle 26,177.0,0.6000000000000001,1.0,1.3478261624618333,0.6175,1.6
ENSPD002029,Male,24.0,Telecom,2,0.6562986003110421,22.0,0.5812917594654788,0.588,0.33,0.0,2.9,11.8,Yes,No,Middle,1.0,No,Salle 25,161.0,0.3944444444444445,1.0,1.6638134252369317,0.45899999999999996,2.9
ENSPD002030,Female,22.0,Mecanique,4,0.5707620528771385,28.0,0.522271714922049,0.784,0.533,1.0,8.2,37.6,Yes,No,Middle,0.0,Yes,Salle 20,178.0,0.45972222222222214,1.0,1.2415097861059814,0.6585000000000001,9.2
ENSPD002031,Male,23.0,Telecom,4,0.583203732503888,27.0,0.7048997772828508,0.616,0.706,1.0,3.7,13.1,Yes,No,Low,1.0,Yes,Salle 19,121.0,0.4361111111111111,1.0,1.3372517808598,0.661,4.7
ENSPD002032,Male,18.0,Electrique,5,0.6174183514774495,25.0,0.6113585746102449,0.68,0.8140000000000001,1.0,2.3,17.6,No,Yes,Middle,1.0,Yes,Salle 15,80.0,0.6638888888888889,1.0,0.9299885295948758,0.7470000000000001,3.3
ENSPD002033,Male,23.0,Informatique,1,0.9999999999999999,0.0,0.6113585746102449,0.304,1.0,0.0,4.9,19.1,Yes,No,Middle,1.0,Yes,Salle 30,248.0,0.475,1.0,2.1052188374981577,0.652,4.9
ENSPD002034,Female,21.0,Chimie,3,0.9999999999999999,0.0,0.5244988864142539,0.45,0.38200000000000006,1.0,0.7,6.2,Yes,Yes,Middle,0.0,No,Salle 14,130.0,0.30694444444444435,0.0,3.2578124151611356,0.41600000000000004,1.7
ENSPD002035,Female,25.0,Informatique,1,0.8600311041990668,9.0,0.7516703786191538,0.529,0.51,0.0,1.4,7.0,No,No,Low,0.0,Yes,Salle 29,248.0,0.4847222222222223,1.0,1.7742396002813925,0.5195000000000001,1.4
ENSPD002036,Male,23.0,Energetique,3,0.541213063763608,30.0,0.6581291759465479,0.7120000000000001,0.187,2.0,0.8,11.9,No,No,Middle,3.0,Yes,Salle 1,104.0,0.2847222222222222,0.0,1.9007791234151667,0.4495,2.8
ENSPD002037,Male,22.0,Telecom,1,0.8864696734059098,7.0,0.7939866369710468,0.494,0.418,3.0,7.1,36.0,Yes,No,Middle,0.0,No,Salle 6,121.0,0.3944444444444445,1.0,2.2473309298223954,0.45599999999999996,10.1
ENSPD002038,Male,23.0,Mecanique,1,0.6749611197511663,21.0,0.6959910913140313,0.643,0.28600000000000003,5.0,4.3,11.5,No,No,Middle,2.0,Yes,Salle 22,186.0,0.43333333333333335,1.0,1.55756664019561,0.4645,9.3
ENSPD002039,Male,20.0,Mecanique,1,0.3188180404354588,44.0,0.9120267260579065,0.49600000000000005,0.536,2.0,0.1,15.7,Yes,No,Middle,1.0,Yes,Salle 18,186.0,0.5277777777777778,1.0,0.6040648417017634,0.516,2.1
ENSPD002040,Male,25.0,Mecanique,3,0.7729393468118196,15.0,0.6403118040089087,0.524,0.594,2.0,1.4,6.4,Yes,No,Middle,1.0,Yes,Salle 27,212.0,0.5097222222222222,1.0,1.5163635201285157,0.5589999999999999,3.4
ENSPD002041,Female,26.0,Mecanique,2,0.56298600311042,28.0,0.6469933184855233,0.845,0.7340000000000001,2.0,1.4,7.1,No,No,Middle,3.0,Yes,Salle 30,231.0,0.65,1.0,0.8661189875700682,0.7895000000000001,3.4
ENSPD002042,Male,23.0,Mecanique,1,0.5692068429237945,28.0,0.6636971046770601,0.413,0.58,0.0,3.1,19.9,No,No,Middle,3.0,Yes,Salle 1,186.0,0.3944444444444445,1.0,1.443023018096485,0.49649999999999994,3.1
ENSPD002043,Male,25.0,Mecanique,2,0.6734059097978228,21.0,0.5868596881959911,0.757,0.7340000000000001,0.0,0.9,10.0,Yes,No,Middle,1.0,Yes,Salle 26,231.0,0.5527777777777778,1.0,1.2181997085842478,0.7455,0.9
ENSPD002044,Male,21.0,Electrique,1,0.6267496111975116,24.0,0.7516703786191538,0.616,0.663,1.0,4.9,22.7,No,No,Middle,2.0,Yes,Salle 18,143.0,0.6361111111111111,1.0,0.9852677426516623,0.6395,5.9
ENSPD002045,Female,20.0,Informatique,5,0.7138413685847588,18.0,0.6503340757238307,0.516,0.433,2.0,0.1,7.6,No,No,Middle,1.0,No,Salle 16,109.0,0.45833333333333337,1.0,1.557438096444642,0.47450000000000003,2.1
ENSPD002046,Female,22.0,Telecom,2,0.7045101088646967,19.0,0.7416481069042317,0.401,0.303,0.0,2.6,17.3,No,No,High,0.0,Yes,Salle 19,161.0,0.34305555555555556,0.0,2.0535728447696324,0.352,2.6
ENSPD002047,Male,23.0,Telecom,2,0.3701399688958009,40.0,0.7683741648106904,0.414,0.757,2.0,1.0,14.0,Yes,No,Middle,3.0,No,Salle 26,161.0,0.5319444444444444,1.0,0.6958114040805935,0.5855,3.0
ENSPD002048,Female,21.0,GenieCivil,4,0.9999999999999999,0.0,0.6815144766146994,0.616,0.9690000000000001,3.0,0.6,9.3,Yes,Yes,High,1.0,Yes,Salle 18,173.0,0.6930555555555555,1.0,1.4428649526499817,0.7925,3.6
ENSPD002049,Male,23.0,Telecom,3,0.5365474339035771,30.0,0.6937639198218263,0.593,1.0,2.0,1.5,3.4,Yes,No,Middle,2.0,No,Salle 12,154.0,0.7638888888888888,1.0,0.7023801732242333,0.7965,3.5
ENSPD002050,Male,23.0,Mecanique,4,0.5427682737169516,29.0,0.4409799554565701,0.616,0.8270000000000001,0.0,1.3,13.4,Yes,No,Low,1.0,Yes,Salle 29,178.0,0.6611111111111111,1.0,0.8209816092618035,0.7215,1.3
ENSPD002051,Male,20.0,Informatique,3,0.6594090202177293,22.0,0.5178173719376392,0.5660000000000001,0.932,0.0,0.9,7.0,Yes,No,Middle,0.0,No,Salle 3,263.0,0.6680555555555555,1.0,0.9870423863858278,0.7490000000000001,0.9
ENSPD002052,Male,23.0,Electrique,5,0.6998444790046657,19.0,0.7516703786191538,0.578,0.635,1.0,2.1,12.6,Yes,No,Middle,1.0,No,Salle 4,80.0,0.6027777777777776,1.0,1.1610130543533828,0.6065,3.1
ENSPD002053,Male,24.0,GenieCivil,1,0.9922239502332816,0.0,0.8485523385300668,0.605,0.7000000000000001,0.0,2.2,9.2,Yes,No,High,0.0,Yes,Salle 5,149.0,0.7250000000000001,1.0,1.3685658821716686,0.6525000000000001,2.2
ENSPD002054,Female,22.0,Electrique,5,0.7698289269051323,15.0,0.28619153674832964,0.706,0.662,2.0,0.2,11.5,Yes,No,Low,1.0,Yes,Salle 8,80.0,0.5111111111111111,1.0,1.5061575626012083,0.6839999999999999,2.2
ENSPD002055,Female,24.0,Telecom,4,0.8258164852255053,11.0,0.5155902004454344,0.736,0.619,2.0,1.8,20.1,Yes,Yes,High,1.0,Yes,Salle 6,121.0,0.5847222222222221,1.0,1.412298576752046,0.6775,3.8
ENSPD002056,Female,20.0,Energetique,3,0.7713841368584758,15.0,0.6146993318485524,0.37,0.761,0.0,2.5,19.3,Yes,No,Middle,0.0,Yes,Salle 16,104.0,0.4527777777777777,1.0,1.7036328600659822,0.5655,2.5
ENSPD002057,Male,23.0,Electrique,3,0.7231726283048211,15.0,0.46325167037861914,0.569,0.536,0.0,0.2,1.1,Yes,Yes,Middle,2.0,Yes,Salle 16,188.0,0.35138888888888886,0.0,2.057982114261852,0.5525,0.2
ENSPD002058,Male,20.0,Chimie,3,0.7776049766718508,14.0,0.47327394209354123,0.841,0.611,2.0,2.2,11.5,Yes,Yes,Low,0.0,Yes,Salle 17,130.0,0.5486111111111112,1.0,1.4173807039561117,0.726,4.2
ENSPD002059,Female,20.0,Informatique,1,0.3592534992223949,41.0,0.6893095768374164,0.383,0.40399999999999997,1.0,3.3,22.2,Yes,No,Middle,3.0,No,Salle 12,248.0,0.3902777777777777,1.0,0.920483601274716,0.39349999999999996,4.3
ENSPD002060,Male,21.0,Informatique,1,0.6734059097978228,21.0,0.8741648106904232,0.633,0.735,1.0,3.6,18.7,Yes,No,Middle,1.0,Yes,Salle 14,248.0,0.6958333333333333,1.0,0.9677550643073243,0.6839999999999999,4.6
ENSPD002061,Male,20.0,Chimie,5,0.9362363919129083,4.0,0.27060133630289535,0.589,0.44799999999999995,1.0,0.1,0.0,Yes,Yes,Middle,0.0,Yes,Salle 14,48.0,0.25,0.0,3.7447957758206,0.5185,1.1
ENSPD002062,Male,21.0,GenieCivil,3,0.9999999999999999,0.0,0.5812917594654788,0.518,0.647,0.0,2.4,12.4,No,Yes,Middle,1.0,No,Salle 6,185.0,0.5041666666666667,1.0,1.9834317335854497,0.5825,2.4
ENSPD002063,Female,22.0,GenieCivil,2,0.49455676516329705,32.0,0.6870824053452117,0.9059999999999999,0.74,1.0,3.2,23.3,Yes,No,Low,0.0,Yes,Salle 29,177.0,0.6986111111111111,1.0,0.707904123276116,0.823,4.2
ENSPD002064,Male,24.0,Mecanique,4,0.7993779160186624,13.0,0.7405345211581292,0.627,0.757,0.0,1.0,15.0,Yes,No,Middle,1.0,Yes,Salle 18,178.0,0.7291666666666667,1.0,1.0962746787728566,0.692,1.0
ENSPD002065,Male,21.0,Electrique,3,0.7231726283048211,25.0,0.6636971046770601,0.892,0.794,0.0,1.6,10.7,No,Yes,Low,1.0,Yes,Salle 22,188.0,0.7416666666666665,1.0,0.975051071183069,0.843,1.6
ENSPD002066,Female,19.0,Informatique,1,0.9999999999999999,0.0,0.9042316258351895,0.621,0.5970000000000001,1.0,0.6,6.3,Yes,No,Middle,1.0,No,Salle 22,248.0,0.6513888888888888,1.0,1.535157669221283,0.609,1.6
ENSPD002067,Male,24.0,Electrique,4,0.4681181959564541,34.0,0.6146993318485524,0.703,0.737,1.0,0.7,0.0,Yes,No,Middle,1.0,No,Salle 11,157.0,0.7222222222222223,1.0,0.6481546814902696,0.72,1.7
ENSPD002068,Male,20.0,Informatique,4,0.8367029548989114,10.0,0.8296213808463252,0.516,0.543,0.0,1.4,11.5,No,No,Low,4.0,Yes,Salle 12,230.0,0.5180555555555555,1.0,1.6150522765437674,0.5295000000000001,1.4
ENSPD002069,Male,22.0,Informatique,1,0.457231726283048,35.0,0.6113585746102449,0.518,0.24600000000000002,1.0,0.3,3.9,No,Yes,Middle,1.0,Yes,Salle 1,248.0,0.2875,0.0,1.590315906518201,0.382,1.3
ENSPD002070,Male,23.0,Mecanique,5,0.6609642301710731,22.0,0.6202672605790647,0.6940000000000001,0.635,1.0,0.9,1.0,Yes,No,High,2.0,Yes,Salle 15,67.0,0.5736111111111111,1.0,1.152266221322952,0.6645000000000001,1.9
ENSPD002071,Female,22.0,Mecanique,2,0.7138413685847588,18.0,0.40757238307349664,0.6970000000000001,0.7000000000000001,2.0,0.7,4.0,No,No,Low,2.0,No,Salle 4,231.0,0.5347222222222222,1.0,1.3349511006054597,0.6985000000000001,2.7
ENSPD002072,Male,24.0,Telecom,2,0.9191290824261275,5.0,0.7605790645879733,0.728,0.843,2.0,0.5,11.5,Yes,No,Middle,1.0,Yes,Salle 26,161.0,0.7416666666666665,1.0,1.23925845821332,0.7855,2.5
ENSPD002073,Male,23.0,Informatique,1,0.5194401244167962,31.0,0.5902004454342985,0.616,0.635,1.0,1.3,11.5,No,No,Low,1.0,No,Salle 3,248.0,0.575,1.0,0.9033584188393181,0.6255,2.3
ENSPD002074,Female,20.0,Informatique,3,0.8444790046656298,10.0,0.6703786191536749,0.379,0.319,1.0,3.6,25.6,Yes,No,Middle,1.0,No,Salle 8,263.0,0.27361111111111114,0.0,3.0863079286404425,0.349,4.6
ENSPD002075,Female,26.0,GenieCivil,2,0.7231726283048211,18.0,0.6113585746102449,0.47500000000000003,0.622,3.0,0.6,6.8,Yes,Yes,High,1.0,Yes,Salle 4,177.0,0.5069444444444444,1.0,1.4265041686286497,0.5485,3.6
ENSPD002076,Female,22.0,GenieCivil,2,0.7713841368584758,15.0,0.7082405345211581,0.616,0.8170000000000001,1.0,2.2,14.8,Yes,No,Middle,1.0,No,Salle 28,177.0,0.8041666666666665,1.0,0.959222231671908,0.7165,3.2
ENSPD002077,Male,22.0,Informatique,4,0.8989113530326595,6.0,0.6770601336302895,0.267,0.735,1.0,0.6,17.3,Yes,No,Middle,1.0,Yes,Salle 26,230.0,0.4638888888888889,1.0,1.9377312051462208,0.501,1.6
ENSPD002078,Male,24.0,Informatique,1,0.48055987558320357,33.0,0.6113585746102449,0.6729999999999999,0.611,0.0,0.3,0.0,No,Yes,Middle,0.0,Yes,Salle 30,248.0,0.47916666666666674,1.0,1.0028866366264428,0.6419999999999999,0.3
ENSPD002079,Other,22.0,Energetique,4,0.8709175738724727,8.0,0.45322939866369716,0.6,0.307,0.0,5.7,28.6,Yes,No,Middle,0.0,Yes,Salle 7,70.0,0.3055555555555556,0.0,2.8501824176126065,0.4535,5.7
ENSPD002080,Female,23.0,Electrique,3,0.6143079315707621,25.0,0.6057906458797326,0.773,0.635,1.0,2.0,17.6,No,No,Middle,1.0,Yes,Salle 3,188.0,0.39722222222222214,1.0,1.5464705459546082,0.704,3.0
ENSPD002081,Male,27.0,Mecanique,5,0.7231726283048211,5.0,0.7204899777282852,0.6950000000000001,0.735,3.0,0.2,7.1,Yes,No,Low,0.0,Yes,Salle 26,67.0,0.6513888888888888,1.0,1.1101840065130584,0.7150000000000001,3.2
ENSPD002082,Male,21.0,GenieCivil,3,0.7822706065318817,14.0,0.9209354120267261,0.5,0.635,2.0,2.0,6.5,No,No,Middle,0.0,Yes,Salle 7,185.0,0.41388888888888886,1.0,1.8900041230646605,0.5675,4.0
ENSPD002083,Male,21.0,Mecanique,1,0.6811819595645411,20.0,0.6603563474387528,0.49200000000000005,0.5760000000000001,1.0,0.4,11.5,Yes,No,Middle,0.0,Yes,Salle 2,186.0,0.45000000000000007,1.0,1.5137040500534231,0.534,1.4
ENSPD002084,Female,22.0,Mecanique,1,0.609642301710731,25.0,0.7783964365256124,0.526,0.648,1.0,4.4,26.0,Yes,Yes,Low,1.0,No,Salle 29,186.0,0.47777777777777775,1.0,1.2759688088846,0.587,5.4
ENSPD002085,Male,24.0,Electrique,4,0.8740279937791603,8.0,0.34075723830734966,0.7240000000000001,0.87,0.0,0.6,8.5,No,Yes,Low,0.0,Yes,Salle 13,157.0,0.638888888888889,1.0,1.3680224038254083,0.797,0.6
ENSPD002086,Male,19.0,Telecom,4,0.9548989113530325,3.0,0.9465478841870825,0.20600000000000002,0.763,1.0,3.3,12.7,Yes,Yes,Middle,1.0,No,Salle 15,121.0,0.5416666666666667,1.0,1.7628577528163156,0.48450000000000004,4.3
ENSPD002087,Male,18.0,Informatique,2,0.6205287713841366,24.0,0.7115812917594654,0.648,0.833,1.0,0.4,15.8,Yes,No,Middle,0.0,No,Salle 21,298.0,0.623611111111111,1.0,0.9950413164790642,0.7404999999999999,1.4
ENSPD002088,Female,21.0,Telecom,3,0.5085536547433903,32.0,0.6024498886414253,0.461,0.7000000000000001,1.0,1.6,13.7,Yes,No,Low,1.0,No,Salle 21,154.0,0.4305555555555556,1.0,1.1811294428492016,0.5805,2.6
ENSPD002089,Female,19.0,Informatique,3,0.8491446345256609,10.0,0.5824053452115813,0.654,0.47100000000000003,4.0,4.9,26.4,Yes,No,Low,1.0,Yes,Salle 4,263.0,0.4569444444444445,1.0,1.8582697790761897,0.5625,8.9
ENSPD002090,Male,21.0,Informatique,5,0.44945567651632967,35.0,0.42538975501113585,0.682,0.517,1.0,0.7,10.1,No,No,Low,0.0,Yes,Salle 4,109.0,0.3486111111111111,0.0,1.2892382652440144,0.5995,1.7
ENSPD002091,Female,23.0,Informatique,5,0.4758942457231726,34.0,0.47327394209354123,0.321,0.45299999999999996,1.0,0.2,9.6,Yes,No,Middle,1.0,Yes,Salle 14,109.0,0.2652777777777777,0.0,1.7938792721985577,0.387,1.2
ENSPD002092,Female,20.0,Informatique,5,0.52099533437014,31.0,0.9298440979955458,0.579,0.758,0.0,1.6,11.9,Yes,No,Middle,1.0,No,Salle 6,109.0,0.7319444444444445,1.0,0.7117865576532936,0.6685,1.6
ENSPD002093,Male,19.0,Telecom,4,0.6423017107309487,23.0,0.44543429844098004,0.648,0.501,2.0,0.4,6.1,Yes,No,High,2.0,No,Salle 18,121.0,0.3638888888888888,0.0,1.7650554325464458,0.5745,2.4
ENSPD002094,Male,22.0,GenieCivil,4,0.47122861586314146,34.0,0.44209354120267264,0.636,0.561,3.0,2.6,6.4,Yes,Yes,Middle,0.0,No,Salle 19,173.0,0.44027777777777777,1.0,1.0702741244409018,0.5985,5.6
ENSPD002095,Male,24.0,Informatique,1,0.35769828926905134,41.0,0.4933184855233853,0.598,0.635,0.0,1.8,11.5,Yes,No,Middle,3.0,No,Salle 29,248.0,0.5027777777777778,1.0,0.711429961265182,0.6165,1.8
ENSPD002096,Female,19.0,Energetique,4,0.5085536547433903,32.0,0.4097995545657016,0.4,0.968,1.0,0.9,16.5,Yes,Yes,High,0.0,No,Salle 10,70.0,0.4819444444444444,1.0,1.0551902998417355,0.6839999999999999,1.9
ENSPD002097,Male,24.0,Telecom,3,0.8398133748055988,10.0,0.6124721603563474,0.428,0.7709999999999999,4.0,2.4,11.3,Yes,No,Middle,1.0,No,Salle 7,154.0,0.5694444444444444,1.0,1.4747683208002962,0.5994999999999999,6.4
ENSPD002098,Female,24.0,Chimie,5,0.48211508553654736,33.0,0.7917594654788419,0.37200000000000005,0.485,2.0,1.4,5.8,Yes,No,Middle,0.0,No,Salle 30,48.0,0.45138888888888895,1.0,1.0680466820006267,0.4285,3.4
ENSPD002099,Female,24.0,Energetique,3,0.6562986003110421,22.0,0.5077951002227171,0.72,0.67,0.0,5.0,20.4,Yes,No,Middle,1.0,No,Salle 27,104.0,0.5833333333333334,1.0,1.1250640280070208,0.6950000000000001,5.0
ENSPD002100,Male,24.0,Mecanique,1,0.9999999999999999,0.0,0.38084632516703787,0.599,0.97,4.0,0.9,10.6,Yes,No,Middle,1.0,Yes,Salle 26,186.0,0.6569444444444444,1.0,1.5221755609639769,0.7845,4.9
ENSPD002101,Female,26.0,Telecom,3,0.7107309486780716,19.0,0.6592427616926504,0.611,0.763,1.0,2.9,15.6,Yes,No,Low,2.0,Yes,Salle 13,154.0,0.7055555555555555,1.0,1.0073209258613098,0.687,3.9
ENSPD002102,Male,21.0,Electrique,3,0.7838258164852253,14.0,0.601336302895323,0.313,0.32,1.0,0.6,6.2,Yes,No,Middle,1.0,Yes,Salle 21,188.0,0.2402777777777778,0.0,3.2620294870350026,0.3165,1.6
ENSPD002103,Male,22.0,Telecom,2,0.5427682737169516,29.0,0.77728285077951,0.614,0.635,2.0,2.5,11.8,Yes,No,High,1.0,Yes,Salle 20,161.0,0.44444444444444453,1.0,1.221201138837517,0.6245,4.5
ENSPD002104,Female,21.0,Chimie,2,0.9999999999999999,0.0,0.534521158129176,0.616,0.44200000000000006,2.0,0.1,7.1,Yes,Yes,Middle,2.0,No,Salle 16,119.0,0.40694444444444444,1.0,2.457277500348114,0.529,2.1
ENSPD002105,Female,22.0,Mecanique,3,0.6189735614307931,24.0,0.566815144766147,0.28800000000000003,0.9279999999999999,1.0,0.7,13.7,Yes,No,High,1.0,Yes,Salle 25,212.0,0.5638888888888889,1.0,1.097667637988122,0.608,1.7
ENSPD002106,Male,25.0,Chimie,2,0.6780715396578537,21.0,0.5857461024498887,0.524,0.891,1.0,0.2,0.0,Yes,No,Middle,1.0,Yes,Salle 24,119.0,0.5972222222222222,1.0,1.1353565906655858,0.7075,1.2
ENSPD002107,Female,19.0,Mecanique,2,0.9657853810264384,2.0,0.6247216035634744,0.337,0.515,2.0,1.2,8.6,Yes,No,Middle,1.0,Yes,Salle 9,231.0,0.35277777777777775,0.0,2.737581747049043,0.42600000000000005,3.2
ENSPD002108,Female,20.0,Mecanique,1,0.6858475894245722,20.0,0.544543429844098,0.544,0.511,1.0,1.1,8.8,Yes,Yes,Low,0.0,No,Salle 24,186.0,0.3833333333333333,1.0,1.7891209518653572,0.5275000000000001,2.1
ENSPD002109,Male,25.0,Informatique,5,0.7293934681181958,17.0,0.5178173719376392,0.45799999999999996,0.649,0.0,1.4,5.5,No,No,Middle,0.0,Yes,Salle 13,109.0,0.4569444444444445,1.0,1.5962060922833936,0.5535,1.4
ENSPD002110,Other,24.0,Energetique,4,0.6671850699844478,21.0,0.3006681514476615,0.616,0.655,2.0,7.9,41.2,Yes,No,Low,1.0,Yes,Salle 2,70.0,0.4361111111111111,1.0,1.529816037303611,0.6355,9.9
ENSPD002111,Male,21.0,Mecanique,1,0.6687402799377916,21.0,0.5155902004454344,0.65,0.44799999999999995,2.0,0.6,12.1,Yes,No,Middle,1.0,Yes,Salle 4,186.0,0.3486111111111111,0.0,1.9182437856571841,0.5489999999999999,2.6
ENSPD002112,Male,24.0,GenieCivil,4,0.7884914463452567,14.0,0.7293986636971047,0.8520000000000001,0.59,2.0,3.1,18.3,Yes,No,High,0.0,Yes,Salle 19,173.0,0.7152777777777779,1.0,1.1023415621540529,0.7210000000000001,5.1
ENSPD002113,Male,23.0,Mecanique,4,0.822706065318818,11.0,0.7527839643652561,0.61,0.349,4.0,1.2,7.1,Yes,No,Middle,0.0,No,Salle 26,178.0,0.4013888888888889,1.0,2.0495972661911153,0.4795,5.2
ENSPD002114,Female,25.0,Energetique,1,0.6003110419906686,26.0,0.5311804008908686,0.6809999999999999,0.8940000000000001,0.0,0.8,12.8,Yes,No,Middle,0.0,No,Salle 10,83.0,0.6597222222222222,1.0,0.9099313657419961,0.7875000000000001,0.8
ENSPD002115,Female,22.0,Mecanique,2,0.5769828926905131,27.0,0.8273942093541203,0.52,0.28800000000000003,2.0,0.5,5.8,No,No,Low,0.0,Yes,Salle 1,231.0,0.3833333333333333,1.0,1.5051334991883163,0.404,2.5
ENSPD002116,Male,24.0,Chimie,3,0.6065318818040436,25.0,0.6057906458797326,0.42100000000000004,0.28600000000000003,2.0,2.0,16.9,Yes,Yes,Middle,1.0,Yes,Salle 4,130.0,0.2583333333333333,0.0,2.347774467326595,0.35350000000000004,4.0
ENSPD002117,Male,27.0,Telecom,2,0.458786936236392,35.0,0.38641425389755013,0.77,0.7270000000000001,2.0,0.8,18.0,Yes,No,Middle,2.0,No,Salle 16,161.0,0.5888888888888888,1.0,0.779058926570592,0.7485,2.8
ENSPD002118,Female,23.0,GenieCivil,4,0.4230171073094867,37.0,0.334075723830735,0.8440000000000001,0.39299999999999996,4.0,3.4,18.6,Yes,No,Middle,0.0,Yes,Salle 7,173.0,0.4,1.0,1.0575163303654576,0.6185,7.4
ENSPD002119,Male,22.0,Mecanique,2,0.7760497667185068,14.0,0.8140311804008908,0.747,0.54,2.0,6.9,33.2,Yes,No,Middle,2.0,Yes,Salle 21,231.0,0.5861111111111111,1.0,1.3240433623817909,0.6435,8.9
ENSPD002120,Female,23.0,Chimie,1,0.8958009331259719,7.0,0.5478841870824054,0.644,0.653,3.0,0.5,4.2,No,Yes,High,1.0,No,Salle 5,96.0,0.5402777777777777,1.0,1.6580070287920117,0.6485000000000001,3.5
ENSPD002121,Female,21.0,Telecom,5,0.8833592534992224,8.0,0.40757238307349664,0.445,0.775,0.0,0.3,10.3,Yes,No,Middle,3.0,No,Salle 13,60.0,0.4722222222222222,1.0,1.870603512276917,0.61,0.3
ENSPD002122,Male,27.0,Chimie,2,0.2752721617418351,47.0,0.23273942093541206,0.8250000000000001,0.596,1.0,0.8,9.0,No,No,Low,1.0,No,Salle 16,119.0,0.44444444444444453,1.0,0.6193484285794858,0.7105,1.8
ENSPD002123,Female,22.0,Mecanique,4,0.6749611197511663,21.0,0.544543429844098,0.7240000000000001,0.996,3.0,1.3,5.2,Yes,No,Low,1.0,Yes,Salle 6,178.0,0.7361111111111112,1.0,0.9169158574088045,0.8600000000000001,4.3
ENSPD002124,Male,21.0,Telecom,1,0.514774494556765,31.0,0.6781737193763919,0.616,0.64,4.0,0.7,4.9,No,Yes,Low,1.0,Yes,Salle 26,121.0,0.6819444444444445,1.0,0.7548517334997753,0.628,4.7
ENSPD002125,Other,20.0,Mecanique,2,0.7465007776049767,16.0,0.4933184855233853,0.41200000000000003,0.878,1.0,7.0,40.8,Yes,No,Middle,1.0,Yes,Salle 19,231.0,0.5333333333333333,1.0,1.3996627143334377,0.645,8.0
ENSPD002126,Female,24.0,Electrique,2,0.6423017107309487,23.0,0.4342984409799555,0.775,0.696,3.0,3.0,16.0,Yes,No,Low,1.0,Yes,Salle 18,185.0,0.5166666666666666,1.0,1.2431405406300822,0.7355,6.0
ENSPD002127,Female,24.0,Telecom,1,0.8304821150855365,11.0,0.5189309576837416,0.7190000000000001,1.0,0.0,6.8,27.8,Yes,No,Middle,1.0,No,Salle 29,121.0,0.7472222222222222,1.0,1.1114110050229555,0.8595,6.8
ENSPD002128,Male,21.0,Informatique,2,0.7169517884914464,18.0,0.8173719376391981,0.5579999999999999,0.8520000000000001,0.0,0.9,9.4,No,No,Low,1.0,Yes,Salle 11,298.0,0.7055555555555555,1.0,1.0161377392167699,0.7050000000000001,0.9
ENSPD002129,Male,23.0,Chimie,1,0.36547433903576987,41.0,0.3775055679287305,0.865,0.649,2.0,1.4,11.5,Yes,No,Middle,1.0,Yes,Salle 26,177.0,0.5708333333333333,1.0,0.640235801479279,0.757,3.4
ENSPD002130,Male,19.0,Electrique,3,0.5396578538102644,30.0,0.5033407572383074,0.6920000000000001,0.766,1.0,1.4,8.3,No,Yes,Low,0.0,Yes,Salle 23,188.0,0.5819444444444444,1.0,0.927319756661438,0.7290000000000001,2.4
ENSPD002131,Male,22.0,Telecom,3,0.7216174183514773,18.0,0.8129175946547884,0.451,0.588,2.0,1.5,13.2,Yes,No,Middle,0.0,Yes,Salle 25,154.0,0.5416666666666667,1.0,1.332192178024056,0.5195,3.5
ENSPD002132,Male,23.0,Informatique,1,0.7371695178849144,17.0,0.692650334075724,0.599,0.5860000000000001,2.0,2.7,17.2,No,No,High,0.0,Yes,Salle 9,248.0,0.5486111111111112,1.0,1.3436769073503934,0.5925,4.7
ENSPD002133,Male,25.0,GenieCivil,4,0.457231726283048,35.0,0.6113585746102449,0.449,0.379,1.0,4.3,22.3,Yes,Yes,Middle,0.0,No,Salle 19,173.0,0.38194444444444453,1.0,1.1970844506027276,0.41400000000000003,5.3
ENSPD002134,Male,20.0,Telecom,1,0.4339035769828927,36.0,0.5022271714922049,0.536,0.478,2.0,1.2,7.3,Yes,No,Middle,1.0,No,Salle 12,121.0,0.3680555555555556,0.0,1.1788758019694663,0.507,3.2
ENSPD002135,Female,19.0,Informatique,2,0.7309486780715396,17.0,0.6158129175946548,0.616,1.0,1.0,0.7,0.7,Yes,No,Middle,0.0,Yes,Salle 14,298.0,0.7930555555555554,1.0,0.9216749774985475,0.808,1.7
ENSPD002136,Female,20.0,Informatique,3,0.458786936236392,35.0,0.5200445434298441,0.798,0.399,2.0,0.8,15.9,Yes,No,Low,1.0,Yes,Salle 17,263.0,0.44027777777777777,1.0,1.0420160617493932,0.5985,2.8
ENSPD002137,Male,19.0,Energetique,2,0.40902021772939345,38.0,0.46659242761692654,0.66,0.509,3.0,2.4,22.0,No,No,Low,0.0,Yes,Salle 18,71.0,0.3930555555555556,1.0,1.040590333974412,0.5845,5.4
ENSPD002138,Female,25.0,Mecanique,3,0.6376360808709175,23.0,0.4298440979955457,0.485,0.621,1.0,1.7,11.9,No,No,High,1.0,No,Salle 24,212.0,0.44305555555555554,1.0,1.4391461328366901,0.5529999999999999,2.7
ENSPD002139,Male,25.0,Energetique,1,0.6283048211508552,24.0,0.7416481069042317,0.6890000000000001,0.628,2.0,1.3,13.5,No,No,Middle,1.0,No,Salle 21,83.0,0.5611111111111111,1.0,1.1197312108017277,0.6585000000000001,3.3
ENSPD002140,Female,23.0,Informatique,4,0.5567651632970451,28.0,0.6002227171492205,0.75,0.7170000000000001,1.0,0.5,6.9,Yes,No,Low,2.0,Yes,Salle 25,230.0,0.6736111111111112,1.0,0.826525704306807,0.7335,1.5
ENSPD002141,Female,24.0,Mecanique,3,0.7231726283048211,26.0,0.6625835189309577,0.265,0.546,5.0,4.2,18.7,No,No,Middle,4.0,Yes,Salle 3,212.0,0.35416666666666674,0.0,2.0418415338055986,0.4055,9.2
ENSPD002142,Male,22.0,Chimie,1,0.7231726283048211,18.0,0.6358574610244989,0.6409999999999999,0.7290000000000001,1.0,3.0,17.3,Yes,No,Middle,5.0,No,Salle 17,96.0,0.6069444444444445,1.0,1.1914776058139802,0.685,4.0
ENSPD002143,Female,22.0,Electrique,2,0.5863141524105754,27.0,0.6837416481069042,0.5860000000000001,0.868,2.0,0.3,6.8,Yes,No,High,0.0,Yes,Salle 15,185.0,0.6277777777777779,1.0,0.9339368703321855,0.7270000000000001,2.3
ENSPD002144,Male,21.0,Electrique,4,0.7325038880248832,17.0,0.5679287305122495,0.616,0.893,0.0,1.4,14.6,Yes,No,Middle,2.0,Yes,Salle 27,157.0,0.7319444444444445,1.0,1.0007506527006005,0.7545,1.4
ENSPD002145,Male,21.0,GenieCivil,3,0.6485225505443236,23.0,0.5300668151447662,0.6890000000000001,0.5860000000000001,1.0,1.6,11.8,Yes,No,Low,0.0,Yes,Salle 14,185.0,0.5097222222222222,1.0,1.2722808609528997,0.6375000000000001,2.6
ENSPD002146,Female,19.0,Telecom,1,0.7511664074650078,16.0,0.47438752783964366,0.7070000000000001,0.762,2.0,1.2,16.6,No,No,Middle,1.0,Yes,Salle 3,121.0,0.5777777777777777,1.0,1.3000732039609069,0.7345,3.2
ENSPD002147,Male,23.0,Mecanique,2,0.8833592534992224,8.0,0.3741648106904231,0.533,0.41100000000000003,1.0,1.0,8.4,No,No,Low,1.0,Yes,Salle 4,231.0,0.25,0.0,3.533295682169603,0.47200000000000003,2.0
ENSPD002148,Male,22.0,GenieCivil,2,0.8771384136858474,8.0,0.423162583518931,0.62,0.49600000000000005,2.0,2.5,12.7,Yes,Yes,Middle,3.0,Yes,Salle 15,177.0,0.3944444444444445,1.0,2.2236748147716328,0.558,4.5
ENSPD002149,Male,23.0,Informatique,3,0.9611197511664075,2.0,0.5489977728285078,0.616,0.635,3.0,0.1,11.4,Yes,No,Low,3.0,Yes,Salle 22,263.0,0.45000000000000007,1.0,2.135774207609625,0.6255,3.1
ENSPD002150,Female,22.0,Electrique,4,0.7231726283048211,8.0,0.3429844097995546,0.608,0.631,4.0,1.3,15.8,Yes,Yes,Middle,0.0,Yes,Salle 17,157.0,0.41388888888888886,1.0,1.747220511381843,0.6194999999999999,5.3
ENSPD002151,Male,22.0,Mecanique,2,0.7651632970451011,15.0,0.3797327394209354,0.6509999999999999,0.46799999999999997,2.0,0.6,7.7,Yes,No,Middle,2.0,No,Salle 13,231.0,0.39583333333333337,1.0,1.9329952852856795,0.5594999999999999,2.6
ENSPD002152,Male,20.0,Mecanique,2,0.6391912908242613,23.0,0.7839643652561247,0.344,0.336,2.0,0.2,7.2,Yes,No,Middle,1.0,Yes,Salle 16,231.0,0.37083333333333335,0.0,1.7236154283235363,0.33999999999999997,2.2
ENSPD002153,Female,22.0,GenieCivil,4,0.7231726283048211,23.0,0.6481069042316259,0.616,0.563,1.0,1.3,11.3,No,Yes,Middle,2.0,No,Salle 17,173.0,0.5083333333333333,1.0,1.4226066929270005,0.5894999999999999,2.3
ENSPD002154,Female,23.0,Informatique,3,0.7231726283048211,28.0,0.534521158129176,0.258,0.294,1.0,0.4,11.5,No,No,Middle,1.0,Yes,Salle 27,263.0,0.15000000000000002,0.0,4.820829466734358,0.276,1.4
ENSPD002155,Male,20.0,Informatique,3,0.7216174183514773,18.0,0.9899777282850779,0.527,0.905,3.0,0.6,5.9,Yes,No,High,1.0,No,Salle 17,263.0,0.8916666666666666,1.0,0.8092814865831157,0.716,3.6
ENSPD002156,Male,22.0,Electrique,2,0.8506998444790047,10.0,0.3351893095768374,0.631,0.528,1.0,1.4,11.5,No,No,Middle,1.0,No,Salle 6,185.0,0.4180555555555555,1.0,2.0348479638523047,0.5795,2.4
ENSPD002157,Male,22.0,GenieCivil,3,0.5847589424572316,27.0,0.7728285077951002,0.758,0.8370000000000001,1.0,7.3,32.6,No,No,Low,1.0,Yes,Salle 5,185.0,0.8527777777777776,1.0,0.6857027711877106,0.7975000000000001,8.3
ENSPD002158,Male,21.0,Telecom,3,0.7138413685847588,18.0,0.5913140311804008,0.44,0.542,0.0,2.3,16.4,Yes,No,Middle,0.0,Yes,Salle 28,154.0,0.41527777777777775,1.0,1.7189077232288263,0.491,2.3
ENSPD002159,Male,21.0,Electrique,2,0.5940902021772939,26.0,0.7416481069042317,0.687,0.401,0.0,0.7,11.5,Yes,No,Low,2.0,Yes,Salle 24,185.0,0.44166666666666665,1.0,1.3450794370934105,0.544,0.7
ENSPD002160,Female,22.0,Informatique,5,0.7589424572317262,16.0,0.6280623608017817,0.616,0.875,2.0,1.4,0.0,Yes,No,Low,1.0,Yes,Salle 8,109.0,0.8666666666666665,1.0,0.8756927311204791,0.7455,3.4
ENSPD002161,Female,20.0,Electrique,4,0.6174183514774495,25.0,0.2973273942093541,0.505,0.658,0.0,1.0,9.5,No,No,High,1.0,No,Salle 24,157.0,0.4472222222222222,1.0,1.3805319044535764,0.5815,1.0
ENSPD002162,Female,23.0,Informatique,4,0.5816485225505442,27.0,0.6258351893095769,0.342,1.0,1.0,0.3,5.1,No,Yes,Low,2.0,No,Salle 4,230.0,0.7055555555555555,1.0,0.8243720487355138,0.671,1.3
ENSPD002163,Male,20.0,Chimie,3,0.5925349922239501,26.0,0.6659242761692651,0.672,0.547,3.0,0.4,11.5,No,No,Low,1.0,Yes,Salle 20,130.0,0.5680555555555554,1.0,1.0430750226432304,0.6095,3.4
ENSPD002164,Female,24.0,Energetique,2,0.8133748055987559,12.0,0.24387527839643658,0.405,0.551,2.0,0.3,2.0,No,Yes,Middle,0.0,No,Salle 3,71.0,0.25416666666666665,0.0,3.2000372664633097,0.47800000000000004,2.3
ENSPD002165,Male,27.0,GenieCivil,1,0.7013996889580093,19.0,0.9354120267260579,0.473,0.841,0.0,1.5,18.2,No,No,Low,1.0,No,Salle 6,149.0,0.6402777777777777,1.0,1.095444444359582,0.657,1.5
ENSPD002166,Female,20.0,Electrique,2,0.6407465007776051,23.0,0.6625835189309577,0.7859999999999999,0.8420000000000001,2.0,2.2,9.3,No,No,Low,1.0,No,Salle 26,185.0,0.7097222222222221,1.0,0.9028003530280507,0.8140000000000001,4.2
ENSPD002167,Female,23.0,Mecanique,4,0.7682737169517885,15.0,0.7227171492204899,0.958,0.6709999999999999,3.0,1.8,11.4,No,No,Middle,2.0,No,Salle 24,178.0,0.7388888888888889,1.0,1.0397548683651043,0.8145,4.8
ENSPD002168,Male,21.0,GenieCivil,2,0.6423017107309487,23.0,0.41536748329621387,0.44,1.0,1.0,7.6,33.3,Yes,No,Middle,0.0,Yes,Salle 27,177.0,0.5416666666666667,1.0,1.185765882594688,0.72,8.6
ENSPD002169,Female,24.0,Telecom,4,0.9300155520995333,4.0,0.7260579064587974,0.48700000000000004,0.584,1.0,0.3,2.0,Yes,No,Low,1.0,Yes,Salle 23,121.0,0.4555555555555555,1.0,2.041452741011978,0.5355,1.3
ENSPD002170,Male,19.0,Informatique,1,0.5381026438569206,30.0,0.7917594654788419,0.541,0.386,3.0,8.6,11.5,No,Yes,Low,1.0,Yes,Salle 21,248.0,0.3944444444444445,1.0,1.3641693012606118,0.4635,11.6
ENSPD002171,Female,23.0,Mecanique,3,0.6858475894245722,20.0,0.6525612472160356,0.521,0.439,0.0,1.3,12.0,No,Yes,Middle,1.0,Yes,Salle 20,212.0,0.41388888888888886,1.0,1.657041388213748,0.48,1.3
ENSPD002172,Male,20.0,GenieCivil,3,0.457231726283048,35.0,0.6091314031180401,0.968,0.585,1.0,0.5,5.0,No,No,Low,0.0,Yes,Salle 3,185.0,0.6111111111111112,1.0,0.7481851272519962,0.7765,1.5
ENSPD002173,Male,22.0,Chimie,3,0.6547433903576981,22.0,0.4610244988864143,0.524,0.9440000000000001,0.0,5.7,24.1,No,No,Middle,1.0,Yes,Salle 19,130.0,0.6097222222222222,1.0,1.0738212062525232,0.734,5.7
ENSPD002174,Female,20.0,Mecanique,4,0.405909797822706,38.0,0.5746102449888641,0.55,0.603,2.0,1.3,12.3,Yes,No,Low,1.0,Yes,Salle 8,178.0,0.513888888888889,1.0,0.7898631551827864,0.5765,3.3
ENSPD002175,Male,24.0,Telecom,5,0.8600311041990668,9.0,0.5244988864142539,0.9109999999999999,0.635,1.0,0.9,10.3,Yes,No,Middle,3.0,Yes,Salle 4,60.0,0.8152777777777778,1.0,1.0548804086616452,0.7729999999999999,1.9
ENSPD002176,Female,20.0,Informatique,1,0.8631415241057544,9.0,0.7060133630289532,0.7240000000000001,0.7270000000000001,1.0,0.5,6.4,Yes,Yes,Middle,0.0,No,Salle 30,248.0,0.7291666666666667,1.0,1.1837207134609642,0.7255,1.5
ENSPD002177,Male,23.0,Mecanique,1,0.8662519440124418,9.0,0.4688195991091314,0.797,0.8570000000000001,0.0,0.6,13.1,Yes,Yes,Low,1.0,No,Salle 1,186.0,0.6444444444444444,1.0,1.3441631933490648,0.8270000000000001,0.6
ENSPD002178,Female,21.0,Electrique,1,0.7247278382581649,18.0,0.7048997772828508,0.457,0.7170000000000001,0.0,1.4,42.1,Yes,Yes,High,0.0,Yes,Salle 21,143.0,0.5194444444444445,1.0,1.3951711184861648,0.5870000000000001,1.4
ENSPD002179,Female,22.0,Mecanique,3,0.5552099533437015,29.0,0.46993318485523383,0.525,0.716,0.0,0.7,5.8,No,No,Middle,0.0,Yes,Salle 18,212.0,0.46805555555555556,1.0,1.1861798988492385,0.6205,0.7
ENSPD002180,Male,22.0,Electrique,2,0.5707620528771385,28.0,0.566815144766147,0.433,0.7909999999999999,1.0,7.6,43.8,No,Yes,Middle,0.0,No,Salle 10,185.0,0.4541666666666666,1.0,1.2566961157783063,0.612,8.6
ENSPD002181,Male,20.0,Informatique,4,0.9999999999999999,0.0,0.7126948775055679,0.7640000000000001,0.527,2.0,0.8,7.1,Yes,No,Middle,0.0,Yes,Salle 30,230.0,0.5569444444444444,1.0,1.7954789839184935,0.6455000000000001,2.8
ENSPD002182,Male,22.0,Informatique,2,0.7231726283048211,1.0,0.4922048997772829,0.841,0.529,1.0,0.5,6.0,Yes,No,Middle,1.0,Yes,Salle 29,298.0,0.5638888888888889,1.0,1.2824508835790873,0.685,1.5
ENSPD002183,Male,25.0,Informatique,3,0.7433903576982893,16.0,0.7193763919821826,0.512,0.71,1.0,0.4,9.5,No,No,Middle,0.0,Yes,Salle 3,263.0,0.6208333333333333,1.0,1.1973880007811246,0.611,1.4
ENSPD002184,Male,20.0,Telecom,4,0.6236391912908242,24.0,0.7026726057906458,0.554,1.0,1.0,1.1,10.8,Yes,Yes,Low,1.0,No,Salle 12,121.0,0.6902777777777778,1.0,0.9034481144928956,0.777,2.1
ENSPD002185,Female,24.0,Electrique,3,0.975116640746501,2.0,0.5645879732739421,0.562,0.332,1.0,1.4,7.1,Yes,No,Low,2.0,Yes,Salle 12,188.0,0.3486111111111111,0.0,2.797067101411755,0.44700000000000006,2.4
ENSPD002186,Female,25.0,Chimie,3,0.5909797822706065,26.0,0.8040089086859689,0.341,0.23399999999999999,0.0,2.4,6.9,Yes,No,Middle,1.0,Yes,Salle 29,130.0,0.26250000000000007,0.0,2.2512657890008243,0.2875,2.4
ENSPD002187,Female,20.0,Mecanique,1,0.7620528771384137,15.0,0.623608017817372,0.499,0.5870000000000001,0.0,0.5,0.6,Yes,Yes,Low,1.0,Yes,Salle 5,186.0,0.4902777777777778,1.0,1.5542971121825784,0.543,0.5
ENSPD002188,Female,19.0,Electrique,2,0.9720062208398134,2.0,0.7939866369710468,0.7590000000000001,0.846,0.0,3.6,14.3,Yes,No,High,2.0,No,Salle 20,185.0,0.7902777777777776,1.0,1.2299395842524765,0.8025,3.6
ENSPD002189,Female,23.0,GenieCivil,3,0.5645412130637636,28.0,0.9097995545657016,0.462,0.65,0.0,3.6,19.4,No,No,High,1.0,No,Salle 12,185.0,0.5708333333333333,1.0,0.9889599827105457,0.556,3.6
ENSPD002190,Female,21.0,Energetique,2,0.8755832037325039,8.0,0.5701559020044543,0.637,0.406,2.0,0.7,5.7,No,No,Low,2.0,Yes,Salle 13,71.0,0.4361111111111111,1.0,2.0076606736641796,0.5215000000000001,2.7
ENSPD002191,Male,26.0,Chimie,4,0.8164852255054432,12.0,0.7182628062360802,0.385,0.6559999999999999,1.0,2.8,14.7,Yes,No,Middle,1.0,Yes,Salle 3,93.0,0.4208333333333333,1.0,1.9401168103065511,0.5205,3.8
ENSPD002192,Female,22.0,Chimie,4,0.7122861586314152,18.0,0.5033407572383074,0.594,0.29300000000000004,0.0,3.9,19.4,Yes,No,Middle,1.0,Yes,Salle 18,93.0,0.35416666666666674,0.0,2.011104134371966,0.4435,3.9
ENSPD002193,Female,20.0,Informatique,4,0.5349922239502333,30.0,0.4376391982182628,0.519,0.766,1.0,1.8,16.1,Yes,No,Middle,0.0,Yes,Salle 26,230.0,0.4930555555555556,1.0,1.0850326450961219,0.6425000000000001,2.8
ENSPD002194,Male,20.0,GenieCivil,2,0.5847589424572316,27.0,0.6113585746102449,0.616,0.578,2.0,0.9,11.7,Yes,No,Middle,0.0,Yes,Salle 8,177.0,0.3555555555555555,0.0,1.6445882716158249,0.597,2.9
ENSPD002195,Male,24.0,GenieCivil,4,0.7744945567651632,14.0,0.3830734966592428,0.762,0.624,4.0,1.2,11.5,Yes,Yes,Middle,2.0,Yes,Salle 7,173.0,0.49444444444444435,1.0,1.5663618063649207,0.6930000000000001,5.2
ENSPD002196,Male,21.0,Telecom,2,0.45412130637636083,35.0,0.45322939866369716,0.772,0.725,1.0,3.1,16.2,Yes,No,Middle,0.0,Yes,Salle 25,161.0,0.6124999999999999,1.0,0.7414104363624445,0.7484999999999999,4.1
ENSPD002197,Male,22.0,Mecanique,2,0.7449455676516329,16.0,0.7093541202672606,0.445,0.6809999999999999,0.0,0.7,4.3,Yes,No,Middle,1.0,Yes,Salle 29,231.0,0.42361111111111116,1.0,1.7585185159864278,0.563,0.7
ENSPD002198,Female,24.0,Mecanique,2,0.8211508553654744,12.0,0.5244988864142539,0.5810000000000001,0.532,0.0,1.4,6.9,Yes,Yes,Middle,0.0,Yes,Salle 15,231.0,0.4458333333333333,1.0,1.841792383046678,0.5565,1.4
ENSPD002199,Male,21.0,GenieCivil,1,0.9035769828926904,6.0,0.7293986636971047,0.628,0.8470000000000001,1.0,0.4,11.8,No,Yes,Low,1.0,Yes,Salle 17,149.0,0.734722222222222,1.0,1.2298044859932669,0.7375,1.4
ENSPD002200,Male,22.0,Mecanique,2,0.458786936236392,35.0,0.6603563474387528,0.29300000000000004,0.799,1.0,1.0,12.7,Yes,No,Low,1.0,Yes,Salle 1,231.0,0.5638888888888889,1.0,0.8135978723781309,0.546,2.0
ENSPD002201,Female,22.0,Informatique,2,0.9657853810264384,2.0,0.9198218262806237,0.369,0.28500000000000003,0.0,0.2,7.3,Yes,No,Middle,1.0,Yes,Salle 16,298.0,0.3111111111111111,0.0,3.1042103751086376,0.327,0.2
ENSPD002202,Male,23.0,Telecom,5,0.9999999999999999,0.0,0.6982182628062361,0.8520000000000001,0.594,0.0,0.8,3.9,Yes,No,Low,3.0,No,Salle 14,60.0,0.6694444444444445,1.0,1.4937536202778712,0.7230000000000001,0.8
ENSPD002203,Male,23.0,Electrique,2,0.7962674961119752,13.0,0.7962138084632517,0.428,0.424,0.0,0.9,8.4,No,No,High,3.0,Yes,Salle 10,185.0,0.4111111111111111,1.0,1.9368197706022765,0.426,0.9
ENSPD002204,Male,22.0,Telecom,4,0.525660964230171,30.0,0.6770601336302895,0.846,0.386,2.0,0.6,5.9,Yes,No,Middle,1.0,No,Salle 20,121.0,0.6083333333333333,1.0,0.8640860110192781,0.616,2.6
ENSPD002205,Female,22.0,Telecom,2,0.6594090202177293,22.0,0.6625835189309577,0.378,0.747,1.0,0.2,5.2,Yes,No,Middle,1.0,Yes,Salle 4,161.0,0.5513888888888888,1.0,1.1958838392773863,0.5625,1.2
ENSPD002206,Female,21.0,Mecanique,1,0.7107309486780716,19.0,0.8051224944320713,0.7390000000000001,0.556,2.0,1.5,11.5,No,No,Middle,0.0,Yes,Salle 24,186.0,0.6708333333333333,1.0,1.0594589129276162,0.6475000000000001,3.5
ENSPD002207,Male,19.0,GenieCivil,3,0.7698289269051323,15.0,0.7216035634743876,0.564,0.611,2.0,4.0,25.3,Yes,No,Middle,0.0,No,Salle 4,185.0,0.5833333333333334,1.0,1.3196841086812208,0.5874999999999999,6.0
ENSPD002208,Female,23.0,Informatique,3,0.7247278382581649,18.0,0.645879732739421,0.589,0.506,1.0,0.8,18.0,Yes,No,Low,1.0,No,Salle 22,263.0,0.40694444444444444,1.0,1.780857410827716,0.5475,1.8
ENSPD002209,Male,26.0,Telecom,1,0.7729393468118196,15.0,0.6447661469933185,0.9540000000000001,0.7140000000000001,1.0,0.5,11.5,No,Yes,Middle,1.0,Yes,Salle 21,121.0,0.7611111111111111,1.0,1.0155274049401362,0.8340000000000001,1.5
ENSPD002210,Female,20.0,GenieCivil,2,0.7029548989113531,19.0,0.700445434298441,0.394,0.7759999999999999,0.0,1.4,11.5,Yes,No,High,1.0,Yes,Salle 26,177.0,0.6027777777777776,1.0,1.166173112372731,0.585,1.4
ENSPD002211,Female,20.0,Mecanique,2,0.7698289269051323,15.0,0.49777282850779514,0.7270000000000001,1.0,1.0,4.0,20.5,Yes,No,Low,1.0,Yes,Salle 6,231.0,0.8291666666666666,1.0,0.9284256996761434,0.8635,5.0
ENSPD002212,Female,20.0,Mecanique,2,0.6345256609642301,24.0,0.49109131403118034,0.72,0.635,4.0,1.5,8.1,Yes,No,Middle,1.0,Yes,Salle 15,231.0,0.5097222222222222,1.0,1.2448215617956426,0.6775,5.5
ENSPD002213,Male,23.0,GenieCivil,4,0.7231726283048211,22.0,0.8485523385300668,1.0,0.35000000000000003,4.0,0.3,14.9,No,No,Middle,0.0,Yes,Salle 5,173.0,0.5291666666666666,1.0,1.3665996138116847,0.675,4.3
ENSPD002214,Female,23.0,Mecanique,3,0.6127527216174183,25.0,0.9220489977728286,0.42600000000000005,0.539,0.0,2.5,22.0,No,No,Middle,0.0,Yes,Salle 24,212.0,0.49583333333333335,1.0,1.235778885032406,0.48250000000000004,2.5
ENSPD002215,Female,22.0,Mecanique,1,0.9999999999999999,0.0,0.455456570155902,0.507,0.809,3.0,0.3,5.1,No,No,Middle,0.0,Yes,Salle 15,186.0,0.5444444444444444,1.0,1.8367009585538225,0.658,3.3
ENSPD002216,Male,20.0,Chimie,4,0.9937791601866252,0.0,0.49888641425389757,0.767,0.485,0.0,0.1,2.5,Yes,No,Middle,0.0,Yes,Salle 29,93.0,0.49722222222222223,1.0,1.998621802394952,0.626,0.1
ENSPD002217,Female,22.0,Telecom,2,0.8242612752721618,11.0,0.8006681514476615,0.584,0.344,1.0,0.6,0.4,No,No,Low,0.0,Yes,Salle 19,161.0,0.5583333333333333,1.0,1.4762624107129336,0.46399999999999997,1.6
ENSPD002218,Male,19.0,Mecanique,4,0.9673405909797824,2.0,0.6993318485523385,0.537,0.49,2.0,0.4,11.6,Yes,No,Middle,1.0,Yes,Salle 20,178.0,0.475,1.0,2.0364636344072387,0.5135000000000001,2.4
ENSPD002219,Female,22.0,GenieCivil,4,0.8693623639191289,8.0,0.7227171492204899,0.792,0.533,3.0,1.9,4.4,Yes,Yes,Middle,0.0,Yes,Salle 19,173.0,0.5875,1.0,1.479740538746794,0.6625000000000001,4.9
ENSPD002220,Male,24.0,Telecom,5,0.7231726283048211,16.0,0.7594654788418709,0.5720000000000001,0.423,1.0,1.3,9.6,Yes,No,Middle,0.0,Yes,Salle 3,60.0,0.4375,1.0,1.6529282263372747,0.49750000000000005,2.3
ENSPD002221,Female,19.0,Informatique,3,0.7231726283048211,36.0,0.5701559020044543,0.459,0.6829999999999999,1.0,2.6,11.8,No,No,High,1.0,Yes,Salle 2,263.0,0.46805555555555556,1.0,1.5450242379969068,0.571,3.6
ENSPD002222,Male,19.0,Telecom,3,0.671850699844479,21.0,0.6648106904231627,0.751,0.624,3.0,1.4,16.2,Yes,No,Middle,3.0,Yes,Salle 28,154.0,0.5736111111111111,1.0,1.1712447237918007,0.6875,4.4
ENSPD002223,Male,25.0,Informatique,2,0.6578538102643857,22.0,0.6525612472160356,0.688,0.798,1.0,1.1,16.8,No,No,Middle,2.0,Yes,Salle 22,298.0,0.6041666666666667,1.0,1.0888434568217669,0.743,2.1
ENSPD002224,Male,21.0,Electrique,3,0.5085536547433903,32.0,0.46659242761692654,0.564,0.551,1.0,1.5,4.2,Yes,No,High,0.0,No,Salle 30,188.0,0.4,1.0,1.2713523530496496,0.5575,2.5
ENSPD002225,Male,24.0,Electrique,2,0.44323483670295494,36.0,0.6625835189309577,0.555,0.752,1.0,1.1,9.7,Yes,No,Middle,0.0,Yes,Salle 1,185.0,0.5944444444444444,1.0,0.7456161541818165,0.6535,2.1
ENSPD002226,Male,22.0,Electrique,2,0.8118195956454123,12.0,0.8173719376391981,0.455,0.542,1.0,0.1,6.5,No,No,Middle,1.0,No,Salle 3,185.0,0.45000000000000007,1.0,1.8040034569129846,0.49850000000000005,1.1
ENSPD002227,Male,22.0,Telecom,4,0.7807153965785382,14.0,0.5545657015590201,0.751,0.414,0.0,2.3,13.0,Yes,No,Middle,1.0,Yes,Salle 19,121.0,0.4527777777777777,1.0,1.7242413220829096,0.5825,2.3
ENSPD002228,Female,23.0,Informatique,1,0.5023328149300156,32.0,0.6358574610244989,0.616,0.531,0.0,6.5,28.4,No,No,Low,1.0,Yes,Salle 1,248.0,0.5055555555555555,1.0,0.9936056944742062,0.5735,6.5
ENSPD002229,Male,20.0,Mecanique,4,0.5800933125972006,27.0,0.6447661469933185,0.48100000000000004,0.316,2.0,1.1,15.7,No,No,Middle,1.0,No,Salle 16,178.0,0.2333333333333334,0.0,2.486007653659988,0.3985,3.1
ENSPD002230,Male,22.0,GenieCivil,4,0.9362363919129083,4.0,0.5623608017817372,0.389,0.998,1.0,1.1,7.3,Yes,No,High,0.0,Yes,Salle 1,173.0,0.623611111111111,1.0,1.5012904073192905,0.6935,2.1
ENSPD002231,Female,21.0,Telecom,3,0.5567651632970451,28.0,0.7238307349665924,0.691,0.668,0.0,0.1,13.3,Yes,Yes,Middle,1.0,Yes,Salle 26,154.0,0.6430555555555555,1.0,0.8657984531857659,0.6795,0.1
ENSPD002232,Male,19.0,Informatique,3,0.7231726283048211,16.0,0.4966592427616926,0.528,0.48100000000000004,1.0,4.4,11.5,No,No,Middle,1.0,Yes,Salle 11,263.0,0.3652777777777778,0.0,1.9797339859116827,0.5045000000000001,5.4
ENSPD002233,Female,23.0,Chimie,2,0.6842923794712287,20.0,0.8329621380846325,0.258,0.564,0.0,5.3,29.3,No,No,Low,1.0,Yes,Salle 27,119.0,0.4291666666666667,1.0,1.5944305285420035,0.411,5.3
ENSPD002234,Female,21.0,Mecanique,5,0.8149300155520994,12.0,0.7149220489977729,0.40299999999999997,0.15,1.0,3.4,21.9,No,No,Middle,3.0,Yes,Salle 26,67.0,0.2513888888888889,0.0,3.2415816122094125,0.27649999999999997,4.4
ENSPD002235,Female,22.0,Informatique,1,0.5598755832037324,28.0,0.45322939866369716,0.578,0.927,0.0,0.2,3.1,No,No,Middle,1.0,Yes,Salle 22,248.0,0.5388888888888889,1.0,1.0389251021802879,0.7525,0.2
ENSPD002236,Female,20.0,Chimie,3,0.7371695178849144,17.0,0.8942093541202674,0.583,0.907,0.0,4.6,16.3,Yes,No,Middle,1.0,Yes,Salle 14,130.0,0.7222222222222223,1.0,1.020682123011255,0.745,4.6
ENSPD002237,Female,25.0,Informatique,3,0.7511664074650078,16.0,0.6380846325167038,0.5760000000000001,0.662,1.0,0.0,1.6,Yes,No,Middle,1.0,No,Salle 25,263.0,0.5680555555555554,1.0,1.3223234539020483,0.619,1.0
ENSPD002238,Male,24.0,GenieCivil,5,0.7636080870917573,15.0,0.489977728285078,0.616,0.7040000000000001,0.0,1.4,5.1,Yes,No,Middle,1.0,No,Salle 19,70.0,0.5291666666666666,1.0,1.4430116352291122,0.66,1.4
ENSPD002239,Male,24.0,Informatique,4,0.7340590979782272,17.0,0.7951002227171492,0.354,0.386,1.0,1.4,13.9,Yes,No,High,0.0,Yes,Salle 9,230.0,0.33611111111111114,0.0,2.1839125056788538,0.37,2.4
ENSPD002240,Male,21.0,Mecanique,3,0.7838258164852253,14.0,0.692650334075724,0.46299999999999997,0.401,3.0,3.6,17.9,Yes,No,Middle,2.0,Yes,Salle 15,212.0,0.45138888888888895,1.0,1.7364371862203734,0.432,6.6
ENSPD002241,Female,19.0,Electrique,1,0.9999999999999999,0.0,0.3140311804008909,0.833,0.30100000000000005,1.0,2.8,21.7,No,No,Low,4.0,Yes,Salle 30,143.0,0.3569444444444444,0.0,2.801477935248507,0.567,3.8
ENSPD002242,Male,26.0,Electrique,2,0.9999999999999999,0.0,0.522271714922049,0.807,0.608,1.0,1.4,20.1,Yes,No,Low,0.0,Yes,Salle 13,185.0,0.5541666666666667,1.0,1.8044787161735425,0.7075,2.4
ENSPD002243,Female,22.0,GenieCivil,1,0.6003110419906686,26.0,0.6570155902004455,0.7240000000000001,0.8520000000000001,2.0,4.0,20.2,Yes,Yes,Low,2.0,Yes,Salle 23,149.0,0.7305555555555554,1.0,0.8217072888608398,0.788,6.0
ENSPD002244,Other,21.0,GenieCivil,4,0.2877138413685848,46.0,0.24944320712694878,0.708,0.563,1.0,1.3,10.5,No,No,Middle,0.0,Yes,Salle 11,173.0,0.37083333333333335,0.0,0.7758366283208132,0.6355,2.3
ENSPD002245,Female,23.0,Mecanique,4,0.8304821150855365,11.0,0.6247216035634744,0.783,0.71,3.0,3.0,11.7,Yes,No,Middle,1.0,Yes,Salle 29,178.0,0.6208333333333333,1.0,1.3376677665630134,0.7464999999999999,6.0
ENSPD002246,Male,24.0,GenieCivil,4,0.7542768273716952,16.0,0.6369710467706015,0.418,0.836,3.0,0.1,4.6,Yes,No,Middle,1.0,Yes,Salle 26,173.0,0.5055555555555555,1.0,1.491946631021641,0.627,3.1
ENSPD002247,Male,22.0,Energetique,3,0.9175738724727839,5.0,0.41202672605790647,0.626,0.315,4.0,1.2,10.4,Yes,No,Middle,2.0,No,Salle 17,104.0,0.2930555555555555,0.0,3.130950925752318,0.47050000000000003,5.2
ENSPD002248,Female,25.0,Telecom,3,0.7729393468118196,15.0,0.655902004454343,0.418,1.0,1.0,0.1,3.9,No,No,Middle,2.0,Yes,Salle 5,154.0,0.6305555555555554,1.0,1.2257874538212397,0.709,1.1
ENSPD002249,Female,24.0,Informatique,1,0.7309486780715396,17.0,0.6113585746102449,0.42100000000000004,0.871,1.0,4.9,22.3,No,No,Middle,1.0,No,Salle 26,248.0,0.5916666666666666,1.0,1.2353853367067709,0.646,5.9
ENSPD002250,Male,20.0,Informatique,2,0.9300155520995333,4.0,0.41091314031180404,0.6859999999999999,0.635,2.0,6.4,34.6,Yes,No,Middle,2.0,Yes,Salle 28,298.0,0.5916666666666666,1.0,1.5718307050013807,0.6605,8.4
ENSPD002251,Male,21.0,Energetique,1,0.9564541213063763,3.0,0.6113585746102449,0.79,0.8250000000000001,1.0,0.2,2.0,Yes,No,Middle,1.0,No,Salle 14,83.0,0.7027777777777777,1.0,1.3609430208514643,0.8075000000000001,1.2
ENSPD002252,Female,24.0,GenieCivil,4,0.46189735614307936,35.0,0.7505567928730512,0.585,0.8340000000000001,1.0,1.5,13.3,Yes,Yes,Middle,1.0,No,Salle 2,173.0,0.6444444444444444,1.0,0.7167261551609915,0.7095,2.5
ENSPD002253,Female,17.0,GenieCivil,1,0.567651632970451,28.0,0.5623608017817372,0.917,0.6990000000000001,3.0,0.8,12.6,Yes,No,Low,2.0,Yes,Salle 2,149.0,0.7486111111111111,1.0,0.7582629243889965,0.808,3.8
ENSPD002254,Female,22.0,Chimie,3,0.6998444790046657,19.0,0.576837416481069,0.658,0.9259999999999999,0.0,0.8,10.2,Yes,No,Middle,1.0,Yes,Salle 13,130.0,0.7,1.0,0.9997635448131681,0.792,0.8
ENSPD002255,Female,19.0,Mecanique,3,0.7387247278382582,17.0,0.7316258351893097,0.48,0.635,1.0,1.2,5.0,Yes,No,High,1.0,Yes,Salle 21,212.0,0.461111111111111,1.0,1.6020188840589782,0.5575,2.2
ENSPD002256,Male,21.0,GenieCivil,2,0.6780715396578537,21.0,0.576837416481069,0.424,0.7320000000000001,2.0,0.3,6.7,Yes,No,Middle,1.0,No,Salle 10,177.0,0.5013888888888889,1.0,1.3523594780205346,0.5780000000000001,2.3
ENSPD002257,Male,21.0,Energetique,1,0.8009331259720062,13.0,0.2873051224944321,0.8029999999999999,0.904,1.0,0.4,10.2,Yes,No,Middle,1.0,Yes,Salle 21,83.0,0.6791666666666665,1.0,1.1792706747463937,0.8534999999999999,1.4
ENSPD002258,Male,21.0,Electrique,2,0.906687402799378,6.0,0.6915367483296213,0.643,0.102,1.0,1.7,10.6,Yes,No,High,3.0,Yes,Salle 26,185.0,0.30972222222222223,0.0,2.9273266962481577,0.3725,2.7
ENSPD002259,Male,21.0,Informatique,2,0.9999999999999999,0.0,0.47438752783964366,0.742,0.635,0.0,0.0,1.6,Yes,Yes,Middle,0.0,Yes,Salle 23,298.0,0.5472222222222223,1.0,1.827377773807179,0.6885,0.0
ENSPD002260,Male,20.0,Informatique,3,0.8273716951788491,11.0,0.5456570155902005,0.142,0.635,1.0,1.8,8.6,Yes,No,Middle,0.0,Yes,Salle 6,263.0,0.38888888888888895,1.0,2.1274725097382183,0.3885,2.8
ENSPD002261,Female,27.0,Informatique,1,0.5614307931570762,28.0,0.8541202672605791,0.664,0.298,2.0,0.8,9.5,Yes,No,Middle,0.0,Yes,Salle 3,248.0,0.4208333333333333,1.0,1.334061273372695,0.481,2.8
ENSPD002262,Female,26.0,Chimie,4,0.6920684292379472,20.0,0.5879732739420935,0.528,0.696,0.0,3.6,18.1,No,No,Middle,1.0,Yes,Salle 12,93.0,0.5361111111111111,1.0,1.2908807634969557,0.612,3.6
ENSPD002263,Female,20.0,Mecanique,4,0.7060653188180402,19.0,0.6102449888641426,0.369,0.48100000000000004,0.0,1.8,9.7,No,Yes,Low,1.0,No,Salle 19,178.0,0.35138888888888886,0.0,2.0092986663975925,0.42500000000000004,1.8
ENSPD002264,Male,25.0,Informatique,1,0.8164852255054432,12.0,0.6948775055679287,0.609,0.7190000000000001,0.0,2.5,11.5,Yes,No,Middle,0.0,Yes,Salle 5,248.0,0.6486111111111111,1.0,1.258801496773324,0.664,2.5
ENSPD002265,Female,21.0,Energetique,4,0.7931570762052876,13.0,0.6948775055679287,0.8170000000000001,0.621,1.0,0.2,11.5,Yes,No,Middle,0.0,Yes,Salle 2,70.0,0.5944444444444444,1.0,1.334260486430619,0.7190000000000001,1.2
ENSPD002266,Male,22.0,Informatique,3,0.9999999999999999,0.0,0.6113585746102449,1.0,0.451,0.0,0.6,6.1,Yes,No,Middle,2.0,Yes,Salle 19,263.0,0.6138888888888889,1.0,1.6289327413671089,0.7255,0.6
ENSPD002267,Female,22.0,Informatique,4,0.6345256609642301,24.0,0.6002227171492205,0.664,0.8620000000000001,1.0,11.4,53.9,Yes,No,Middle,1.0,Yes,Salle 10,230.0,0.7416666666666665,1.0,0.8555286818122412,0.7630000000000001,12.4
ENSPD002268,Female,21.0,Mecanique,1,0.7916018662519438,13.0,0.6158129175946548,0.49200000000000005,0.556,1.0,1.1,14.8,Yes,No,Middle,2.0,Yes,Salle 11,186.0,0.37916666666666665,1.0,2.0876861258655435,0.524,2.1
ENSPD002269,Male,24.0,Mecanique,1,0.9999999999999999,0.0,0.655902004454343,0.48100000000000004,0.6940000000000001,2.0,0.9,22.2,Yes,No,High,1.0,No,Salle 1,186.0,0.5861111111111111,1.0,1.7061320280791417,0.5875,2.9
ENSPD002270,Male,22.0,GenieCivil,2,0.6111975116640745,25.0,0.6581291759465479,0.793,0.903,0.0,1.4,24.1,No,No,Middle,1.0,Yes,Salle 1,177.0,0.7305555555555554,1.0,0.8366087163790416,0.8480000000000001,1.4
ENSPD002271,Male,21.0,Telecom,2,0.7465007776049767,16.0,1.0,0.441,0.457,0.0,0.1,6.7,Yes,No,Low,2.0,Yes,Salle 9,161.0,0.5111111111111111,1.0,1.4605164243405653,0.449,0.1
ENSPD002272,Male,19.0,Telecom,4,0.5443234836702956,29.0,0.4142538975501113,0.7320000000000001,0.642,0.0,1.5,4.8,No,No,Middle,1.0,Yes,Salle 28,121.0,0.48611111111111116,1.0,1.1197281320001782,0.687,1.5
ENSPD002273,Male,20.0,GenieCivil,4,0.7356143079315708,17.0,0.7739420935412027,0.6729999999999999,0.541,2.0,0.5,0.0,No,No,Middle,1.0,Yes,Salle 3,173.0,0.6194444444444444,1.0,1.1875196223530273,0.607,2.5
ENSPD002274,Female,19.0,GenieCivil,5,0.5738724727838257,27.0,0.8084632516703786,0.616,0.5860000000000001,3.0,0.9,0.0,Yes,No,Middle,2.0,No,Salle 30,70.0,0.5722222222222223,1.0,1.0028664071995694,0.601,3.9
ENSPD002275,Female,22.0,Electrique,1,0.9160186625194401,5.0,0.6113585746102449,0.33799999999999997,1.0,1.0,0.4,5.9,Yes,No,Low,0.0,Yes,Salle 21,143.0,0.6208333333333333,1.0,1.475442536527369,0.669,1.4
ENSPD002276,Female,20.0,Mecanique,1,0.7480559875583203,16.0,0.5011135857461025,0.556,0.731,0.0,0.1,1.4,No,No,Middle,1.0,No,Salle 19,186.0,0.5180555555555555,1.0,1.4439407899954497,0.6435,0.1
ENSPD002277,Female,21.0,Informatique,3,0.5458786936236392,29.0,0.888641425389755,0.358,0.703,1.0,1.1,7.5,Yes,No,Middle,1.0,Yes,Salle 14,263.0,0.45972222222222214,1.0,1.1873840188643034,0.5305,2.1
ENSPD002278,Male,25.0,Energetique,2,0.7231726283048211,8.0,0.24387527839643658,0.514,0.745,1.0,3.1,23.1,No,No,Low,2.0,Yes,Salle 15,71.0,0.36111111111111116,0.0,2.0025764378043034,0.6295,4.1
ENSPD002279,Female,24.0,Informatique,2,0.7542768273716952,16.0,0.4966592427616926,0.785,0.726,2.0,6.1,31.5,Yes,No,Middle,3.0,Yes,Salle 26,298.0,0.6458333333333334,1.0,1.1678944233715534,0.7555000000000001,8.1
ENSPD002280,Male,22.0,Informatique,3,0.8973561430793159,7.0,0.8062360801781737,0.8420000000000001,0.275,1.0,2.0,12.9,No,No,Middle,2.0,Yes,Salle 3,263.0,0.5194444444444445,1.0,1.7274972861942428,0.5585,3.0
ENSPD002281,Male,22.0,GenieCivil,1,0.505443234836703,32.0,0.5478841870824054,0.659,1.0,5.0,1.0,11.5,No,No,Low,1.0,No,Salle 11,149.0,0.6722222222222222,1.0,0.7518878419214139,0.8295,6.0
ENSPD002282,Male,26.0,GenieCivil,3,0.7884914463452567,14.0,0.8763919821826281,0.517,0.34700000000000003,0.0,2.9,13.8,Yes,No,High,0.0,Yes,Salle 25,185.0,0.45000000000000007,1.0,1.7521642771166341,0.43200000000000005,2.9
ENSPD002283,Male,23.0,Informatique,2,0.864696734059098,9.0,0.3574610244988864,0.9059999999999999,0.9870000000000001,2.0,1.4,8.7,No,Yes,Middle,1.0,Yes,Salle 7,298.0,0.7055555555555555,1.0,1.2255370564089458,0.9465,3.4
ENSPD002284,Male,21.0,Informatique,3,0.6407465007776051,23.0,0.4242761692650334,0.515,0.7640000000000001,1.0,0.9,3.1,Yes,Yes,Middle,2.0,Yes,Salle 10,263.0,0.3944444444444445,1.0,1.6243865668189947,0.6395000000000001,1.9
ENSPD002285,Male,19.0,Mecanique,4,0.48522550544323495,33.0,0.5211581291759466,0.41600000000000004,0.6759999999999999,1.0,0.4,9.7,Yes,Yes,Middle,0.0,Yes,Salle 27,178.0,0.4277777777777778,1.0,1.1342668740182993,0.546,1.4
ENSPD002286,Male,23.0,Electrique,1,0.7122861586314152,18.0,0.6804008908685969,0.745,0.579,3.0,3.2,24.9,No,No,High,0.0,Yes,Salle 28,143.0,0.6361111111111111,1.0,1.1197335636090853,0.6619999999999999,6.2
ENSPD002287,Female,24.0,Mecanique,5,0.948678071539658,3.0,0.5734966592427617,0.7020000000000001,1.0,1.0,1.4,16.0,No,No,High,1.0,No,Salle 13,67.0,0.7333333333333334,1.0,1.2936342752685073,0.851,2.4
ENSPD002288,Male,21.0,GenieCivil,3,0.9300155520995333,4.0,0.5278396436525613,0.522,0.635,0.0,6.6,31.5,Yes,No,Middle,1.0,No,Salle 1,185.0,0.5444444444444444,1.0,1.7081604560111756,0.5785,6.6
ENSPD002289,Male,23.0,Electrique,5,0.6407465007776051,23.0,0.8474387527839643,0.638,0.644,1.0,3.2,21.6,No,No,High,1.0,Yes,Salle 27,80.0,0.6555555555555557,1.0,0.977395007025053,0.641,4.2
ENSPD002290,Male,21.0,Telecom,1,0.48055987558320357,33.0,0.8630289532293988,0.7000000000000001,0.533,1.0,1.4,11.6,Yes,No,Middle,1.0,No,Salle 15,121.0,0.6124999999999999,1.0,0.7845747425890249,0.6165,2.4
ENSPD002291,Female,22.0,Mecanique,3,0.6391912908242613,23.0,0.6113585746102449,0.657,0.509,1.0,2.7,16.5,Yes,No,Low,2.0,Yes,Salle 18,212.0,0.47638888888888886,1.0,1.3417144870237947,0.583,3.7
ENSPD002292,Male,17.0,Informatique,2,0.6329704510108866,24.0,0.32516703786191536,0.703,0.65,1.0,1.2,11.2,Yes,No,Middle,2.0,Yes,Salle 7,298.0,0.4208333333333333,1.0,1.5040524605614598,0.6765,2.2
ENSPD002293,Male,22.0,GenieCivil,4,0.8040435458786938,13.0,0.24944320712694878,0.529,0.454,0.0,0.2,0.5,No,No,Middle,2.0,No,Salle 17,173.0,0.28055555555555556,0.0,2.8657956401190625,0.49150000000000005,0.2
ENSPD002294,Male,24.0,Chimie,3,0.6998444790046657,19.0,0.6503340757238307,0.715,0.7759999999999999,0.0,1.5,9.1,Yes,No,Middle,0.0,No,Salle 1,130.0,0.6291666666666667,1.0,1.1123179165438417,0.7454999999999999,1.5
ENSPD002295,Male,21.0,Informatique,3,0.5800933125972006,27.0,0.7193763919821826,0.623,0.511,1.0,4.0,18.3,Yes,No,Low,1.0,Yes,Salle 15,263.0,0.4541666666666666,1.0,1.2772415563632376,0.567,5.0
ENSPD002296,Male,22.0,GenieCivil,5,0.926905132192846,5.0,0.6202672605790647,0.535,0.841,0.0,3.9,14.6,No,No,Middle,0.0,No,Salle 30,70.0,0.6402777777777777,1.0,1.4476383344530177,0.688,3.9
ENSPD002297,Male,20.0,Informatique,2,0.7465007776049767,16.0,0.5979955456570156,0.5760000000000001,0.8370000000000001,1.0,1.7,14.1,Yes,No,Middle,0.0,Yes,Salle 27,298.0,0.5986111111111111,1.0,1.2470338311647307,0.7065000000000001,2.7
ENSPD002298,Male,23.0,Informatique,1,0.8009331259720062,13.0,0.4755011135857461,0.6020000000000001,0.629,1.0,1.0,11.8,Yes,No,High,2.0,Yes,Salle 6,248.0,0.4930555555555556,1.0,1.6243948029782056,0.6155,2.0
ENSPD002299,Male,22.0,GenieCivil,3,0.39813374805598745,39.0,0.7193763919821826,0.36,0.756,1.0,0.0,0.0,Yes,No,Middle,1.0,Yes,Salle 16,185.0,0.4930555555555556,1.0,0.8074661544901369,0.558,1.0
ENSPD002300,Male,20.0,Mecanique,3,0.2674961119751166,47.0,0.6113585746102449,0.505,0.766,1.0,0.7,7.7,Yes,No,Middle,3.0,No,Salle 26,212.0,0.6319444444444444,1.0,0.4232838526996583,0.6355,1.7
ENSPD002301,Female,25.0,Telecom,2,0.45101088646967347,35.0,0.23942093541202675,0.632,0.348,1.0,9.2,40.4,Yes,No,Middle,1.0,No,Salle 18,161.0,0.28194444444444444,0.0,1.5995877892910444,0.49,10.2
ENSPD002302,Male,24.0,Electrique,3,0.6298600311041992,24.0,0.5968819599109131,0.37700000000000006,0.986,2.0,2.6,11.5,Yes,No,Middle,1.0,No,Salle 12,188.0,0.6041666666666667,1.0,1.042509692701692,0.6815,4.6
ENSPD002303,Male,21.0,GenieCivil,5,0.8273716951788491,11.0,0.4476614699331849,0.508,0.589,2.0,2.5,8.4,Yes,No,Middle,3.0,No,Salle 9,70.0,0.37916666666666665,1.0,2.1820216482523955,0.5485,4.5
ENSPD002304,Male,23.0,GenieCivil,4,0.28304821150855364,46.0,0.3608017817371938,0.616,0.779,1.0,2.9,16.8,No,No,Middle,2.0,Yes,Salle 28,173.0,0.6763888888888889,1.0,0.4184634483559147,0.6975,3.9
ENSPD002305,Female,23.0,GenieCivil,1,0.9999999999999999,0.0,0.42204899777282856,0.616,0.785,1.0,1.9,12.7,Yes,No,High,1.0,Yes,Salle 23,149.0,0.5194444444444445,1.0,1.925096629155802,0.7005,2.9
ENSPD002306,Male,23.0,Informatique,1,0.7511664074650078,16.0,0.6737193763919822,0.551,0.142,1.0,1.8,10.7,No,No,Middle,1.0,Yes,Salle 7,248.0,0.28888888888888886,0.0,2.600101406945556,0.34650000000000003,2.8
ENSPD002307,Male,19.0,Telecom,5,0.9735614307931569,2.0,0.6781737193763919,0.47000000000000003,0.509,0.0,1.2,13.0,No,Yes,Middle,1.0,Yes,Salle 16,60.0,0.44305555555555554,1.0,2.197330436965288,0.48950000000000005,1.2
ENSPD002308,Female,24.0,Energetique,4,0.5552099533437015,29.0,0.6113585746102449,0.599,0.8079999999999999,1.0,1.2,12.9,Yes,No,High,1.0,No,Salle 26,70.0,0.6458333333333334,1.0,0.8596666167910197,0.7035,2.2
ENSPD002309,Male,21.0,Informatique,5,0.8133748055987559,12.0,0.6113585746102449,0.473,0.652,1.0,4.1,11.5,Yes,No,High,0.0,Yes,Salle 21,109.0,0.513888888888889,1.0,1.5827526059793005,0.5625,5.1
ENSPD002310,Male,21.0,Informatique,2,0.7356143079315708,17.0,0.3162583518930958,0.5760000000000001,0.778,1.0,1.0,12.1,Yes,No,Low,2.0,No,Salle 21,298.0,0.48611111111111116,1.0,1.5132325898173835,0.677,2.0
ENSPD002311,Male,27.0,Informatique,4,0.8724727838258165,8.0,0.5701559020044543,0.49100000000000005,0.658,1.0,3.7,16.0,Yes,No,Middle,0.0,No,Salle 16,230.0,0.47638888888888886,1.0,1.8313913071054715,0.5745,4.7
ENSPD002312,Female,23.0,Electrique,4,0.6765163297045101,21.0,0.378619153674833,0.81,0.886,1.0,3.6,18.3,No,No,Middle,1.0,No,Salle 29,157.0,0.6625000000000001,1.0,1.021141310628534,0.8480000000000001,4.6
ENSPD002313,Male,21.0,Electrique,2,0.8087091757387247,12.0,0.40868596881959907,0.635,0.663,1.0,2.9,23.2,No,No,High,0.0,No,Salle 3,185.0,0.4722222222222222,1.0,1.7125243422253464,0.649,3.9
ENSPD002314,Female,18.0,Telecom,3,0.9253499222395024,5.0,0.7071269487750558,0.439,0.635,1.0,0.1,5.2,Yes,No,Low,1.0,Yes,Salle 24,154.0,0.7111111111111112,1.0,1.3012550292504512,0.537,1.1
ENSPD002315,Other,25.0,Chimie,3,0.7231726283048211,26.0,0.6425389755011137,0.7709999999999999,0.444,2.0,0.3,10.3,Yes,Yes,Middle,3.0,Yes,Salle 27,130.0,0.5041666666666667,1.0,1.4343635398401775,0.6074999999999999,2.3
ENSPD002316,Male,19.0,GenieCivil,3,0.7651632970451011,15.0,0.7082405345211581,0.44799999999999995,0.614,1.0,0.8,7.2,No,No,Low,1.0,Yes,Salle 15,185.0,0.5638888888888889,1.0,1.356915773593357,0.5309999999999999,1.8
ENSPD002317,Male,20.0,Electrique,4,0.36702954898911344,41.0,0.5501113585746102,0.33799999999999997,0.521,0.0,3.8,23.9,Yes,No,Middle,3.0,Yes,Salle 26,157.0,0.36944444444444435,0.0,0.9934365508608854,0.4295,3.8
ENSPD002318,Male,21.0,Electrique,4,0.8506998444790047,10.0,0.7427616926503342,0.619,0.718,1.0,4.1,21.2,Yes,Yes,High,1.0,Yes,Salle 4,157.0,0.6124999999999999,1.0,1.3888750297611547,0.6685,5.1
ENSPD002319,Male,25.0,GenieCivil,4,0.9999999999999999,0.0,0.5412026726057906,0.963,0.584,1.0,0.1,4.3,No,Yes,Middle,1.0,Yes,Salle 30,173.0,0.5888888888888888,1.0,1.6980843721521712,0.7735,1.1
ENSPD002320,Male,24.0,GenieCivil,4,0.4883359253499221,33.0,0.7973273942093541,0.29100000000000004,0.594,2.0,0.8,8.7,No,No,Middle,0.0,Yes,Salle 11,173.0,0.4527777777777777,1.0,1.0785095122191901,0.4425,2.8
ENSPD002321,Female,22.0,Electrique,3,0.7029548989113531,19.0,0.6681514476614699,0.38,0.499,1.0,3.8,15.7,Yes,No,High,0.0,Yes,Salle 2,188.0,0.38888888888888895,1.0,1.8075518315820955,0.4395,4.8
ENSPD002322,Female,23.0,Electrique,2,0.884914463452566,7.0,0.5757238307349666,0.755,0.5479999999999999,2.0,0.6,5.3,No,Yes,Middle,1.0,No,Salle 13,185.0,0.5888888888888888,1.0,1.5026594210802262,0.6515,2.6
ENSPD002323,Female,21.0,Electrique,4,0.7262830482115087,18.0,0.645879732739421,0.504,0.635,2.0,7.5,37.4,Yes,No,Low,0.0,No,Salle 14,157.0,0.4736111111111111,1.0,1.533468486038671,0.5695,9.5
ENSPD002324,Male,22.0,Electrique,3,0.7511664074650078,16.0,0.6069042316258353,0.73,0.23600000000000002,3.0,1.3,13.6,Yes,No,Middle,1.0,Yes,Salle 13,188.0,0.3208333333333333,0.0,2.3412249201531625,0.483,4.3
ENSPD002325,Female,22.0,Chimie,2,0.6469673405909798,23.0,0.8763919821826281,0.469,0.18,1.0,5.5,23.4,Yes,Yes,Low,2.0,Yes,Salle 1,119.0,0.3388888888888889,0.0,1.9090276238795636,0.3245,6.5
ENSPD002326,Female,24.0,Electrique,3,0.6407465007776051,23.0,0.6514476614699333,0.6459999999999999,0.652,1.0,1.1,16.3,No,No,Middle,1.0,Yes,Salle 20,188.0,0.623611111111111,1.0,1.0274612089959265,0.649,2.1
ENSPD002327,Female,24.0,GenieCivil,1,0.7045101088646967,19.0,0.6102449888641426,0.934,0.086,4.0,0.8,15.4,Yes,No,Middle,1.0,Yes,Salle 2,149.0,0.3277777777777777,0.0,2.149287303025423,0.51,4.8
ENSPD002328,Male,23.0,Electrique,3,0.7278382581648523,18.0,0.5701559020044543,0.405,0.601,0.0,0.9,4.9,Yes,Yes,Low,1.0,No,Salle 10,188.0,0.4125,1.0,1.7644136097666778,0.503,0.9
ENSPD002329,Female,21.0,GenieCivil,2,0.499222395023328,32.0,0.7505567928730512,0.804,0.5650000000000001,3.0,4.3,20.4,Yes,No,Low,1.0,Yes,Salle 22,177.0,0.6444444444444444,1.0,0.7746434202245056,0.6845000000000001,7.3
ENSPD002330,Male,23.0,Mecanique,2,0.7076205287713843,19.0,0.7282850779510022,0.742,0.748,3.0,0.8,8.1,No,No,Middle,2.0,Yes,Salle 29,231.0,0.7069444444444444,1.0,1.000942188470805,0.745,3.8
ENSPD002331,Male,22.0,Informatique,5,0.9999999999999999,0.0,0.5645879732739421,0.35200000000000004,0.506,1.0,2.2,18.7,No,No,High,0.0,Yes,Salle 27,109.0,0.3416666666666667,0.0,2.92674360750417,0.42900000000000005,3.2
ENSPD002332,Male,20.0,Electrique,4,0.6423017107309487,23.0,0.41759465478841873,0.721,0.9540000000000001,0.0,1.3,12.5,Yes,No,Middle,1.0,Yes,Salle 27,157.0,0.6944444444444444,1.0,0.92490114487608,0.8375,1.3
ENSPD002333,Female,21.0,Electrique,4,0.4898911353032659,33.0,0.45991091314031185,0.633,0.81,2.0,5.7,26.6,Yes,No,Middle,2.0,Yes,Salle 26,157.0,0.5861111111111111,1.0,0.8358189562129543,0.7215,7.7
ENSPD002334,Female,22.0,Energetique,3,0.6920684292379472,20.0,0.579064587973274,0.636,0.33799999999999997,1.0,0.3,1.1,No,Yes,Middle,1.0,Yes,Salle 30,104.0,0.3736111111111111,1.0,1.8523268858652184,0.487,1.3
ENSPD002335,Male,24.0,Mecanique,4,0.5863141524105754,27.0,0.8351893095768375,0.6809999999999999,0.583,1.0,1.1,1.6,Yes,No,High,2.0,Yes,Salle 15,178.0,0.5944444444444444,1.0,0.9863062811457711,0.6319999999999999,2.1
ENSPD002336,Male,22.0,Mecanique,4,0.4696734059097979,34.0,0.5679287305122495,0.616,0.9450000000000001,3.0,0.3,7.3,Yes,No,High,1.0,Yes,Salle 27,178.0,0.6458333333333334,1.0,0.7272249811509467,0.7805,3.3
ENSPD002337,Male,20.0,Informatique,3,0.7465007776049767,16.0,0.5111358574610245,0.633,0.5,0.0,1.4,19.1,No,No,Low,2.0,Yes,Salle 10,263.0,0.4,1.0,1.8662052888802196,0.5665,1.4
ENSPD002338,Male,22.0,Informatique,5,0.5878693623639192,26.0,0.3162583518930958,0.663,0.629,0.0,1.0,9.0,Yes,No,Middle,0.0,Yes,Salle 7,109.0,0.42361111111111116,1.0,1.3877244238890811,0.646,1.0
ENSPD002339,Male,22.0,Chimie,1,0.603421461897356,26.0,0.8630289532293988,0.7540000000000001,0.9209999999999999,1.0,0.1,7.1,Yes,Yes,Middle,2.0,Yes,Salle 24,96.0,0.8388888888888888,1.0,0.7193017774723487,0.8375,1.1
ENSPD002340,Male,22.0,Mecanique,5,0.7480559875583203,16.0,0.7048997772828508,0.34500000000000003,0.532,2.0,3.8,21.0,Yes,No,Middle,1.0,No,Salle 1,67.0,0.4527777777777777,1.0,1.652111705023664,0.4385,5.8
ENSPD002341,Female,24.0,Electrique,2,0.4339035769828927,36.0,0.7427616926503342,0.8520000000000001,0.865,0.0,0.9,2.0,Yes,No,Middle,0.0,No,Salle 27,185.0,0.734722222222222,1.0,0.5905601576456481,0.8585,0.9
ENSPD002342,Male,24.0,Electrique,3,0.3950233281493002,39.0,0.7706013363028954,0.41200000000000003,0.45799999999999996,1.0,1.4,16.9,Yes,No,Low,1.0,No,Salle 9,188.0,0.4111111111111111,1.0,0.9608441830722231,0.435,2.4
ENSPD002343,Male,21.0,GenieCivil,1,0.8460342146189735,10.0,0.5824053452115813,0.757,0.062000000000000006,2.0,1.0,5.8,No,No,Middle,1.0,Yes,Salle 30,149.0,0.2416666666666667,0.0,3.5006863769180865,0.40950000000000003,3.0
ENSPD002344,Male,21.0,Telecom,3,0.7231726283048211,41.0,0.6247216035634744,0.634,0.886,1.0,1.3,7.0,Yes,No,Middle,1.0,Yes,Salle 12,154.0,0.6777777777777778,1.0,1.0669602669376008,0.76,2.3
ENSPD002345,Female,20.0,GenieCivil,3,0.5381026438569206,30.0,0.8585746102449888,0.389,0.728,1.0,0.0,6.9,Yes,Yes,Middle,1.0,Yes,Salle 9,185.0,0.6194444444444444,1.0,0.868671859057394,0.5585,1.0
ENSPD002346,Female,23.0,Mecanique,5,0.3841368584758942,40.0,0.6403118040089087,0.715,0.741,1.0,3.4,15.7,Yes,No,Middle,4.0,No,Salle 4,67.0,0.5638888888888889,1.0,0.6812158456860958,0.728,4.4
ENSPD002347,Female,25.0,Telecom,5,0.6298600311041992,24.0,0.7082405345211581,0.45,0.42100000000000004,2.0,0.8,3.0,No,No,Middle,0.0,Yes,Salle 17,60.0,0.3569444444444444,0.0,1.7645389794333524,0.4355,2.8
ENSPD002348,Male,21.0,Telecom,5,0.7993779160186624,13.0,0.7561247216035635,0.812,0.43700000000000006,1.0,2.6,19.3,Yes,No,Middle,4.0,Yes,Salle 8,60.0,0.5333333333333333,1.0,1.498805489932056,0.6245,3.6
ENSPD002349,Female,22.0,Informatique,2,0.7402799377916017,17.0,0.7171492204899776,0.49200000000000005,0.87,0.0,0.1,5.9,Yes,No,Middle,1.0,Yes,Salle 3,298.0,0.6458333333333334,1.0,1.1462221557213592,0.681,0.1
ENSPD002350,Male,25.0,Informatique,5,0.9999999999999999,0.0,0.5890868596881961,0.35100000000000003,0.6890000000000001,0.0,1.4,14.8,No,Yes,High,2.0,Yes,Salle 17,109.0,0.45000000000000007,1.0,2.2221728406035415,0.52,1.4
ENSPD002351,Female,23.0,Informatique,2,0.9222395023328148,5.0,0.6046770601336303,0.8959999999999999,0.617,0.0,4.8,22.7,Yes,No,Middle,2.0,No,Salle 19,298.0,0.6972222222222222,1.0,1.3227149763581614,0.7565,4.8
ENSPD002352,Female,23.0,Mecanique,4,0.5458786936236392,29.0,0.7405345211581292,0.653,0.684,1.0,1.0,7.2,Yes,No,Middle,0.0,Yes,Salle 2,178.0,0.6180555555555556,1.0,0.8832051692849469,0.6685000000000001,2.0
ENSPD002353,Female,20.0,Energetique,1,0.4961119751166406,32.0,0.7394209354120267,0.7759999999999999,0.9420000000000001,1.0,0.4,7.6,Yes,No,Low,1.0,Yes,Salle 10,83.0,0.8013888888888889,1.0,0.6190574781111592,0.859,1.4
ENSPD002354,Female,23.0,Electrique,3,0.9999999999999999,0.0,0.8051224944320713,0.467,0.785,0.0,0.2,7.2,Yes,No,Middle,0.0,Yes,Salle 7,188.0,0.6416666666666667,1.0,1.5584172714191464,0.626,0.2
ENSPD002355,Female,20.0,Mecanique,5,0.9191290824261275,5.0,0.7026726057906458,0.27899999999999997,0.545,1.0,3.9,18.0,Yes,No,Middle,1.0,Yes,Salle 12,67.0,0.4194444444444444,1.0,2.1912488819697407,0.41200000000000003,4.9
ENSPD002356,Male,20.0,Telecom,5,0.8304821150855365,11.0,0.7093541202672606,0.922,0.359,2.0,0.5,4.0,Yes,Yes,Low,1.0,Yes,Salle 29,60.0,0.6013888888888889,1.0,1.3809172754207928,0.6405000000000001,2.5
ENSPD002357,Female,21.0,GenieCivil,3,0.7340590979782272,17.0,0.5356347438752784,0.619,0.758,0.0,7.4,38.2,No,Yes,Middle,3.0,Yes,Salle 22,185.0,0.5597222222222222,1.0,1.3114469184280668,0.6885,7.4
ENSPD002358,Male,21.0,Mecanique,4,0.7713841368584758,15.0,0.5133630289532294,0.708,0.455,1.0,0.6,8.7,No,No,Middle,0.0,Yes,Salle 9,178.0,0.47777777777777775,1.0,1.614491145935616,0.5815,1.6
ENSPD002359,Male,22.0,Energetique,1,0.44323483670295494,36.0,0.7405345211581292,0.738,0.40399999999999997,3.0,1.3,11.3,Yes,Yes,Middle,1.0,Yes,Salle 11,83.0,0.44027777777777777,1.0,1.006693483385007,0.571,4.3
ENSPD002360,Male,19.0,Telecom,4,0.749611197511664,16.0,0.5144766146993318,0.56,0.903,2.0,1.2,1.9,Yes,No,Middle,1.0,No,Salle 13,121.0,0.726388888888889,1.0,1.0319553195604154,0.7315,3.2
ENSPD002361,Male,24.0,Telecom,3,0.7340590979782272,17.0,0.6113585746102449,0.6609999999999999,0.8140000000000001,2.0,0.1,6.4,Yes,No,Middle,0.0,Yes,Salle 2,154.0,0.6180555555555556,1.0,1.187671908554117,0.7375,2.1
ENSPD002362,Male,24.0,GenieCivil,1,0.5520995334370139,29.0,0.8407572383073497,0.907,0.7170000000000001,0.0,1.5,12.5,Yes,No,Middle,2.0,Yes,Salle 11,149.0,0.8138888888888889,1.0,0.6783392150721869,0.812,1.5
ENSPD002363,Male,18.0,Chimie,1,0.6189735614307931,24.0,0.8140311804008908,0.614,0.392,0.0,2.2,12.5,Yes,No,Low,1.0,Yes,Salle 8,96.0,0.44027777777777777,1.0,1.4058386189025707,0.503,2.2
ENSPD002364,Male,24.0,Informatique,1,0.9999999999999999,0.0,0.6603563474387528,0.79,0.998,0.0,2.7,18.1,No,No,Middle,1.0,Yes,Salle 3,248.0,0.8583333333333334,1.0,1.1650349704663634,0.894,2.7
ENSPD002365,Male,20.0,Electrique,4,0.6967340590979781,20.0,0.5612472160356348,0.262,0.846,0.0,1.5,8.2,Yes,No,Low,1.0,Yes,Salle 5,157.0,0.5166666666666666,1.0,1.3484914339038179,0.554,1.5
ENSPD002366,Male,24.0,Energetique,1,0.9999999999999999,0.0,0.5890868596881961,0.8220000000000001,0.579,1.0,3.3,19.6,Yes,Yes,High,1.0,Yes,Salle 27,83.0,0.6416666666666667,1.0,1.5584172714191464,0.7005,4.3
ENSPD002367,Male,22.0,Mecanique,2,0.3950233281493002,39.0,0.6113585746102449,0.34600000000000003,0.537,0.0,2.8,10.1,Yes,No,Low,0.0,Yes,Salle 29,231.0,0.41527777777777775,1.0,0.9512038381266276,0.4415,2.8
ENSPD002368,Male,22.0,Chimie,2,0.6220839813374807,24.0,0.6046770601336303,0.802,0.6559999999999999,0.0,0.4,10.2,No,No,Middle,2.0,Yes,Salle 9,119.0,0.6472222222222221,0.0,0.9611449491831588,0.729,0.4
ENSPD002369,Male,22.0,GenieCivil,3,0.43079315707620525,37.0,0.5167037861915368,0.6900000000000001,0.544,2.0,1.0,5.9,No,No,High,1.0,No,Salle 9,185.0,0.39861111111111114,1.0,1.0807083344768624,0.617,3.0
ENSPD002370,Female,24.0,Informatique,3,0.49455676516329705,32.0,0.8129175946547884,0.603,1.0,1.0,0.3,7.9,No,No,Middle,1.0,Yes,Salle 17,263.0,0.7791666666666666,1.0,0.6347171140006295,0.8015,1.3
ENSPD002371,Female,20.0,Chimie,3,0.5660964230171072,28.0,0.6403118040089087,0.6020000000000001,0.563,2.0,0.3,11.2,Yes,No,High,0.0,No,Salle 2,130.0,0.5458333333333333,1.0,1.037104217358657,0.5825,2.3
ENSPD002372,Female,23.0,Informatique,3,0.7791601866251944,14.0,0.5133630289532294,0.5750000000000001,0.42600000000000005,2.0,2.5,11.5,Yes,No,Middle,3.0,Yes,Salle 22,263.0,0.4097222222222222,1.0,1.9016326868298128,0.5005000000000001,4.5
ENSPD002373,Female,24.0,Electrique,2,0.7698289269051323,15.0,0.690423162583519,0.616,0.635,1.0,1.5,12.7,Yes,Yes,Low,2.0,Yes,Salle 29,177.0,0.6805555555555556,1.0,1.1311605775827278,0.6255,2.5
ENSPD002374,Male,23.0,Informatique,2,0.5925349922239501,26.0,0.7728285077951002,0.583,0.526,3.0,1.8,15.5,Yes,No,Middle,1.0,Yes,Salle 17,298.0,0.5194444444444445,1.0,1.1406871161871859,0.5545,4.8
ENSPD002375,Female,27.0,Energetique,4,0.30482115085536543,45.0,0.44209354120267264,1.0,0.797,1.0,2.6,21.4,No,No,Low,1.0,No,Salle 2,70.0,0.6430555555555555,1.0,0.47401256096203936,0.8985000000000001,3.6
ENSPD002376,Male,21.0,Mecanique,2,0.995334370139969,0.0,0.576837416481069,0.8540000000000001,0.775,0.0,0.6,7.9,Yes,No,Low,1.0,Yes,Salle 26,231.0,0.6361111111111111,1.0,1.5646931893227394,0.8145,0.6
ENSPD002377,Male,24.0,Mecanique,2,0.6671850699844478,21.0,0.5690423162583519,0.46299999999999997,0.628,1.0,1.0,12.9,No,No,Middle,1.0,No,Salle 24,231.0,0.4847222222222223,1.0,1.376399255914498,0.5455,2.0
ENSPD002378,Female,22.0,Informatique,4,0.5116640746500777,31.0,0.6859688195991092,0.668,0.445,0.0,1.9,7.9,Yes,No,High,1.0,Yes,Salle 6,230.0,0.4833333333333333,1.0,1.0585934249293003,0.5565,1.9
ENSPD002379,Male,24.0,Energetique,2,0.7713841368584758,15.0,0.7160356347438753,0.637,0.63,3.0,0.2,2.9,No,No,Low,0.0,Yes,Salle 26,71.0,0.5944444444444444,1.0,1.2976337279795822,0.6335,3.2
ENSPD002380,Female,22.0,Chimie,4,0.7589424572317262,16.0,0.5178173719376392,0.594,0.406,1.0,3.6,25.4,No,No,Low,1.0,No,Salle 17,93.0,0.3013888888888888,0.0,2.518066539759247,0.5,4.6
ENSPD002381,Female,21.0,Chimie,2,0.6594090202177293,22.0,0.3608017817371938,0.44,0.635,2.0,0.8,7.2,No,Yes,Middle,0.0,Yes,Salle 3,119.0,0.3583333333333333,0.0,1.8401598659136844,0.5375,2.8
ENSPD002382,Female,25.0,GenieCivil,3,0.7480559875583203,16.0,0.7828507795100222,0.7000000000000001,0.795,1.0,2.2,11.7,Yes,No,Middle,3.0,Yes,Salle 22,185.0,0.6513888888888888,1.0,1.1483838863070561,0.7475,3.2
ENSPD002383,Female,21.0,GenieCivil,1,0.5038880248833592,32.0,0.423162583518931,0.772,0.9840000000000001,1.0,10.8,47.1,Yes,No,Middle,0.0,Yes,Salle 1,149.0,0.6055555555555555,1.0,0.8320949239279045,0.8780000000000001,11.8
ENSPD002384,Male,19.0,Informatique,2,0.8615863141524104,9.0,0.655902004454343,0.47000000000000003,0.42200000000000004,1.0,1.3,7.4,No,No,High,1.0,Yes,Salle 23,298.0,0.3597222222222223,0.0,2.3950768402953098,0.44600000000000006,2.3
ENSPD002385,Male,21.0,Electrique,2,0.5334370139968895,30.0,0.5879732739420935,0.9720000000000001,0.59,4.0,0.5,6.3,Yes,No,Middle,0.0,Yes,Salle 6,185.0,0.6986111111111111,1.0,0.7635569631563136,0.781,4.5
ENSPD002386,Female,23.0,Mecanique,4,0.6065318818040436,25.0,0.6369710467706015,0.616,0.535,4.0,0.5,2.8,Yes,No,Middle,0.0,Yes,Salle 22,178.0,0.6055555555555555,1.0,1.0015957417650705,0.5755,4.5
ENSPD002387,Male,25.0,Energetique,5,0.8413685847589424,10.0,0.8864142538975501,0.7190000000000001,0.6950000000000001,1.0,0.1,3.1,No,Yes,Middle,3.0,Yes,Salle 10,40.0,0.7097222222222221,1.0,1.1854732790975129,0.7070000000000001,1.1
ENSPD002388,Female,22.0,Chimie,2,0.9440124416796268,4.0,0.6113585746102449,0.39799999999999996,0.336,1.0,2.9,16.9,Yes,No,Middle,1.0,Yes,Salle 8,119.0,0.4263888888888888,1.0,2.2139186247401734,0.367,3.9
ENSPD002389,Female,25.0,GenieCivil,4,0.9999999999999999,0.0,0.3374164810690423,0.6920000000000001,0.454,1.0,0.7,14.1,Yes,Yes,Middle,0.0,No,Salle 12,173.0,0.3638888888888888,0.0,2.7480160850541515,0.5730000000000001,1.7
ENSPD002390,Female,19.0,Informatique,3,0.9175738724727839,5.0,0.7750556792873051,0.616,0.302,5.0,1.4,6.4,No,Yes,Middle,1.0,No,Salle 17,263.0,0.5041666666666667,1.0,1.819945136571408,0.45899999999999996,6.4
ENSPD002391,Male,21.0,Chimie,5,0.6594090202177293,22.0,0.5846325167037862,0.616,0.35200000000000004,1.0,2.5,8.1,Yes,Yes,Middle,1.0,No,Salle 1,48.0,0.40555555555555556,1.0,1.6258999591680106,0.484,3.5
ENSPD002392,Male,21.0,Informatique,4,0.43234836702954893,36.0,0.7850779510022272,0.9059999999999999,0.508,3.0,0.7,11.8,Yes,No,Low,0.0,Yes,Salle 7,230.0,0.6861111111111111,1.0,0.6301341848079851,0.707,3.7
ENSPD002393,Male,22.0,Informatique,1,0.7231726283048211,1.0,0.7706013363028954,0.588,0.9740000000000001,1.0,1.8,15.4,Yes,No,Low,0.0,No,Salle 11,248.0,0.7916666666666667,1.0,0.9134696761364964,0.781,2.8
ENSPD002394,Male,22.0,Informatique,4,0.975116640746501,2.0,0.6113585746102449,0.616,0.71,2.0,1.1,6.2,No,No,Middle,0.0,Yes,Salle 16,230.0,0.9236111111111112,1.0,1.0557539547503856,0.663,3.1
ENSPD002395,Female,23.0,Electrique,3,0.5940902021772939,26.0,0.6581291759465479,0.693,0.653,1.0,0.8,11.4,Yes,Yes,Middle,1.0,Yes,Salle 17,188.0,0.623611111111111,1.0,0.952646072418553,0.673,1.8
ENSPD002396,Male,21.0,Chimie,1,0.8926905132192845,7.0,0.6113585746102449,0.568,0.909,1.0,1.3,9.7,Yes,No,Middle,1.0,Yes,Salle 25,96.0,0.623611111111111,1.0,1.4314629465137418,0.7384999999999999,2.3
ENSPD002397,Male,22.0,Mecanique,2,0.6578538102643857,22.0,0.7650334075723831,1.0,0.7170000000000001,0.0,0.8,14.0,Yes,No,Middle,2.0,Yes,Salle 26,231.0,0.75,1.0,0.8771267186629321,0.8585,0.8
ENSPD002398,Male,22.0,Informatique,5,0.9999999999999999,0.0,0.6302895322939867,0.7690000000000001,0.736,1.0,4.1,31.0,Yes,No,High,0.0,Yes,Salle 14,109.0,0.6972222222222222,1.0,1.4342423774001647,0.7525000000000001,5.1
ENSPD002399,Female,20.0,GenieCivil,5,0.6236391912908242,24.0,0.6113585746102449,0.538,0.545,2.0,0.2,7.4,Yes,No,Middle,1.0,Yes,Salle 14,70.0,0.38750000000000007,1.0,1.609349929784584,0.5415000000000001,2.2
ENSPD002400,Female,22.0,Chimie,4,0.9999999999999999,0.0,0.5311804008908686,0.635,0.635,3.0,0.1,8.5,Yes,No,Middle,1.0,Yes,Salle 6,93.0,0.47777777777777775,1.0,2.092979449267341,0.635,3.1
ENSPD002401,Male,22.0,Mecanique,5,0.8662519440124418,9.0,0.7783964365256124,0.616,0.378,1.0,1.0,15.4,Yes,No,Low,2.0,Yes,Salle 30,67.0,0.5916666666666666,1.0,1.4640630479695138,0.497,2.0
ENSPD002402,Male,22.0,Informatique,4,0.9999999999999999,0.0,0.8786191536748329,0.593,0.52,1.0,0.4,10.4,No,No,Low,1.0,No,Salle 2,230.0,0.623611111111111,1.0,1.6035377606417003,0.5565,1.4
ENSPD002403,Male,22.0,Energetique,1,0.6329704510108866,24.0,0.41091314031180404,0.644,0.635,1.0,2.7,17.6,Yes,No,High,0.0,Yes,Salle 12,83.0,0.4208333333333333,1.0,1.5040524605614598,0.6395,3.7
ENSPD002404,Male,22.0,Energetique,2,0.7962674961119752,13.0,0.7138084632516704,0.473,0.7090000000000001,1.0,0.9,8.2,Yes,No,Middle,0.0,Yes,Salle 22,71.0,0.5444444444444444,1.0,1.4625052733741173,0.591,1.9
ENSPD002405,Female,21.0,Energetique,1,0.5396578538102644,30.0,0.5478841870824054,0.317,0.633,2.0,0.6,2.9,Yes,No,Middle,0.0,No,Salle 16,83.0,0.39583333333333337,1.0,1.3633117154352252,0.475,2.6
ENSPD002406,Female,25.0,Chimie,1,0.8771384136858474,8.0,0.36525612472160357,0.639,0.5670000000000001,1.0,0.9,11.5,Yes,No,Low,1.0,Yes,Salle 22,96.0,0.4111111111111111,1.0,2.1335280285540694,0.603,1.9
ENSPD002407,Male,20.0,Informatique,1,0.8880248833592533,7.0,0.6347438752783965,0.645,0.45799999999999996,2.0,0.5,11.5,No,No,Middle,0.0,Yes,Salle 18,248.0,0.4902777777777778,1.0,1.8112319409311264,0.5515,2.5
ENSPD002408,Male,21.0,Informatique,3,0.9999999999999999,0.0,0.4710467706013364,0.715,0.72,1.0,0.7,7.9,No,Yes,Middle,0.0,Yes,Salle 6,263.0,0.5722222222222223,1.0,1.7475422759602257,0.7175,1.7
ENSPD002409,Other,28.0,Mecanique,4,0.8102643856920683,12.0,0.3463251670378619,0.516,0.54,0.0,1.4,4.5,No,No,Middle,0.0,Yes,Salle 14,178.0,0.3222222222222222,0.0,2.5145355734575876,0.528,1.4
ENSPD002410,Male,20.0,Mecanique,4,0.8553654743390359,9.0,0.4799554565701559,0.379,0.711,5.0,4.0,19.6,Yes,No,Middle,1.0,Yes,Salle 21,178.0,0.4180555555555555,1.0,2.0460080075297395,0.5449999999999999,9.0
ENSPD002411,Female,19.0,Energetique,3,0.6329704510108866,24.0,0.43875278396436523,0.446,0.257,0.0,0.9,7.6,No,Yes,Middle,2.0,No,Salle 14,104.0,0.2319444444444444,0.0,2.7288567482589876,0.35150000000000003,0.9
ENSPD002412,Male,23.0,Chimie,5,0.8211508553654744,12.0,0.5022271714922049,0.81,0.7070000000000001,1.0,0.8,2.6,No,No,Middle,0.0,Yes,Salle 7,48.0,0.6347222222222223,1.0,1.293696501637483,0.7585000000000001,1.8
ENSPD002413,Male,18.0,Chimie,3,0.6485225505443236,23.0,0.388641425389755,0.5,0.789,2.0,3.0,18.6,Yes,No,Middle,3.0,Yes,Salle 27,130.0,0.5041666666666667,1.0,1.2863002066953853,0.6445000000000001,5.0
ENSPD002414,Male,22.0,Informatique,4,0.7418351477449457,17.0,0.544543429844098,0.54,0.7640000000000001,0.0,0.0,8.7,Yes,No,Low,1.0,Yes,Salle 25,230.0,0.623611111111111,1.0,1.1895606715802354,0.6520000000000001,0.0
ENSPD002415,Male,26.0,Telecom,2,0.7527216174183514,16.0,0.49109131403118034,0.564,0.601,3.0,0.7,7.8,No,No,Middle,1.0,Yes,Salle 9,161.0,0.43333333333333335,1.0,1.7370098015084683,0.5825,3.7
ENSPD002416,Female,19.0,Telecom,2,0.6547433903576981,22.0,0.6726057906458797,0.509,0.823,1.0,1.2,4.8,Yes,No,Low,1.0,Yes,Salle 13,161.0,0.5486111111111112,1.0,1.1934345527310455,0.6659999999999999,2.2
ENSPD002417,Male,18.0,Informatique,5,0.7325038880248832,17.0,0.7093541202672606,0.495,0.385,0.0,1.4,11.8,No,No,High,2.0,Yes,Salle 8,109.0,0.4013888888888889,1.0,1.8248777171569286,0.44,1.4
ENSPD002418,Male,19.0,Telecom,2,0.6500777604976672,22.0,0.6536748329621381,0.46299999999999997,0.622,1.0,0.3,9.1,No,No,High,2.0,No,Salle 19,161.0,0.4930555555555556,1.0,1.3184408303784272,0.5425,1.3
ENSPD002419,Male,24.0,Mecanique,3,0.6485225505443236,23.0,0.5712694877505569,0.616,0.601,1.0,1.1,12.2,Yes,No,Middle,0.0,Yes,Salle 13,212.0,0.6166666666666666,1.0,1.051641136431826,0.6085,2.1
ENSPD002420,Male,24.0,Informatique,2,0.9206842923794712,5.0,0.566815144766147,0.742,0.8470000000000001,1.0,1.7,11.6,Yes,No,High,1.0,Yes,Salle 5,298.0,0.6916666666666667,1.0,1.3310905756246483,0.7945,2.7
ENSPD002421,Male,21.0,Electrique,3,0.7527216174183514,16.0,0.46993318485523383,0.845,0.23600000000000002,0.0,1.4,12.2,Yes,Yes,Middle,4.0,Yes,Salle 14,188.0,0.39861111111111114,1.0,1.8883134797357453,0.5405,1.4
ENSPD002422,Male,23.0,Electrique,5,0.7853810264385693,14.0,0.47438752783964366,0.881,0.635,1.0,1.7,9.3,Yes,No,Middle,0.0,Yes,Salle 19,80.0,0.5277777777777778,1.0,1.4880621710214175,0.758,2.7
ENSPD002423,Female,25.0,Informatique,1,0.4479004665629859,36.0,0.7282850779510022,0.197,0.9890000000000001,0.0,2.2,16.8,Yes,No,Middle,0.0,Yes,Salle 7,248.0,0.6194444444444444,1.0,0.7230563451113567,0.5930000000000001,2.2
ENSPD002424,Male,26.0,Mecanique,4,0.7993779160186624,13.0,0.3162583518930958,0.682,0.154,0.0,1.0,7.4,No,No,Middle,2.0,No,Salle 1,178.0,0.20833333333333337,0.0,3.8368298290577836,0.41800000000000004,1.0
ENSPD002425,Male,22.0,Energetique,1,0.8195956454121308,12.0,0.5968819599109131,0.514,0.8029999999999999,2.0,0.1,2.3,No,No,High,1.0,Yes,Salle 17,83.0,0.5736111111111111,1.0,1.4288101144404608,0.6585,2.1
ENSPD002426,Female,17.0,Electrique,2,0.645412130637636,23.0,0.5556792873051225,0.821,0.5,0.0,0.1,9.2,No,No,Low,0.0,Yes,Salle 11,185.0,0.5402777777777777,1.0,1.1945710363692446,0.6605,0.1
ENSPD002427,Male,20.0,Chimie,1,0.9999999999999999,0.0,0.7104677060133631,0.48700000000000004,0.691,1.0,3.9,21.1,Yes,No,Middle,1.0,Yes,Salle 10,96.0,0.5513888888888888,1.0,1.8135691241871685,0.589,4.9
ENSPD002428,Female,21.0,Informatique,4,0.29237947122861585,46.0,0.3719376391982183,0.43,0.923,1.0,1.4,14.5,Yes,No,Middle,3.0,Yes,Salle 14,230.0,0.5111111111111111,1.0,0.5720355995333881,0.6765,2.4
ENSPD002429,Male,21.0,Informatique,1,0.8662519440124418,9.0,0.6124721603563474,0.36200000000000004,0.6990000000000001,1.0,2.9,18.7,Yes,No,Middle,2.0,Yes,Salle 11,248.0,0.5097222222222222,1.0,1.6994255145102282,0.5305000000000001,3.9
ENSPD002430,Female,22.0,Mecanique,3,0.7231726283048211,9.0,0.6670378619153674,0.5660000000000001,0.927,1.0,5.3,25.9,Yes,No,Middle,1.0,Yes,Salle 21,212.0,0.6972222222222222,1.0,1.0372048296906324,0.7465,6.3
ENSPD002431,Female,24.0,Mecanique,2,0.8211508553654744,12.0,0.29175946547884185,0.785,0.542,1.0,2.8,12.5,Yes,No,Middle,1.0,Yes,Salle 21,231.0,0.4180555555555555,1.0,1.96416768722855,0.6635,3.8
ENSPD002432,Female,25.0,Mecanique,1,0.7527216174183514,16.0,0.4309576837416481,0.6659999999999999,0.568,1.0,2.4,13.7,Yes,No,High,1.0,Yes,Salle 23,186.0,0.38194444444444453,1.0,1.9707104560942872,0.617,3.4
ENSPD002433,Other,22.0,Informatique,4,0.822706065318818,11.0,0.6113585746102449,0.40399999999999997,0.797,1.0,2.1,7.4,Yes,No,Middle,2.0,Yes,Salle 15,230.0,0.6083333333333333,1.0,1.352371301269817,0.6005,3.1
ENSPD002434,Male,24.0,Electrique,1,0.8818040435458788,8.0,0.6959910913140313,0.616,0.552,1.0,0.6,12.1,Yes,No,Middle,0.0,Yes,Salle 9,143.0,0.6152777777777778,1.0,1.4331570939547547,0.5840000000000001,1.6
ENSPD002435,Female,23.0,Mecanique,2,0.5847589424572316,27.0,0.6403118040089087,0.737,0.7590000000000001,0.0,6.3,11.5,No,No,Middle,2.0,Yes,Salle 7,231.0,0.6555555555555557,1.0,0.8919915598092714,0.748,6.3
ENSPD002436,Male,22.0,Telecom,2,0.7760497667185068,14.0,0.7037861915367484,0.76,0.877,2.0,1.6,19.2,No,No,Middle,1.0,Yes,Salle 7,161.0,0.8152777777777778,1.0,0.9518721951576147,0.8185,3.6
ENSPD002437,Male,24.0,Informatique,3,0.6858475894245722,20.0,0.4298440979955457,0.851,0.8140000000000001,1.0,0.5,3.8,Yes,No,Middle,1.0,No,Salle 11,263.0,0.6083333333333333,1.0,1.127402162306218,0.8325,1.5
ENSPD002438,Male,22.0,GenieCivil,3,0.5163297045101088,31.0,0.3452115812917595,0.325,0.324,2.0,1.4,9.5,No,No,Middle,1.0,Yes,Salle 27,185.0,0.22499999999999998,0.0,2.2946967001915866,0.3245,3.4
ENSPD002439,Male,26.0,Informatique,1,0.8538102643856921,9.0,0.6247216035634744,0.456,0.5720000000000001,1.0,3.4,26.1,Yes,No,High,1.0,Yes,Salle 9,248.0,0.4930555555555556,1.0,1.731636401621427,0.514,4.4
ENSPD002440,Male,19.0,GenieCivil,2,0.6143079315707621,25.0,0.4053452115812918,0.768,0.696,0.0,0.6,8.4,No,No,Middle,2.0,Yes,Salle 29,177.0,0.47916666666666674,1.0,1.2820071892150329,0.732,0.6
ENSPD002441,Male,21.0,Informatique,2,0.44012441679626746,36.0,0.4654788418708241,0.474,0.5910000000000001,1.0,0.1,4.1,No,No,Low,2.0,No,Salle 24,298.0,0.38055555555555554,1.0,1.156500924403857,0.5325,1.1
ENSPD002442,Male,22.0,Energetique,2,0.6189735614307931,24.0,0.7661469933184856,0.5700000000000001,0.6559999999999999,0.0,1.1,9.5,Yes,No,Middle,1.0,Yes,Salle 1,71.0,0.6319444444444444,1.0,0.9794591475259535,0.613,1.1
ENSPD002443,Female,23.0,Chimie,4,0.5707620528771385,28.0,0.6414253897550111,0.606,0.635,1.0,3.4,15.1,No,Yes,Middle,0.0,Yes,Salle 28,93.0,0.5472222222222223,1.0,1.042997889560241,0.6205,4.4
ENSPD002444,Female,25.0,GenieCivil,4,0.9113530326594089,6.0,0.5155902004454344,0.39,0.535,0.0,1.1,1.3,Yes,No,Low,1.0,Yes,Salle 14,173.0,0.3944444444444445,1.0,2.310413903291094,0.4625,1.1
ENSPD002445,Male,22.0,Informatique,3,0.7480559875583203,16.0,0.4933184855233853,0.555,0.601,1.0,3.3,20.6,No,No,High,1.0,Yes,Salle 5,263.0,0.46805555555555556,1.0,1.5981863623150798,0.5780000000000001,4.3
ENSPD002446,Male,19.0,Electrique,2,0.9782270606531881,1.0,0.7138084632516704,0.616,0.635,1.0,3.5,10.9,Yes,No,Middle,2.0,No,Salle 27,185.0,0.5736111111111111,1.0,1.7053540075579687,0.6255,4.5
ENSPD002447,Male,24.0,Chimie,3,0.5956454121306377,26.0,0.645879732739421,0.751,0.544,2.0,3.9,15.1,Yes,No,Middle,1.0,Yes,Salle 18,130.0,0.513888888888889,1.0,1.1590712200574993,0.6475,5.9
ENSPD002448,Male,24.0,Informatique,4,0.8833592534992224,8.0,0.40757238307349664,0.8200000000000001,0.335,1.0,1.8,12.4,Yes,Yes,Low,1.0,Yes,Salle 26,230.0,0.32361111111111107,0.0,2.7296094821080215,0.5775,2.8
ENSPD002449,Male,18.0,Electrique,3,0.9999999999999999,0.0,0.28507795100222716,0.802,0.663,4.0,2.4,12.0,No,No,High,2.0,Yes,Salle 10,188.0,0.5527777777777778,1.0,1.8090125002763768,0.7325,6.4
ENSPD002450,Male,22.0,Telecom,4,0.7869362363919129,14.0,0.9242761692650334,0.693,0.635,2.0,0.6,9.4,Yes,No,Middle,3.0,No,Salle 19,121.0,0.7250000000000001,1.0,1.0854143203430475,0.6639999999999999,2.6
ENSPD002451,Male,19.0,Chimie,4,0.880248833592535,8.0,0.4064587973273942,0.679,0.457,1.0,1.4,12.2,No,No,Low,1.0,Yes,Salle 11,93.0,0.3902777777777777,1.0,2.25538406199779,0.5680000000000001,2.4
ENSPD002452,Female,21.0,Chimie,3,0.8491446345256609,10.0,0.6113585746102449,0.6659999999999999,0.997,1.0,1.5,11.5,Yes,No,Middle,1.0,Yes,Salle 30,130.0,0.8180555555555555,1.0,1.0379909394290527,0.8314999999999999,2.5
ENSPD002453,Male,20.0,Telecom,2,0.45412130637636083,35.0,0.8630289532293988,0.507,0.5910000000000001,0.0,0.0,2.6,Yes,No,Middle,0.0,Yes,Salle 18,161.0,0.5666666666666667,1.0,0.8013763987277182,0.549,0.0
ENSPD002454,Male,24.0,Energetique,4,0.8289269051321929,11.0,0.6347438752783965,0.435,0.6970000000000001,1.0,1.3,11.5,No,No,Low,2.0,Yes,Salle 26,70.0,0.47777777777777775,1.0,1.7349269773864586,0.5660000000000001,2.3
ENSPD002455,Female,22.0,GenieCivil,1,0.7776049766718508,14.0,0.5100222717149221,0.49600000000000005,0.512,0.0,0.2,8.5,Yes,No,High,1.0,Yes,Salle 30,149.0,0.3375,0.0,2.3039464806134653,0.504,0.2
ENSPD002456,Male,19.0,Electrique,4,0.671850699844479,21.0,0.3719376391982183,0.561,0.557,0.0,0.2,9.5,Yes,No,Middle,2.0,No,Salle 15,157.0,0.3416666666666667,0.0,1.966334740967032,0.559,0.2
ENSPD002457,Male,24.0,Chimie,4,0.5552099533437015,29.0,0.36971046770601335,0.502,0.705,2.0,4.1,24.8,Yes,No,High,3.0,Yes,Salle 4,93.0,0.4194444444444444,1.0,1.3236478017989806,0.6034999999999999,6.1
ENSPD002458,Female,19.0,Electrique,4,0.8491446345256609,10.0,0.6737193763919822,0.6940000000000001,0.574,2.0,2.0,12.0,Yes,No,Low,1.0,Yes,Salle 1,157.0,0.5638888888888889,1.0,1.5058455536218962,0.634,4.0
ENSPD002459,Male,23.0,Energetique,3,0.5381026438569206,30.0,0.8530066815144766,0.6559999999999999,0.6409999999999999,1.0,2.1,11.9,Yes,No,Middle,2.0,Yes,Salle 22,104.0,0.5569444444444444,1.0,0.966151988236079,0.6484999999999999,3.1
ENSPD002460,Male,20.0,Informatique,1,0.9999999999999999,0.0,0.544543429844098,0.6759999999999999,0.8009999999999999,1.0,1.0,5.2,Yes,No,Middle,1.0,No,Salle 26,248.0,0.6694444444444445,1.0,1.4937536202778712,0.7384999999999999,2.0
ENSPD002461,Other,22.0,Mecanique,1,0.7418351477449457,17.0,0.5178173719376392,0.6829999999999999,0.536,2.0,1.4,12.3,Yes,No,Middle,2.0,Yes,Salle 26,186.0,0.4930555555555556,1.0,1.5045365456710762,0.6094999999999999,3.4
ENSPD002462,Female,23.0,Mecanique,4,0.49144634525660946,33.0,0.7271714922048997,0.835,0.374,1.0,1.4,9.3,Yes,Yes,Middle,1.0,Yes,Salle 30,178.0,0.5125,1.0,0.9589009877985006,0.6045,2.4
ENSPD002463,Female,23.0,Mecanique,4,0.6236391912908242,24.0,0.4955456570155903,0.618,0.335,1.0,1.1,12.0,Yes,No,Middle,1.0,No,Salle 12,178.0,0.2847222222222222,0.0,2.1902655991077067,0.47650000000000003,2.1
ENSPD002464,Male,25.0,Mecanique,3,0.6687402799377916,21.0,0.655902004454343,0.616,0.9279999999999999,1.0,1.8,4.7,Yes,No,Middle,0.0,Yes,Salle 24,212.0,0.8416666666666666,1.0,0.7945334668551959,0.772,2.8
ENSPD002465,Female,22.0,Electrique,1,0.9999999999999999,0.0,0.6169265033407572,0.713,0.826,1.0,0.4,10.3,Yes,No,Middle,1.0,No,Salle 7,143.0,0.6861111111111111,1.0,1.4574686360846563,0.7695,1.4
ENSPD002466,Male,23.0,Informatique,5,0.5552099533437015,29.0,0.5423162583518931,0.823,0.7709999999999999,2.0,0.6,5.6,No,No,Middle,1.0,Yes,Salle 1,109.0,0.6083333333333333,1.0,0.9126588932955101,0.7969999999999999,2.6
ENSPD002467,Male,21.0,Chimie,5,0.6982892690513217,19.0,0.6080178173719376,0.9109999999999999,0.5529999999999999,1.0,1.4,11.5,Yes,No,Low,2.0,Yes,Salle 26,48.0,0.65,1.0,1.074274655853482,0.732,2.4
ENSPD002468,Male,22.0,Electrique,2,0.6189735614307931,24.0,0.6113585746102449,0.616,0.373,2.0,1.0,3.8,Yes,No,Low,0.0,Yes,Salle 12,185.0,0.5305555555555556,1.0,1.1666297499894531,0.4945,3.0
ENSPD002469,Male,23.0,Mecanique,3,0.8133748055987559,12.0,0.7115812917594654,0.639,0.584,2.0,3.4,16.6,Yes,No,Middle,2.0,Yes,Salle 5,212.0,0.4194444444444444,1.0,1.9391254911508873,0.6114999999999999,5.4
ENSPD002470,Male,22.0,Mecanique,4,0.6220839813374807,24.0,0.7928730512249444,0.638,0.621,0.0,3.4,15.7,No,No,Middle,1.0,Yes,Salle 14,178.0,0.5958333333333332,1.0,1.044039509273938,0.6295,3.4
ENSPD002471,Male,18.0,Electrique,4,0.5069984447900465,32.0,0.45657015590200445,0.535,0.414,1.0,0.8,8.3,Yes,No,Middle,1.0,Yes,Salle 17,157.0,0.28055555555555556,0.0,1.8070587595334893,0.47450000000000003,1.8
ENSPD002472,Female,23.0,Chimie,5,0.6842923794712287,20.0,0.7928730512249444,0.529,0.635,2.0,1.2,11.6,Yes,No,Middle,0.0,Yes,Salle 9,48.0,0.3472222222222222,0.0,1.9707052965645975,0.5820000000000001,3.2
ENSPD002473,Female,23.0,Telecom,1,0.6640746500777605,22.0,0.7171492204899776,0.782,0.294,0.0,7.5,34.5,No,No,Low,2.0,Yes,Salle 29,121.0,0.43472222222222223,1.0,1.5275487211028613,0.538,7.5
ENSPD002474,Female,21.0,Telecom,3,0.609642301710731,25.0,0.3596881959910913,0.44700000000000006,0.7709999999999999,2.0,3.5,17.1,Yes,Yes,High,0.0,Yes,Salle 15,154.0,0.4,1.0,1.5240676525855126,0.609,5.5
ENSPD002475,Male,19.0,Energetique,3,0.6189735614307931,24.0,0.700445434298441,0.9109999999999999,0.399,2.0,0.5,7.6,Yes,Yes,Middle,2.0,Yes,Salle 10,104.0,0.5111111111111111,1.0,1.2110115351823854,0.655,2.5
ENSPD002476,Female,25.0,Electrique,4,0.9409020217729395,4.0,0.5244988864142539,0.593,0.7020000000000001,1.0,0.7,8.4,No,No,Middle,0.0,Yes,Salle 24,157.0,0.5569444444444444,1.0,1.6893698060197337,0.6475,1.7
ENSPD002477,Male,23.0,Telecom,4,0.6609642301710731,22.0,0.6113585746102449,1.0,0.56,1.0,0.2,10.9,Yes,No,Middle,1.0,No,Salle 26,121.0,0.5930555555555557,1.0,1.1144876379676327,0.78,1.2
ENSPD002478,Female,22.0,Chimie,5,0.5085536547433903,32.0,0.6314031180400892,0.495,0.758,1.0,2.3,11.8,Yes,Yes,Low,1.0,Yes,Salle 10,48.0,0.4652777777777778,1.0,1.0929873489741146,0.6265000000000001,3.3
ENSPD002479,Male,20.0,Telecom,3,0.6345256609642301,24.0,0.700445434298441,0.665,0.635,3.0,0.8,7.8,Yes,No,Middle,3.0,Yes,Salle 26,154.0,0.6638888888888889,1.0,0.9557564737398218,0.65,3.8
ENSPD002480,Female,20.0,Informatique,4,0.7309486780715396,17.0,0.6358574610244989,0.557,0.594,2.0,1.5,11.5,Yes,No,High,0.0,Yes,Salle 4,230.0,0.4916666666666667,1.0,1.4866450405853566,0.5755,3.5
ENSPD002481,Male,25.0,Energetique,2,0.47122861586314146,34.0,0.5924276169265034,0.47700000000000004,0.6659999999999999,1.0,2.9,11.5,No,Yes,Low,1.0,Yes,Salle 4,71.0,0.5388888888888889,1.0,0.874428627668409,0.5715,3.9
ENSPD002482,Female,22.0,GenieCivil,2,0.9999999999999999,0.0,0.5545657015590201,0.616,0.618,1.0,3.6,17.9,No,Yes,Middle,3.0,Yes,Salle 27,177.0,0.6486111111111111,1.0,1.541732118905233,0.617,4.6
ENSPD002483,Female,21.0,Chimie,2,0.8818040435458788,8.0,1.0,0.42100000000000004,0.517,4.0,0.8,4.5,Yes,Yes,Middle,1.0,Yes,Salle 15,119.0,0.46666666666666656,1.0,1.889539603178244,0.46900000000000003,4.8
ENSPD002484,Male,23.0,Informatique,4,0.9875583203732504,1.0,0.4131403118040089,0.616,0.836,1.0,0.5,2.0,No,No,High,1.0,Yes,Salle 15,230.0,0.5569444444444444,1.0,1.7731402096240179,0.726,1.5
ENSPD002485,Male,20.0,Mecanique,5,0.7931570762052876,13.0,0.7561247216035635,0.726,0.555,2.0,3.8,21.1,Yes,No,Low,0.0,Yes,Salle 25,67.0,0.6222222222222222,1.0,1.2746962434260145,0.6405000000000001,5.8
ENSPD002486,Other,25.0,Mecanique,2,0.3297045101088646,43.0,0.6124721603563474,0.7540000000000001,0.623,1.0,1.0,14.3,No,No,Low,1.0,Yes,Salle 12,231.0,0.513888888888889,1.0,0.641574670110156,0.6885000000000001,2.0
ENSPD002487,Male,25.0,Mecanique,1,0.9999999999999999,0.0,0.46770601336302897,0.369,0.35700000000000004,0.0,3.5,27.4,Yes,Yes,Middle,1.0,Yes,Salle 17,186.0,0.2875,0.0,3.4781398907864074,0.363,3.5
ENSPD002488,Female,21.0,Informatique,4,0.5583203732503886,28.0,0.6024498886414253,0.725,0.6950000000000001,1.0,0.3,6.0,Yes,No,Middle,0.0,No,Salle 10,230.0,0.623611111111111,1.0,0.8952878010425667,0.71,1.3
ENSPD002489,Female,21.0,Chimie,3,0.5738724727838257,27.0,0.3775055679287305,0.643,0.635,3.0,4.9,26.6,Yes,No,Middle,1.0,Yes,Salle 30,130.0,0.37777777777777777,1.0,1.5190339829399901,0.639,7.9
ENSPD002490,Male,17.0,Informatique,5,0.749611197511664,16.0,0.5111358574610245,0.455,0.545,1.0,1.4,12.4,Yes,Yes,Middle,0.0,Yes,Salle 12,109.0,0.3847222222222222,1.0,1.94839723374843,0.5,2.4
ENSPD002491,Male,19.0,Mecanique,2,0.9766718506998445,2.0,0.6024498886414253,0.478,0.47200000000000003,2.0,0.4,5.8,Yes,No,Middle,1.0,Yes,Salle 3,231.0,0.3944444444444445,1.0,2.4760067086464286,0.475,2.4
ENSPD002492,Male,19.0,Informatique,1,0.9160186625194401,5.0,0.35077951002227176,0.254,0.615,0.0,1.5,16.1,Yes,Yes,High,1.0,Yes,Salle 10,248.0,0.3111111111111111,0.0,2.94425106431399,0.4345,1.5
ENSPD002493,Female,22.0,Electrique,3,0.8895800933125974,7.0,0.6948775055679287,0.929,0.239,0.0,4.1,20.7,Yes,No,Middle,0.0,Yes,Salle 21,188.0,0.5402777777777777,1.0,1.6464930910920677,0.5840000000000001,4.1
ENSPD002494,Male,21.0,Mecanique,1,0.6625194401244167,22.0,0.4487750556792873,0.8029999999999999,0.7759999999999999,3.0,1.0,13.3,Yes,No,Middle,1.0,Yes,Salle 20,186.0,0.6069444444444445,1.0,1.091547225971517,0.7894999999999999,4.0
ENSPD002495,Male,22.0,Mecanique,2,0.6594090202177293,22.0,0.3674832962138085,0.38799999999999996,0.632,0.0,0.4,5.2,No,Yes,Low,0.0,Yes,Salle 17,231.0,0.3638888888888888,0.0,1.8120665941881184,0.51,0.4
ENSPD002496,Male,21.0,GenieCivil,1,0.7853810264385693,14.0,0.4298440979955457,0.7640000000000001,0.547,1.0,1.7,7.2,Yes,No,Middle,0.0,Yes,Salle 27,149.0,0.5180555555555555,1.0,1.5159877317000048,0.6555000000000001,2.7
ENSPD002497,Male,23.0,Electrique,2,0.6951788491446346,20.0,0.9732739420935412,0.517,0.33,1.0,3.6,15.0,No,No,Middle,2.0,No,Salle 23,185.0,0.5430555555555555,0.0,1.2801011628024674,0.4235,4.6
ENSPD002498,Female,23.0,Informatique,1,0.8864696734059098,7.0,0.2795100222717149,0.785,0.7270000000000001,1.0,0.3,0.0,Yes,Yes,High,1.0,Yes,Salle 24,248.0,0.5111111111111111,1.0,1.7343632539044214,0.756,1.3
ENSPD002499,Other,18.0,Informatique,5,0.8755832037325039,8.0,0.6826280623608018,0.531,0.513,1.0,0.1,11.5,No,No,Middle,1.0,Yes,Salle 16,109.0,0.41527777777777775,1.0,2.108377011280674,0.522,1.1
ENSPD002500,Male,22.0,Mecanique,2,0.8304821150855365,11.0,0.48440979955456576,0.555,0.9009999999999999,1.0,0.1,10.5,Yes,No,High,1.0,Yes,Salle 3,231.0,0.6041666666666667,1.0,1.3745683355622302,0.728,1.1
ENSPD002501,Female,19.0,Energetique,2,0.24883359253499227,48.0,0.5512249443207128,0.568,0.737,2.0,0.5,4.1,No,No,Middle,0.0,Yes,Salle 7,71.0,0.5513888888888888,1.0,0.4512769204820327,0.6525,2.5
ENSPD002502,Female,24.0,Mecanique,4,0.7433903576982893,16.0,0.7115812917594654,0.502,0.9470000000000001,4.0,0.0,0.7,No,No,High,1.0,Yes,Salle 16,178.0,0.6277777777777779,1.0,1.1841427692805961,0.7245,4.0
ENSPD002503,Male,24.0,Electrique,3,0.6998444790046657,19.0,0.7026726057906458,0.872,0.667,1.0,1.1,6.3,Yes,No,High,0.0,Yes,Salle 3,188.0,0.7041666666666668,1.0,0.9938478682025802,0.7695000000000001,2.1
ENSPD002504,Female,20.0,Mecanique,3,0.7511664074650078,16.0,0.6113585746102449,0.782,0.856,0.0,2.4,11.5,No,No,Low,3.0,Yes,Salle 26,212.0,0.6486111111111111,1.0,1.1580973770314584,0.819,2.4
ENSPD002505,Male,20.0,GenieCivil,3,0.5785381026438571,27.0,0.3830734966592428,0.64,0.733,3.0,1.4,11.3,Yes,No,Middle,3.0,Yes,Salle 15,185.0,0.4805555555555555,1.0,1.203869266025612,0.6865,4.4
ENSPD002506,Male,21.0,Informatique,4,0.47278382581648504,34.0,0.7138084632516704,0.804,0.55,0.0,2.0,15.2,Yes,No,Middle,1.0,Yes,Salle 2,230.0,0.575,1.0,0.8222184410992593,0.677,2.0
ENSPD002507,Female,17.0,Informatique,4,0.8071539657853809,12.0,0.7026726057906458,0.327,0.677,1.0,0.7,6.6,Yes,No,Low,1.0,Yes,Salle 23,230.0,0.4819444444444444,1.0,1.6747515768130294,0.502,1.7
ENSPD002508,Male,23.0,GenieCivil,3,0.6531881804043546,22.0,0.5623608017817372,0.399,0.473,0.0,2.7,20.1,Yes,Yes,Middle,0.0,Yes,Salle 12,185.0,0.2791666666666667,0.0,2.3396947467112383,0.436,2.7
ENSPD002509,Female,21.0,Mecanique,4,0.8273716951788491,11.0,0.6837416481069042,0.705,1.0,3.0,1.7,14.5,No,Yes,Low,1.0,Yes,Salle 22,178.0,0.7625,1.0,1.0850634026817343,0.8525,4.7
ENSPD002510,Female,24.0,Informatique,3,0.5940902021772939,26.0,0.5356347438752784,0.752,0.62,2.0,3.9,16.1,No,No,Low,3.0,Yes,Salle 26,263.0,0.5458333333333333,1.0,1.0883895907445251,0.6859999999999999,5.9
ENSPD002511,Male,20.0,Electrique,2,0.984447900466563,1.0,0.4721603563474388,0.67,0.645,1.0,1.3,5.2,Yes,No,Middle,1.0,Yes,Salle 7,185.0,0.5819444444444444,1.0,1.691623648318992,0.6575,2.3
ENSPD002512,Female,21.0,Energetique,4,0.906687402799378,6.0,0.6113585746102449,0.281,0.718,2.0,0.4,7.4,Yes,Yes,Middle,0.0,Yes,Salle 15,70.0,0.5263888888888889,1.0,1.7224341121106728,0.4995,2.4
ENSPD002513,Male,19.0,Mecanique,3,0.7760497667185068,14.0,0.6971046770601336,0.429,0.423,1.0,2.0,12.3,Yes,No,Middle,1.0,No,Salle 26,212.0,0.43194444444444435,1.0,1.7966009534098406,0.426,3.0
ENSPD002514,Male,20.0,Electrique,4,0.6796267496111975,21.0,0.6614699331848551,0.6950000000000001,0.904,2.0,0.3,11.3,Yes,No,Middle,1.0,Yes,Salle 21,157.0,0.6736111111111112,1.0,1.0089154546985328,0.7995000000000001,2.3
ENSPD002515,Female,20.0,Energetique,1,0.8786936236391912,8.0,0.6948775055679287,1.0,0.435,1.0,6.6,33.0,Yes,No,High,0.0,Yes,Salle 18,83.0,0.6138888888888889,1.0,1.4313328131763865,0.7175,7.6
ENSPD002516,Female,24.0,Telecom,2,0.7931570762052876,13.0,0.4832962138084633,0.8390000000000001,0.39,2.0,2.4,12.8,Yes,No,High,0.0,Yes,Salle 22,161.0,0.44166666666666665,1.0,1.7957866830304694,0.6145,4.4
ENSPD002517,Male,21.0,GenieCivil,5,0.7651632970451011,15.0,0.8741648106904232,0.904,0.6070000000000001,3.0,2.8,22.9,Yes,Yes,Middle,1.0,Yes,Salle 27,70.0,0.7777777777777779,1.0,0.9837687334599854,0.7555000000000001,5.8
ENSPD002518,Male,22.0,Chimie,2,0.9144634525660965,6.0,0.5534521158129176,0.6809999999999999,0.384,2.0,2.3,12.5,No,Yes,Middle,1.0,No,Salle 15,119.0,0.4708333333333333,1.0,1.9421820122038396,0.5325,4.3
ENSPD002519,Female,21.0,Informatique,5,0.9860031104199066,1.0,0.5902004454342985,0.68,0.9520000000000001,1.0,0.2,0.4,Yes,No,Middle,1.0,Yes,Salle 19,109.0,0.7638888888888888,1.0,1.2907508110845327,0.8160000000000001,1.2
ENSPD002520,Female,19.0,GenieCivil,5,0.4867807153965785,33.0,0.38975501113585753,0.434,0.594,0.0,1.3,9.4,Yes,No,Low,4.0,No,Salle 25,70.0,0.38750000000000007,1.0,1.256175880355548,0.514,1.3
ENSPD002521,Female,22.0,Mecanique,4,0.5241057542768274,31.0,0.5779510022271716,0.616,0.0,1.0,2.1,10.2,No,Yes,Middle,0.0,Yes,Salle 26,178.0,0.37083333333333335,0.0,1.413280776995211,0.308,3.1
ENSPD002522,Male,23.0,Informatique,3,0.5738724727838257,27.0,0.6993318485523385,0.6070000000000001,0.68,2.0,0.5,10.9,Yes,No,Middle,0.0,Yes,Salle 5,263.0,0.6263888888888889,1.0,0.9161454194175936,0.6435000000000001,2.5
ENSPD002523,Male,20.0,GenieCivil,3,0.44012441679626746,36.0,0.7371937639198219,0.745,0.751,0.0,2.3,9.7,Yes,No,Middle,1.0,No,Salle 20,185.0,0.6527777777777778,1.0,0.6742228206149025,0.748,2.3
ENSPD002524,Male,24.0,Informatique,4,0.7076205287713843,19.0,0.8708240534521159,0.626,0.556,1.0,3.4,22.0,Yes,No,Middle,1.0,Yes,Salle 20,230.0,0.5416666666666667,1.0,1.306352243536521,0.591,4.4
ENSPD002525,Female,20.0,Electrique,4,0.8320373250388803,11.0,0.6971046770601336,0.67,0.369,1.0,0.6,6.4,Yes,No,Low,2.0,No,Salle 16,157.0,0.44027777777777777,1.0,1.889757942494662,0.5195000000000001,1.6
ENSPD002526,Male,21.0,GenieCivil,3,0.7153965785381026,18.0,0.6570155902004455,0.604,0.619,1.0,1.4,0.3,Yes,No,Low,5.0,Yes,Salle 14,185.0,0.6486111111111111,1.0,1.102949882887103,0.6114999999999999,2.4
ENSPD002527,Male,23.0,GenieCivil,5,0.6205287713841366,24.0,0.5356347438752784,0.66,0.544,0.0,4.3,23.9,Yes,Yes,Middle,2.0,Yes,Salle 26,70.0,0.39722222222222214,1.0,1.5621310071794643,0.6020000000000001,4.3
ENSPD002528,Female,21.0,Informatique,3,0.9300155520995333,4.0,0.5,0.8,0.445,1.0,0.0,9.7,Yes,No,Middle,1.0,Yes,Salle 21,263.0,0.45833333333333337,1.0,2.0290805700956343,0.6225,1.0
ENSPD002529,Male,22.0,Informatique,5,0.7231726283048211,16.0,0.7728285077951002,0.392,0.42700000000000005,3.0,0.6,7.8,Yes,No,Middle,1.0,Yes,Salle 6,109.0,0.4527777777777777,1.0,1.5971558063118583,0.40950000000000003,3.6
ENSPD002530,Other,21.0,Electrique,1,0.7838258164852253,14.0,0.7694877505567929,0.35100000000000003,0.6709999999999999,1.0,1.0,8.2,No,No,Middle,1.0,Yes,Salle 7,143.0,0.4638888888888889,1.0,1.6896479712693684,0.511,2.0
ENSPD002531,Female,22.0,Energetique,1,0.9362363919129083,4.0,0.4298440979955457,0.616,0.821,0.0,2.2,21.2,Yes,No,Low,1.0,Yes,Salle 10,83.0,0.6486111111111111,1.0,1.4434257163000785,0.7184999999999999,2.2
ENSPD002532,Female,17.0,Informatique,2,0.6967340590979781,20.0,0.7305122494432071,0.8790000000000001,0.7320000000000001,1.0,11.7,56.6,No,No,Middle,2.0,Yes,Salle 26,298.0,0.7722222222222221,1.0,0.9022338605517057,0.8055000000000001,12.7
ENSPD002533,Male,18.0,Mecanique,2,0.9999999999999999,0.0,0.7193763919821826,0.925,0.294,1.0,0.9,11.7,No,No,Low,0.0,Yes,Salle 9,231.0,0.45000000000000007,1.0,2.2221728406035415,0.6095,1.9
ENSPD002534,Male,23.0,Telecom,4,0.6360808709175737,23.0,0.4242761692650334,0.4,0.763,2.0,5.9,20.6,Yes,No,Middle,2.0,No,Salle 4,121.0,0.3944444444444445,1.0,1.612558509293613,0.5815,7.9
ENSPD002535,Female,24.0,Informatique,1,0.9999999999999999,0.0,0.700445434298441,0.547,0.794,4.0,0.9,5.8,No,No,Middle,1.0,Yes,Salle 22,248.0,0.6069444444444445,1.0,1.6475701086847079,0.6705000000000001,4.9
ENSPD002536,Female,20.0,Telecom,5,0.5381026438569206,30.0,0.43541202672605794,0.354,0.919,1.0,2.4,13.7,Yes,No,Middle,2.0,Yes,Salle 23,60.0,0.525,1.0,1.0249378942437681,0.6365000000000001,3.4
ENSPD002537,Female,22.0,GenieCivil,2,0.8164852255054432,12.0,0.2048997772828508,0.521,0.45,2.0,0.4,8.5,No,No,Middle,1.0,Yes,Salle 11,177.0,0.2513888888888889,0.0,3.247767836660194,0.48550000000000004,2.4
ENSPD002538,Male,23.0,GenieCivil,2,0.7231726283048211,26.0,0.5835189309576838,0.8220000000000001,0.629,3.0,1.2,11.5,Yes,Yes,Middle,1.0,No,Salle 25,177.0,0.5902777777777778,1.0,1.225118756528057,0.7255,4.2
ENSPD002539,Female,23.0,Mecanique,2,0.9284603421461898,5.0,0.6536748329621381,0.618,0.7540000000000001,1.0,4.1,17.2,Yes,No,High,1.0,Yes,Salle 1,231.0,0.6152777777777778,1.0,1.5089855116243183,0.686,5.1
ENSPD002540,Female,18.0,Mecanique,3,0.6314152410575428,24.0,0.5913140311804008,0.5529999999999999,0.635,0.0,0.8,10.5,Yes,No,Middle,1.0,Yes,Salle 8,212.0,0.4027777777777778,1.0,1.5676127129306816,0.594,0.8
ENSPD002541,Female,20.0,Mecanique,1,0.7231726283048211,14.0,1.0,0.718,0.75,1.0,0.2,1.1,No,No,Middle,1.0,Yes,Salle 11,186.0,0.8430555555555557,1.0,0.8577893184454338,0.734,1.2
ENSPD002542,Female,21.0,Telecom,1,0.5987558320373251,26.0,0.6113585746102449,0.47700000000000004,0.635,1.0,1.5,11.5,Yes,Yes,Middle,1.0,Yes,Salle 30,121.0,0.5888888888888888,1.0,1.0167379211175522,0.556,2.5
ENSPD002543,Male,23.0,Chimie,4,0.8942457231726283,7.0,0.6347438752783965,0.907,0.47100000000000003,2.0,1.2,5.4,No,No,Low,2.0,Yes,Salle 22,93.0,0.5972222222222222,1.0,1.4973166046621833,0.6890000000000001,3.2
ENSPD002544,Female,27.0,Electrique,1,0.5972006220839813,26.0,0.6815144766146994,0.621,0.488,1.0,0.5,12.0,Yes,Yes,High,2.0,No,Salle 21,143.0,0.4541666666666666,1.0,1.3149081974356118,0.5545,1.5
ENSPD002545,Male,22.0,Chimie,2,0.9999999999999999,0.0,0.5367483296213809,0.5479999999999999,0.89,1.0,4.7,24.8,Yes,No,Middle,2.0,No,Salle 3,119.0,0.6152777777777778,1.0,1.6252557520509823,0.719,5.7
ENSPD002546,Male,19.0,Mecanique,4,0.5334370139968895,30.0,0.7650334075723831,0.726,0.441,2.0,1.8,10.7,Yes,Yes,Middle,0.0,Yes,Salle 3,178.0,0.4458333333333333,1.0,1.1964674003503986,0.5835,3.8
ENSPD002547,Male,23.0,Electrique,1,0.4696734059097979,34.0,0.6703786191536749,0.789,0.406,1.0,0.9,11.5,No,No,Middle,1.0,Yes,Salle 19,143.0,0.47916666666666674,1.0,0.9801675218808605,0.5975,1.9
ENSPD002548,Male,25.0,GenieCivil,2,0.8973561430793159,7.0,0.6625835189309577,0.616,0.7090000000000001,1.0,11.1,46.8,No,No,Low,1.0,Yes,Salle 19,177.0,0.6333333333333333,1.0,1.4168557492449845,0.6625000000000001,12.1
ENSPD002549,Male,22.0,Chimie,1,0.609642301710731,25.0,0.5055679287305123,0.5820000000000001,0.634,1.0,0.3,6.3,No,Yes,Middle,1.0,Yes,Salle 6,96.0,0.4888888888888888,1.0,1.2469701109287719,0.6080000000000001,1.3
ENSPD002550,Male,20.0,Mecanique,2,0.7185069984447902,18.0,0.34855233853006684,0.8150000000000001,0.635,0.0,3.8,16.2,Yes,No,High,2.0,Yes,Salle 6,231.0,0.36249999999999993,0.0,1.9820335947830137,0.7250000000000001,3.8
ENSPD002551,Male,24.0,Electrique,3,0.6594090202177293,22.0,0.5267260579064588,0.638,0.536,3.0,0.5,8.2,Yes,No,Low,1.0,Yes,Salle 20,188.0,0.5194444444444445,1.0,1.269426082056081,0.587,3.5
ENSPD002552,Male,23.0,Telecom,1,0.47433903576982883,34.0,0.6570155902004455,0.51,0.635,0.0,0.5,6.0,No,No,Middle,1.0,Yes,Salle 12,121.0,0.4180555555555555,1.0,1.134604440539219,0.5725,0.5
ENSPD002553,Female,20.0,GenieCivil,4,0.7060653188180402,19.0,0.6113585746102449,0.48,0.512,3.0,1.4,9.8,Yes,No,Low,2.0,No,Salle 9,173.0,0.3416666666666667,0.0,2.066472158331093,0.496,4.4
ENSPD002554,Female,23.0,Informatique,4,0.9564541213063763,3.0,0.6592427616926504,0.423,1.0,1.0,2.2,13.6,Yes,No,Low,0.0,Yes,Salle 25,230.0,0.7319444444444445,1.0,1.306712635691867,0.7115,3.2
ENSPD002555,Male,24.0,GenieCivil,1,0.906687402799378,6.0,0.5712694877505569,0.48600000000000004,0.635,3.0,2.3,10.6,No,No,Middle,2.0,Yes,Salle 13,149.0,0.4027777777777778,1.0,2.251030077927555,0.5605,5.3
ENSPD002556,Female,24.0,Mecanique,5,0.7636080870917573,15.0,0.6826280623608018,0.821,0.46399999999999997,2.0,0.0,13.3,Yes,No,High,2.0,Yes,Salle 27,67.0,0.5569444444444444,1.0,1.371042272323453,0.6425,2.0
ENSPD002557,Male,22.0,Electrique,2,0.926905132192846,5.0,0.44654788418708236,0.747,1.0,2.0,0.7,7.0,Yes,No,Middle,0.0,Yes,Salle 29,185.0,0.7194444444444443,1.0,1.2883444384148508,0.8734999999999999,2.7
ENSPD002558,Male,21.0,Energetique,1,0.5225505443234836,31.0,0.6425389755011137,0.616,0.818,1.0,1.4,18.2,Yes,No,Middle,1.0,Yes,Salle 5,83.0,0.5652777777777778,1.0,0.924397386367878,0.717,2.4
ENSPD002559,Male,24.0,GenieCivil,1,0.6594090202177293,22.0,0.5033407572383074,0.306,0.785,3.0,4.4,17.9,Yes,No,High,0.0,Yes,Salle 30,149.0,0.4361111111111111,1.0,1.5119860135588135,0.5455,7.4
ENSPD002560,Male,20.0,GenieCivil,2,0.7931570762052876,13.0,0.3530066815144766,0.42,0.473,1.0,2.2,4.8,Yes,Yes,Middle,1.0,Yes,Salle 7,177.0,0.23888888888888882,0.0,3.3200534330412173,0.4465,3.2
ENSPD002561,Female,23.0,Electrique,3,0.6951788491446346,20.0,0.5824053452115813,0.48,0.878,3.0,0.6,8.4,No,No,Low,2.0,Yes,Salle 21,188.0,0.6208333333333333,1.0,1.1197331304375788,0.679,3.6
ENSPD002562,Female,19.0,Informatique,2,0.6734059097978228,21.0,0.8663697104677061,0.5650000000000001,0.8029999999999999,0.0,1.4,14.9,Yes,No,Low,1.0,Yes,Salle 29,298.0,0.7111111111111112,1.0,0.9469637439755385,0.6839999999999999,1.4
ENSPD002563,Male,24.0,Mecanique,4,0.4961119751166406,32.0,0.36636971046770606,0.831,0.669,3.0,2.1,18.3,No,No,Low,1.0,Yes,Salle 20,178.0,0.576388888888889,1.0,0.8607094577732175,0.75,5.1
ENSPD002564,Male,21.0,Telecom,4,0.3312597200622084,43.0,0.6302895322939867,0.521,0.297,1.0,1.4,11.5,Yes,No,Middle,1.0,Yes,Salle 19,121.0,0.2930555555555555,0.0,1.1303263511614299,0.40900000000000003,2.4
ENSPD002565,Male,25.0,Electrique,2,0.8724727838258165,8.0,0.7438752783964365,0.922,0.636,2.0,1.6,10.6,No,No,Middle,2.0,No,Salle 25,185.0,0.7333333333333334,1.0,1.1897193908616925,0.779,3.6
ENSPD002566,Male,23.0,Informatique,4,0.7651632970451011,15.0,0.9944320712694878,0.318,0.986,1.0,1.3,12.5,No,No,Middle,1.0,Yes,Salle 2,230.0,0.786111111111111,1.0,0.9733402223018947,0.652,2.3
ENSPD002567,Male,20.0,Informatique,5,0.8880248833592533,7.0,0.5278396436525613,0.557,0.684,0.0,0.8,5.7,No,No,Low,0.0,Yes,Salle 8,109.0,0.5722222222222223,1.0,1.5518610257749437,0.6205,0.8
ENSPD002568,Male,25.0,Electrique,1,0.6391912908242613,23.0,0.5044543429844098,0.761,0.5650000000000001,1.0,2.0,10.6,No,No,Middle,1.0,Yes,Salle 4,143.0,0.47638888888888886,1.0,1.3417144870237947,0.663,3.0
ENSPD002569,Female,25.0,Chimie,2,0.5863141524105754,27.0,0.41536748329621387,0.772,0.594,2.0,2.0,13.9,No,No,Low,1.0,Yes,Salle 13,119.0,0.47777777777777775,1.0,1.2271434718099339,0.683,4.0
ENSPD002570,Female,24.0,Telecom,2,0.7216174183514773,18.0,0.8006681514476615,0.56,0.608,4.0,7.1,34.3,No,No,Low,2.0,No,Salle 30,161.0,0.6513888888888888,1.0,1.1077965140259334,0.5840000000000001,11.1
ENSPD002571,Male,20.0,Mecanique,3,0.880248833592535,8.0,0.4654788418708241,0.8,0.48,0.0,1.1,7.3,No,No,Low,0.0,Yes,Salle 24,212.0,0.5125,1.0,1.7175251870061758,0.64,1.1
ENSPD002572,Female,21.0,Energetique,3,0.6765163297045101,21.0,0.6113585746102449,0.766,0.632,1.0,1.5,11.7,Yes,Yes,High,1.0,No,Salle 18,104.0,0.5902777777777778,1.0,1.1460788367520534,0.6990000000000001,2.5
ENSPD002573,Male,22.0,Electrique,2,0.8693623639191289,8.0,0.3017817371937639,0.49700000000000005,0.929,0.0,0.3,10.8,Yes,No,Middle,0.0,No,Salle 23,185.0,0.44305555555555554,1.0,1.962152898184658,0.7130000000000001,0.3
ENSPD002574,Male,21.0,Electrique,3,0.7231726283048211,30.0,0.7583518930957683,0.677,0.9059999999999999,0.0,1.6,7.9,No,No,High,3.0,No,Salle 3,188.0,0.6847222222222222,1.0,1.0561393269296497,0.7915,1.6
ENSPD002575,Male,25.0,Electrique,3,0.6905132192846034,20.0,0.8040089086859689,0.747,0.489,1.0,0.1,8.1,Yes,No,Middle,1.0,Yes,Salle 11,188.0,0.5777777777777777,1.0,1.1950983489826967,0.618,1.1
ENSPD002576,Female,22.0,Informatique,3,0.7076205287713843,19.0,0.7516703786191538,0.51,0.895,2.0,0.3,0.7,No,No,Middle,0.0,Yes,Salle 5,263.0,0.7222222222222223,1.0,0.9797687045783148,0.7025,2.3
ENSPD002577,Female,17.0,Energetique,1,0.948678071539658,3.0,0.3418708240534521,0.925,0.792,1.0,0.4,0.0,Yes,No,Middle,1.0,No,Salle 16,83.0,0.6069444444444445,1.0,1.5630136334333937,0.8585,1.4
ENSPD002578,Female,23.0,Informatique,3,0.7589424572317262,16.0,0.7115812917594654,0.47000000000000003,0.767,1.0,2.0,14.2,Yes,No,Middle,0.0,No,Salle 20,263.0,0.5458333333333333,1.0,1.3904034562390788,0.6185,3.0
ENSPD002579,Male,21.0,Mecanique,2,0.9999999999999999,0.0,0.3307349665924276,0.6459999999999999,0.726,1.0,1.7,11.5,No,No,Middle,1.0,No,Salle 2,231.0,0.48749999999999993,1.0,2.0512399745646244,0.6859999999999999,2.7
ENSPD002580,Female,22.0,Telecom,3,0.4681181959564541,34.0,0.6202672605790647,0.395,0.454,0.0,3.2,18.3,Yes,No,Middle,0.0,Yes,Salle 29,154.0,0.3402777777777778,0.0,1.375653862778918,0.4245,3.2
ENSPD002581,Male,21.0,Electrique,5,0.7449455676516329,16.0,0.6447661469933185,0.639,0.559,1.0,1.2,10.2,Yes,Yes,High,1.0,No,Salle 8,80.0,0.5291666666666666,1.0,1.4077445484210687,0.599,2.2
ENSPD002582,Female,24.0,Telecom,3,0.7542768273716952,16.0,0.6625835189309577,0.428,0.807,1.0,1.3,11.5,Yes,Yes,Middle,0.0,Yes,Salle 24,154.0,0.6111111111111112,1.0,1.234250975228634,0.6175,2.3
ENSPD002583,Male,24.0,GenieCivil,1,0.8351477449455676,11.0,0.6993318485523385,0.5670000000000001,0.399,1.0,0.4,8.7,Yes,No,High,2.0,No,Salle 14,149.0,0.3944444444444445,1.0,2.1172222970432037,0.48300000000000004,1.4
ENSPD002584,Male,23.0,Mecanique,2,0.567651632970451,28.0,0.6091314031180401,0.334,0.43200000000000005,1.0,2.7,11.5,No,No,High,1.0,Yes,Salle 10,231.0,0.2597222222222222,0.0,2.185526416837024,0.383,3.7
ENSPD002585,Female,21.0,Telecom,4,0.9999999999999999,0.0,0.2828507795100223,0.616,0.701,1.0,0.0,10.5,Yes,Yes,Middle,0.0,Yes,Salle 23,121.0,0.4888888888888888,1.0,2.045412707467347,0.6585,1.0
ENSPD002586,Female,22.0,Informatique,4,0.7231726283048211,18.0,0.6993318485523385,0.684,0.48200000000000004,1.0,1.1,13.0,No,No,High,1.0,Yes,Salle 28,230.0,0.46805555555555556,1.0,1.5450242379969068,0.5830000000000001,2.1
ENSPD002587,Male,22.0,Telecom,3,0.5178849144634526,31.0,0.6269487750556793,0.816,0.805,3.0,0.4,7.3,No,No,Middle,3.0,No,Salle 30,154.0,0.6597222222222222,1.0,0.7849926030883025,0.8105,3.4
ENSPD002588,Female,20.0,Mecanique,2,0.7169517884914464,18.0,0.45991091314031185,0.557,0.489,0.0,2.9,11.5,No,No,Middle,0.0,Yes,Salle 26,231.0,0.4041666666666667,1.0,1.7738574430936462,0.523,2.9
ENSPD002589,Male,23.0,Telecom,2,0.6609642301710731,22.0,0.34855233853006684,0.8240000000000001,0.6890000000000001,2.0,2.2,12.7,Yes,No,Middle,2.0,Yes,Salle 8,161.0,0.5402777777777777,1.0,1.223355880619106,0.7565000000000001,4.2
ENSPD002590,Female,23.0,Informatique,3,0.7231726283048211,0.0,0.8674832962138084,0.627,0.635,2.0,2.5,14.0,Yes,Yes,Middle,3.0,Yes,Salle 23,263.0,0.6722222222222222,1.0,1.0757779892106383,0.631,4.5
ENSPD002591,Female,25.0,Electrique,5,0.9160186625194401,5.0,0.8162583518930958,0.64,0.544,2.0,0.3,11.5,Yes,No,Low,5.0,No,Salle 14,80.0,0.5777777777777777,1.0,1.5853894764657848,0.5920000000000001,2.3
ENSPD002592,Female,25.0,Telecom,3,0.7293934681181958,17.0,0.7282850779510022,1.0,0.5920000000000001,1.0,2.2,11.5,Yes,No,High,1.0,Yes,Salle 26,154.0,0.7152777777777779,1.0,1.019720301085307,0.796,3.2
ENSPD002593,Male,21.0,GenieCivil,3,0.6998444790046657,19.0,0.49777282850779514,0.533,0.504,3.0,2.3,15.8,Yes,No,Low,1.0,No,Salle 24,185.0,0.40555555555555556,1.0,1.7256013717585021,0.5185,5.3
ENSPD002594,Male,24.0,Chimie,3,0.8973561430793159,7.0,0.1893095768374165,0.841,0.636,2.0,1.4,11.5,Yes,No,Middle,0.0,No,Salle 22,130.0,0.44166666666666665,1.0,2.0317037570756495,0.7384999999999999,3.4
ENSPD002595,Male,20.0,Chimie,2,0.906687402799378,6.0,0.7383073496659243,0.706,0.44799999999999995,3.0,0.8,8.8,Yes,No,Middle,2.0,No,Salle 22,119.0,0.525,1.0,1.726990729318257,0.577,3.8
ENSPD002596,Female,23.0,Chimie,4,0.17729393468118193,53.0,0.6714922048997773,0.517,0.595,1.0,0.2,13.0,Yes,No,Middle,0.0,Yes,Salle 26,93.0,0.47638888888888886,1.0,0.37215438326207434,0.556,1.2
ENSPD002597,Male,21.0,Telecom,3,0.8398133748055988,10.0,0.5478841870824054,0.383,0.79,2.0,1.4,13.7,Yes,No,High,1.0,Yes,Salle 11,154.0,0.5541666666666667,1.0,1.5154253603945773,0.5865,3.4
ENSPD002598,Male,20.0,GenieCivil,5,0.7247278382581649,18.0,0.7984409799554566,0.434,0.413,2.0,0.5,14.1,No,No,Middle,3.0,Yes,Salle 14,70.0,0.3916666666666666,1.0,1.8503217064879152,0.4235,2.5
ENSPD002599,Male,23.0,Informatique,2,0.4758942457231726,34.0,0.7516703786191538,0.8240000000000001,0.543,1.0,0.6,3.1,Yes,No,Middle,1.0,Yes,Salle 18,298.0,0.5861111111111111,1.0,0.81193841460687,0.6835,1.6
ENSPD002600,Male,17.0,Informatique,1,0.884914463452566,7.0,0.6391982182628062,0.932,0.7440000000000001,0.0,0.2,5.6,Yes,No,High,2.0,No,Salle 8,248.0,0.7333333333333334,1.0,1.2066850862750498,0.8380000000000001,0.2
ENSPD002601,Female,18.0,Mecanique,3,0.9999999999999999,0.0,0.6158129175946548,0.636,0.22399999999999998,0.0,1.3,9.2,Yes,No,Middle,1.0,Yes,Salle 22,212.0,0.3486111111111111,0.0,2.86844361436644,0.43,1.3
ENSPD002602,Male,22.0,Informatique,1,0.8242612752721618,11.0,0.6191536748329621,0.6459999999999999,1.0,3.0,1.4,8.5,Yes,No,Middle,3.0,Yes,Salle 18,248.0,0.8055555555555556,1.0,1.0232081915465128,0.823,4.4
ENSPD002603,Female,22.0,Electrique,2,0.9253499222395024,5.0,0.7238307349665924,0.76,0.8490000000000001,0.0,3.7,14.4,No,Yes,Low,1.0,Yes,Salle 11,185.0,0.7083333333333333,1.0,1.306357918108689,0.8045,3.7
ENSPD002604,Male,21.0,Informatique,2,0.9999999999999999,0.0,0.46659242761692654,0.633,0.332,1.0,0.1,6.9,Yes,No,High,0.0,Yes,Salle 11,298.0,0.38055555555555554,1.0,2.627668178062474,0.48250000000000004,1.1
ENSPD002605,Male,19.0,Informatique,4,0.5645412130637636,28.0,0.6815144766146994,0.818,0.219,1.0,1.4,11.5,Yes,No,Middle,0.0,No,Salle 2,230.0,0.4569444444444445,1.0,1.235443094880324,0.5185,2.4
ENSPD002606,Male,20.0,Informatique,3,0.3732503888024883,40.0,0.45657015590200445,0.672,0.6459999999999999,0.0,2.0,11.7,No,No,Middle,0.0,Yes,Salle 2,263.0,0.4833333333333333,1.0,0.7722262066353558,0.659,2.0
ENSPD002607,Male,23.0,Telecom,1,0.8429237947122862,10.0,0.8329621380846325,0.644,0.41600000000000004,1.0,5.0,22.5,Yes,Yes,Low,1.0,Yes,Salle 18,121.0,0.5166666666666666,1.0,1.6314338329818514,0.53,6.0
ENSPD002608,Male,23.0,Electrique,3,0.6734059097978228,21.0,0.6993318485523385,0.494,0.8320000000000001,0.0,4.5,20.5,Yes,No,Middle,1.0,Yes,Salle 12,188.0,0.6277777777777779,1.0,1.0726648935115024,0.663,4.5
ENSPD002609,Female,22.0,Mecanique,2,0.46345256609642294,34.0,0.4955456570155903,0.45,0.7190000000000001,0.0,0.2,7.8,Yes,No,Middle,0.0,Yes,Salle 3,231.0,0.43333333333333335,1.0,1.0694812414246353,0.5845,0.2
ENSPD002610,Male,24.0,Telecom,5,0.7060653188180402,19.0,0.623608017817372,0.051,0.665,1.0,0.7,1.5,Yes,No,Low,2.0,No,Salle 22,60.0,0.28194444444444444,0.0,2.504182263234944,0.35800000000000004,1.7
ENSPD002611,Female,23.0,Informatique,3,0.8553654743390359,9.0,0.46770601336302897,0.8420000000000001,0.526,1.0,1.5,5.8,Yes,No,Middle,0.0,Yes,Salle 21,263.0,0.4736111111111111,1.0,1.8060121355915824,0.684,2.5
ENSPD002612,Male,21.0,Energetique,3,0.7231726283048211,20.0,0.8619153674832961,0.594,0.96,0.0,1.4,5.7,Yes,No,Middle,1.0,Yes,Salle 19,104.0,0.7333333333333334,1.0,0.9861310459014028,0.7769999999999999,1.4
ENSPD002613,Male,21.0,Electrique,1,0.5738724727838257,27.0,0.8808463251670379,0.5479999999999999,0.7909999999999999,1.0,1.5,13.3,Yes,No,Low,1.0,No,Salle 23,143.0,0.6875,1.0,0.834711455518939,0.6695,2.5
ENSPD002614,Female,19.0,Informatique,4,0.6780715396578537,21.0,0.7260579064587974,0.269,0.761,1.0,1.2,11.5,Yes,No,Middle,1.0,Yes,Salle 4,230.0,0.43194444444444435,1.0,1.5697755825384583,0.515,2.2
ENSPD002615,Male,22.0,Electrique,4,0.7169517884914464,18.0,0.8697104677060133,0.505,0.88,1.0,1.8,14.6,Yes,No,Middle,3.0,Yes,Salle 2,157.0,0.7388888888888889,1.0,0.9702975593447634,0.6925,2.8
ENSPD002616,Male,24.0,Chimie,4,0.3592534992223949,41.0,0.6358574610244989,0.48100000000000004,0.436,5.0,1.4,21.2,Yes,No,Middle,2.0,No,Salle 14,93.0,0.3597222222222223,0.0,0.9986692240220515,0.4585,6.4
ENSPD002617,Male,23.0,GenieCivil,1,0.7231726283048211,20.0,0.7383073496659243,0.47700000000000004,0.635,0.0,1.4,11.5,Yes,No,Middle,1.0,No,Salle 16,149.0,0.7180555555555557,1.0,1.0071122653213942,0.556,1.4
ENSPD002618,Male,25.0,Telecom,2,0.4696734059097979,34.0,0.8151447661469934,0.68,0.5870000000000001,2.0,2.0,16.5,Yes,No,Middle,1.0,No,Salle 26,161.0,0.4916666666666667,1.0,0.9552485154399528,0.6335000000000001,4.0
ENSPD002619,Female,21.0,Informatique,3,0.8429237947122862,10.0,0.6091314031180401,0.642,0.7070000000000001,4.0,1.1,4.3,No,No,Low,1.0,Yes,Salle 28,263.0,0.6027777777777776,1.0,1.3983757232434075,0.6745000000000001,5.1
ENSPD002620,Male,25.0,Mecanique,1,0.42923794712286145,37.0,0.6224944320712694,0.375,0.609,1.0,1.1,11.5,Yes,No,Low,0.0,Yes,Salle 17,186.0,0.3680555555555556,0.0,1.166199718077321,0.492,2.1
ENSPD002621,Female,22.0,Informatique,2,0.9097978227060654,6.0,0.7661469933184856,0.386,0.264,2.0,2.1,6.1,Yes,No,Middle,0.0,No,Salle 20,298.0,0.37083333333333335,0.0,2.4533212300955443,0.325,4.1
ENSPD002622,Female,25.0,Informatique,5,0.6438569206842922,23.0,0.7182628062360802,0.386,0.831,1.0,6.0,11.5,Yes,No,High,2.0,No,Salle 16,109.0,0.5486111111111112,1.0,1.17359122287566,0.6085,7.0
ENSPD002623,Male,22.0,Mecanique,2,0.6189735614307931,24.0,0.48440979955456576,0.946,0.275,0.0,4.0,21.0,Yes,No,High,5.0,Yes,Salle 24,231.0,0.37916666666666665,1.0,1.6324146917376943,0.6105,4.0
ENSPD002624,Female,23.0,Telecom,5,0.7744945567651632,14.0,0.244988864142539,0.8890000000000001,0.44700000000000006,1.0,2.0,17.2,Yes,No,Middle,1.0,No,Salle 18,60.0,0.41388888888888886,1.0,1.8712168057379739,0.6680000000000001,3.0
ENSPD002625,Male,25.0,Informatique,1,0.5583203732503886,28.0,0.5812917594654788,0.467,0.549,0.0,1.2,13.0,Yes,No,Middle,2.0,Yes,Salle 27,248.0,0.3763888888888889,1.0,1.4833209919894372,0.508,1.2
ENSPD002626,Female,22.0,GenieCivil,4,0.7713841368584758,15.0,0.2594654788418708,0.264,0.249,1.0,1.1,8.0,Yes,Yes,Low,1.0,Yes,Salle 19,173.0,0.06388888888888894,0.0,12.07194914139748,0.2565,2.1
ENSPD002627,Male,22.0,GenieCivil,3,0.583203732503888,27.0,0.6113585746102449,0.643,0.42,0.0,3.1,11.5,No,No,Middle,1.0,Yes,Salle 22,185.0,0.4027777777777778,1.0,1.4479181461798167,0.5315,3.1
ENSPD002628,Female,25.0,Telecom,3,0.6158631415241057,25.0,0.46436525612472157,0.628,0.6890000000000001,2.0,0.5,8.3,No,No,Low,3.0,Yes,Salle 3,154.0,0.4736111111111111,1.0,1.300328737625939,0.6585000000000001,2.5
ENSPD002629,Male,22.0,Energetique,5,0.7962674961119752,13.0,0.5155902004454344,0.677,0.5710000000000001,1.0,1.8,10.2,Yes,No,Middle,0.0,Yes,Salle 25,40.0,0.5375,1.0,1.4814003388066739,0.6240000000000001,2.8
ENSPD002630,Male,19.0,Chimie,1,0.5069984447900465,32.0,0.7472160356347438,0.753,0.635,1.0,1.4,0.0,No,No,High,0.0,No,Salle 13,96.0,0.6027777777777776,1.0,0.8410894571537837,0.694,2.4
ENSPD002631,Female,26.0,Energetique,4,0.48367029548989116,33.0,0.7839643652561247,0.616,0.457,1.0,2.1,12.3,No,No,Low,1.0,No,Salle 13,70.0,0.5444444444444444,1.0,0.8883576953502939,0.5365,3.1
ENSPD002632,Female,21.0,Chimie,3,0.7667185069984447,15.0,0.6948775055679287,0.419,0.649,0.0,1.4,3.2,Yes,Yes,High,2.0,Yes,Salle 26,130.0,0.4805555555555555,1.0,1.5954503982543722,0.534,1.4
ENSPD002633,Male,22.0,Energetique,2,0.7153965785381026,18.0,0.7160356347438753,0.6729999999999999,0.5750000000000001,2.0,2.4,12.5,Yes,No,Middle,0.0,No,Salle 3,71.0,0.5805555555555555,1.0,1.2322408239557452,0.624,4.4
ENSPD002634,Male,24.0,Electrique,4,0.7511664074650078,16.0,0.7193763919821826,0.774,0.312,2.0,2.0,14.2,No,No,Middle,3.0,No,Salle 19,157.0,0.4625,1.0,1.6241084678493607,0.543,4.0
ENSPD002635,Female,21.0,Informatique,2,0.7807153965785382,14.0,0.6113585746102449,0.49,0.635,1.0,0.4,11.6,Yes,Yes,Middle,0.0,Yes,Salle 11,298.0,0.3375,0.0,2.3131622665359193,0.5625,1.4
ENSPD002636,Female,20.0,GenieCivil,4,0.7309486780715396,17.0,0.6124721603563474,0.674,0.392,4.0,1.2,11.5,No,No,Middle,1.0,No,Salle 23,173.0,0.4569444444444445,1.0,1.5996095167871964,0.533,5.2
ENSPD002637,Female,23.0,Electrique,2,0.8335925349922239,11.0,0.31069042316258355,0.52,0.8200000000000001,1.0,2.3,16.2,Yes,No,High,0.0,Yes,Salle 14,185.0,0.5069444444444444,1.0,1.644314482548293,0.67,3.3
ENSPD002638,Female,18.0,Mecanique,4,0.7387247278382582,17.0,0.6948775055679287,0.9790000000000001,0.562,1.0,4.6,21.0,Yes,Yes,Middle,0.0,Yes,Salle 26,178.0,0.7319444444444445,1.0,1.0092495966725803,0.7705000000000001,5.6
ENSPD002639,Female,21.0,Mecanique,3,0.34525660964230165,42.0,0.2605790645879733,0.381,1.0,0.0,0.3,10.1,Yes,No,Middle,0.0,Yes,Salle 20,212.0,0.41666666666666674,1.0,0.8285959768380797,0.6905,0.3
ENSPD002640,Female,22.0,Electrique,1,0.3934681181959564,39.0,0.5801781737193764,0.828,0.833,0.0,0.0,0.0,No,No,Middle,2.0,Yes,Salle 10,143.0,0.6124999999999999,1.0,0.6423864397249947,0.8305,0.0
ENSPD002641,Male,21.0,Energetique,3,0.9999999999999999,0.0,0.7015590200445435,0.319,0.614,1.0,0.4,3.8,No,No,Middle,1.0,Yes,Salle 20,104.0,0.4652777777777778,1.0,2.149207539420048,0.4665,1.4
ENSPD002642,Male,19.0,Informatique,1,0.7200622083981337,18.0,0.423162583518931,0.943,0.756,0.0,9.1,40.5,Yes,No,High,2.0,Yes,Salle 23,248.0,0.5486111111111112,1.0,1.3124945318633592,0.8494999999999999,9.1
ENSPD002643,Female,25.0,Chimie,2,0.8973561430793159,7.0,0.7706013363028954,0.41500000000000004,0.222,1.0,2.9,8.9,No,No,Middle,0.0,No,Salle 9,119.0,0.25416666666666665,0.0,3.530442643880172,0.3185,3.9
ENSPD002644,Female,22.0,Chimie,1,0.6562986003110421,22.0,0.6948775055679287,0.654,0.8320000000000001,1.0,1.9,13.6,Yes,No,High,1.0,Yes,Salle 22,96.0,0.7402777777777778,1.0,0.8865452328297824,0.7430000000000001,2.9
ENSPD002645,Male,25.0,Energetique,1,0.7091757387247278,19.0,0.6737193763919822,0.327,0.47600000000000003,1.0,0.3,2.9,No,No,Middle,1.0,Yes,Salle 26,83.0,0.30694444444444435,0.0,2.310361526148488,0.4015,1.3
ENSPD002646,Male,21.0,Energetique,1,0.6360808709175737,23.0,0.7271714922048997,0.37700000000000006,0.658,0.0,1.1,10.4,No,No,Middle,1.0,No,Salle 11,83.0,0.5375,1.0,1.1833842550232996,0.5175000000000001,1.1
ENSPD002647,Female,20.0,Chimie,3,0.9999999999999999,0.0,0.5501113585746102,0.782,0.494,1.0,2.5,13.9,Yes,No,Low,0.0,No,Salle 24,130.0,0.6041666666666667,1.0,1.6551450182893521,0.638,3.5
ENSPD002648,Male,23.0,GenieCivil,3,0.7667185069984447,15.0,0.6358574610244989,0.805,0.516,1.0,1.4,19.6,Yes,No,Middle,0.0,Yes,Salle 23,185.0,0.5958333333333332,1.0,1.2867786951801283,0.6605000000000001,2.4
ENSPD002649,Male,22.0,Informatique,3,0.6205287713841366,24.0,0.6124721603563474,0.663,0.604,1.0,1.0,5.0,No,No,Middle,0.0,Yes,Salle 16,263.0,0.5666666666666667,1.0,1.0950314489464363,0.6335,2.0
ENSPD002650,Male,20.0,GenieCivil,2,0.41213063763608093,38.0,0.6080178173719376,0.753,0.655,1.0,16.2,69.6,Yes,No,Middle,3.0,Yes,Salle 11,177.0,0.47916666666666674,1.0,0.8600807725113512,0.704,17.2
ENSPD002651,Male,25.0,Chimie,3,0.9999999999999999,0.0,0.49777282850779514,0.616,0.635,0.0,0.3,9.1,No,Yes,Middle,3.0,No,Salle 20,130.0,0.5958333333333332,1.0,1.678293511157855,0.6255,0.3
ENSPD002652,Male,21.0,Telecom,3,0.6889580093312596,20.0,0.4031180400890869,0.49700000000000005,0.64,0.0,1.0,11.8,Yes,No,Middle,1.0,No,Salle 21,154.0,0.39583333333333337,1.0,1.7404815271982843,0.5685,1.0
ENSPD002653,Male,18.0,Chimie,2,0.8584758942457232,9.0,0.5534521158129176,0.368,0.315,1.0,4.2,23.0,Yes,No,Low,0.0,Yes,Salle 12,119.0,0.22499999999999998,0.0,3.8152788509209516,0.3415,5.2
ENSPD002654,Male,25.0,Informatique,4,0.880248833592535,8.0,0.544543429844098,0.618,0.635,3.0,2.1,15.7,Yes,Yes,Middle,0.0,Yes,Salle 5,230.0,0.7625,1.0,1.1544095599959805,0.6265000000000001,5.1
ENSPD002655,Female,21.0,Electrique,3,0.6329704510108866,24.0,0.4866369710467706,0.516,0.6859999999999999,3.0,3.3,18.5,No,No,Middle,2.0,No,Salle 26,188.0,0.5055555555555555,1.0,1.2520046986099131,0.601,6.3
ENSPD002656,Male,21.0,Mecanique,4,0.8460342146189735,10.0,0.7527839643652561,0.6900000000000001,0.728,3.0,4.8,21.6,Yes,No,Low,1.0,Yes,Salle 10,178.0,0.6472222222222221,1.0,1.307157130889096,0.7090000000000001,7.8
ENSPD002657,Female,18.0,Informatique,2,0.7231726283048211,25.0,0.4142538975501113,0.616,0.5720000000000001,3.0,1.4,16.2,Yes,No,Middle,0.0,Yes,Salle 2,298.0,0.4208333333333333,1.0,1.7183891748429452,0.5940000000000001,4.4
ENSPD002658,Female,25.0,Informatique,1,0.5349922239502333,30.0,0.5812917594654788,0.49700000000000005,0.465,1.0,1.4,4.4,No,No,Middle,2.0,Yes,Salle 16,248.0,0.3041666666666667,0.0,1.7588207202510597,0.48100000000000004,2.4
ENSPD002659,Male,19.0,Informatique,4,0.9377916018662519,4.0,0.8051224944320713,0.747,0.67,0.0,2.4,11.5,Yes,No,Middle,1.0,Yes,Salle 8,230.0,0.726388888888889,1.0,1.2910146425206026,0.7085,2.4
ENSPD002660,Female,22.0,Telecom,4,0.6905132192846034,20.0,0.7616926503340756,0.738,0.635,2.0,1.7,14.3,Yes,No,Middle,1.0,No,Salle 17,121.0,0.6402777777777777,1.0,1.078441980699899,0.6865,3.7
ENSPD002661,Male,24.0,Mecanique,1,0.8164852255054432,12.0,0.8129175946547884,0.75,0.9,1.0,3.0,16.0,Yes,No,Low,1.0,Yes,Salle 26,186.0,0.825,1.0,0.9896670652542918,0.825,4.0
ENSPD002662,Female,23.0,Mecanique,2,0.7962674961119752,13.0,0.6113585746102449,0.547,0.635,1.0,1.4,5.5,Yes,No,Low,0.0,Yes,Salle 18,231.0,0.6416666666666667,1.0,1.2409170186105805,0.591,2.4
ENSPD002663,Male,22.0,Energetique,3,0.8398133748055988,10.0,0.7416481069042317,0.76,0.635,2.0,3.3,19.5,No,No,Middle,1.0,Yes,Salle 6,104.0,0.8013888888888889,1.0,1.047934288965599,0.6975,5.3
ENSPD002664,Female,19.0,Mecanique,3,0.42923794712286145,37.0,0.4331848552338531,0.7140000000000001,0.287,1.0,4.6,23.2,Yes,No,Middle,0.0,No,Salle 28,212.0,0.31805555555555554,0.0,1.3495266608580876,0.5005000000000001,5.6
ENSPD002665,Female,20.0,Informatique,4,0.6111975116640745,25.0,0.5645879732739421,0.735,0.5479999999999999,1.0,2.8,21.1,Yes,No,Middle,1.0,Yes,Salle 4,230.0,0.5777777777777777,1.0,1.057823538626576,0.6415,3.8
ENSPD002666,Male,22.0,Mecanique,1,0.6594090202177293,22.0,0.5801781737193764,0.922,0.7070000000000001,2.0,2.7,11.6,Yes,No,Middle,1.0,Yes,Salle 13,186.0,0.6416666666666667,1.0,1.0276344060368867,0.8145,4.7
ENSPD002667,Male,20.0,Informatique,2,0.5645412130637636,28.0,0.5144766146993318,0.616,0.56,2.0,1.8,16.4,Yes,No,Middle,0.0,Yes,Salle 24,298.0,0.43194444444444435,1.0,1.306946184544634,0.5880000000000001,3.8
ENSPD002668,Female,22.0,Informatique,1,0.7993779160186624,13.0,0.5501113585746102,0.511,0.631,0.0,1.3,11.5,Yes,No,Middle,2.0,Yes,Salle 16,248.0,0.44861111111111107,1.0,1.7818553256194813,0.571,1.3
ENSPD002669,Female,23.0,Informatique,2,0.9409020217729395,4.0,0.5278396436525613,0.42,0.21100000000000002,0.0,7.2,30.9,No,No,High,3.0,Yes,Salle 10,298.0,0.21805555555555556,0.0,4.314766811181375,0.3155,7.2
ENSPD002670,Male,24.0,Electrique,1,0.9704510108864696,2.0,0.44654788418708236,0.823,0.823,0.0,2.1,16.4,Yes,No,Middle,1.0,Yes,Salle 24,143.0,0.7083333333333333,1.0,1.3700291443694486,0.823,2.1
ENSPD002671,Female,20.0,Informatique,4,0.7231726283048211,22.0,0.7527839643652561,0.684,0.265,1.0,3.7,25.4,Yes,No,Middle,0.0,Yes,Salle 6,230.0,0.4041666666666667,1.0,1.7892488308862158,0.47450000000000003,4.7
ENSPD002672,Male,26.0,Mecanique,3,0.7744945567651632,14.0,0.5801781737193764,0.9209999999999999,0.326,3.0,1.4,16.0,No,No,Middle,0.0,No,Salle 13,212.0,0.4833333333333333,1.0,1.6023693787683633,0.6234999999999999,4.4
ENSPD002673,Female,24.0,Telecom,4,0.80248833592535,13.0,0.643652561247216,0.255,0.43700000000000006,1.0,1.6,15.6,Yes,No,Middle,1.0,Yes,Salle 12,121.0,0.2055555555555556,0.0,3.9038073949527576,0.34600000000000003,2.6
ENSPD002674,Male,22.0,GenieCivil,1,0.8367029548989114,10.0,0.6380846325167038,0.784,0.62,1.0,2.2,20.7,No,No,Middle,1.0,Yes,Salle 3,149.0,0.5916666666666666,1.0,1.4141219386132826,0.702,3.2
ENSPD002675,Female,24.0,Telecom,2,0.5567651632970451,28.0,0.6191536748329621,0.573,0.315,1.0,2.6,15.7,Yes,No,Middle,1.0,No,Salle 18,161.0,0.32361111111111107,0.0,1.7204228778075206,0.44399999999999995,3.6
ENSPD002676,Male,22.0,GenieCivil,2,0.9999999999999999,0.0,0.6258351893095769,0.556,0.428,3.0,1.2,9.6,No,No,Middle,2.0,Yes,Salle 23,177.0,0.42361111111111116,1.0,2.3606000120652886,0.492,4.2
ENSPD002677,Male,19.0,Mecanique,2,0.8926905132192845,7.0,0.5590200445434298,0.48200000000000004,0.87,1.0,0.9,14.9,Yes,No,Low,3.0,No,Salle 22,231.0,0.5027777777777778,1.0,1.7754817294183234,0.676,1.9
ENSPD002678,Male,22.0,Chimie,4,0.8973561430793159,7.0,0.8474387527839643,0.782,0.618,3.0,0.5,0.0,Yes,No,Middle,1.0,Yes,Salle 16,93.0,0.734722222222222,1.0,1.2213376736972723,0.7,3.5
ENSPD002679,Male,17.0,Informatique,2,0.9440124416796268,4.0,0.7371937639198219,0.73,0.7270000000000001,0.0,1.1,8.3,No,No,Low,2.0,Yes,Salle 30,298.0,0.65,1.0,1.4523044902072688,0.7285,1.1
ENSPD002680,Male,22.0,Informatique,1,0.8195956454121308,12.0,0.6135857461024499,0.414,0.39299999999999996,1.0,0.5,3.7,Yes,No,Middle,1.0,No,Salle 30,248.0,0.3666666666666667,0.0,2.235199891126962,0.40349999999999997,1.5
ENSPD002681,Male,23.0,Electrique,1,0.5287713841368585,30.0,0.5356347438752784,0.65,0.629,1.0,1.4,9.6,Yes,No,Low,0.0,Yes,Salle 15,143.0,0.5208333333333334,1.0,1.0152215652887149,0.6395,2.4
ENSPD002682,Female,22.0,GenieCivil,1,0.6936236391912908,20.0,0.5902004454342985,0.747,0.613,1.0,4.2,23.5,Yes,No,High,1.0,Yes,Salle 25,149.0,0.523611111111111,1.0,1.324667062638935,0.6799999999999999,5.2
ENSPD002683,Male,21.0,Chimie,4,0.41213063763608093,38.0,0.6804008908685969,0.652,0.48100000000000004,0.0,7.6,37.7,Yes,No,Middle,1.0,Yes,Salle 1,93.0,0.40694444444444444,1.0,1.0127193430672634,0.5665,7.6
ENSPD002684,Male,18.0,Telecom,2,0.7978227060653188,13.0,0.8608017817371938,0.8190000000000001,0.63,2.0,1.7,12.1,Yes,Yes,Low,2.0,No,Salle 19,161.0,0.7625,1.0,1.0463111383002437,0.7245,3.7
ENSPD002685,Male,23.0,Mecanique,4,0.6889580093312596,20.0,0.38084632516703787,0.568,0.262,2.0,0.3,6.9,Yes,Yes,Middle,1.0,Yes,Salle 6,178.0,0.2416666666666667,0.0,2.8507427664976324,0.415,2.3
ENSPD002686,Male,25.0,Electrique,3,0.7122861586314152,18.0,0.7204899777282852,0.214,0.728,3.0,1.1,13.3,No,No,Middle,1.0,Yes,Salle 15,188.0,0.4291666666666667,1.0,1.659657231982358,0.471,4.1
ENSPD002687,Male,21.0,GenieCivil,1,0.9440124416796268,4.0,0.7984409799554566,0.654,0.56,0.0,1.8,11.5,No,No,Middle,5.0,Yes,Salle 29,149.0,0.5416666666666667,1.0,1.7427600259926772,0.607,1.8
ENSPD002688,Male,23.0,Energetique,1,0.6345256609642301,24.0,0.3619153674832963,0.653,0.589,2.0,0.9,7.2,No,No,Middle,1.0,Yes,Salle 5,83.0,0.4194444444444444,1.0,1.5127403449131205,0.621,2.9
ENSPD002689,Male,19.0,Telecom,4,0.6734059097978228,21.0,0.5801781737193764,0.6759999999999999,0.81,2.0,0.5,3.3,Yes,No,Middle,1.0,Yes,Salle 13,121.0,0.7,1.0,0.9619946997868929,0.743,2.5
ENSPD002690,Male,23.0,Telecom,4,0.7247278382581649,18.0,0.43207126948775054,0.8190000000000001,0.726,1.0,0.5,6.9,Yes,No,Middle,0.0,Yes,Salle 2,121.0,0.5791666666666667,1.0,1.2513070362954855,0.7725,1.5
ENSPD002691,Male,21.0,Mecanique,2,0.37636080870917565,40.0,0.6826280623608018,0.269,0.5760000000000001,2.0,1.3,3.7,No,No,Middle,1.0,Yes,Salle 21,231.0,0.37777777777777777,1.0,0.9962228289199936,0.42250000000000004,3.3
ENSPD002692,Female,20.0,Chimie,1,0.6702954898911352,21.0,0.5501113585746102,0.5770000000000001,0.41700000000000004,1.0,0.5,12.2,Yes,No,Middle,1.0,No,Salle 24,96.0,0.33472222222222214,0.0,2.002482717203542,0.49700000000000005,1.5
ENSPD002693,Male,20.0,Mecanique,1,0.2566096423017107,48.0,0.5879732739420935,0.454,0.9059999999999999,2.0,0.6,10.6,No,No,Middle,0.0,Yes,Salle 15,186.0,0.5611111111111111,1.0,0.45731596480763637,0.6799999999999999,2.6
ENSPD002694,Male,21.0,Informatique,2,0.6111975116640745,25.0,0.5412026726057906,0.40299999999999997,0.37200000000000005,2.0,4.1,17.5,Yes,Yes,Low,1.0,Yes,Salle 14,298.0,0.2583333333333333,0.0,2.365834270921414,0.3875,6.1
ENSPD002695,Female,23.0,Energetique,1,0.880248833592535,8.0,0.7305122494432071,0.6070000000000001,0.766,0.0,3.0,11.5,No,No,Middle,0.0,No,Salle 9,83.0,0.6291666666666667,1.0,1.3990487572529207,0.6865000000000001,3.0
ENSPD002696,Male,19.0,Informatique,2,0.8040435458786938,13.0,0.6481069042316259,0.746,0.321,0.0,0.1,4.3,No,No,High,1.0,No,Salle 9,298.0,0.38750000000000007,1.0,2.074897540395586,0.5335,0.1
ENSPD002697,Female,21.0,Energetique,2,0.609642301710731,25.0,0.6492204899777283,0.674,0.8240000000000001,2.0,0.8,5.4,Yes,No,Middle,4.0,No,Salle 6,71.0,0.6013888888888889,1.0,1.013707063604777,0.7490000000000001,2.8
ENSPD002698,Male,22.0,Informatique,1,0.7278382581648523,18.0,0.6369710467706015,0.49600000000000005,0.8420000000000001,1.0,1.5,11.5,Yes,Yes,Middle,1.0,Yes,Salle 9,248.0,0.6611111111111111,1.0,1.100915166574568,0.669,2.5
ENSPD002699,Female,20.0,Telecom,1,0.5194401244167962,31.0,0.7060133630289532,0.594,0.257,0.0,0.1,0.0,Yes,No,Middle,1.0,Yes,Salle 14,121.0,0.3763888888888889,1.0,1.3800256582854378,0.4255,0.1
ENSPD002700,Female,26.0,Mecanique,4,0.7200622083981337,18.0,0.566815144766147,0.787,0.73,1.0,2.3,12.8,Yes,Yes,Middle,0.0,Yes,Salle 30,178.0,0.5986111111111111,1.0,1.202868049644313,0.7585,3.3
ENSPD002701,Male,20.0,Mecanique,3,0.9999999999999999,0.0,0.8942093541202674,0.743,0.713,1.0,1.0,10.5,Yes,No,Middle,0.0,Yes,Salle 5,212.0,0.8513888888888888,1.0,1.1745375910756024,0.728,2.0
ENSPD002702,Female,21.0,Informatique,5,0.9999999999999999,0.0,0.40423162583518935,0.521,0.7809999999999999,2.0,1.0,11.5,No,No,Middle,0.0,Yes,Salle 2,109.0,0.5527777777777778,1.0,1.8090125002763768,0.651,3.0
ENSPD002703,Male,20.0,Electrique,2,0.7293934681181958,17.0,0.3218262806236081,0.509,0.713,1.0,0.6,2.3,No,No,Middle,0.0,Yes,Salle 6,185.0,0.36944444444444435,0.0,1.9742446709904886,0.611,1.6
ENSPD002704,Male,26.0,Mecanique,3,0.749611197511664,16.0,0.30846325167037864,0.311,0.44799999999999995,0.0,0.8,3.4,Yes,No,Middle,1.0,Yes,Salle 25,212.0,0.17361111111111116,0.0,4.3175118089869855,0.37949999999999995,0.8
ENSPD002705,Female,23.0,Electrique,1,0.5365474339035771,30.0,0.26280623608017817,0.543,0.5970000000000001,1.0,4.0,20.0,Yes,Yes,Middle,1.0,No,Salle 12,143.0,0.31666666666666665,0.0,1.6943068131645644,0.5700000000000001,5.0
ENSPD002706,Female,20.0,Informatique,3,0.5707620528771385,28.0,0.7227171492204899,0.308,0.973,1.0,3.1,16.1,Yes,No,Middle,2.0,No,Salle 25,263.0,0.6305555555555554,1.0,0.9051589447734306,0.6405,4.1
ENSPD002707,Male,24.0,Informatique,1,0.7869362363919129,14.0,0.7026726057906458,0.9920000000000001,0.418,1.0,1.4,30.1,Yes,No,High,0.0,No,Salle 26,248.0,0.576388888888889,1.0,1.365263277847173,0.7050000000000001,2.4
ENSPD002708,Male,22.0,Informatique,1,0.6220839813374807,24.0,0.6113585746102449,0.466,0.705,1.0,2.4,20.7,Yes,No,Low,1.0,Yes,Salle 1,248.0,0.5875,1.0,1.0588483282624648,0.5855,3.4
ENSPD002709,Male,23.0,GenieCivil,5,0.8880248833592533,7.0,0.4342984409799555,0.8200000000000001,0.87,1.0,1.7,15.9,Yes,No,Low,0.0,No,Salle 26,70.0,0.7305555555555554,1.0,1.2155307304133147,0.845,2.7
ENSPD002710,Male,21.0,Telecom,3,0.9999999999999999,0.0,0.734966592427617,0.9470000000000001,0.44200000000000006,2.0,0.6,5.6,Yes,No,Low,3.0,No,Salle 26,154.0,0.6152777777777778,1.0,1.6252557520509823,0.6945000000000001,2.6
ENSPD002711,Female,21.0,Telecom,5,0.7822706065318817,14.0,0.6202672605790647,0.659,0.35700000000000004,2.0,2.2,19.6,Yes,No,Middle,1.0,Yes,Salle 27,60.0,0.33333333333333337,0.0,2.3467414173531242,0.508,4.2
ENSPD002712,Male,23.0,Mecanique,2,0.7387247278382582,17.0,0.6380846325167038,0.6020000000000001,0.387,2.0,4.7,23.5,Yes,Yes,Middle,3.0,Yes,Salle 19,231.0,0.49444444444444435,1.0,1.494019795227585,0.49450000000000005,6.7
ENSPD002713,Male,21.0,Electrique,2,0.405909797822706,38.0,0.7149220489977729,0.38200000000000006,0.7190000000000001,2.0,0.1,7.5,No,Yes,Middle,0.0,Yes,Salle 25,185.0,0.5277777777777778,1.0,0.7690776765080986,0.5505000000000001,2.1
ENSPD002714,Male,26.0,Chimie,2,0.8600311041990668,9.0,0.48440979955456576,0.529,0.385,1.0,1.2,11.5,Yes,No,Middle,1.0,No,Salle 6,119.0,0.29999999999999993,0.0,2.86667479150384,0.457,2.2
ENSPD002715,Male,19.0,Mecanique,3,0.5069984447900465,32.0,1.0,0.909,0.613,2.0,0.3,8.0,Yes,No,Low,1.0,Yes,Salle 2,212.0,0.7819444444444443,1.0,0.6483733782602311,0.761,2.3
ENSPD002716,Male,25.0,GenieCivil,3,0.6423017107309487,23.0,0.6113585746102449,0.6829999999999999,0.914,3.0,3.3,21.7,No,No,Low,1.0,Yes,Salle 23,185.0,0.8791666666666667,1.0,0.7305718350854193,0.7985,6.3
ENSPD002717,Female,22.0,GenieCivil,5,0.8989113530326595,6.0,0.5211581291759466,0.625,0.63,0.0,1.9,15.8,Yes,No,Middle,1.0,Yes,Salle 23,70.0,0.4819444444444444,1.0,1.8651375942156672,0.6275,1.9
ENSPD002718,Female,23.0,Informatique,1,0.9129082426127527,6.0,0.6113585746102449,0.856,0.484,1.0,4.2,24.7,Yes,No,Low,1.0,Yes,Salle 23,248.0,0.4527777777777777,1.0,2.016194533989378,0.6699999999999999,5.2
ENSPD002719,Female,24.0,Informatique,3,0.6329704510108866,24.0,0.5957683741648108,0.745,0.665,1.0,0.1,3.3,No,No,High,1.0,Yes,Salle 13,263.0,0.6194444444444444,1.0,1.0218192099316747,0.7050000000000001,1.1
ENSPD002720,Male,21.0,Informatique,2,0.6438569206842922,23.0,0.6403118040089087,0.593,0.626,0.0,1.4,20.3,No,Yes,Middle,1.0,Yes,Salle 18,298.0,0.4708333333333333,1.0,1.3674546820618867,0.6094999999999999,1.4
ENSPD002721,Female,24.0,Electrique,1,0.5894245723172628,26.0,0.7884187082405345,0.659,0.731,3.0,0.1,8.4,No,No,Middle,1.0,No,Salle 28,143.0,0.6083333333333333,1.0,0.9689011780364095,0.6950000000000001,3.1
ENSPD002722,Female,17.0,Informatique,3,0.4961119751166406,32.0,0.41536748329621387,0.48200000000000004,0.9640000000000001,2.0,1.4,9.1,Yes,No,Low,2.0,Yes,Salle 22,263.0,0.5833333333333334,1.0,0.8504630922612308,0.7230000000000001,3.4
ENSPD002723,Female,21.0,Informatique,3,0.6018662519440124,26.0,0.6113585746102449,0.519,0.7190000000000001,1.0,0.3,9.7,Yes,No,High,1.0,No,Salle 4,263.0,0.5527777777777778,1.0,1.0887835732612097,0.619,1.3
ENSPD002724,Male,20.0,Mecanique,1,0.41835147744945567,37.0,0.35523385300668153,0.583,1.0,0.0,0.3,4.4,No,No,Middle,1.0,Yes,Salle 2,186.0,0.5416666666666667,1.0,0.7723269307941188,0.7915,0.3
ENSPD002725,Male,19.0,Informatique,1,0.8475894245723173,10.0,0.6826280623608018,0.72,0.731,1.0,0.4,9.6,No,No,Middle,0.0,Yes,Salle 17,248.0,0.7194444444444443,1.0,1.1781001995572042,0.7255,1.4
ENSPD002726,Male,22.0,Informatique,2,0.7931570762052876,13.0,0.5924276169265034,0.395,0.48700000000000004,2.0,1.3,9.0,Yes,No,Middle,3.0,No,Salle 3,298.0,0.28888888888888886,0.0,2.74544869056363,0.44100000000000006,3.3
ENSPD002727,Male,23.0,Telecom,2,0.8242612752721618,11.0,0.9342984409799555,0.634,1.0,0.0,3.1,15.9,Yes,No,Middle,1.0,Yes,Salle 15,161.0,0.8333333333333333,1.0,0.989101661106661,0.817,3.1
ENSPD002728,Male,23.0,Informatique,2,0.541213063763608,30.0,0.6113585746102449,0.55,0.615,1.0,4.6,28.1,Yes,No,Low,0.0,No,Salle 11,298.0,0.3833333333333333,1.0,1.41182333616586,0.5825,5.6
ENSPD002729,Male,22.0,Electrique,1,0.4976671850699844,32.0,0.8396436525612472,0.45799999999999996,0.429,1.0,1.7,16.2,Yes,No,Low,1.0,No,Salle 22,143.0,0.44305555555555554,1.0,1.1232360061164413,0.4435,2.7
ENSPD002730,Male,21.0,Mecanique,1,0.7293934681181958,17.0,0.32516703786191536,0.551,1.0,0.0,0.3,7.1,Yes,Yes,Low,1.0,No,Salle 21,186.0,0.6083333333333333,1.0,1.198983251976454,0.7755000000000001,0.3
ENSPD002731,Female,23.0,Electrique,5,0.7325038880248832,17.0,0.388641425389755,0.20199999999999999,0.493,2.0,0.2,4.4,Yes,No,Middle,3.0,No,Salle 9,80.0,0.17361111111111116,0.0,4.218979381810933,0.3475,2.2
ENSPD002732,Male,22.0,Electrique,5,0.6920684292379472,20.0,0.32962138084632514,0.616,0.48600000000000004,1.0,1.4,10.3,Yes,Yes,Low,0.0,Yes,Salle 21,80.0,0.2680555555555556,0.0,2.581713371580552,0.551,2.4
ENSPD002733,Male,24.0,Mecanique,3,0.6656298600311042,22.0,0.6525612472160356,0.42200000000000004,0.53,0.0,2.9,17.2,Yes,Yes,Middle,2.0,No,Salle 2,212.0,0.38888888888888895,1.0,1.7115756281352585,0.47600000000000003,2.9
ENSPD002734,Female,24.0,Telecom,5,0.9999999999999999,0.0,0.4142538975501113,0.5700000000000001,0.6729999999999999,0.0,1.9,11.0,No,Yes,Middle,0.0,No,Salle 23,60.0,0.5180555555555555,1.0,1.9302576465011938,0.6214999999999999,1.9
ENSPD002735,Female,22.0,GenieCivil,3,0.7993779160186624,13.0,0.38530066815144765,0.21,0.826,2.0,1.7,13.1,Yes,No,Middle,2.0,Yes,Salle 6,185.0,0.34305555555555556,0.0,2.330102521438391,0.518,3.7
ENSPD002736,Female,20.0,Telecom,1,0.9999999999999999,0.0,0.643652561247216,0.654,0.11,0.0,0.1,3.4,No,No,Middle,1.0,Yes,Salle 5,121.0,0.27083333333333337,0.0,3.692171365980332,0.382,0.1
ENSPD002737,Other,21.0,GenieCivil,1,0.9564541213063763,3.0,0.6859688195991092,0.784,0.8250000000000001,2.0,1.1,15.6,Yes,No,Middle,1.0,No,Salle 12,149.0,0.723611111111111,1.0,1.3217609417693097,0.8045,3.1
ENSPD002738,Male,21.0,Energetique,5,0.9999999999999999,0.0,0.6169265033407572,0.599,0.529,2.0,1.6,3.5,No,Yes,Middle,0.0,Yes,Salle 26,40.0,0.5833333333333334,1.0,1.7142563270343936,0.5640000000000001,3.6
ENSPD002739,Female,21.0,Chimie,3,0.5194401244167962,31.0,0.5835189309576838,0.71,0.557,1.0,1.8,9.7,No,No,Low,2.0,Yes,Salle 11,130.0,0.4472222222222222,1.0,1.1614550531171144,0.6335,2.8
ENSPD002740,Male,23.0,Energetique,4,0.8304821150855365,11.0,0.915367483296214,0.528,0.983,0.0,0.0,8.1,No,No,Middle,0.0,Yes,Salle 28,70.0,0.7791666666666666,1.0,1.065845719736906,0.7555000000000001,0.0
ENSPD002741,Male,23.0,GenieCivil,4,0.6391912908242613,23.0,0.6347438752783965,0.34,0.6829999999999999,2.0,0.4,12.9,No,No,Middle,0.0,No,Salle 11,173.0,0.41388888888888886,1.0,1.5443174842536294,0.5115,2.4
ENSPD002742,Male,22.0,GenieCivil,2,0.40902021772939345,38.0,0.744988864142539,0.62,0.73,1.0,6.0,26.6,Yes,No,Middle,3.0,Yes,Salle 10,177.0,0.5527777777777778,1.0,0.7399226867382381,0.675,7.0
ENSPD002743,Male,22.0,Chimie,1,0.9999999999999999,0.0,0.6336302895322939,0.742,0.63,0.0,1.4,9.7,No,No,Middle,0.0,Yes,Salle 21,96.0,0.6555555555555557,1.0,1.525400459992983,0.6859999999999999,1.4
ENSPD002744,Male,22.0,Telecom,1,0.6656298600311042,22.0,0.4265033407572383,0.38200000000000006,0.793,0.0,2.4,16.4,Yes,No,Middle,0.0,Yes,Salle 22,121.0,0.4277777777777778,1.0,1.5559814810251027,0.5875,2.4
ENSPD002745,Female,21.0,Energetique,1,0.5225505443234836,31.0,0.7015590200445435,0.536,0.9640000000000001,0.0,0.7,9.8,No,No,Middle,1.0,Yes,Salle 5,83.0,0.8194444444444444,1.0,0.6376810179823369,0.75,0.7
ENSPD002746,Female,20.0,Mecanique,1,0.6423017107309487,23.0,0.5011135857461025,0.5760000000000001,0.145,1.0,1.8,12.7,Yes,No,Low,1.0,No,Salle 5,186.0,0.175,0.0,3.670085770704238,0.36050000000000004,2.8
ENSPD002747,Male,18.0,Chimie,2,0.5707620528771385,28.0,0.5946547884187082,1.0,0.8570000000000001,1.0,0.9,11.7,Yes,No,Middle,1.0,Yes,Salle 25,119.0,0.786111111111111,1.0,0.7260484991560882,0.9285000000000001,1.9
ENSPD002748,Male,21.0,Informatique,1,0.5909797822706065,26.0,0.6614699331848551,0.66,0.9490000000000001,1.0,0.7,9.0,No,Yes,Middle,0.0,Yes,Salle 6,248.0,0.7097222222222221,1.0,0.8326799372588817,0.8045,1.7
ENSPD002749,Female,23.0,GenieCivil,1,0.6780715396578537,21.0,0.28619153674832964,0.277,0.74,0.0,1.1,11.5,No,No,Middle,1.0,No,Salle 9,149.0,0.2958333333333333,0.0,2.2919953342124337,0.5085,1.1
ENSPD002750,Female,21.0,Informatique,2,0.9999999999999999,0.0,0.3418708240534521,0.23199999999999998,0.505,2.0,1.4,16.1,Yes,Yes,Middle,2.0,No,Salle 12,298.0,0.17361111111111116,0.0,5.759668243109195,0.3685,3.4
ENSPD002751,Male,22.0,Mecanique,2,0.5956454121306377,26.0,0.7616926503340756,0.751,0.41000000000000003,0.0,0.8,7.5,No,Yes,Middle,0.0,Yes,Salle 3,231.0,0.5930555555555557,1.0,1.0043500360978903,0.5805,0.8
ENSPD002752,Female,23.0,Energetique,2,0.9999999999999999,0.0,0.49888641425389757,1.0,1.0,1.0,0.6,6.4,Yes,No,Low,0.0,Yes,Salle 23,71.0,0.8680555555555556,1.0,1.1519867291128805,1.0,1.6
ENSPD002753,Male,23.0,Informatique,2,0.8786936236391912,8.0,0.5077951002227171,0.569,0.459,1.0,2.0,11.8,Yes,No,Low,1.0,Yes,Salle 24,298.0,0.4013888888888889,1.0,2.189078365591645,0.514,3.0
ENSPD002754,Male,20.0,Electrique,3,0.7947122861586314,13.0,0.6380846325167038,0.559,0.9440000000000001,5.0,1.0,6.6,No,Yes,Middle,1.0,Yes,Salle 26,188.0,0.6666666666666667,1.0,1.19205054847972,0.7515000000000001,6.0
ENSPD002755,Female,24.0,Electrique,5,0.8600311041990668,9.0,0.5456570155902005,0.698,0.718,1.0,0.5,11.5,Yes,No,High,0.0,No,Salle 17,80.0,0.638888888888889,1.0,1.3461145717356773,0.708,1.5
ENSPD002756,Male,24.0,Informatique,1,0.7231726283048211,18.0,0.6804008908685969,0.47600000000000003,1.0,0.0,2.8,11.5,Yes,No,Middle,0.0,Yes,Salle 26,248.0,0.6777777777777778,1.0,1.0669602669376008,0.738,2.8
ENSPD002757,Male,20.0,Mecanique,1,0.9595645412130639,3.0,0.601336302895323,0.616,0.5760000000000001,3.0,2.6,17.2,No,Yes,Low,1.0,Yes,Salle 3,186.0,0.33472222222222214,0.0,2.86666319376934,0.5960000000000001,5.6
ENSPD002758,Female,20.0,Electrique,4,0.8258164852255053,11.0,0.643652561247216,0.807,0.318,1.0,4.4,24.5,Yes,Yes,Middle,0.0,Yes,Salle 29,157.0,0.5041666666666667,1.0,1.637950622914267,0.5625,5.4
ENSPD002759,Female,24.0,Informatique,3,0.40902021772939345,38.0,0.4933184855233853,0.51,0.64,1.0,1.6,12.4,Yes,No,Middle,2.0,Yes,Salle 29,263.0,0.45833333333333337,1.0,0.8923882774835314,0.575,2.6
ENSPD002760,Male,22.0,Chimie,4,0.7760497667185068,14.0,0.6425389755011137,0.809,0.34299999999999997,0.0,0.7,9.4,Yes,No,Low,0.0,No,Salle 23,93.0,0.5694444444444444,1.0,1.3627951705173103,0.5760000000000001,0.7
ENSPD002761,Male,18.0,Energetique,1,0.8662519440124418,9.0,0.7951002227171492,0.483,1.0,1.0,4.0,11.5,No,No,Middle,1.0,Yes,Salle 19,83.0,0.7625,1.0,1.1360532242363273,0.7415,5.0
ENSPD002762,Male,19.0,Informatique,4,0.6656298600311042,22.0,0.5155902004454344,0.642,0.766,2.0,0.7,3.7,No,Yes,Middle,0.0,Yes,Salle 8,230.0,0.6527777777777778,1.0,1.0196726757002768,0.704,2.7
ENSPD002763,Female,22.0,Informatique,5,0.7433903576982893,16.0,0.7628062360801782,0.774,0.7959999999999999,2.0,1.4,14.5,No,No,Middle,0.0,Yes,Salle 5,109.0,0.7416666666666665,1.0,1.0023105634957141,0.7849999999999999,3.4
ENSPD002764,Male,20.0,GenieCivil,3,0.6049766718506998,25.0,0.601336302895323,0.813,0.7959999999999999,1.0,0.4,13.0,No,No,Middle,0.0,Yes,Salle 6,185.0,0.6708333333333333,1.0,0.9018151359493273,0.8045,1.4
ENSPD002765,Male,21.0,Chimie,1,0.46345256609642294,34.0,0.732739420935412,0.662,0.501,0.0,2.0,10.9,Yes,No,Low,0.0,Yes,Salle 1,96.0,0.48749999999999993,1.0,0.9506524298915365,0.5815,2.0
ENSPD002766,Female,22.0,Mecanique,4,0.43079315707620525,37.0,0.6314031180400892,0.653,0.614,0.0,3.7,29.8,Yes,No,Middle,1.0,Yes,Salle 10,178.0,0.5652777777777778,1.0,0.7620776072139948,0.6335,3.7
ENSPD002767,Male,25.0,Informatique,4,0.4339035769828927,36.0,0.6046770601336303,0.7320000000000001,0.662,1.0,1.6,10.2,Yes,No,High,1.0,Yes,Salle 9,230.0,0.5305555555555556,1.0,0.8178133172036621,0.6970000000000001,2.6
ENSPD002768,Male,21.0,GenieCivil,4,0.8444790046656298,10.0,0.6681514476614699,0.7040000000000001,1.0,0.0,1.3,11.2,Yes,No,Middle,1.0,Yes,Salle 13,173.0,0.7597222222222222,1.0,1.1115482270786445,0.8520000000000001,1.3
ENSPD002769,Male,24.0,Energetique,1,0.255054432348367,48.0,0.8129175946547884,0.38799999999999996,0.409,2.0,10.1,11.5,Yes,No,Middle,1.0,No,Salle 10,83.0,0.35,0.0,0.7287061293916374,0.39849999999999997,12.1
ENSPD002770,Female,25.0,Mecanique,4,0.7231726283048211,26.0,0.6492204899777283,0.616,0.494,2.0,0.0,0.0,No,Yes,Middle,1.0,No,Salle 26,178.0,0.3375,0.0,2.1426702269705222,0.5549999999999999,2.0
ENSPD002771,Male,25.0,GenieCivil,1,0.5769828926905131,27.0,0.690423162583519,0.24,0.5670000000000001,1.0,1.4,5.0,Yes,No,Middle,1.0,Yes,Salle 15,149.0,0.3597222222222223,0.0,1.6039232991869312,0.4035,2.4
ENSPD002772,Male,23.0,Energetique,2,0.6671850699844478,21.0,0.5489977728285078,0.758,0.505,1.0,5.0,27.6,Yes,No,Low,1.0,Yes,Salle 21,71.0,0.5291666666666666,1.0,1.2607983533875542,0.6315,6.0
ENSPD002773,Female,18.0,Electrique,3,0.3732503888024883,40.0,0.8730512249443206,0.549,0.348,1.0,2.1,12.5,Yes,No,Middle,1.0,No,Salle 10,188.0,0.37083333333333335,0.0,1.0064907610648386,0.4485,3.1
ENSPD002774,Male,23.0,Chimie,2,0.7947122861586314,13.0,0.7171492204899776,0.768,0.099,0.0,1.6,7.9,No,Yes,Low,2.0,Yes,Salle 28,119.0,0.4111111111111111,1.0,1.9330369194878187,0.4335,1.6
ENSPD002775,Male,24.0,Electrique,3,0.48211508553654736,33.0,0.623608017817372,0.693,0.275,0.0,2.0,17.9,Yes,Yes,Middle,2.0,No,Salle 21,188.0,0.3402777777777778,0.0,1.416786370303869,0.484,2.0
ENSPD002776,Male,22.0,Energetique,3,0.9315707620528771,4.0,0.5902004454342985,0.44,0.86,1.0,1.4,9.4,No,No,Low,1.0,Yes,Salle 20,104.0,0.5861111111111111,1.0,1.589382713560507,0.65,2.4
ENSPD002777,Male,25.0,Electrique,1,0.603421461897356,26.0,0.7739420935412027,0.598,0.638,1.0,0.1,4.8,No,Yes,Low,1.0,Yes,Salle 17,143.0,0.4736111111111111,1.0,1.274059470199152,0.618,1.1
ENSPD002778,Male,24.0,Telecom,3,0.7029548989113531,19.0,0.5089086859688196,0.538,0.807,1.0,0.6,16.5,Yes,No,Middle,0.0,Yes,Salle 1,154.0,0.5208333333333334,1.0,1.3496474926779385,0.6725000000000001,1.6
ENSPD002779,Male,23.0,Electrique,5,0.7200622083981337,18.0,0.3129175946547884,0.51,0.523,0.0,0.8,4.2,Yes,No,Middle,0.0,Yes,Salle 16,80.0,0.24305555555555558,0.0,2.962419774995864,0.5165,0.8
ENSPD002780,Male,24.0,Chimie,1,0.7651632970451011,15.0,0.6224944320712694,0.785,0.62,1.0,1.3,6.1,Yes,No,Middle,2.0,Yes,Salle 1,96.0,0.6625000000000001,1.0,1.154946034090204,0.7025,2.3
ENSPD002781,Male,23.0,Mecanique,3,0.7262830482115087,18.0,0.8095768374164811,1.0,0.963,0.0,1.0,7.4,Yes,No,Low,0.0,Yes,Salle 13,212.0,1.0,1.0,0.7262757854536541,0.9815,1.0
ENSPD002782,Female,17.0,Mecanique,2,0.6407465007776051,23.0,0.8763919821826281,0.821,0.951,3.0,1.5,12.1,Yes,No,Low,1.0,Yes,Salle 3,231.0,0.8652777777777778,1.0,0.740501041657104,0.8859999999999999,4.5
ENSPD002783,Other,22.0,Chimie,2,0.7231726283048211,14.0,0.5924276169265034,0.615,0.828,0.0,0.4,8.4,No,No,Low,1.0,Yes,Salle 4,119.0,0.6277777777777779,1.0,1.1519380496139688,0.7215,0.4
ENSPD002784,Female,24.0,Mecanique,2,0.8071539657853809,12.0,0.6180400890868597,0.8470000000000001,0.68,1.0,1.4,3.7,Yes,No,Middle,0.0,Yes,Salle 20,231.0,0.6222222222222222,1.0,1.2971908830158851,0.7635000000000001,2.4
ENSPD002785,Female,20.0,Electrique,2,0.5769828926905131,27.0,0.6971046770601336,0.9279999999999999,0.7440000000000001,1.0,0.9,3.0,No,Yes,Low,1.0,Yes,Salle 28,185.0,0.7486111111111111,1.0,0.7707275204063497,0.8360000000000001,1.9
ENSPD002786,Male,22.0,Mecanique,1,0.7993779160186624,13.0,0.5657015590200446,0.369,0.7140000000000001,1.0,1.3,11.5,No,No,High,1.0,No,Salle 14,186.0,0.47916666666666674,1.0,1.668232139889941,0.5415000000000001,2.3
ENSPD002787,Female,20.0,Telecom,5,0.942457231726283,4.0,0.6959910913140313,0.84,0.6070000000000001,3.0,0.8,6.4,Yes,Yes,Middle,3.0,Yes,Salle 21,60.0,0.6583333333333332,1.0,1.4315588599559752,0.7235,3.8
ENSPD002788,Male,26.0,Informatique,3,0.8522550544323483,10.0,0.5957683741648108,0.7590000000000001,0.559,1.0,1.7,11.8,Yes,No,High,1.0,Yes,Salle 28,263.0,0.5097222222222222,1.0,1.6719662153529709,0.659,2.7
ENSPD002789,Female,25.0,Telecom,3,0.8942457231726283,7.0,0.779510022271715,0.8340000000000001,0.8640000000000001,1.0,0.7,8.1,Yes,No,High,1.0,Yes,Salle 12,154.0,0.8263888888888888,1.0,1.0820993774265126,0.8490000000000001,1.7
ENSPD002790,Other,20.0,Electrique,2,0.7231726283048211,16.0,0.7305122494432071,0.766,0.381,0.0,0.4,10.4,Yes,No,Middle,3.0,Yes,Salle 4,185.0,0.5166666666666666,1.0,1.3996618677796324,0.5735,0.4
ENSPD002791,Female,22.0,Informatique,3,0.5458786936236392,29.0,0.7461024498886415,0.579,0.937,1.0,1.4,18.9,No,No,Middle,0.0,Yes,Salle 21,263.0,0.7027777777777777,1.0,0.7767333338518113,0.758,2.4
ENSPD002792,Other,21.0,GenieCivil,2,0.5692068429237945,28.0,0.5757238307349666,0.986,0.585,3.0,0.4,13.0,Yes,No,Middle,0.0,Yes,Salle 5,177.0,0.6583333333333332,1.0,0.8646048560130145,0.7855,3.4
ENSPD002793,Male,23.0,Mecanique,2,0.7791601866251944,14.0,0.9320712694877507,0.6809999999999999,0.37700000000000006,1.0,6.8,31.6,Yes,No,Middle,3.0,Yes,Salle 14,231.0,0.49444444444444435,1.0,1.5757977208610952,0.529,7.8
ENSPD002794,Male,23.0,Mecanique,2,0.8958009331259719,7.0,0.6915367483296213,0.616,0.531,0.0,1.4,34.4,Yes,Yes,Middle,0.0,Yes,Salle 19,231.0,0.5486111111111112,1.0,1.6328225709574402,0.5735,1.4
ENSPD002795,Male,24.0,Mecanique,2,0.9999999999999999,0.0,0.6514476614699333,0.711,0.465,2.0,2.4,10.6,Yes,No,Middle,0.0,Yes,Salle 12,231.0,0.461111111111111,1.0,2.168627668315627,0.588,4.4
ENSPD002796,Female,23.0,Informatique,1,0.9035769828926904,6.0,0.4832962138084633,0.795,0.525,2.0,1.4,6.4,No,No,Low,0.0,Yes,Salle 6,248.0,0.5375,1.0,1.6810421813411667,0.66,3.4
ENSPD002797,Male,28.0,Energetique,3,0.5023328149300156,32.0,0.5935412026726058,0.637,0.521,1.0,3.2,14.9,Yes,No,Middle,2.0,No,Salle 27,104.0,0.4652777777777778,1.0,1.0796174731456851,0.579,4.2
ENSPD002798,Female,20.0,Informatique,4,0.5769828926905131,27.0,0.6291759465478842,0.691,0.513,1.0,4.1,22.4,Yes,No,Middle,0.0,No,Salle 4,230.0,0.5916666666666666,1.0,0.9751658721664083,0.602,5.1
ENSPD002799,Other,19.0,Electrique,1,0.9999999999999999,0.0,0.4788418708240535,0.636,0.578,0.0,2.5,19.0,Yes,No,Middle,1.0,Yes,Salle 12,143.0,0.44861111111111107,1.0,2.229052479325538,0.607,2.5
ENSPD002800,Male,21.0,Mecanique,1,0.6796267496111975,21.0,0.5612472160356348,0.501,0.627,1.0,0.2,0.0,No,No,Middle,2.0,Yes,Salle 1,186.0,0.37916666666666665,1.0,1.792374925350182,0.5640000000000001,1.2
ENSPD002801,Female,19.0,Electrique,2,0.7293934681181958,17.0,0.5824053452115813,0.47200000000000003,0.793,2.0,0.0,8.6,No,No,Middle,0.0,Yes,Salle 6,185.0,0.44027777777777777,1.0,1.6566289252897126,0.6325000000000001,2.0
ENSPD002802,Female,19.0,Mecanique,5,0.541213063763608,30.0,0.6191536748329621,0.36700000000000005,0.5910000000000001,1.0,0.4,11.5,No,Yes,Middle,0.0,Yes,Salle 24,67.0,0.39861111111111114,1.0,1.3577129978265274,0.4790000000000001,1.4
ENSPD002803,Female,20.0,Electrique,4,0.9999999999999999,0.0,0.3162583518930958,0.893,0.635,0.0,0.4,14.8,Yes,No,Middle,3.0,Yes,Salle 17,157.0,0.6541666666666666,1.0,1.5286390526514246,0.764,0.4
ENSPD002804,Female,20.0,Chimie,3,0.8133748055987559,12.0,0.5879732739420935,0.58,0.642,1.0,0.4,8.3,Yes,No,Middle,0.0,No,Salle 3,130.0,0.5708333333333333,1.0,1.4248652092496294,0.611,1.4
ENSPD002805,Male,20.0,Electrique,5,0.7231726283048211,27.0,0.5467706013363028,0.003,0.748,1.0,1.4,3.5,Yes,Yes,Low,1.0,Yes,Salle 5,80.0,0.34305555555555556,0.0,2.107972125425782,0.3755,2.4
ENSPD002806,Female,23.0,Informatique,2,0.5349922239502333,30.0,0.6069042316258353,0.691,0.649,1.0,1.5,5.6,Yes,No,Low,0.0,No,Salle 7,298.0,0.5805555555555555,1.0,0.9215018335669052,0.6699999999999999,2.5
ENSPD002807,Female,21.0,Electrique,5,0.7776049766718508,14.0,0.7828507795100222,0.688,0.511,2.0,2.6,19.0,No,No,Middle,0.0,Yes,Salle 27,80.0,0.576388888888889,1.0,1.3490743852244793,0.5994999999999999,4.6
ENSPD002808,Male,22.0,Mecanique,2,0.7278382581648523,18.0,0.953229398663697,0.284,0.456,1.0,0.4,7.0,Yes,No,Low,1.0,Yes,Salle 9,231.0,0.5277777777777778,1.0,1.37903583373866,0.37,1.4
ENSPD002809,Male,24.0,Informatique,2,0.7231726283048211,8.0,0.7238307349665924,0.47000000000000003,0.682,2.0,0.2,3.3,No,No,High,2.0,Yes,Salle 10,298.0,0.5638888888888889,1.0,1.2824508835790873,0.5760000000000001,2.2
ENSPD002810,Female,20.0,GenieCivil,3,0.822706065318818,11.0,0.40423162583518935,0.462,0.895,0.0,2.2,7.8,Yes,No,High,1.0,No,Salle 16,185.0,0.5888888888888888,1.0,1.3970243123926882,0.6785,2.2
ENSPD002811,Male,21.0,GenieCivil,2,0.6702954898911352,21.0,0.5523385300668151,0.48600000000000004,0.594,0.0,1.3,5.9,No,No,Middle,1.0,No,Salle 29,177.0,0.42361111111111116,1.0,1.5822995415243222,0.54,1.3
ENSPD002812,Female,22.0,GenieCivil,3,0.6189735614307931,24.0,0.7093541202672606,0.838,0.5,0.0,1.4,15.9,Yes,No,High,2.0,Yes,Salle 8,185.0,0.5486111111111112,1.0,1.1282350403490646,0.669,1.4
ENSPD002813,Female,18.0,Electrique,2,0.6905132192846034,20.0,0.690423162583519,0.593,0.589,2.0,1.0,10.9,Yes,No,Middle,1.0,Yes,Salle 18,185.0,0.4986111111111111,1.0,1.3848455348107627,0.591,3.0
ENSPD002814,Male,17.0,Mecanique,3,0.6174183514774495,25.0,0.7750556792873051,0.543,0.528,1.0,2.8,20.1,Yes,No,Low,1.0,Yes,Salle 29,212.0,0.5666666666666667,1.0,1.0895425695030962,0.5355000000000001,3.8
ENSPD002815,Male,23.0,Mecanique,2,0.6951788491446346,20.0,0.5935412026726058,0.8220000000000001,0.507,0.0,2.3,19.5,No,No,Middle,1.0,No,Salle 25,231.0,0.5333333333333333,1.0,1.3034359027230138,0.6645000000000001,2.3
ENSPD002816,Female,23.0,Informatique,1,0.7231726283048211,18.0,0.5489977728285078,0.7090000000000001,0.35100000000000003,0.0,2.1,9.9,Yes,No,Middle,0.0,Yes,Salle 18,248.0,0.4555555555555555,1.0,1.587417265168177,0.53,2.1
ENSPD002817,Male,26.0,Electrique,5,0.5520995334370139,29.0,0.9031180400890868,0.307,0.5910000000000001,0.0,0.1,9.1,Yes,No,Middle,0.0,Yes,Salle 14,80.0,0.4125,1.0,1.3383906655281421,0.44900000000000007,0.1
ENSPD002818,Male,22.0,Electrique,4,0.838258164852255,10.0,0.6202672605790647,0.509,0.687,1.0,3.9,17.6,Yes,No,Middle,2.0,Yes,Salle 15,157.0,0.4833333333333333,1.0,1.7342913557352366,0.5980000000000001,4.9
ENSPD002819,Male,24.0,Mecanique,5,0.6516329704510108,22.0,0.4398663697104678,0.6779999999999999,0.635,2.0,0.9,8.1,Yes,Yes,Low,0.0,Yes,Salle 26,67.0,0.36944444444444435,0.0,1.7637708254691145,0.6565,2.9
ENSPD002820,Male,22.0,Electrique,4,0.56298600311042,28.0,0.856347438752784,0.452,0.46399999999999997,2.0,0.3,3.3,Yes,No,Middle,1.0,Yes,Salle 22,157.0,0.37083333333333335,0.0,1.518123564606132,0.45799999999999996,2.3
ENSPD002821,Female,23.0,GenieCivil,3,0.6547433903576981,22.0,0.3608017817371938,0.985,0.45,1.0,1.4,11.5,Yes,No,Middle,1.0,Yes,Salle 20,185.0,0.5180555555555555,1.0,1.263823435734063,0.7175,2.4
ENSPD002822,Male,25.0,GenieCivil,3,0.7651632970451011,15.0,0.02672605790645881,0.64,0.363,1.0,1.3,7.9,Yes,No,Middle,0.0,Yes,Salle 26,185.0,0.19444444444444453,0.0,3.9349231601837085,0.5015000000000001,2.3
ENSPD002823,Female,18.0,GenieCivil,1,0.7356143079315708,17.0,0.7383073496659243,0.484,0.449,1.0,0.1,8.0,Yes,Yes,Middle,4.0,No,Salle 24,149.0,0.3930555555555556,1.0,1.8714799542581633,0.4665,1.1
ENSPD002824,Male,23.0,Electrique,1,0.7993779160186624,13.0,0.7628062360801782,0.418,0.6,2.0,1.4,18.9,Yes,No,Middle,2.0,Yes,Salle 20,143.0,0.525,1.0,1.5225956001193548,0.509,3.4
ENSPD002825,Male,26.0,Electrique,2,0.7231726283048211,7.0,0.6792873051224945,0.787,0.37200000000000005,3.0,1.1,14.0,Yes,No,Low,2.0,Yes,Salle 25,185.0,0.4222222222222223,1.0,1.7127367127471689,0.5795,4.1
ENSPD002826,Female,23.0,Mecanique,4,0.9642301710730948,2.0,0.3930957683741648,0.503,0.612,3.0,2.8,18.5,Yes,No,Middle,0.0,Yes,Salle 18,178.0,0.39583333333333337,1.0,2.435888367636425,0.5575,5.8
ENSPD002827,Female,25.0,Informatique,1,0.7729393468118196,15.0,0.6002227171492205,0.688,0.499,1.0,2.8,23.7,Yes,Yes,Low,2.0,No,Salle 20,248.0,0.5222222222222221,1.0,1.4800682798215308,0.5934999999999999,3.8
ENSPD002828,Male,21.0,Informatique,5,0.52099533437014,31.0,0.5634743875278396,0.413,0.454,3.0,0.2,3.2,No,No,Middle,1.0,No,Salle 23,109.0,0.27361111111111114,0.0,1.904075793912612,0.4335,3.2
ENSPD002829,Male,22.0,Electrique,3,0.6702954898911352,21.0,0.5200445434298441,0.633,0.715,1.0,1.9,15.8,No,No,Middle,1.0,Yes,Salle 18,188.0,0.5027777777777778,1.0,1.333157883936058,0.6739999999999999,2.9
ENSPD002830,Male,22.0,Telecom,4,0.5318818040435459,30.0,0.846325167037862,0.506,0.512,1.0,0.9,10.2,Yes,No,Middle,0.0,Yes,Salle 17,121.0,0.4833333333333333,1.0,1.1004223444553822,0.509,1.9
ENSPD002831,Male,18.0,GenieCivil,1,0.9999999999999999,0.0,0.43541202672605794,0.563,0.546,1.0,1.4,8.4,No,No,Middle,2.0,No,Salle 2,149.0,0.5444444444444444,1.0,1.8367009585538225,0.5545,2.4
ENSPD002832,Female,20.0,Informatique,2,0.9999999999999999,0.0,0.6625835189309577,0.47700000000000004,0.9,0.0,0.2,9.6,No,No,Low,1.0,Yes,Salle 14,298.0,0.6930555555555555,1.0,1.4428649526499817,0.6885,0.2
ENSPD002833,Male,20.0,Chimie,5,0.8413685847589424,10.0,0.6113585746102449,0.805,0.456,3.0,1.8,15.6,Yes,No,Middle,1.0,Yes,Salle 2,48.0,0.6194444444444444,1.0,1.3582412593932085,0.6305000000000001,4.8
ENSPD002834,Male,24.0,Telecom,2,0.880248833592535,8.0,0.6737193763919822,0.532,0.953,2.0,3.0,14.4,Yes,Yes,High,1.0,Yes,Salle 6,161.0,0.6749999999999999,1.0,1.304053026758915,0.7424999999999999,5.0
ENSPD002835,Male,24.0,Telecom,2,0.7667185069984447,15.0,0.8173719376391981,0.594,0.635,1.0,8.7,33.1,Yes,No,High,1.0,Yes,Salle 19,161.0,0.5805555555555555,1.0,1.3206407091525703,0.6145,9.7
ENSPD002836,Female,23.0,Electrique,1,0.7884914463452567,14.0,0.7048997772828508,0.603,0.413,2.0,0.8,7.8,Yes,No,Middle,0.0,Yes,Salle 16,143.0,0.4111111111111111,0.0,1.9179055150299886,0.508,2.8
ENSPD002837,Other,24.0,Telecom,1,0.42146189735614303,37.0,0.6815144766146994,0.91,0.529,0.0,0.3,3.5,No,No,High,1.0,Yes,Salle 7,121.0,0.6402777777777777,1.0,0.6582382359677311,0.7195,0.3
ENSPD002838,Male,22.0,Informatique,2,0.7060653188180402,19.0,0.6714922048997773,0.78,0.654,0.0,0.9,9.3,Yes,No,Middle,2.0,No,Salle 27,298.0,0.6541666666666666,1.0,1.0793190200680352,0.7170000000000001,0.9
ENSPD002839,Female,24.0,Informatique,3,0.5552099533437015,29.0,0.7126948775055679,0.762,0.891,0.0,0.0,11.5,No,Yes,Low,1.0,Yes,Salle 30,263.0,0.7652777777777777,1.0,0.725491729341223,0.8265,0.0
ENSPD002840,Male,22.0,Informatique,2,0.7729393468118196,15.0,0.5456570155902005,0.336,0.8,1.0,1.1,16.5,Yes,No,Middle,1.0,Yes,Salle 4,298.0,0.5222222222222221,1.0,1.4800682798215308,0.5680000000000001,2.1
ENSPD002841,Male,22.0,Chimie,3,0.7091757387247278,19.0,0.3930957683741648,0.502,0.653,2.0,4.9,11.5,No,No,High,0.0,Yes,Salle 26,130.0,0.4819444444444444,1.0,1.4714580328068239,0.5775,6.9
ENSPD002842,Female,21.0,Informatique,1,0.9999999999999999,0.0,0.7694877505567929,0.8340000000000001,0.892,1.0,1.4,9.0,Yes,No,Middle,2.0,Yes,Salle 18,248.0,0.8944444444444444,1.0,1.1179999229822275,0.863,2.4
ENSPD002843,Female,23.0,GenieCivil,4,0.8911353032659409,7.0,0.8040089086859689,0.409,0.264,0.0,1.4,4.8,Yes,No,Low,2.0,Yes,Salle 10,173.0,0.4277777777777778,1.0,2.083124739783607,0.3365,1.4
ENSPD002844,Female,21.0,GenieCivil,4,0.7729393468118196,15.0,0.6525612472160356,0.635,0.6900000000000001,2.0,1.7,7.9,Yes,No,High,2.0,Yes,Salle 2,173.0,0.6152777777777778,1.0,1.256224119392439,0.6625000000000001,3.7
ENSPD002845,Male,24.0,Mecanique,1,0.7231726283048211,21.0,0.5189309576837416,0.428,0.7020000000000001,0.0,0.4,4.8,No,No,Middle,2.0,No,Salle 27,186.0,0.46944444444444444,1.0,1.5404532577396908,0.5650000000000001,0.4
ENSPD002846,Male,20.0,Telecom,2,0.9999999999999999,0.0,0.34966592427616927,0.446,0.7040000000000001,2.0,0.8,4.8,No,No,Middle,1.0,Yes,Salle 18,161.0,0.4527777777777777,1.0,2.2085401794806985,0.5750000000000001,2.8
ENSPD002847,Female,20.0,Informatique,1,0.7138413685847588,18.0,0.6247216035634744,0.923,0.318,3.0,4.8,25.9,Yes,No,Middle,1.0,Yes,Salle 4,248.0,0.5375,1.0,1.328052256859889,0.6205,7.8
ENSPD002848,Male,23.0,Mecanique,4,0.7822706065318817,14.0,0.38530066815144765,0.7490000000000001,0.43700000000000006,1.0,0.7,7.7,Yes,No,Middle,0.0,Yes,Salle 8,178.0,0.36249999999999993,0.0,2.1579283510299905,0.5930000000000001,1.7
ENSPD002849,Male,22.0,Chimie,4,0.7278382581648523,18.0,0.3619153674832963,0.797,0.6070000000000001,1.0,2.0,16.3,Yes,Yes,Low,1.0,Yes,Salle 26,93.0,0.4986111111111111,1.0,1.459702050205939,0.7020000000000001,3.0
ENSPD002850,Male,21.0,Informatique,4,0.645412130637636,23.0,0.6069042316258353,0.761,0.863,1.0,0.3,2.1,No,No,Middle,1.0,Yes,Salle 11,230.0,0.6708333333333333,1.0,0.9620906977351436,0.812,1.3
ENSPD002851,Female,24.0,Electrique,2,0.7262830482115087,18.0,0.4821826280623608,0.595,1.0,0.0,2.2,14.5,Yes,No,Middle,1.0,No,Salle 12,185.0,0.6097222222222222,1.0,1.1911508392397354,0.7975,2.2
ENSPD002852,Male,21.0,Telecom,2,0.35458786936236386,42.0,0.6681514476614699,0.49600000000000005,0.507,1.0,0.7,4.8,Yes,No,Middle,0.0,Yes,Salle 3,161.0,0.3666666666666667,0.0,0.9670314519486664,0.5015000000000001,1.7
ENSPD002853,Male,22.0,Energetique,1,0.43079315707620525,37.0,0.5835189309576838,0.5479999999999999,0.378,2.0,0.5,11.5,No,No,Low,1.0,No,Salle 6,83.0,0.2930555555555555,0.0,1.4699549261582914,0.46299999999999997,2.5
ENSPD002854,Female,25.0,Telecom,2,0.7853810264385693,14.0,0.5089086859688196,0.585,0.8029999999999999,5.0,0.3,2.1,Yes,No,High,2.0,Yes,Salle 30,161.0,0.5986111111111111,1.0,1.3119835098712271,0.694,5.3
ENSPD002855,Male,25.0,Mecanique,3,0.9999999999999999,0.0,0.32516703786191536,0.9400000000000001,1.0,2.0,0.1,0.0,Yes,No,Middle,1.0,Yes,Salle 4,212.0,0.7652777777777777,1.0,1.306697988701418,0.97,2.1
ENSPD002856,Male,25.0,Electrique,1,0.7853810264385693,14.0,0.46770601336302897,0.379,0.635,1.0,6.9,30.3,No,No,Middle,3.0,No,Salle 28,143.0,0.5888888888888888,1.0,1.333643247180166,0.507,7.9
ENSPD002857,Male,21.0,Informatique,4,0.5863141524105754,27.0,0.47438752783964366,0.52,0.49,1.0,1.1,4.9,No,Yes,Low,0.0,No,Salle 18,230.0,0.34444444444444444,0.0,1.7021529606221686,0.505,2.1
ENSPD002858,Male,24.0,Mecanique,3,0.45101088646967347,35.0,0.4053452115812918,0.456,1.0,0.0,3.0,17.6,Yes,Yes,High,1.0,No,Salle 13,212.0,0.5111111111111111,1.0,0.8823953397057583,0.728,3.0
ENSPD002859,Male,20.0,Informatique,4,0.8662519440124418,9.0,0.5556792873051225,0.81,0.777,2.0,5.1,27.7,No,No,Middle,1.0,Yes,Salle 3,230.0,0.7361111111111112,1.0,1.176779107319595,0.7935000000000001,7.1
ENSPD002860,Male,20.0,Mecanique,2,0.6143079315707621,25.0,0.41870824053452116,0.9540000000000001,0.48200000000000004,0.0,0.5,9.9,Yes,No,Middle,0.0,Yes,Salle 4,231.0,0.4847222222222223,1.0,1.2673140002009948,0.7180000000000001,0.5
ENSPD002861,Female,17.0,Telecom,4,0.8398133748055988,10.0,0.5824053452115813,0.6759999999999999,1.0,2.0,4.1,12.9,Yes,No,Low,1.0,Yes,Salle 12,121.0,0.7999999999999998,1.0,1.0497535965870415,0.838,6.1
ENSPD002862,Male,25.0,Mecanique,5,0.7931570762052876,13.0,0.6503340757238307,0.6900000000000001,0.466,1.0,2.5,17.9,Yes,Yes,Low,1.0,Yes,Salle 15,67.0,0.5125,1.0,1.5475933663836565,0.5780000000000001,3.5
ENSPD002863,Female,20.0,Electrique,5,0.8087091757387247,12.0,0.4721603563474388,0.636,0.516,2.0,1.7,12.7,No,No,Middle,0.0,Yes,Salle 11,80.0,0.37083333333333335,0.0,2.18072998230715,0.5760000000000001,3.7
ENSPD002864,Female,22.0,GenieCivil,4,0.7262830482115087,18.0,0.6815144766146994,0.6990000000000001,0.785,0.0,3.3,21.0,No,No,Middle,0.0,Yes,Salle 11,173.0,0.6527777777777778,1.0,1.112586774654274,0.742,3.3
ENSPD002865,Male,20.0,GenieCivil,4,0.7916018662519438,13.0,0.3830734966592428,0.7590000000000001,0.635,0.0,0.2,9.3,Yes,No,Middle,3.0,Yes,Salle 25,173.0,0.4916666666666667,1.0,1.6100049482083967,0.6970000000000001,0.2
ENSPD002866,Female,23.0,Energetique,3,0.6982892690513217,19.0,0.4242761692650334,0.616,0.647,3.0,0.6,4.9,Yes,No,High,1.0,No,Salle 11,104.0,0.4569444444444445,1.0,1.5281376022073425,0.6315,3.6
ENSPD002867,Male,21.0,Mecanique,1,0.6018662519440124,26.0,0.5913140311804008,0.71,0.648,1.0,0.3,11.5,Yes,No,Low,2.0,Yes,Salle 13,186.0,0.523611111111111,1.0,1.1494308368638293,0.679,1.3
ENSPD002868,Female,19.0,Electrique,3,0.5396578538102644,30.0,0.7249443207126949,0.76,0.863,1.0,4.5,24.3,No,No,High,0.0,Yes,Salle 15,188.0,0.7222222222222223,1.0,0.7472082208542312,0.8115,5.5
ENSPD002869,Male,23.0,GenieCivil,4,0.2752721617418351,47.0,0.755011135857461,0.3,0.17500000000000002,1.0,0.2,9.7,Yes,No,Middle,1.0,Yes,Salle 21,173.0,0.15555555555555556,0.0,1.7694930009331655,0.2375,1.2
ENSPD002870,Male,19.0,Informatique,5,0.6858475894245722,20.0,0.8797327394209354,0.62,0.6970000000000001,2.0,7.8,31.2,No,Yes,Middle,2.0,Yes,Salle 23,109.0,0.6722222222222222,1.0,1.020253963961057,0.6585000000000001,9.8
ENSPD002871,Female,20.0,GenieCivil,3,0.9999999999999999,0.0,0.5478841870824054,0.675,0.5820000000000001,0.0,0.2,6.1,Yes,No,Middle,1.0,No,Salle 29,185.0,0.4263888888888888,1.0,2.345221871018009,0.6285000000000001,0.2
ENSPD002872,Female,18.0,Telecom,2,0.8569206842923794,9.0,0.6113585746102449,0.616,0.635,3.0,2.2,11.7,Yes,No,Low,0.0,Yes,Salle 15,177.0,0.4916666666666667,1.0,1.742854079494748,0.6255,5.2
ENSPD002873,Female,19.0,Informatique,3,0.7620528771384137,15.0,0.4376391982182628,0.616,0.489,1.0,2.2,11.7,Yes,No,Low,1.0,No,Salle 17,263.0,0.36111111111111116,0.0,2.1102418376862557,0.5525,3.2
ENSPD002874,Male,22.0,Informatique,5,0.583203732503888,27.0,0.40089086859688206,0.649,0.113,0.0,5.4,25.0,Yes,Yes,Low,0.0,Yes,Salle 1,109.0,0.20833333333333337,0.0,2.79924355232815,0.381,5.4
ENSPD002875,Female,18.0,Informatique,1,0.906687402799378,6.0,0.6481069042316259,0.616,0.48,2.0,0.8,10.8,No,No,Middle,1.0,Yes,Salle 6,248.0,0.3847222222222222,1.0,2.356671342894886,0.548,2.8
ENSPD002876,Male,19.0,Chimie,2,0.6982892690513217,19.0,0.48106904231625836,0.30100000000000005,0.898,1.0,0.8,10.5,No,No,High,0.0,No,Salle 7,119.0,0.5069444444444444,1.0,1.3774201542242228,0.5995,1.8
ENSPD002877,Male,22.0,Chimie,3,0.9999999999999999,0.0,0.8162583518930958,0.797,0.8059999999999999,2.0,3.7,16.2,No,No,Middle,1.0,Yes,Salle 14,130.0,0.7652777777777777,1.0,1.306697988701418,0.8015,5.7
ENSPD002878,Male,21.0,Electrique,1,0.5365474339035771,30.0,0.36636971046770606,0.41600000000000004,0.6020000000000001,0.0,7.7,30.3,Yes,No,Middle,1.0,Yes,Salle 1,143.0,0.3833333333333333,1.0,1.3996524453368444,0.5090000000000001,7.7
ENSPD002879,Female,26.0,GenieCivil,1,0.5800933125972006,27.0,0.6915367483296213,0.5910000000000001,0.358,1.0,1.4,9.7,Yes,Yes,Middle,0.0,Yes,Salle 20,149.0,0.4555555555555555,1.0,1.2733476127047958,0.47450000000000003,2.4
ENSPD002880,Male,26.0,Telecom,2,0.5614307931570762,28.0,0.44209354120267264,0.485,0.804,2.0,2.0,16.2,No,No,Middle,1.0,Yes,Salle 6,161.0,0.4930555555555556,1.0,1.1386534444177325,0.6445000000000001,4.0
ENSPD002881,Male,20.0,Chimie,4,0.44323483670295494,36.0,0.47327394209354123,0.9059999999999999,0.902,4.0,0.6,12.4,Yes,No,Middle,1.0,Yes,Salle 18,93.0,0.6805555555555556,1.0,0.6512742719415706,0.9039999999999999,4.6
ENSPD002882,Female,23.0,Telecom,1,0.5458786936236392,29.0,0.700445434298441,0.606,0.8470000000000001,3.0,2.6,17.6,No,No,Low,2.0,Yes,Salle 9,121.0,0.6555555555555557,1.0,0.8326836103538678,0.7265,5.6
ENSPD002883,Male,23.0,Telecom,2,0.7387247278382582,17.0,0.49777282850779514,0.564,0.446,1.0,3.0,22.3,Yes,No,Middle,1.0,No,Salle 30,161.0,0.3319444444444445,0.0,2.2253798381117633,0.505,4.0
ENSPD002884,Male,21.0,Electrique,4,0.5878693623639192,26.0,0.5244988864142539,0.755,0.467,2.0,2.9,7.3,No,No,Low,0.0,No,Salle 26,157.0,0.41388888888888886,1.0,1.4203211898974986,0.611,4.9
ENSPD002885,Male,19.0,GenieCivil,5,0.0,64.0,0.47438752783964366,1.0,0.971,0.0,1.4,8.9,Yes,No,Low,1.0,Yes,Salle 2,70.0,0.7791666666666666,1.0,0.0,0.9855,1.4
ENSPD002886,Female,22.0,Telecom,5,0.9206842923794712,5.0,0.9086859688195992,0.693,0.39799999999999996,1.0,0.3,3.4,Yes,No,Middle,1.0,No,Salle 26,60.0,0.5916666666666666,1.0,1.556059828362571,0.5455,1.3
ENSPD002887,Male,22.0,Telecom,2,0.405909797822706,38.0,0.5066815144766148,0.552,0.736,2.0,1.8,20.1,No,No,Middle,1.0,Yes,Salle 21,161.0,0.41388888888888886,1.0,0.9806979644530344,0.644,3.8
ENSPD002888,Male,21.0,Informatique,5,0.8304821150855365,11.0,0.6191536748329621,0.616,0.284,2.0,3.1,12.6,Yes,No,Middle,0.0,Yes,Salle 17,109.0,0.42499999999999993,1.0,1.9540295877403746,0.44999999999999996,5.1
ENSPD002889,Female,23.0,Informatique,1,0.7262830482115087,18.0,0.576837416481069,0.616,0.58,2.0,4.9,19.2,No,No,Middle,0.0,Yes,Salle 22,248.0,0.4527777777777777,1.0,1.6040252936508343,0.598,6.9
ENSPD002890,Female,20.0,Energetique,4,0.9999999999999999,0.0,0.6469933184855233,0.628,0.757,0.0,1.2,7.3,Yes,No,Low,1.0,Yes,Salle 11,70.0,0.5916666666666666,1.0,1.6901122797924544,0.6925,1.2
ENSPD002891,Male,20.0,Mecanique,3,0.906687402799378,6.0,0.5077951002227171,0.9790000000000001,0.634,2.0,0.6,5.3,No,No,High,2.0,Yes,Salle 19,212.0,0.6138888888888889,1.0,1.476932796605015,0.8065,2.6
ENSPD002892,Female,22.0,Telecom,2,0.625194401244168,24.0,0.576837416481069,0.648,0.745,0.0,1.4,4.7,No,Yes,Middle,1.0,Yes,Salle 30,161.0,0.6055555555555555,1.0,1.032414072280919,0.6965,1.4
ENSPD002893,Female,23.0,Mecanique,3,0.5894245723172628,26.0,0.6759465478841872,0.639,0.395,2.0,3.2,21.4,No,No,High,2.0,Yes,Salle 13,212.0,0.5458333333333333,1.0,1.079842028513547,0.517,5.2
ENSPD002894,Female,20.0,Informatique,1,0.9999999999999999,0.0,0.46659242761692654,0.624,0.47600000000000003,1.0,1.5,16.9,No,No,Middle,0.0,Yes,Salle 16,248.0,0.4208333333333333,1.0,2.3761811600516425,0.55,2.5
ENSPD002895,Male,24.0,Informatique,4,0.4447900466562985,36.0,0.7917594654788419,0.549,0.736,0.0,2.2,17.7,Yes,No,Low,1.0,Yes,Salle 26,230.0,0.5930555555555557,1.0,0.7499846222558657,0.6425000000000001,2.2
ENSPD002896,Female,18.0,Informatique,2,0.7558320373250388,16.0,0.8084632516703786,0.677,0.779,2.0,0.3,16.1,Yes,No,Middle,1.0,Yes,Salle 22,298.0,0.7805555555555557,1.0,0.968313336330972,0.728,2.3
ENSPD002897,Male,21.0,Mecanique,3,0.6951788491446346,20.0,0.7115812917594654,0.76,0.684,1.0,0.0,10.1,No,No,High,0.0,Yes,Salle 28,212.0,0.6611111111111111,1.0,1.0515151270487861,0.722,1.0
ENSPD002898,Male,21.0,GenieCivil,1,0.6562986003110421,22.0,0.6113585746102449,0.56,0.8290000000000001,4.0,6.9,30.1,Yes,No,Low,1.0,Yes,Salle 9,149.0,0.6347222222222223,1.0,1.0339771282026855,0.6945000000000001,10.9
ENSPD002899,Male,21.0,Electrique,1,0.7853810264385693,14.0,0.11024498886414257,0.172,0.635,1.0,3.3,17.8,No,No,Low,3.0,Yes,Salle 27,143.0,0.023611111111111083,0.0,33.24911443599009,0.40349999999999997,4.3
ENSPD002900,Male,21.0,Energetique,5,0.7558320373250388,16.0,0.6815144766146994,0.7040000000000001,0.547,1.0,1.0,12.2,Yes,No,High,3.0,Yes,Salle 8,40.0,0.6180555555555556,1.0,1.2228994651637726,0.6255000000000001,2.0
ENSPD002901,Male,26.0,GenieCivil,4,0.8055987558320373,12.0,0.544543429844098,1.0,1.0,0.0,1.2,5.2,Yes,Yes,Middle,1.0,Yes,Salle 14,173.0,0.8569444444444445,1.0,0.9400718568585048,1.0,1.2
ENSPD002902,Female,20.0,GenieCivil,5,0.7465007776049767,16.0,0.5690423162583519,0.552,0.897,1.0,5.3,25.0,Yes,No,Middle,1.0,Yes,Salle 18,70.0,0.6791666666666665,1.0,1.0991260657830466,0.7245,6.3
ENSPD002903,Male,27.0,GenieCivil,2,0.7978227060653188,13.0,0.29287305122494434,0.355,0.767,1.0,0.5,9.6,No,No,Low,1.0,Yes,Salle 9,177.0,0.30972222222222223,0.0,2.5758466469559256,0.5609999999999999,1.5
ENSPD002904,Male,23.0,GenieCivil,1,0.7371695178849144,17.0,0.692650334075724,0.742,0.609,1.0,3.2,25.4,Yes,No,Middle,2.0,Yes,Salle 12,149.0,0.5486111111111112,1.0,1.3436769073503934,0.6755,4.2
ENSPD002905,Male,22.0,GenieCivil,3,0.5972006220839813,26.0,0.3685968819599109,0.934,0.8470000000000001,3.0,0.0,5.1,Yes,No,Middle,1.0,No,Salle 17,185.0,0.7472222222222222,1.0,0.7992169024884175,0.8905000000000001,3.0
ENSPD002906,Male,23.0,Informatique,3,0.7200622083981337,18.0,0.6302895322939867,0.715,0.726,0.0,4.2,22.6,Yes,No,High,2.0,Yes,Salle 15,263.0,0.5347222222222222,1.0,1.34658466139505,0.7204999999999999,4.2
ENSPD002907,Female,27.0,Informatique,1,0.5863141524105754,27.0,0.7616926503340756,0.93,0.337,1.0,1.8,14.3,Yes,No,Middle,0.0,Yes,Salle 19,248.0,0.5208333333333334,1.0,1.125701559158369,0.6335000000000001,2.8
ENSPD002908,Male,20.0,Informatique,4,0.5738724727838257,27.0,0.532293986636971,0.763,0.8390000000000001,2.0,1.3,3.3,Yes,No,Middle,1.0,No,Salle 10,230.0,0.6569444444444444,1.0,0.8735346531815045,0.801,3.3
ENSPD002909,Male,20.0,Informatique,2,0.6578538102643857,22.0,0.8129175946547884,0.747,0.467,1.0,1.4,13.6,Yes,No,Middle,1.0,Yes,Salle 26,298.0,0.523611111111111,1.0,1.25635463564186,0.607,2.4
ENSPD002910,Male,20.0,Electrique,1,0.6982892690513217,19.0,0.4855233853006682,0.527,0.792,0.0,0.1,2.0,No,No,Middle,0.0,Yes,Salle 28,143.0,0.638888888888889,1.0,1.0929574009210108,0.6595,0.1
ENSPD002911,Male,22.0,Informatique,2,0.7231726283048211,18.0,0.7104677060133631,0.6709999999999999,0.317,1.0,0.4,9.7,Yes,No,Middle,1.0,Yes,Salle 4,298.0,0.4736111111111111,1.0,1.5269011691819738,0.494,1.4
ENSPD002912,Male,19.0,Telecom,3,0.8911353032659409,7.0,0.3919821826280624,0.615,0.96,0.0,1.0,7.2,Yes,No,Middle,0.0,Yes,Salle 5,154.0,0.6208333333333333,1.0,1.4353626034468292,0.7875,1.0
ENSPD002913,Female,22.0,Telecom,4,0.6267496111975116,24.0,0.7828507795100222,0.609,0.585,0.0,1.9,11.5,Yes,No,Low,7.0,Yes,Salle 7,121.0,0.5180555555555555,1.0,1.209788229455647,0.597,1.9
ENSPD002914,Female,25.0,Energetique,3,0.7573872472783826,16.0,0.7561247216035635,0.574,0.418,1.0,0.3,7.9,No,No,Middle,1.0,No,Salle 19,104.0,0.5027777777777778,1.0,1.506375613635407,0.496,1.3
ENSPD002915,Male,22.0,Energetique,3,0.7418351477449457,17.0,0.688195991091314,0.6609999999999999,0.635,1.0,1.0,8.4,Yes,No,Middle,1.0,Yes,Salle 22,104.0,0.47777777777777775,1.0,1.5526457189743732,0.6479999999999999,2.0
ENSPD002916,Female,21.0,Mecanique,1,0.6065318818040436,25.0,0.544543429844098,0.387,0.573,1.0,0.6,5.2,Yes,No,High,2.0,Yes,Salle 12,186.0,0.4194444444444444,1.0,1.4460018002846007,0.48,1.6
ENSPD002917,Female,21.0,GenieCivil,5,0.7340590979782272,17.0,0.3763919821826281,0.766,0.639,3.0,2.1,10.5,No,No,Middle,2.0,No,Salle 24,70.0,0.5388888888888889,1.0,1.3621462450808224,0.7025,5.1
ENSPD002918,Female,24.0,Informatique,5,0.906687402799378,6.0,0.544543429844098,0.462,0.904,0.0,5.0,31.4,Yes,No,Middle,2.0,Yes,Salle 27,109.0,0.5861111111111111,1.0,1.5469284173719124,0.683,5.0
ENSPD002919,Male,20.0,Chimie,3,0.7542768273716952,16.0,0.6113585746102449,0.5750000000000001,0.654,1.0,0.4,0.0,Yes,No,Middle,1.0,No,Salle 5,130.0,0.6027777777777776,1.0,1.2513140696919791,0.6145,1.4
ENSPD002920,Male,26.0,Telecom,1,0.7620528771384137,15.0,0.6314031180400892,0.68,0.20600000000000002,0.0,0.4,6.3,Yes,No,Middle,0.0,Yes,Salle 1,121.0,0.3486111111111111,0.0,2.1859057092372565,0.44300000000000006,0.4
ENSPD002921,Male,26.0,Telecom,3,0.5878693623639192,26.0,0.35077951002227176,0.45299999999999996,0.394,1.0,1.8,12.5,Yes,No,Middle,1.0,Yes,Salle 5,154.0,0.26388888888888895,0.0,2.227631062938782,0.4235,2.8
ENSPD002922,Female,23.0,GenieCivil,3,0.9999999999999999,0.0,0.42204899777282856,0.266,1.0,1.0,1.2,0.8,Yes,Yes,Middle,0.0,Yes,Salle 19,185.0,0.43194444444444435,1.0,2.3150589439730016,0.633,2.2
ENSPD002923,Female,22.0,Chimie,5,0.5987558320373251,26.0,0.8195991091314031,0.551,0.667,1.0,2.5,20.2,Yes,Yes,Middle,2.0,Yes,Salle 16,48.0,0.6124999999999999,1.0,0.9775445821902095,0.609,3.5
ENSPD002924,Male,24.0,Informatique,5,0.40902021772939345,38.0,0.6915367483296213,0.36200000000000004,0.8300000000000001,1.0,0.7,8.6,Yes,No,Middle,2.0,Yes,Salle 20,109.0,0.5319444444444444,1.0,0.7689008372823365,0.5960000000000001,1.7
ENSPD002925,Male,24.0,Informatique,4,0.880248833592535,8.0,0.40423162583518935,0.748,0.578,3.0,1.6,14.3,Yes,No,Middle,1.0,Yes,Salle 26,230.0,0.5083333333333333,1.0,1.7316029853692094,0.663,4.6
ENSPD002926,Female,20.0,Chimie,1,0.6982892690513217,19.0,0.3151447661469933,0.41200000000000003,0.439,0.0,1.0,12.0,Yes,No,Low,2.0,Yes,Salle 26,96.0,0.24305555555555558,0.0,2.872843367112619,0.4255,1.0
ENSPD002927,Female,21.0,GenieCivil,5,0.6640746500777605,22.0,0.5055679287305123,0.887,0.635,1.0,0.7,11.4,Yes,No,Middle,2.0,Yes,Salle 7,70.0,0.5638888888888889,1.0,1.1776484457812264,0.761,1.7
ENSPD002928,Other,19.0,Energetique,3,0.6189735614307931,24.0,0.3006681514476615,0.619,0.6659999999999999,2.0,2.6,18.6,Yes,No,Middle,1.0,Yes,Salle 3,104.0,0.45833333333333337,1.0,1.3504583058496025,0.6425,4.6
ENSPD002929,Female,23.0,Informatique,4,0.9999999999999999,0.0,0.5846325167037862,0.631,0.5479999999999999,3.0,3.2,21.0,Yes,Yes,Middle,1.0,Yes,Salle 12,230.0,0.49444444444444435,1.0,2.0224310070133416,0.5894999999999999,6.2
ENSPD002930,Male,23.0,Telecom,2,0.7869362363919129,14.0,1.0,0.263,1.0,1.0,0.8,9.8,Yes,No,Middle,1.0,No,Salle 1,161.0,0.6736111111111112,1.0,1.1682178949140904,0.6315,1.8
ENSPD002931,Female,19.0,GenieCivil,2,0.822706065318818,11.0,0.3429844097995546,0.6459999999999999,0.517,1.0,2.0,17.0,Yes,No,Low,3.0,Yes,Salle 24,177.0,0.37777777777777777,1.0,2.177693704539986,0.5814999999999999,3.0
ENSPD002932,Female,21.0,Telecom,2,0.7511664074650078,16.0,0.6113585746102449,0.606,0.429,1.0,0.4,17.5,No,No,Low,0.0,Yes,Salle 20,161.0,0.4930555555555556,1.0,1.5234615336669386,0.5175,1.4
ENSPD002933,Male,19.0,Telecom,1,0.7698289269051323,15.0,0.8296213808463252,0.386,0.802,1.0,3.1,14.0,No,No,Middle,0.0,Yes,Salle 19,121.0,0.5305555555555556,1.0,1.4509591111677875,0.5940000000000001,4.1
ENSPD002934,Male,20.0,Telecom,2,0.9813374805598755,1.0,0.734966592427617,0.636,0.826,0.0,0.7,9.9,No,No,Middle,0.0,Yes,Salle 22,161.0,0.6527777777777778,1.0,1.5033024728198001,0.731,0.7
ENSPD002935,Female,23.0,Mecanique,4,0.6734059097978228,21.0,0.5857461024498887,0.5479999999999999,0.6459999999999999,1.0,0.4,10.0,Yes,No,Low,0.0,No,Salle 26,178.0,0.4819444444444444,1.0,1.3972397548363045,0.597,1.4
ENSPD002936,Male,21.0,Energetique,1,0.4479004665629859,36.0,0.5857461024498887,0.5810000000000001,0.635,1.0,5.6,21.2,Yes,No,High,0.0,Yes,Salle 28,83.0,0.37916666666666665,1.0,1.1812448020614468,0.6080000000000001,6.6
ENSPD002937,Female,21.0,Informatique,1,0.8818040435458788,8.0,0.41759465478841873,0.625,0.26,0.0,1.1,17.0,Yes,No,Low,0.0,No,Salle 15,248.0,0.3388888888888889,0.0,2.6019679392781554,0.4425,1.1
ENSPD002938,Female,19.0,Informatique,1,0.8133748055987559,12.0,0.5657015590200446,0.535,0.8840000000000001,0.0,2.1,16.0,No,Yes,Middle,1.0,Yes,Salle 20,248.0,0.6319444444444444,1.0,1.2870782265227985,0.7095,2.1
ENSPD002939,Female,22.0,GenieCivil,2,0.7402799377916017,17.0,0.6514476614699333,0.664,0.8140000000000001,1.0,3.3,19.4,No,No,High,1.0,No,Salle 26,177.0,0.6444444444444444,1.0,1.1486924237597032,0.7390000000000001,4.3
ENSPD002940,Male,22.0,Telecom,5,0.8071539657853809,12.0,0.7951002227171492,0.604,0.635,2.0,2.3,12.8,Yes,Yes,Low,0.0,Yes,Salle 27,60.0,0.4986111111111111,1.0,1.6187721454206885,0.6194999999999999,4.3
ENSPD002941,Male,21.0,GenieCivil,1,0.6516329704510108,22.0,0.5066815144766148,0.705,0.652,1.0,1.7,15.2,Yes,Yes,High,1.0,No,Salle 23,149.0,0.47916666666666674,1.0,1.3599012969141735,0.6785,2.7
ENSPD002942,Female,22.0,Telecom,1,0.7231726283048211,18.0,0.579064587973274,0.525,0.595,2.0,0.9,4.1,Yes,No,Middle,1.0,No,Salle 19,121.0,0.4930555555555556,1.0,1.4666865696793505,0.56,2.9
ENSPD002943,Male,22.0,Chimie,5,0.6951788491446346,20.0,0.4521158129175946,0.616,0.966,1.0,5.0,31.9,No,No,Middle,2.0,Yes,Salle 18,48.0,0.5569444444444444,1.0,1.2481790137038362,0.7909999999999999,6.0
ENSPD002944,Female,20.0,Informatique,4,0.609642301710731,25.0,0.6481069042316259,0.49200000000000005,0.43200000000000005,1.0,0.3,10.4,Yes,No,Middle,2.0,No,Salle 20,230.0,0.28194444444444444,0.0,2.162201425524446,0.4620000000000001,1.3
ENSPD002945,Female,19.0,Energetique,1,0.942457231726283,4.0,0.7416481069042317,0.88,0.516,3.0,4.3,21.7,Yes,No,Middle,0.0,Yes,Salle 10,83.0,0.6652777777777776,1.0,1.4166158814375316,0.698,7.3
ENSPD002946,Male,26.0,Informatique,4,0.457231726283048,35.0,0.7149220489977729,0.792,0.49700000000000005,0.0,2.5,20.8,Yes,No,Middle,2.0,No,Salle 22,230.0,0.5819444444444444,1.0,0.7856830214941285,0.6445000000000001,2.5
ENSPD002947,Male,21.0,Telecom,3,0.9999999999999999,0.0,0.4142538975501113,0.838,0.7020000000000001,2.0,1.7,4.8,Yes,No,Low,1.0,Yes,Salle 27,154.0,0.5097222222222222,1.0,1.9618143731240152,0.77,3.7
ENSPD002948,Male,22.0,Mecanique,4,0.8833592534992224,8.0,0.6347438752783965,0.851,0.6509999999999999,2.0,0.8,4.2,No,No,Middle,1.0,No,Salle 26,178.0,0.6263888888888889,1.0,1.4102184233853476,0.7509999999999999,2.8
ENSPD002949,Male,24.0,GenieCivil,3,0.38880248833592534,39.0,0.4966592427616926,0.536,0.68,1.0,0.3,6.5,Yes,Yes,High,2.0,No,Salle 30,185.0,0.49722222222222223,1.0,0.7819334125175869,0.6080000000000001,1.3
ENSPD002950,Female,29.0,GenieCivil,5,0.6780715396578537,21.0,0.779510022271715,0.6729999999999999,0.46399999999999997,0.0,1.2,10.2,Yes,Yes,Middle,0.0,Yes,Salle 19,70.0,0.5291666666666666,1.0,1.2813708206922463,0.5685,1.2
ENSPD002951,Female,20.0,Informatique,1,0.6889580093312596,20.0,0.5835189309576838,0.634,0.937,0.0,3.1,19.2,Yes,No,Low,1.0,Yes,Salle 25,248.0,0.6958333333333333,1.0,0.9901050657924816,0.7855000000000001,3.1
ENSPD002952,Female,23.0,Mecanique,2,0.7931570762052876,13.0,0.356347438752784,0.7390000000000001,0.549,0.0,1.4,16.6,Yes,No,Low,1.0,Yes,Salle 26,231.0,0.5027777777777778,1.0,1.5775186097619252,0.6440000000000001,1.4
ENSPD002953,Female,21.0,Informatique,2,0.5349922239502333,30.0,0.5734966592427617,0.568,0.878,1.0,2.1,18.4,No,No,Middle,0.0,Yes,Salle 23,298.0,0.6347222222222223,1.0,0.8428628722789662,0.723,3.1
ENSPD002954,Male,21.0,Informatique,2,0.7262830482115087,18.0,0.6870824053452117,0.637,1.0,2.0,9.8,38.4,Yes,No,Low,0.0,Yes,Salle 12,298.0,0.8111111111111109,1.0,0.8954064174419193,0.8185,11.8
ENSPD002955,Female,21.0,Informatique,5,0.6967340590979781,20.0,0.6514476614699333,0.633,0.465,0.0,7.2,26.2,Yes,No,Low,2.0,No,Salle 22,109.0,0.44861111111111107,1.0,1.5530567818628944,0.549,7.2
ENSPD002956,Female,20.0,GenieCivil,3,0.5816485225505442,27.0,0.5244988864142539,0.716,0.708,0.0,1.0,3.4,Yes,No,Middle,1.0,Yes,Salle 20,185.0,0.623611111111111,1.0,0.9326953693312534,0.712,1.0
ENSPD002957,Female,22.0,Chimie,1,0.5567651632970451,28.0,0.512249443207127,0.738,0.614,2.0,1.4,1.4,Yes,No,Middle,3.0,Yes,Salle 4,96.0,0.5375,1.0,1.0358228931499789,0.6759999999999999,3.4
ENSPD002958,Female,19.0,Electrique,2,0.8911353032659409,7.0,0.44543429844098004,0.616,1.0,0.0,1.2,11.5,Yes,Yes,High,1.0,No,Salle 20,185.0,0.6972222222222222,1.0,1.2781040159413601,0.808,1.2
ENSPD002959,Male,24.0,Telecom,2,0.4027993779160186,38.0,0.544543429844098,0.642,0.584,1.0,3.7,19.3,Yes,No,Middle,2.0,Yes,Salle 9,161.0,0.47916666666666674,1.0,0.8406072455865655,0.613,4.7
ENSPD002960,Female,22.0,Electrique,5,0.8087091757387247,12.0,0.46770601336302897,0.6609999999999999,0.6900000000000001,1.0,1.4,11.1,Yes,No,Low,1.0,Yes,Salle 12,80.0,0.5,1.0,1.6173860037573744,0.6755,2.4
ENSPD002961,Male,23.0,Electrique,3,0.8693623639191289,8.0,0.6113585746102449,0.9159999999999999,0.685,1.0,0.8,9.7,Yes,No,Low,2.0,Yes,Salle 26,188.0,0.7583333333333333,1.0,1.1463967911444628,0.8005,1.8
ENSPD002962,Male,21.0,Electrique,3,0.6796267496111975,21.0,0.45991091314031185,0.309,0.62,2.0,2.7,11.5,Yes,No,Middle,0.0,No,Salle 19,188.0,0.26388888888888895,0.0,2.5753300912810784,0.4645,4.7
ENSPD002963,Male,21.0,GenieCivil,4,0.7293934681181958,17.0,0.6302895322939867,0.445,0.635,2.0,2.1,7.3,Yes,No,Middle,1.0,No,Salle 19,173.0,0.5569444444444444,1.0,1.3096106430136445,0.54,4.1
ENSPD002964,Female,23.0,Electrique,4,0.9377916018662519,4.0,0.6191536748329621,0.741,0.659,0.0,6.9,31.8,Yes,No,Middle,2.0,Yes,Salle 27,157.0,0.6625000000000001,1.0,1.4155131271471402,0.7,6.9
ENSPD002965,Female,20.0,Informatique,3,0.5878693623639192,26.0,0.7683741648106904,0.669,0.736,0.0,1.6,9.5,Yes,Yes,Middle,1.0,Yes,Salle 7,263.0,0.6611111111111111,1.0,0.8892007114640742,0.7025,1.6
ENSPD002966,Female,21.0,Telecom,2,0.6080870917573872,25.0,0.7917594654788419,0.667,0.6829999999999999,1.0,6.9,37.6,Yes,Yes,High,2.0,Yes,Salle 19,161.0,0.6027777777777776,1.0,1.0087913427826056,0.675,7.9
ENSPD002967,Female,20.0,Chimie,4,0.6283048211508552,24.0,0.7260579064587974,0.74,0.519,0.0,0.7,9.3,No,No,Low,0.0,No,Salle 15,93.0,0.5499999999999999,1.0,1.1423516320627902,0.6295,0.7
ENSPD002968,Male,20.0,Mecanique,4,0.9377916018662519,4.0,0.6692650334075724,0.659,0.5860000000000001,1.0,4.0,28.6,No,No,Low,1.0,Yes,Salle 10,178.0,0.5708333333333333,1.0,1.642817822519171,0.6225,5.0
ENSPD002969,Female,18.0,Chimie,4,0.9611197511664075,2.0,0.43541202672605794,0.519,0.751,0.0,0.9,4.8,Yes,No,Middle,1.0,Yes,Salle 4,93.0,0.5222222222222221,1.0,1.8404068348686236,0.635,0.9
ENSPD002970,Male,25.0,Informatique,5,0.458786936236392,35.0,0.43207126948775054,0.733,0.75,2.0,3.3,17.1,Yes,No,Middle,1.0,Yes,Salle 24,109.0,0.5791666666666667,1.0,0.792136428556155,0.7415,5.3
ENSPD002971,Male,21.0,Informatique,4,0.9082426127527216,6.0,0.4688195991091314,0.624,0.8890000000000001,0.0,5.2,29.6,Yes,No,Middle,1.0,Yes,Salle 5,230.0,0.6222222222222222,1.0,1.4596521689427302,0.7565000000000001,5.2
ENSPD002972,Male,24.0,Informatique,4,0.8724727838258165,8.0,0.7360801781737194,0.539,1.0,0.0,2.0,11.1,Yes,No,Low,0.0,Yes,Salle 4,230.0,0.734722222222222,1.0,1.187470424513292,0.7695000000000001,2.0
ENSPD002973,Female,24.0,Chimie,5,0.9999999999999999,0.0,0.6224944320712694,0.7440000000000001,0.536,0.0,2.6,17.0,Yes,Yes,Low,0.0,Yes,Salle 21,48.0,0.5625,1.0,1.7777461734013618,0.6400000000000001,2.6
ENSPD002974,Female,19.0,Chimie,1,0.7916018662519438,13.0,0.755011135857461,0.737,0.667,3.0,6.4,28.3,Yes,No,Low,1.0,Yes,Salle 9,96.0,0.6638888888888889,1.0,1.1923530517979637,0.702,9.4
ENSPD002975,Male,20.0,Telecom,3,0.7122861586314152,18.0,0.6113585746102449,0.659,0.601,1.0,0.9,13.4,Yes,Yes,Middle,1.0,Yes,Salle 19,154.0,0.6194444444444444,1.0,1.1498604377118107,0.63,1.9
ENSPD002976,Male,27.0,Informatique,3,0.9331259720062209,4.0,0.4888641425389756,0.929,0.419,0.0,1.4,5.1,No,No,Middle,2.0,Yes,Salle 9,263.0,0.5166666666666666,1.0,1.8060153132640422,0.674,1.4
ENSPD002977,Female,26.0,GenieCivil,2,0.8506998444790047,10.0,0.6158129175946548,0.8590000000000001,0.753,2.0,4.6,31.2,No,No,Middle,3.0,Yes,Salle 19,177.0,0.7083333333333333,1.0,1.2009710608495008,0.806,6.6
ENSPD002978,Male,22.0,Electrique,4,0.9999999999999999,0.0,0.6080178173719376,0.8,0.7959999999999999,0.0,2.2,17.0,Yes,No,Middle,2.0,Yes,Salle 24,157.0,0.7083333333333333,1.0,1.4117447753678773,0.798,2.2
ENSPD002979,Female,23.0,Informatique,4,0.8989113530326595,6.0,0.5556792873051225,1.0,0.425,1.0,4.1,23.5,Yes,No,Low,2.0,Yes,Salle 14,230.0,0.5972222222222222,1.0,1.5051286912952035,0.7125,5.1
ENSPD002980,Female,21.0,Electrique,4,0.7480559875583203,16.0,0.5211581291759466,0.594,0.5650000000000001,2.0,1.9,14.3,Yes,Yes,Middle,1.0,Yes,Salle 6,157.0,0.5083333333333333,1.0,1.4715566006406176,0.5795,3.9
ENSPD002981,Male,23.0,Informatique,5,0.500777604976672,32.0,0.8084632516703786,0.536,0.635,0.0,2.7,13.2,Yes,No,Low,0.0,No,Salle 15,109.0,0.5125,1.0,0.9771079685794855,0.5855,2.7
ENSPD002982,Male,21.0,Informatique,2,0.6111975116640745,25.0,0.6191536748329621,0.775,0.33799999999999997,1.0,0.0,8.0,Yes,No,Middle,3.0,Yes,Salle 21,298.0,0.38888888888888895,1.0,1.5716103314419543,0.5565,1.0
ENSPD002983,Female,18.0,GenieCivil,4,0.45256609642301704,35.0,0.6124721603563474,0.5750000000000001,0.633,0.0,1.4,6.3,No,No,Middle,1.0,Yes,Salle 27,173.0,0.5458333333333333,1.0,0.8291135364048606,0.6040000000000001,1.4
ENSPD002984,Female,19.0,Electrique,3,0.6796267496111975,21.0,0.4766146993318485,0.622,0.41100000000000003,1.0,2.9,8.3,Yes,No,Middle,0.0,No,Salle 11,188.0,0.3763888888888889,1.0,1.805602433145917,0.5165,3.9
ENSPD002985,Male,22.0,Informatique,2,0.8926905132192845,7.0,0.6113585746102449,0.443,0.672,2.0,1.0,11.5,No,No,Low,1.0,Yes,Salle 12,298.0,0.5777777777777777,1.0,1.5450145322433961,0.5575,3.0
ENSPD002986,Female,20.0,Informatique,1,0.7200622083981337,18.0,0.44209354120267264,0.7290000000000001,0.6940000000000001,1.0,0.9,5.8,Yes,Yes,Middle,0.0,Yes,Salle 15,248.0,0.5694444444444444,1.0,1.2644772824639576,0.7115,1.9
ENSPD002987,Male,22.0,Informatique,4,0.9113530326594089,6.0,0.6859688195991092,0.355,0.7190000000000001,2.0,6.1,30.1,Yes,No,High,0.0,No,Salle 22,230.0,0.4736111111111111,1.0,1.9242238390121218,0.537,8.1
ENSPD002988,Male,20.0,Mecanique,3,0.7231726283048211,14.0,0.690423162583519,0.603,0.728,3.0,1.6,11.5,Yes,No,Middle,1.0,No,Salle 4,212.0,0.623611111111111,1.0,1.1596346169492857,0.6655,4.6
ENSPD002989,Female,20.0,Mecanique,4,0.645412130637636,23.0,0.5412026726057906,0.617,0.635,1.0,0.4,1.1,Yes,No,Low,0.0,Yes,Salle 20,178.0,0.7,1.0,0.922004157994366,0.626,1.4
ENSPD002990,Female,24.0,Mecanique,3,0.7231726283048211,17.0,0.6636971046770601,0.542,0.478,1.0,1.3,16.7,No,No,Middle,2.0,Yes,Salle 25,212.0,0.49583333333333335,1.0,1.4584700039088039,0.51,2.3
ENSPD002991,Male,22.0,Electrique,1,0.8087091757387247,12.0,0.6414253897550111,0.304,0.488,1.0,1.5,8.5,Yes,No,Middle,1.0,Yes,Salle 24,143.0,0.3902777777777777,1.0,2.0720842972417852,0.396,2.5
ENSPD002992,Female,22.0,GenieCivil,2,0.7465007776049767,16.0,0.6035634743875279,0.302,0.7709999999999999,1.0,9.0,11.5,Yes,No,Middle,0.0,No,Salle 26,177.0,0.45972222222222214,1.0,1.6237730172503295,0.5365,10.0
ENSPD002993,Male,24.0,Chimie,2,0.7480559875583203,16.0,0.6113585746102449,0.48600000000000004,0.614,0.0,1.4,12.3,Yes,Yes,Middle,2.0,No,Salle 5,119.0,0.48749999999999993,1.0,1.534442344892044,0.55,1.4
ENSPD002994,Male,23.0,Chimie,5,0.5769828926905131,27.0,0.6202672605790647,0.7170000000000001,0.865,2.0,1.5,11.2,No,Yes,Low,5.0,No,Salle 6,48.0,0.7124999999999999,1.0,0.8097891856823247,0.791,3.5
ENSPD002995,Male,25.0,Informatique,1,0.6391912908242613,23.0,0.6314031180400892,0.672,0.752,1.0,1.1,10.7,No,No,Middle,2.0,Yes,Salle 25,248.0,0.5388888888888889,1.0,1.1861061583224954,0.712,2.1
ENSPD002996,Female,21.0,Informatique,5,0.9999999999999999,0.0,0.6113585746102449,0.617,1.0,1.0,4.9,16.6,No,No,Middle,1.0,No,Salle 12,109.0,0.7583333333333333,1.0,1.3186639297064215,0.8085,5.9
ENSPD002997,Male,21.0,Telecom,5,0.948678071539658,3.0,0.42538975501113585,0.616,0.622,2.0,2.1,11.1,Yes,No,Low,1.0,Yes,Salle 20,60.0,0.4388888888888889,1.0,2.161495723858677,0.619,4.1
ENSPD002998,Male,19.0,Informatique,5,0.7231726283048211,36.0,0.6113585746102449,0.6809999999999999,0.635,4.0,0.9,9.8,Yes,No,Middle,1.0,No,Salle 2,109.0,0.35416666666666674,0.0,2.0418415338055986,0.6579999999999999,4.9
ENSPD002999,Male,21.0,Informatique,3,0.2783825816485225,46.0,0.6547884187082406,0.29600000000000004,0.708,0.0,1.2,10.2,Yes,No,Middle,0.0,Yes,Salle 6,263.0,0.47916666666666674,1.0,0.5809602199227615,0.502,1.2
ENSPD003000,Female,24.0,Informatique,5,0.7340590979782272,17.0,0.6269487750556793,0.189,0.626,0.0,0.7,11.5,No,No,Middle,1.0,Yes,Salle 25,109.0,0.4208333333333333,1.0,1.7442573989803662,0.4075,0.7
ENSPD003001,Female,25.0,Electrique,2,0.8864696734059098,7.0,0.7694877505567929,0.5760000000000001,0.747,0.0,6.5,34.8,No,No,Low,0.0,Yes,Salle 22,185.0,0.6625000000000001,1.0,1.3380472346166996,0.6615,6.5
ENSPD003002,Female,24.0,Electrique,1,0.6236391912908242,24.0,0.7138084632516704,0.522,0.773,2.0,2.4,11.5,Yes,No,Low,0.0,Yes,Salle 7,143.0,0.5416666666666667,1.0,1.1513126366113073,0.6475,4.4
ENSPD003003,Male,18.0,Energetique,2,0.9113530326594089,6.0,0.46436525612472157,0.802,0.533,2.0,1.0,9.4,Yes,No,Low,1.0,Yes,Salle 30,71.0,0.5152777777777777,1.0,1.7686292436232358,0.6675,3.0
ENSPD003004,Female,24.0,Telecom,5,0.7309486780715396,17.0,0.5824053452115813,0.648,0.438,1.0,0.4,1.3,Yes,No,High,1.0,No,Salle 28,60.0,0.44305555555555554,1.0,1.6497528839835232,0.543,1.4
ENSPD003005,Male,18.0,GenieCivil,1,0.6889580093312596,20.0,0.5579064587973274,0.616,0.611,3.0,0.4,11.5,Yes,No,Middle,1.0,No,Salle 11,149.0,0.6652777777777776,1.0,1.0355789364304067,0.6134999999999999,3.4
ENSPD003006,Female,24.0,Mecanique,3,0.8615863141524104,9.0,0.6113585746102449,0.521,0.16399999999999998,0.0,1.3,15.2,Yes,No,Middle,1.0,No,Salle 5,212.0,0.25416666666666665,0.0,3.3897144275729887,0.3425,1.3
ENSPD003007,Female,21.0,Mecanique,1,0.6205287713841366,24.0,0.6113585746102449,0.708,0.6559999999999999,2.0,1.3,10.4,No,No,Low,2.0,Yes,Salle 9,186.0,0.5861111111111111,1.0,1.0587040112030752,0.6819999999999999,3.3
ENSPD003008,Male,23.0,Informatique,2,0.6671850699844478,21.0,0.7126948775055679,0.5750000000000001,0.559,1.0,1.1,7.6,Yes,No,Low,1.0,Yes,Salle 27,298.0,0.5388888888888889,1.0,1.2380524134315098,0.5670000000000001,2.1
ENSPD003009,Female,19.0,Informatique,1,0.8444790046656298,10.0,0.6403118040089087,0.8690000000000001,0.812,2.0,3.8,17.0,No,No,Middle,2.0,Yes,Salle 8,248.0,0.8069444444444445,1.0,1.0465014604969671,0.8405,5.8
ENSPD003010,Male,24.0,Informatique,4,0.7138413685847588,18.0,0.8162583518930958,0.583,0.24300000000000002,1.0,7.7,30.4,Yes,No,Low,2.0,Yes,Salle 9,230.0,0.35416666666666674,0.0,2.015495191433913,0.413,8.7
ENSPD003011,Male,19.0,Informatique,3,0.9999999999999999,0.0,0.6503340757238307,0.774,0.6409999999999999,1.0,0.9,12.5,No,No,High,1.0,Yes,Salle 1,263.0,0.7652777777777777,1.0,1.306697988701418,0.7075,1.9
ENSPD003012,Male,21.0,Mecanique,4,0.8491446345256609,10.0,0.4710467706013364,0.42600000000000005,0.9550000000000001,1.0,0.7,16.3,No,No,Middle,3.0,No,Salle 14,178.0,0.5611111111111111,1.0,1.5133001017270877,0.6905000000000001,1.7
ENSPD003013,Male,20.0,Mecanique,3,0.8367029548989114,10.0,0.532293986636971,0.545,0.775,1.0,2.9,15.0,No,No,Low,0.0,Yes,Salle 12,212.0,0.6111111111111112,1.0,1.3691278859237217,0.66,3.9
ENSPD003014,Male,18.0,Energetique,5,0.7107309486780716,19.0,0.7115812917594654,0.605,0.836,1.0,1.2,2.6,Yes,No,Low,0.0,Yes,Salle 10,40.0,0.6958333333333333,1.0,1.0213950678717025,0.7204999999999999,2.2
ENSPD003015,Female,22.0,Electrique,3,0.8833592534992224,8.0,0.34075723830734966,0.8470000000000001,0.708,1.0,0.5,13.2,No,No,Low,4.0,No,Salle 19,188.0,0.513888888888889,1.0,1.7189359085970222,0.7775000000000001,1.5
ENSPD003016,Male,26.0,Energetique,3,0.6594090202177293,22.0,0.38530066815144765,0.225,0.308,1.0,0.4,3.0,No,No,Middle,2.0,Yes,Salle 28,104.0,0.10555555555555557,0.0,6.246441055015381,0.2665,1.4
ENSPD003017,Female,27.0,Mecanique,3,0.7729393468118196,15.0,0.6124721603563474,0.56,0.6729999999999999,0.0,0.7,9.4,Yes,No,Low,2.0,No,Salle 13,212.0,0.5513888888888888,1.0,1.4017789342473141,0.6165,0.7
ENSPD003018,Male,22.0,GenieCivil,3,0.5489891135303265,29.0,0.7694877505567929,0.554,0.7220000000000001,1.0,0.0,7.1,Yes,No,Middle,1.0,No,Salle 14,185.0,0.6013888888888889,1.0,0.91285355472573,0.6380000000000001,1.0
ENSPD003019,Male,24.0,Mecanique,4,0.9144634525660965,6.0,0.8285077951002227,0.24600000000000002,0.424,1.0,5.7,32.3,No,No,High,1.0,Yes,Salle 23,178.0,0.39861111111111114,1.0,2.29406678943103,0.335,6.7
ENSPD003020,Female,22.0,Informatique,3,0.7744945567651632,14.0,0.5734966592427617,0.536,0.615,3.0,1.4,8.5,No,No,Low,0.0,Yes,Salle 4,263.0,0.38888888888888895,1.0,1.991506221521866,0.5755,4.4
ENSPD003021,Male,23.0,Informatique,4,0.9999999999999999,0.0,0.7873051224944322,0.34299999999999997,0.06,1.0,0.2,7.7,Yes,No,Middle,1.0,Yes,Salle 17,230.0,0.10833333333333334,0.0,9.229917238408762,0.20149999999999998,1.2
ENSPD003022,Male,21.0,Energetique,4,0.9999999999999999,0.0,0.6224944320712694,0.2,0.573,2.0,0.4,5.3,Yes,Yes,Middle,0.0,Yes,Salle 30,70.0,0.3597222222222223,0.0,2.779845502364412,0.38649999999999995,2.4
ENSPD003023,Female,22.0,Energetique,1,0.8631415241057544,9.0,0.3541202672605791,0.573,0.5529999999999999,1.0,0.8,0.2,Yes,No,High,1.0,Yes,Salle 19,83.0,0.3763888888888889,1.0,2.2931564082287967,0.563,1.8
ENSPD003024,Male,23.0,Informatique,3,0.7325038880248832,17.0,0.6091314031180401,0.5670000000000001,0.92,1.0,1.6,9.7,Yes,No,Middle,1.0,Yes,Salle 5,263.0,0.6513888888888888,1.0,1.1245089614358075,0.7435,2.6
ENSPD003025,Male,21.0,Informatique,1,0.5427682737169516,29.0,0.6113585746102449,0.5760000000000001,0.519,3.0,2.4,16.1,No,No,Low,3.0,Yes,Salle 12,248.0,0.4527777777777777,1.0,1.1987255406512654,0.5475000000000001,5.4
ENSPD003026,Male,22.0,GenieCivil,3,0.8895800933125974,7.0,0.7639198218262806,0.6659999999999999,0.5870000000000001,2.0,0.7,3.8,Yes,No,High,1.0,Yes,Salle 7,185.0,0.5847222222222221,1.0,1.521346112810114,0.6265000000000001,2.7
ENSPD003027,Female,22.0,Informatique,3,0.7589424572317262,16.0,0.6057906458797326,0.462,0.624,2.0,1.4,30.6,Yes,No,Low,1.0,Yes,Salle 1,263.0,0.45000000000000007,1.0,1.686501316041257,0.543,3.4
ENSPD003028,Female,24.0,Mecanique,5,0.8211508553654744,12.0,0.3964365256124721,0.9420000000000001,0.522,1.0,2.9,17.7,Yes,No,Middle,1.0,Yes,Salle 22,67.0,0.6277777777777779,1.0,1.3080070756907003,0.732,3.9
ENSPD003029,Female,20.0,Informatique,1,0.9999999999999999,0.0,0.3596881959910913,0.614,0.784,1.0,3.5,11.5,No,No,High,2.0,Yes,Salle 21,248.0,0.4888888888888888,1.0,2.045412707467347,0.6990000000000001,4.5
ENSPD003030,Female,22.0,GenieCivil,1,0.5660964230171072,28.0,0.6069042316258353,0.8520000000000001,0.242,2.0,0.8,4.5,No,Yes,Middle,0.0,Yes,Salle 25,149.0,0.41666666666666674,1.0,1.3585988088696441,0.547,2.8
ENSPD003031,Male,26.0,Mecanique,1,0.547433903576983,29.0,0.20601336302895323,0.318,0.867,4.0,1.0,10.0,Yes,Yes,Middle,2.0,Yes,Salle 24,186.0,0.40694444444444444,1.0,1.3451970141874594,0.5925,5.0
ENSPD003032,Male,24.0,Mecanique,2,0.6765163297045101,21.0,0.5233853006681515,0.47000000000000003,0.638,1.0,1.5,6.6,Yes,No,High,1.0,Yes,Salle 28,231.0,0.4388888888888889,1.0,1.5413944916041384,0.554,2.5
ENSPD003033,Female,25.0,Informatique,4,0.8740279937791603,8.0,0.6492204899777283,0.7440000000000001,0.9,2.0,1.2,1.1,No,No,Middle,1.0,Yes,Salle 23,230.0,0.7763888888888888,1.0,1.1257460646678532,0.8220000000000001,3.2
ENSPD003034,Male,22.0,GenieCivil,4,0.8242612752721618,11.0,0.4331848552338531,0.579,0.091,2.0,0.6,11.5,Yes,No,Middle,0.0,Yes,Salle 30,173.0,0.13611111111111113,0.0,6.055352241426715,0.33499999999999996,2.6
ENSPD003035,Male,23.0,Energetique,4,0.5536547433903577,29.0,0.7761692650334077,0.616,0.153,0.0,11.8,50.0,Yes,No,Middle,1.0,No,Salle 4,70.0,0.21944444444444444,0.0,2.5228686745987368,0.3845,11.8
ENSPD003036,Male,24.0,Mecanique,4,0.8615863141524104,9.0,0.8095768374164811,0.289,0.5820000000000001,1.0,3.8,21.6,Yes,No,Middle,2.0,Yes,Salle 9,178.0,0.42499999999999993,1.0,2.0272142164946954,0.4355,4.8
ENSPD003037,Male,25.0,Telecom,2,0.4961119751166406,32.0,0.4398663697104678,0.752,0.741,2.0,0.5,11.6,Yes,No,High,1.0,Yes,Salle 19,161.0,0.5263888888888889,1.0,0.9424639481360282,0.7464999999999999,2.5
ENSPD003038,Other,18.0,Telecom,1,0.7231726283048211,28.0,0.6113585746102449,0.616,0.529,2.0,4.5,23.4,Yes,No,Middle,0.0,Yes,Salle 15,121.0,0.5097222222222222,1.0,1.4187304564582692,0.5725,6.5
ENSPD003039,Male,19.0,Energetique,1,0.6982892690513217,19.0,0.7761692650334077,0.664,0.757,2.0,1.8,9.6,No,No,Middle,1.0,Yes,Salle 19,83.0,0.6138888888888889,1.0,1.1374662533030042,0.7105,3.8
ENSPD003040,Male,25.0,Chimie,4,0.6174183514774495,25.0,0.6102449888641426,0.531,0.635,1.0,1.4,1.7,No,No,Middle,1.0,Yes,Salle 26,93.0,0.5388888888888889,1.0,1.1457035154599289,0.583,2.4
ENSPD003041,Male,21.0,Electrique,4,0.8864696734059098,7.0,0.3775055679287305,0.42,0.773,0.0,0.8,12.9,Yes,No,Middle,0.0,Yes,Salle 20,157.0,0.3763888888888889,1.0,2.355133608451196,0.5965,0.8
ENSPD003042,Female,21.0,Telecom,3,0.7729393468118196,15.0,0.5868596881959911,0.61,0.6609999999999999,0.0,0.1,8.1,Yes,No,High,1.0,Yes,Salle 7,154.0,0.5222222222222221,1.0,1.4800682798215308,0.6355,0.1
ENSPD003043,Male,19.0,Informatique,2,0.9999999999999999,0.0,0.46770601336302897,0.383,0.635,2.0,1.4,2.3,Yes,No,Low,0.0,Yes,Salle 30,298.0,0.45833333333333337,1.0,2.181770579550991,0.509,3.4
ENSPD003044,Male,21.0,GenieCivil,2,0.6734059097978228,21.0,0.7951002227171492,0.485,0.517,0.0,0.4,1.1,Yes,No,Middle,4.0,No,Salle 27,177.0,0.45138888888888895,1.0,1.4918200429234563,0.501,0.4
ENSPD003045,Female,19.0,Energetique,5,0.6967340590979781,20.0,0.7115812917594654,0.8470000000000001,0.629,0.0,1.3,6.7,Yes,No,Middle,3.0,Yes,Salle 25,40.0,0.6694444444444445,1.0,1.0407490231485013,0.738,1.3
ENSPD003046,Female,26.0,Chimie,1,0.9455676516329704,4.0,0.5579064587973274,0.287,0.435,1.0,1.0,13.0,Yes,No,Low,0.0,Yes,Salle 23,96.0,0.28055555555555556,0.0,3.370220017780251,0.361,2.0
ENSPD003047,Male,22.0,Energetique,4,0.7029548989113531,19.0,0.6336302895322939,0.742,0.483,0.0,0.3,2.4,Yes,No,High,0.0,Yes,Salle 27,70.0,0.5888888888888888,1.0,1.1936767281691782,0.6125,0.3
ENSPD003048,Male,22.0,Chimie,2,0.9984447900466563,0.0,0.3919821826280624,0.8890000000000001,0.743,4.0,1.0,10.8,Yes,No,Middle,0.0,Yes,Salle 5,119.0,0.6291666666666667,1.0,1.586906894269214,0.8160000000000001,5.0
ENSPD003049,Male,23.0,Telecom,1,0.8211508553654744,12.0,0.48440979955456576,0.767,0.547,2.0,0.7,14.6,Yes,No,Low,0.0,Yes,Salle 23,121.0,0.5708333333333333,1.0,1.4384872475789758,0.657,2.7
ENSPD003050,Male,24.0,Electrique,4,0.28149300155520984,46.0,0.8697104677060133,0.6920000000000001,0.49200000000000005,1.0,1.1,6.2,Yes,No,Middle,1.0,Yes,Salle 29,157.0,0.5569444444444444,1.0,0.5054147684125151,0.5920000000000001,2.1
ENSPD003051,Male,24.0,Chimie,2,0.9393468118195955,4.0,0.6191536748329621,0.537,0.73,0.0,0.4,5.1,Yes,Yes,Middle,0.0,Yes,Salle 17,119.0,0.5902777777777778,1.0,1.5913370514902072,0.6335,0.4
ENSPD003052,Male,24.0,GenieCivil,4,0.8911353032659409,7.0,0.7661469933184856,0.504,0.716,0.0,1.9,12.5,Yes,No,Middle,1.0,Yes,Salle 7,173.0,0.6138888888888889,1.0,1.4515994724779993,0.61,1.9
ENSPD003053,Male,21.0,Telecom,3,0.8973561430793159,7.0,0.6492204899777283,0.215,0.5970000000000001,3.0,0.1,0.0,Yes,No,Middle,0.0,Yes,Salle 17,154.0,0.45972222222222214,1.0,1.9519104811530006,0.406,3.1
ENSPD003054,Male,21.0,Telecom,3,0.3639191290824261,41.0,0.8296213808463252,0.627,0.61,0.0,1.0,6.2,Yes,No,Low,0.0,No,Salle 4,154.0,0.6486111111111111,1.0,0.5610658099903958,0.6185,1.0
ENSPD003055,Female,24.0,Telecom,4,0.5956454121306377,26.0,0.2761692650334076,0.5479999999999999,0.723,1.0,4.5,23.7,Yes,No,Middle,0.0,Yes,Salle 13,121.0,0.4263888888888888,1.0,1.3969206479003073,0.6355,5.5
ENSPD003056,Female,21.0,Electrique,3,0.609642301710731,25.0,0.579064587973274,0.494,0.8340000000000001,1.0,1.1,5.5,Yes,No,Middle,3.0,Yes,Salle 3,188.0,0.5666666666666667,1.0,1.075820370894745,0.664,2.1
ENSPD003057,Female,22.0,Mecanique,2,0.56298600311042,28.0,0.8853006681514477,0.616,0.68,2.0,1.2,18.3,Yes,No,Middle,1.0,Yes,Salle 18,231.0,0.5819444444444444,1.0,0.967405625105016,0.648,3.2
ENSPD003058,Male,23.0,Informatique,4,0.9999999999999999,0.0,0.7694877505567929,0.631,0.402,1.0,0.1,11.5,Yes,No,Low,0.0,No,Salle 8,230.0,0.4902777777777778,1.0,2.039618455374281,0.5165,1.1
ENSPD003059,Male,24.0,Energetique,3,0.7185069984447902,18.0,0.8318485523385302,0.616,0.596,0.0,1.4,11.9,Yes,No,High,2.0,Yes,Salle 17,104.0,0.6277777777777779,1.0,1.1445061912293628,0.606,1.4
ENSPD003060,Female,18.0,Electrique,1,0.7138413685847588,18.0,0.6091314031180401,0.91,0.559,2.0,5.5,24.7,No,No,Middle,2.0,Yes,Salle 5,143.0,0.6625000000000001,1.0,1.0774801415597632,0.7345,7.5
ENSPD003061,Male,23.0,Mecanique,4,0.822706065318818,11.0,0.5200445434298441,0.752,0.429,2.0,0.7,6.8,No,No,Middle,2.0,Yes,Salle 1,178.0,0.4652777777777778,1.0,1.768166078309806,0.5905,2.7
ENSPD003062,Male,22.0,Informatique,3,0.8258164852255053,11.0,0.43875278396436523,0.7809999999999999,0.635,1.0,1.0,6.1,Yes,Yes,Low,1.0,Yes,Salle 7,263.0,0.5402777777777777,1.0,1.5284752296676358,0.708,2.0
ENSPD003063,Female,23.0,Telecom,4,0.09797822706065318,58.0,0.4265033407572383,0.601,0.755,4.0,1.8,3.9,Yes,No,Middle,0.0,Yes,Salle 11,121.0,0.4625,1.0,0.2118402349368731,0.6779999999999999,5.8
ENSPD003064,Female,24.0,Telecom,4,0.5987558320373251,26.0,0.744988864142539,0.7120000000000001,0.785,2.0,0.2,4.4,Yes,No,Low,2.0,Yes,Salle 19,121.0,0.6430555555555555,1.0,0.9310961018897204,0.7485,2.2
ENSPD003065,Female,25.0,Telecom,2,0.4556765163297044,35.0,0.6959910913140313,0.459,0.44200000000000006,1.0,6.0,36.2,Yes,No,Middle,1.0,No,Salle 29,161.0,0.35138888888888886,0.0,1.2967500203843494,0.4505,7.0
ENSPD003066,Male,25.0,Electrique,3,0.7947122861586314,13.0,0.6113585746102449,0.616,0.6709999999999999,0.0,1.3,16.7,Yes,Yes,High,1.0,No,Salle 22,188.0,0.5861111111111111,1.0,1.3558840845232372,0.6435,1.3
ENSPD003067,Male,25.0,Mecanique,2,0.6656298600311042,22.0,0.6113585746102449,0.583,0.639,0.0,0.2,1.6,Yes,No,Middle,1.0,Yes,Salle 26,231.0,0.5736111111111111,1.0,1.1603998652381728,0.611,0.2
ENSPD003068,Female,25.0,Mecanique,2,0.7231726283048211,18.0,0.6336302895322939,0.436,0.701,1.0,1.4,1.8,Yes,No,Low,3.0,Yes,Salle 23,231.0,0.5513888888888888,1.0,1.3115235501509073,0.5685,2.4
ENSPD003069,Male,23.0,Informatique,4,0.33281493001555207,43.0,0.7706013363028954,0.616,0.6659999999999999,0.0,0.9,0.4,No,No,Low,1.0,Yes,Salle 12,230.0,0.5944444444444444,1.0,0.5598661648944165,0.641,0.9
ENSPD003070,Female,22.0,Telecom,4,0.6625194401244167,22.0,0.7694877505567929,0.5670000000000001,0.637,0.0,0.8,4.3,Yes,No,Low,0.0,Yes,Salle 26,121.0,0.5861111111111111,1.0,1.1303456360213286,0.6020000000000001,0.8
ENSPD003071,Female,24.0,Informatique,1,0.9284603421461898,5.0,0.43207126948775054,1.0,0.613,0.0,2.4,12.4,Yes,No,High,2.0,No,Salle 27,248.0,0.6916666666666667,1.0,1.3423328946755322,0.8065,2.4
ENSPD003072,Female,23.0,Electrique,3,0.9828926905132193,1.0,0.655902004454343,0.698,0.861,1.0,0.8,9.8,Yes,No,Low,3.0,No,Salle 1,188.0,0.7083333333333333,1.0,1.3875936205793133,0.7795,1.8
ENSPD003073,Male,21.0,GenieCivil,5,0.8538102643856921,9.0,0.33184855233853006,0.904,0.46799999999999997,0.0,1.4,11.5,Yes,No,Low,1.0,Yes,Salle 11,70.0,0.43194444444444435,1.0,1.9766210890220497,0.6859999999999999,1.4
ENSPD003074,Male,23.0,GenieCivil,3,0.47122861586314146,34.0,0.6325167037861915,0.8240000000000001,0.605,0.0,0.8,11.7,No,Yes,High,0.0,No,Salle 13,185.0,0.6222222222222222,1.0,0.757319532858985,0.7145,0.8
ENSPD003075,Female,22.0,Telecom,4,0.9548989113530325,3.0,0.7115812917594654,0.627,0.856,1.0,3.0,19.4,Yes,No,Middle,0.0,Yes,Salle 10,121.0,0.7388888888888889,1.0,1.292326901166344,0.7415,4.0
ENSPD003076,Female,20.0,Informatique,4,0.8553654743390359,9.0,0.39086859688195985,0.54,0.478,1.0,0.7,9.2,No,No,Middle,2.0,Yes,Salle 23,230.0,0.3569444444444444,0.0,2.396287502934182,0.509,1.7
ENSPD003077,Female,25.0,Chimie,2,0.6982892690513217,19.0,0.5412026726057906,0.307,0.488,3.0,0.0,11.5,Yes,No,Middle,2.0,Yes,Salle 12,119.0,0.25694444444444453,0.0,2.7175605798960873,0.39749999999999996,3.0
ENSPD003078,Male,22.0,Informatique,2,0.3421461897356143,42.0,0.6113585746102449,0.46299999999999997,0.787,0.0,0.9,12.6,No,No,Middle,2.0,Yes,Salle 28,298.0,0.5722222222222223,1.0,0.5979149311216947,0.625,0.9
ENSPD003079,Male,26.0,Informatique,4,0.8973561430793159,7.0,0.6492204899777283,0.7390000000000001,0.355,2.0,0.7,10.3,Yes,No,Low,0.0,Yes,Salle 27,230.0,0.4888888888888888,1.0,1.83546365817832,0.547,2.7
ENSPD003080,Female,19.0,GenieCivil,3,0.609642301710731,25.0,0.5634743875278396,0.5660000000000001,0.772,1.0,4.8,18.4,Yes,No,Middle,1.0,Yes,Salle 15,185.0,0.6319444444444444,1.0,0.9646934317341052,0.669,5.8
ENSPD003081,Female,21.0,Informatique,3,0.7853810264385693,14.0,0.4142538975501113,0.688,0.542,0.0,1.3,12.3,No,No,Low,1.0,Yes,Salle 15,263.0,0.4208333333333333,1.0,1.8662075984853495,0.615,1.3
ENSPD003082,Female,22.0,Chimie,4,0.7325038880248832,17.0,0.601336302895323,0.255,0.7220000000000001,1.0,0.5,4.7,No,No,Middle,2.0,Yes,Salle 12,93.0,0.46805555555555556,1.0,1.5649600346162216,0.48850000000000005,1.5
ENSPD003083,Male,24.0,GenieCivil,4,0.9999999999999999,0.0,0.334075723830735,0.7020000000000001,0.396,0.0,8.0,40.7,No,No,Middle,1.0,Yes,Salle 24,173.0,0.3472222222222222,0.0,2.879917058388718,0.549,8.0
ENSPD003084,Female,23.0,Informatique,2,0.6967340590979781,20.0,0.5712694877505569,0.8170000000000001,0.877,1.0,0.6,10.0,Yes,No,High,0.0,Yes,Salle 17,298.0,0.6805555555555556,1.0,1.0237574520344686,0.847,1.6
ENSPD003085,Female,23.0,Informatique,1,0.7169517884914464,18.0,0.5367483296213809,0.3,0.397,3.0,2.9,23.5,Yes,No,Middle,1.0,No,Salle 26,248.0,0.21805555555555556,0.0,3.2877809916605183,0.34850000000000003,5.9
ENSPD003086,Female,20.0,Electrique,2,0.9999999999999999,0.0,0.5879732739420935,0.687,0.635,0.0,2.1,5.4,Yes,No,Middle,5.0,Yes,Salle 16,185.0,0.6722222222222222,1.0,1.4875811764783664,0.661,2.1
ENSPD003087,Male,20.0,Chimie,3,0.5972006220839813,26.0,0.5167037861915368,0.8620000000000001,0.405,2.0,1.4,11.0,Yes,No,Low,0.0,Yes,Salle 3,130.0,0.43472222222222223,1.0,1.3737206297505824,0.6335000000000001,3.4
ENSPD003088,Male,23.0,GenieCivil,2,0.8724727838258165,8.0,0.3585746102449889,0.922,0.635,1.0,1.0,6.4,Yes,No,Middle,0.0,Yes,Salle 16,177.0,0.7583333333333333,1.0,1.1504983896816525,0.7785,2.0
ENSPD003089,Female,19.0,Electrique,3,0.6827371695178849,20.0,0.6113585746102449,0.529,0.626,2.0,4.1,29.9,Yes,No,Middle,0.0,Yes,Salle 8,188.0,0.5,1.0,1.365447030095168,0.5775,6.1
ENSPD003090,Male,21.0,Chimie,1,0.5334370139968895,30.0,0.7661469933184856,0.76,1.0,2.0,1.3,0.0,Yes,No,Middle,1.0,Yes,Salle 16,96.0,0.8666666666666665,1.0,0.615497145029353,0.88,3.3
ENSPD003091,Male,23.0,Electrique,3,0.7200622083981337,18.0,0.8207126948775056,0.877,0.47600000000000003,3.0,0.9,10.3,Yes,No,Middle,1.0,Yes,Salle 22,188.0,0.6041666666666667,1.0,1.1918073770886004,0.6765,3.9
ENSPD003092,Female,20.0,Mecanique,2,0.8491446345256609,10.0,1.0,0.6920000000000001,0.551,4.0,0.9,10.8,Yes,No,Middle,0.0,Yes,Salle 18,231.0,0.7666666666666668,1.0,1.1075655115702763,0.6215,4.9
ENSPD003093,Male,25.0,Electrique,3,0.7231726283048211,2.0,0.6113585746102449,0.616,0.882,0.0,0.6,0.0,Yes,Yes,Low,0.0,No,Salle 18,188.0,0.9347222222222222,1.0,0.773668234722409,0.749,0.6
ENSPD003094,Female,24.0,Electrique,2,0.995334370139969,0.0,0.4097995545657016,0.616,0.635,0.0,1.4,11.5,No,Yes,Middle,2.0,Yes,Salle 22,185.0,0.20833333333333337,0.0,4.777375662640043,0.6255,1.4
ENSPD003095,Male,19.0,Chimie,2,0.6656298600311042,22.0,0.5423162583518931,0.691,0.5,1.0,0.3,0.0,Yes,No,Low,1.0,Yes,Salle 16,119.0,0.47777777777777775,1.0,1.3931496178637979,0.5954999999999999,1.3
ENSPD003096,Female,20.0,Electrique,4,0.5365474339035771,30.0,0.6069042316258353,0.508,0.7390000000000001,2.0,0.1,2.5,Yes,No,Low,1.0,Yes,Salle 15,157.0,0.5805555555555555,1.0,0.9241806179668091,0.6235,2.1
ENSPD003097,Female,17.0,Energetique,1,0.6609642301710731,22.0,0.5957683741648108,0.59,0.436,1.0,1.6,13.0,Yes,No,Low,0.0,No,Salle 23,83.0,0.37083333333333335,0.0,1.7823273893856517,0.513,2.6
ENSPD003098,Male,20.0,Informatique,3,0.499222395023328,32.0,0.6213808463251671,0.698,0.635,1.0,1.2,5.9,Yes,No,High,0.0,Yes,Salle 3,263.0,0.6458333333333334,1.0,0.7729775461902443,0.6665,2.2
ENSPD003099,Male,24.0,Energetique,5,0.6796267496111975,21.0,1.0,0.495,0.674,0.0,0.4,6.9,Yes,No,Middle,1.0,No,Salle 26,40.0,0.7388888888888889,1.0,0.9197831527845154,0.5845,0.4
ENSPD003100,Male,21.0,GenieCivil,3,0.6562986003110421,22.0,0.4298440979955457,0.58,0.337,1.0,0.2,5.8,Yes,No,High,1.0,Yes,Salle 8,185.0,0.27222222222222214,0.0,2.4108042573127437,0.4585,1.2
ENSPD003101,Male,23.0,Electrique,4,0.8553654743390359,9.0,0.49109131403118034,0.757,0.8340000000000001,0.0,0.3,8.3,Yes,No,Middle,0.0,No,Salle 30,157.0,0.6777777777777778,1.0,1.2619960146573777,0.7955000000000001,0.3
ENSPD003102,Female,19.0,Informatique,1,0.3079315707620528,44.0,0.8853006681514477,0.9890000000000001,0.38799999999999996,1.0,0.8,3.9,No,No,Low,3.0,Yes,Salle 20,248.0,0.5305555555555556,1.0,0.5803836444671149,0.6885,1.8
ENSPD003103,Female,24.0,Mecanique,3,0.583203732503888,27.0,0.5077951002227171,0.251,0.794,3.0,1.2,13.5,No,No,Low,2.0,No,Salle 18,212.0,0.44166666666666665,1.0,1.3204313845812277,0.5225,4.2
ENSPD003104,Male,21.0,Chimie,2,0.5847589424572316,27.0,0.6759465478841872,0.976,0.6659999999999999,1.0,0.4,0.0,No,No,Middle,1.0,Yes,Salle 5,119.0,0.7583333333333333,1.0,0.7711005249916243,0.821,1.4
ENSPD003105,Male,22.0,Electrique,1,0.9409020217729395,4.0,0.7828507795100222,0.573,0.549,0.0,2.8,22.3,Yes,No,Middle,0.0,Yes,Salle 29,143.0,0.6111111111111112,1.0,1.5396326598212857,0.5609999999999999,2.8
ENSPD003106,Male,22.0,Informatique,2,0.5116640746500777,31.0,0.6915367483296213,0.616,0.419,1.0,0.4,5.6,No,No,Low,0.0,Yes,Salle 28,298.0,0.41666666666666674,1.0,1.2279643080167937,0.5175,1.4
ENSPD003107,Female,19.0,GenieCivil,2,0.7620528771384137,15.0,0.6425389755011137,0.8290000000000001,0.706,0.0,0.3,5.6,No,No,Low,2.0,Yes,Salle 30,177.0,0.7305555555555554,1.0,1.0430999262741234,0.7675000000000001,0.3
ENSPD003108,Male,20.0,Informatique,3,0.6967340590979781,20.0,0.7672605790645879,0.902,0.465,2.0,10.4,47.8,Yes,Yes,High,1.0,Yes,Salle 5,263.0,0.6347222222222223,1.0,1.097681880177258,0.6835,12.4
ENSPD003109,Female,24.0,Energetique,5,0.9144634525660965,6.0,0.4610244988864143,0.489,0.882,1.0,1.2,10.6,No,No,Low,4.0,Yes,Salle 26,40.0,0.6055555555555555,1.0,1.510098195276568,0.6855,2.2
ENSPD003110,Female,23.0,Telecom,1,0.8304821150855365,11.0,0.5278396436525613,0.579,0.8890000000000001,1.0,0.4,6.6,Yes,No,Middle,0.0,Yes,Salle 13,121.0,0.6708333333333333,1.0,1.2379673074471484,0.734,1.4
ENSPD003111,Female,24.0,Informatique,2,0.7433903576982893,16.0,0.6993318485523385,0.61,0.635,1.0,4.5,28.0,No,No,Middle,1.0,Yes,Salle 9,298.0,0.7486111111111111,1.0,0.9930128160491517,0.6225,5.5
ENSPD003112,Male,23.0,Telecom,2,0.6158631415241057,25.0,0.2650334075723831,0.556,0.696,1.0,0.5,0.9,Yes,No,Middle,0.0,Yes,Salle 13,161.0,0.39583333333333337,1.0,1.55582547352262,0.626,1.5
ENSPD003113,Female,22.0,Telecom,2,0.37480559875583197,40.0,0.846325167037862,0.8570000000000001,0.559,0.0,1.4,11.5,Yes,No,Middle,1.0,No,Salle 17,161.0,0.7208333333333332,1.0,0.5199543110465502,0.7080000000000001,1.4
ENSPD003114,Male,19.0,Mecanique,4,0.7667185069984447,15.0,0.6614699331848551,0.606,0.5810000000000001,3.0,0.3,11.5,Yes,No,Middle,0.0,Yes,Salle 14,178.0,0.4527777777777777,1.0,1.6933286290575185,0.5935,3.3
ENSPD003115,Male,21.0,Chimie,2,0.8195956454121308,12.0,0.6358574610244989,0.329,0.5660000000000001,2.0,3.7,18.3,No,No,High,1.0,Yes,Salle 13,119.0,0.4638888888888889,1.0,1.7667549223392016,0.4475,5.7
ENSPD003116,Female,22.0,GenieCivil,1,0.4261275272161742,37.0,0.3374164810690423,0.506,0.6900000000000001,1.0,0.4,11.8,Yes,Yes,Middle,1.0,Yes,Salle 2,149.0,0.45833333333333337,1.0,0.9297125020170632,0.5980000000000001,1.4
ENSPD003117,Female,26.0,Electrique,4,0.4898911353032659,33.0,0.3953229398663698,0.336,0.7270000000000001,1.0,5.6,36.4,No,No,Middle,1.0,No,Salle 29,157.0,0.3458333333333333,0.0,1.41651172101992,0.5315000000000001,6.6
ENSPD003118,Male,23.0,Mecanique,4,0.7667185069984447,15.0,0.5434298440979956,0.579,0.886,0.0,1.7,11.8,Yes,No,High,1.0,Yes,Salle 29,178.0,0.5513888888888888,1.0,1.390497011235263,0.7324999999999999,1.7
ENSPD003119,Male,25.0,Mecanique,3,0.7838258164852253,14.0,0.744988864142539,0.741,0.644,1.0,0.4,11.5,Yes,No,Low,1.0,Yes,Salle 26,212.0,0.6444444444444444,1.0,1.2162625663338034,0.6925,1.4
ENSPD003120,Male,23.0,GenieCivil,3,0.7231726283048211,30.0,0.2639198218262806,0.502,0.359,0.0,3.7,16.3,Yes,No,Low,1.0,Yes,Salle 10,185.0,0.20833333333333337,0.0,3.471062004886906,0.4305,3.7
ENSPD003121,Male,21.0,Informatique,1,0.6127527216174183,25.0,0.7416481069042317,0.547,0.559,1.0,1.0,0.8,Yes,Yes,Middle,1.0,Yes,Salle 26,248.0,0.4555555555555555,1.0,1.3450374246801329,0.553,2.0
ENSPD003122,Male,22.0,Telecom,2,0.37791601866251945,40.0,0.5501113585746102,0.5710000000000001,0.951,2.0,2.6,17.9,Yes,No,Middle,1.0,Yes,Salle 14,161.0,0.5333333333333333,1.0,0.7085792491313029,0.761,4.6
ENSPD003123,Male,22.0,Mecanique,2,0.7231726283048211,2.0,0.6113585746102449,0.645,0.329,0.0,2.1,9.6,Yes,No,High,2.0,Yes,Salle 4,231.0,0.36111111111111116,0.0,2.0025764378043034,0.487,2.1
ENSPD003124,Male,20.0,GenieCivil,2,0.4774494556765164,34.0,0.6525612472160356,0.713,0.788,1.0,2.5,14.4,Yes,No,Low,1.0,Yes,Salle 16,177.0,0.575,1.0,0.8303324388732657,0.7505,3.5
ENSPD003125,Female,21.0,Telecom,5,0.8211508553654744,12.0,0.6547884187082406,0.765,0.562,0.0,0.8,7.0,No,No,Middle,0.0,No,Salle 15,60.0,0.5652777777777778,1.0,1.4526244642923802,0.6635,0.8
ENSPD003126,Female,22.0,GenieCivil,3,0.7138413685847588,18.0,0.49109131403118034,1.0,0.46299999999999997,1.0,5.6,31.9,Yes,No,Middle,1.0,Yes,Salle 8,185.0,0.5430555555555555,1.0,1.3144662946897816,0.7315,6.6
ENSPD003127,Female,25.0,GenieCivil,1,0.9611197511664075,2.0,0.7149220489977729,0.642,0.7190000000000001,2.0,1.6,11.6,No,No,Middle,1.0,Yes,Salle 7,149.0,0.6666666666666667,1.0,1.441658001879583,0.6805000000000001,3.6
ENSPD003128,Male,18.0,Energetique,2,0.5723172628304821,28.0,0.22271714922048996,0.752,0.9520000000000001,1.0,0.2,4.7,Yes,No,Low,1.0,No,Salle 14,71.0,0.6000000000000001,1.0,0.9538462072806821,0.8520000000000001,1.2
ENSPD003129,Female,24.0,Telecom,2,0.7309486780715396,17.0,0.534521158129176,0.616,0.708,1.0,1.4,1.7,No,No,Low,2.0,Yes,Salle 4,161.0,0.47777777777777775,1.0,1.529860561672862,0.6619999999999999,2.4
ENSPD003130,Female,20.0,Informatique,3,0.4027993779160186,38.0,0.6358574610244989,0.552,0.5870000000000001,1.0,2.7,18.2,No,No,Low,1.0,Yes,Salle 1,263.0,0.4111111111111111,1.0,0.9797584386445107,0.5695000000000001,3.7
ENSPD003131,Female,19.0,GenieCivil,2,0.35769828926905134,41.0,0.5523385300668151,0.5710000000000001,0.381,1.0,3.8,15.8,Yes,No,Middle,1.0,Yes,Salle 13,177.0,0.35,0.0,1.021965913171199,0.47600000000000003,4.8
ENSPD003132,Female,24.0,Energetique,2,0.8320373250388803,11.0,0.3051224944320713,0.43700000000000006,0.62,0.0,1.4,9.6,Yes,No,Middle,1.0,Yes,Salle 26,71.0,0.34305555555555556,0.0,2.4253012625866526,0.5285,1.4
ENSPD003133,Female,23.0,Mecanique,3,0.38724727838258166,39.0,0.7371937639198219,0.524,0.374,0.0,0.7,5.4,No,No,Low,0.0,Yes,Salle 11,212.0,0.4291666666666667,1.0,0.9023027309249065,0.449,0.7
ENSPD003134,Male,25.0,Mecanique,2,0.6780715396578537,21.0,0.4020044543429844,0.601,0.578,1.0,0.5,15.3,Yes,No,Middle,2.0,Yes,Salle 6,231.0,0.40555555555555556,1.0,1.6719159957482372,0.5894999999999999,1.5
ENSPD003135,Male,24.0,Informatique,1,0.9082426127527216,6.0,0.5991091314031181,0.529,0.627,2.0,1.7,11.4,Yes,No,Middle,1.0,Yes,Salle 1,248.0,0.5444444444444444,1.0,1.6681700774423522,0.5780000000000001,3.7
ENSPD003136,Female,26.0,Informatique,1,0.8600311041990668,9.0,0.6358574610244989,1.0,0.168,1.0,0.4,6.4,Yes,No,Low,3.0,Yes,Salle 23,248.0,0.4652777777777778,1.0,1.8483853332803835,0.584,1.4
ENSPD003137,Female,23.0,Chimie,2,0.5956454121306377,26.0,0.6135857461024499,0.7120000000000001,0.918,0.0,1.0,10.3,Yes,Yes,Middle,0.0,Yes,Salle 3,119.0,0.7013888888888888,1.0,0.8492249154745897,0.8150000000000001,1.0
ENSPD003138,Female,22.0,Chimie,1,0.4230171073094867,37.0,0.8051224944320713,0.98,0.392,0.0,2.0,13.9,Yes,No,Middle,0.0,Yes,Salle 7,96.0,0.5402777777777777,1.0,0.7829477635962278,0.6859999999999999,2.0
ENSPD003139,Male,23.0,Energetique,2,0.8149300155520994,12.0,0.601336302895323,0.8890000000000001,0.603,2.0,0.7,6.9,Yes,Yes,High,0.0,Yes,Salle 6,71.0,0.5916666666666666,1.0,1.3773232264560593,0.746,2.7
ENSPD003140,Male,24.0,Chimie,4,0.9704510108864696,2.0,0.6815144766146994,0.505,0.747,2.0,0.9,4.7,Yes,No,High,1.0,Yes,Salle 10,93.0,0.5902777777777778,1.0,1.6440303313408764,0.626,2.9
ENSPD003141,Male,20.0,Mecanique,4,0.5972006220839813,26.0,0.601336302895323,0.627,0.902,1.0,0.9,6.8,No,No,Low,0.0,Yes,Salle 15,178.0,0.6611111111111111,1.0,0.9033150084714403,0.7645,1.9
ENSPD003142,Female,21.0,Informatique,3,0.5707620528771385,28.0,0.7126948775055679,0.542,0.48200000000000004,0.0,1.2,9.0,Yes,No,Middle,0.0,Yes,Salle 5,263.0,0.46805555555555556,1.0,1.2194062265480967,0.512,1.2
ENSPD003143,Female,21.0,Energetique,4,0.6220839813374807,24.0,0.8429844097995547,0.5910000000000001,0.138,4.0,2.2,11.5,Yes,No,Low,2.0,No,Salle 12,70.0,0.3847222222222222,1.0,1.616927164936457,0.36450000000000005,6.2
ENSPD003144,Male,18.0,Mecanique,2,0.8273716951788491,11.0,0.6336302895322939,0.444,0.856,1.0,3.0,16.1,Yes,No,Middle,1.0,Yes,Salle 23,231.0,0.6708333333333333,1.0,1.2333307257713166,0.65,4.0
ENSPD003145,Male,22.0,Mecanique,4,0.948678071539658,3.0,0.7405345211581292,0.541,0.39,0.0,2.2,14.6,Yes,No,Middle,0.0,Yes,Salle 5,178.0,0.4527777777777777,1.0,2.0951936383875993,0.4655,2.2
ENSPD003146,Male,18.0,Telecom,2,0.4883359253499221,33.0,0.8530066815144766,0.685,0.7120000000000001,0.0,0.1,3.3,Yes,Yes,Middle,0.0,Yes,Salle 10,161.0,0.6069444444444445,1.0,0.8045676736034186,0.6985000000000001,0.1
ENSPD003147,Female,22.0,Electrique,2,0.44012441679626746,36.0,0.8374164810690424,0.68,0.7240000000000001,1.0,4.5,28.0,No,No,Middle,1.0,Yes,Salle 2,185.0,0.6263888888888889,1.0,0.702626432778263,0.7020000000000001,5.5
ENSPD003148,Female,24.0,Informatique,2,0.9999999999999999,0.0,0.5456570155902005,0.6659999999999999,0.0,2.0,1.7,12.9,Yes,No,Middle,1.0,No,Salle 9,298.0,0.1611111111111111,0.0,6.206511319987035,0.33299999999999996,3.7
ENSPD003149,Female,21.0,Telecom,1,0.687402799377916,20.0,0.7828507795100222,0.609,0.317,1.0,5.1,22.4,Yes,No,Middle,1.0,Yes,Salle 1,121.0,0.34305555555555556,0.0,2.003706837501496,0.46299999999999997,6.1
ENSPD003150,Male,25.0,Energetique,5,0.7667185069984447,15.0,0.6514476614699333,0.775,0.5479999999999999,0.0,6.6,29.7,Yes,Yes,Middle,1.0,Yes,Salle 10,40.0,0.6611111111111111,1.0,1.159724737438594,0.6615,6.6
ENSPD003151,Female,19.0,Informatique,1,0.5909797822706065,26.0,0.7973273942093541,0.574,0.12300000000000001,2.0,1.4,15.1,No,Yes,Middle,1.0,Yes,Salle 6,248.0,0.22222222222222232,0.0,2.6592893521968795,0.3485,3.4
ENSPD003152,Male,24.0,Telecom,2,0.8118195956454123,12.0,0.7048997772828508,0.87,0.37200000000000005,2.0,5.0,22.5,No,No,Middle,1.0,Yes,Salle 26,161.0,0.4805555555555555,1.0,1.6893004216811005,0.621,7.0
ENSPD003153,Female,23.0,Mecanique,2,0.8989113530326595,6.0,0.655902004454343,0.616,0.635,4.0,0.9,5.4,No,No,Middle,6.0,No,Salle 26,231.0,0.4125,1.0,2.179126210352863,0.6255,4.9
ENSPD003154,Male,19.0,GenieCivil,1,0.7760497667185068,14.0,0.6826280623608018,0.738,0.622,0.0,0.6,4.0,No,Yes,Middle,5.0,Yes,Salle 8,149.0,0.6486111111111111,1.0,1.1964608512188353,0.6799999999999999,0.6
ENSPD003155,Male,27.0,Telecom,1,0.9999999999999999,0.0,0.6525612472160356,0.708,0.701,2.0,0.2,6.1,No,No,Middle,1.0,Yes,Salle 25,121.0,0.6791666666666665,1.0,1.4723709589552059,0.7044999999999999,2.2
ENSPD003156,Female,22.0,Energetique,1,0.6594090202177293,22.0,0.6592427616926504,0.499,0.73,2.0,1.2,10.7,Yes,No,Low,0.0,No,Salle 23,83.0,0.47777777777777775,1.0,1.3801295279772199,0.6145,3.2
ENSPD003157,Female,20.0,Mecanique,2,0.6702954898911352,21.0,0.5835189309576838,0.556,0.304,1.0,2.3,16.9,No,No,Middle,0.0,Yes,Salle 6,231.0,0.2763888888888889,0.0,2.4251019697861045,0.43000000000000005,3.3
ENSPD003158,Male,19.0,Informatique,4,0.7636080870917573,15.0,0.5679287305122495,0.7040000000000001,0.383,0.0,7.5,32.1,Yes,Yes,Middle,1.0,Yes,Salle 17,230.0,0.4125,1.0,1.851126244434698,0.5435000000000001,7.5
ENSPD003159,Female,22.0,Informatique,2,0.8071539657853809,12.0,0.9042316258351895,0.785,0.792,1.0,1.5,11.5,Yes,No,Low,1.0,Yes,Salle 26,298.0,0.75,1.0,1.076190938501328,0.7885,2.5
ENSPD003160,Male,22.0,Electrique,1,0.7620528771384137,15.0,0.690423162583519,0.305,0.9450000000000001,0.0,2.7,17.8,Yes,No,Middle,0.0,Yes,Salle 19,143.0,0.638888888888889,1.0,1.1927597471075624,0.625,2.7
ENSPD003161,Male,22.0,Informatique,3,0.48055987558320357,33.0,0.5144766146993318,0.733,0.44700000000000006,0.0,4.5,21.3,Yes,No,Middle,1.0,Yes,Salle 16,263.0,0.3208333333333333,0.0,1.4978022781104077,0.5900000000000001,4.5
ENSPD003162,Male,21.0,GenieCivil,5,0.7791601866251944,14.0,0.5634743875278396,0.538,0.6920000000000001,4.0,1.6,14.7,Yes,No,Middle,0.0,Yes,Salle 13,70.0,0.5555555555555556,1.0,1.4024630915897014,0.615,5.6
ENSPD003163,Male,23.0,Informatique,2,0.6500777604976672,22.0,0.7861915367483296,0.823,0.8009999999999999,0.0,0.4,14.2,No,No,Middle,1.0,No,Salle 14,298.0,0.788888888888889,1.0,0.8240317861434157,0.8119999999999999,0.4
ENSPD003164,Male,21.0,GenieCivil,2,0.6111975116640745,25.0,0.48775055679287305,0.289,0.635,3.0,3.8,22.1,Yes,No,Middle,0.0,No,Salle 27,177.0,0.39861111111111114,1.0,1.5332793337523716,0.46199999999999997,6.8
ENSPD003165,Male,18.0,Informatique,5,0.7262830482115087,18.0,0.6113585746102449,1.0,0.59,2.0,1.7,18.8,No,Yes,Middle,1.0,Yes,Salle 25,109.0,0.5611111111111111,1.0,1.2943427610010076,0.7949999999999999,3.7
ENSPD003166,Male,22.0,Telecom,1,0.541213063763608,30.0,0.3752783964365256,0.46,0.512,1.0,1.4,12.2,No,No,Middle,1.0,Yes,Salle 25,121.0,0.3763888888888889,1.0,1.4378710451596775,0.486,2.4
ENSPD003167,Female,17.0,Informatique,3,0.5085536547433903,32.0,0.3218262806236081,0.877,1.0,1.0,2.1,5.7,Yes,No,Middle,1.0,No,Salle 19,263.0,0.638888888888889,1.0,0.7959845659268834,0.9385,3.1
ENSPD003168,Male,23.0,Mecanique,2,0.23172628304821152,49.0,0.3930957683741648,0.608,0.659,3.0,0.1,7.5,Yes,No,Middle,0.0,No,Salle 8,231.0,0.3583333333333333,0.0,0.6466599528800449,0.6335,3.1
ENSPD003169,Female,20.0,Telecom,5,0.9999999999999999,0.0,0.4131403118040089,0.473,0.718,0.0,0.4,11.1,Yes,No,High,0.0,Yes,Salle 19,60.0,0.5708333333333333,1.0,1.7517941291539418,0.5954999999999999,0.4
ENSPD003170,Male,22.0,Chimie,5,0.8242612752721618,11.0,0.8418708240534521,0.668,0.705,1.0,0.7,2.5,Yes,No,Low,1.0,Yes,Salle 14,48.0,0.6888888888888889,1.0,1.1964909343976389,0.6865,1.7
ENSPD003171,Female,25.0,Informatique,4,0.6982892690513217,19.0,0.6024498886414253,0.616,0.478,2.0,1.4,12.8,No,No,Middle,1.0,Yes,Salle 28,230.0,0.5708333333333333,1.0,1.2232590419753029,0.5469999999999999,3.4
ENSPD003172,Male,20.0,Informatique,2,0.5956454121306377,26.0,0.5501113585746102,0.341,0.65,0.0,3.7,18.1,Yes,No,Middle,1.0,Yes,Salle 22,298.0,0.36249999999999993,0.0,1.6431144303071303,0.49550000000000005,3.7
ENSPD003173,Male,24.0,Chimie,2,0.18351477449455667,52.0,0.3685968819599109,0.746,0.5760000000000001,4.0,1.8,14.6,Yes,No,Middle,1.0,No,Salle 19,119.0,0.4,1.0,0.45877546684972037,0.661,5.8
ENSPD003174,Male,21.0,Mecanique,2,0.5847589424572316,27.0,0.5868596881959911,0.618,0.5720000000000001,0.0,0.2,6.9,No,No,Middle,0.0,Yes,Salle 11,231.0,0.5694444444444444,1.0,1.026875719668354,0.595,0.2
ENSPD003175,Male,26.0,Chimie,4,0.8538102643856921,9.0,0.3195991091314031,0.7240000000000001,0.703,2.0,1.0,10.9,No,Yes,Middle,2.0,No,Salle 22,93.0,0.5416666666666667,1.0,1.57623600373967,0.7135,3.0
ENSPD003176,Male,21.0,GenieCivil,5,0.8958009331259719,7.0,0.6113585746102449,0.622,0.457,1.0,1.6,13.7,Yes,No,Middle,1.0,Yes,Salle 20,70.0,0.45972222222222214,1.0,1.9485276207003952,0.5395,2.6
ENSPD003177,Female,20.0,Mecanique,2,0.8398133748055988,10.0,0.9554565701559021,0.517,0.399,2.0,0.6,7.1,Yes,No,Middle,1.0,Yes,Salle 15,231.0,0.49583333333333335,1.0,1.69370710131345,0.458,2.6
ENSPD003178,Female,23.0,GenieCivil,3,0.749611197511664,16.0,0.7216035634743876,0.42,0.741,2.0,0.1,3.7,Yes,No,High,3.0,Yes,Salle 16,185.0,0.5222222222222221,1.0,1.4353982110140397,0.5805,2.1
ENSPD003179,Female,21.0,Chimie,1,0.962674961119751,2.0,0.5757238307349666,0.741,0.534,1.0,1.0,10.4,No,Yes,Low,1.0,Yes,Salle 13,96.0,0.5805555555555555,1.0,1.6581675435404484,0.6375,2.0
ENSPD003180,Female,20.0,Telecom,2,0.6594090202177293,22.0,0.6113585746102449,0.74,0.5710000000000001,0.0,1.4,8.7,Yes,No,Middle,1.0,No,Salle 11,161.0,0.5680555555555554,1.0,1.1607974005268495,0.6555,1.4
ENSPD003181,Male,21.0,Informatique,3,0.9222395023328148,5.0,0.5233853006681515,0.7390000000000001,0.254,1.0,4.7,21.0,No,No,Low,3.0,Yes,Salle 11,263.0,0.34305555555555556,0.0,2.6882311190913732,0.49650000000000005,5.7
ENSPD003182,Male,22.0,GenieCivil,2,0.6485225505443236,23.0,0.4766146993318485,0.6970000000000001,0.833,1.0,4.8,25.5,Yes,Yes,Middle,1.0,No,Salle 15,177.0,0.6069444444444445,1.0,1.0684863690847954,0.765,5.8
ENSPD003183,Male,25.0,Informatique,2,0.5552099533437015,29.0,0.8953229398663696,0.79,0.745,1.0,1.4,8.2,No,No,Low,2.0,Yes,Salle 6,298.0,0.7555555555555555,1.0,0.7348269773037289,0.7675000000000001,2.4
ENSPD003184,Male,18.0,GenieCivil,1,0.5318818040435459,30.0,0.4198218262806236,0.873,0.782,1.0,1.3,9.4,Yes,Yes,Middle,2.0,Yes,Salle 9,149.0,0.5972222222222222,1.0,0.89057787616429,0.8275,2.3
ENSPD003185,Male,22.0,Telecom,4,0.52099533437014,31.0,0.5512249443207128,0.282,0.7170000000000001,2.0,2.0,10.9,No,No,Middle,1.0,Yes,Salle 29,121.0,0.3680555555555556,0.0,1.4154960346228358,0.49950000000000006,4.0
ENSPD003186,Male,23.0,Mecanique,4,0.8429237947122862,10.0,0.6614699331848551,0.198,0.337,1.0,0.6,13.6,No,No,Low,1.0,Yes,Salle 3,178.0,0.2041666666666666,0.0,4.128404133898518,0.2675,1.6
ENSPD003187,Male,22.0,Energetique,5,0.5816485225505442,27.0,0.4543429844097996,0.929,0.6859999999999999,0.0,0.7,8.2,Yes,No,High,0.0,Yes,Salle 30,40.0,0.5902777777777778,1.0,0.9853643332075124,0.8075,0.7
ENSPD003188,Male,25.0,Electrique,4,0.5272161741835147,30.0,0.7193763919821826,0.379,0.518,1.0,1.4,0.0,No,No,Low,0.0,No,Salle 22,157.0,0.2833333333333333,0.0,1.8606972960372508,0.4485,2.4
ENSPD003189,Female,22.0,Energetique,3,0.8538102643856921,9.0,0.5590200445434298,0.424,0.635,0.0,0.2,10.8,No,No,Middle,1.0,Yes,Salle 19,104.0,0.4111111111111111,1.0,2.0767852618372062,0.5295,0.2
ENSPD003190,Female,22.0,Chimie,2,0.7807153965785382,14.0,0.7216035634743876,0.568,0.74,1.0,0.4,11.5,Yes,No,Low,3.0,Yes,Salle 27,119.0,0.6277777777777779,1.0,1.2435976363574461,0.6539999999999999,1.4
ENSPD003191,Male,23.0,Informatique,5,0.900466562986003,6.0,0.7082405345211581,0.322,0.9720000000000001,1.0,1.4,21.6,No,No,Middle,2.0,Yes,Salle 10,109.0,0.6222222222222222,1.0,1.4471551469483577,0.647,2.4
ENSPD003192,Female,22.0,Mecanique,3,0.8164852255054432,12.0,0.5701559020044543,0.551,0.9390000000000001,1.0,0.5,7.2,Yes,No,Middle,1.0,Yes,Salle 10,212.0,0.7152777777777779,1.0,1.1414779489760902,0.7450000000000001,1.5
ENSPD003193,Female,21.0,Mecanique,3,0.5800933125972006,27.0,0.8964365256124722,0.449,0.7640000000000001,0.0,0.3,3.7,No,No,Middle,1.0,No,Salle 21,212.0,0.5583333333333333,1.0,1.0389544890489137,0.6065,0.3
ENSPD003194,Male,23.0,Informatique,3,0.7340590979782272,17.0,0.49888641425389757,0.578,0.635,1.0,1.4,11.1,No,No,Middle,0.0,No,Salle 26,263.0,0.5027777777777778,1.0,1.459978007465939,0.6065,2.4
ENSPD003195,Male,21.0,GenieCivil,4,0.7433903576982893,16.0,0.8351893095768375,0.67,0.5970000000000001,2.0,2.1,7.0,No,No,Middle,1.0,Yes,Salle 14,173.0,0.6124999999999999,1.0,1.2136787280179744,0.6335000000000001,4.1
ENSPD003196,Male,21.0,GenieCivil,1,0.5489891135303265,29.0,0.8062360801781737,0.5579999999999999,0.459,4.0,0.1,5.0,No,No,Middle,0.0,No,Salle 25,149.0,0.461111111111111,1.0,1.1905529812059352,0.5085,4.1
ENSPD003197,Female,21.0,Energetique,2,0.5132192846034215,31.0,0.9064587973273941,0.616,0.5860000000000001,3.0,3.0,15.2,Yes,No,High,0.0,Yes,Salle 5,71.0,0.5486111111111112,1.0,0.9354712646110336,0.601,6.0
ENSPD003198,Female,25.0,GenieCivil,3,0.5925349922239501,26.0,0.6391982182628062,0.616,0.8220000000000001,2.0,1.9,12.3,No,Yes,Low,3.0,Yes,Salle 4,185.0,0.6958333333333333,1.0,0.8515350565845045,0.7190000000000001,3.9
ENSPD003199,Male,17.0,Chimie,4,0.9999999999999999,0.0,0.6113585746102449,0.8079999999999999,1.0,1.0,1.0,12.6,Yes,Yes,Middle,1.0,Yes,Salle 27,93.0,0.7791666666666666,1.0,1.2834059883723419,0.9039999999999999,2.0
ENSPD003200,Male,23.0,Energetique,3,0.6423017107309487,23.0,0.957683741648107,0.909,0.47700000000000004,1.0,8.2,39.0,Yes,No,High,2.0,Yes,Salle 13,104.0,0.6875,1.0,0.9342434447949102,0.6930000000000001,9.2
ENSPD003201,Male,22.0,Telecom,2,0.9502332814930016,3.0,0.5545657015590201,0.5810000000000001,0.24100000000000002,0.0,0.0,0.4,No,No,Low,0.0,No,Salle 3,161.0,0.375,1.0,2.533887846972085,0.41100000000000003,0.0
ENSPD003202,Male,19.0,Informatique,2,0.6329704510108866,24.0,0.47438752783964366,0.948,0.534,2.0,1.6,7.4,No,No,Low,0.0,No,Salle 13,298.0,0.5638888888888889,1.0,1.1224892679928788,0.741,3.6
ENSPD003203,Male,23.0,GenieCivil,4,0.8864696734059098,7.0,0.579064587973274,0.778,0.821,2.0,0.3,7.2,No,No,Low,0.0,Yes,Salle 7,173.0,0.6916666666666667,0.0,1.2816243718007594,0.7995,2.3
ENSPD003204,Female,23.0,Mecanique,4,0.8880248833592533,7.0,0.44654788418708236,0.39799999999999996,1.0,0.0,1.4,10.2,Yes,No,Middle,0.0,Yes,Salle 12,178.0,0.6013888888888889,1.0,1.4765988094855294,0.699,1.4
ENSPD003205,Female,23.0,Mecanique,3,0.8973561430793159,7.0,0.6982182628062361,0.39299999999999996,0.902,1.0,0.3,5.9,Yes,No,Middle,2.0,Yes,Salle 11,212.0,0.6652777777777776,1.0,1.3488240323258347,0.6475,1.3
ENSPD003206,Female,17.0,Mecanique,2,0.7931570762052876,13.0,0.5089086859688196,0.516,0.897,0.0,2.2,16.0,Yes,No,Low,1.0,No,Salle 23,231.0,0.5611111111111111,1.0,1.4135220730417852,0.7065,2.2
ENSPD003207,Female,25.0,Telecom,5,0.9766718506998445,2.0,0.5623608017817372,0.88,0.635,1.0,1.0,9.6,Yes,No,Low,2.0,Yes,Salle 26,60.0,0.5930555555555557,1.0,1.646819380338055,0.7575000000000001,2.0
ENSPD003208,Female,21.0,GenieCivil,3,0.7900466562986003,14.0,0.7717149220489978,0.53,0.47600000000000003,0.0,8.6,40.1,Yes,No,Middle,0.0,Yes,Salle 3,185.0,0.45972222222222214,1.0,1.7184931099232654,0.503,8.6
ENSPD003209,Male,23.0,GenieCivil,4,0.9999999999999999,0.0,0.6113585746102449,0.27899999999999997,0.635,1.0,2.1,16.8,Yes,No,Low,1.0,No,Salle 18,173.0,0.3319444444444445,0.0,3.012461549275502,0.45699999999999996,3.1
ENSPD003210,Female,22.0,Energetique,1,0.41835147744945567,37.0,0.6124721603563474,0.579,0.507,1.0,5.0,32.7,No,No,Middle,1.0,Yes,Salle 17,83.0,0.4458333333333333,1.0,0.9383374072718871,0.5429999999999999,6.0
ENSPD003211,Male,20.0,Informatique,2,0.7853810264385693,14.0,0.6391982182628062,0.263,0.823,2.0,0.6,8.6,Yes,No,Middle,2.0,No,Salle 26,298.0,0.5013888888888889,1.0,1.5663796706430508,0.5429999999999999,2.6
ENSPD003212,Female,23.0,GenieCivil,4,0.7729393468118196,15.0,0.6124721603563474,0.43,0.965,1.0,0.8,20.5,No,No,Middle,0.0,Yes,Salle 22,173.0,0.6666666666666667,1.0,1.1593916293432893,0.6975,1.8
ENSPD003213,Male,21.0,Chimie,1,0.5458786936236392,29.0,0.5378619153674833,0.514,0.7090000000000001,1.0,0.9,9.2,Yes,No,Low,1.0,No,Salle 14,96.0,0.5222222222222221,1.0,1.0452796100952861,0.6115,1.9
ENSPD003214,Female,18.0,Informatique,3,0.8289269051321929,11.0,0.6102449888641426,0.647,0.589,1.0,3.6,19.9,Yes,Yes,Middle,1.0,Yes,Salle 29,263.0,0.49583333333333335,1.0,1.6717516388890163,0.618,4.6
ENSPD003215,Male,24.0,Electrique,3,0.44167962674961103,36.0,0.692650334075724,0.804,0.635,1.0,0.5,14.8,Yes,No,High,0.0,No,Salle 27,188.0,0.46805555555555556,1.0,0.9436277066475729,0.7195,1.5
ENSPD003216,Male,20.0,Mecanique,4,0.5972006220839813,26.0,0.5890868596881961,0.745,0.617,2.0,5.9,27.9,No,No,Low,0.0,Yes,Salle 11,178.0,0.5986111111111111,1.0,0.9976270649317843,0.681,7.9
ENSPD003217,Male,20.0,Telecom,2,0.34681181959564533,42.0,0.6804008908685969,0.408,0.6809999999999999,1.0,0.1,0.0,Yes,No,Low,1.0,No,Salle 21,161.0,0.48749999999999993,1.0,0.7113942680060827,0.5445,1.1
ENSPD003218,Male,21.0,Mecanique,1,0.9999999999999999,0.0,0.46993318485523383,0.5529999999999999,0.34700000000000003,2.0,4.4,18.2,No,Yes,Middle,1.0,Yes,Salle 7,186.0,0.28055555555555556,0.0,3.564229393803785,0.44999999999999996,6.4
ENSPD003219,Female,23.0,Mecanique,5,0.6765163297045101,21.0,0.5089086859688196,0.634,0.8240000000000001,1.0,1.4,13.4,No,No,Low,1.0,Yes,Salle 19,67.0,0.6111111111111112,1.0,1.1070086066483624,0.7290000000000001,2.4
ENSPD003220,Female,22.0,Electrique,3,0.9999999999999999,0.0,0.48775055679287305,0.573,0.555,3.0,1.5,13.0,No,No,Middle,1.0,No,Salle 4,188.0,0.4041666666666667,1.0,2.4741655876555626,0.5640000000000001,4.5
ENSPD003221,Male,23.0,Informatique,1,0.8693623639191289,8.0,0.5155902004454344,0.5720000000000001,0.635,1.0,11.9,48.9,Yes,Yes,Middle,0.0,No,Salle 11,248.0,0.5930555555555557,1.0,1.465879034409192,0.6035,12.9
ENSPD003222,Male,19.0,Mecanique,1,0.8040435458786938,13.0,0.8251670378619154,0.31,0.638,1.0,4.1,13.6,No,No,Low,1.0,No,Salle 11,186.0,0.44027777777777777,1.0,1.826177301438767,0.474,5.1
ENSPD003223,Male,21.0,GenieCivil,5,0.6111975116640745,25.0,0.7316258351893097,0.413,0.6990000000000001,1.0,4.7,22.3,No,No,Middle,1.0,Yes,Salle 1,70.0,0.44166666666666665,1.0,1.3838120910411265,0.556,5.7
ENSPD003224,Male,22.0,Mecanique,1,0.5241057542768274,31.0,0.4298440979955457,0.547,0.5,1.0,1.8,17.0,No,No,High,1.0,Yes,Salle 3,186.0,0.35416666666666674,0.0,1.4797862298763158,0.5235000000000001,2.8
ENSPD003225,Male,26.0,GenieCivil,3,0.8180404354587868,12.0,0.6837416481069042,0.063,0.5710000000000001,0.0,6.3,29.7,Yes,No,High,0.0,Yes,Salle 27,185.0,0.3916666666666666,1.0,2.0885605528168307,0.31700000000000006,6.3
ENSPD003226,Female,22.0,Electrique,2,0.7060653188180402,19.0,0.544543429844098,0.735,0.768,2.0,1.4,12.8,Yes,Yes,Middle,1.0,No,Salle 28,185.0,0.6180555555555556,1.0,1.142379335770273,0.7515000000000001,3.4
ENSPD003227,Male,24.0,Electrique,4,0.4696734059097979,34.0,0.4966592427616926,0.373,0.614,0.0,3.4,14.2,Yes,Yes,Middle,0.0,Yes,Salle 18,157.0,0.35,0.0,1.341885677294357,0.4935,3.4
ENSPD003228,Male,22.0,Electrique,4,0.43701399688958,36.0,0.3619153674832963,0.7440000000000001,0.419,0.0,2.6,14.1,Yes,No,Middle,1.0,No,Salle 6,157.0,0.3833333333333333,1.0,1.1400067743178353,0.5815,2.6
ENSPD003229,Male,21.0,Mecanique,3,0.541213063763608,30.0,0.7728285077951002,0.728,0.662,0.0,3.0,19.1,No,No,Middle,2.0,Yes,Salle 23,212.0,0.6888888888888889,1.0,0.7856204625856194,0.6950000000000001,3.0
ENSPD003230,Male,22.0,Informatique,1,0.9999999999999999,0.0,0.38195991091314035,0.522,0.7170000000000001,0.0,2.0,12.2,Yes,No,Middle,2.0,Yes,Salle 2,248.0,0.4916666666666667,1.0,2.0338569385029452,0.6195,2.0
ENSPD003231,Male,22.0,Chimie,4,0.9999999999999999,0.0,0.601336302895323,0.8,0.635,3.0,2.6,14.7,Yes,No,High,0.0,No,Salle 16,93.0,0.8236111111111111,1.0,1.2141505195889695,0.7175,5.6
ENSPD003232,Female,23.0,Telecom,2,0.7589424572317262,16.0,0.4521158129175946,0.7540000000000001,0.871,1.0,1.1,13.9,Yes,No,Middle,0.0,Yes,Salle 23,161.0,0.6777777777777778,1.0,1.1197346457323638,0.8125,2.1
ENSPD003233,Male,25.0,Mecanique,5,0.7480559875583203,16.0,0.7394209354120267,0.564,0.627,0.0,2.5,11.9,Yes,No,Middle,3.0,No,Salle 3,67.0,0.5972222222222222,1.0,1.2525378901608872,0.5954999999999999,2.5
ENSPD003234,Male,23.0,GenieCivil,3,0.6578538102643857,22.0,0.5545657015590201,0.544,0.531,3.0,0.6,9.3,No,No,Middle,1.0,No,Salle 6,185.0,0.41666666666666674,1.0,1.5788112531644494,0.5375000000000001,3.6
ENSPD003235,Male,24.0,GenieCivil,3,0.5458786936236392,29.0,0.5879732739420935,0.818,0.594,0.0,2.0,12.4,No,No,Middle,2.0,Yes,Salle 24,185.0,0.6194444444444444,1.0,0.8812249206044662,0.706,2.0
ENSPD003236,Male,20.0,GenieCivil,1,0.9766718506998445,2.0,0.5935412026726058,0.662,0.535,1.0,1.5,17.6,No,No,Low,0.0,Yes,Salle 15,149.0,0.5361111111111111,1.0,1.8217373471372766,0.5985,2.5
ENSPD003237,Male,21.0,Electrique,4,0.9999999999999999,0.0,0.6603563474387528,0.8079999999999999,0.741,2.0,4.6,26.9,Yes,No,Middle,1.0,No,Salle 18,157.0,0.6444444444444444,1.0,1.551700059826658,0.7745,6.6
ENSPD003238,Female,21.0,Informatique,2,0.5536547433903577,29.0,0.6124721603563474,0.19,0.848,0.0,1.4,19.1,Yes,Yes,Low,0.0,No,Salle 9,298.0,0.4916666666666667,1.0,1.1260545413795469,0.519,1.4
ENSPD003239,Female,23.0,Chimie,2,0.7045101088646967,19.0,0.6035634743875279,0.638,0.888,0.0,1.8,14.7,Yes,Yes,Low,1.0,Yes,Salle 14,119.0,0.7458333333333333,1.0,0.9445818945864816,0.763,1.8
ENSPD003240,Male,21.0,Informatique,1,0.6360808709175737,23.0,0.5233853006681515,0.336,0.5579999999999999,1.0,0.8,6.2,Yes,No,Middle,1.0,No,Salle 8,248.0,0.36249999999999993,0.0,1.7546574464637494,0.44699999999999995,1.8
ENSPD003241,Male,23.0,GenieCivil,1,0.6423017107309487,23.0,0.34743875278396436,0.615,0.538,3.0,4.0,26.7,Yes,No,High,2.0,No,Salle 1,149.0,0.36249999999999993,0.0,1.771817910487845,0.5765,7.0
ENSPD003242,Male,20.0,Telecom,1,0.9409020217729395,4.0,0.423162583518931,0.748,0.556,2.0,0.1,6.8,Yes,No,Middle,1.0,No,Salle 26,121.0,0.5791666666666667,1.0,1.6245509805982161,0.652,2.1
ENSPD003243,Male,22.0,GenieCivil,2,0.4758942457231726,34.0,0.6113585746102449,0.9329999999999999,0.254,0.0,4.6,24.3,Yes,No,Low,1.0,Yes,Salle 17,177.0,0.4833333333333333,1.0,0.9845884134600787,0.5934999999999999,4.6
ENSPD003244,Female,23.0,Informatique,4,0.8071539657853809,12.0,0.5590200445434298,0.616,0.399,0.0,2.1,10.2,Yes,No,High,1.0,Yes,Salle 11,230.0,0.3125,0.0,2.58281004059192,0.5075000000000001,2.1
ENSPD003245,Female,18.0,Energetique,2,0.8553654743390359,9.0,0.49888641425389757,0.525,0.633,1.0,0.4,11.5,Yes,No,Middle,0.0,Yes,Salle 26,71.0,0.4805555555555555,1.0,1.7799142374034582,0.579,1.4
ENSPD003246,Male,26.0,Telecom,4,0.6936236391912908,20.0,0.3752783964365256,0.603,0.716,0.0,4.7,22.1,Yes,No,Middle,1.0,Yes,Salle 4,121.0,0.5263888888888889,1.0,1.317676867926861,0.6595,4.7
ENSPD003247,Male,21.0,Chimie,1,0.8864696734059098,7.0,0.3229398663697105,0.445,0.738,2.0,0.8,6.1,Yes,No,Middle,0.0,No,Salle 8,96.0,0.4097222222222222,1.0,2.163534194596793,0.5915,2.8
ENSPD003248,Male,18.0,GenieCivil,3,0.7480559875583203,16.0,0.4933184855233853,0.7959999999999999,0.484,2.0,0.4,7.8,Yes,No,Middle,1.0,Yes,Salle 24,185.0,0.48611111111111116,1.0,1.538826375691673,0.6399999999999999,2.4
ENSPD003249,Female,22.0,Informatique,3,0.947122861586314,3.0,0.7583518930957683,0.616,0.542,1.0,0.8,5.7,No,No,Middle,1.0,Yes,Salle 23,263.0,0.5930555555555557,1.0,1.5969952271112664,0.579,1.8
ENSPD003250,Female,22.0,Energetique,5,0.4354587869362364,36.0,0.5167037861915368,0.642,0.5860000000000001,5.0,6.5,28.0,Yes,No,Low,0.0,Yes,Salle 14,40.0,0.44444444444444453,1.0,0.9797602260014466,0.6140000000000001,11.5
ENSPD003251,Male,22.0,GenieCivil,4,0.6547433903576981,22.0,0.6770601336302895,0.7320000000000001,0.564,0.0,2.8,12.5,Yes,Yes,Low,1.0,Yes,Salle 7,173.0,0.5777777777777777,1.0,1.1331901011750343,0.648,2.8
ENSPD003252,Male,24.0,Telecom,2,0.7060653188180402,19.0,0.5100222717149221,0.6070000000000001,0.778,4.0,5.0,29.1,No,No,Middle,0.0,Yes,Salle 27,161.0,0.5527777777777778,1.0,1.27728098775346,0.6925000000000001,9.0
ENSPD003253,Female,23.0,Mecanique,4,0.22083981337480552,50.0,0.7171492204899776,0.473,0.378,1.0,0.7,13.5,Yes,No,Middle,1.0,Yes,Salle 11,178.0,0.3569444444444444,0.0,0.6186778643939158,0.4255,1.7
ENSPD003254,Male,23.0,Mecanique,1,0.5178849144634526,31.0,0.5512249443207128,0.609,0.41000000000000003,2.0,0.2,13.4,Yes,No,Middle,0.0,Yes,Salle 19,186.0,0.3027777777777778,0.0,1.7103890991384039,0.5095000000000001,2.2
ENSPD003255,Male,23.0,Energetique,3,0.567651632970451,28.0,0.40423162583518935,0.466,0.58,1.0,1.7,15.5,Yes,No,Middle,2.0,Yes,Salle 2,104.0,0.31527777777777777,0.0,1.8004238444363205,0.523,2.7
ENSPD003256,Male,22.0,GenieCivil,1,0.8973561430793159,7.0,0.5657015590200446,0.639,0.36700000000000005,0.0,1.3,0.9,Yes,No,High,2.0,No,Salle 4,149.0,0.3555555555555555,0.0,2.5237431721338597,0.503,1.3
ENSPD003257,Female,26.0,Informatique,2,0.5878693623639192,26.0,0.9164810690423162,0.799,0.26,0.0,2.6,11.5,Yes,No,Middle,1.0,Yes,Salle 12,298.0,0.5222222222222221,1.0,1.1256857339487698,0.5295000000000001,2.6
ENSPD003258,Male,19.0,Informatique,2,0.567651632970451,28.0,0.9086859688195992,0.409,0.341,0.0,1.6,11.5,Yes,No,Middle,0.0,Yes,Salle 20,298.0,0.4208333333333333,1.0,1.3488431157369354,0.375,1.6
ENSPD003259,Male,22.0,GenieCivil,4,0.8724727838258165,8.0,0.6915367483296213,0.344,0.5910000000000001,1.0,1.0,18.6,Yes,No,Middle,2.0,Yes,Salle 23,173.0,0.4361111111111111,1.0,2.0005286641662607,0.4675,2.0
ENSPD003260,Female,22.0,Informatique,3,0.41835147744945567,37.0,0.5868596881959911,0.629,0.766,2.0,0.0,6.6,Yes,No,Middle,0.0,Yes,Salle 26,263.0,0.5125,1.0,0.8162796383474581,0.6975,2.0
ENSPD003261,Male,24.0,GenieCivil,4,0.33281493001555207,43.0,0.6614699331848551,0.48200000000000004,0.77,0.0,1.3,6.9,Yes,No,High,1.0,Yes,Salle 17,173.0,0.6111111111111112,1.0,0.5445973375235621,0.626,1.3
ENSPD003262,Male,20.0,GenieCivil,3,0.6531881804043546,22.0,0.6636971046770601,0.626,0.958,2.0,0.3,3.3,Yes,No,Middle,0.0,Yes,Salle 11,185.0,0.7291666666666667,1.0,0.8957886480245133,0.792,2.3
ENSPD003263,Male,19.0,Chimie,1,0.44945567651632967,35.0,0.6035634743875279,0.6779999999999999,0.66,1.0,5.1,18.4,Yes,No,Low,2.0,Yes,Salle 19,96.0,0.5944444444444444,1.0,0.756080942310684,0.669,6.1
ENSPD003264,Male,22.0,Mecanique,4,0.457231726283048,35.0,0.6837416481069042,0.23399999999999999,0.687,1.0,5.1,25.1,Yes,Yes,Low,2.0,Yes,Salle 25,178.0,0.4638888888888889,1.0,0.9856279832404646,0.4605,6.1
ENSPD003265,Female,23.0,Energetique,4,0.8273716951788491,11.0,0.6447661469933185,0.7440000000000001,0.59,0.0,3.3,11.9,No,No,Middle,1.0,Yes,Salle 30,70.0,0.5277777777777778,1.0,1.567621930660186,0.667,3.3
ENSPD003266,Male,25.0,Informatique,4,0.8833592534992224,8.0,0.5579064587973274,0.409,0.6,1.0,0.3,0.0,Yes,No,Middle,2.0,Yes,Salle 18,230.0,0.4,1.0,2.2083429251749265,0.5045,1.3
ENSPD003267,Male,19.0,Electrique,3,0.8678071539657853,8.0,0.41091314031180404,0.616,1.0,2.0,0.3,2.5,Yes,Yes,Low,1.0,Yes,Salle 20,188.0,0.7416666666666665,1.0,1.1700612854196828,0.808,2.3
ENSPD003268,Male,24.0,Informatique,4,0.926905132192846,5.0,0.5334075723830736,0.501,0.6920000000000001,0.0,1.7,11.5,No,No,Middle,2.0,Yes,Salle 18,230.0,0.5083333333333333,1.0,1.8233840623322415,0.5965,1.7
ENSPD003269,Female,27.0,Chimie,4,0.9517884914463454,3.0,0.7438752783964365,0.521,0.71,2.0,2.6,15.7,Yes,No,Middle,1.0,Yes,Salle 30,93.0,0.6180555555555556,1.0,1.539947474650677,0.6154999999999999,4.6
ENSPD003270,Female,21.0,Energetique,1,0.32348367029548986,44.0,0.6046770601336303,0.925,0.41100000000000003,2.0,4.7,25.4,No,No,Low,1.0,No,Salle 23,83.0,0.523611111111111,1.0,0.617781948495288,0.668,6.7
ENSPD003271,Male,19.0,Telecom,1,0.7231726283048211,13.0,0.6603563474387528,0.677,0.7220000000000001,2.0,4.5,23.0,Yes,No,Low,0.0,Yes,Salle 1,121.0,0.6527777777777778,1.0,1.1078219490668892,0.6995,6.5
ENSPD003272,Male,21.0,Electrique,1,0.6205287713841366,24.0,0.5634743875278396,0.783,0.772,0.0,0.3,5.8,Yes,No,Middle,1.0,No,Salle 21,143.0,0.6444444444444444,1.0,0.9628745316809275,0.7775000000000001,0.3
ENSPD003273,Female,22.0,GenieCivil,2,0.5800933125972006,27.0,0.4331848552338531,0.647,0.8620000000000001,2.0,10.8,49.8,Yes,No,Middle,1.0,Yes,Salle 13,177.0,0.5611111111111111,1.0,1.033811241656051,0.7545000000000001,12.8
ENSPD003274,Male,23.0,Telecom,3,0.8242612752721618,11.0,0.5701559020044543,0.7320000000000001,0.766,1.0,0.3,10.8,Yes,No,Middle,0.0,Yes,Salle 25,154.0,0.6263888888888889,1.0,1.3158728246377365,0.7490000000000001,1.3
ENSPD003275,Female,21.0,Energetique,5,0.3965785381026439,39.0,0.4398663697104678,0.6950000000000001,0.615,1.0,3.7,15.8,Yes,No,Middle,5.0,No,Salle 9,40.0,0.4930555555555556,1.0,0.8043119898241601,0.655,4.7
ENSPD003276,Female,25.0,Energetique,2,0.3934681181959564,39.0,0.42873051224944325,0.6659999999999999,0.606,2.0,1.8,13.5,Yes,No,Middle,0.0,Yes,Salle 20,71.0,0.39861111111111114,1.0,0.9870729553164121,0.6359999999999999,3.8
ENSPD003277,Female,20.0,Mecanique,4,0.838258164852255,10.0,0.8118040089086859,0.8190000000000001,0.626,0.0,2.3,14.3,No,Yes,High,0.0,Yes,Salle 3,178.0,0.65,1.0,1.2896081058018416,0.7225,2.3
ENSPD003278,Male,19.0,Energetique,3,0.8118195956454123,12.0,0.5400890868596883,0.648,0.6609999999999999,2.0,1.9,14.2,Yes,No,Middle,0.0,Yes,Salle 15,104.0,0.5291666666666666,1.0,1.5341182761498917,0.6545,3.9
ENSPD003279,Male,24.0,Informatique,1,0.7449455676516329,16.0,0.4866369710467706,1.0,0.8940000000000001,1.0,4.1,20.6,No,Yes,High,1.0,Yes,Salle 30,248.0,0.7625,1.0,0.9769649809859975,0.9470000000000001,5.1
ENSPD003280,Female,17.0,Mecanique,1,0.7231726283048211,29.0,0.8808463251670379,0.793,0.855,1.0,2.0,9.4,No,No,Middle,3.0,Yes,Salle 4,186.0,0.8222222222222222,1.0,0.8795235807596111,0.8240000000000001,3.0
ENSPD003281,Male,22.0,Informatique,3,0.8584758942457232,9.0,0.6113585746102449,0.41500000000000004,0.7909999999999999,1.0,3.8,19.6,Yes,No,Middle,0.0,No,Salle 11,263.0,0.6875,1.0,1.2486740472803644,0.603,4.8
ENSPD003282,Male,28.0,Mecanique,3,0.8475894245723173,10.0,0.5478841870824054,0.588,1.0,1.0,0.3,3.3,Yes,No,Middle,1.0,No,Salle 4,212.0,0.7375,1.0,1.1492582128680524,0.794,1.3
ENSPD003283,Female,22.0,Chimie,5,0.7356143079315708,17.0,0.6815144766146994,0.691,0.109,2.0,4.0,17.0,No,Yes,Middle,2.0,Yes,Salle 10,48.0,0.29861111111111116,0.0,2.4633700718428537,0.39999999999999997,6.0
ENSPD003284,Female,20.0,Telecom,2,0.500777604976672,32.0,0.5712694877505569,0.628,0.5479999999999999,2.0,9.9,49.3,No,No,Middle,1.0,Yes,Salle 11,161.0,0.35,0.0,1.430752278439679,0.588,11.9
ENSPD003285,Male,22.0,Chimie,4,0.6407465007776051,23.0,0.49443207126948774,0.7440000000000001,0.638,4.0,2.2,14.4,Yes,No,Middle,0.0,No,Salle 28,93.0,0.5375,1.0,1.1920643351334954,0.6910000000000001,6.2
ENSPD003286,Male,22.0,Electrique,2,0.8771384136858474,8.0,0.6893095768374164,0.763,0.506,1.0,7.5,27.1,Yes,No,Middle,1.0,Yes,Salle 7,185.0,0.5375,1.0,1.6318550607167264,0.6345000000000001,8.5
ENSPD003287,Male,22.0,GenieCivil,3,0.9673405909797824,2.0,0.5556792873051225,0.375,0.454,0.0,0.5,0.0,Yes,No,Middle,0.0,Yes,Salle 17,185.0,0.3736111111111111,1.0,2.589095107883519,0.4145,0.5
ENSPD003288,Male,23.0,Electrique,3,0.6594090202177293,22.0,0.6224944320712694,0.851,0.297,1.0,3.5,18.4,Yes,No,Middle,3.0,Yes,Salle 24,188.0,0.4125,1.0,1.5985285695322036,0.574,4.5
ENSPD003289,Female,20.0,Mecanique,1,0.6734059097978228,21.0,0.7806236080178174,0.531,0.578,1.0,0.4,4.1,Yes,No,Middle,4.0,Yes,Salle 28,186.0,0.4888888888888888,1.0,1.377393005184077,0.5545,1.4
ENSPD003290,Male,25.0,Telecom,1,0.6905132192846034,20.0,0.7628062360801782,0.616,0.8190000000000001,4.0,1.5,11.1,Yes,No,Middle,0.0,Yes,Salle 30,121.0,0.6722222222222222,1.0,1.0271944671172548,0.7175,5.5
ENSPD003291,Male,22.0,Electrique,1,0.7713841368584758,15.0,0.5178173719376392,0.512,0.795,0.0,2.2,14.8,Yes,No,Low,0.0,Yes,Salle 16,143.0,0.5333333333333333,1.0,1.4463181381445522,0.6535,2.2
ENSPD003292,Female,23.0,Electrique,2,0.6111975116640745,25.0,0.6915367483296213,0.766,0.49,2.0,1.4,13.7,Yes,No,Middle,0.0,No,Salle 22,185.0,0.5291666666666666,1.0,1.1549970929634237,0.628,3.4
ENSPD003293,Male,21.0,GenieCivil,4,0.1804043545878693,53.0,0.42204899777282856,0.5720000000000001,0.684,2.0,2.2,10.7,Yes,No,Middle,0.0,Yes,Salle 2,173.0,0.4027777777777778,1.0,0.44788934655162316,0.6280000000000001,4.2
ENSPD003294,Male,25.0,Telecom,1,0.942457231726283,4.0,0.6859688195991092,0.501,0.912,2.0,0.8,12.1,No,No,High,0.0,Yes,Salle 16,121.0,0.7194444444444443,1.0,1.3099609558379188,0.7065,2.8
ENSPD003295,Female,21.0,Mecanique,3,0.9999999999999999,0.0,0.6347438752783965,0.544,0.336,2.0,7.3,29.5,Yes,No,High,2.0,Yes,Salle 14,212.0,0.33611111111111114,0.0,2.975118095659963,0.44000000000000006,9.3
ENSPD003296,Male,23.0,Mecanique,2,0.6065318818040436,25.0,0.6737193763919822,0.297,0.608,0.0,1.4,9.9,Yes,No,Middle,0.0,Yes,Salle 30,231.0,0.4180555555555555,1.0,1.4508056780665426,0.4525,1.4
ENSPD003297,Female,20.0,Chimie,4,0.52099533437014,31.0,0.5601336302895323,0.46799999999999997,0.6970000000000001,1.0,1.9,14.9,No,No,Middle,1.0,Yes,Salle 23,93.0,0.4013888888888889,1.0,1.2979491194215949,0.5825,2.9
ENSPD003298,Male,20.0,GenieCivil,4,0.6951788491446346,20.0,0.9587973273942094,0.397,0.642,1.0,4.0,18.4,No,No,Middle,1.0,Yes,Salle 25,173.0,0.5444444444444444,1.0,1.2768356585902936,0.5195000000000001,5.0
ENSPD003299,Male,23.0,Telecom,4,0.6842923794712287,20.0,0.6113585746102449,0.5720000000000001,0.81,1.0,4.4,24.4,No,No,Middle,0.0,Yes,Salle 23,121.0,0.5805555555555555,1.0,1.1786651359576694,0.6910000000000001,5.4
ENSPD003300,Female,21.0,Mecanique,3,0.9051321928460342,6.0,0.7728285077951002,0.74,0.34,3.0,2.5,13.6,Yes,No,Middle,1.0,Yes,Salle 19,212.0,0.525,1.0,1.7240284810689972,0.54,5.5
ENSPD003301,Male,20.0,Mecanique,2,0.7309486780715396,17.0,0.4376391982182628,0.616,0.439,2.0,1.7,17.3,Yes,No,Low,1.0,No,Salle 1,231.0,0.3902777777777777,1.0,1.8728454225069984,0.5275,3.7
ENSPD003302,Other,21.0,Telecom,4,0.5723172628304821,28.0,0.6948775055679287,0.846,0.7759999999999999,1.0,1.2,7.3,Yes,Yes,High,0.0,Yes,Salle 28,121.0,0.7444444444444445,1.0,0.768774056090939,0.8109999999999999,2.2
ENSPD003303,Male,23.0,GenieCivil,1,0.47433903576982883,34.0,0.7060133630289532,0.8059999999999999,0.3,3.0,1.2,13.0,No,No,Middle,1.0,Yes,Salle 10,149.0,0.45972222222222214,1.0,1.03177243804448,0.5529999999999999,4.2
ENSPD003304,Male,21.0,GenieCivil,2,0.8818040435458788,8.0,0.6191536748329621,0.525,0.802,1.0,1.1,4.3,Yes,No,Middle,1.0,No,Salle 4,177.0,0.6194444444444444,1.0,1.4235171794379842,0.6635,2.1
ENSPD003305,Male,22.0,Mecanique,1,0.8320373250388803,11.0,0.5278396436525613,0.623,0.73,2.0,1.4,16.0,No,No,Low,1.0,Yes,Salle 8,186.0,0.5375,1.0,1.547947619651505,0.6765,3.4
ENSPD003306,Male,22.0,Mecanique,3,0.9175738724727839,5.0,0.6336302895322939,0.616,0.788,2.0,2.6,16.6,Yes,No,Middle,1.0,Yes,Salle 4,212.0,0.6097222222222222,1.0,1.5048800752707576,0.702,4.6
ENSPD003307,Male,18.0,Electrique,3,0.5396578538102644,30.0,0.6547884187082406,0.233,0.546,1.0,1.4,13.1,Yes,No,High,1.0,Yes,Salle 29,188.0,0.31944444444444453,0.0,1.6893108335016915,0.3895,2.4
ENSPD003308,Male,19.0,Informatique,3,0.9999999999999999,0.0,0.9086859688195992,0.401,0.742,2.0,2.7,11.5,Yes,No,Middle,4.0,Yes,Salle 10,263.0,0.623611111111111,1.0,1.6035377606417003,0.5715,4.7
ENSPD003309,Male,23.0,Telecom,2,0.3950233281493002,39.0,0.46436525612472157,0.59,0.406,2.0,1.5,9.8,Yes,No,Middle,2.0,Yes,Salle 22,161.0,0.31944444444444453,0.0,1.236556056799509,0.498,3.5
ENSPD003310,Male,21.0,Chimie,1,0.8522550544323483,10.0,0.5178173719376392,0.589,0.635,3.0,0.2,0.0,No,No,Middle,0.0,No,Salle 17,96.0,0.47777777777777775,1.0,1.783752314461124,0.612,3.2
ENSPD003311,Female,24.0,Informatique,5,0.3639191290824261,41.0,0.6581291759465479,0.7120000000000001,0.647,1.0,3.8,14.8,Yes,No,Low,1.0,Yes,Salle 13,109.0,0.5611111111111111,1.0,0.6485571864544661,0.6795,4.8
ENSPD003312,Female,24.0,Electrique,3,0.5723172628304821,28.0,0.5679287305122495,0.703,0.46,0.0,4.1,13.1,Yes,No,Middle,0.0,Yes,Salle 16,188.0,0.4375,1.0,1.3081238436389617,0.5815,4.1
ENSPD003313,Male,23.0,Electrique,2,0.7231726283048211,0.0,0.6113585746102449,0.30100000000000005,0.684,1.0,0.6,11.5,Yes,No,Middle,1.0,Yes,Salle 26,185.0,0.4541666666666666,1.0,1.5922716453321861,0.49250000000000005,1.6
ENSPD003314,Male,26.0,Informatique,3,0.8755832037325039,8.0,0.7895322939866369,0.713,0.41100000000000003,0.0,3.1,21.9,Yes,Yes,Middle,3.0,No,Salle 6,263.0,0.6180555555555556,1.0,1.4166510265168806,0.562,3.1
ENSPD003315,Male,22.0,Mecanique,1,0.6174183514774495,25.0,0.13919821826280626,0.652,0.6940000000000001,1.0,1.4,7.6,Yes,No,Middle,2.0,Yes,Salle 1,186.0,0.38888888888888895,1.0,1.587606365349761,0.673,2.4
ENSPD003316,Female,23.0,GenieCivil,1,0.6236391912908242,24.0,0.5100222717149221,0.7320000000000001,0.988,2.0,0.3,4.6,Yes,No,Low,1.0,Yes,Salle 17,149.0,0.7027777777777777,1.0,0.8873791079047759,0.8600000000000001,2.3
ENSPD003317,Male,21.0,Electrique,2,0.7387247278382582,17.0,0.3195991091314031,0.812,0.389,0.0,1.4,6.6,Yes,No,Middle,2.0,Yes,Salle 11,185.0,0.38888888888888895,1.0,1.8995290265519806,0.6005,1.4
ENSPD003318,Male,27.0,Electrique,2,0.8164852255054432,12.0,0.41091314031180404,0.594,0.635,3.0,1.4,6.8,Yes,No,High,1.0,Yes,Salle 19,185.0,0.46805555555555556,1.0,1.7443822041900563,0.6145,4.4
ENSPD003319,Female,26.0,GenieCivil,2,0.9533437013996889,3.0,1.0,0.8440000000000001,0.316,2.0,3.1,18.1,No,No,Middle,2.0,Yes,Salle 26,177.0,0.638888888888889,1.0,1.4921667856672156,0.5800000000000001,5.1
ENSPD003320,Female,22.0,Chimie,4,0.6345256609642301,24.0,0.7104677060133631,0.46,0.473,2.0,0.4,4.9,Yes,Yes,Middle,0.0,Yes,Salle 30,93.0,0.4555555555555555,1.0,1.3928306326636908,0.4665,2.4
ENSPD003321,Male,23.0,Chimie,3,0.41990668740279935,37.0,0.7694877505567929,0.45,0.78,2.0,0.4,2.7,No,No,Middle,1.0,No,Salle 26,130.0,0.49722222222222223,1.0,0.8444880855189938,0.615,2.4
ENSPD003322,Male,25.0,Electrique,3,0.749611197511664,16.0,0.5968819599109131,0.6970000000000001,0.554,2.0,0.5,9.5,No,No,Low,1.0,Yes,Salle 4,188.0,0.6166666666666666,1.0,1.2155660138132856,0.6255000000000001,2.5
ENSPD003323,Female,22.0,Chimie,3,0.6345256609642301,24.0,0.7371937639198219,0.554,0.788,1.0,0.5,11.4,No,Yes,High,0.0,Yes,Salle 2,130.0,0.6527777777777778,1.0,0.9720244198264318,0.671,1.5
ENSPD003324,Female,21.0,Mecanique,5,0.4774494556765164,34.0,0.3151447661469933,0.667,0.711,0.0,2.2,17.0,Yes,No,Low,2.0,Yes,Salle 6,67.0,0.49444444444444435,1.0,0.965608583441829,0.6890000000000001,2.2
ENSPD003325,Female,24.0,Telecom,1,0.7760497667185068,14.0,0.7839643652561247,0.9790000000000001,0.627,1.0,2.0,8.4,Yes,No,Middle,1.0,Yes,Salle 26,121.0,0.7472222222222222,1.0,1.0385657144315632,0.803,3.0
ENSPD003326,Female,22.0,Electrique,4,0.6796267496111975,21.0,0.47327394209354123,0.691,0.434,1.0,0.3,0.0,Yes,Yes,Middle,2.0,Yes,Salle 15,157.0,0.38750000000000007,1.0,1.753830222732826,0.5625,1.3
ENSPD003327,Female,22.0,Telecom,3,0.7776049766718508,14.0,0.5211581291759466,0.658,0.777,1.0,2.6,14.4,Yes,No,Middle,1.0,Yes,Salle 30,154.0,0.6194444444444444,1.0,1.255306154707217,0.7175,3.6
ENSPD003328,Male,20.0,GenieCivil,1,0.5536547433903577,29.0,0.6948775055679287,0.46399999999999997,0.701,0.0,0.9,14.1,Yes,No,Middle,1.0,Yes,Salle 27,149.0,0.5013888888888889,1.0,1.104220124255299,0.5825,0.9
ENSPD003329,Male,19.0,Informatique,2,0.8102643856920683,12.0,0.6625835189309577,0.314,0.334,0.0,1.2,11.5,Yes,No,Middle,0.0,Yes,Salle 5,298.0,0.2763888888888889,0.0,2.931503773221718,0.324,1.2
ENSPD003330,Female,22.0,GenieCivil,3,0.47433903576982883,34.0,0.6247216035634744,0.6070000000000001,0.44700000000000006,1.0,0.3,4.6,No,No,Middle,2.0,Yes,Salle 8,185.0,0.3597222222222223,0.0,1.318589235180631,0.5270000000000001,1.3
ENSPD003331,Female,24.0,Mecanique,3,0.5660964230171072,28.0,0.6113585746102449,0.616,0.086,0.0,2.5,21.4,Yes,No,Low,1.0,Yes,Salle 11,212.0,0.18333333333333335,0.0,3.0876302548066854,0.351,2.5
ENSPD003332,Female,22.0,Electrique,2,0.6749611197511663,21.0,0.6269487750556793,0.616,0.36700000000000005,0.0,0.9,12.5,Yes,No,Low,1.0,Yes,Salle 18,185.0,0.4375,1.0,1.542733011248123,0.49150000000000005,0.9
ENSPD003333,Male,25.0,GenieCivil,3,0.9999999999999999,0.0,0.7706013363028954,0.6920000000000001,0.5770000000000001,0.0,2.0,13.9,Yes,No,Middle,0.0,Yes,Salle 7,185.0,0.6430555555555555,1.0,1.5550514117275067,0.6345000000000001,2.0
ENSPD003334,Male,21.0,Telecom,3,0.8662519440124418,9.0,0.5211581291759466,0.877,0.429,1.0,1.1,4.6,Yes,No,Middle,0.0,Yes,Salle 30,154.0,0.5180555555555555,1.0,1.67208943872654,0.653,2.1
ENSPD003335,Female,20.0,Electrique,2,0.9206842923794712,5.0,0.8296213808463252,0.872,0.474,0.0,0.1,11.4,No,No,Middle,0.0,No,Salle 20,185.0,0.6097222222222222,1.0,1.5099813636615058,0.673,0.1
ENSPD003336,Female,22.0,Electrique,4,0.984447900466563,1.0,0.46436525612472157,0.6970000000000001,0.918,1.0,2.4,13.9,Yes,No,Middle,1.0,Yes,Salle 16,157.0,0.7416666666666665,1.0,1.3273275872234038,0.8075000000000001,3.4
ENSPD003337,Female,22.0,Informatique,4,0.9999999999999999,0.0,0.6113585746102449,0.6509999999999999,0.846,0.0,1.6,2.4,No,No,Low,3.0,No,Salle 15,230.0,0.6347222222222223,1.0,1.5754675199865558,0.7484999999999999,1.6
ENSPD003338,Female,24.0,Energetique,3,0.7278382581648523,18.0,0.8663697104677061,0.34700000000000003,0.501,1.0,1.1,15.2,Yes,No,Middle,2.0,Yes,Salle 26,104.0,0.39722222222222214,1.0,1.8322739633082443,0.42400000000000004,2.1
ENSPD003339,Female,20.0,Telecom,5,0.984447900466563,1.0,0.4966592427616926,0.616,0.799,0.0,0.5,2.9,No,Yes,Middle,0.0,No,Salle 4,60.0,0.5222222222222221,1.0,1.8850769036761146,0.7075,0.5
ENSPD003340,Female,25.0,Chimie,1,0.9097978227060654,6.0,0.7861915367483296,0.569,0.883,1.0,2.0,25.7,Yes,No,Middle,1.0,Yes,Salle 27,96.0,0.7305555555555554,1.0,1.2453335854497187,0.726,3.0
ENSPD003341,Female,26.0,Mecanique,1,0.906687402799378,6.0,0.9398663697104677,0.467,0.7640000000000001,0.0,0.6,6.7,No,No,Middle,1.0,No,Salle 4,186.0,0.6930555555555555,1.0,1.3082274765084596,0.6155,0.6
ENSPD003342,Male,22.0,GenieCivil,2,0.9999999999999999,0.0,0.6391982182628062,0.665,0.635,1.0,1.1,11.1,Yes,No,Low,0.0,Yes,Salle 2,177.0,0.6347222222222223,1.0,1.5754675199865558,0.65,2.1
ENSPD003343,Female,24.0,Informatique,3,0.6423017107309487,23.0,0.522271714922049,0.9640000000000001,0.86,0.0,0.1,5.8,Yes,No,Low,2.0,Yes,Salle 19,263.0,0.726388888888889,1.0,0.8842272758889037,0.912,0.1
ENSPD003344,Male,20.0,GenieCivil,3,0.6267496111975116,24.0,0.48106904231625836,0.893,0.794,0.0,3.0,15.9,Yes,No,Middle,1.0,Yes,Salle 8,185.0,0.7,1.0,0.8953437967993482,0.8435,3.0
ENSPD003345,Male,24.0,Informatique,3,0.7791601866251944,14.0,0.8285077951002227,0.664,0.397,0.0,0.2,9.0,Yes,Yes,Low,1.0,No,Salle 14,263.0,0.6361111111111111,1.0,1.2248613872667067,0.5305,0.2
ENSPD003346,Female,24.0,Electrique,1,0.6858475894245722,20.0,0.8240534521158129,0.76,0.6020000000000001,1.0,4.4,23.4,Yes,No,Middle,1.0,Yes,Salle 16,143.0,0.5430555555555555,1.0,1.26291859685881,0.681,5.4
ENSPD003347,Male,24.0,Electrique,1,0.7791601866251944,14.0,0.8518930957683742,0.489,0.635,0.0,4.0,21.2,No,Yes,Low,1.0,Yes,Salle 26,143.0,0.4986111111111111,1.0,1.5626297588743066,0.562,4.0
ENSPD003348,Male,22.0,Mecanique,4,0.9999999999999999,0.0,0.6046770601336303,0.8840000000000001,0.87,1.0,7.1,29.3,No,No,Middle,0.0,No,Salle 21,178.0,0.75,1.0,1.3333155557925893,0.877,8.1
ENSPD003349,Male,17.0,GenieCivil,4,0.6314152410575428,24.0,0.7839643652561247,0.33899999999999997,0.524,0.0,4.8,23.6,Yes,Yes,Low,1.0,Yes,Salle 10,173.0,0.3763888888888889,1.0,1.6775162193529574,0.4315,4.8
ENSPD003350,Male,21.0,Telecom,3,0.6625194401244167,22.0,0.6024498886414253,0.784,0.49,0.0,7.1,28.7,Yes,No,High,0.0,No,Salle 21,154.0,0.4805555555555555,1.0,1.3786244820615872,0.637,7.1
ENSPD003351,Male,21.0,Informatique,3,0.7527216174183514,16.0,0.46325167037861914,0.7090000000000001,0.635,0.0,4.4,24.2,Yes,Yes,Low,2.0,No,Salle 21,263.0,0.5652777777777778,1.0,1.3315724256013484,0.672,4.4
ENSPD003352,Male,20.0,Chimie,3,0.6780715396578537,21.0,0.7984409799554566,0.484,0.6920000000000001,0.0,0.2,7.2,Yes,No,Middle,2.0,Yes,Salle 23,130.0,0.5402777777777777,1.0,1.2550192092939534,0.5880000000000001,0.2
ENSPD003353,Female,22.0,Informatique,1,0.3623639191290824,41.0,0.8830734966592427,0.5820000000000001,1.0,3.0,1.2,10.5,Yes,No,Middle,0.0,Yes,Salle 25,248.0,0.7847222222222223,1.0,0.4617676053914699,0.791,4.2
ENSPD003354,Male,21.0,Informatique,2,0.6111975116640745,25.0,0.4398663697104678,0.41600000000000004,0.46799999999999997,1.0,1.4,10.8,No,No,Middle,1.0,Yes,Salle 17,298.0,0.3208333333333333,0.0,1.9049718294413927,0.442,2.4
ENSPD003355,Male,20.0,Informatique,3,0.8475894245723173,10.0,0.4365256124721604,0.424,0.536,2.0,1.6,14.6,No,No,Low,2.0,Yes,Salle 18,263.0,0.2763888888888889,0.0,3.0665442541378827,0.48,3.6
ENSPD003356,Male,20.0,Chimie,3,0.989113530326594,1.0,0.6169265033407572,0.334,0.8640000000000001,0.0,1.5,19.3,Yes,Yes,Low,1.0,Yes,Salle 24,130.0,0.6402777777777777,1.0,1.5447952696512066,0.5990000000000001,1.5
ENSPD003357,Female,21.0,GenieCivil,1,0.5038880248833592,32.0,0.7694877505567929,0.758,0.635,1.0,5.1,29.3,No,Yes,Middle,1.0,No,Salle 8,149.0,0.4097222222222222,1.0,1.2297983842971243,0.6965,6.1
ENSPD003358,Male,24.0,Telecom,5,0.5038880248833592,32.0,0.42093541202672613,0.8370000000000001,0.904,2.0,7.0,33.6,No,No,Middle,2.0,No,Salle 29,60.0,0.5986111111111111,1.0,0.841747836036193,0.8705,9.0
ENSPD003359,Female,21.0,GenieCivil,4,0.7231726283048211,18.0,0.6481069042316259,0.231,0.399,0.0,0.6,6.2,No,No,Middle,1.0,Yes,Salle 11,173.0,0.28055555555555556,0.0,2.5775531385983825,0.315,0.6
ENSPD003360,Female,21.0,Informatique,2,0.33281493001555207,43.0,0.5111358574610245,0.951,0.762,1.0,1.7,6.2,Yes,No,Middle,0.0,No,Salle 27,298.0,0.7375,1.0,0.4512683624839691,0.8565,2.7
ENSPD003361,Female,21.0,Chimie,3,0.6376360808709175,23.0,0.7271714922048997,0.616,0.271,2.0,1.2,15.3,Yes,Yes,Middle,0.0,No,Salle 4,130.0,0.4125,1.0,1.5457469658212346,0.4435,3.2
ENSPD003362,Male,23.0,Informatique,5,0.3965785381026439,39.0,0.4766146993318485,0.672,0.649,1.0,1.6,13.7,Yes,No,Middle,1.0,Yes,Salle 28,109.0,0.45972222222222214,1.0,0.8626294154142377,0.6605000000000001,2.6
ENSPD003363,Female,23.0,Chimie,1,0.975116640746501,2.0,0.7394209354120267,0.355,0.36600000000000005,3.0,1.5,9.2,Yes,No,Low,1.0,Yes,Salle 19,96.0,0.3944444444444445,1.0,2.472064022804635,0.36050000000000004,4.5
ENSPD003364,Male,17.0,Informatique,3,0.5769828926905131,27.0,0.5835189309576838,0.858,1.0,0.0,4.9,25.8,Yes,Yes,High,3.0,Yes,Salle 17,263.0,0.7944444444444445,1.0,0.7262630308450128,0.929,4.9
ENSPD003365,Female,24.0,Mecanique,2,0.9999999999999999,0.0,0.45322939866369716,0.6559999999999999,0.42600000000000005,1.0,4.5,23.5,No,No,Middle,4.0,Yes,Salle 29,231.0,0.3388888888888889,0.0,2.950732601333075,0.5409999999999999,5.5
ENSPD003366,Female,25.0,Chimie,2,0.9284603421461898,5.0,0.6213808463251671,0.8250000000000001,0.474,2.0,0.3,5.8,No,No,Middle,0.0,No,Salle 2,119.0,0.4722222222222222,1.0,1.9661096775164075,0.6495,2.3
ENSPD003367,Male,20.0,Energetique,4,0.5987558320373251,26.0,0.28619153674832964,0.616,0.747,0.0,0.8,11.5,Yes,No,Middle,0.0,Yes,Salle 3,70.0,0.6222222222222222,1.0,0.9622706935666974,0.6815,0.8
ENSPD003368,Male,20.0,Mecanique,2,0.5194401244167962,31.0,0.5167037861915368,0.86,0.52,2.0,2.8,10.0,Yes,No,Middle,1.0,Yes,Salle 19,231.0,0.46805555555555556,1.0,1.1097593451418641,0.69,4.8
ENSPD003369,Male,21.0,Telecom,1,0.6842923794712287,20.0,0.6670378619153674,0.503,0.78,1.0,2.3,17.6,Yes,No,Middle,1.0,No,Salle 17,121.0,0.5375,1.0,1.2730784161619855,0.6415,3.3
ENSPD003370,Female,20.0,Informatique,1,0.6998444790046657,19.0,0.3140311804008909,0.583,0.498,1.0,2.0,18.3,No,Yes,Middle,0.0,Yes,Salle 20,248.0,0.3291666666666666,0.0,2.1260452209188556,0.5405,3.0
ENSPD003371,Male,22.0,Chimie,1,0.7853810264385693,14.0,0.1804008908685969,0.51,0.48200000000000004,0.0,1.4,41.4,Yes,No,Low,1.0,Yes,Salle 16,96.0,0.1972222222222222,0.0,3.982011750360334,0.496,1.4
ENSPD003372,Female,18.0,Electrique,2,0.5754276827371695,27.0,0.21937639198218262,0.7809999999999999,0.634,2.0,0.8,0.4,Yes,No,Middle,2.0,Yes,Salle 5,185.0,0.5,1.0,1.1508323488273626,0.7075,2.8
ENSPD003373,Male,20.0,Informatique,4,0.8600311041990668,9.0,0.8318485523385302,0.68,0.397,2.0,1.4,12.5,Yes,No,High,0.0,Yes,Salle 2,230.0,0.5041666666666667,1.0,1.7058129839389637,0.5385,3.4
ENSPD003374,Female,25.0,Mecanique,1,0.7698289269051323,15.0,0.5968819599109131,0.812,0.7190000000000001,3.0,7.7,39.7,No,No,Middle,0.0,No,Salle 24,186.0,0.6652777777777776,1.0,1.1571367348375878,0.7655000000000001,10.7
ENSPD003375,Female,20.0,Informatique,3,0.6562986003110421,22.0,0.5211581291759466,0.8200000000000001,0.8150000000000001,0.0,2.4,11.1,Yes,No,Low,0.0,Yes,Salle 7,263.0,0.6625000000000001,1.0,0.9906244438741183,0.8175000000000001,2.4
ENSPD003376,Female,24.0,Mecanique,3,0.5878693623639192,26.0,0.7683741648106904,0.309,0.751,1.0,2.1,7.8,No,No,Middle,1.0,Yes,Salle 7,212.0,0.5611111111111111,1.0,1.0476693011956764,0.53,3.1
ENSPD003377,Female,23.0,Informatique,2,0.6858475894245722,20.0,0.5423162583518931,0.863,0.7690000000000001,2.0,0.3,0.0,Yes,Yes,High,5.0,No,Salle 9,298.0,0.6402777777777777,1.0,1.0711552105600348,0.8160000000000001,2.3
ENSPD003378,Male,18.0,Electrique,3,0.567651632970451,28.0,0.6547884187082406,0.7909999999999999,0.255,1.0,0.6,11.7,No,No,Low,4.0,Yes,Salle 14,188.0,0.4291666666666667,1.0,1.3226525975405254,0.5229999999999999,1.6
ENSPD003379,Male,23.0,Energetique,3,0.7309486780715396,17.0,0.6146993318485524,0.554,0.5479999999999999,1.0,0.9,8.2,Yes,No,Middle,0.0,Yes,Salle 16,104.0,0.5027777777777778,1.0,1.453791659976676,0.5509999999999999,1.9
ENSPD003380,Female,22.0,Informatique,2,0.7356143079315708,17.0,0.5311804008908686,0.6829999999999999,0.595,0.0,1.3,11.5,No,No,Middle,0.0,Yes,Salle 12,298.0,0.5041666666666667,1.0,1.4590407620309764,0.639,1.3
ENSPD003381,Male,21.0,GenieCivil,2,0.7682737169517885,15.0,0.6592427616926504,0.616,0.9309999999999999,0.0,1.4,0.0,No,Yes,Middle,2.0,Yes,Salle 24,177.0,0.7416666666666665,1.0,1.0358607078805078,0.7735,1.4
ENSPD003382,Male,22.0,Electrique,3,0.9999999999999999,0.0,0.7394209354120267,0.731,0.524,2.0,4.6,23.7,Yes,No,Middle,3.0,Yes,Salle 18,188.0,0.5888888888888888,1.0,1.6980843721521712,0.6275,6.6
ENSPD003383,Male,23.0,Telecom,5,0.6951788491446346,20.0,0.579064587973274,0.5529999999999999,0.18,2.0,0.2,10.3,Yes,No,High,2.0,No,Salle 8,60.0,0.2972222222222223,0.0,2.338840802478313,0.36649999999999994,2.2
ENSPD003384,Male,23.0,GenieCivil,2,0.9082426127527216,6.0,0.5334075723830736,0.706,0.439,2.0,0.6,3.6,Yes,No,Low,1.0,Yes,Salle 15,177.0,0.37916666666666665,1.0,2.395301959735712,0.5725,2.6
ENSPD003385,Male,24.0,GenieCivil,2,0.7636080870917573,15.0,0.5534521158129176,0.632,0.508,1.0,0.3,9.2,Yes,No,Middle,2.0,Yes,Salle 26,177.0,0.4111111111111111,1.0,1.857379897198667,0.5700000000000001,1.3
ENSPD003386,Female,23.0,GenieCivil,2,0.6749611197511663,21.0,0.22605790645879736,0.542,0.209,3.0,2.7,11.6,No,No,Low,1.0,No,Salle 17,177.0,0.12500000000000006,0.0,5.399257017447932,0.3755,5.7
ENSPD003387,Male,19.0,Mecanique,1,0.6982892690513217,19.0,0.6570155902004455,0.616,0.8340000000000001,0.0,7.1,29.6,No,No,Low,0.0,Yes,Salle 26,186.0,0.5791666666666667,1.0,1.2056584963447912,0.7250000000000001,7.1
ENSPD003388,Male,21.0,Informatique,3,0.7091757387247278,19.0,0.40868596881959907,1.0,0.326,1.0,4.5,23.3,No,No,Low,1.0,Yes,Salle 12,263.0,0.43472222222222223,1.0,1.6312932478288167,0.663,5.5
ENSPD003389,Male,28.0,GenieCivil,2,0.7729393468118196,15.0,0.7149220489977729,0.49700000000000005,0.7290000000000001,0.0,2.6,13.0,Yes,Yes,Middle,1.0,Yes,Salle 11,177.0,0.5652777777777778,1.0,1.3673378006691532,0.6130000000000001,2.6
ENSPD003390,Female,23.0,Informatique,1,0.541213063763608,30.0,0.5946547884187082,0.5750000000000001,0.42200000000000004,0.0,0.0,10.5,Yes,No,High,3.0,No,Salle 12,248.0,0.3291666666666666,0.0,1.6441416375105813,0.49850000000000005,0.0
ENSPD003391,Male,27.0,Electrique,2,0.4463452566096423,36.0,0.6280623608017817,0.5,0.941,0.0,0.9,8.6,No,No,Middle,0.0,Yes,Salle 25,185.0,0.5916666666666666,1.0,0.7543735992230708,0.7204999999999999,0.9
ENSPD003392,Female,25.0,Mecanique,1,0.8429237947122862,10.0,0.7271714922048997,0.519,0.585,2.0,4.0,26.6,No,No,High,1.0,Yes,Salle 10,186.0,0.4847222222222223,1.0,1.7389473116682004,0.552,6.0
ENSPD003393,Female,22.0,GenieCivil,2,0.8880248833592533,7.0,0.455456570155902,0.767,0.544,2.0,2.1,16.1,Yes,No,Middle,0.0,Yes,Salle 3,177.0,0.5194444444444445,1.0,1.7095337095613732,0.6555,4.1
ENSPD003394,Male,23.0,Informatique,1,0.8584758942457232,9.0,0.6714922048997773,0.7490000000000001,0.746,1.0,0.5,3.4,Yes,No,Low,1.0,Yes,Salle 7,248.0,0.7069444444444444,1.0,1.2143298638151303,0.7475,1.5
ENSPD003395,Female,22.0,Energetique,1,0.749611197511664,16.0,0.6547884187082406,0.619,0.439,3.0,1.4,11.1,Yes,No,Middle,0.0,Yes,Salle 5,83.0,0.4027777777777778,1.0,1.8610574572231244,0.529,4.4
ENSPD003396,Other,19.0,Telecom,4,0.8631415241057544,9.0,0.579064587973274,0.805,0.755,0.0,0.2,2.5,Yes,Yes,Middle,2.0,Yes,Salle 20,121.0,0.7375,1.0,1.1703455195261818,0.78,0.2
ENSPD003397,Female,22.0,Informatique,5,0.8538102643856921,9.0,0.455456570155902,0.763,0.544,0.0,1.5,15.6,Yes,No,Low,1.0,No,Salle 6,109.0,0.525,1.0,1.6262742888434356,0.6535,1.5
ENSPD003398,Female,24.0,Mecanique,1,0.8678071539657853,8.0,0.7093541202672606,0.5910000000000001,0.521,1.0,4.6,29.2,Yes,No,High,1.0,Yes,Salle 8,186.0,0.4569444444444445,1.0,1.8991108731218203,0.556,5.6
ENSPD003399,Male,21.0,Electrique,3,0.5598755832037324,28.0,0.7282850779510022,0.344,0.622,0.0,0.1,0.0,Yes,No,Middle,1.0,No,Salle 5,188.0,0.48749999999999993,1.0,1.1484391770501785,0.483,0.1
ENSPD003400,Male,23.0,Informatique,2,0.514774494556765,31.0,0.6291759465478842,0.7690000000000001,0.42200000000000004,0.0,1.4,11.5,Yes,No,Middle,1.0,Yes,Salle 30,298.0,0.4361111111111111,1.0,1.1803475719055831,0.5955000000000001,1.4
ENSPD003401,Male,24.0,Mecanique,3,0.6469673405909798,23.0,0.6113585746102449,0.6509999999999999,0.6020000000000001,1.0,0.5,11.8,Yes,No,High,2.0,No,Salle 25,212.0,0.49722222222222223,1.0,1.3011371984292648,0.6265000000000001,1.5
ENSPD003402,Male,20.0,Mecanique,2,0.7169517884914464,18.0,0.522271714922049,0.624,0.708,1.0,9.3,45.8,No,No,Middle,1.0,Yes,Salle 9,231.0,0.5430555555555555,1.0,1.320193816671001,0.6659999999999999,10.3
ENSPD003403,Other,22.0,Telecom,2,0.6749611197511663,21.0,0.6002227171492205,0.536,0.17800000000000002,1.0,1.4,5.0,Yes,No,Middle,0.0,Yes,Salle 26,161.0,0.24305555555555558,0.0,2.7768686443805723,0.35700000000000004,2.4
ENSPD003404,Male,20.0,Telecom,3,0.3701399688958009,40.0,0.7249443207126949,0.7540000000000001,0.858,0.0,1.9,23.6,No,Yes,Low,0.0,Yes,Salle 13,154.0,0.7541666666666667,1.0,0.490786821252051,0.806,1.9
ENSPD003405,Female,20.0,Electrique,1,0.9999999999999999,0.0,0.3452115812917595,0.6829999999999999,0.635,0.0,0.6,8.3,Yes,No,Low,2.0,Yes,Salle 14,143.0,0.5861111111111111,1.0,1.7061320280791417,0.659,0.6
ENSPD003406,Female,19.0,GenieCivil,1,0.6687402799377916,21.0,0.5155902004454344,0.5770000000000001,0.269,1.0,4.3,16.3,Yes,No,Middle,1.0,No,Salle 11,149.0,0.29861111111111116,0.0,2.239427338038958,0.42300000000000004,5.3
ENSPD003407,Female,20.0,Energetique,4,0.7527216174183514,16.0,0.5434298440979956,0.399,0.23800000000000002,0.0,0.3,9.0,No,No,High,2.0,Yes,Salle 18,70.0,0.175,0.0,4.3010206126412855,0.3185,0.3
ENSPD003408,Other,25.0,Energetique,3,0.9517884914463454,3.0,0.5968819599109131,0.812,0.635,1.0,1.1,13.8,No,No,High,2.0,No,Salle 14,104.0,0.734722222222222,1.0,1.295422281287228,0.7235,2.1
ENSPD003409,Male,20.0,Energetique,3,0.28304821150855364,46.0,0.3930957683741648,0.7290000000000001,0.793,1.0,0.4,9.0,No,No,Low,1.0,Yes,Salle 21,104.0,0.5152777777777777,1.0,0.5493012326611415,0.7610000000000001,1.4
ENSPD003410,Male,22.0,Informatique,2,0.625194401244168,24.0,0.5734966592427617,0.6659999999999999,0.765,1.0,3.2,18.6,Yes,No,High,1.0,No,Salle 24,298.0,0.5805555555555555,1.0,1.0768713287613254,0.7155,4.2
ENSPD003411,Male,21.0,Informatique,3,0.6485225505443236,23.0,0.5579064587973274,0.142,0.355,1.0,0.9,3.0,Yes,No,Low,3.0,Yes,Salle 6,263.0,0.15694444444444444,0.0,4.1319158106024485,0.2485,1.9
ENSPD003412,Male,24.0,Electrique,2,0.6578538102643857,22.0,0.4365256124721604,0.613,1.0,1.0,0.4,0.0,No,No,Middle,1.0,Yes,Salle 3,185.0,0.6569444444444444,1.0,1.001368992671481,0.8065,1.4
ENSPD003413,Male,25.0,GenieCivil,2,0.687402799377916,20.0,0.5902004454342985,0.5770000000000001,0.489,0.0,2.6,11.5,Yes,No,Low,2.0,Yes,Salle 10,177.0,0.41527777777777775,1.0,1.6552444742203518,0.533,2.6
ENSPD003414,Male,24.0,Informatique,3,0.9906687402799378,1.0,0.5200445434298441,0.509,0.688,0.0,3.4,9.0,No,Yes,Low,0.0,No,Salle 21,263.0,0.4888888888888888,1.0,2.026326430259254,0.5985,3.4
ENSPD003415,Female,23.0,Informatique,3,0.8460342146189735,10.0,0.692650334075724,0.756,0.6900000000000001,0.0,1.2,15.9,Yes,No,Middle,2.0,No,Salle 29,263.0,0.6805555555555556,1.0,1.2431340488989977,0.7230000000000001,1.2
ENSPD003416,Male,22.0,Telecom,3,0.8989113530326595,6.0,0.4621380846325167,0.7490000000000001,0.635,0.0,1.0,9.3,No,Yes,Middle,1.0,No,Salle 9,154.0,0.726388888888889,1.0,1.237489989016432,0.6920000000000001,1.0
ENSPD003417,Male,20.0,Telecom,4,0.7293934681181958,17.0,0.6247216035634744,0.6990000000000001,0.665,1.0,2.0,11.7,No,No,Middle,1.0,No,Salle 9,121.0,0.6069444444444445,1.0,1.201726875541412,0.682,3.0
ENSPD003418,Female,26.0,Mecanique,2,0.458786936236392,35.0,0.4755011135857461,0.807,0.723,0.0,1.4,7.6,No,No,High,1.0,Yes,Salle 28,231.0,0.6680555555555555,1.0,0.6867393961882531,0.765,1.4
ENSPD003419,Male,20.0,Telecom,2,0.7231726283048211,43.0,0.5100222717149221,0.436,0.625,1.0,2.2,8.7,Yes,No,High,1.0,Yes,Salle 30,161.0,0.44166666666666665,1.0,1.637334916880722,0.5305,3.2
ENSPD003420,Male,23.0,Electrique,2,0.4339035769828927,36.0,0.6603563474387528,0.538,0.401,2.0,0.6,11.5,Yes,No,Low,0.0,Yes,Salle 18,185.0,0.35138888888888886,0.0,1.2347892685571114,0.46950000000000003,2.6
ENSPD003421,Female,24.0,Chimie,3,0.7869362363919129,14.0,0.6492204899777283,0.633,0.17600000000000002,2.0,5.7,26.6,No,No,Middle,0.0,Yes,Salle 2,130.0,0.2875,0.0,2.7370743153000348,0.4045,7.7
ENSPD003422,Female,21.0,GenieCivil,2,0.7262830482115087,18.0,0.5400890868596883,0.508,0.647,3.0,0.5,7.5,Yes,No,Low,1.0,Yes,Salle 18,177.0,0.4708333333333333,1.0,1.5425153056108727,0.5775,3.5
ENSPD003423,Female,24.0,Informatique,4,0.6811819595645411,20.0,0.5657015590200446,0.751,0.358,0.0,0.9,3.3,Yes,No,Middle,2.0,No,Salle 14,230.0,0.47638888888888886,1.0,1.4298563146384962,0.5545,0.9
ENSPD003424,Male,24.0,GenieCivil,3,0.6516329704510108,22.0,0.3674832962138085,0.526,0.71,0.0,0.7,9.3,Yes,No,Middle,0.0,Yes,Salle 3,185.0,0.47777777777777775,1.0,1.363854415618998,0.618,0.7
ENSPD003425,Female,25.0,GenieCivil,4,0.9999999999999999,0.0,0.844097995545657,0.8540000000000001,0.67,2.0,5.4,31.7,Yes,No,Middle,3.0,No,Salle 5,173.0,0.8125,1.0,1.2307540830266703,0.762,7.4
ENSPD003426,Female,21.0,Electrique,3,0.5660964230171072,28.0,0.7249443207126949,0.452,0.665,0.0,3.5,17.9,Yes,No,Middle,1.0,Yes,Salle 28,188.0,0.4736111111111111,1.0,1.1952516679187921,0.5585,3.5
ENSPD003427,Male,19.0,Informatique,5,0.8926905132192845,7.0,0.7193763919821826,1.0,0.429,1.0,3.3,21.3,Yes,No,Middle,0.0,Yes,Salle 10,109.0,0.6444444444444444,1.0,1.385187922769054,0.7145,4.3
ENSPD003428,Female,21.0,Energetique,3,0.7200622083981337,18.0,0.34409799554565706,0.985,0.8470000000000001,2.0,0.0,4.3,Yes,No,Middle,0.0,Yes,Salle 14,104.0,0.7930555555555554,1.0,0.9079479033655905,0.916,2.0
ENSPD003429,Female,22.0,Mecanique,5,0.7091757387247278,19.0,0.5111358574610245,0.603,0.735,0.0,2.3,12.7,No,No,High,0.0,Yes,Salle 23,67.0,0.523611111111111,1.0,1.3543681178550546,0.669,2.3
ENSPD003430,Female,22.0,Informatique,1,0.9393468118195955,4.0,0.5545657015590201,0.826,0.40399999999999997,1.0,0.5,11.5,Yes,No,Middle,1.0,No,Salle 12,248.0,0.46666666666666656,1.0,2.0128428929799984,0.615,1.5
ENSPD003431,Female,21.0,GenieCivil,1,0.9937791601866252,0.0,0.2873051224944321,0.5479999999999999,1.0,3.0,6.9,30.7,Yes,No,Middle,3.0,Yes,Salle 19,149.0,0.5777777777777777,1.0,1.719972623873746,0.774,9.9
ENSPD003432,Other,18.0,GenieCivil,3,0.6749611197511663,21.0,0.6113585746102449,0.802,0.598,2.0,1.5,8.5,No,No,Middle,1.0,No,Salle 17,185.0,0.6958333333333333,1.0,0.9699900644558398,0.7,3.5
ENSPD003433,Female,23.0,GenieCivil,5,0.8693623639191289,8.0,0.8530066815144766,0.588,0.373,1.0,1.7,16.1,No,No,Middle,1.0,Yes,Salle 4,70.0,0.4180555555555555,1.0,2.079488138562044,0.4805,2.7
ENSPD003434,Male,26.0,Chimie,2,0.7884914463452567,14.0,0.9543429844097997,0.616,0.488,3.0,0.9,1.3,Yes,No,Middle,1.0,Yes,Salle 7,119.0,0.47638888888888886,1.0,1.6551076518760681,0.552,3.9
ENSPD003435,Female,23.0,GenieCivil,1,0.7216174183514773,18.0,0.43541202672605794,0.0,0.33799999999999997,0.0,1.5,11.4,Yes,No,Low,2.0,No,Salle 13,149.0,0.08194444444444449,0.0,8.805104143444586,0.16899999999999998,1.5
ENSPD003436,Male,23.0,Electrique,3,0.7589424572317262,16.0,0.6302895322939867,0.5720000000000001,0.912,2.0,2.8,12.0,No,No,Middle,0.0,Yes,Salle 3,188.0,0.6625000000000001,1.0,1.145556228934999,0.742,4.8
ENSPD003437,Male,23.0,Chimie,3,0.5909797822706065,26.0,0.8307349665924276,0.67,0.856,1.0,1.7,19.0,Yes,Yes,Middle,2.0,Yes,Salle 24,130.0,0.7402777777777778,1.0,0.7983108731642587,0.763,2.7
ENSPD003438,Female,23.0,Informatique,2,0.6625194401244167,22.0,0.5679287305122495,0.8590000000000001,0.788,2.0,2.1,17.0,Yes,No,Low,1.0,No,Salle 27,298.0,0.7124999999999999,1.0,0.9298387954195966,0.8235000000000001,4.1
ENSPD003439,Female,24.0,Electrique,4,0.6111975116640745,25.0,0.5155902004454344,0.627,0.75,3.0,1.3,15.3,Yes,Yes,Middle,1.0,Yes,Salle 20,157.0,0.575,1.0,1.0629337083947665,0.6885,4.3
ENSPD003440,Female,23.0,Telecom,5,0.8880248833592533,7.0,0.2984409799554566,0.8009999999999999,0.89,3.0,2.5,15.8,No,No,Middle,1.0,Yes,Salle 10,60.0,0.6680555555555555,1.0,1.329248119401669,0.8454999999999999,5.5
ENSPD003441,Male,21.0,Informatique,4,0.7029548989113531,19.0,0.799554565701559,0.538,0.5920000000000001,1.0,4.6,25.9,Yes,No,Middle,0.0,No,Salle 11,230.0,0.5708333333333333,1.0,1.2314322649729113,0.5650000000000001,5.6
ENSPD003442,Male,20.0,GenieCivil,2,0.4774494556765164,34.0,0.6069042316258353,0.559,0.725,1.0,0.1,6.2,Yes,No,Middle,2.0,Yes,Salle 14,177.0,0.5569444444444444,1.0,0.8572504635505096,0.642,1.1
ENSPD003443,Male,22.0,Telecom,2,0.5847589424572316,27.0,0.4888641425389756,0.616,0.635,1.0,0.2,11.5,No,No,Middle,0.0,Yes,Salle 25,161.0,0.5305555555555556,1.0,1.1021426783819959,0.6255,1.2
ENSPD003444,Other,23.0,Mecanique,2,0.12286158631415234,56.0,0.6581291759465479,0.17600000000000002,0.609,0.0,2.3,21.3,Yes,No,Middle,1.0,No,Salle 19,231.0,0.2791666666666667,0.0,0.44008544045282794,0.3925,2.3
ENSPD003445,Other,21.0,GenieCivil,2,0.6283048211508552,24.0,0.6358574610244989,0.622,0.73,1.0,0.9,11.4,Yes,No,Middle,1.0,Yes,Salle 30,177.0,0.5944444444444444,1.0,1.0569436010156272,0.6759999999999999,1.9
ENSPD003446,Female,23.0,Energetique,1,0.7278382581648523,18.0,0.6380846325167038,0.5479999999999999,0.024,1.0,0.7,4.5,Yes,No,Middle,1.0,Yes,Salle 21,83.0,0.12916666666666665,0.0,5.634440622647426,0.286,1.7
ENSPD003447,Female,23.0,Informatique,4,0.6951788491446346,20.0,0.5734966592427617,0.865,0.516,2.0,0.4,0.3,Yes,No,Middle,1.0,Yes,Salle 9,230.0,0.5097222222222222,1.0,1.3638118581437557,0.6905,2.4
ENSPD003448,Female,22.0,Informatique,2,0.9999999999999999,0.0,0.8808463251670379,0.525,0.6729999999999999,1.0,1.7,7.7,Yes,No,Middle,1.0,Yes,Salle 28,298.0,0.6597222222222222,1.0,1.5157664978551904,0.599,2.7
ENSPD003449,Female,25.0,Telecom,4,0.8273716951788491,11.0,0.5879732739420935,0.713,0.624,3.0,1.4,8.8,Yes,No,High,2.0,Yes,Salle 26,121.0,0.5638888888888889,1.0,1.4672341291700528,0.6685,4.4
ENSPD003450,Male,22.0,Telecom,5,0.8195956454121308,12.0,0.8808463251670379,0.7859999999999999,0.55,2.0,1.4,8.0,No,Yes,Middle,2.0,No,Salle 25,60.0,0.6680555555555555,1.0,1.2268191925125742,0.6679999999999999,3.4
ENSPD003451,Male,19.0,GenieCivil,1,0.4136858475894245,38.0,0.7048997772828508,0.35100000000000003,0.758,1.0,6.4,34.3,No,Yes,Middle,1.0,Yes,Salle 30,149.0,0.5527777777777778,1.0,0.7483628694766971,0.5545,7.4
ENSPD003452,Female,21.0,GenieCivil,5,0.6516329704510108,22.0,0.6692650334075724,0.616,0.498,1.0,2.8,17.3,No,No,Middle,0.0,Yes,Salle 7,70.0,0.49722222222222223,1.0,1.3105203993794754,0.5569999999999999,3.8
ENSPD003453,Female,22.0,Telecom,4,0.6298600311041992,24.0,0.5913140311804008,0.542,0.396,1.0,3.2,16.8,Yes,No,Low,0.0,No,Salle 12,121.0,0.33611111111111114,0.0,1.8739079762710504,0.46900000000000003,4.2
ENSPD003454,Male,18.0,Chimie,3,0.5738724727838257,27.0,0.7728285077951002,0.79,0.877,0.0,0.3,6.2,Yes,No,Low,1.0,No,Salle 25,130.0,0.7652777777777777,1.0,0.7498780059577344,0.8335,0.3
ENSPD003455,Female,25.0,Mecanique,2,0.5707620528771385,28.0,0.6291759465478842,0.616,0.8490000000000001,1.0,0.8,7.7,Yes,No,Middle,0.0,No,Salle 8,231.0,0.7208333333333332,1.0,0.7917976437928796,0.7325,1.8
ENSPD003456,Male,22.0,Informatique,3,0.3825816485225505,40.0,0.4543429844097996,0.578,0.52,1.0,0.2,4.9,No,Yes,High,0.0,No,Salle 10,263.0,0.2958333333333333,0.0,1.2931900280189421,0.5489999999999999,1.2
ENSPD003457,Male,23.0,GenieCivil,2,0.48211508553654736,33.0,0.4487750556792873,0.43100000000000005,0.626,4.0,6.9,34.1,No,No,Middle,1.0,Yes,Salle 30,177.0,0.3416666666666667,0.0,1.4110272446754164,0.5285,10.9
ENSPD003458,Female,25.0,Telecom,3,0.8833592534992224,8.0,0.6804008908685969,0.616,0.809,0.0,2.3,12.1,No,No,Low,1.0,Yes,Salle 13,154.0,0.7527777777777778,1.0,1.1734505787366665,0.7125,2.3
ENSPD003459,Female,21.0,Telecom,1,0.7231726283048211,20.0,0.6113585746102449,0.608,0.649,2.0,0.0,0.3,Yes,No,Middle,0.0,Yes,Salle 24,121.0,0.49444444444444435,1.0,1.4625667469070043,0.6285000000000001,2.0
ENSPD003460,Female,23.0,Energetique,3,0.625194401244168,24.0,0.6002227171492205,0.329,0.746,1.0,1.3,13.2,Yes,No,Low,1.0,Yes,Salle 30,104.0,0.48611111111111116,1.0,1.2860877401830617,0.5375,2.3
ENSPD003461,Male,22.0,Telecom,2,0.7185069984447902,18.0,0.7873051224944322,0.344,0.735,2.0,0.6,4.2,No,No,Low,2.0,Yes,Salle 3,161.0,0.5777777777777777,1.0,1.2435482820495631,0.5395,2.6
ENSPD003462,Male,22.0,Electrique,1,0.7231726283048211,4.0,0.6614699331848551,0.6990000000000001,0.5760000000000001,1.0,1.6,16.4,Yes,No,Middle,1.0,No,Salle 3,143.0,0.6319444444444444,1.0,1.1443429738682624,0.6375000000000001,2.6
ENSPD003463,Female,20.0,GenieCivil,3,0.7216174183514773,18.0,0.489977728285078,0.39,0.743,2.0,0.4,5.9,Yes,No,Middle,0.0,Yes,Salle 10,185.0,0.4652777777777778,1.0,1.550905596097826,0.5665,2.4
ENSPD003464,Female,25.0,Chimie,3,0.8211508553654744,12.0,0.8452115812917594,0.9550000000000001,0.44700000000000006,1.0,1.4,11.5,Yes,No,High,1.0,Yes,Salle 2,130.0,0.6291666666666667,1.0,1.305119688744774,0.7010000000000001,2.4
ENSPD003465,Male,21.0,Chimie,2,0.5614307931570762,28.0,0.7015590200445435,0.451,0.7190000000000001,0.0,0.8,4.5,No,Yes,Low,4.0,Yes,Salle 1,119.0,0.5291666666666666,1.0,1.0609515281419748,0.5850000000000001,0.8
ENSPD003466,Female,23.0,GenieCivil,1,0.6049766718506998,25.0,0.7806236080178174,0.62,0.625,0.0,0.7,6.6,Yes,No,Middle,0.0,Yes,Salle 27,149.0,0.5527777777777778,1.0,1.0944103617535157,0.6225,0.7
ENSPD003467,Male,18.0,Informatique,4,0.7853810264385693,14.0,0.23162583518930957,0.649,0.568,0.0,2.5,16.4,Yes,No,Middle,1.0,No,Salle 3,230.0,0.36111111111111116,0.0,2.1748410776154268,0.6085,2.5
ENSPD003468,Female,24.0,Telecom,3,0.7231726283048211,0.0,0.6659242761692651,0.489,0.391,3.0,1.4,11.5,Yes,No,High,1.0,Yes,Salle 14,154.0,0.39722222222222214,1.0,1.8205286173896016,0.44,4.4
ENSPD003469,Female,24.0,GenieCivil,1,0.9875583203732504,1.0,0.7505567928730512,0.217,0.6659999999999999,1.0,0.7,10.7,Yes,No,Middle,0.0,Yes,Salle 26,149.0,0.5416666666666667,1.0,1.8231509332872322,0.44149999999999995,1.7
ENSPD003470,Male,22.0,Mecanique,3,0.8289269051321929,11.0,0.8942093541202674,0.654,0.648,0.0,1.7,7.4,Yes,No,Middle,0.0,Yes,Salle 30,212.0,0.6749999999999999,1.0,1.2280216665415224,0.651,1.7
ENSPD003471,Male,22.0,Electrique,3,0.7480559875583203,16.0,0.36525612472160357,0.484,0.47200000000000003,0.0,0.1,9.1,No,No,Low,5.0,Yes,Salle 14,188.0,0.24861111111111112,0.0,3.0088192600185386,0.478,0.1
ENSPD003472,Female,23.0,Electrique,1,0.9813374805598755,1.0,0.8118040089086859,0.6409999999999999,0.321,2.0,2.2,14.2,Yes,No,Low,0.0,No,Salle 4,143.0,0.42361111111111116,1.0,2.316545268449762,0.481,4.2
ENSPD003473,Female,27.0,Informatique,3,0.8678071539657853,8.0,0.8853006681514477,0.598,0.311,0.0,0.3,4.4,No,No,High,1.0,Yes,Salle 20,263.0,0.5375,1.0,1.6144949004963358,0.4545,0.3
ENSPD003474,Female,18.0,Telecom,4,0.29237947122861585,46.0,0.27282850779510026,0.667,0.589,1.0,0.7,9.3,Yes,No,Middle,2.0,Yes,Salle 5,121.0,0.4458333333333333,1.0,0.655789712145408,0.628,1.7
ENSPD003475,Female,22.0,Mecanique,4,0.7231726283048211,31.0,0.6113585746102449,0.616,0.635,1.0,1.4,14.2,Yes,Yes,Middle,0.0,Yes,Salle 26,178.0,0.6375,1.0,1.1343706425072881,0.6255,2.4
ENSPD003476,Female,20.0,Informatique,1,0.7838258164852253,14.0,0.7138084632516704,0.616,0.635,0.0,1.3,14.8,Yes,No,Middle,0.0,Yes,Salle 8,248.0,0.8138888888888889,1.0,0.9630506039334709,0.6255,1.3
ENSPD003477,Female,22.0,GenieCivil,4,0.38724727838258166,39.0,0.5556792873051225,0.536,0.631,1.0,6.1,11.5,Yes,No,Low,0.0,Yes,Salle 30,173.0,0.4902777777777778,1.0,0.7898366957825754,0.5835,7.1
ENSPD003478,Male,22.0,Chimie,2,0.5520995334370139,29.0,0.5278396436525613,0.32,0.315,1.0,0.8,11.5,Yes,No,Middle,0.0,Yes,Salle 15,119.0,0.11250000000000004,0.0,4.907115220309428,0.3175,1.8
ENSPD003479,Male,21.0,Energetique,5,0.5894245723172628,26.0,0.7216035634743876,0.585,0.599,1.0,0.7,6.1,Yes,No,Low,1.0,No,Salle 14,40.0,0.5444444444444444,1.0,1.0825966769702935,0.592,1.7
ENSPD003480,Male,22.0,Chimie,1,0.671850699844479,21.0,0.5077951002227171,0.6940000000000001,0.89,0.0,0.4,4.1,No,No,Middle,2.0,Yes,Salle 7,96.0,0.6124999999999999,1.0,1.0968811935225207,0.792,0.4
ENSPD003481,Male,20.0,Energetique,3,0.6671850699844478,21.0,0.5734966592427617,0.533,0.503,1.0,1.0,11.8,Yes,No,High,2.0,No,Salle 22,104.0,0.36249999999999993,0.0,1.8404597665842264,0.518,2.0
ENSPD003482,Male,24.0,Informatique,3,0.6656298600311042,22.0,0.7461024498886415,0.6950000000000001,0.8640000000000001,1.0,0.4,7.6,Yes,No,High,0.0,Yes,Salle 5,263.0,0.7333333333333334,1.0,0.9076647046146247,0.7795000000000001,1.4
ENSPD003483,Male,18.0,Informatique,2,0.8740279937791603,8.0,0.9031180400890868,0.588,0.675,2.0,0.3,5.0,No,No,Low,0.0,Yes,Salle 30,298.0,0.638888888888889,1.0,1.3680224038254083,0.6315,2.3
ENSPD003484,Female,23.0,Electrique,4,0.6702954898911352,21.0,0.700445434298441,0.616,0.7690000000000001,2.0,3.9,23.8,Yes,No,Middle,0.0,Yes,Salle 26,157.0,0.5208333333333334,1.0,1.2869426312924588,0.6925000000000001,5.9
ENSPD003485,Female,21.0,Mecanique,3,0.6485225505443236,23.0,0.6325167037861915,0.6759999999999999,1.0,2.0,0.1,5.6,Yes,No,Middle,1.0,Yes,Salle 26,212.0,0.8319444444444444,1.0,0.7795169012858494,0.838,2.1
ENSPD003486,Female,20.0,Telecom,1,0.4681181959564541,34.0,0.5244988864142539,0.583,0.273,0.0,2.5,20.1,No,No,Middle,1.0,Yes,Salle 26,121.0,0.26388888888888895,0.0,1.7738543649327334,0.428,2.5
ENSPD003487,Male,22.0,Electrique,3,0.9113530326594089,6.0,0.4409799554565701,0.642,0.8190000000000001,1.0,0.5,0.0,Yes,Yes,Low,3.0,No,Salle 27,188.0,0.575,1.0,1.5849342318558095,0.7305,1.5
ENSPD003488,Male,19.0,Energetique,3,0.5940902021772939,26.0,0.7951002227171492,0.518,0.621,2.0,0.0,3.0,Yes,No,Low,2.0,Yes,Salle 30,104.0,0.525,1.0,1.1315788312171082,0.5695,2.0
ENSPD003489,Male,22.0,Mecanique,1,0.5178849144634526,31.0,0.5846325167037862,0.502,0.45,2.0,3.2,21.5,Yes,No,High,2.0,No,Salle 16,186.0,0.44305555555555554,1.0,1.1688674688649219,0.476,5.2
ENSPD003490,Male,19.0,GenieCivil,5,0.76049766718507,15.0,0.8028953229398663,0.648,0.62,1.0,2.4,21.2,Yes,Yes,Low,4.0,Yes,Salle 22,70.0,0.6444444444444444,1.0,1.1800642756691069,0.634,3.4
ENSPD003491,Male,23.0,GenieCivil,4,0.5769828926905131,27.0,0.5556792873051225,0.578,0.978,1.0,0.8,13.5,Yes,No,Middle,1.0,Yes,Salle 14,173.0,0.6749999999999999,1.0,0.854776807292504,0.778,1.8
ENSPD003492,Female,20.0,Mecanique,2,0.6220839813374807,24.0,0.6113585746102449,0.93,0.907,1.0,0.2,3.3,Yes,No,Middle,1.0,Yes,Salle 11,231.0,0.7805555555555557,1.0,0.7969657089143806,0.9185000000000001,1.2
ENSPD003493,Female,21.0,Electrique,3,0.7682737169517885,15.0,0.6804008908685969,0.7640000000000001,0.24,1.0,0.9,13.7,No,No,Middle,1.0,Yes,Salle 13,188.0,0.3666666666666667,0.0,2.0952348125554443,0.502,1.9
ENSPD003494,Female,23.0,GenieCivil,2,0.6594090202177293,22.0,0.5979955456570156,0.718,0.48600000000000004,1.0,0.4,0.0,Yes,No,Middle,1.0,No,Salle 25,177.0,0.5930555555555557,1.0,1.1118653141135912,0.602,1.4
ENSPD003495,Female,20.0,GenieCivil,4,0.9999999999999999,0.0,0.40868596881959907,0.588,0.8290000000000001,2.0,1.4,22.9,Yes,No,Middle,4.0,Yes,Salle 24,173.0,0.5694444444444444,1.0,1.7560667227307227,0.7085,3.4
ENSPD003496,Male,22.0,Mecanique,5,0.7060653188180402,19.0,0.9142538975501113,0.255,0.636,0.0,1.5,10.0,No,No,Low,4.0,No,Salle 24,67.0,0.575,1.0,1.227918329799552,0.4455,1.5
ENSPD003497,Female,19.0,Informatique,2,0.8351477449455676,11.0,0.5055679287305123,0.47500000000000003,0.636,0.0,6.6,33.2,Yes,No,High,0.0,Yes,Salle 22,298.0,0.4722222222222222,1.0,1.7685107149519443,0.5555,6.6
ENSPD003498,Female,23.0,GenieCivil,4,0.35769828926905134,41.0,0.7650334075723831,0.503,0.326,3.0,0.9,4.7,Yes,No,Middle,2.0,Yes,Salle 14,173.0,0.35416666666666674,0.0,1.0099431242479306,0.4145,3.9
ENSPD003499,Male,26.0,Mecanique,3,0.5598755832037324,28.0,0.7505567928730512,0.616,0.49100000000000005,0.0,1.6,10.8,Yes,No,Low,2.0,Yes,Salle 1,212.0,0.48611111111111116,1.0,1.15172036434304,0.5535,1.6
ENSPD003500,Female,28.0,Informatique,2,0.7231726283048211,31.0,0.3997772828507795,0.616,0.368,5.0,0.4,12.1,Yes,No,Low,1.0,Yes,Salle 26,177.0,0.29999999999999993,0.0,2.410495077846809,0.492,5.4
ENSPD003501,Male,22.0,Mecanique,5,0.541213063763608,30.0,0.44320712694877507,0.738,0.309,0.0,3.3,13.5,Yes,Yes,High,1.0,Yes,Salle 21,67.0,0.3680555555555556,0.0,1.4704257314887963,0.5235,3.3
ENSPD003502,Female,24.0,Mecanique,3,0.7978227060653188,13.0,0.5601336302895323,0.669,0.38799999999999996,0.0,0.1,0.4,Yes,Yes,Low,1.0,Yes,Salle 8,212.0,0.41527777777777775,1.0,1.9211321612557475,0.5285,0.1
ENSPD003503,Other,18.0,Mecanique,2,0.9129082426127527,6.0,0.4654788418708241,0.8290000000000001,0.454,1.0,2.4,11.4,Yes,No,Middle,1.0,Yes,Salle 16,231.0,0.4625,1.0,1.973812982665786,0.6415000000000001,3.4
ENSPD003504,Male,25.0,Informatique,3,0.7838258164852253,14.0,0.8986636971046771,0.616,0.488,3.0,1.0,18.6,No,No,High,2.0,Yes,Salle 21,263.0,0.5569444444444444,1.0,1.407342780551976,0.552,4.0
ENSPD003505,Female,24.0,GenieCivil,2,0.6780715396578537,21.0,0.576837416481069,0.6659999999999999,0.47200000000000003,1.0,1.7,13.5,Yes,No,Low,4.0,Yes,Salle 7,177.0,0.4722222222222222,1.0,1.435885794635098,0.569,2.7
ENSPD003506,Female,21.0,Electrique,2,0.6018662519440124,26.0,0.7583518930957683,0.682,0.8440000000000001,1.0,1.8,8.8,No,No,Middle,2.0,Yes,Salle 18,185.0,0.7208333333333332,1.0,0.8349473791494396,0.7630000000000001,2.8
ENSPD003507,Female,24.0,Electrique,5,0.7231726283048211,5.0,0.6959910913140313,0.664,0.459,0.0,2.5,11.5,Yes,No,Low,1.0,Yes,Salle 13,80.0,0.4569444444444445,1.0,1.5825923942681837,0.5615,2.5
ENSPD003508,Male,21.0,Chimie,3,0.9999999999999999,0.0,0.6547884187082406,0.851,0.925,3.0,0.5,0.0,Yes,No,Middle,1.0,Yes,Salle 27,130.0,0.7763888888888888,1.0,1.2879977216751413,0.888,3.5
ENSPD003509,Female,21.0,GenieCivil,4,0.7449455676516329,16.0,0.6169265033407572,0.765,0.543,5.0,1.5,10.5,Yes,No,Middle,2.0,Yes,Salle 7,173.0,0.5513888888888888,1.0,1.351010280693085,0.654,6.5
ENSPD003510,Male,23.0,GenieCivil,2,0.8958009331259719,7.0,0.8173719376391981,0.383,0.728,2.0,1.1,9.9,No,No,Middle,1.0,No,Salle 21,177.0,0.5388888888888889,1.0,1.6622801634884605,0.5555,3.1
ENSPD003511,Male,20.0,Telecom,3,0.7838258164852253,14.0,0.4721603563474388,0.616,0.7340000000000001,1.0,0.7,12.2,No,No,Low,2.0,Yes,Salle 28,154.0,0.5777777777777777,1.0,1.3565981258722501,0.675,1.7
ENSPD003512,Male,24.0,GenieCivil,5,0.8615863141524104,9.0,0.8986636971046771,0.617,0.46,3.0,1.4,4.8,Yes,No,Middle,1.0,Yes,Salle 30,70.0,0.5263888888888889,1.0,1.6367555713710333,0.5385,4.4
ENSPD003513,Female,20.0,Electrique,2,0.5023328149300156,32.0,0.3953229398663698,1.0,0.574,0.0,6.1,34.5,No,Yes,Middle,1.0,Yes,Salle 10,185.0,0.5875,1.0,0.8550200250719402,0.7869999999999999,6.1
ENSPD003514,Female,20.0,GenieCivil,1,0.6283048211508552,24.0,0.6113585746102449,0.561,0.539,1.0,5.9,32.7,No,No,Low,1.0,Yes,Salle 3,149.0,0.4652777777777778,1.0,1.350357458671383,0.55,6.9
ENSPD003515,Female,20.0,GenieCivil,3,0.7931570762052876,13.0,0.3752783964365256,0.443,0.7140000000000001,2.0,0.7,13.1,No,No,Middle,3.0,Yes,Salle 1,185.0,0.4541666666666666,1.0,1.7463624497191719,0.5785,2.7
ENSPD003516,Female,24.0,Chimie,2,0.9455676516329704,4.0,0.5579064587973274,0.6990000000000001,0.614,1.0,4.3,17.4,No,No,Middle,2.0,Yes,Salle 28,119.0,0.5513888888888888,1.0,1.714852297831724,0.6565000000000001,5.3
ENSPD003517,Male,21.0,Informatique,1,0.567651632970451,28.0,0.6258351893095769,0.7090000000000001,0.49,0.0,4.2,28.7,Yes,No,Low,3.0,Yes,Salle 29,248.0,0.5263888888888889,1.0,1.0783678403437316,0.5995,4.2
ENSPD003518,Male,19.0,Mecanique,4,0.3405909797822706,42.0,0.5289532293986637,0.6070000000000001,0.664,1.0,0.6,0.0,Yes,No,Middle,0.0,Yes,Salle 12,178.0,0.4930555555555556,1.0,0.6907620618489845,0.6355000000000001,1.6
ENSPD003519,Male,21.0,Mecanique,5,0.6267496111975116,24.0,0.5801781737193764,0.58,0.708,1.0,1.8,7.2,No,No,Low,1.0,Yes,Salle 26,67.0,0.5291666666666666,1.0,1.1843863319701267,0.6439999999999999,2.8
ENSPD003520,Male,22.0,Mecanique,3,0.9082426127527216,6.0,0.378619153674833,0.7909999999999999,1.0,1.0,4.1,22.1,Yes,Yes,Middle,2.0,No,Salle 10,212.0,0.7513888888888889,1.0,1.2087356345386153,0.8955,5.1
ENSPD003521,Male,20.0,Mecanique,4,0.4245723172628304,37.0,0.44543429844098004,0.466,0.654,1.0,1.4,9.1,No,No,Middle,1.0,Yes,Salle 7,178.0,0.35138888888888886,0.0,1.2082346606311516,0.56,2.4
ENSPD003522,Male,20.0,Electrique,4,0.500777604976672,32.0,0.6937639198218263,0.559,0.642,0.0,0.9,11.5,Yes,No,Middle,2.0,Yes,Salle 24,157.0,0.5875,1.0,0.8523729042512843,0.6005,0.9
ENSPD003523,Male,26.0,Chimie,3,0.749611197511664,16.0,0.6146993318485524,0.526,0.726,0.0,2.1,22.9,Yes,No,High,0.0,Yes,Salle 26,130.0,0.5305555555555556,1.0,1.4128531143088354,0.626,2.1
ENSPD003524,Male,20.0,Chimie,1,0.6982892690513217,19.0,0.49443207126948774,0.8170000000000001,0.45,1.0,0.4,0.0,Yes,No,Middle,1.0,Yes,Salle 10,96.0,0.46805555555555556,1.0,1.4918621136787333,0.6335000000000001,1.4
ENSPD003525,Male,21.0,Mecanique,1,0.8304821150855365,11.0,0.8318485523385302,0.6709999999999999,0.295,1.0,0.4,0.0,Yes,No,Low,4.0,No,Salle 4,186.0,0.44027777777777777,1.0,1.886225684658223,0.483,1.4
ENSPD003526,Male,21.0,Energetique,1,0.49144634525660946,33.0,0.4064587973273942,0.616,0.578,0.0,3.6,20.7,No,No,High,1.0,Yes,Salle 19,83.0,0.3680555555555556,0.0,1.3352141699725848,0.597,3.6
ENSPD003527,Female,21.0,Electrique,1,0.6594090202177293,22.0,0.5501113585746102,0.446,0.8540000000000001,1.0,0.1,5.2,Yes,No,Middle,0.0,Yes,Salle 21,143.0,0.576388888888889,1.0,1.1440150786703582,0.65,1.1
ENSPD003528,Female,23.0,Mecanique,2,0.942457231726283,4.0,0.5256124721603563,0.9570000000000001,0.887,1.0,3.3,12.4,Yes,Yes,Middle,1.0,Yes,Salle 17,231.0,0.8624999999999998,1.0,1.0926913678986716,0.922,4.3
ENSPD003529,Female,24.0,Telecom,2,0.4976671850699844,32.0,0.7126948775055679,0.8150000000000001,0.264,0.0,0.7,16.5,Yes,No,Middle,0.0,Yes,Salle 6,161.0,0.39583333333333337,1.0,1.2572327058768646,0.5395000000000001,0.7
ENSPD003530,Male,21.0,Chimie,2,0.995334370139969,0.0,0.6180400890868597,0.7709999999999999,0.773,1.0,1.3,10.6,No,No,Low,1.0,No,Salle 28,119.0,0.6805555555555556,1.0,1.4625106457635269,0.772,2.3
ENSPD003531,Male,20.0,Chimie,1,0.52099533437014,31.0,0.5924276169265034,0.622,0.203,1.0,1.6,9.1,Yes,No,High,1.0,Yes,Salle 1,96.0,0.26388888888888895,0.0,1.9742232965198199,0.4125,2.6
ENSPD003532,Female,25.0,Informatique,3,0.8786936236391912,8.0,0.3017817371937639,0.892,0.635,5.0,2.9,16.6,Yes,No,Middle,0.0,No,Salle 28,263.0,0.6402777777777777,1.0,1.372341709674421,0.7635000000000001,7.9
ENSPD003533,Male,22.0,GenieCivil,2,0.6500777604976672,22.0,0.755011135857461,0.42100000000000004,0.72,1.0,4.3,15.9,Yes,No,Middle,1.0,Yes,Salle 24,177.0,0.5638888888888889,1.0,1.15282681577647,0.5705,5.3
ENSPD003534,Male,25.0,Telecom,4,0.5069984447900465,32.0,0.5734966592427617,0.616,0.295,1.0,3.3,22.6,Yes,Yes,Low,1.0,No,Salle 21,121.0,0.32500000000000007,0.0,1.5599472163627162,0.4555,4.3
ENSPD003535,Male,18.0,GenieCivil,1,0.6267496111975116,24.0,0.6291759465478842,0.54,0.84,3.0,1.7,12.8,Yes,No,Middle,0.0,Yes,Salle 16,149.0,0.6611111111111111,1.0,0.9480102823281,0.69,4.7
ENSPD003536,Male,22.0,Electrique,4,0.8211508553654744,12.0,0.4855233853006682,0.5750000000000001,0.9890000000000001,2.0,0.9,7.6,No,Yes,High,1.0,Yes,Salle 16,157.0,0.6541666666666666,1.0,1.2552432656297858,0.782,2.9
ENSPD003537,Male,26.0,Electrique,5,0.7231726283048211,18.0,0.4587973273942093,0.751,0.628,2.0,1.5,11.0,Yes,No,Middle,3.0,Yes,Salle 12,80.0,0.5111111111111111,1.0,1.4148752860799225,0.6895,3.5
ENSPD003538,Male,21.0,Telecom,4,0.9284603421461898,5.0,0.8608017817371938,0.594,0.668,2.0,0.1,1.8,Yes,No,Low,1.0,Yes,Salle 26,121.0,0.6680555555555555,1.0,1.3897743034724983,0.631,2.1
ENSPD003539,Female,22.0,Mecanique,4,0.9875583203732504,1.0,0.3140311804008909,0.542,0.9359999999999999,1.0,0.6,11.9,No,No,Middle,3.0,Yes,Salle 12,178.0,0.6124999999999999,1.0,1.612313791404631,0.739,1.6
ENSPD003540,Male,23.0,Electrique,5,0.499222395023328,32.0,0.4342984409799555,0.531,0.41500000000000004,2.0,0.9,6.0,Yes,No,Low,0.0,Yes,Salle 7,80.0,0.32500000000000007,0.0,1.536021645559607,0.47300000000000003,2.9
ENSPD003541,Male,21.0,Informatique,1,0.48522550544323495,33.0,0.8574610244988865,0.262,0.42,0.0,0.8,6.0,Yes,No,Low,3.0,Yes,Salle 20,248.0,0.31944444444444453,0.0,1.518919250871838,0.34099999999999997,0.8
ENSPD003542,Female,21.0,Electrique,5,0.4758942457231726,34.0,0.7171492204899776,0.757,0.635,1.0,0.2,6.6,Yes,No,Middle,2.0,Yes,Salle 5,80.0,0.5263888888888889,1.0,0.9040563264251558,0.696,1.2
ENSPD003543,Male,21.0,Chimie,4,0.5520995334370139,29.0,0.5556792873051225,0.439,0.647,1.0,0.1,0.0,Yes,No,Middle,3.0,Yes,Salle 16,93.0,0.4986111111111111,1.0,1.1072526235536502,0.543,1.1
ENSPD003544,Male,21.0,Informatique,4,0.926905132192846,5.0,0.8184855233853007,0.9550000000000001,0.647,1.0,1.1,11.6,Yes,No,Middle,3.0,Yes,Salle 2,230.0,0.7722222222222221,1.0,1.2002932609125372,0.801,2.1
ENSPD003545,Female,24.0,Electrique,2,0.8242612752721618,11.0,0.6848552338530067,0.568,0.529,2.0,0.2,5.7,Yes,No,Middle,2.0,Yes,Salle 16,185.0,0.5263888888888889,1.0,1.5658491928278842,0.5485,2.2
ENSPD003546,Male,23.0,GenieCivil,3,0.6189735614307931,24.0,0.6113585746102449,0.856,0.58,1.0,0.7,9.9,No,No,Middle,0.0,Yes,Salle 23,185.0,0.5541666666666667,1.0,1.116924617476003,0.718,1.7
ENSPD003547,Male,23.0,Informatique,3,0.7185069984447902,18.0,0.6481069042316259,0.294,0.532,2.0,1.3,9.2,Yes,Yes,Low,4.0,Yes,Salle 13,263.0,0.39583333333333337,1.0,1.8151297191097238,0.41300000000000003,3.3
ENSPD003548,Male,24.0,GenieCivil,3,0.9828926905132193,1.0,0.688195991091314,0.752,0.542,0.0,0.5,3.6,Yes,No,Middle,1.0,Yes,Salle 9,185.0,0.5736111111111111,1.0,1.7134876514731898,0.647,0.5
ENSPD003549,Male,21.0,Informatique,3,0.9999999999999999,0.0,0.6948775055679287,0.616,0.48600000000000004,3.0,0.2,6.3,Yes,No,Middle,2.0,Yes,Salle 7,263.0,0.5638888888888889,1.0,1.7733675658953831,0.551,3.2
ENSPD003550,Male,20.0,GenieCivil,1,0.7682737169517885,15.0,0.9766146993318485,0.855,0.488,0.0,1.1,13.4,Yes,No,Middle,2.0,Yes,Salle 4,149.0,0.6847222222222222,1.0,1.1220060806521441,0.6715,1.1
ENSPD003551,Female,21.0,Mecanique,2,0.223950233281493,50.0,0.5779510022271716,0.34500000000000003,0.24,2.0,1.2,7.6,Yes,No,Middle,1.0,Yes,Salle 29,231.0,0.15000000000000002,0.0,1.4929020284080592,0.2925,3.2
ENSPD003552,Male,22.0,Chimie,2,0.7760497667185068,14.0,0.5824053452115813,0.494,0.595,2.0,4.9,27.9,No,Yes,Middle,1.0,Yes,Salle 8,119.0,0.461111111111111,1.0,1.6829629960956418,0.5445,6.9
ENSPD003553,Female,20.0,Chimie,2,0.8942457231726283,7.0,0.4031180400890869,0.7240000000000001,0.635,0.0,0.3,11.5,Yes,No,Middle,1.0,Yes,Salle 11,119.0,0.3055555555555556,0.0,2.9265265895129446,0.6795,0.3
ENSPD003554,Male,21.0,Electrique,1,0.7620528771384137,15.0,0.601336302895323,0.647,0.79,1.0,1.9,11.5,No,No,Middle,1.0,Yes,Salle 11,143.0,0.5680555555555554,1.0,1.341487561929614,0.7185,2.9
ENSPD003555,Male,21.0,Informatique,1,0.8553654743390359,9.0,0.9209354120267261,0.6729999999999999,0.528,2.0,1.4,11.7,Yes,Yes,Middle,1.0,Yes,Salle 15,248.0,0.5986111111111111,1.0,1.4288929315429206,0.6005,3.4
ENSPD003556,Female,26.0,Energetique,2,0.7869362363919129,14.0,0.7750556792873051,0.555,0.616,1.0,0.3,7.6,Yes,No,Middle,0.0,Yes,Salle 14,71.0,0.6083333333333333,1.0,1.2935725490406946,0.5855,1.3
ENSPD003557,Male,17.0,Electrique,3,0.4898911353032659,33.0,0.5189309576837416,0.899,0.5650000000000001,1.0,1.0,3.5,Yes,Yes,Middle,0.0,Yes,Salle 22,188.0,0.5319444444444444,1.0,0.9209268583419619,0.732,2.0
ENSPD003558,Male,22.0,Informatique,1,0.5552099533437015,29.0,0.6158129175946548,1.0,0.5910000000000001,1.0,1.1,8.6,Yes,No,High,2.0,Yes,Salle 6,248.0,0.6375,1.0,0.8709039126346279,0.7955000000000001,2.1
ENSPD003559,Male,25.0,Telecom,5,0.6594090202177293,22.0,0.39420935412026725,0.639,0.893,1.0,1.4,4.0,No,No,Middle,0.0,Yes,Salle 19,60.0,0.6375,1.0,1.0343508654260003,0.766,2.4
ENSPD003560,Male,22.0,Informatique,4,0.9191290824261275,5.0,0.4487750556792873,0.7020000000000001,0.37,1.0,2.9,18.7,Yes,No,Middle,0.0,Yes,Salle 26,230.0,0.4819444444444444,1.0,1.907087055677265,0.536,3.9
ENSPD003561,Male,24.0,Electrique,4,0.5769828926905131,27.0,0.6347438752783965,0.63,0.315,3.0,3.7,16.2,Yes,No,Low,2.0,No,Salle 12,157.0,0.29027777777777775,0.0,1.9876237887363184,0.47250000000000003,6.7
ENSPD003562,Female,22.0,GenieCivil,1,0.8055987558320373,12.0,0.5278396436525613,0.851,0.664,1.0,0.3,6.8,No,No,Middle,2.0,Yes,Salle 27,149.0,0.6097222222222222,1.0,1.3212336932038176,0.7575000000000001,1.3
ENSPD003563,Male,21.0,GenieCivil,3,0.7760497667185068,14.0,0.43541202672605794,0.7690000000000001,0.541,4.0,0.4,8.7,Yes,Yes,Middle,1.0,Yes,Salle 2,185.0,0.523611111111111,1.0,1.4820826552843687,0.655,4.4
ENSPD003564,Male,18.0,Telecom,3,0.9999999999999999,0.0,0.6915367483296213,0.428,0.635,2.0,1.4,11.5,Yes,No,Middle,2.0,Yes,Salle 19,154.0,0.5777777777777777,1.0,1.7307392756663829,0.5315,3.4
ENSPD003565,Male,22.0,GenieCivil,5,0.7122861586314152,18.0,0.5968819599109131,0.51,0.783,3.0,0.8,6.0,Yes,No,Middle,2.0,Yes,Salle 11,70.0,0.5305555555555556,1.0,1.3425035816461548,0.6465000000000001,3.8
ENSPD003566,Female,20.0,Informatique,4,0.3919129082426127,39.0,0.34855233853006684,0.616,0.419,3.0,3.4,18.8,Yes,Yes,Middle,1.0,Yes,Salle 28,230.0,0.2402777777777778,0.0,1.6310147435175015,0.5175,6.4
ENSPD003567,Male,20.0,Energetique,3,0.8413685847589424,10.0,0.2639198218262806,1.0,0.761,1.0,11.5,48.2,No,No,Middle,1.0,Yes,Salle 7,104.0,0.6152777777777778,0.0,1.3674391319744656,0.8805000000000001,12.5
ENSPD003568,Female,21.0,Telecom,4,0.9999999999999999,0.0,0.5144766146993318,0.7340000000000001,0.436,1.0,0.4,4.9,Yes,No,High,1.0,Yes,Salle 3,121.0,0.4263888888888888,1.0,2.345221871018009,0.5850000000000001,1.4
ENSPD003569,Female,25.0,Electrique,1,0.8522550544323483,10.0,0.3452115812917595,0.513,0.655,1.0,2.9,12.8,No,No,High,1.0,Yes,Salle 23,143.0,0.3555555555555555,0.0,2.396899927780511,0.5840000000000001,3.9
ENSPD003570,Female,27.0,GenieCivil,1,0.5723172628304821,28.0,0.2984409799554566,0.498,0.39299999999999996,1.0,1.9,12.8,Yes,No,Middle,1.0,Yes,Salle 3,149.0,0.1791666666666667,0.0,3.1941506306465612,0.4455,2.9
ENSPD003571,Male,22.0,Informatique,3,0.5178849144634526,31.0,0.7984409799554566,0.765,0.6659999999999999,0.0,1.4,15.3,Yes,No,Middle,3.0,Yes,Salle 20,263.0,0.6638888888888889,1.0,0.7800659454788254,0.7155,1.4
ENSPD003572,Male,21.0,Chimie,1,0.5427682737169516,29.0,0.5935412026726058,0.783,0.636,0.0,0.6,11.5,No,No,Middle,3.0,No,Salle 11,96.0,0.5861111111111111,1.0,0.9260343356137174,0.7095,0.6
ENSPD003573,Female,20.0,Informatique,1,0.9999999999999999,0.0,0.5657015590200446,0.7640000000000001,0.419,0.0,1.4,2.4,No,No,Low,0.0,Yes,Salle 21,248.0,0.43194444444444435,1.0,2.3150589439730016,0.5915,1.4
ENSPD003574,Other,23.0,Informatique,4,0.6594090202177293,22.0,0.579064587973274,0.543,0.368,2.0,1.6,17.8,No,No,Middle,0.0,No,Salle 2,230.0,0.31944444444444453,0.0,2.064172315287369,0.4555,3.6
ENSPD003575,Female,26.0,GenieCivil,2,0.5956454121306377,26.0,0.4198218262806236,0.675,0.79,0.0,1.9,9.2,Yes,No,Middle,2.0,Yes,Salle 21,177.0,0.5652777777777778,1.0,1.0537029731514804,0.7325,1.9
ENSPD003576,Male,22.0,Informatique,3,0.6905132192846034,20.0,0.6792873051224945,0.64,0.549,2.0,6.6,34.3,Yes,Yes,High,0.0,No,Salle 27,263.0,0.5458333333333333,1.0,1.2650392101847359,0.5945,8.6
ENSPD003577,Male,17.0,Informatique,5,0.6609642301710731,22.0,0.5879732739420935,0.451,0.8420000000000001,1.0,2.2,17.8,No,No,Middle,2.0,Yes,Salle 10,109.0,0.638888888888889,1.0,1.0345365153483959,0.6465000000000001,3.2
ENSPD003578,Male,23.0,GenieCivil,2,0.9999999999999999,0.0,0.4832962138084633,0.45299999999999996,0.531,1.0,1.2,10.9,Yes,No,Low,1.0,No,Salle 22,177.0,0.4263888888888888,1.0,2.345221871018009,0.492,2.2
ENSPD003579,Female,24.0,Informatique,1,0.5303265940902021,30.0,0.5089086859688196,0.6940000000000001,0.9,1.0,10.2,47.3,Yes,No,High,2.0,Yes,Salle 25,248.0,0.7138888888888888,1.0,0.7428595314325278,0.797,11.2
ENSPD003580,Male,19.0,Informatique,1,0.9409020217729395,4.0,0.4053452115812918,0.655,0.635,3.0,0.9,8.9,Yes,No,Low,3.0,No,Salle 26,248.0,0.44861111111111107,1.0,2.0973199844353823,0.645,3.9
ENSPD003581,Male,22.0,Informatique,1,0.7433903576982893,16.0,0.5423162583518931,0.72,0.935,1.0,0.4,1.1,Yes,No,Middle,0.0,Yes,Salle 4,248.0,0.6583333333333332,1.0,1.1291833911863964,0.8275,1.4
ENSPD003582,Female,23.0,Informatique,1,0.9455676516329704,4.0,0.5701559020044543,0.762,0.675,2.0,1.4,16.9,Yes,No,Low,1.0,Yes,Salle 26,248.0,0.6513888888888888,1.0,1.4515954321719131,0.7185,3.4
ENSPD003583,Male,22.0,Chimie,1,0.7231726283048211,0.0,0.5378619153674833,0.89,0.72,1.0,0.6,5.6,Yes,No,Middle,2.0,Yes,Salle 16,96.0,0.6347222222222223,1.0,1.139334987237556,0.8049999999999999,1.6
ENSPD003584,Female,20.0,Chimie,2,0.7356143079315708,17.0,0.6191536748329621,0.48,0.439,2.0,5.1,28.7,No,Yes,Middle,1.0,Yes,Salle 16,119.0,0.4097222222222222,1.0,1.7953538141127774,0.4595,7.1
ENSPD003585,Male,24.0,GenieCivil,2,0.6609642301710731,22.0,0.5968819599109131,0.733,0.7859999999999999,1.0,1.1,9.3,Yes,No,Middle,1.0,Yes,Salle 5,177.0,0.6472222222222221,1.0,1.021216508507106,0.7595,2.1
ENSPD003586,Male,21.0,GenieCivil,3,0.7325038880248832,17.0,0.6492204899777283,0.755,0.793,0.0,0.3,8.1,No,No,Middle,1.0,Yes,Salle 20,185.0,0.7250000000000001,1.0,1.0103362547066705,0.774,0.3
ENSPD003587,Male,19.0,Informatique,4,0.7029548989113531,19.0,0.7672605790645879,0.564,0.5750000000000001,1.0,0.3,7.3,Yes,No,Middle,1.0,Yes,Salle 21,230.0,0.5347222222222222,1.0,1.3145923692236776,0.5695,1.3
ENSPD003588,Female,18.0,Informatique,4,0.41057542768273714,38.0,0.7093541202672606,0.642,0.21300000000000002,2.0,2.1,11.5,No,No,Low,1.0,Yes,Salle 29,230.0,0.3680555555555556,0.0,1.1154953825087421,0.4275,4.1
ENSPD003589,Male,25.0,Mecanique,3,0.9999999999999999,0.0,0.7694877505567929,0.568,0.41700000000000004,0.0,0.9,11.8,No,No,High,2.0,No,Salle 1,212.0,0.4833333333333333,1.0,2.0689227119438907,0.4925,0.9
ENSPD003590,Male,23.0,GenieCivil,1,0.7651632970451011,15.0,0.6113585746102449,1.0,0.41700000000000004,0.0,0.9,3.3,Yes,No,Middle,0.0,Yes,Salle 27,149.0,0.5625,1.0,1.360266123349098,0.7085,0.9
ENSPD003591,Female,22.0,Chimie,3,0.5023328149300156,32.0,0.5256124721603563,0.639,0.73,0.0,1.9,17.5,No,No,Middle,1.0,No,Salle 24,130.0,0.49583333333333335,1.0,1.013087766156008,0.6845,1.9
ENSPD003592,Male,21.0,Electrique,2,0.33437013996889575,43.0,0.7193763919821826,0.701,0.547,0.0,0.5,11.5,Yes,Yes,Middle,0.0,Yes,Salle 9,185.0,0.5,1.0,0.6687269053996836,0.624,0.5
ENSPD003593,Male,21.0,Mecanique,1,0.286158631415241,46.0,0.7227171492204899,0.5720000000000001,0.635,0.0,0.3,5.1,Yes,No,Middle,1.0,Yes,Salle 3,186.0,0.4291666666666667,1.0,0.6667618573902923,0.6035,0.3
ENSPD003594,Male,20.0,Informatique,4,0.8631415241057544,9.0,0.4966592427616926,0.534,0.527,1.0,2.1,14.4,Yes,No,High,0.0,No,Salle 30,230.0,0.3930555555555556,1.0,2.1959225678927714,0.5305,3.1
ENSPD003595,Male,21.0,Chimie,2,0.6049766718506998,25.0,0.7126948775055679,0.386,0.635,0.0,0.0,4.0,No,No,Middle,0.0,Yes,Salle 13,119.0,0.6291666666666667,1.0,0.9615370434123429,0.5105,0.0
ENSPD003596,Female,18.0,Mecanique,1,0.6345256609642301,24.0,0.4521158129175946,0.818,0.635,1.0,4.8,20.9,Yes,No,Middle,2.0,Yes,Salle 26,186.0,0.5583333333333333,1.0,1.1364435161714659,0.7264999999999999,5.8
ENSPD003597,Male,21.0,Chimie,4,0.8118195956454123,12.0,0.690423162583519,0.758,0.68,3.0,0.4,6.3,Yes,No,Middle,1.0,Yes,Salle 3,93.0,0.5722222222222223,1.0,1.418689063843294,0.7190000000000001,3.4
ENSPD003598,Male,21.0,GenieCivil,4,0.6236391912908242,24.0,0.6057906458797326,0.5660000000000001,0.516,1.0,1.2,10.9,Yes,No,Low,1.0,Yes,Salle 9,173.0,0.44861111111111107,1.0,1.3901244855513855,0.541,2.2
ENSPD003599,Male,23.0,Chimie,2,0.822706065318818,11.0,0.378619153674833,0.45799999999999996,0.634,1.0,0.5,12.3,No,No,High,1.0,Yes,Salle 28,119.0,0.44166666666666665,1.0,1.8626885398492516,0.546,1.5
ENSPD003600,Female,22.0,Telecom,2,0.7371695178849144,17.0,0.5378619153674833,0.652,0.445,1.0,0.5,6.2,Yes,No,Low,3.0,No,Salle 9,161.0,0.4388888888888889,1.0,1.6795884805065782,0.5485,1.5
ENSPD003601,Male,24.0,Telecom,3,0.7045101088646967,19.0,0.9743875278396437,0.53,0.7090000000000001,1.0,3.6,19.4,Yes,Yes,Middle,1.0,Yes,Salle 13,154.0,0.6166666666666666,1.0,1.1424302992892497,0.6195,4.6
ENSPD003602,Male,25.0,GenieCivil,4,0.4261275272161742,37.0,0.643652561247216,0.58,0.41100000000000003,1.0,1.8,17.4,Yes,No,High,0.0,Yes,Salle 23,173.0,0.4125,1.0,1.0330113869146789,0.4955,2.8
ENSPD003603,Male,24.0,GenieCivil,1,0.567651632970451,28.0,0.9944320712694878,0.39299999999999996,0.789,2.0,0.7,9.8,Yes,No,Middle,0.0,Yes,Salle 21,149.0,0.6777777777777778,1.0,0.837506446090805,0.591,2.7
ENSPD003604,Male,23.0,Mecanique,3,0.8320373250388803,11.0,0.3685968819599109,0.659,0.493,1.0,0.6,1.8,Yes,No,Low,1.0,Yes,Salle 17,212.0,0.3583333333333333,0.0,2.3218998308108993,0.5760000000000001,1.6
ENSPD003605,Male,22.0,Energetique,5,0.5925349922239501,26.0,0.7360801781737194,0.663,0.8300000000000001,1.0,0.5,6.9,No,No,Middle,1.0,Yes,Salle 9,40.0,0.7111111111111112,1.0,0.8332406153687761,0.7465,1.5
ENSPD003606,Male,20.0,GenieCivil,2,0.9455676516329704,4.0,0.1870824053452116,0.8170000000000001,1.0,1.0,1.6,14.7,Yes,No,Middle,1.0,Yes,Salle 12,177.0,0.7152777777777779,1.0,1.321940177099929,0.9085000000000001,2.6
ENSPD003607,Female,23.0,Informatique,4,0.9999999999999999,0.0,0.6102449888641426,0.593,0.64,2.0,2.6,25.2,Yes,No,Middle,1.0,No,Salle 6,230.0,0.5402777777777777,1.0,1.8508654852660826,0.6165,4.6
ENSPD003608,Male,25.0,GenieCivil,5,0.8429237947122862,10.0,0.7160356347438753,0.56,0.902,1.0,0.6,8.1,No,No,Middle,0.0,Yes,Salle 3,70.0,0.6805555555555556,1.0,1.2385637031309868,0.7310000000000001,1.6
ENSPD003609,Female,23.0,Informatique,2,0.9984447900466563,0.0,0.7505567928730512,0.616,0.79,1.0,0.8,0.0,Yes,No,Middle,0.0,No,Salle 21,298.0,0.6291666666666667,1.0,1.586906894269214,0.7030000000000001,1.8
ENSPD003610,Female,26.0,GenieCivil,4,0.8538102643856921,9.0,0.4766146993318485,0.616,0.353,3.0,2.5,7.7,Yes,Yes,High,0.0,Yes,Salle 11,173.0,0.46666666666666656,1.0,1.829554218950363,0.4845,5.5
ENSPD003611,Male,19.0,Electrique,2,0.6205287713841366,24.0,0.7839643652561247,0.7809999999999999,0.662,0.0,2.7,13.1,No,No,Low,1.0,Yes,Salle 29,185.0,0.5916666666666666,1.0,1.048763296480854,0.7215,2.7
ENSPD003612,Male,20.0,Mecanique,4,0.7573872472783826,16.0,0.5211581291759466,0.625,0.74,0.0,0.5,3.2,No,No,Low,0.0,Yes,Salle 13,178.0,0.5513888888888888,1.0,1.3735741267171868,0.6825,0.5
ENSPD003613,Male,24.0,Informatique,4,0.9999999999999999,0.0,0.6113585746102449,0.616,0.76,1.0,1.0,12.3,Yes,No,Middle,3.0,Yes,Salle 25,230.0,0.5055555555555555,1.0,1.9779828530864225,0.688,2.0
ENSPD003614,Female,23.0,Energetique,2,0.6220839813374807,24.0,0.5378619153674833,0.401,0.6759999999999999,1.0,4.1,28.9,No,Yes,Low,1.0,Yes,Salle 14,71.0,0.4027777777777778,1.0,1.5444460225918049,0.5385,5.1
ENSPD003615,Male,25.0,Chimie,4,0.525660964230171,30.0,0.42093541202672613,0.522,0.6729999999999999,1.0,1.4,18.9,No,No,Middle,0.0,Yes,Salle 15,93.0,0.47777777777777775,1.0,1.1001975954158025,0.5974999999999999,2.4
ENSPD003616,Male,22.0,Telecom,4,0.5085536547433903,32.0,0.8719376391982183,0.794,0.6409999999999999,1.0,0.4,10.2,Yes,Yes,Middle,2.0,Yes,Salle 15,121.0,0.6972222222222222,1.0,0.7293892028147028,0.7175,1.4
ENSPD003617,Male,20.0,Mecanique,2,0.6796267496111975,21.0,0.6180400890868597,0.672,0.667,0.0,1.0,11.6,No,No,Middle,0.0,No,Salle 17,231.0,0.5638888888888889,1.0,1.2052280346754005,0.6695,1.0
ENSPD003618,Female,22.0,Chimie,1,0.5334370139968895,30.0,0.7917594654788419,0.35100000000000003,0.395,1.0,7.2,35.3,No,Yes,Low,2.0,Yes,Salle 14,96.0,0.3458333333333333,0.0,1.5424238739994685,0.373,8.2
ENSPD003619,Female,19.0,GenieCivil,1,0.9999999999999999,0.0,0.7850779510022272,0.693,0.593,1.0,1.5,8.0,Yes,No,Middle,1.0,Yes,Salle 16,149.0,0.6361111111111111,1.0,1.5720276886476894,0.643,2.5
ENSPD003620,Male,20.0,Informatique,3,0.76049766718507,15.0,0.4487750556792873,0.469,0.349,2.0,2.5,18.2,Yes,No,Middle,1.0,Yes,Salle 10,263.0,0.2791666666666667,0.0,2.724073169385228,0.409,4.5
ENSPD003621,Female,24.0,Informatique,5,0.9020217729393468,6.0,0.8129175946547884,0.526,0.54,0.0,0.2,4.3,Yes,No,Middle,0.0,No,Salle 17,109.0,0.5180555555555555,1.0,1.741134424526738,0.533,0.2
ENSPD003622,Male,24.0,Mecanique,4,0.6640746500777605,22.0,0.6948775055679287,0.795,0.522,0.0,3.6,22.7,No,No,Middle,0.0,Yes,Salle 26,178.0,0.5458333333333333,1.0,1.216603024209194,0.6585000000000001,3.6
ENSPD003623,Male,23.0,Informatique,2,0.5069984447900465,32.0,0.4365256124721604,0.758,0.509,2.0,1.4,14.3,Yes,Yes,Middle,2.0,Yes,Salle 16,298.0,0.4625,1.0,1.0961891522130256,0.6335,3.4
ENSPD003624,Female,19.0,Energetique,3,0.4758942457231726,34.0,0.6848552338530067,0.8170000000000001,0.43,3.0,0.4,6.6,Yes,Yes,Middle,1.0,No,Salle 14,104.0,0.5083333333333333,1.0,0.9361669850229295,0.6235,3.4
ENSPD003625,Male,21.0,Informatique,2,0.5505443234836701,29.0,0.4398663697104678,0.616,0.6940000000000001,2.0,1.0,6.0,No,No,Middle,1.0,Yes,Salle 13,298.0,0.4819444444444444,1.0,1.1423161044158234,0.655,3.0
ENSPD003626,Male,20.0,GenieCivil,1,0.7231726283048211,14.0,0.8786191536748329,0.779,0.5760000000000001,0.0,0.2,5.5,Yes,No,Low,1.0,No,Salle 4,149.0,0.6319444444444444,1.0,1.1443429738682624,0.6775,0.2
ENSPD003627,Male,24.0,GenieCivil,3,0.8164852255054432,12.0,0.6113585746102449,0.514,0.635,1.0,3.0,14.7,No,No,High,3.0,Yes,Salle 22,185.0,0.5152777777777777,1.0,1.5845227865225235,0.5745,4.0
ENSPD003628,Female,21.0,Mecanique,2,0.8320373250388803,11.0,0.5979955456570156,0.574,0.358,1.0,2.7,8.9,No,No,Middle,0.0,Yes,Salle 3,231.0,0.36944444444444435,0.0,2.252070147078703,0.46599999999999997,3.7
ENSPD003629,Female,20.0,Electrique,3,0.44167962674961103,36.0,0.8218262806236081,0.616,0.635,1.0,1.3,5.8,Yes,No,Low,2.0,Yes,Salle 3,188.0,0.5291666666666666,1.0,0.834654387790362,0.6255,2.3
ENSPD003630,Female,22.0,Informatique,5,0.7200622083981337,18.0,0.3463251670378619,0.624,0.8690000000000001,3.0,1.2,11.0,Yes,No,High,2.0,Yes,Salle 15,109.0,0.5097222222222222,1.0,1.4126283899788787,0.7465,4.2
ENSPD003631,Female,21.0,Chimie,3,0.5287713841368585,30.0,0.4855233853006682,0.38799999999999996,0.872,1.0,1.2,0.0,No,Yes,Middle,2.0,Yes,Salle 4,130.0,0.5638888888888889,1.0,0.9377060224019135,0.63,2.2
ENSPD003632,Male,25.0,Mecanique,3,0.7947122861586314,13.0,0.5679287305122495,0.579,0.715,0.0,0.1,14.9,No,No,Middle,3.0,Yes,Salle 16,212.0,0.5611111111111111,1.0,1.4162936849497105,0.647,0.1
ENSPD003633,Male,21.0,Electrique,1,0.8087091757387247,12.0,0.9832962138084633,0.881,0.5810000000000001,0.0,0.9,11.5,Yes,No,Middle,0.0,Yes,Salle 28,143.0,0.7680555555555555,1.0,1.0529168635270605,0.7310000000000001,0.9
ENSPD003634,Male,19.0,Chimie,5,0.500777604976672,32.0,0.4309576837416481,0.423,0.752,0.0,0.3,9.6,Yes,No,Low,2.0,No,Salle 30,48.0,0.49444444444444435,1.0,1.0127881559227,0.5875,0.3
ENSPD003635,Male,18.0,Telecom,4,0.900466562986003,6.0,0.32516703786191536,0.381,0.507,3.0,0.4,0.0,Yes,Yes,Middle,2.0,Yes,Salle 1,121.0,0.28055555555555556,0.0,3.2094693919321795,0.444,3.4
ENSPD003636,Male,22.0,Telecom,4,0.9999999999999999,0.0,0.3685968819599109,0.395,0.58,0.0,6.5,27.1,Yes,No,Middle,0.0,Yes,Salle 5,121.0,0.3486111111111111,0.0,2.86844361436644,0.4875,6.5
ENSPD003637,Female,21.0,Electrique,2,0.8755832037325039,8.0,0.7616926503340756,0.616,0.49100000000000005,0.0,0.6,11.6,Yes,No,Middle,1.0,Yes,Salle 8,185.0,0.7027777777777777,1.0,1.245871415836381,0.5535,0.6
ENSPD003638,Male,19.0,Mecanique,3,0.6889580093312596,20.0,0.5111358574610245,0.7040000000000001,0.8220000000000001,3.0,1.3,11.9,Yes,No,Middle,2.0,No,Salle 30,212.0,0.6805555555555556,1.0,1.012331587614441,0.7630000000000001,4.3
ENSPD003639,Male,24.0,GenieCivil,3,0.6609642301710731,22.0,0.5835189309576838,0.5710000000000001,0.7959999999999999,2.0,4.4,21.0,Yes,No,Middle,1.0,Yes,Salle 6,185.0,0.5472222222222223,1.0,1.2078313434961914,0.6835,6.4
ENSPD003640,Male,23.0,Chimie,1,0.6811819595645411,20.0,0.6113585746102449,0.632,0.633,2.0,1.1,17.4,Yes,Yes,Middle,2.0,No,Salle 3,96.0,0.6819444444444445,1.0,0.998867248558615,0.6325000000000001,3.1
ENSPD003641,Male,22.0,Telecom,3,0.5785381026438571,27.0,0.5835189309576838,0.6609999999999999,0.986,1.0,1.5,5.3,No,No,Middle,2.0,Yes,Salle 20,154.0,0.7152777777777779,1.0,0.8088186609887726,0.8234999999999999,2.5
ENSPD003642,Female,25.0,Informatique,4,0.7667185069984447,15.0,0.6447661469933185,0.505,0.723,1.0,0.4,11.0,No,No,Middle,0.0,Yes,Salle 5,230.0,0.5180555555555555,1.0,1.479964260847727,0.614,1.4
ENSPD003643,Male,23.0,Mecanique,1,0.5069984447900465,32.0,0.6993318485523385,0.527,0.711,0.0,0.7,6.1,Yes,No,High,4.0,Yes,Salle 14,186.0,0.5208333333333334,1.0,0.9734183243650615,0.619,0.7
ENSPD003644,Male,22.0,Chimie,1,0.36702954898911344,41.0,0.5378619153674833,0.5920000000000001,0.6900000000000001,1.0,1.4,7.2,Yes,No,Low,1.0,Yes,Salle 11,96.0,0.5875,1.0,0.6247205136748539,0.641,2.4
ENSPD003645,Female,20.0,GenieCivil,4,0.76049766718507,15.0,0.5824053452115813,0.49,0.38799999999999996,1.0,0.9,0.7,Yes,Yes,Middle,1.0,Yes,Salle 5,173.0,0.28055555555555556,0.0,2.7105881393002345,0.43899999999999995,1.9
ENSPD003646,Male,24.0,Mecanique,2,0.7247278382581649,18.0,0.6503340757238307,0.549,0.461,0.0,0.1,0.0,No,No,Low,2.0,No,Salle 2,231.0,0.4097222222222222,1.0,1.7687840959335186,0.505,0.1
ENSPD003647,Male,23.0,GenieCivil,3,0.6127527216174183,25.0,0.755011135857461,0.684,0.629,3.0,1.0,11.5,No,No,Low,2.0,Yes,Salle 19,185.0,0.5513888888888888,1.0,1.1112694166870054,0.6565000000000001,4.0
ENSPD003648,Male,22.0,Electrique,3,0.48055987558320357,33.0,0.47772828507795106,0.441,0.631,1.0,3.4,18.9,Yes,No,Middle,1.0,No,Salle 26,188.0,0.37222222222222223,1.0,1.2910216979988096,0.536,4.4
ENSPD003649,Female,20.0,Energetique,2,0.7744945567651632,14.0,0.10579064587973273,1.0,0.758,1.0,0.2,2.8,Yes,Yes,Middle,1.0,Yes,Salle 16,71.0,0.5861111111111111,1.0,1.321389968870004,0.879,1.2
ENSPD003650,Other,23.0,GenieCivil,4,0.5349922239502333,30.0,0.7238307349665924,0.756,0.506,1.0,0.0,4.2,Yes,No,Low,1.0,No,Salle 30,173.0,0.5305555555555556,1.0,1.008343301498422,0.631,1.0
ENSPD003651,Female,20.0,Informatique,3,0.7231726283048211,20.0,0.7650334075723831,0.391,0.654,0.0,0.3,5.6,Yes,No,Middle,1.0,Yes,Salle 8,263.0,0.513888888888889,1.0,1.4072274603831254,0.5225,0.3
ENSPD003652,Male,22.0,Informatique,4,0.9999999999999999,0.0,0.643652561247216,0.174,0.658,2.0,2.3,12.3,Yes,No,Low,0.0,Yes,Salle 29,230.0,0.47916666666666674,1.0,2.086912968772825,0.41600000000000004,4.3
ENSPD003653,Female,25.0,Informatique,4,0.8413685847589424,10.0,0.6547884187082406,0.49600000000000005,0.6659999999999999,0.0,3.2,13.8,No,No,High,0.0,Yes,Salle 17,230.0,0.5375,1.0,1.5653077798718953,0.581,3.2
ENSPD003654,Male,21.0,Electrique,4,0.4650077760497665,34.0,0.5155902004454344,0.743,0.643,3.0,0.1,11.5,No,No,Middle,1.0,No,Salle 20,157.0,0.5041666666666667,1.0,0.922311179381103,0.6930000000000001,3.1
ENSPD003655,Male,19.0,GenieCivil,1,0.48211508553654736,33.0,0.6937639198218263,0.708,0.359,0.0,4.4,27.6,Yes,No,Low,0.0,Yes,Salle 2,149.0,0.41388888888888886,1.0,1.164813674254562,0.5335,4.4
ENSPD003656,Male,20.0,Informatique,2,0.7480559875583203,16.0,0.7527839643652561,0.6,0.635,0.0,2.0,11.5,Yes,No,Low,1.0,Yes,Salle 9,298.0,0.3652777777777778,0.0,2.047853864996816,0.6174999999999999,2.0
ENSPD003657,Male,24.0,Electrique,1,0.46345256609642294,34.0,0.6191536748329621,0.616,0.452,4.0,1.5,12.7,No,No,Low,0.0,Yes,Salle 27,143.0,0.3291666666666666,0.0,1.4079143907418195,0.534,5.5
ENSPD003658,Male,23.0,Chimie,2,0.34681181959564533,42.0,1.0,0.457,0.534,3.0,0.6,10.4,Yes,No,Low,1.0,No,Salle 12,119.0,0.5805555555555555,1.0,0.5973689211785459,0.49550000000000005,3.6
ENSPD003659,Female,22.0,Mecanique,4,0.8195956454121308,12.0,0.34855233853006684,0.5479999999999999,0.40399999999999997,2.0,0.9,7.7,No,Yes,Middle,1.0,Yes,Salle 13,178.0,0.3055555555555556,0.0,2.6822252394318644,0.476,2.9
ENSPD003660,Female,21.0,Mecanique,2,0.7807153965785382,14.0,0.6113585746102449,0.438,0.629,0.0,5.9,26.0,Yes,No,Low,0.0,No,Salle 15,231.0,0.4847222222222223,1.0,1.6106117167111378,0.5335,5.9
ENSPD003661,Male,23.0,Energetique,4,0.8040435458786938,18.0,0.4142538975501113,0.5479999999999999,0.635,1.0,1.4,16.6,Yes,Yes,Middle,1.0,Yes,Salle 26,70.0,0.5569444444444444,1.0,1.4436432887804997,0.5914999999999999,2.4
ENSPD003662,Male,20.0,Mecanique,2,0.7698289269051323,15.0,0.757238307349666,0.86,0.785,1.0,2.0,10.8,Yes,No,Low,2.0,Yes,Salle 22,231.0,0.797222222222222,1.0,0.965626959682205,0.8225,3.0
ENSPD003663,Male,23.0,Chimie,2,0.7076205287713843,19.0,0.3463251670378619,0.48100000000000004,0.733,2.0,1.7,9.3,Yes,No,Middle,1.0,Yes,Salle 20,119.0,0.475,1.0,1.4896960669699255,0.607,3.7
ENSPD003664,Male,21.0,GenieCivil,4,0.5972006220839813,26.0,0.38752783964365256,0.73,0.8370000000000001,1.0,0.5,2.8,No,No,Middle,0.0,No,Salle 1,173.0,0.5722222222222223,1.0,1.0436333343215034,0.7835000000000001,1.5
ENSPD003665,Male,20.0,Chimie,2,0.8164852255054432,12.0,0.5044543429844098,0.757,0.455,0.0,6.1,30.3,Yes,No,Middle,2.0,Yes,Salle 25,119.0,0.513888888888889,1.0,1.5888051972067547,0.606,6.1
ENSPD003666,Male,21.0,Chimie,4,0.9999999999999999,0.0,0.6547884187082406,0.42600000000000005,0.549,0.0,2.8,15.4,Yes,Yes,High,1.0,Yes,Salle 3,93.0,0.3638888888888888,0.0,2.7480160850541515,0.48750000000000004,2.8
ENSPD003667,Female,21.0,Electrique,2,0.6267496111975116,24.0,0.5111358574610245,0.46799999999999997,0.763,0.0,1.4,10.7,No,No,Middle,0.0,No,Salle 29,185.0,0.4625,1.0,1.3551049949136484,0.6154999999999999,1.4
ENSPD003668,Male,22.0,Telecom,5,0.5303265940902021,30.0,0.512249443207127,0.812,0.545,2.0,3.4,14.1,Yes,No,Low,1.0,Yes,Salle 19,60.0,0.45972222222222214,1.0,1.1535554143382547,0.6785000000000001,5.4
ENSPD003669,Male,22.0,Energetique,3,0.5085536547433903,32.0,0.5801781737193764,0.45299999999999996,0.556,2.0,0.5,0.9,Yes,No,High,1.0,Yes,Salle 22,104.0,0.3763888888888889,1.0,1.3511029648483177,0.5045,2.5
ENSPD003670,Male,17.0,Electrique,4,0.5583203732503886,28.0,0.5701559020044543,0.61,1.0,0.0,0.5,9.7,No,No,Middle,3.0,Yes,Salle 29,157.0,0.7180555555555557,1.0,0.7775339854846891,0.8049999999999999,0.5
ENSPD003671,Male,20.0,Mecanique,1,0.7573872472783826,16.0,0.6113585746102449,0.9870000000000001,0.659,2.0,3.1,20.7,No,No,Middle,2.0,No,Salle 30,186.0,0.8902777777777777,1.0,0.8507218297086765,0.8230000000000001,5.1
ENSPD003672,Male,21.0,Mecanique,3,0.3203732503888024,44.0,0.7249443207126949,0.7959999999999999,0.993,1.0,1.6,8.0,No,No,Low,0.0,Yes,Salle 22,212.0,0.8430555555555557,1.0,0.38000989161238563,0.8945,2.6
ENSPD003673,Female,25.0,Chimie,4,0.80248833592535,13.0,0.5556792873051225,0.635,0.275,0.0,1.6,11.5,Yes,Yes,Middle,0.0,No,Salle 11,93.0,0.35138888888888886,0.0,2.283696281632507,0.455,1.6
ENSPD003674,Male,20.0,Electrique,4,0.8398133748055988,10.0,0.9610244988864143,0.7709999999999999,0.514,1.0,1.7,12.9,No,No,Middle,1.0,Yes,Salle 20,157.0,0.638888888888889,1.0,1.3144699253838443,0.6425,2.7
ENSPD003675,Female,22.0,Informatique,1,0.3841368584758942,40.0,0.692650334075724,0.61,0.7220000000000001,1.0,0.3,8.5,Yes,No,Middle,0.0,Yes,Salle 21,248.0,0.6041666666666667,1.0,0.6358022076476982,0.666,1.3
ENSPD003676,Male,25.0,Informatique,2,0.5365474339035771,30.0,0.6113585746102449,0.8029999999999999,0.659,1.0,0.9,1.6,Yes,No,Middle,2.0,Yes,Salle 21,298.0,0.5083333333333333,1.0,1.0554823850748716,0.731,1.9
ENSPD003677,Male,19.0,Electrique,2,0.7231726283048211,17.0,0.6525612472160356,0.252,0.22899999999999998,1.0,1.7,15.7,Yes,Yes,Low,2.0,No,Salle 13,185.0,0.2513888888888889,0.0,2.8765943696133145,0.2405,2.7
ENSPD003678,Male,23.0,Mecanique,1,0.6936236391912908,20.0,0.6993318485523385,0.595,0.594,1.0,0.6,2.1,Yes,No,Middle,1.0,Yes,Salle 11,186.0,0.4722222222222222,1.0,1.4688189550625086,0.5945,1.6
ENSPD003679,Female,20.0,GenieCivil,4,0.8164852255054432,12.0,0.4955456570155903,0.244,1.0,3.0,1.4,5.0,Yes,Yes,Low,1.0,Yes,Salle 22,173.0,0.5583333333333333,1.0,1.4623354068382834,0.622,4.4
ENSPD003680,Male,21.0,Chimie,1,0.6936236391912908,20.0,0.4342984409799555,0.649,0.6890000000000001,2.0,1.6,9.7,No,No,Low,0.0,Yes,Salle 19,96.0,0.5125,1.0,1.3533855713864917,0.669,3.6
ENSPD003681,Female,20.0,Electrique,2,0.9564541213063763,3.0,0.6247216035634744,0.5770000000000001,0.761,1.0,5.7,26.1,No,No,Low,1.0,Yes,Salle 14,185.0,0.6083333333333333,1.0,1.5722275052569707,0.669,6.7
ENSPD003682,Male,21.0,Informatique,3,0.6594090202177293,22.0,0.5501113585746102,0.865,0.511,3.0,0.6,7.5,Yes,No,Low,0.0,Yes,Salle 11,263.0,0.5305555555555556,1.0,1.2428417437073571,0.688,3.6
ENSPD003683,Female,27.0,Informatique,3,0.5365474339035771,30.0,0.8574610244988865,0.748,0.6890000000000001,2.0,1.2,10.4,Yes,Yes,Middle,2.0,Yes,Salle 9,263.0,0.75,1.0,0.7153870400442356,0.7185,3.2
ENSPD003684,Male,24.0,Informatique,4,0.52099533437014,31.0,0.7338530066815144,0.525,0.635,2.0,8.0,43.8,No,No,High,1.0,Yes,Salle 7,230.0,0.5486111111111112,1.0,0.9496450716505948,0.5800000000000001,10.0
ENSPD003685,Female,24.0,Mecanique,5,0.8569206842923794,9.0,0.5033407572383074,0.547,0.8640000000000001,0.0,0.4,3.0,No,No,Middle,1.0,Yes,Salle 4,67.0,0.5791666666666667,1.0,1.4795497360489536,0.7055,0.4
ENSPD003686,Male,23.0,Electrique,1,0.7262830482115087,18.0,0.6815144766146994,0.6890000000000001,0.8570000000000001,2.0,3.0,21.3,No,Yes,Middle,0.0,No,Salle 3,143.0,0.6958333333333333,1.0,1.0437450693568602,0.7730000000000001,5.0
ENSPD003687,Female,19.0,GenieCivil,3,0.838258164852255,10.0,0.8218262806236081,0.517,0.7220000000000001,2.0,0.4,0.7,Yes,No,Middle,2.0,Yes,Salle 12,185.0,0.6111111111111112,1.0,1.371672733295327,0.6195,2.4
ENSPD003688,Male,23.0,Informatique,2,0.8351477449455676,11.0,0.3775055679287305,0.614,0.654,0.0,3.8,15.3,Yes,No,High,3.0,Yes,Salle 10,298.0,0.4847222222222223,1.0,1.7229053622985675,0.634,3.8
ENSPD003689,Male,24.0,Informatique,2,0.34370139968895796,42.0,0.4398663697104678,0.8570000000000001,0.304,4.0,1.3,6.4,No,Yes,Low,1.0,Yes,Salle 26,298.0,0.2791666666666667,0.0,1.231125092912342,0.5805,5.3
ENSPD003690,Male,20.0,Informatique,1,0.5069984447900465,32.0,0.6080178173719376,0.47100000000000003,0.297,3.0,7.2,26.1,No,No,Middle,0.0,Yes,Salle 27,248.0,0.24583333333333335,0.0,2.0622826656137914,0.384,10.2
ENSPD003691,Female,24.0,Energetique,1,0.5303265940902021,30.0,0.6158129175946548,0.539,0.6559999999999999,0.0,0.4,8.4,No,No,Low,1.0,Yes,Salle 5,83.0,0.4902777777777778,1.0,1.0816639086821613,0.5974999999999999,0.4
ENSPD003692,Male,23.0,GenieCivil,2,0.567651632970451,28.0,0.601336302895323,0.5650000000000001,0.8150000000000001,1.0,2.3,19.1,Yes,No,Middle,1.0,No,Salle 29,177.0,0.525,1.0,1.0812206109796976,0.6900000000000001,3.3
ENSPD003693,Female,26.0,Telecom,2,0.6423017107309487,23.0,0.5579064587973274,1.0,0.9059999999999999,0.0,1.4,18.2,No,No,Low,1.0,Yes,Salle 16,161.0,0.8041666666666665,1.0,0.7987072211300363,0.953,1.4
ENSPD003694,Male,21.0,Telecom,4,0.906687402799378,6.0,0.5556792873051225,0.7290000000000001,0.462,0.0,2.5,8.8,No,No,Low,0.0,Yes,Salle 18,121.0,0.4652777777777778,1.0,1.9486594019936052,0.5955,2.5
ENSPD003695,Male,20.0,GenieCivil,4,0.9440124416796268,4.0,0.6748329621380846,0.8240000000000001,0.33799999999999997,4.0,0.2,14.9,Yes,No,Low,1.0,Yes,Salle 22,173.0,0.5944444444444444,1.0,1.5880315985556583,0.581,4.2
ENSPD003696,Male,21.0,Electrique,5,0.6656298600311042,22.0,0.799554565701559,0.758,0.8270000000000001,1.0,0.7,8.2,No,No,High,1.0,No,Salle 19,80.0,0.7930555555555554,1.0,0.8393125327008051,0.7925,1.7
ENSPD003697,Female,25.0,Informatique,3,0.6734059097978228,21.0,0.5300668151447662,0.77,0.47700000000000004,1.0,0.8,14.4,Yes,No,Middle,1.0,Yes,Salle 13,263.0,0.39722222222222214,1.0,1.6952449275907477,0.6235,1.8
ENSPD003698,Female,18.0,Electrique,2,0.5878693623639192,26.0,1.0,0.705,0.325,0.0,0.8,7.6,Yes,Yes,Middle,1.0,Yes,Salle 7,185.0,0.6194444444444444,1.0,0.9490114529586561,0.515,0.8
ENSPD003699,Female,18.0,Mecanique,2,0.7371695178849144,17.0,0.9376391982182628,0.6859999999999999,0.541,0.0,2.2,13.3,Yes,No,High,1.0,Yes,Salle 29,231.0,0.5986111111111111,1.0,1.2314459082751712,0.6134999999999999,2.2
ENSPD003700,Male,22.0,Telecom,2,0.7573872472783826,16.0,0.8318485523385302,0.359,0.538,2.0,0.1,3.9,Yes,No,Middle,2.0,No,Salle 30,161.0,0.46805555555555556,1.0,1.618122158934395,0.4485,2.1
ENSPD003701,Female,21.0,Informatique,2,0.8709175738724727,8.0,0.7138084632516704,0.684,0.904,2.0,2.6,23.7,Yes,No,Middle,1.0,Yes,Salle 10,298.0,0.7666666666666668,1.0,1.1359646272515653,0.794,4.6
ENSPD003702,Female,22.0,Chimie,3,0.8693623639191289,8.0,0.9454342984409798,0.6,0.813,1.0,1.5,16.6,No,No,Middle,1.0,Yes,Salle 5,130.0,0.7805555555555557,1.0,1.1137595782078464,0.7064999999999999,2.5
ENSPD003703,Male,24.0,Informatique,3,0.29082426127527206,46.0,0.5612472160356348,0.718,0.493,0.0,0.4,6.4,No,Yes,Middle,0.0,No,Salle 26,263.0,0.38194444444444453,1.0,0.7614108580364289,0.6054999999999999,0.4
ENSPD003704,Female,21.0,Telecom,2,0.6920684292379472,20.0,0.4710467706013364,0.6070000000000001,0.92,1.0,0.5,5.7,Yes,No,High,1.0,No,Salle 30,161.0,0.6305555555555554,1.0,1.097536050202116,0.7635000000000001,1.5
ENSPD003705,Female,18.0,Mecanique,1,0.9782270606531881,1.0,0.522271714922049,0.757,0.665,0.0,0.2,8.8,Yes,No,Low,4.0,Yes,Salle 4,186.0,0.6555555555555557,1.0,1.4921880082979568,0.7110000000000001,0.2
ENSPD003706,Female,26.0,Electrique,1,0.6376360808709175,23.0,0.44320712694877507,0.789,0.8520000000000001,0.0,1.2,2.3,Yes,No,Low,1.0,No,Salle 14,143.0,0.5986111111111111,1.0,1.0651747307865405,0.8205,1.2
ENSPD003707,Female,20.0,GenieCivil,1,0.9331259720062209,4.0,0.6302895322939867,0.096,0.905,1.0,1.8,11.5,No,Yes,Low,0.0,No,Salle 26,149.0,0.5125,1.0,1.8206980780984197,0.5005000000000001,2.8
ENSPD003708,Male,20.0,Mecanique,1,0.6625194401244167,22.0,0.6603563474387528,0.542,0.5870000000000001,2.0,1.7,7.7,Yes,No,Middle,1.0,No,Salle 1,186.0,0.5097222222222222,1.0,1.2997401601101561,0.5645,3.7
ENSPD003709,Male,24.0,Electrique,4,0.7527216174183514,16.0,0.643652561247216,0.28600000000000003,0.7540000000000001,1.0,6.6,32.9,Yes,Yes,Middle,0.0,Yes,Salle 15,157.0,0.4805555555555555,1.0,1.566324528915043,0.52,7.6
ENSPD003710,Female,21.0,Energetique,1,0.5085536547433903,32.0,0.6080178173719376,0.663,0.559,3.0,0.7,12.0,Yes,No,High,0.0,Yes,Salle 26,83.0,0.4458333333333333,1.0,1.1406555099550448,0.611,3.7
ENSPD003711,Male,22.0,Informatique,4,0.7231726283048211,31.0,0.6325167037861915,0.5660000000000001,0.826,1.0,2.9,11.6,Yes,No,Low,0.0,Yes,Salle 14,230.0,0.6472222222222221,1.0,1.117331003425422,0.696,3.9
ENSPD003712,Female,23.0,Telecom,2,0.8553654743390359,9.0,0.8997772828507795,0.8640000000000001,0.658,0.0,2.6,21.6,No,Yes,Low,1.0,Yes,Salle 23,161.0,0.8125,1.0,1.0527445500228132,0.7610000000000001,2.6
ENSPD003713,Female,24.0,Electrique,1,0.884914463452566,7.0,0.7138084632516704,0.657,0.8320000000000001,1.0,0.1,3.3,Yes,No,Low,1.0,No,Salle 11,143.0,0.6777777777777778,1.0,1.3055922406182685,0.7445,1.1
ENSPD003714,Female,21.0,Chimie,4,0.7247278382581649,18.0,0.6113585746102449,0.533,0.9450000000000001,2.0,5.3,27.9,Yes,No,High,0.0,Yes,Salle 25,93.0,0.7222222222222223,1.0,1.003455420513175,0.7390000000000001,7.3
ENSPD003715,Other,25.0,Mecanique,3,0.49144634525660946,33.0,0.6425389755011137,0.789,0.7490000000000001,3.0,5.4,24.4,Yes,No,Middle,1.0,Yes,Salle 29,212.0,0.7305555555555554,1.0,0.6726930136788221,0.7690000000000001,8.4
ENSPD003716,Male,18.0,GenieCivil,2,0.7278382581648523,18.0,0.34075723830734966,0.563,0.621,3.0,1.0,8.5,Yes,Yes,Low,1.0,Yes,Salle 6,177.0,0.4361111111111111,1.0,1.6688902225130302,0.592,4.0
ENSPD003717,Male,24.0,Telecom,4,0.9548989113530325,3.0,0.30734966592427615,0.53,0.625,3.0,1.1,16.6,No,Yes,Middle,0.0,Yes,Salle 16,121.0,0.4027777777777778,1.0,2.3707246446784196,0.5775,4.1
ENSPD003718,Male,20.0,GenieCivil,1,0.9999999999999999,0.0,0.957683741648107,0.691,0.635,1.0,3.4,16.5,Yes,Yes,Middle,2.0,Yes,Salle 13,149.0,0.36111111111111116,0.0,2.7691540849638003,0.663,4.4
ENSPD003719,Male,25.0,GenieCivil,1,0.6609642301710731,22.0,0.5211581291759466,0.91,0.49700000000000005,0.0,1.4,6.8,No,No,Middle,1.0,Yes,Salle 3,149.0,0.5486111111111112,1.0,1.2047735983626946,0.7035,1.4
ENSPD003720,Male,22.0,Informatique,4,0.41057542768273714,38.0,0.5066815144766148,0.774,0.8270000000000001,2.0,3.2,20.5,Yes,Yes,Low,2.0,No,Salle 25,230.0,0.5805555555555555,1.0,0.7071990815746015,0.8005,5.2
ENSPD003721,Male,21.0,Informatique,3,0.8771384136858474,8.0,0.6514476614699333,0.7220000000000001,0.8340000000000001,1.0,0.1,9.3,Yes,No,High,1.0,No,Salle 9,263.0,0.7513888888888889,1.0,1.1673405785612654,0.778,1.1
ENSPD003722,Female,23.0,Electrique,2,0.6687402799377916,21.0,0.7026726057906458,1.0,0.493,2.0,1.4,1.4,No,No,Low,3.0,Yes,Salle 29,185.0,0.6652777777777776,1.0,1.0051894868286115,0.7464999999999999,3.4
ENSPD003723,Female,24.0,Chimie,1,0.8958009331259719,7.0,0.7238307349665924,0.488,0.6729999999999999,1.0,0.2,7.3,Yes,No,Low,4.0,Yes,Salle 12,96.0,0.5166666666666666,1.0,1.73377470073348,0.5805,1.2
ENSPD003724,Male,23.0,Electrique,4,0.7729393468118196,15.0,0.6113585746102449,0.484,0.6020000000000001,3.0,1.2,11.9,Yes,No,Middle,0.0,No,Salle 17,157.0,0.523611111111111,1.0,1.4761424442411453,0.543,4.2
ENSPD003725,Male,20.0,Informatique,2,0.5552099533437015,29.0,0.8608017817371938,0.6459999999999999,0.778,1.0,3.9,27.6,Yes,No,Middle,1.0,No,Salle 10,298.0,0.6819444444444445,0.0,0.8141452231402413,0.712,4.9
ENSPD003726,Female,21.0,GenieCivil,1,0.7309486780715396,17.0,0.47438752783964366,0.893,1.0,1.0,1.7,10.2,Yes,Yes,Middle,2.0,No,Salle 5,149.0,0.8527777777777776,1.0,0.8571284639846384,0.9465,2.7
ENSPD003727,Male,22.0,Mecanique,3,0.9642301710730948,2.0,0.7717149220489978,0.45,0.782,1.0,1.5,16.4,Yes,No,Middle,1.0,Yes,Salle 3,212.0,0.6555555555555557,1.0,1.4708371464940115,0.616,2.5
ENSPD003728,Male,22.0,GenieCivil,5,0.6920684292379472,20.0,0.5456570155902005,0.9359999999999999,0.506,0.0,0.9,9.2,Yes,No,Low,3.0,Yes,Salle 25,70.0,0.5708333333333333,1.0,1.2123614113118264,0.721,0.9
ENSPD003729,Male,23.0,Telecom,1,0.5272161741835147,30.0,0.5868596881959911,0.36100000000000004,0.624,1.0,0.1,4.2,Yes,No,Middle,1.0,No,Salle 23,121.0,0.4041666666666667,1.0,1.3044201154202735,0.49250000000000005,1.1
ENSPD003730,Female,18.0,Chimie,4,0.4230171073094867,37.0,0.4276169265033408,0.598,0.92,1.0,2.9,13.6,Yes,No,High,1.0,Yes,Salle 4,93.0,0.6097222222222222,1.0,0.6937752211417728,0.759,3.9
ENSPD003731,Male,23.0,Informatique,3,0.5754276827371695,27.0,0.3273942093541203,0.6509999999999999,0.358,2.0,1.7,13.8,Yes,No,Middle,0.0,Yes,Salle 5,263.0,0.2319444444444444,0.0,2.4807788620536244,0.5045,3.7
ENSPD003732,Female,21.0,Telecom,2,0.6438569206842922,23.0,0.6046770601336303,0.461,0.517,0.0,5.3,21.5,Yes,No,Middle,1.0,No,Salle 25,161.0,0.38888888888888895,1.0,1.6555895094579365,0.489,5.3
ENSPD003733,Male,20.0,GenieCivil,4,0.8724727838258165,8.0,0.4510022271714923,0.508,0.782,3.0,1.1,5.0,Yes,No,High,0.0,Yes,Salle 28,173.0,0.4708333333333333,1.0,1.8530001851128468,0.645,4.1
ENSPD003734,Male,21.0,Chimie,5,0.5101088646967341,32.0,0.7650334075723831,0.763,0.899,1.0,1.0,11.4,Yes,Yes,Middle,1.0,No,Salle 14,48.0,0.8194444444444444,1.0,0.6224981366018052,0.831,2.0
ENSPD003735,Male,22.0,Informatique,2,0.9999999999999999,0.0,0.5634743875278396,0.8790000000000001,0.762,0.0,7.3,41.6,Yes,Yes,Middle,0.0,Yes,Salle 16,298.0,0.7430555555555556,1.0,1.345776281141637,0.8205,7.3
ENSPD003736,Male,17.0,Electrique,1,0.47122861586314146,34.0,0.6614699331848551,0.239,0.519,2.0,0.3,0.5,Yes,No,Middle,1.0,Yes,Salle 20,143.0,0.2777777777777778,0.0,1.6963619480771783,0.379,2.3
ENSPD003737,Female,21.0,Mecanique,5,0.9999999999999999,0.0,0.8385300668151447,0.652,0.635,0.0,0.6,4.5,Yes,No,Middle,1.0,Yes,Salle 7,67.0,0.6694444444444445,1.0,1.4937536202778712,0.6435,0.6
ENSPD003738,Female,20.0,GenieCivil,3,0.9999999999999999,0.0,0.3619153674832963,0.6,0.723,0.0,1.3,11.4,Yes,No,Middle,0.0,Yes,Salle 5,185.0,0.5305555555555556,1.0,1.8847812292543176,0.6615,1.3
ENSPD003739,Female,23.0,Informatique,2,0.7465007776049767,16.0,0.4888641425389756,0.639,0.71,1.0,1.5,8.8,No,No,Middle,0.0,Yes,Salle 17,298.0,0.49722222222222223,1.0,1.501312152033767,0.6745,2.5
ENSPD003740,Male,20.0,Informatique,3,0.41213063763608093,38.0,0.6403118040089087,0.616,0.621,1.0,1.6,3.9,Yes,No,Low,0.0,No,Salle 11,263.0,0.5277777777777778,1.0,0.7808643075656942,0.6185,2.6
ENSPD003741,Female,22.0,Informatique,4,0.7091757387247278,19.0,0.6625835189309577,0.38799999999999996,0.635,1.0,0.5,3.6,No,No,Low,0.0,Yes,Salle 17,230.0,0.4819444444444444,1.0,1.4714580328068239,0.5115,1.5
ENSPD003742,Female,25.0,Mecanique,4,0.6485225505443236,23.0,0.7951002227171492,0.898,0.459,4.0,5.2,27.8,Yes,Yes,High,1.0,No,Salle 22,178.0,0.6472222222222221,1.0,1.0019936095234432,0.6785,9.2
ENSPD003743,Female,24.0,Informatique,5,0.48211508553654736,33.0,0.755011135857461,0.8290000000000001,1.0,0.0,2.4,13.5,Yes,No,Middle,2.0,Yes,Salle 18,109.0,0.8569444444444445,1.0,0.5625912656875222,0.9145000000000001,2.4
ENSPD003744,Male,24.0,Electrique,2,0.7744945567651632,14.0,0.6269487750556793,0.601,0.6709999999999999,0.0,0.6,8.9,Yes,No,Low,1.0,Yes,Salle 27,185.0,0.5819444444444444,1.0,1.3308508323267896,0.6359999999999999,0.6
ENSPD003745,Male,21.0,Informatique,2,0.5660964230171072,28.0,0.6113585746102449,0.532,0.75,2.0,0.7,2.3,No,No,Low,1.0,Yes,Salle 21,298.0,0.6180555555555556,1.0,0.9159164718510558,0.641,2.7
ENSPD003746,Male,23.0,Electrique,3,0.5863141524105754,27.0,0.6659242761692651,0.51,0.596,1.0,4.2,23.1,Yes,No,Middle,0.0,No,Salle 2,188.0,0.4625,1.0,1.2676788662095422,0.5529999999999999,5.2
ENSPD003747,Female,22.0,Informatique,2,0.6827371695178849,20.0,0.36525612472160357,0.155,0.809,2.0,1.0,0.6,Yes,Yes,Middle,1.0,Yes,Salle 26,298.0,0.4125,1.0,1.6550802877939563,0.48200000000000004,3.0
ENSPD003748,Male,22.0,Energetique,3,0.6127527216174183,25.0,0.5846325167037862,0.684,0.38,1.0,1.6,14.5,No,Yes,Middle,3.0,No,Salle 17,104.0,0.4472222222222222,1.0,1.3700996734375543,0.532,2.6
ENSPD003749,Male,23.0,Energetique,2,0.9999999999999999,0.0,0.6514476614699333,0.76,0.29100000000000004,0.0,0.3,11.7,Yes,No,Middle,2.0,Yes,Salle 8,71.0,0.36944444444444435,0.0,2.7066936534048707,0.5255000000000001,0.3
ENSPD003750,Female,21.0,Mecanique,1,0.6205287713841366,24.0,0.6870824053452117,0.645,0.634,2.0,1.4,1.8,No,No,Low,0.0,Yes,Salle 20,186.0,0.5583333333333333,1.0,1.111374909197095,0.6395,3.4
ENSPD003751,Female,25.0,Electrique,2,0.80248833592535,13.0,0.6113585746102449,0.604,1.0,0.0,1.1,7.1,No,No,Middle,1.0,No,Salle 10,185.0,0.6847222222222222,1.0,1.1719739627864503,0.802,1.1
ENSPD003752,Female,22.0,Informatique,3,0.7465007776049767,16.0,0.3986636971046771,0.644,0.882,1.0,2.1,7.5,No,No,High,1.0,Yes,Salle 30,263.0,0.5944444444444444,1.0,1.2557745754641119,0.763,3.1
ENSPD003753,Male,23.0,Energetique,4,0.7853810264385693,14.0,0.5712694877505569,0.466,0.478,1.0,0.7,8.2,Yes,No,Middle,1.0,Yes,Salle 13,70.0,0.4291666666666667,1.0,1.8299714020766178,0.472,1.7
ENSPD003754,Male,25.0,GenieCivil,3,0.7993779160186624,13.0,0.9387527839643652,0.53,0.743,3.0,6.0,29.6,No,Yes,Low,2.0,Yes,Salle 21,185.0,0.6805555555555556,1.0,1.1745788623788322,0.6365000000000001,9.0
ENSPD003755,Male,24.0,Informatique,1,0.884914463452566,7.0,0.47327394209354123,0.59,0.513,1.0,0.5,1.6,Yes,No,Middle,3.0,No,Salle 6,248.0,0.4472222222222222,1.0,1.9786464827055033,0.5515,1.5
ENSPD003756,Male,19.0,Mecanique,2,0.7698289269051323,15.0,0.8062360801781737,0.745,0.725,4.0,3.0,14.7,Yes,No,Low,0.0,Yes,Salle 22,231.0,0.7069444444444444,1.0,1.088937106138568,0.735,7.0
ENSPD003757,Male,23.0,Informatique,4,0.7620528771384137,15.0,0.8752783964365256,0.868,0.741,1.0,0.9,11.5,Yes,No,Middle,1.0,Yes,Salle 15,230.0,0.7527777777777778,1.0,1.0123077175721245,0.8045,1.9
ENSPD003758,Male,24.0,Mecanique,2,0.7309486780715396,17.0,0.6180400890868597,0.616,0.635,1.0,1.4,21.6,Yes,No,Low,0.0,Yes,Salle 4,231.0,0.5430555555555555,1.0,1.345967665586487,0.6255,2.4
ENSPD003759,Male,24.0,Electrique,3,0.6936236391912908,20.0,0.4966592427616926,0.616,0.327,0.0,5.1,26.2,Yes,No,Middle,1.0,Yes,Salle 18,188.0,0.1958333333333333,0.0,3.5417270906572815,0.47150000000000003,5.1
ENSPD003760,Female,20.0,GenieCivil,3,0.5505443234836701,29.0,0.6959910913140313,0.626,0.387,2.0,0.4,11.0,No,No,Middle,1.0,Yes,Salle 28,185.0,0.46944444444444444,1.0,1.1727321575050544,0.5065,2.4
ENSPD003761,Male,21.0,Mecanique,2,0.7091757387247278,19.0,0.6425389755011137,0.9820000000000001,0.625,1.0,1.4,17.8,Yes,No,Middle,1.0,Yes,Salle 2,231.0,0.6541666666666666,1.0,1.0840737294075422,0.8035000000000001,2.4
ENSPD003762,Female,24.0,Informatique,4,0.7651632970451011,15.0,0.46659242761692654,0.44799999999999995,0.434,0.0,0.3,6.8,No,No,Middle,2.0,Yes,Salle 1,230.0,0.2763888888888889,0.0,2.7683298587813545,0.44099999999999995,0.3
ENSPD003763,Male,20.0,Mecanique,1,0.7947122861586314,13.0,0.5,0.779,0.418,1.0,1.4,15.8,Yes,No,Middle,1.0,No,Salle 5,186.0,0.39722222222222214,1.0,2.000623921475455,0.5985,2.4
ENSPD003764,Male,21.0,Informatique,3,0.7542768273716952,16.0,0.6113585746102449,0.86,0.6940000000000001,1.0,3.6,18.3,Yes,No,Low,0.0,Yes,Salle 26,263.0,0.6875,1.0,1.0971139727010448,0.777,4.6
ENSPD003765,Male,25.0,Chimie,1,0.6765163297045101,21.0,0.7661469933184856,0.555,0.457,1.0,1.0,9.7,Yes,No,Middle,0.0,Yes,Salle 28,96.0,0.4555555555555555,1.0,1.4850032480605528,0.506,2.0
ENSPD003766,Male,22.0,Informatique,1,0.7091757387247278,19.0,0.556792873051225,0.494,1.0,0.0,1.0,6.2,Yes,Yes,High,0.0,Yes,Salle 10,248.0,0.6722222222222222,1.0,1.0549564797420454,0.747,1.0
ENSPD003767,Female,21.0,Electrique,3,0.6174183514774495,25.0,0.5991091314031181,0.723,0.533,2.0,0.5,0.3,No,No,High,1.0,No,Salle 16,188.0,0.5347222222222222,1.0,1.1546309083668143,0.628,2.5
ENSPD003768,Male,20.0,Mecanique,3,0.7791601866251944,14.0,0.6113585746102449,0.684,0.5860000000000001,0.0,1.4,11.0,No,No,Middle,4.0,Yes,Salle 18,212.0,0.5486111111111112,1.0,1.4202154653640235,0.635,1.4
ENSPD003769,Male,23.0,Mecanique,3,0.6780715396578537,21.0,0.5812917594654788,0.745,0.7000000000000001,0.0,0.8,11.0,Yes,No,Low,0.0,Yes,Salle 14,212.0,0.5444444444444444,1.0,1.2454146468576464,0.7225,0.8
ENSPD003770,Male,19.0,Electrique,4,0.7542768273716952,16.0,0.5601336302895323,0.993,0.33799999999999997,1.0,0.3,6.5,Yes,No,Middle,2.0,Yes,Salle 19,157.0,0.4986111111111111,1.0,1.5127254152775225,0.6655,1.3
ENSPD003771,Male,22.0,GenieCivil,4,0.906687402799378,6.0,0.48440979955456576,0.65,0.742,0.0,0.7,8.3,Yes,Yes,Middle,1.0,Yes,Salle 27,173.0,0.576388888888889,1.0,1.573020733171743,0.696,0.7
ENSPD003772,Female,23.0,GenieCivil,2,0.5878693623639192,26.0,0.48106904231625836,0.405,0.635,1.0,1.4,21.4,Yes,No,High,0.0,Yes,Salle 3,177.0,0.4625,1.0,1.2710414096212388,0.52,2.4
ENSPD003773,Male,25.0,Electrique,3,0.8320373250388803,11.0,1.0,0.632,0.5700000000000001,2.0,0.8,13.0,No,No,Middle,1.0,No,Salle 27,188.0,0.6319444444444444,1.0,1.3166096581064957,0.601,2.8
ENSPD003774,Female,23.0,GenieCivil,3,0.7262830482115087,18.0,0.5779510022271716,0.663,0.6950000000000001,1.0,0.6,2.5,No,No,Middle,1.0,Yes,Salle 11,185.0,0.6027777777777776,1.0,1.204873547517844,0.679,1.6
ENSPD003775,Female,21.0,Mecanique,2,0.9999999999999999,0.0,0.8385300668151447,0.848,0.726,1.0,1.0,14.6,Yes,No,Middle,1.0,Yes,Salle 7,231.0,0.8194444444444444,1.0,1.220324090960246,0.7869999999999999,2.0
ENSPD003776,Female,24.0,Electrique,3,0.6796267496111975,21.0,0.8919821826280623,0.585,0.927,2.0,6.5,33.3,Yes,No,Low,2.0,Yes,Salle 8,188.0,0.726388888888889,1.0,0.9356109432529077,0.756,8.5
ENSPD003777,Female,21.0,Electrique,5,0.8491446345256609,10.0,0.579064587973274,0.546,1.0,2.0,2.9,17.8,Yes,No,High,1.0,No,Salle 11,80.0,0.5986111111111111,1.0,1.418500982949881,0.773,4.9
ENSPD003778,Male,20.0,Informatique,1,0.7231726283048211,18.0,0.6714922048997773,0.373,0.428,1.0,0.5,8.4,Yes,No,Middle,2.0,No,Salle 29,248.0,0.31666666666666665,0.0,2.283630922091369,0.40049999999999997,1.5
ENSPD003779,Female,22.0,GenieCivil,4,0.46034214618973557,35.0,0.6269487750556793,0.7190000000000001,0.381,1.0,2.8,20.3,No,Yes,Middle,1.0,Yes,Salle 2,173.0,0.39861111111111114,1.0,1.1548363429788855,0.55,3.8
ENSPD003780,Female,25.0,Informatique,1,0.6236391912908242,24.0,0.34075723830734966,1.0,0.6609999999999999,1.0,2.9,14.4,No,No,Middle,0.0,Yes,Salle 5,248.0,0.5694444444444444,1.0,1.0951520308165161,0.8305,3.9
ENSPD003781,Male,22.0,Informatique,2,0.884914463452566,7.0,0.35077951002227176,0.58,0.22399999999999998,2.0,6.0,11.5,Yes,No,High,1.0,No,Salle 26,298.0,0.2694444444444445,0.0,3.284096743243794,0.40199999999999997,8.0
ENSPD003782,Male,22.0,Electrique,2,0.6391912908242613,23.0,0.6180400890868597,0.701,0.635,3.0,4.4,21.0,Yes,No,Middle,1.0,Yes,Salle 24,185.0,0.5777777777777777,1.0,1.1062734716934424,0.6679999999999999,7.4
ENSPD003783,Male,25.0,Telecom,3,0.3063763608087091,45.0,0.5389755011135858,0.521,0.663,0.0,0.2,7.7,No,No,Middle,1.0,Yes,Salle 26,154.0,0.4472222222222222,1.0,0.6850498367187771,0.5920000000000001,0.2
ENSPD003784,Female,19.0,Telecom,1,0.7138413685847588,18.0,0.9265033407572383,0.389,0.713,0.0,1.2,3.5,Yes,No,Middle,1.0,Yes,Salle 3,121.0,0.5791666666666667,1.0,1.2325105786687287,0.5509999999999999,1.2
ENSPD003785,Female,19.0,Informatique,4,0.5163297045101088,31.0,0.5712694877505569,0.698,0.579,1.0,2.4,11.9,Yes,No,Middle,0.0,No,Salle 14,230.0,0.48611111111111116,1.0,1.062142113783026,0.6385,3.4
ENSPD003786,Male,19.0,GenieCivil,4,0.7449455676516329,16.0,0.9365256124721604,0.625,0.691,2.0,7.3,41.2,Yes,No,Middle,1.0,Yes,Salle 22,173.0,0.7541666666666667,1.0,0.9877600310072789,0.6579999999999999,9.3
ENSPD003787,Male,23.0,Electrique,3,0.9999999999999999,0.0,0.5311804008908686,0.19100000000000003,0.7340000000000001,2.0,0.2,11.1,Yes,No,Middle,2.0,Yes,Salle 9,188.0,0.37083333333333335,0.0,2.69655649735288,0.4625000000000001,2.2
ENSPD003788,Male,22.0,Informatique,2,0.8631415241057544,9.0,0.9298440979955458,0.91,0.635,4.0,0.9,15.2,No,No,High,1.0,No,Salle 4,298.0,0.8180555555555555,1.0,1.0551006801888725,0.7725,4.9
ENSPD003789,Male,25.0,Chimie,5,0.9999999999999999,0.0,0.6948775055679287,0.6950000000000001,0.371,0.0,1.4,15.2,Yes,No,Middle,1.0,Yes,Salle 6,48.0,0.43333333333333335,1.0,2.307639054483358,0.533,1.4
ENSPD003790,Other,22.0,Chimie,4,0.6158631415241057,25.0,0.7037861915367484,0.633,0.674,1.0,1.1,6.9,No,Yes,Low,1.0,Yes,Salle 20,93.0,0.6055555555555555,1.0,1.0170049070229945,0.6535,2.1
ENSPD003791,Male,21.0,Telecom,3,0.6936236391912908,20.0,0.5244988864142539,0.544,1.0,1.0,1.2,7.8,Yes,No,Middle,1.0,Yes,Salle 5,154.0,0.7194444444444443,1.0,0.9640966770688312,0.772,2.2
ENSPD003792,Male,22.0,Informatique,3,0.525660964230171,30.0,0.7071269487750558,0.693,0.688,1.0,0.9,12.6,Yes,No,Middle,1.0,No,Salle 3,263.0,0.6138888888888889,1.0,0.8562663554931301,0.6904999999999999,1.9
ENSPD003793,Female,22.0,Informatique,3,0.5925349922239501,26.0,0.8930957683741649,0.701,0.667,1.0,7.1,37.7,No,No,Middle,1.0,No,Salle 29,263.0,0.6638888888888889,1.0,0.8925078835658629,0.6839999999999999,8.1
ENSPD003794,Female,19.0,Telecom,3,0.547433903576983,29.0,0.5857461024498887,0.6920000000000001,0.9520000000000001,3.0,3.3,23.7,No,No,Low,1.0,Yes,Salle 4,154.0,0.6583333333333332,1.0,0.8315325391163422,0.8220000000000001,6.3
ENSPD003795,Male,27.0,Electrique,2,0.4758942457231726,34.0,0.5534521158129176,0.812,0.49100000000000005,0.0,2.7,16.6,Yes,No,Middle,1.0,Yes,Salle 19,185.0,0.49583333333333335,1.0,0.959767357410955,0.6515000000000001,2.7
ENSPD003796,Female,23.0,Telecom,2,0.975116640746501,2.0,0.5690423162583519,0.853,0.818,1.0,1.1,9.1,No,No,Low,0.0,Yes,Salle 4,161.0,0.7583333333333333,1.0,1.2858511414089058,0.8354999999999999,2.1
ENSPD003797,Male,22.0,Informatique,1,0.3297045101088646,43.0,0.8808463251670379,0.981,0.635,1.0,4.3,27.0,No,No,Middle,0.0,Yes,Salle 6,248.0,0.6597222222222222,1.0,0.49975505061477493,0.808,5.3
ENSPD003798,Male,23.0,Electrique,2,0.975116640746501,2.0,0.7527839643652561,0.469,0.8570000000000001,1.0,0.2,0.0,No,No,Low,1.0,Yes,Salle 18,185.0,0.6791666666666665,1.0,1.4357334234291048,0.663,1.2
ENSPD003799,Male,23.0,Electrique,3,0.9533437013996889,3.0,0.8518930957683742,0.517,0.8,1.0,0.3,5.5,Yes,Yes,Middle,2.0,No,Salle 12,188.0,0.7694444444444444,1.0,1.2389865420661972,0.6585000000000001,1.3
ENSPD003800,Male,22.0,Informatique,5,0.8133748055987559,12.0,0.6625835189309577,0.685,0.5579999999999999,0.0,6.2,28.8,Yes,No,Middle,1.0,Yes,Salle 26,109.0,0.5444444444444444,1.0,1.493926285106764,0.6214999999999999,6.2
ENSPD003801,Male,21.0,GenieCivil,5,0.7231726283048211,31.0,0.6113585746102449,0.48,0.5870000000000001,1.0,1.7,10.8,No,Yes,Middle,2.0,Yes,Salle 1,70.0,0.4722222222222222,1.0,1.5313919598745884,0.5335000000000001,2.7
ENSPD003802,Female,23.0,Electrique,3,0.4245723172628304,37.0,0.6815144766146994,0.509,0.836,0.0,0.3,11.5,No,No,Middle,0.0,Yes,Salle 24,188.0,0.5222222222222221,1.0,0.8129952522963336,0.6725,0.3
ENSPD003803,Female,22.0,Informatique,3,0.6174183514774495,25.0,0.7895322939866369,0.706,0.269,1.0,6.0,31.5,Yes,Yes,Middle,1.0,Yes,Salle 26,263.0,0.38194444444444453,1.0,1.616471179895521,0.4875,7.0
ENSPD003804,Other,20.0,Mecanique,1,0.8367029548989114,10.0,0.5690423162583519,0.782,0.552,1.0,7.4,11.5,Yes,No,Middle,1.0,Yes,Salle 4,186.0,0.5625,1.0,1.4874454763451521,0.667,8.4
ENSPD003805,Male,25.0,Electrique,3,0.7200622083981337,18.0,0.8385300668151447,0.85,0.635,0.0,4.3,16.1,Yes,No,Middle,2.0,Yes,Salle 4,188.0,0.7944444444444445,1.0,0.9063606018362291,0.7424999999999999,4.3
ENSPD003806,Female,23.0,GenieCivil,1,0.525660964230171,30.0,0.6714922048997773,0.585,0.578,1.0,0.5,2.5,Yes,No,Low,1.0,Yes,Salle 20,149.0,0.5638888888888889,1.0,0.9321901046230784,0.5814999999999999,1.5
ENSPD003807,Male,23.0,Telecom,2,0.9346811819595645,4.0,0.20824053452115815,0.703,0.667,3.0,0.7,11.5,Yes,No,Middle,0.0,Yes,Salle 24,161.0,0.43472222222222223,1.0,2.150015881458594,0.685,3.7
ENSPD003808,Male,25.0,Mecanique,3,0.9999999999999999,0.0,0.7583518930957683,0.664,0.635,1.0,1.0,10.0,Yes,No,Low,1.0,Yes,Salle 14,212.0,0.3472222222222222,0.0,2.879917058388718,0.6495,2.0
ENSPD003809,Male,22.0,Mecanique,2,0.6780715396578537,21.0,0.39755011135857465,0.623,0.469,1.0,1.7,16.7,No,No,Middle,0.0,No,Salle 4,231.0,0.36111111111111116,0.0,1.8776845739412393,0.546,2.7
ENSPD003810,Male,23.0,Energetique,1,0.7402799377916017,17.0,0.6113585746102449,0.473,0.7759999999999999,0.0,9.7,41.0,Yes,No,Low,1.0,Yes,Salle 3,83.0,0.625,1.0,1.184428949603369,0.6244999999999999,9.7
ENSPD003811,Female,24.0,Telecom,4,0.4385692068429238,36.0,0.7605790645879733,0.45,0.49,0.0,1.4,30.4,No,No,Low,1.0,Yes,Salle 28,121.0,0.4291666666666667,1.0,1.0218850205655567,0.47,1.4
ENSPD003812,Male,21.0,Informatique,2,0.6423017107309487,23.0,0.6648106904231627,0.616,0.38,0.0,5.1,24.7,Yes,Yes,Middle,1.0,Yes,Salle 22,298.0,0.4527777777777777,1.0,1.4185491354984892,0.498,5.1
ENSPD003813,Male,22.0,Chimie,1,0.8149300155520994,12.0,0.7015590200445435,0.47000000000000003,0.8520000000000001,4.0,0.2,11.5,Yes,No,Middle,1.0,No,Salle 29,96.0,0.6402777777777777,1.0,1.272755851096277,0.661,4.2
ENSPD003814,Female,22.0,Informatique,1,0.7869362363919129,14.0,0.7939866369710468,0.3,0.743,0.0,2.8,24.4,No,No,Middle,2.0,Yes,Salle 18,248.0,0.5194444444444445,1.0,1.5149282960386252,0.5215,2.8
ENSPD003815,Male,20.0,Informatique,2,0.625194401244168,24.0,0.5278396436525613,0.614,0.42200000000000004,1.0,4.2,19.5,Yes,Yes,Middle,0.0,No,Salle 10,298.0,0.37083333333333335,0.0,1.685872024783605,0.518,5.2
ENSPD003816,Male,27.0,Mecanique,1,0.6687402799377916,21.0,0.7427616926503342,0.882,0.668,0.0,0.8,0.1,Yes,No,Middle,0.0,Yes,Salle 12,186.0,0.7999999999999998,1.0,0.8359149009859774,0.775,0.8
ENSPD003817,Male,19.0,Mecanique,4,0.6360808709175737,23.0,0.8040089086859689,0.11699999999999999,0.429,3.0,0.5,11.5,Yes,No,Low,1.0,Yes,Salle 25,178.0,0.21805555555555556,0.0,2.916925001277986,0.273,3.5
ENSPD003818,Female,19.0,Telecom,2,0.6687402799377916,21.0,0.9042316258351895,0.568,0.61,1.0,2.8,17.9,Yes,No,Low,0.0,Yes,Salle 13,161.0,0.6263888888888889,1.0,1.067594933196654,0.589,3.8
ENSPD003819,Female,25.0,Chimie,4,0.7993779160186624,13.0,0.42538975501113585,0.742,0.675,3.0,0.2,0.0,Yes,No,Middle,0.0,No,Salle 5,93.0,0.5416666666666667,1.0,1.475747369621476,0.7085,3.2
ENSPD003820,Male,23.0,Energetique,1,0.3530326594090202,42.0,0.6781737193763919,0.292,0.478,0.0,1.4,23.9,No,No,Low,2.0,No,Salle 30,83.0,0.3291666666666666,0.0,1.072471700330178,0.385,1.4
ENSPD003821,Male,20.0,Chimie,3,0.7060653188180402,19.0,0.44988864142538976,0.5820000000000001,0.788,1.0,0.3,4.4,Yes,No,Middle,1.0,Yes,Salle 23,130.0,0.5277777777777778,1.0,1.3377826250370757,0.685,1.3
ENSPD003822,Male,23.0,GenieCivil,3,0.7853810264385693,14.0,0.44209354120267264,0.41500000000000004,0.8190000000000001,2.0,1.2,14.4,Yes,No,Middle,1.0,No,Salle 1,185.0,0.5708333333333333,1.0,1.3758258712639828,0.617,3.2
ENSPD003823,Female,25.0,Electrique,3,0.6143079315707621,25.0,0.6703786191536749,0.439,0.693,0.0,8.1,33.3,Yes,No,Middle,1.0,No,Salle 2,188.0,0.4194444444444444,1.0,1.464540284903634,0.566,8.1
ENSPD003824,Male,22.0,Energetique,3,0.6298600311041992,24.0,0.623608017817372,0.5479999999999999,0.723,0.0,8.9,39.5,Yes,Yes,Middle,0.0,Yes,Salle 30,104.0,0.5680555555555554,1.0,1.1087805358805995,0.6355,8.9
ENSPD003825,Male,27.0,Chimie,5,0.6360808709175737,23.0,0.801781737193764,0.418,0.349,2.0,3.0,9.1,No,Yes,Middle,0.0,Yes,Salle 3,48.0,0.29166666666666674,0.0,2.180773930896907,0.38349999999999995,5.0
ENSPD003826,Male,19.0,Chimie,2,0.6314152410575428,24.0,0.5523385300668151,0.40299999999999997,0.912,4.0,3.7,21.7,Yes,No,Middle,0.0,Yes,Salle 30,119.0,0.5208333333333334,1.0,1.212293986785936,0.6575,7.7
ENSPD003827,Male,23.0,Energetique,3,0.7216174183514773,18.0,0.5879732739420935,0.609,0.635,4.0,6.8,27.2,No,No,Low,1.0,No,Salle 20,104.0,0.5986111111111111,1.0,1.2054660367925727,0.622,10.8
ENSPD003828,Male,24.0,Informatique,4,0.7433903576982893,16.0,0.645879732739421,1.0,0.45299999999999996,1.0,5.2,34.5,Yes,Yes,Low,0.0,No,Salle 26,230.0,0.6736111111111112,1.0,1.1035734264208208,0.7264999999999999,6.2
ENSPD003829,Female,24.0,Electrique,1,0.7231726283048211,43.0,0.46659242761692654,0.756,0.669,1.0,1.9,9.2,No,No,Middle,1.0,Yes,Salle 19,143.0,0.5152777777777777,1.0,1.4034344680628066,0.7125,2.9
ENSPD003830,Male,22.0,Telecom,1,0.8413685847589424,10.0,0.489977728285078,0.802,0.789,1.0,2.7,19.6,No,No,Middle,0.0,Yes,Salle 2,121.0,0.6319444444444444,1.0,1.331375373898344,0.7955000000000001,3.7
ENSPD003831,Male,21.0,Energetique,2,0.6656298600311042,22.0,0.7962138084632517,0.7640000000000001,0.742,0.0,1.8,14.3,Yes,Yes,Middle,1.0,Yes,Salle 14,71.0,0.7097222222222221,1.0,0.9378605609126351,0.7530000000000001,1.8
ENSPD003832,Female,23.0,Informatique,3,0.9999999999999999,0.0,0.5189309576837416,0.494,0.423,2.0,1.4,7.1,No,No,Middle,1.0,Yes,Salle 22,263.0,0.38888888888888895,1.0,2.571362450679839,0.4585,3.4
ENSPD003833,Female,24.0,GenieCivil,2,0.4976671850699844,32.0,0.8073496659242763,0.6759999999999999,0.792,0.0,4.3,26.6,No,No,Middle,1.0,Yes,Salle 17,177.0,0.6666666666666667,1.0,0.7464895802612727,0.734,4.3
ENSPD003834,Male,23.0,Electrique,1,0.5583203732503886,28.0,0.7115812917594654,0.818,0.628,2.0,2.7,7.7,No,No,Low,1.0,Yes,Salle 24,143.0,0.625,1.0,0.893298304427751,0.723,4.7
ENSPD003835,Male,24.0,Mecanique,2,0.6827371695178849,20.0,0.35189309576837413,0.7690000000000001,0.74,2.0,3.9,20.5,No,No,Middle,1.0,No,Salle 17,231.0,0.5694444444444444,1.0,1.1989320237617223,0.7545000000000001,5.9
ENSPD003836,Male,20.0,Electrique,3,0.7978227060653188,13.0,0.6993318485523385,0.655,0.48,1.0,0.2,8.6,Yes,No,Middle,1.0,Yes,Salle 26,188.0,0.5555555555555556,1.0,1.4360550219271793,0.5675,1.2
ENSPD003837,Female,22.0,Mecanique,2,0.35614307931570766,41.0,0.6971046770601336,0.7140000000000001,0.635,1.0,1.7,10.8,Yes,No,Low,1.0,Yes,Salle 2,231.0,0.6708333333333333,1.0,0.530888601882766,0.6745000000000001,2.7
ENSPD003838,Male,20.0,Mecanique,2,0.5660964230171072,28.0,0.6804008908685969,1.0,0.677,0.0,1.4,3.6,No,Yes,High,2.0,Yes,Salle 14,231.0,0.6722222222222222,1.0,0.8421143829519834,0.8385,1.4
ENSPD003839,Female,21.0,GenieCivil,3,0.8304821150855365,11.0,0.5868596881959911,0.7709999999999999,0.878,1.0,1.4,16.9,Yes,No,Low,2.0,Yes,Salle 19,185.0,0.6930555555555555,1.0,1.1982735376595495,0.8245,2.4
ENSPD003840,Female,24.0,GenieCivil,5,0.5427682737169516,29.0,0.45322939866369716,0.563,0.33299999999999996,1.0,1.9,12.1,Yes,No,Low,1.0,Yes,Salle 20,70.0,0.31944444444444453,0.0,1.6990474953662538,0.44799999999999995,2.9
ENSPD003841,Male,22.0,GenieCivil,3,0.975116640746501,2.0,0.8351893095768375,0.6070000000000001,0.36,0.0,3.7,11.5,Yes,Yes,Low,1.0,No,Salle 5,185.0,0.6069444444444445,1.0,1.60657302977498,0.48350000000000004,3.7
ENSPD003842,Male,27.0,GenieCivil,4,0.6360808709175737,23.0,0.5935412026726058,0.43,0.5920000000000001,1.0,0.1,1.0,Yes,No,Low,0.0,Yes,Salle 20,173.0,0.3847222222222222,1.0,1.6533080261475264,0.511,1.1
ENSPD003843,Male,22.0,Mecanique,2,0.5520995334370139,29.0,0.4621380846325167,0.616,0.934,2.0,0.4,7.0,No,No,Low,3.0,No,Salle 6,231.0,0.8027777777777778,1.0,0.6877278761832898,0.775,2.4
ENSPD003844,Male,22.0,Informatique,2,0.8335925349922239,11.0,0.6113585746102449,0.909,1.0,3.0,5.1,24.5,No,No,Middle,1.0,Yes,Salle 3,298.0,0.9624999999999999,1.0,0.8660611681875762,0.9545,8.1
ENSPD003845,Male,22.0,Informatique,2,0.9999999999999999,0.0,0.4866369710467706,0.635,0.462,1.0,6.8,31.0,No,Yes,Middle,1.0,Yes,Salle 8,298.0,0.37083333333333335,0.0,2.69655649735288,0.5485,7.8
ENSPD003846,Female,21.0,Informatique,4,0.7978227060653188,13.0,0.4521158129175946,1.0,0.6509999999999999,0.0,0.1,12.0,Yes,No,Middle,1.0,Yes,Salle 27,230.0,0.6416666666666667,1.0,1.243340684662554,0.8254999999999999,0.1
ENSPD003847,Female,22.0,Electrique,2,0.9548989113530325,3.0,0.6113585746102449,0.7340000000000001,0.6709999999999999,1.0,1.4,14.7,Yes,No,Middle,1.0,Yes,Salle 16,185.0,0.5611111111111111,1.0,1.7017697114659924,0.7025,2.4
ENSPD003848,Male,24.0,Chimie,4,0.9999999999999999,0.0,0.6113585746102449,0.542,0.784,1.0,0.0,6.0,Yes,No,Middle,0.0,Yes,Salle 26,93.0,0.5041666666666667,1.0,1.9834317335854497,0.663,1.0
ENSPD003849,Female,22.0,Informatique,5,0.547433903576983,29.0,0.4576837416481069,0.783,0.8170000000000001,4.0,2.8,18.9,No,No,Middle,0.0,Yes,Salle 9,109.0,0.638888888888889,1.0,0.8568396550650245,0.8,6.8
ENSPD003850,Male,20.0,Informatique,1,0.8958009331259719,7.0,0.744988864142539,0.616,0.41700000000000004,1.0,2.3,8.2,No,No,High,1.0,Yes,Salle 23,248.0,0.5375,1.0,1.6665753811575077,0.5165,3.3
ENSPD003851,Male,20.0,Chimie,1,0.4354587869362364,36.0,0.5913140311804008,0.7709999999999999,0.653,0.0,1.7,12.2,No,No,Middle,1.0,Yes,Salle 24,96.0,0.6055555555555555,1.0,0.7190943787031275,0.712,1.7
ENSPD003852,Male,21.0,Mecanique,1,0.7993779160186624,13.0,0.8195991091314031,0.374,0.23800000000000002,2.0,2.4,11.5,No,No,Middle,1.0,Yes,Salle 22,186.0,0.4305555555555556,1.0,1.8565765554265734,0.306,4.4
ENSPD003853,Female,22.0,Energetique,2,0.7060653188180402,19.0,0.46770601336302897,0.474,0.802,0.0,1.5,10.1,No,No,Low,1.0,Yes,Salle 14,71.0,0.4638888888888889,1.0,1.52202416459582,0.638,1.5
ENSPD003854,Female,24.0,Chimie,1,0.9517884914463454,3.0,0.3218262806236081,0.888,0.5720000000000001,1.0,0.5,5.3,No,No,Middle,1.0,Yes,Salle 21,96.0,0.5527777777777778,1.0,1.7217972786456341,0.73,1.5
ENSPD003855,Female,19.0,Mecanique,4,0.9393468118195955,4.0,0.6347438752783965,0.925,0.399,0.0,2.8,13.0,Yes,No,Low,1.0,Yes,Salle 12,178.0,0.6305555555555554,0.0,1.4896893804990514,0.662,2.8
ENSPD003856,Male,21.0,Mecanique,1,0.8258164852255053,11.0,0.9198218262806237,0.875,0.7070000000000001,1.0,3.1,17.5,Yes,No,Middle,2.0,No,Salle 21,186.0,0.723611111111111,1.0,1.1412277399666722,0.791,4.1
ENSPD003857,Male,22.0,GenieCivil,2,0.7760497667185068,14.0,0.6993318485523385,1.0,0.5660000000000001,3.0,3.9,11.5,No,No,High,1.0,No,Salle 28,177.0,0.6694444444444445,1.0,1.159227148551567,0.783,6.9
ENSPD003858,Male,18.0,Informatique,1,0.8149300155520994,12.0,1.0,0.7240000000000001,0.892,1.0,6.2,35.0,No,No,Low,2.0,Yes,Salle 30,248.0,0.8638888888888889,1.0,0.9433164297736611,0.808,7.2
ENSPD003859,Male,20.0,Informatique,5,0.7309486780715396,17.0,0.6659242761692651,0.711,0.461,1.0,1.4,16.2,No,No,Middle,1.0,Yes,Salle 7,109.0,0.4541666666666666,1.0,1.609392845819629,0.586,2.4
ENSPD003860,Female,21.0,Informatique,3,0.7091757387247278,19.0,0.6113585746102449,0.456,1.0,0.0,0.1,9.7,No,No,Low,0.0,No,Salle 4,263.0,0.6708333333333333,1.0,1.0571406220897,0.728,0.1
ENSPD003861,Female,20.0,Chimie,5,0.989113530326594,1.0,0.25055679287305127,0.516,0.8109999999999999,0.0,0.0,1.3,Yes,Yes,Middle,0.0,Yes,Salle 1,48.0,0.4805555555555555,1.0,2.0582280999792713,0.6635,0.0
ENSPD003862,Female,22.0,GenieCivil,5,0.9999999999999999,0.0,0.6815144766146994,0.262,0.898,2.0,2.7,18.1,No,No,Middle,1.0,Yes,Salle 22,70.0,0.6458333333333334,1.0,1.5483631221193992,0.5800000000000001,4.7
ENSPD003863,Male,22.0,Informatique,3,0.6936236391912908,20.0,0.6380846325167038,0.562,0.434,0.0,0.1,11.5,No,No,Middle,0.0,Yes,Salle 21,263.0,0.4083333333333333,1.0,1.6986285377287678,0.498,0.1
ENSPD003864,Male,21.0,Electrique,2,0.7651632970451011,15.0,0.5423162583518931,0.249,0.998,0.0,0.8,5.5,Yes,No,High,1.0,Yes,Salle 23,185.0,0.575,1.0,1.3306956349369599,0.6234999999999999,0.8
ENSPD003865,Male,23.0,GenieCivil,1,0.7356143079315708,17.0,0.5868596881959911,0.8150000000000001,0.397,1.0,0.3,14.8,Yes,No,Middle,2.0,No,Salle 1,149.0,0.44027777777777777,1.0,1.6707579566354676,0.6060000000000001,1.3
ENSPD003866,Male,25.0,GenieCivil,2,0.41990668740279935,37.0,0.5991091314031181,0.6900000000000001,0.598,2.0,6.9,30.7,Yes,No,High,0.0,Yes,Salle 23,177.0,0.4458333333333333,1.0,0.9418256504215966,0.644,8.9
ENSPD003867,Male,25.0,Informatique,3,0.6578538102643857,22.0,0.5801781737193764,0.255,0.9009999999999999,1.0,1.4,6.7,Yes,Yes,Middle,1.0,Yes,Salle 11,263.0,0.5458333333333333,1.0,1.2052062745678904,0.578,2.4
ENSPD003868,Female,18.0,Electrique,1,0.9999999999999999,0.0,0.6113585746102449,0.5860000000000001,0.741,0.0,0.1,3.6,No,Yes,High,3.0,Yes,Salle 26,143.0,0.7763888888888888,1.0,1.2879977216751413,0.6635,0.1
ENSPD003869,Female,23.0,Energetique,1,0.5800933125972006,27.0,0.5478841870824054,0.9740000000000001,0.392,2.0,6.0,30.4,No,No,Low,2.0,No,Salle 18,83.0,0.5444444444444444,1.0,1.0654579432979407,0.683,8.0
ENSPD003870,Male,22.0,Informatique,3,0.9999999999999999,0.0,0.6380846325167038,0.5970000000000001,0.867,2.0,1.9,18.0,Yes,No,High,1.0,Yes,Salle 23,263.0,0.6819444444444445,1.0,1.466373609185364,0.732,3.9
ENSPD003871,Male,22.0,Mecanique,3,0.9393468118195955,4.0,0.5423162583518931,0.44,0.708,1.0,0.1,0.8,Yes,No,Middle,0.0,No,Salle 26,212.0,0.5847222222222221,1.0,1.6064563848554345,0.574,1.1
ENSPD003872,Male,21.0,Mecanique,3,0.7947122861586314,13.0,0.7416481069042317,0.299,0.557,1.0,1.4,21.3,Yes,No,Middle,0.0,Yes,Salle 27,212.0,0.4472222222222222,1.0,1.776956683062412,0.42800000000000005,2.4
ENSPD003873,Male,22.0,Mecanique,2,0.8242612752721618,11.0,0.6403118040089087,0.304,0.332,0.0,0.3,7.6,No,No,High,0.0,Yes,Salle 18,231.0,0.2875,0.0,2.866896021954582,0.318,0.3
ENSPD003874,Female,22.0,Mecanique,4,0.5489891135303265,29.0,0.6113585746102449,0.716,0.7270000000000001,1.0,3.2,11.4,Yes,No,High,1.0,Yes,Salle 3,177.0,0.5347222222222222,1.0,1.0266617396813231,0.7215,4.2
ENSPD003875,Male,21.0,Telecom,3,0.6702954898911352,21.0,0.28841870824053456,0.542,0.6070000000000001,0.0,1.4,17.6,Yes,No,Middle,0.0,No,Salle 23,154.0,0.3652777777777778,0.0,1.8349792428557745,0.5745,1.4
ENSPD003876,Male,20.0,Telecom,1,0.989113530326594,1.0,0.6503340757238307,0.557,0.6709999999999999,3.0,0.4,7.7,Yes,No,Middle,1.0,Yes,Salle 18,121.0,0.5180555555555555,1.0,1.9092439551706986,0.614,3.4
ENSPD003877,Male,21.0,Informatique,4,0.6049766718506998,25.0,0.5590200445434298,0.543,0.32299999999999995,1.0,2.8,19.1,No,No,Middle,2.0,Yes,Salle 20,230.0,0.2875,0.0,2.1041934953591173,0.433,3.8
ENSPD003878,Female,22.0,GenieCivil,5,0.9175738724727839,5.0,0.6002227171492205,0.595,0.556,2.0,1.2,1.5,Yes,No,Middle,1.0,Yes,Salle 30,70.0,0.5,1.0,1.8351110427247135,0.5755,3.2
ENSPD003879,Male,23.0,Electrique,1,0.46345256609642294,34.0,0.4131403118040089,0.399,0.736,0.0,2.0,18.9,Yes,No,Middle,1.0,No,Salle 14,143.0,0.44305555555555554,1.0,1.0460135306959357,0.5675,2.0
ENSPD003880,Male,24.0,GenieCivil,2,0.4961119751166406,32.0,0.8496659242761693,0.677,1.0,0.0,4.1,29.6,Yes,No,Middle,1.0,Yes,Salle 9,177.0,0.788888888888889,1.0,0.6288663631094487,0.8385,4.1
ENSPD003881,Male,21.0,GenieCivil,3,0.7231726283048211,0.0,0.7538975501113586,0.364,0.599,1.0,0.6,6.8,No,No,Low,1.0,Yes,Salle 22,185.0,0.5277777777777778,1.0,1.3701958604454632,0.4815,1.6
ENSPD003882,Female,23.0,Informatique,1,0.7185069984447902,18.0,0.8496659242761693,0.484,0.929,0.0,1.4,5.7,Yes,No,Middle,1.0,No,Salle 11,248.0,0.7708333333333333,1.0,0.9321050949974145,0.7065,1.4
ENSPD003883,Female,24.0,GenieCivil,4,0.6189735614307931,24.0,0.801781737193764,0.802,0.797,4.0,11.8,42.4,Yes,No,Middle,5.0,Yes,Salle 24,173.0,0.7124999999999999,1.0,0.8687226304624401,0.7995000000000001,15.8
ENSPD003884,Male,24.0,GenieCivil,2,0.975116640746501,2.0,0.7093541202672606,0.688,0.687,1.0,1.4,5.4,No,Yes,Low,0.0,Yes,Salle 30,177.0,0.6958333333333333,1.0,1.4013450931193818,0.6875,2.4
ENSPD003885,Female,22.0,Chimie,4,0.9517884914463454,3.0,0.4198218262806236,0.743,0.438,1.0,1.6,14.7,Yes,No,Low,1.0,Yes,Salle 15,93.0,0.375,1.0,2.538034962924576,0.5905,2.6
ENSPD003886,Female,22.0,Chimie,3,0.8911353032659409,7.0,0.9187082405345213,1.0,0.446,4.0,0.7,11.5,No,No,Middle,1.0,No,Salle 30,130.0,0.7027777777777777,1.0,1.2680005706469741,0.723,4.7
ENSPD003887,Female,22.0,Informatique,3,0.6143079315707621,25.0,0.455456570155902,0.609,0.7640000000000001,2.0,1.1,3.3,Yes,Yes,Middle,2.0,Yes,Salle 27,263.0,0.5125,1.0,1.1986262347481265,0.6865000000000001,3.1
ENSPD003888,Female,20.0,Informatique,1,0.6671850699844478,21.0,0.5657015590200446,0.624,0.535,3.0,1.4,16.7,No,No,Middle,1.0,Yes,Salle 15,248.0,0.461111111111111,1.0,1.4468760026553718,0.5795,4.4
ENSPD003889,Female,22.0,Telecom,2,0.7776049766718508,14.0,0.7282850779510022,0.616,0.517,1.0,0.6,4.7,Yes,No,High,1.0,Yes,Salle 16,161.0,0.4986111111111111,1.0,1.5595107373995079,0.5665,1.6
ENSPD003890,Male,23.0,GenieCivil,1,0.7231726283048211,10.0,0.7360801781737194,0.54,0.604,1.0,1.4,11.5,Yes,No,Low,0.0,Yes,Salle 25,149.0,0.49583333333333335,1.0,1.4584700039088039,0.5720000000000001,2.4
ENSPD003891,Female,23.0,Telecom,2,0.625194401244168,24.0,0.7060133630289532,0.438,0.6070000000000001,0.0,1.8,12.4,Yes,No,Middle,0.0,Yes,Salle 28,161.0,0.5416666666666667,1.0,1.1541837404432558,0.5225000000000001,1.8
ENSPD003892,Male,21.0,Informatique,2,0.7511664074650078,16.0,0.5434298440979956,0.635,0.8200000000000001,0.0,0.4,8.6,No,No,Middle,1.0,Yes,Salle 25,298.0,0.6041666666666667,1.0,1.2432893372220175,0.7275,0.4
ENSPD003893,Female,22.0,GenieCivil,4,0.7698289269051323,15.0,0.5089086859688196,0.684,0.539,2.0,1.6,6.0,No,No,Middle,0.0,No,Salle 23,173.0,0.3569444444444444,0.0,2.1566587526407637,0.6115,3.6
ENSPD003894,Male,20.0,GenieCivil,2,0.9595645412130639,3.0,1.0,0.6940000000000001,0.8,3.0,2.4,13.4,Yes,No,Middle,2.0,Yes,Salle 11,177.0,0.8555555555555554,1.0,1.1215558351808326,0.7470000000000001,5.4
ENSPD003895,Female,23.0,Telecom,4,0.8615863141524104,9.0,0.6113585746102449,0.632,0.728,0.0,0.4,12.8,Yes,No,Middle,1.0,Yes,Salle 14,121.0,0.5833333333333334,1.0,1.4769797903220123,0.6799999999999999,0.4
ENSPD003896,Female,22.0,Informatique,2,0.4385692068429238,36.0,0.5835189309576838,0.787,0.305,0.0,2.7,11.5,No,No,High,3.0,Yes,Salle 10,298.0,0.3652777777777778,0.0,1.2006128688754722,0.546,2.7
ENSPD003897,Male,21.0,Mecanique,4,0.6796267496111975,21.0,0.49109131403118034,0.625,0.6990000000000001,0.0,0.9,10.0,No,No,Middle,1.0,No,Salle 2,178.0,0.5041666666666667,1.0,1.3479932621723818,0.662,0.9
ENSPD003898,Female,21.0,GenieCivil,5,0.547433903576983,29.0,0.6514476614699333,0.546,0.106,1.0,9.8,42.9,Yes,No,Middle,0.0,Yes,Salle 12,70.0,0.22916666666666674,0.0,2.3886982542302855,0.326,10.8
ENSPD003899,Male,22.0,Telecom,2,0.8258164852255053,11.0,0.643652561247216,0.45299999999999996,0.461,0.0,7.7,37.9,Yes,No,Middle,0.0,Yes,Salle 27,161.0,0.3569444444444444,0.0,2.3135066619237277,0.45699999999999996,7.7
ENSPD003900,Female,21.0,Energetique,4,0.8926905132192845,7.0,0.6080178173719376,0.341,0.635,1.0,3.2,11.5,No,No,Middle,0.0,No,Salle 27,70.0,0.4708333333333333,1.0,1.895939583341843,0.488,4.2
ENSPD003901,Male,23.0,Energetique,3,0.7387247278382582,17.0,0.6737193763919822,0.883,0.638,4.0,0.8,9.1,Yes,Yes,Low,1.0,Yes,Salle 22,104.0,0.6638888888888889,1.0,1.1127066789863123,0.7605,4.8
ENSPD003902,Male,21.0,Energetique,4,0.6702954898911352,21.0,0.9053452115812917,0.494,0.28600000000000003,2.0,5.5,11.5,Yes,No,Low,2.0,Yes,Salle 24,70.0,0.3680555555555556,0.0,1.821130719171469,0.39,7.5
ENSPD003903,Female,25.0,Informatique,3,0.7325038880248832,17.0,0.5111358574610245,0.45299999999999996,0.41600000000000004,3.0,13.4,50.6,Yes,No,Middle,2.0,Yes,Salle 12,263.0,0.3416666666666667,0.0,2.1438510717487778,0.4345,16.4
ENSPD003904,Male,25.0,Informatique,2,0.7589424572317262,16.0,0.6169265033407572,0.616,0.11800000000000001,1.0,1.2,4.2,No,No,Middle,0.0,No,Salle 13,298.0,0.15694444444444444,0.0,4.835431452215813,0.367,2.2
ENSPD003905,Female,20.0,Informatique,2,0.6003110419906686,26.0,0.5022271714922049,0.5700000000000001,0.371,1.0,1.9,11.7,Yes,No,Middle,0.0,Yes,Salle 20,298.0,0.3222222222222222,0.0,1.8629764517363316,0.47050000000000003,2.9
ENSPD003906,Male,22.0,Mecanique,1,0.4930015552099535,33.0,0.6592427616926504,0.915,0.756,2.0,0.0,5.9,Yes,No,Middle,2.0,No,Salle 9,186.0,0.6944444444444444,1.0,0.7099120167692916,0.8355,2.0
ENSPD003907,Male,21.0,Telecom,3,0.3374805598755831,43.0,0.5155902004454344,0.561,0.529,1.0,0.1,10.2,Yes,No,Low,0.0,Yes,Salle 8,154.0,0.4125,1.0,0.8181148575200192,0.545,1.1
ENSPD003908,Male,21.0,Telecom,5,0.9564541213063763,3.0,0.522271714922049,1.0,0.674,4.0,1.4,12.0,No,No,Middle,3.0,Yes,Salle 17,60.0,0.6958333333333333,1.0,1.3745250913371925,0.837,5.4
ENSPD003909,Male,26.0,Informatique,4,0.8133748055987559,12.0,0.36636971046770606,0.631,0.643,1.0,1.9,18.8,Yes,No,Middle,1.0,Yes,Salle 24,230.0,0.5041666666666667,1.0,1.6132734007234686,0.637,2.9
ENSPD003910,Male,21.0,Electrique,2,0.7884914463452567,14.0,0.6269487750556793,0.99,0.647,1.0,0.7,7.0,Yes,No,Middle,1.0,Yes,Salle 13,185.0,0.7416666666666665,1.0,1.0631202001931528,0.8185,1.7
ENSPD003911,Male,23.0,Telecom,4,0.9564541213063763,3.0,0.6815144766146994,0.7809999999999999,0.845,1.0,0.2,8.0,No,No,Middle,1.0,Yes,Salle 9,121.0,0.7763888888888888,1.0,1.231910729129412,0.813,1.2
ENSPD003912,Male,23.0,GenieCivil,4,0.48522550544323495,33.0,0.9209354120267261,0.685,0.599,1.0,3.0,13.1,Yes,No,High,0.0,Yes,Salle 28,173.0,0.5819444444444444,1.0,0.8337860636264227,0.642,4.0
ENSPD003913,Male,20.0,Informatique,2,0.3965785381026439,39.0,0.688195991091314,0.904,0.8220000000000001,3.0,1.1,10.7,No,No,Middle,1.0,Yes,Salle 1,298.0,0.75,1.0,0.5287643339457393,0.863,4.1
ENSPD003914,Female,20.0,GenieCivil,1,0.7916018662519438,13.0,0.5356347438752784,0.616,0.635,1.0,1.4,11.9,Yes,Yes,Middle,0.0,Yes,Salle 26,149.0,0.2652777777777777,0.0,2.9839364364348553,0.6255,2.4
ENSPD003915,Female,20.0,Mecanique,1,0.7744945567651632,14.0,0.3830734966592428,0.7340000000000001,0.635,2.0,2.1,11.5,Yes,Yes,Middle,1.0,Yes,Salle 25,186.0,0.6152777777777778,1.0,1.2587517333147578,0.6845000000000001,4.1
ENSPD003916,Male,20.0,Electrique,4,0.3965785381026439,39.0,0.4064587973273942,1.0,0.38200000000000006,1.0,1.6,11.7,No,Yes,Low,0.0,Yes,Salle 1,157.0,0.5069444444444444,1.0,0.7822764795705499,0.6910000000000001,2.6
ENSPD003917,Female,17.0,GenieCivil,4,0.7869362363919129,14.0,0.39420935412026725,0.53,0.425,2.0,0.4,11.5,Yes,No,Middle,2.0,Yes,Salle 10,173.0,0.28055555555555556,0.0,2.80482126479738,0.47750000000000004,2.4
ENSPD003918,Male,23.0,Informatique,2,0.645412130637636,23.0,0.9242761692650334,0.441,0.499,1.0,1.9,13.9,Yes,No,Middle,0.0,No,Salle 23,298.0,0.4541666666666666,1.0,1.4210596404577576,0.47,2.9
ENSPD003919,Female,26.0,Energetique,2,0.5692068429237945,28.0,0.6581291759465479,0.498,0.8570000000000001,0.0,0.8,11.0,No,Yes,Middle,1.0,Yes,Salle 2,71.0,0.6666666666666667,1.0,0.8537974574238304,0.6775,0.8
ENSPD003920,Female,22.0,GenieCivil,4,0.6578538102643857,22.0,0.5133630289532294,0.935,0.462,2.0,3.4,15.8,Yes,No,Middle,1.0,Yes,Salle 4,173.0,0.5277777777777778,1.0,1.2464362343407118,0.6985,5.4
ENSPD003921,Female,19.0,GenieCivil,5,0.2643856920684292,47.0,0.6113585746102449,0.881,0.509,1.0,0.4,7.3,Yes,No,Low,1.0,Yes,Salle 15,70.0,0.49583333333333335,1.0,0.5332040874505305,0.6950000000000001,1.4
ENSPD003922,Male,21.0,Energetique,4,0.609642301710731,25.0,0.46770601336302897,0.525,0.44799999999999995,1.0,0.7,12.8,No,No,Low,1.0,Yes,Salle 29,70.0,0.34305555555555556,0.0,1.7770431681008743,0.4865,1.7
ENSPD003923,Female,21.0,Informatique,3,0.7231726283048211,26.0,0.5089086859688196,0.196,0.691,0.0,1.2,12.8,Yes,No,Middle,4.0,Yes,Salle 15,263.0,0.4013888888888889,1.0,1.8016308672568404,0.4435,1.2
ENSPD003924,Male,20.0,Informatique,2,0.8242612752721618,11.0,0.8296213808463252,0.583,0.789,0.0,2.7,11.5,No,No,Middle,0.0,Yes,Salle 24,298.0,0.734722222222222,1.0,1.1218526292193314,0.6859999999999999,2.7
ENSPD003925,Other,24.0,Chimie,3,0.6905132192846034,20.0,0.6057906458797326,0.438,0.981,3.0,2.6,11.5,Yes,No,Middle,0.0,Yes,Salle 24,130.0,0.7013888888888888,0.0,0.9844800586702813,0.7095,5.6
ENSPD003926,Male,24.0,Mecanique,2,0.8398133748055988,10.0,0.3685968819599109,0.531,1.0,0.0,0.8,14.2,Yes,No,Middle,2.0,Yes,Salle 26,231.0,0.6319444444444444,1.0,1.3289144212663695,0.7655000000000001,0.8
ENSPD003927,Female,20.0,Chimie,4,0.2441679626749611,49.0,0.9966592427616927,0.43,0.77,0.0,1.4,11.6,No,No,Middle,0.0,No,Salle 26,93.0,0.6638888888888889,1.0,0.36777883915968634,0.6,1.4
ENSPD003928,Female,23.0,Mecanique,2,0.56298600311042,28.0,0.4198218262806236,0.33,0.713,1.0,0.5,10.8,No,Yes,Middle,1.0,No,Salle 20,231.0,0.3472222222222222,0.0,1.6213529939917828,0.5215,1.5
ENSPD003929,Female,25.0,Informatique,4,0.8242612752721618,11.0,0.5111358574610245,0.616,0.397,1.0,2.9,19.8,Yes,No,Low,1.0,No,Salle 4,230.0,0.5291666666666666,1.0,1.5576296673552537,0.5065,3.9
ENSPD003930,Male,26.0,GenieCivil,2,0.6625194401244167,22.0,0.8296213808463252,0.49700000000000005,1.0,0.0,0.4,7.0,Yes,No,Middle,1.0,No,Salle 22,177.0,0.6888888888888889,1.0,0.9617078076479132,0.7485,0.4
ENSPD003931,Female,28.0,Informatique,4,0.8771384136858474,8.0,0.6792873051224945,0.8740000000000001,0.6829999999999999,3.0,3.4,23.8,No,No,Middle,2.0,Yes,Salle 26,230.0,0.7194444444444443,1.0,1.219171582661033,0.7785,6.4
ENSPD003932,Male,20.0,Chimie,2,0.3825816485225505,40.0,0.532293986636971,0.58,0.5820000000000001,2.0,5.5,23.0,Yes,No,High,1.0,Yes,Salle 14,119.0,0.40694444444444444,1.0,0.9401092769605537,0.581,7.5
ENSPD003933,Female,28.0,Electrique,2,0.8569206842923794,9.0,0.40423162583518935,0.41600000000000004,0.635,1.0,9.6,45.1,Yes,No,High,0.0,Yes,Salle 21,185.0,0.45138888888888895,1.0,1.8983668444591784,0.5255000000000001,10.6
ENSPD003934,Male,21.0,Telecom,3,0.6003110419906686,26.0,0.4487750556792873,0.7120000000000001,0.513,2.0,3.9,18.4,Yes,No,Middle,2.0,Yes,Salle 25,154.0,0.46666666666666656,1.0,1.2863532395534427,0.6125,5.9
ENSPD003935,Male,21.0,Chimie,1,0.583203732503888,27.0,0.4587973273942093,0.55,0.635,2.0,0.5,11.5,Yes,No,Low,2.0,Yes,Salle 21,96.0,0.1444444444444445,0.0,4.03728479761785,0.5925,2.5
ENSPD003936,Male,23.0,Informatique,5,0.9051321928460342,6.0,0.6113585746102449,0.583,0.7540000000000001,2.0,1.1,9.3,No,No,Middle,1.0,Yes,Salle 6,109.0,0.5972222222222222,1.0,1.515544806805897,0.6685000000000001,3.1
ENSPD003937,Male,21.0,Chimie,3,0.9362363919129083,4.0,0.6425389755011137,0.6459999999999999,0.908,1.0,0.2,9.6,Yes,No,Middle,1.0,No,Salle 8,130.0,0.7013888888888888,1.0,1.3348130525214177,0.7769999999999999,1.2
ENSPD003938,Male,23.0,Electrique,3,0.9129082426127527,6.0,0.5857461024498887,0.474,0.751,0.0,0.4,11.5,No,No,Low,1.0,No,Salle 26,188.0,0.6166666666666666,1.0,1.480367738814105,0.6125,0.4
ENSPD003939,Male,19.0,Electrique,4,0.9999999999999999,0.0,0.6035634743875279,0.32799999999999996,0.639,2.0,1.4,11.5,Yes,No,Middle,0.0,Yes,Salle 14,157.0,0.38888888888888895,1.0,2.571362450679839,0.4835,3.4
ENSPD003940,Male,22.0,Telecom,4,0.9564541213063763,3.0,0.4342984409799555,0.616,0.643,1.0,2.0,15.1,No,No,Low,1.0,Yes,Salle 20,121.0,0.4736111111111111,1.0,2.0194499334342235,0.6295,3.0
ENSPD003941,Female,25.0,Electrique,3,0.5723172628304821,28.0,0.6592427616926504,0.794,0.674,1.0,1.5,12.8,Yes,No,Middle,2.0,No,Salle 10,188.0,0.5291666666666666,1.0,1.0815239954466667,0.734,2.5
ENSPD003942,Female,22.0,GenieCivil,5,0.7465007776049767,16.0,0.8240534521158129,0.45799999999999996,0.668,0.0,5.0,24.2,Yes,No,Middle,1.0,Yes,Salle 10,70.0,0.5499999999999999,1.0,1.357249463836979,0.563,5.0
ENSPD003943,Male,22.0,Electrique,1,0.6531881804043546,22.0,0.5835189309576838,0.648,0.628,1.0,1.2,13.3,Yes,No,Middle,2.0,Yes,Salle 2,143.0,0.5305555555555556,1.0,1.2311168215969106,0.638,2.2
ENSPD003944,Male,23.0,Mecanique,1,0.9999999999999999,0.0,0.5801781737193764,0.891,0.645,3.0,2.1,13.0,Yes,No,Middle,0.0,Yes,Salle 18,186.0,0.5708333333333333,1.0,1.7517941291539418,0.768,5.1
ENSPD003945,Male,24.0,Informatique,3,0.926905132192846,5.0,0.623608017817372,0.604,0.951,1.0,1.0,5.9,Yes,No,High,1.0,Yes,Salle 13,263.0,0.7083333333333333,1.0,1.3085534776349221,0.7775,2.0
ENSPD003946,Male,19.0,Electrique,2,0.7231726283048211,20.0,0.7973273942093541,0.616,0.7340000000000001,1.0,1.4,20.1,Yes,No,Middle,2.0,Yes,Salle 16,185.0,0.726388888888889,1.0,0.9955585551775791,0.675,2.4
ENSPD003947,Female,23.0,Mecanique,2,0.7231726283048211,8.0,0.4610244988864143,0.63,0.6609999999999999,1.0,5.2,27.6,Yes,Yes,Middle,5.0,Yes,Salle 27,231.0,0.5027777777777778,1.0,1.43832579125352,0.6455,6.2
ENSPD003948,Female,21.0,Informatique,2,0.4898911353032659,33.0,0.8530066815144766,0.616,0.772,1.0,1.1,0.0,No,No,Low,2.0,Yes,Salle 10,298.0,0.6083333333333333,1.0,0.8052872587901557,0.694,2.1
ENSPD003949,Male,22.0,Informatique,2,0.7667185069984447,15.0,0.6804008908685969,0.441,0.772,0.0,1.4,15.4,Yes,No,Low,1.0,Yes,Salle 29,298.0,0.5555555555555556,1.0,1.380068471364716,0.6065,1.4
ENSPD003950,Male,24.0,Electrique,4,0.5443234836702956,29.0,0.6146993318485524,0.44200000000000006,0.8290000000000001,2.0,0.4,17.9,Yes,Yes,Middle,4.0,Yes,Salle 21,157.0,0.5416666666666667,1.0,1.0048863411819393,0.6355000000000001,2.4
ENSPD003951,Male,20.0,Mecanique,3,0.4043545878693624,38.0,0.8129175946547884,0.6859999999999999,0.489,0.0,2.5,11.7,No,No,Low,2.0,Yes,Salle 16,212.0,0.5263888888888889,1.0,0.7681524342174527,0.5874999999999999,2.5
ENSPD003952,Female,20.0,Chimie,5,0.8662519440124418,9.0,0.4131403118040089,0.756,0.544,1.0,0.8,10.7,No,No,Middle,0.0,Yes,Salle 18,48.0,0.48611111111111116,1.0,1.7819673414974264,0.65,1.8
ENSPD003953,Female,18.0,Mecanique,4,0.8895800933125974,7.0,0.6971046770601336,0.765,0.47700000000000004,1.0,3.1,13.1,Yes,No,Low,1.0,Yes,Salle 29,178.0,0.5166666666666666,1.0,1.7217345986450536,0.621,4.1
ENSPD003954,Male,21.0,GenieCivil,2,0.8055987558320373,12.0,0.6826280623608018,0.552,0.793,1.0,2.8,9.6,Yes,No,Middle,0.0,Yes,Salle 18,177.0,0.6722222222222222,1.0,1.1983935449701306,0.6725000000000001,3.8
ENSPD003955,Male,25.0,GenieCivil,2,0.6858475894245722,20.0,0.4543429844097996,0.8170000000000001,0.784,1.0,2.4,12.8,Yes,No,Middle,3.0,Yes,Salle 4,177.0,0.6458333333333334,1.0,1.0619411148594946,0.8005,3.4
ENSPD003956,Female,22.0,Electrique,2,0.48367029548989116,33.0,0.6870824053452117,0.675,0.385,0.0,3.4,13.1,Yes,No,Low,2.0,No,Salle 23,185.0,0.46666666666666656,1.0,1.0364141386039398,0.53,3.4
ENSPD003957,Female,19.0,Mecanique,4,0.5038880248833592,32.0,0.6570155902004455,0.633,0.718,0.0,2.8,18.3,No,No,Middle,3.0,Yes,Salle 17,178.0,0.5958333333333332,1.0,0.8456720025118896,0.6755,2.8
ENSPD003958,Male,21.0,Energetique,1,0.5396578538102644,30.0,0.5801781737193764,0.019,0.914,1.0,2.0,16.5,Yes,No,Middle,2.0,No,Salle 5,83.0,0.5027777777777778,1.0,1.0733312893870355,0.4665,3.0
ENSPD003959,Male,19.0,Energetique,2,0.6765163297045101,21.0,0.7538975501113586,0.616,0.593,0.0,0.0,12.0,No,No,Middle,0.0,No,Salle 19,71.0,0.523611111111111,1.0,1.2919959019012035,0.6045,0.0
ENSPD003960,Male,20.0,Telecom,4,0.9206842923794712,5.0,0.5144766146993318,0.616,0.635,1.0,1.4,11.2,No,Yes,Middle,1.0,Yes,Salle 3,121.0,0.4305555555555556,1.0,2.138313853720879,0.6255,2.4
ENSPD003961,Male,23.0,Telecom,3,0.9175738724727839,5.0,0.655902004454343,0.733,0.7859999999999999,2.0,1.8,15.7,Yes,No,Low,1.0,Yes,Salle 24,154.0,0.7013888888888888,1.0,1.3082054833681669,0.7595,3.8
ENSPD003962,Male,20.0,GenieCivil,2,0.41213063763608093,38.0,0.5879732739420935,0.637,0.376,1.0,6.5,32.6,Yes,No,Middle,2.0,Yes,Salle 12,177.0,0.37083333333333335,0.0,1.1113335486757594,0.5065,7.5
ENSPD003963,Male,24.0,GenieCivil,1,0.5909797822706065,26.0,0.6113585746102449,0.42700000000000005,0.67,1.0,2.1,11.5,No,No,Middle,5.0,Yes,Salle 29,149.0,0.4083333333333333,1.0,1.4472619828182327,0.5485,3.1
ENSPD003964,Female,22.0,Chimie,4,0.5863141524105754,27.0,0.6937639198218263,0.675,0.635,2.0,1.7,7.8,Yes,No,High,4.0,Yes,Salle 4,93.0,0.7097222222222221,1.0,0.826106148280522,0.655,3.7
ENSPD003965,Male,22.0,Electrique,4,0.24727838258164847,48.0,0.5757238307349666,0.364,0.635,3.0,1.6,10.4,Yes,Yes,Middle,1.0,No,Salle 27,157.0,0.26111111111111107,0.0,0.9469873252661968,0.4995,4.6
ENSPD003966,Female,21.0,Telecom,2,0.8258164852255053,11.0,0.36414253897550114,0.43200000000000005,0.8059999999999999,2.0,0.2,4.3,Yes,No,Low,0.0,No,Salle 28,161.0,0.5263888888888889,1.0,1.568803625267182,0.619,2.2
ENSPD003967,Male,24.0,Chimie,2,0.6734059097978228,21.0,0.6113585746102449,0.49200000000000005,0.645,1.0,1.1,11.8,Yes,Yes,Low,1.0,Yes,Salle 22,119.0,0.4625,1.0,1.4559812972645407,0.5685,2.1
ENSPD003968,Male,24.0,Energetique,4,0.6982892690513217,19.0,0.7416481069042317,0.7170000000000001,0.505,1.0,0.3,0.0,Yes,No,Middle,1.0,Yes,Salle 10,70.0,0.5263888888888889,1.0,1.3265401652447544,0.611,1.3
ENSPD003969,Female,23.0,Mecanique,4,0.9720062208398134,2.0,0.4064587973273942,0.872,0.621,1.0,1.4,9.6,Yes,Yes,Low,2.0,Yes,Salle 17,178.0,0.5791666666666667,1.0,1.6782551452460908,0.7464999999999999,2.4
ENSPD003970,Male,23.0,Telecom,4,0.7371695178849144,17.0,0.6570155902004455,0.515,0.535,4.0,0.8,7.1,Yes,Yes,Middle,0.0,Yes,Salle 18,121.0,0.4361111111111111,1.0,1.6902862510067869,0.525,4.8
ENSPD003971,Female,22.0,Electrique,3,0.6391912908242613,23.0,0.6191536748329621,0.858,0.462,3.0,2.1,10.7,Yes,Yes,Middle,0.0,Yes,Salle 24,188.0,0.5152777777777777,1.0,1.2404549814490615,0.66,5.1
ENSPD003972,Male,23.0,Electrique,5,0.8273716951788491,11.0,0.5489977728285078,0.629,0.589,3.0,1.4,11.5,Yes,Yes,Middle,2.0,Yes,Salle 6,80.0,0.5111111111111111,1.0,1.61873903697746,0.609,4.4
ENSPD003973,Male,21.0,Mecanique,2,0.9175738724727839,5.0,0.6113585746102449,0.663,0.654,0.0,3.3,18.1,Yes,No,Low,2.0,No,Salle 24,231.0,0.7749999999999999,1.0,1.1839510102744275,0.6585000000000001,3.3
ENSPD003974,Female,22.0,Chimie,1,0.7760497667185068,14.0,0.6403118040089087,0.609,0.6070000000000001,0.0,0.7,8.4,Yes,No,High,2.0,Yes,Salle 23,96.0,0.5347222222222222,1.0,1.4512867085013603,0.6080000000000001,0.7
ENSPD003975,Male,21.0,Telecom,3,0.8491446345256609,10.0,0.7360801781737194,0.584,0.5870000000000001,0.0,0.1,10.6,Yes,No,Middle,0.0,Yes,Salle 29,154.0,0.5152777777777777,1.0,1.6479036979834245,0.5855,0.1
ENSPD003976,Female,21.0,Informatique,3,0.6936236391912908,20.0,0.6581291759465479,0.6990000000000001,0.685,0.0,1.0,1.8,No,No,High,0.0,Yes,Salle 22,263.0,0.5847222222222221,1.0,1.186224416631662,0.6920000000000001,1.0
ENSPD003977,Male,21.0,Electrique,4,0.7045101088646967,19.0,0.5712694877505569,0.753,0.746,0.0,0.8,2.6,No,No,High,1.0,Yes,Salle 3,157.0,0.6791666666666665,1.0,1.03730022458275,0.7495,0.8
ENSPD003978,Male,23.0,Mecanique,1,0.7418351477449457,17.0,0.6069042316258353,0.461,0.41100000000000003,1.0,0.9,6.4,No,No,Middle,1.0,Yes,Salle 5,186.0,0.37916666666666665,1.0,1.9564367034142724,0.43600000000000005,1.9
ENSPD003979,Male,25.0,Energetique,4,0.5800933125972006,27.0,0.8541202672605791,0.5860000000000001,0.59,2.0,1.6,17.0,No,No,Low,1.0,Yes,Salle 23,70.0,0.513888888888889,1.0,1.1288082639202277,0.5880000000000001,3.6
ENSPD003980,Male,24.0,GenieCivil,2,0.6143079315707621,25.0,0.7917594654788419,0.92,0.245,1.0,0.1,8.6,No,No,Middle,3.0,Yes,Salle 4,177.0,0.4819444444444444,1.0,1.2746182521024023,0.5825,1.1
ENSPD003981,Female,19.0,Mecanique,3,0.9766718506998445,2.0,0.9365256124721604,0.652,0.608,0.0,0.9,8.1,No,No,Middle,1.0,No,Salle 6,212.0,0.6805555555555556,1.0,1.4350885711554606,0.63,0.9
ENSPD003982,Female,25.0,Mecanique,1,0.9999999999999999,0.0,0.6469933184855233,0.672,0.67,4.0,1.6,13.8,No,No,Middle,2.0,Yes,Salle 17,186.0,0.6430555555555555,1.0,1.5550514117275067,0.671,5.6
ENSPD003983,Male,21.0,Electrique,3,0.9999999999999999,0.0,0.46325167037861914,0.8300000000000001,0.7540000000000001,3.0,1.1,12.8,No,No,Middle,1.0,No,Salle 2,188.0,0.7319444444444445,1.0,1.3662052434957244,0.792,4.1
ENSPD003984,Male,23.0,Informatique,4,0.47278382581648504,34.0,0.5367483296213809,0.53,0.6709999999999999,1.0,2.2,15.9,Yes,Yes,Middle,0.0,Yes,Salle 24,230.0,0.46944444444444444,1.0,1.0070920222642277,0.6005,3.2
ENSPD003985,Female,20.0,Electrique,2,0.4556765163297044,35.0,0.41202672605790647,0.614,0.75,0.0,0.4,10.9,Yes,No,Low,1.0,No,Salle 22,185.0,0.4888888888888888,1.0,0.9320465369952297,0.6819999999999999,0.4
ENSPD003986,Female,22.0,Energetique,1,0.4976671850699844,32.0,0.7383073496659243,0.767,0.653,1.0,0.3,6.9,Yes,No,Middle,3.0,Yes,Salle 10,83.0,0.6569444444444444,1.0,0.7575368266072668,0.71,1.3
ENSPD003987,Male,23.0,Telecom,3,0.7449455676516329,16.0,0.512249443207127,0.843,0.505,1.0,0.7,9.8,No,No,Low,1.0,Yes,Salle 15,154.0,0.523611111111111,1.0,1.4226805448521296,0.6739999999999999,1.7
ENSPD003988,Male,19.0,Informatique,4,0.19595645412130624,52.0,0.1002227171492205,0.19399999999999998,0.41700000000000004,1.0,0.2,7.8,Yes,No,Middle,1.0,No,Salle 6,230.0,0.04444444444444445,0.0,4.408028411336838,0.3055,1.2
ENSPD003989,Male,23.0,Energetique,2,0.609642301710731,25.0,0.6113585746102449,0.48700000000000004,0.5870000000000001,0.0,0.5,5.4,No,No,Middle,1.0,Yes,Salle 24,71.0,0.6124999999999999,1.0,0.9953181200482132,0.537,0.5
ENSPD003990,Female,25.0,Electrique,2,0.9828926905132193,1.0,0.5144766146993318,0.44,0.48700000000000004,1.0,0.2,5.3,Yes,No,Middle,2.0,Yes,Salle 24,185.0,0.3847222222222222,1.0,2.5547449205996013,0.4635,1.2
ENSPD003991,Male,22.0,Informatique,2,0.9035769828926904,6.0,0.5144766146993318,0.598,0.616,0.0,1.0,11.0,Yes,No,Middle,1.0,No,Salle 16,298.0,0.4722222222222222,1.0,1.9134166208325503,0.607,1.0
ENSPD003992,Male,25.0,Informatique,5,0.625194401244168,24.0,0.8897550111358574,0.454,0.542,0.0,2.5,11.1,Yes,No,Middle,1.0,No,Salle 17,109.0,0.5347222222222222,1.0,1.1691728593538018,0.498,2.5
ENSPD003993,Female,22.0,Informatique,2,0.6391912908242613,23.0,0.40868596881959907,0.74,0.7240000000000001,1.0,0.7,4.9,No,No,Low,0.0,Yes,Salle 25,298.0,0.4986111111111111,1.0,1.2819178261423951,0.732,1.7
ENSPD003994,Male,24.0,Telecom,1,0.8258164852255053,11.0,0.799554565701559,0.6509999999999999,0.65,0.0,0.0,4.0,Yes,No,High,1.0,Yes,Salle 4,121.0,0.6597222222222222,1.0,1.251744961681347,0.6505,0.0
ENSPD003995,Male,18.0,Informatique,4,0.8942457231726283,7.0,0.512249443207127,0.78,0.7290000000000001,0.0,1.6,11.6,Yes,No,Middle,1.0,No,Salle 2,230.0,0.6375,1.0,1.402716385896109,0.7545000000000001,1.6
ENSPD003996,Male,27.0,Mecanique,3,0.7231726283048211,24.0,0.388641425389755,0.792,0.728,3.0,2.4,14.5,No,No,Middle,1.0,Yes,Salle 19,212.0,0.5097222222222222,1.0,1.4187304564582692,0.76,5.4
ENSPD003997,Male,25.0,Chimie,1,0.6765163297045101,21.0,0.8953229398663696,0.742,0.604,3.0,1.0,8.9,No,No,Low,0.0,Yes,Salle 7,96.0,0.7,1.0,0.9664380933193958,0.673,4.0
ENSPD003998,Male,21.0,Electrique,5,0.6143079315707621,25.0,0.7639198218262806,0.616,0.616,0.0,0.7,8.3,Yes,Yes,Middle,3.0,No,Salle 9,80.0,0.5208333333333334,1.0,1.179448583203066,0.616,0.7
ENSPD003999,Male,18.0,Chimie,3,0.47122861586314146,34.0,0.7639198218262806,0.639,0.74,0.0,1.3,11.5,Yes,No,Low,2.0,Yes,Salle 23,130.0,0.6888888888888889,1.0,0.6840316096650652,0.6895,1.3
ENSPD004000,Male,23.0,Chimie,3,0.6796267496111975,21.0,0.6714922048997773,0.537,1.0,2.0,0.2,3.1,No,No,Middle,1.0,Yes,Salle 28,130.0,0.726388888888889,1.0,0.9356109432529077,0.7685,2.2
ENSPD004001,Male,19.0,Informatique,2,0.6640746500777605,22.0,0.7104677060133631,0.374,0.44200000000000006,0.0,2.1,13.5,No,Yes,Middle,1.0,Yes,Salle 17,298.0,0.3416666666666667,0.0,1.9435762370206542,0.40800000000000003,2.1
ENSPD004002,Female,23.0,Telecom,4,0.48522550544323495,33.0,0.40423162583518935,0.792,0.648,1.0,2.6,18.0,Yes,No,High,1.0,Yes,Salle 22,121.0,0.5083333333333333,1.0,0.9545232004155362,0.72,3.6
ENSPD004003,Female,23.0,Mecanique,2,0.8413685847589424,10.0,0.6291759465478842,0.605,0.401,2.0,2.4,18.0,Yes,No,Low,3.0,Yes,Salle 22,231.0,0.4041666666666667,1.0,2.081685198945038,0.503,4.4
ENSPD004004,Male,20.0,Electrique,2,0.8102643856920683,12.0,0.455456570155902,0.35000000000000003,0.636,1.0,0.8,0.2,No,No,Low,0.0,Yes,Salle 15,185.0,0.34305555555555556,0.0,2.361835435154478,0.493,1.8
ENSPD004005,Male,22.0,Electrique,1,0.7231726283048211,10.0,0.6113585746102449,0.7170000000000001,0.505,1.0,3.7,15.8,No,No,Middle,1.0,Yes,Salle 21,143.0,0.44305555555555554,1.0,1.6322023213879537,0.611,4.7
ENSPD004006,Male,24.0,Informatique,4,0.5769828926905131,27.0,0.6792873051224945,0.58,0.616,2.0,5.9,32.4,Yes,Yes,Middle,1.0,Yes,Salle 17,230.0,0.4736111111111111,1.0,1.2182372769172305,0.598,7.9
ENSPD004007,Male,24.0,Energetique,3,0.3499222395023328,42.0,0.8040089086859689,0.249,0.6709999999999999,1.0,0.7,6.7,Yes,No,High,0.0,No,Salle 21,104.0,0.4291666666666667,1.0,0.8153337930044335,0.45999999999999996,1.7
ENSPD004008,Male,22.0,GenieCivil,3,0.8071539657853809,12.0,0.5456570155902005,0.373,0.542,1.0,0.6,0.1,Yes,No,Middle,0.0,No,Salle 21,185.0,0.3833333333333333,1.0,2.1055641134197742,0.4575,1.6
ENSPD004009,Female,19.0,Informatique,1,0.5956454121306377,26.0,0.5746102449888641,0.494,0.28300000000000003,1.0,1.4,19.5,No,No,Middle,0.0,Yes,Salle 27,248.0,0.2847222222222222,0.0,2.09194943755175,0.3885,2.4
ENSPD004010,Male,24.0,Energetique,3,0.5536547433903577,29.0,0.4198218262806236,0.658,0.925,1.0,2.5,19.0,Yes,No,Middle,1.0,No,Salle 13,104.0,0.623611111111111,1.0,0.8878062873848296,0.7915000000000001,3.5
ENSPD004011,Male,21.0,Electrique,4,0.48522550544323495,33.0,0.6113585746102449,0.762,0.635,0.0,1.4,5.9,Yes,No,Middle,1.0,Yes,Salle 24,157.0,0.6097222222222222,1.0,0.7958009889567397,0.6985,1.4
ENSPD004012,Male,19.0,Electrique,2,0.6687402799377916,21.0,0.6113585746102449,0.756,0.614,3.0,5.1,20.7,Yes,No,High,0.0,Yes,Salle 5,185.0,0.6444444444444444,1.0,1.0376843323879674,0.685,8.1
ENSPD004013,Female,25.0,GenieCivil,4,0.9999999999999999,0.0,0.7427616926503342,0.7290000000000001,0.461,1.0,0.3,11.5,No,No,Middle,0.0,Yes,Salle 21,173.0,0.5041666666666667,1.0,1.9834317335854497,0.5950000000000001,1.3
ENSPD004014,Male,26.0,Telecom,2,0.625194401244168,24.0,0.7015590200445435,0.614,0.657,3.0,1.3,11.5,Yes,No,Low,3.0,Yes,Salle 9,161.0,0.6166666666666666,1.0,1.013812318574566,0.6355,4.3
ENSPD004015,Female,22.0,Informatique,4,0.5163297045101088,31.0,0.5066815144766148,0.93,0.7120000000000001,1.0,0.1,10.3,Yes,No,Low,1.0,No,Salle 22,230.0,0.7333333333333334,1.0,0.7040763596543349,0.8210000000000001,1.1
ENSPD004016,Male,26.0,Mecanique,1,0.8413685847589424,10.0,0.5011135857461025,0.746,0.794,0.0,0.1,11.6,No,No,High,1.0,Yes,Salle 14,186.0,0.7013888888888888,1.0,1.1995579093257256,0.77,0.1
ENSPD004017,Female,22.0,GenieCivil,3,0.7527216174183514,16.0,0.7427616926503342,0.66,0.812,1.0,0.1,0.0,No,No,Middle,1.0,Yes,Salle 9,185.0,0.6861111111111111,1.0,1.097068149090161,0.736,1.1
ENSPD004018,Female,21.0,Informatique,5,0.32503888024883354,43.0,0.7461024498886415,0.7220000000000001,0.85,2.0,1.4,7.0,No,No,Middle,0.0,No,Salle 28,109.0,0.6541666666666666,1.0,0.49686712597845684,0.786,3.4
ENSPD004019,Male,21.0,Electrique,5,0.8429237947122862,10.0,0.5812917594654788,0.5479999999999999,0.292,0.0,1.8,16.3,Yes,No,Middle,1.0,Yes,Salle 26,80.0,0.3638888888888888,0.0,2.3163681463442463,0.41999999999999993,1.8
ENSPD004020,Male,25.0,Mecanique,2,0.9999999999999999,0.0,0.5389755011135858,0.616,0.579,1.0,0.0,0.0,No,No,Low,0.0,No,Salle 11,231.0,0.5041666666666667,1.0,1.9834317335854497,0.5974999999999999,1.0
ENSPD004021,Male,20.0,Mecanique,2,0.23483670295489878,49.0,0.8051224944320713,0.245,0.8390000000000001,2.0,2.0,8.7,No,Yes,Middle,3.0,Yes,Salle 25,231.0,0.5472222222222223,1.0,0.42913537145394076,0.542,4.0
ENSPD004022,Male,23.0,Informatique,1,0.4898911353032659,33.0,0.5501113585746102,0.55,0.455,2.0,1.3,9.4,No,No,Middle,1.0,Yes,Salle 4,248.0,0.41527777777777775,1.0,1.179642555157038,0.5025000000000001,3.3
ENSPD004023,Female,21.0,Chimie,4,0.18818040435458783,52.0,0.734966592427617,0.937,0.8840000000000001,3.0,0.5,6.5,Yes,No,Middle,0.0,Yes,Salle 12,93.0,0.7527777777777778,1.0,0.24997802821678983,0.9105000000000001,3.5
ENSPD004024,Female,21.0,Telecom,3,0.7060653188180402,19.0,0.5868596881959911,0.647,1.0,0.0,0.0,11.5,Yes,No,High,1.0,Yes,Salle 3,154.0,0.7611111111111111,1.0,0.9276648729231824,0.8235,0.0
ENSPD004025,Female,24.0,Mecanique,2,0.9051321928460342,6.0,0.43541202672605794,0.639,0.878,1.0,0.3,8.5,No,No,Middle,0.0,Yes,Salle 7,231.0,0.5791666666666667,1.0,1.5627911912531596,0.7585,1.3
ENSPD004026,Female,21.0,Electrique,1,0.7402799377916017,17.0,0.8797327394209354,0.8,0.772,0.0,1.8,13.0,Yes,No,Middle,1.0,Yes,Salle 20,143.0,0.7222222222222223,1.0,1.024988798635775,0.786,1.8
ENSPD004027,Male,21.0,Mecanique,5,0.9797822706065319,1.0,0.6113585746102449,0.684,0.55,0.0,2.2,13.2,No,Yes,Middle,2.0,Yes,Salle 6,67.0,0.6277777777777779,1.0,1.5606902607673128,0.617,2.2
ENSPD004028,Male,24.0,Electrique,3,0.8755832037325039,8.0,0.49109131403118034,0.478,0.696,0.0,2.1,9.2,No,No,Middle,1.0,Yes,Salle 22,188.0,0.44166666666666665,1.0,1.982407652051283,0.587,2.1
ENSPD004029,Female,25.0,Informatique,2,0.9999999999999999,0.0,0.3775055679287305,0.624,0.371,0.0,0.3,11.1,No,No,Middle,1.0,Yes,Salle 24,298.0,0.2833333333333333,0.0,3.5292872016281773,0.4975,0.3
ENSPD004030,Male,23.0,GenieCivil,2,0.9362363919129083,4.0,0.39420935412026725,0.41600000000000004,0.484,0.0,4.8,24.8,No,No,Middle,3.0,Yes,Salle 30,177.0,0.2055555555555556,0.0,4.554441960778218,0.45,4.8
ENSPD004031,Female,21.0,Electrique,2,0.645412130637636,23.0,0.5478841870824054,0.616,0.498,1.0,1.1,12.0,Yes,No,Low,1.0,Yes,Salle 25,185.0,0.5,1.0,1.2907984453063661,0.5569999999999999,2.1
ENSPD004032,Male,21.0,Telecom,3,0.7325038880248832,17.0,0.9320712694877507,0.469,0.652,1.0,2.9,11.5,Yes,No,Middle,0.0,No,Salle 15,154.0,0.6180555555555556,1.0,1.1851556545105695,0.5605,3.9
ENSPD004033,Male,22.0,Mecanique,5,0.5583203732503886,28.0,0.512249443207127,0.787,0.635,3.0,0.4,7.1,No,Yes,Middle,1.0,Yes,Salle 26,67.0,0.6027777777777776,1.0,0.9262304144730317,0.7110000000000001,3.4
ENSPD004034,Other,23.0,Chimie,4,0.6765163297045101,21.0,0.8518930957683742,0.528,0.6920000000000001,1.0,1.4,10.6,No,Yes,Middle,1.0,Yes,Salle 22,93.0,0.5791666666666667,1.0,1.1680655810912792,0.6100000000000001,2.4
ENSPD004035,Male,20.0,Electrique,2,0.7231726283048211,17.0,0.5879732739420935,0.47200000000000003,0.635,1.0,1.5,11.5,Yes,No,Middle,1.0,Yes,Salle 30,185.0,0.5708333333333333,1.0,1.2668495646292115,0.5535,2.5
ENSPD004036,Other,23.0,Telecom,4,0.7045101088646967,19.0,0.4131403118040089,0.6,0.498,1.0,2.9,16.0,Yes,No,Middle,3.0,Yes,Salle 29,121.0,0.38055555555555554,1.0,1.851218794187093,0.5489999999999999,3.9
ENSPD004037,Female,22.0,Mecanique,2,0.9704510108864696,2.0,0.5311804008908686,0.6859999999999999,0.67,1.0,1.9,10.2,Yes,Yes,Low,0.0,No,Salle 1,231.0,0.5777777777777777,1.0,1.6795976796513574,0.6779999999999999,2.9
ENSPD004038,Female,19.0,Mecanique,2,0.6578538102643857,22.0,0.3964365256124721,0.616,0.557,2.0,1.0,11.1,Yes,No,High,2.0,Yes,Salle 4,231.0,0.35277777777777775,0.0,1.8647295958160153,0.5865,3.0
ENSPD004039,Female,22.0,Telecom,5,0.5458786936236392,29.0,0.46770601336302897,0.526,0.6779999999999999,4.0,0.7,12.3,Yes,No,Middle,1.0,Yes,Salle 2,60.0,0.46805555555555556,1.0,1.1662441022299233,0.602,4.7
ENSPD004040,Male,21.0,Informatique,2,0.5583203732503886,28.0,0.4621380846325167,0.639,0.777,2.0,7.2,34.8,Yes,No,Middle,0.0,No,Salle 6,298.0,0.5625,1.0,0.9925519070778985,0.708,9.2
ENSPD004041,Female,22.0,Informatique,2,0.8429237947122862,10.0,0.6113585746102449,0.861,0.8240000000000001,1.0,0.7,14.2,Yes,Yes,Middle,3.0,Yes,Salle 2,298.0,0.6416666666666667,1.0,1.313627000169794,0.8425,1.7
ENSPD004042,Male,26.0,Informatique,5,0.458786936236392,35.0,0.8630289532293988,0.165,0.774,1.0,1.4,4.4,No,No,Low,0.0,Yes,Salle 15,109.0,0.5097222222222222,1.0,0.9000548057100849,0.46950000000000003,2.4
ENSPD004043,Male,22.0,Telecom,1,0.6827371695178849,20.0,0.645879732739421,0.731,0.723,1.0,0.7,16.4,Yes,No,Middle,0.0,Yes,Salle 5,121.0,0.576388888888889,1.0,1.1844873102270927,0.727,1.7
ENSPD004044,Female,20.0,Informatique,4,0.9673405909797824,2.0,0.4955456570155903,0.551,0.35600000000000004,0.0,0.8,10.0,Yes,No,Middle,3.0,Yes,Salle 23,230.0,0.3458333333333333,0.0,2.7970485411885413,0.4535,0.8
ENSPD004045,Male,22.0,Telecom,5,0.7744945567651632,14.0,0.6469933184855233,0.531,0.424,1.0,0.3,0.0,Yes,No,High,3.0,Yes,Salle 22,60.0,0.4625,1.0,1.6745466190248064,0.47750000000000004,1.3
ENSPD004046,Male,21.0,GenieCivil,3,0.7060653188180402,19.0,0.4710467706013364,0.616,0.47500000000000003,1.0,2.5,22.6,No,No,Middle,1.0,Yes,Salle 20,185.0,0.3486111111111111,0.0,2.0253085550892127,0.5455,3.5
ENSPD004047,Male,23.0,Informatique,1,0.7138413685847588,18.0,0.1636971046770601,0.554,0.7120000000000001,3.0,1.9,8.8,Yes,No,Low,0.0,Yes,Salle 21,248.0,0.4,1.0,1.7845588074917096,0.633,4.9
ENSPD004048,Male,23.0,GenieCivil,2,0.5272161741835147,30.0,1.0,0.7320000000000001,0.38200000000000006,1.0,0.8,9.0,Yes,No,Middle,1.0,No,Salle 14,177.0,0.5680555555555554,1.0,0.9280903744778349,0.557,1.8
ENSPD004049,Female,24.0,Informatique,1,0.5598755832037324,28.0,0.6414253897550111,0.523,0.708,2.0,9.9,46.6,Yes,Yes,High,0.0,No,Salle 13,248.0,0.5416666666666667,1.0,1.0335973795014228,0.6154999999999999,11.9
ENSPD004050,Male,22.0,Electrique,2,0.6842923794712287,20.0,0.512249443207127,0.919,0.693,0.0,2.1,13.7,Yes,No,Middle,3.0,Yes,Salle 13,185.0,0.6444444444444444,1.0,1.061816526164432,0.806,2.1
ENSPD004051,Female,25.0,Electrique,4,0.7713841368584758,15.0,0.6113585746102449,0.7320000000000001,0.253,2.0,2.4,14.1,Yes,No,Middle,1.0,Yes,Salle 22,157.0,0.29861111111111116,0.0,2.58315339457517,0.49250000000000005,4.4
ENSPD004052,Female,24.0,GenieCivil,2,0.8973561430793159,7.0,0.3608017817371938,0.6559999999999999,0.42200000000000004,1.0,1.6,8.8,Yes,No,Low,2.0,Yes,Salle 8,177.0,0.33611111111111114,0.0,2.669740499526904,0.5389999999999999,2.6
ENSPD004053,Female,21.0,Informatique,2,0.7371695178849144,17.0,0.8864142538975501,0.59,0.8490000000000001,1.0,1.6,9.3,No,No,Middle,0.0,Yes,Salle 26,298.0,0.7930555555555554,0.0,0.9295190198602372,0.7195,2.6
ENSPD004054,Male,26.0,Electrique,3,0.7231726283048211,2.0,0.8608017817371938,0.8340000000000001,0.635,1.0,0.0,9.8,No,No,Middle,1.0,No,Salle 27,188.0,0.8097222222222222,1.0,0.8931009640695196,0.7345,1.0
ENSPD004055,Female,23.0,Telecom,3,0.9999999999999999,0.0,0.7360801781737194,0.86,0.47000000000000003,3.0,1.4,12.5,No,Yes,Middle,2.0,No,Salle 15,154.0,0.65,1.0,1.5384378701866124,0.665,4.4
ENSPD004056,Male,20.0,Chimie,4,0.8678071539657853,8.0,0.4242761692650334,0.41100000000000003,0.433,1.0,4.8,24.4,Yes,No,Low,1.0,Yes,Salle 20,93.0,0.29027777777777775,0.0,2.9894718978837354,0.42200000000000004,5.8
ENSPD004057,Female,25.0,Telecom,2,0.948678071539658,3.0,0.8619153674832961,0.494,0.15,1.0,0.3,9.0,Yes,No,Low,1.0,Yes,Salle 13,161.0,0.3597222222222223,0.0,2.637178470361263,0.322,1.3
ENSPD004058,Male,26.0,Informatique,4,0.5349922239502333,30.0,0.6848552338530067,0.7340000000000001,0.934,1.0,3.2,13.6,Yes,No,Middle,1.0,Yes,Salle 6,230.0,0.75,1.0,0.7133134544209188,0.8340000000000001,4.2
ENSPD004059,Female,22.0,Telecom,3,0.505443234836703,32.0,0.7193763919821826,0.789,0.648,0.0,1.5,12.9,Yes,No,Middle,1.0,Yes,Salle 29,154.0,0.6402777777777777,1.0,0.7894000984852865,0.7185,1.5
ENSPD004060,Other,21.0,Mecanique,2,0.8164852255054432,12.0,0.6848552338530067,0.5660000000000001,1.0,2.0,0.7,12.0,Yes,No,Low,0.0,Yes,Salle 25,231.0,0.7375,1.0,1.1070835995517936,0.783,2.7
ENSPD004061,Male,22.0,Informatique,2,0.4696734059097979,34.0,0.3585746102449889,0.48600000000000004,0.6020000000000001,0.0,5.1,26.8,Yes,No,Low,0.0,Yes,Salle 25,298.0,0.32638888888888895,0.0,1.4389552841574829,0.544,5.1
ENSPD004062,Male,23.0,Telecom,2,0.6656298600311042,22.0,0.4097995545657016,0.634,0.6970000000000001,2.0,0.0,9.5,Yes,No,Middle,1.0,Yes,Salle 25,161.0,0.46805555555555556,1.0,1.4220868255111316,0.6655,2.0
ENSPD004063,Female,25.0,Energetique,3,0.864696734059098,9.0,0.5244988864142539,0.616,0.818,3.0,1.4,7.2,Yes,No,Middle,1.0,Yes,Salle 26,104.0,0.7305555555555554,1.0,1.1835991000171684,0.717,4.4
ENSPD004064,Male,23.0,Electrique,2,0.984447900466563,1.0,0.7182628062360802,0.627,0.968,0.0,4.3,18.8,Yes,Yes,Middle,1.0,Yes,Salle 7,185.0,0.7777777777777779,1.0,1.2657024558540058,0.7975,4.3
ENSPD004065,Female,22.0,Mecanique,5,0.671850699844479,21.0,0.3797327394209354,0.392,0.74,1.0,1.3,9.6,Yes,No,Low,0.0,No,Salle 11,67.0,0.3555555555555555,0.0,1.8895269503671182,0.5660000000000001,2.3
ENSPD004066,Male,25.0,Mecanique,3,0.5987558320373251,26.0,0.5812917594654788,0.64,0.64,1.0,1.8,6.7,No,No,Middle,1.0,Yes,Salle 28,212.0,0.575,1.0,1.0412963809974178,0.64,2.8
ENSPD004067,Male,21.0,GenieCivil,5,0.7791601866251944,14.0,0.5812917594654788,0.761,0.6459999999999999,1.0,2.8,25.7,No,No,Middle,0.0,No,Salle 22,70.0,0.5625,1.0,1.3851490402396303,0.7035,3.8
ENSPD004068,Female,24.0,Telecom,1,0.5194401244167962,31.0,0.6113585746102449,0.6020000000000001,0.43100000000000005,0.0,0.3,6.2,Yes,No,Low,1.0,Yes,Salle 4,121.0,0.48749999999999993,1.0,1.0654963475965544,0.5165000000000001,0.3
ENSPD004069,Female,21.0,Informatique,2,0.687402799377916,20.0,0.7227171492204899,0.616,0.564,0.0,0.5,0.0,No,No,Low,2.0,Yes,Salle 14,298.0,0.6347222222222223,1.0,1.0829807835677414,0.59,0.5
ENSPD004070,Male,23.0,Telecom,1,0.7185069984447902,18.0,0.4409799554565701,0.7759999999999999,0.65,2.0,13.2,55.2,No,No,Middle,2.0,No,Salle 10,121.0,0.5208333333333334,1.0,1.379506950480548,0.713,15.2
ENSPD004071,Male,22.0,Mecanique,2,0.7153965785381026,18.0,0.8518930957683742,0.609,0.9159999999999999,1.0,0.5,6.2,Yes,No,Middle,0.0,Yes,Salle 8,231.0,0.7472222222222222,1.0,0.9573952477725834,0.7625,1.5
ENSPD004072,Female,22.0,Chimie,4,0.7371695178849144,17.0,0.4164810690423163,0.628,0.554,2.0,1.5,5.9,No,No,Middle,1.0,No,Salle 23,93.0,0.34444444444444444,0.0,2.140107435901612,0.591,3.5
ENSPD004073,Female,21.0,Telecom,1,0.5645412130637636,28.0,0.7928730512249444,0.28800000000000003,0.853,3.0,0.7,2.6,Yes,No,Middle,0.0,Yes,Salle 12,121.0,0.5472222222222223,1.0,1.0316300651508648,0.5705,3.7
ENSPD004074,Female,25.0,GenieCivil,2,0.5847589424572316,27.0,0.5178173719376392,0.838,0.624,0.0,3.8,18.8,No,No,Middle,1.0,Yes,Salle 9,177.0,0.5708333333333333,1.0,1.0243772823668462,0.731,3.8
ENSPD004075,Female,21.0,Mecanique,1,0.5800933125972006,27.0,0.6380846325167038,0.561,0.8890000000000001,1.0,6.5,33.2,Yes,No,Low,2.0,No,Salle 25,186.0,0.6222222222222222,1.0,0.9322778407802028,0.7250000000000001,7.5
ENSPD004076,Male,21.0,Chimie,2,0.41835147744945567,37.0,0.6481069042316259,0.5479999999999999,0.775,0.0,0.3,10.0,No,No,Low,3.0,Yes,Salle 29,119.0,0.5708333333333333,1.0,0.7328656621188342,0.6615,0.3
ENSPD004077,Male,26.0,GenieCivil,4,0.7838258164852253,14.0,0.643652561247216,0.521,0.762,0.0,1.8,16.7,Yes,No,Low,2.0,No,Salle 6,173.0,0.6069444444444445,1.0,1.2914079856564427,0.6415,1.8
ENSPD004078,Male,24.0,Electrique,3,0.8864696734059098,7.0,0.7227171492204899,0.7020000000000001,0.836,2.0,3.3,15.8,Yes,No,Middle,1.0,No,Salle 6,188.0,0.7,1.0,1.266367156763346,0.769,5.3
ENSPD004079,Female,17.0,Electrique,4,0.8693623639191289,8.0,0.6759465478841872,0.41700000000000004,0.807,1.0,3.5,8.3,Yes,No,High,1.0,Yes,Salle 13,157.0,0.5861111111111111,1.0,1.4832469730890203,0.6120000000000001,4.5
ENSPD004080,Male,21.0,Informatique,2,0.671850699844479,21.0,0.7416481069042317,0.443,0.853,0.0,1.2,16.9,Yes,No,Low,1.0,No,Salle 25,298.0,0.6444444444444444,1.0,1.0425107711432602,0.648,1.2
ENSPD004081,Female,18.0,Telecom,5,0.5692068429237945,28.0,0.688195991091314,0.611,0.635,1.0,0.5,6.1,No,No,Low,1.0,Yes,Salle 12,60.0,0.7958333333333334,1.0,0.7152247422111486,0.623,1.5
ENSPD004082,Male,20.0,Informatique,3,0.8584758942457232,9.0,0.3986636971046771,0.507,0.963,0.0,1.0,7.3,No,No,Middle,1.0,Yes,Salle 8,263.0,0.5361111111111111,1.0,1.6012723178658865,0.735,1.0
ENSPD004083,Female,17.0,Energetique,2,0.8398133748055988,10.0,0.6547884187082406,0.68,0.635,0.0,2.8,21.2,Yes,No,Low,1.0,Yes,Salle 8,71.0,0.6375,1.0,1.3173336493633023,0.6575,2.8
ENSPD004084,Female,22.0,Mecanique,2,0.76049766718507,15.0,0.5155902004454344,0.514,0.552,0.0,10.2,44.6,Yes,No,Low,1.0,Yes,Salle 28,231.0,0.3666666666666667,0.0,2.0740279824688503,0.533,10.2
ENSPD004085,Male,20.0,Chimie,5,0.7231726283048211,0.0,0.42538975501113585,0.907,0.713,1.0,1.6,13.4,No,No,Low,1.0,Yes,Salle 22,48.0,0.6986111111111111,1.0,1.035142821771679,0.81,2.6
ENSPD004086,Male,22.0,Mecanique,3,0.7153965785381026,18.0,0.6113585746102449,0.745,0.255,1.0,0.4,7.6,Yes,No,Middle,3.0,Yes,Salle 3,212.0,0.4180555555555555,1.0,1.711206697206691,0.5,1.4
ENSPD004087,Male,19.0,Mecanique,3,0.671850699844479,21.0,0.6403118040089087,0.743,0.8059999999999999,2.0,0.1,0.5,No,No,Middle,1.0,Yes,Salle 28,212.0,0.6736111111111112,1.0,0.9973717996104488,0.7745,2.1
ENSPD004088,Female,22.0,Mecanique,2,0.645412130637636,23.0,0.6514476614699333,0.511,0.428,1.0,5.8,23.9,Yes,No,Low,2.0,Yes,Salle 18,231.0,0.4111111111111111,1.0,1.5698832124998918,0.46950000000000003,6.8
ENSPD004089,Female,21.0,Chimie,2,0.42923794712286145,37.0,0.7861915367483296,1.0,0.8640000000000001,0.0,1.3,9.3,No,No,Middle,1.0,Yes,Salle 10,119.0,0.8347222222222221,1.0,0.5142223286650481,0.932,1.3
ENSPD004090,Male,25.0,Electrique,4,0.8429237947122862,10.0,0.6113585746102449,0.541,1.0,2.0,2.5,14.9,No,No,Middle,2.0,Yes,Salle 4,157.0,0.7680555555555555,1.0,1.0974633462147438,0.7705,4.5
ENSPD004091,Female,25.0,Telecom,3,0.6998444790046657,19.0,0.6113585746102449,0.49200000000000005,0.35000000000000003,0.0,2.2,11.3,Yes,No,Middle,1.0,Yes,Salle 21,154.0,0.35,0.0,1.9994985257697373,0.42100000000000004,2.2
ENSPD004092,Male,24.0,Mecanique,3,0.8149300155520994,12.0,0.6971046770601336,0.747,0.63,1.0,4.4,20.1,No,No,Middle,2.0,Yes,Salle 29,212.0,0.6263888888888889,1.0,1.3009761511512712,0.6885,5.4
ENSPD004093,Male,21.0,Electrique,3,0.9999999999999999,0.0,0.6258351893095769,0.655,0.42700000000000005,2.0,0.6,7.1,Yes,Yes,Middle,0.0,Yes,Salle 29,188.0,0.4916666666666667,1.0,2.0338569385029452,0.541,2.6
ENSPD004094,Female,26.0,Chimie,1,0.6469673405909798,23.0,0.7383073496659243,0.473,0.294,2.0,1.2,7.0,No,No,Middle,0.0,Yes,Salle 2,96.0,0.375,1.0,1.7252002362363132,0.38349999999999995,3.2
ENSPD004095,Male,19.0,Informatique,4,0.28304821150855364,46.0,0.6915367483296213,1.0,0.619,0.0,4.9,28.2,Yes,No,Low,0.0,Yes,Salle 9,230.0,0.7194444444444443,1.0,0.39342061709983694,0.8095,4.9
ENSPD004096,Male,19.0,GenieCivil,5,0.8102643856920683,12.0,0.601336302895323,0.7959999999999999,0.767,0.0,1.8,13.4,No,No,Low,0.0,Yes,Salle 22,70.0,0.6916666666666667,1.0,1.1714496451020973,0.7815,1.8
ENSPD004097,Male,22.0,GenieCivil,4,0.7511664074650078,16.0,0.9699331848552339,0.621,0.7909999999999999,1.0,0.1,3.3,Yes,Yes,Low,0.0,Yes,Salle 11,173.0,0.7555555555555555,1.0,0.9941776751756332,0.706,1.1
ENSPD004098,Male,27.0,Mecanique,2,0.583203732503888,27.0,0.5189309576837416,1.0,0.6709999999999999,1.0,0.4,9.0,Yes,Yes,Middle,0.0,Yes,Salle 16,231.0,0.7027777777777777,1.0,0.8298433053972343,0.8354999999999999,1.4
ENSPD004099,Male,22.0,Mecanique,2,0.7947122861586314,13.0,0.8530066815144766,0.766,0.307,2.0,0.5,12.3,Yes,No,Middle,1.0,Yes,Salle 14,231.0,0.49444444444444435,1.0,1.607250769181676,0.5365,2.5
ENSPD004100,Male,22.0,Electrique,4,0.8662519440124418,9.0,0.38418708240534527,0.618,0.665,1.0,10.2,46.5,No,No,High,2.0,Yes,Salle 13,157.0,0.5305555555555556,1.0,1.6326954038797126,0.6415,11.2
ENSPD004101,Female,19.0,Informatique,3,0.5427682737169516,29.0,0.6113585746102449,1.0,0.341,1.0,0.5,1.2,Yes,No,Middle,0.0,No,Salle 12,263.0,0.5555555555555556,1.0,0.9769653073149812,0.6705,1.5
ENSPD004102,Male,24.0,Electrique,3,0.6640746500777605,22.0,0.8496659242761693,0.7390000000000001,0.355,2.0,4.1,27.7,No,No,High,1.0,Yes,Salle 1,188.0,0.45000000000000007,1.0,1.4756886515360998,0.547,6.1
ENSPD004103,Male,24.0,Energetique,5,0.995334370139969,0.0,0.29175946547884185,0.731,0.441,1.0,0.2,12.5,Yes,Yes,High,0.0,No,Salle 3,40.0,0.35277777777777775,0.0,2.8213402868138293,0.586,1.2
ENSPD004104,Male,24.0,Electrique,3,0.5847589424572316,27.0,0.6336302895322939,0.55,0.85,0.0,0.4,11.5,No,No,Middle,0.0,Yes,Salle 17,188.0,0.5597222222222222,1.0,1.0447119519681205,0.7,0.4
ENSPD004105,Male,21.0,Electrique,3,0.7325038880248832,17.0,0.7293986636971047,0.629,0.7490000000000001,0.0,4.1,23.9,Yes,No,Middle,2.0,Yes,Salle 4,188.0,0.6013888888888889,1.0,1.218000068770025,0.6890000000000001,4.1
ENSPD004106,Female,21.0,Informatique,1,0.23017107309486773,50.0,0.6113585746102449,0.546,0.705,0.0,4.6,11.5,No,No,Middle,1.0,Yes,Salle 9,248.0,0.5361111111111111,1.0,0.42932663594954906,0.6255,4.6
ENSPD004107,Female,19.0,Telecom,1,0.44323483670295494,36.0,0.6737193763919822,0.8790000000000001,0.467,2.0,0.4,7.2,No,No,Middle,0.0,Yes,Salle 27,121.0,0.5708333333333333,1.0,0.7764561847727427,0.673,2.4
ENSPD004108,Male,22.0,Mecanique,1,0.749611197511664,16.0,0.6325167037861915,0.33,0.562,1.0,0.5,7.4,Yes,No,Middle,0.0,Yes,Salle 20,186.0,0.4013888888888889,1.0,1.8674969419737573,0.44600000000000006,1.5
ENSPD004109,Female,20.0,Electrique,5,0.948678071539658,3.0,0.4276169265033408,0.866,0.635,0.0,1.5,6.4,No,Yes,Middle,0.0,No,Salle 7,80.0,0.4527777777777777,1.0,2.0951936383875993,0.7505,1.5
ENSPD004110,Male,20.0,Energetique,2,0.4665629860031105,34.0,0.6113585746102449,0.462,0.635,2.0,0.1,0.8,Yes,No,High,3.0,Yes,Salle 8,71.0,0.7333333333333334,1.0,0.6362135780009053,0.5485,2.1
ENSPD004111,Male,21.0,Electrique,2,0.7340590979782272,17.0,0.6113585746102449,0.61,1.0,2.0,5.8,24.7,Yes,No,Middle,0.0,Yes,Salle 26,185.0,0.7291666666666667,1.0,1.0066958139704056,0.8049999999999999,7.8
ENSPD004112,Male,21.0,Chimie,4,0.7231726283048211,22.0,0.6826280623608018,0.5670000000000001,0.751,0.0,0.9,0.6,Yes,No,Low,1.0,No,Salle 24,93.0,0.6708333333333333,1.0,1.0780052396309439,0.659,0.9
ENSPD004113,Male,21.0,GenieCivil,3,0.8973561430793159,7.0,0.5022271714922049,0.526,0.7859999999999999,0.0,1.3,11.5,Yes,No,Middle,3.0,Yes,Salle 25,185.0,0.5888888888888888,1.0,1.5237864428177341,0.6559999999999999,1.3
ENSPD004114,Male,23.0,Informatique,3,0.4930015552099535,33.0,0.23051224944320714,0.7440000000000001,0.608,1.0,0.2,5.8,Yes,No,Middle,1.0,Yes,Salle 12,263.0,0.4097222222222222,1.0,1.203228666117866,0.676,1.2
ENSPD004115,Female,22.0,Chimie,2,0.8009331259720062,13.0,0.455456570155902,0.619,0.316,1.0,0.1,0.0,Yes,No,Middle,2.0,No,Salle 17,119.0,0.3375,0.0,2.373064875031869,0.4675,1.1
ENSPD004116,Male,21.0,Informatique,4,0.5987558320373251,26.0,0.3685968819599109,0.5,0.47100000000000003,1.0,1.3,6.4,Yes,Yes,Low,2.0,Yes,Salle 12,230.0,0.3375,0.0,1.7740387900723682,0.48550000000000004,2.3
ENSPD004117,Female,22.0,Electrique,1,0.7620528771384137,15.0,0.7928730512249444,0.648,0.547,1.0,0.3,5.3,Yes,No,Middle,1.0,Yes,Salle 23,143.0,0.5277777777777778,1.0,1.4438623045554346,0.5975,1.3
ENSPD004118,Male,20.0,Informatique,1,0.7325038880248832,17.0,0.5089086859688196,0.495,0.563,1.0,2.0,9.9,No,No,Middle,0.0,Yes,Salle 21,248.0,0.3763888888888889,1.0,1.9460840869833564,0.5289999999999999,3.0
ENSPD004119,Male,22.0,Telecom,1,0.6734059097978228,21.0,0.5244988864142539,0.523,0.517,0.0,3.2,16.5,Yes,Yes,Middle,1.0,Yes,Salle 9,121.0,0.3944444444444445,1.0,1.7071829694966618,0.52,3.2
ENSPD004120,Female,22.0,Informatique,2,0.8087091757387247,12.0,0.43207126948775054,0.35000000000000003,0.65,3.0,0.1,6.5,Yes,No,Middle,0.0,Yes,Salle 5,298.0,0.3597222222222223,0.0,2.248086564898125,0.5,3.1
ENSPD004121,Male,19.0,GenieCivil,2,0.7278382581648523,18.0,0.6258351893095769,0.616,0.47000000000000003,2.0,1.4,16.4,Yes,No,Middle,1.0,Yes,Salle 13,177.0,0.4305555555555556,1.0,1.6904237897658299,0.543,3.4
ENSPD004122,Male,24.0,Electrique,3,0.6951788491446346,20.0,0.49109131403118034,0.7090000000000001,1.0,2.0,3.4,15.7,No,No,Middle,1.0,Yes,Salle 18,188.0,0.7375,1.0,0.9426026076183842,0.8545,5.4
ENSPD004123,Female,20.0,GenieCivil,1,0.6531881804043546,22.0,0.7761692650334077,0.627,0.36700000000000005,1.0,1.2,8.6,No,Yes,Middle,2.0,Yes,Salle 15,149.0,0.5125,1.0,1.2744886546688936,0.497,2.2
ENSPD004124,Female,22.0,Mecanique,3,0.7340590979782272,17.0,0.6603563474387528,0.9470000000000001,0.8170000000000001,3.0,6.4,21.8,No,No,High,2.0,Yes,Salle 5,212.0,0.8083333333333333,1.0,0.908103113748977,0.8820000000000001,9.4
ENSPD004125,Female,24.0,GenieCivil,1,0.7620528771384137,15.0,0.5144766146993318,1.0,0.588,3.0,0.2,8.2,Yes,No,Middle,2.0,Yes,Salle 16,149.0,0.7180555555555557,1.0,1.0612580860375984,0.794,3.2
ENSPD004126,Female,24.0,Mecanique,1,0.5349922239502333,30.0,0.7527839643652561,0.536,0.635,1.0,0.8,4.8,No,No,Low,1.0,Yes,Salle 9,186.0,0.5736111111111111,1.0,0.9326578356119893,0.5855,1.8
ENSPD004127,Female,22.0,GenieCivil,3,0.6547433903576981,22.0,0.6113585746102449,0.47000000000000003,0.742,1.0,0.5,8.4,No,No,Middle,2.0,No,Salle 1,185.0,0.47916666666666674,1.0,1.3663924725557686,0.606,1.5
ENSPD004128,Female,21.0,Mecanique,5,0.5225505443234836,31.0,0.6135857461024499,0.823,0.6709999999999999,0.0,1.4,48.1,No,No,High,1.0,Yes,Salle 7,67.0,0.6291666666666667,1.0,0.8305307110194015,0.7469999999999999,1.4
ENSPD004129,Male,24.0,Electrique,4,0.7122861586314152,18.0,0.36636971046770606,0.616,0.413,1.0,0.7,16.7,Yes,Yes,Low,3.0,Yes,Salle 19,157.0,0.3402777777777778,0.0,2.0931876051586196,0.5145,1.7
ENSPD004130,Male,23.0,Mecanique,5,0.609642301710731,25.0,0.5979955456570156,0.8240000000000001,0.635,1.0,1.0,16.3,Yes,Yes,Middle,1.0,Yes,Salle 29,67.0,0.5805555555555555,1.0,1.0500834847622873,0.7295,2.0
ENSPD004131,Male,21.0,Energetique,3,0.8631415241057544,9.0,0.6636971046770601,0.6920000000000001,0.674,0.0,3.8,22.7,Yes,No,Middle,1.0,Yes,Salle 30,104.0,0.6458333333333334,1.0,1.3364565050952828,0.683,3.8
ENSPD004132,Male,20.0,GenieCivil,3,0.8460342146189735,10.0,0.8329621380846325,0.585,0.6609999999999999,3.0,5.3,27.9,No,No,Middle,2.0,Yes,Salle 10,185.0,0.576388888888889,1.0,1.4677929311242333,0.623,8.3
ENSPD004133,Female,18.0,Informatique,3,0.547433903576983,29.0,0.48440979955456576,0.5860000000000001,0.435,1.0,5.6,28.4,No,No,High,1.0,Yes,Salle 4,263.0,0.3652777777777778,0.0,1.49863733987293,0.5105000000000001,6.6
ENSPD004134,Female,22.0,GenieCivil,3,0.7200622083981337,18.0,0.9910913140311803,0.698,0.898,4.0,1.6,9.6,Yes,No,Middle,1.0,Yes,Salle 20,185.0,0.8986111111111112,1.0,0.8012967862593434,0.798,5.6
ENSPD004135,Female,22.0,Telecom,1,0.8398133748055988,10.0,0.6113585746102449,0.5820000000000001,0.141,2.0,1.4,10.7,Yes,No,Middle,1.0,Yes,Salle 12,121.0,0.25416666666666665,0.0,3.3040537741686182,0.36150000000000004,3.4
ENSPD004136,Male,24.0,Informatique,3,0.687402799377916,20.0,0.356347438752784,0.84,0.59,1.0,1.4,4.8,No,No,Middle,3.0,Yes,Salle 16,263.0,0.4638888888888889,1.0,1.4817944509941687,0.715,2.4
ENSPD004137,Female,23.0,Electrique,2,0.5847589424572316,27.0,0.4688195991091314,0.386,0.456,2.0,1.4,10.1,Yes,No,Middle,0.0,No,Salle 26,185.0,0.2944444444444444,0.0,1.9859063209608296,0.42100000000000004,3.4
ENSPD004138,Male,25.0,GenieCivil,2,0.5163297045101088,31.0,0.8474387527839643,0.8390000000000001,0.6759999999999999,2.0,0.7,9.5,Yes,No,Middle,2.0,Yes,Salle 18,177.0,0.6541666666666666,1.0,0.7892817503581229,0.7575000000000001,2.7
ENSPD004139,Female,21.0,Informatique,3,0.880248833592535,8.0,0.8173719376391981,0.28300000000000003,0.843,0.0,2.7,14.8,Yes,Yes,Middle,2.0,Yes,Salle 3,263.0,0.6097222222222222,1.0,1.4436646145817775,0.563,2.7
ENSPD004140,Male,24.0,Telecom,1,0.8880248833592533,7.0,0.6135857461024499,0.6459999999999999,0.359,0.0,0.7,11.5,No,No,Middle,0.0,Yes,Salle 3,121.0,0.4027777777777778,1.0,2.2046966972498008,0.5025,0.7
ENSPD004141,Male,21.0,Mecanique,2,0.6811819595645411,20.0,0.6347438752783965,0.56,1.0,0.0,4.2,32.1,Yes,No,Middle,1.0,Yes,Salle 28,231.0,0.7652777777777777,1.0,0.8900990965026766,0.78,4.2
ENSPD004142,Male,24.0,Mecanique,1,0.8631415241057544,9.0,0.41536748329621387,0.34700000000000003,0.68,0.0,0.3,5.5,No,No,Low,0.0,Yes,Salle 13,186.0,0.4222222222222223,1.0,2.044234141020815,0.5135000000000001,0.3
ENSPD004143,Male,19.0,Telecom,5,0.16640746500777592,54.0,0.8307349665924276,0.249,0.716,1.0,1.7,20.4,Yes,No,Low,0.0,No,Salle 7,60.0,0.4847222222222223,1.0,0.3432977165101426,0.4825,2.7
ENSPD004144,Female,22.0,Electrique,1,0.9673405909797824,2.0,0.44543429844098004,0.42200000000000004,0.35200000000000004,0.0,1.5,9.4,No,No,Middle,1.0,Yes,Salle 26,143.0,0.2777777777777778,0.0,3.482300764699687,0.387,1.5
ENSPD004145,Female,18.0,Telecom,2,0.6905132192846034,20.0,0.7516703786191538,0.628,0.631,3.0,0.6,6.4,Yes,No,Low,2.0,No,Salle 13,161.0,0.5319444444444444,1.0,1.298068333662956,0.6295,3.6
ENSPD004146,Female,21.0,Electrique,4,0.7465007776049767,16.0,0.8363028953229399,0.512,0.8340000000000001,2.0,0.1,9.1,No,No,Middle,2.0,Yes,Salle 27,157.0,0.6902777777777778,1.0,1.0814341520114463,0.673,2.1
ENSPD004147,Male,23.0,Chimie,3,0.6609642301710731,22.0,0.6180400890868597,0.433,0.635,1.0,0.3,11.5,Yes,No,Middle,1.0,No,Salle 29,130.0,0.5055555555555555,1.0,1.3073759137818501,0.534,1.3
ENSPD004148,Male,21.0,Telecom,1,0.9797822706065319,1.0,0.7717149220489978,0.863,0.668,2.0,6.9,34.2,No,No,High,1.0,Yes,Salle 8,121.0,0.7194444444444443,1.0,1.361840597653282,0.7655000000000001,8.9
ENSPD004149,Female,20.0,Informatique,2,0.7231726283048211,31.0,0.9187082405345213,0.39799999999999996,0.63,1.0,5.7,26.5,Yes,No,Middle,1.0,No,Salle 24,298.0,0.4833333333333333,1.0,1.4961882753560019,0.514,6.7
ENSPD004150,Female,24.0,Chimie,1,0.995334370139969,0.0,0.6547884187082406,0.742,0.364,2.0,0.3,4.3,No,No,Middle,1.0,Yes,Salle 9,96.0,0.46944444444444444,1.0,2.120193731082585,0.5529999999999999,2.3
ENSPD004151,Male,22.0,Electrique,1,0.7947122861586314,13.0,0.5812917594654788,0.46,0.363,0.0,0.9,14.7,Yes,Yes,Low,3.0,Yes,Salle 2,143.0,0.3375,0.0,2.3546333031869615,0.4115,0.9
ENSPD004152,Male,21.0,Informatique,1,0.8367029548989114,10.0,0.5991091314031181,0.418,0.8740000000000001,0.0,1.3,5.4,Yes,No,Low,2.0,Yes,Salle 26,248.0,0.6013888888888889,1.0,1.3912612250494132,0.646,1.3
ENSPD004153,Female,22.0,GenieCivil,2,0.6578538102643857,22.0,0.6113585746102449,0.511,0.816,2.0,1.3,11.5,Yes,No,Middle,2.0,Yes,Salle 8,177.0,0.5625,1.0,1.1694970938550173,0.6635,3.3
ENSPD004154,Male,27.0,Informatique,4,0.4758942457231726,34.0,0.4821826280623608,0.7320000000000001,0.846,0.0,0.7,15.1,Yes,No,Middle,0.0,Yes,Salle 12,230.0,0.6347222222222223,1.0,0.7497559270853594,0.789,0.7
ENSPD004155,Male,24.0,Chimie,3,0.8942457231726283,7.0,0.6837416481069042,0.373,0.47500000000000003,2.0,1.4,23.3,Yes,Yes,High,1.0,No,Salle 22,130.0,0.3652777777777778,0.0,2.4480581546219735,0.42400000000000004,3.4
ENSPD004156,Male,24.0,GenieCivil,3,0.7776049766718508,14.0,0.5824053452115813,0.672,0.608,1.0,4.8,18.3,Yes,No,Middle,6.0,Yes,Salle 20,185.0,0.4652777777777778,1.0,1.6712344785536923,0.64,5.8
ENSPD004157,Male,23.0,Energetique,1,0.9735614307931569,2.0,0.6648106904231627,0.44700000000000006,0.886,1.0,0.0,7.5,Yes,Yes,Low,1.0,No,Salle 15,83.0,0.7138888888888888,1.0,1.3637245357089807,0.6665000000000001,1.0
ENSPD004158,Female,22.0,Informatique,2,0.6842923794712287,20.0,0.3619153674832963,0.479,0.394,1.0,2.1,13.3,Yes,No,Middle,0.0,No,Salle 20,298.0,0.21944444444444444,0.0,3.1181522944478774,0.4365,3.1
ENSPD004159,Female,17.0,Electrique,4,0.6423017107309487,23.0,0.5946547884187082,0.6920000000000001,0.866,2.0,0.2,7.6,Yes,No,Middle,1.0,Yes,Salle 25,157.0,0.6513888888888888,1.0,0.9860343971825659,0.779,2.2
ENSPD004160,Male,21.0,Informatique,1,0.9797822706065319,1.0,0.7828507795100222,1.0,0.523,2.0,1.8,12.5,Yes,No,High,1.0,No,Salle 26,248.0,0.7375,1.0,1.3285003194621523,0.7615000000000001,3.8
ENSPD004161,Male,21.0,Electrique,4,0.9999999999999999,0.0,0.423162583518931,0.616,0.469,1.0,4.0,16.6,Yes,No,Middle,1.0,No,Salle 20,157.0,0.35138888888888886,0.0,2.845768816065313,0.5425,5.0
ENSPD004162,Male,18.0,Chimie,3,0.7216174183514773,18.0,0.6124721603563474,0.75,0.634,0.0,2.1,14.4,No,Yes,Middle,4.0,Yes,Salle 2,130.0,0.6875,1.0,1.049610068728422,0.692,2.1
ENSPD004163,Male,20.0,Chimie,4,0.5800933125972006,27.0,0.3006681514476615,0.564,0.41700000000000004,0.0,1.3,11.5,Yes,Yes,Middle,2.0,Yes,Salle 14,93.0,0.29999999999999993,0.0,1.933579922659914,0.4905,1.3
ENSPD004164,Male,18.0,Telecom,2,0.8709175738724727,8.0,0.3919821826280624,0.535,0.261,1.0,6.3,28.2,No,No,Middle,2.0,Yes,Salle 5,161.0,0.26250000000000007,0.0,3.317654846948583,0.398,7.3
ENSPD004165,Female,22.0,Telecom,2,0.6734059097978228,21.0,0.744988864142539,0.813,0.655,3.0,2.7,12.3,No,No,Middle,1.0,Yes,Salle 26,161.0,0.6013888888888889,1.0,1.1197325472981337,0.734,5.7
ENSPD004166,Male,24.0,Informatique,4,0.8320373250388803,11.0,0.5590200445434298,0.46799999999999997,0.747,3.0,0.6,6.7,Yes,No,Middle,3.0,Yes,Salle 21,230.0,0.525,1.0,1.5848028133538035,0.6074999999999999,3.6
ENSPD004167,Male,24.0,Mecanique,4,0.671850699844479,21.0,0.9142538975501113,0.41200000000000003,0.883,0.0,1.0,8.2,Yes,Yes,Middle,1.0,Yes,Salle 26,178.0,0.726388888888889,1.0,0.9249060125520735,0.6475,1.0
ENSPD004168,Male,23.0,Electrique,2,0.9999999999999999,0.0,0.6826280623608018,0.703,0.761,4.0,2.9,15.3,No,No,Low,1.0,Yes,Salle 2,185.0,0.6430555555555555,1.0,1.5550514117275067,0.732,6.9
ENSPD004169,Male,20.0,GenieCivil,5,0.5894245723172628,26.0,0.6993318485523385,0.907,1.0,3.0,0.0,9.9,Yes,No,High,1.0,No,Salle 9,70.0,0.8263888888888888,1.0,0.7132446331211273,0.9535,3.0
ENSPD004170,Male,18.0,Informatique,1,0.8102643856920683,12.0,0.4309576837416481,0.755,0.912,2.0,0.1,6.4,Yes,No,Middle,0.0,Yes,Salle 16,248.0,0.6875,1.0,1.1785492366541117,0.8335,2.1
ENSPD004171,Male,18.0,Electrique,1,0.6283048211508552,24.0,0.5456570155902005,0.36700000000000005,0.788,1.0,3.9,27.2,Yes,No,Middle,2.0,Yes,Salle 29,143.0,0.44166666666666665,1.0,1.4225447449888422,0.5775,4.9
ENSPD004172,Other,19.0,GenieCivil,3,0.6671850699844478,21.0,0.48775055679287305,0.509,0.7340000000000001,1.0,0.1,6.3,Yes,No,High,0.0,Yes,Salle 1,185.0,0.49444444444444435,1.0,1.3493357729529136,0.6215,1.1
ENSPD004173,Male,20.0,Mecanique,4,0.6438569206842922,23.0,0.43207126948775054,0.616,0.886,2.0,2.3,15.6,No,No,Middle,1.0,Yes,Salle 16,178.0,0.6583333333333332,1.0,0.9779956568016066,0.751,4.3
ENSPD004174,Male,22.0,Chimie,5,0.8584758942457232,9.0,0.7216035634743876,0.905,0.197,1.0,0.8,16.9,Yes,No,Middle,1.0,Yes,Salle 26,48.0,0.4458333333333333,1.0,1.9255102186397088,0.551,1.8
ENSPD004175,Female,20.0,GenieCivil,2,0.8911353032659409,7.0,0.755011135857461,0.6609999999999999,0.544,2.0,3.5,20.4,Yes,Yes,Middle,0.0,Yes,Salle 16,177.0,0.6277777777777779,1.0,1.419484951459794,0.6025,5.5
ENSPD004176,Other,23.0,Informatique,1,0.8242612752721618,11.0,0.6770601336302895,0.516,0.268,3.0,3.8,19.2,Yes,No,Low,0.0,No,Salle 27,248.0,0.3319444444444445,0.0,2.483055398314178,0.392,6.8
ENSPD004177,Female,22.0,Informatique,3,0.6998444790046657,19.0,0.4721603563474388,0.9159999999999999,0.773,1.0,6.1,25.6,Yes,No,Middle,2.0,Yes,Salle 9,263.0,0.6847222222222222,1.0,1.0220703163835323,0.8445,7.1
ENSPD004178,Female,22.0,Telecom,2,0.7465007776049767,16.0,0.6659242761692651,0.6070000000000001,0.635,3.0,0.2,2.4,Yes,Yes,Low,0.0,Yes,Salle 4,161.0,0.4916666666666667,1.0,1.518275786129726,0.621,3.2
ENSPD004179,Male,24.0,Energetique,2,0.8880248833592533,7.0,0.2906458797327394,0.511,1.0,3.0,1.1,7.7,Yes,No,Low,3.0,Yes,Salle 19,71.0,0.6180555555555556,1.0,1.4367810588652552,0.7555000000000001,4.1
ENSPD004180,Male,20.0,Electrique,3,0.8942457231726283,7.0,0.8307349665924276,0.48100000000000004,0.536,2.0,1.7,10.8,Yes,No,High,0.0,Yes,Salle 26,188.0,0.5027777777777778,1.0,1.778574903162955,0.5085000000000001,3.7
ENSPD004181,Male,23.0,Mecanique,1,0.21772939346811815,18.0,0.6113585746102449,0.405,0.6609999999999999,2.0,5.0,11.5,Yes,No,Middle,1.0,Yes,Salle 19,177.0,0.29861111111111116,0.0,0.729115877501056,0.5329999999999999,7.0
ENSPD004182,Female,22.0,Energetique,3,0.6687402799377916,21.0,0.423162583518931,1.0,0.635,1.0,0.6,7.3,Yes,No,Middle,1.0,Yes,Salle 25,104.0,0.5,1.0,1.3374538107993674,0.8175,1.6
ENSPD004183,Female,21.0,Electrique,2,0.6780715396578537,21.0,0.6291759465478842,0.876,0.542,3.0,0.1,0.0,Yes,No,Middle,1.0,Yes,Salle 11,185.0,0.5972222222222222,1.0,1.1353565906655858,0.7090000000000001,3.1
ENSPD004184,Male,24.0,Telecom,4,0.8444790046656298,10.0,0.6447661469933185,0.502,0.391,2.0,0.5,12.1,Yes,Yes,Middle,0.0,Yes,Salle 7,121.0,0.4222222222222223,1.0,2.0000344839176614,0.4465,2.5
ENSPD004185,Male,24.0,Chimie,3,0.7076205287713843,19.0,0.5979955456570156,0.616,0.635,1.0,1.4,3.0,No,No,Middle,1.0,Yes,Salle 2,130.0,0.475,1.0,1.4896960669699255,0.6255,2.4
ENSPD004186,Female,20.0,Mecanique,1,0.8538102643856921,9.0,0.4242761692650334,0.716,0.204,3.0,2.3,14.9,No,Yes,Middle,1.0,No,Salle 19,186.0,0.2694444444444445,0.0,3.1686627628134327,0.45999999999999996,5.3
ENSPD004187,Male,22.0,GenieCivil,1,0.5194401244167962,31.0,0.799554565701559,0.705,0.7490000000000001,1.0,2.3,14.8,No,No,Middle,2.0,Yes,Salle 17,149.0,0.75,1.0,0.6925775981877524,0.7270000000000001,3.3
ENSPD004188,Male,23.0,Informatique,2,0.7682737169517885,15.0,0.32850779510022277,0.49100000000000005,0.555,2.0,0.2,11.2,No,Yes,Middle,3.0,Yes,Salle 21,298.0,0.3222222222222222,0.0,2.3842237491133367,0.523,2.2
ENSPD004189,Female,21.0,Mecanique,1,0.8880248833592533,7.0,0.36302895322939865,0.527,1.0,2.0,2.9,17.1,Yes,No,High,1.0,No,Salle 21,186.0,0.6638888888888889,1.0,1.3375905551603877,0.7635000000000001,4.9
ENSPD004190,Female,23.0,Chimie,3,0.4447900466562985,36.0,0.5924276169265034,0.612,0.391,1.0,2.2,13.4,Yes,Yes,Middle,0.0,No,Salle 30,130.0,0.4041666666666667,1.0,1.100484227168726,0.5015000000000001,3.2
ENSPD004191,Female,23.0,Telecom,5,0.9999999999999999,0.0,0.3986636971046771,0.266,0.935,0.0,1.0,10.3,Yes,No,Middle,1.0,Yes,Salle 30,60.0,0.4708333333333333,1.0,2.123848697018824,0.6005,1.0
ENSPD004192,Female,26.0,Chimie,3,0.942457231726283,4.0,0.8140311804008908,0.532,0.9540000000000001,1.0,1.7,9.7,Yes,No,Middle,2.0,Yes,Salle 9,130.0,0.8236111111111111,1.0,1.1442849375908486,0.7430000000000001,2.7
ENSPD004193,Male,19.0,GenieCivil,3,0.7200622083981337,18.0,0.4131403118040089,0.621,0.895,1.0,2.9,11.5,Yes,Yes,Middle,1.0,No,Salle 15,185.0,0.5944444444444444,1.0,1.2112992259164246,0.758,3.9
ENSPD004194,Female,22.0,Informatique,2,0.5660964230171072,28.0,0.8708240534521159,0.856,0.635,1.0,0.6,8.3,Yes,No,Middle,1.0,Yes,Salle 10,298.0,0.7791666666666666,1.0,0.7265315392963179,0.7455,1.6
ENSPD004195,Female,20.0,Informatique,2,0.687402799377916,20.0,0.7828507795100222,0.509,0.635,0.0,5.6,11.5,Yes,No,Middle,0.0,Yes,Salle 3,298.0,0.5347222222222222,1.0,1.2855084672497024,0.5720000000000001,5.6
ENSPD004196,Male,23.0,Mecanique,5,0.7356143079315708,17.0,0.8162583518930958,0.766,0.895,0.0,0.3,11.5,No,No,Middle,1.0,Yes,Salle 12,67.0,0.8527777777777776,1.0,0.8625994967334766,0.8305,0.3
ENSPD004197,Male,19.0,GenieCivil,5,0.80248833592535,13.0,0.9253897550111359,0.249,0.48200000000000004,0.0,4.7,20.3,Yes,No,Middle,1.0,Yes,Salle 16,70.0,0.41666666666666674,1.0,1.9259257840020234,0.36550000000000005,4.7
ENSPD004198,Male,23.0,Electrique,3,0.9999999999999999,0.0,0.623608017817372,0.8300000000000001,0.6940000000000001,2.0,2.7,19.6,Yes,No,Middle,2.0,Yes,Salle 6,188.0,0.6319444444444444,1.0,1.5823925423597693,0.762,4.7
ENSPD004199,Male,21.0,Informatique,2,0.6314152410575428,24.0,0.4409799554565701,0.45799999999999996,0.631,4.0,2.2,15.7,No,No,Middle,1.0,Yes,Salle 15,298.0,0.3916666666666666,1.0,1.612082860158999,0.5445,6.2
ENSPD004200,Female,21.0,Energetique,4,0.8258164852255053,11.0,0.5935412026726058,0.643,0.462,0.0,0.2,5.9,Yes,No,High,0.0,Yes,Salle 9,70.0,0.43333333333333335,1.0,1.905686373142555,0.5525,0.2
ENSPD004201,Female,19.0,Mecanique,1,0.47900466562986,34.0,0.5155902004454344,0.693,0.696,1.0,5.0,18.8,Yes,No,Low,1.0,Yes,Salle 3,186.0,0.5652777777777778,1.0,0.8473642708372217,0.6944999999999999,6.0
ENSPD004202,Male,21.0,Telecom,4,0.6423017107309487,23.0,0.4922048997772829,0.658,0.788,3.0,0.7,11.2,Yes,No,High,0.0,Yes,Salle 23,121.0,0.5625,0.0,1.1418494084210924,0.7230000000000001,3.7
ENSPD004203,Male,24.0,GenieCivil,4,0.7900466562986003,14.0,0.6358574610244989,0.601,0.454,1.0,2.7,23.7,No,No,Middle,2.0,Yes,Salle 18,173.0,0.44166666666666665,1.0,1.788744382312703,0.5275,3.7
ENSPD004204,Female,22.0,Informatique,1,0.8491446345256609,10.0,0.5579064587973274,0.397,0.7320000000000001,1.0,4.3,20.3,Yes,No,Middle,1.0,Yes,Salle 6,248.0,0.4902777777777778,1.0,1.731931067860587,0.5645,5.3
ENSPD004205,Male,23.0,Chimie,5,0.5800933125972006,27.0,0.48440979955456576,0.46,0.19399999999999998,0.0,0.6,10.8,No,No,Middle,2.0,Yes,Salle 27,48.0,0.25277777777777777,0.0,2.294783860583452,0.327,0.6
ENSPD004206,Male,25.0,Electrique,5,0.6376360808709175,23.0,0.5690423162583519,0.799,0.43,0.0,4.9,24.1,Yes,No,Middle,1.0,Yes,Salle 7,80.0,0.4888888888888888,1.0,1.304228942553052,0.6145,4.9
ENSPD004207,Female,23.0,GenieCivil,5,0.9922239502332816,0.0,0.7015590200445435,0.512,0.549,2.0,1.9,8.2,Yes,No,Low,1.0,Yes,Salle 24,70.0,0.47777777777777775,1.0,2.076704336909119,0.5305,3.9
ENSPD004208,Male,21.0,GenieCivil,3,0.9362363919129083,4.0,0.7694877505567929,0.601,0.711,0.0,2.2,10.7,Yes,No,High,3.0,Yes,Salle 18,185.0,0.6541666666666666,1.0,1.4311675111915363,0.6559999999999999,2.2
ENSPD004209,Male,23.0,Informatique,2,0.7589424572317262,16.0,0.3429844097995546,0.35100000000000003,0.8140000000000001,1.0,4.9,24.2,Yes,No,Low,0.0,No,Salle 15,298.0,0.4097222222222222,1.0,1.8522889244969032,0.5825,5.9
ENSPD004210,Male,21.0,Electrique,3,0.30326594090202175,45.0,0.5601336302895323,0.775,0.657,0.0,1.4,12.8,No,No,Middle,2.0,Yes,Salle 1,188.0,0.5027777777777778,1.0,0.603168880203089,0.716,1.4
ENSPD004211,Male,21.0,Telecom,2,0.9999999999999999,0.0,0.5868596881959911,0.38200000000000006,0.753,3.0,1.2,4.0,Yes,No,Middle,1.0,Yes,Salle 24,161.0,0.5083333333333333,1.0,1.967174416240992,0.5675,4.2
ENSPD004212,Female,19.0,Informatique,1,0.7169517884914464,18.0,0.4131403118040089,0.785,0.608,1.0,2.0,10.2,Yes,No,Middle,0.0,Yes,Salle 23,248.0,0.41527777777777775,1.0,1.7263975172298238,0.6965,3.0
ENSPD004213,Male,24.0,Mecanique,2,0.6609642301710731,22.0,0.5902004454342985,0.429,0.721,1.0,1.6,11.5,Yes,No,Middle,0.0,Yes,Salle 24,231.0,0.4986111111111111,1.0,1.3255841267895814,0.575,2.6
ENSPD004214,Male,21.0,Telecom,3,0.6220839813374807,24.0,0.6347438752783965,0.8029999999999999,0.71,3.0,0.1,0.4,No,No,Low,0.0,Yes,Salle 19,154.0,0.6402777777777777,1.0,0.9715693519818913,0.7565,3.1
ENSPD004215,Female,22.0,Mecanique,1,0.7900466562986003,14.0,0.6971046770601336,0.622,0.538,2.0,0.4,8.2,Yes,Yes,Middle,1.0,Yes,Salle 23,186.0,0.5444444444444444,1.0,1.4510794509258818,0.5800000000000001,2.4
ENSPD004216,Female,20.0,Electrique,2,0.7916018662519438,13.0,0.623608017817372,0.519,0.569,0.0,0.0,11.9,No,No,Low,0.0,No,Salle 28,185.0,0.4722222222222222,1.0,1.6762978657551946,0.544,0.0
ENSPD004217,Male,23.0,GenieCivil,1,0.8973561430793159,7.0,0.46325167037861914,0.908,0.76,3.0,1.4,5.4,Yes,No,Low,1.0,No,Salle 23,149.0,0.6430555555555555,1.0,1.3954349371178407,0.8340000000000001,4.4
ENSPD004218,Male,20.0,Electrique,4,0.547433903576983,29.0,0.9465478841870825,0.608,1.0,2.0,2.6,18.3,No,No,Middle,2.0,No,Salle 14,157.0,0.7930555555555554,1.0,0.6902757278286996,0.804,4.6
ENSPD004219,Female,22.0,GenieCivil,3,0.6625194401244167,22.0,0.7483296213808464,0.555,0.881,0.0,0.0,0.0,No,No,Middle,1.0,Yes,Salle 4,185.0,0.7097222222222221,1.0,0.9334780349270618,0.718,0.0
ENSPD004220,Male,24.0,Mecanique,1,0.9999999999999999,0.0,0.7026726057906458,0.784,0.414,1.0,0.7,5.3,Yes,No,Low,1.0,Yes,Salle 11,186.0,0.4555555555555555,1.0,2.1950737666734144,0.599,1.7
ENSPD004221,Male,24.0,Informatique,5,0.7620528771384137,15.0,0.7783964365256124,0.354,0.41500000000000004,1.0,1.2,13.8,No,No,Low,3.0,Yes,Salle 16,109.0,0.3277777777777777,0.0,2.3248361555904142,0.3845,2.2
ENSPD004222,Female,22.0,Chimie,1,0.687402799377916,20.0,0.6514476614699333,0.165,0.533,1.0,5.6,21.9,Yes,No,Middle,2.0,Yes,Salle 25,96.0,0.26388888888888895,0.0,2.6047961106321202,0.34900000000000003,6.6
ENSPD004223,Male,18.0,Chimie,3,0.5443234836702956,29.0,0.8251670378619154,0.828,0.66,3.0,0.8,5.4,No,No,Middle,4.0,Yes,Salle 15,130.0,0.7625,1.0,0.7138575017642991,0.744,3.8
ENSPD004224,Female,28.0,Electrique,4,0.8149300155520994,12.0,0.6202672605790647,0.469,0.65,1.0,3.1,11.5,No,No,Middle,0.0,No,Salle 5,157.0,0.49444444444444435,1.0,1.6481397319984306,0.5595,4.1
ENSPD004225,Female,25.0,Electrique,4,0.9129082426127527,6.0,0.6102449888641426,0.7759999999999999,0.635,0.0,1.1,7.0,No,No,Low,0.0,Yes,Salle 24,157.0,0.7472222222222222,1.0,1.2217195879184926,0.7055,1.1
ENSPD004226,Female,23.0,Mecanique,1,0.8833592534992224,8.0,0.7160356347438753,0.628,0.899,1.0,0.2,0.0,No,No,Middle,1.0,No,Salle 26,186.0,0.6763888888888889,1.0,1.3059738388250526,0.7635000000000001,1.2
ENSPD004227,Male,20.0,Informatique,4,0.671850699844479,21.0,0.8730512249443206,0.41000000000000003,0.6409999999999999,0.0,0.2,3.5,Yes,No,Low,2.0,Yes,Salle 5,230.0,0.4722222222222222,1.0,1.422712530464134,0.5255,0.2
ENSPD004228,Female,22.0,Chimie,5,0.7869362363919129,14.0,0.8630289532293988,0.7290000000000001,0.594,1.0,1.1,16.4,Yes,No,Middle,0.0,Yes,Salle 18,48.0,0.6902777777777778,1.0,1.1400118352453996,0.6615,2.1
ENSPD004229,Male,21.0,GenieCivil,3,0.9999999999999999,0.0,0.7093541202672606,0.546,0.743,0.0,0.1,11.2,Yes,No,Middle,2.0,Yes,Salle 2,185.0,0.5847222222222221,1.0,1.7101845289106696,0.6445000000000001,0.1
ENSPD004230,Male,25.0,Mecanique,3,0.9206842923794712,5.0,0.6959910913140313,0.42600000000000005,0.853,0.0,1.7,11.5,Yes,Yes,Middle,1.0,Yes,Salle 10,212.0,0.6013888888888889,1.0,1.5309045450357854,0.6395,1.7
ENSPD004231,Female,23.0,Informatique,1,0.5738724727838257,27.0,0.7260579064587974,0.43100000000000005,0.635,1.0,1.4,9.7,No,No,Middle,0.0,Yes,Salle 21,248.0,0.5944444444444444,1.0,0.9653767048880358,0.533,2.4
ENSPD004232,Male,20.0,Informatique,3,0.2441679626749611,49.0,0.7750556792873051,0.308,0.635,0.0,2.4,24.0,Yes,No,High,4.0,Yes,Salle 12,263.0,0.3847222222222222,1.0,0.6346439122375592,0.47150000000000003,2.4
ENSPD004233,Male,21.0,Mecanique,2,0.7760497667185068,14.0,0.8273942093541203,0.693,0.518,2.0,0.4,2.9,Yes,No,Low,1.0,Yes,Salle 20,231.0,0.5652777777777778,1.0,1.3728401660641998,0.6054999999999999,2.4
ENSPD004234,Female,24.0,Chimie,4,0.8693623639191289,8.0,0.5712694877505569,0.616,0.418,1.0,1.4,9.6,Yes,No,Low,0.0,Yes,Salle 12,93.0,0.2972222222222223,0.0,2.924859079609343,0.517,2.4
ENSPD004235,Male,25.0,Telecom,2,0.5163297045101088,31.0,0.8307349665924276,0.614,0.679,3.0,0.4,10.8,Yes,No,High,1.0,Yes,Salle 9,161.0,0.6680555555555555,1.0,0.7728728119813558,0.6465000000000001,3.4
ENSPD004236,Male,25.0,Telecom,3,0.7185069984447902,18.0,0.6670378619153674,0.5870000000000001,0.765,0.0,2.6,11.9,No,No,High,1.0,Yes,Salle 5,154.0,0.5444444444444444,1.0,1.319682492771176,0.676,2.6
ENSPD004237,Male,24.0,Telecom,1,0.6702954898911352,21.0,0.7193763919821826,0.451,0.787,0.0,0.7,9.3,Yes,No,Middle,1.0,No,Salle 18,121.0,0.6875,1.0,0.9749610767714436,0.619,0.7
ENSPD004238,Female,21.0,Telecom,1,0.7402799377916017,17.0,0.8407572383073497,0.34600000000000003,0.635,0.0,1.9,7.7,No,No,Middle,1.0,Yes,Salle 7,121.0,0.6263888888888889,1.0,1.1818027632595518,0.49050000000000005,1.9
ENSPD004239,Female,17.0,GenieCivil,1,0.7231726283048211,24.0,0.734966592427617,1.0,0.9359999999999999,1.0,4.3,28.2,Yes,No,Low,1.0,No,Salle 25,149.0,0.9069444444444443,1.0,0.7973637846251486,0.968,5.3
ENSPD004240,Male,23.0,Informatique,1,0.9611197511664075,2.0,0.7628062360801782,0.611,0.365,1.0,1.3,8.5,No,No,High,3.0,No,Salle 1,248.0,0.4527777777777777,1.0,2.1226715877435023,0.488,2.3
ENSPD004241,Female,22.0,Chimie,3,0.7480559875583203,16.0,0.5456570155902005,0.948,0.721,1.0,0.4,4.0,Yes,No,Middle,0.0,Yes,Salle 29,130.0,0.7763888888888888,1.0,0.9634944076605645,0.8345,1.4
ENSPD004242,Male,22.0,Informatique,4,0.5567651632970451,28.0,0.8608017817371938,0.616,0.728,1.0,4.3,18.8,Yes,No,Middle,2.0,Yes,Salle 27,230.0,0.7027777777777777,1.0,0.7922237422192263,0.6719999999999999,5.3
ENSPD004243,Female,22.0,Mecanique,3,0.8911353032659409,7.0,0.7260579064587974,0.562,0.625,0.0,0.9,4.0,No,Yes,Low,1.0,No,Salle 22,212.0,0.5069444444444444,1.0,1.7578212658585297,0.5935,0.9
ENSPD004244,Male,19.0,Mecanique,3,0.48367029548989116,33.0,0.6314031180400892,0.653,0.474,3.0,2.6,14.0,Yes,No,Middle,0.0,No,Salle 8,212.0,0.4291666666666667,1.0,1.1269724872194615,0.5635,5.6
ENSPD004245,Male,23.0,GenieCivil,3,0.9595645412130639,3.0,0.7939866369710468,0.647,0.929,1.0,0.8,0.0,No,No,Middle,2.0,Yes,Salle 3,185.0,0.7916666666666667,1.0,1.2120662154327277,0.788,1.8
ENSPD004246,Female,23.0,Mecanique,2,0.9051321928460342,6.0,1.0,0.9520000000000001,0.522,1.0,0.7,3.4,Yes,No,Low,2.0,Yes,Salle 20,231.0,0.7055555555555555,1.0,1.2828463432194361,0.7370000000000001,1.7
ENSPD004247,Male,23.0,Informatique,2,0.9797822706065319,1.0,0.41536748329621387,0.7690000000000001,0.201,3.0,2.1,13.5,Yes,Yes,High,3.0,Yes,Salle 20,298.0,0.30833333333333335,0.0,3.177569172696664,0.4850000000000001,5.1
ENSPD004248,Male,24.0,GenieCivil,2,0.6905132192846034,20.0,0.4755011135857461,0.47500000000000003,0.644,1.0,0.3,6.6,Yes,No,Low,0.0,Yes,Salle 28,177.0,0.41388888888888886,1.0,1.66831377860976,0.5595,1.3
ENSPD004249,Female,23.0,Telecom,4,0.6267496111975116,24.0,1.0,0.6829999999999999,0.5920000000000001,1.0,4.0,20.7,Yes,No,High,1.0,Yes,Salle 27,121.0,0.6638888888888889,1.0,0.9440437718557553,0.6375,5.0
ENSPD004250,Female,21.0,Electrique,1,0.7231726283048211,17.0,0.6815144766146994,0.765,1.0,1.0,1.0,11.5,Yes,No,Middle,1.0,No,Salle 22,143.0,0.8708333333333333,1.0,0.8304279318953135,0.8825000000000001,2.0
ENSPD004251,Male,22.0,Telecom,1,0.7045101088646967,19.0,0.6425389755011137,0.408,0.738,1.0,0.0,11.1,Yes,No,Middle,1.0,Yes,Salle 9,121.0,0.5347222222222222,1.0,1.3175007594210748,0.573,1.0
ENSPD004252,Male,22.0,Informatique,3,0.5987558320373251,26.0,0.5913140311804008,0.7090000000000001,0.579,1.0,0.7,11.3,No,No,Middle,0.0,Yes,Salle 25,263.0,0.4708333333333333,1.0,1.2716667937048949,0.644,1.7
ENSPD004253,Male,22.0,Informatique,5,0.6174183514774495,25.0,0.8118040089086859,0.8620000000000001,0.601,2.0,3.1,17.0,No,No,Middle,0.0,Yes,Salle 9,109.0,0.6430555555555555,1.0,0.9601172790914779,0.7315,5.1
ENSPD004254,Male,24.0,Electrique,3,0.6516329704510108,22.0,1.0,0.466,0.598,1.0,3.9,20.1,Yes,No,Middle,0.0,Yes,Salle 8,188.0,0.5541666666666667,1.0,1.1758578259357921,0.532,4.9
ENSPD004255,Male,23.0,GenieCivil,4,0.5023328149300156,32.0,0.49888641425389757,0.49100000000000005,1.0,0.0,1.7,9.9,Yes,No,Middle,1.0,No,Salle 12,173.0,0.7194444444444443,1.0,0.6982135127650954,0.7455,1.7
ENSPD004256,Female,26.0,Electrique,3,0.8460342146189735,10.0,0.5935412026726058,0.8290000000000001,0.775,1.0,0.7,5.2,No,No,Low,1.0,Yes,Salle 6,188.0,0.7124999999999999,1.0,1.1873997763104711,0.802,1.7
ENSPD004257,Other,26.0,Chimie,3,0.7107309486780716,19.0,0.5512249443207128,0.556,0.359,1.0,1.5,10.4,Yes,No,Middle,1.0,Yes,Salle 3,130.0,0.27222222222222214,0.0,2.6107524777059807,0.4575,2.5
ENSPD004258,Male,22.0,Chimie,4,0.6625194401244167,22.0,0.732739420935412,0.443,0.5910000000000001,2.0,3.6,23.2,No,No,Low,0.0,No,Salle 6,93.0,0.4916666666666667,1.0,1.3474697601901315,0.517,5.6
ENSPD004259,Male,17.0,Energetique,4,0.5132192846034215,31.0,0.8140311804008908,0.779,0.635,1.0,0.8,6.4,Yes,No,Middle,0.0,No,Salle 22,70.0,0.6680555555555555,1.0,0.7682169516682151,0.7070000000000001,1.8
ENSPD004260,Male,24.0,Mecanique,2,0.5038880248833592,32.0,0.8808463251670379,0.7240000000000001,0.418,1.0,1.0,11.5,Yes,No,Middle,0.0,Yes,Salle 4,231.0,0.5597222222222222,1.0,0.9002305118023167,0.5710000000000001,2.0
ENSPD004261,Male,21.0,Informatique,2,0.9999999999999999,0.0,0.7383073496659243,0.637,0.28300000000000003,2.0,1.6,8.8,Yes,No,Low,0.0,Yes,Salle 26,298.0,0.36249999999999993,0.0,2.758544591873328,0.46,3.6
ENSPD004262,Female,20.0,Electrique,2,0.603421461897356,26.0,1.0,0.8220000000000001,0.7590000000000001,0.0,4.4,11.5,Yes,Yes,Middle,1.0,No,Salle 20,185.0,0.8736111111111109,1.0,0.6907130038671997,0.7905000000000001,4.4
ENSPD004263,Male,21.0,Informatique,2,0.8335925349922239,11.0,0.5144766146993318,0.835,0.479,1.0,1.7,10.6,No,No,Middle,0.0,Yes,Salle 7,298.0,0.5625,1.0,1.4819159392583667,0.657,2.7
ENSPD004264,Male,21.0,Mecanique,4,0.7511664074650078,16.0,0.4710467706013364,0.605,0.89,0.0,0.5,9.7,Yes,Yes,Low,0.0,No,Salle 2,178.0,0.5847222222222221,1.0,1.2846331686840646,0.7475,0.5
ENSPD004265,Female,23.0,Informatique,2,0.2021772939346812,51.0,0.8552338530066815,0.975,0.635,0.0,0.2,14.9,Yes,No,Middle,1.0,Yes,Salle 30,298.0,0.7194444444444443,1.0,0.28101472649988357,0.8049999999999999,0.2
ENSPD004266,Male,19.0,Mecanique,2,0.9999999999999999,0.0,0.6302895322939867,0.616,0.545,1.0,0.2,15.5,No,No,Low,1.0,No,Salle 16,231.0,0.6638888888888889,1.0,1.5062534622909445,0.5805,1.2
ENSPD004267,Female,20.0,Informatique,4,0.8475894245723173,10.0,0.38084632516703787,0.616,0.157,1.0,6.0,11.5,No,Yes,Middle,1.0,No,Salle 2,230.0,0.054166666666666696,0.0,15.644916469063869,0.3865,7.0
ENSPD004268,Male,23.0,Informatique,3,0.5769828926905131,27.0,0.5579064587973274,0.435,0.8840000000000001,3.0,3.5,23.1,Yes,No,Middle,1.0,Yes,Salle 11,263.0,0.525,1.0,1.098994100475254,0.6595000000000001,6.5
ENSPD004269,Female,23.0,Electrique,3,0.7153965785381026,18.0,0.6525612472160356,0.214,0.6990000000000001,1.0,2.9,12.8,Yes,No,Low,1.0,Yes,Salle 14,188.0,0.4652777777777778,1.0,1.5375357202693967,0.4565,3.9
ENSPD004270,Female,23.0,Electrique,4,0.505443234836703,32.0,0.5022271714922049,0.562,0.55,3.0,1.4,12.1,Yes,No,Low,0.0,No,Salle 25,157.0,0.33333333333333337,0.0,1.5162842159836292,0.556,4.4
ENSPD004271,Female,20.0,Electrique,3,0.9999999999999999,0.0,0.4409799554565701,0.402,0.635,2.0,1.4,15.8,Yes,No,High,0.0,Yes,Salle 29,188.0,0.3055555555555556,0.0,3.272620168794475,0.5185,3.4
ENSPD004272,Female,20.0,Electrique,3,0.5505443234836701,29.0,0.5757238307349666,0.473,0.96,1.0,0.3,9.6,No,No,Middle,3.0,Yes,Salle 20,188.0,0.6625000000000001,1.0,0.8309977562356343,0.7164999999999999,1.3
ENSPD004273,Male,21.0,Informatique,1,0.6220839813374807,24.0,0.43207126948775054,0.816,0.42700000000000005,1.0,1.9,11.5,Yes,No,Low,1.0,No,Salle 15,248.0,0.4291666666666667,1.0,1.4494822986745488,0.6214999999999999,2.9
ENSPD004274,Male,22.0,Mecanique,1,0.583203732503888,27.0,0.7160356347438753,0.304,0.5660000000000001,0.0,3.3,13.5,No,No,Middle,1.0,Yes,Salle 3,186.0,0.4555555555555555,1.0,1.280175213845304,0.43500000000000005,3.3
ENSPD004275,Female,25.0,Informatique,2,0.7356143079315708,17.0,0.28507795100222716,0.643,0.7540000000000001,2.0,0.1,11.5,No,No,Middle,1.0,Yes,Salle 12,298.0,0.4902777777777778,1.0,1.5003725184946113,0.6985000000000001,2.1
ENSPD004276,Female,18.0,Telecom,3,0.975116640746501,2.0,0.6258351893095769,0.642,0.93,0.0,0.7,10.1,Yes,No,Middle,1.0,Yes,Salle 18,154.0,0.7625,1.0,1.278824724589187,0.786,0.7
ENSPD004277,Male,22.0,Chimie,5,0.9999999999999999,0.0,0.6971046770601336,0.616,0.5970000000000001,2.0,0.2,6.8,Yes,Yes,High,2.0,Yes,Salle 8,48.0,0.5499999999999999,1.0,1.8181487609316196,0.6065,2.2
ENSPD004278,Male,19.0,Informatique,5,0.645412130637636,23.0,0.5946547884187082,0.644,0.493,3.0,0.6,9.0,Yes,No,Middle,0.0,Yes,Salle 17,109.0,0.5319444444444444,1.0,1.213284591148934,0.5685,3.6
ENSPD004279,Male,19.0,Mecanique,4,0.7900466562986003,14.0,0.7928730512249444,0.218,0.619,0.0,3.0,12.3,Yes,No,Middle,1.0,Yes,Salle 17,178.0,0.49722222222222223,1.0,1.5888886942357365,0.4185,3.0
ENSPD004280,Male,24.0,Energetique,2,0.7356143079315708,17.0,0.38084632516703787,0.474,0.821,0.0,0.8,8.9,Yes,No,Middle,0.0,Yes,Salle 5,71.0,0.4708333333333333,1.0,1.562333489408871,0.6475,0.8
ENSPD004281,Male,23.0,Electrique,5,0.5365474339035771,30.0,0.4933184855233853,0.898,0.866,0.0,2.3,11.6,No,No,Middle,2.0,Yes,Salle 24,80.0,0.6777777777777778,1.0,0.791615681921446,0.882,2.3
ENSPD004282,Female,23.0,Chimie,3,0.9999999999999999,0.0,0.5545657015590201,0.405,0.365,1.0,3.0,14.5,No,No,Low,2.0,Yes,Salle 10,130.0,0.3291666666666666,0.0,3.0378823934462753,0.385,4.0
ENSPD004283,Male,24.0,Mecanique,2,0.975116640746501,2.0,0.7293986636971047,0.92,0.663,0.0,3.4,18.1,Yes,No,Middle,1.0,No,Salle 29,231.0,0.7402777777777778,1.0,1.3172129407210271,0.7915000000000001,3.4
ENSPD004284,Male,21.0,Informatique,3,0.7558320373250388,16.0,0.6469933184855233,0.36700000000000005,0.353,2.0,4.1,15.3,No,No,High,0.0,Yes,Salle 20,263.0,0.2958333333333333,0.0,2.5548388358423,0.36,6.1
ENSPD004285,Male,21.0,Chimie,1,0.9999999999999999,0.0,0.9688195991091315,0.34500000000000003,0.8170000000000001,1.0,1.8,14.3,No,No,Middle,3.0,Yes,Salle 24,96.0,0.6777777777777778,1.0,1.4753880680448976,0.5810000000000001,2.8
ENSPD004286,Female,26.0,Electrique,1,0.9455676516329704,4.0,0.4755011135857461,0.449,0.7240000000000001,0.0,0.7,2.1,Yes,No,High,1.0,No,Salle 25,143.0,0.4847222222222223,1.0,1.950701043347354,0.5865,0.7
ENSPD004287,Female,22.0,Electrique,4,0.7356143079315708,17.0,0.3775055679287305,0.823,0.456,3.0,0.3,4.6,Yes,No,Low,3.0,Yes,Salle 17,157.0,0.4722222222222222,1.0,1.557738488216517,0.6395,3.3
ENSPD004288,Male,23.0,Electrique,3,0.7807153965785382,14.0,0.9086859688195992,0.522,0.9470000000000001,1.0,1.4,13.6,No,No,Middle,0.0,Yes,Salle 5,188.0,0.6708333333333333,1.0,1.1637820006338364,0.7345,2.4
ENSPD004289,Male,22.0,Electrique,2,0.7231726283048211,0.0,0.37082405345211583,0.682,0.7070000000000001,3.0,0.2,0.0,Yes,No,High,0.0,Yes,Salle 22,185.0,0.5638888888888889,1.0,1.2824508835790873,0.6945000000000001,3.2
ENSPD004290,Female,18.0,Chimie,3,0.5427682737169516,29.0,0.7238307349665924,0.633,0.685,0.0,4.8,18.6,Yes,Yes,Low,4.0,Yes,Salle 30,130.0,0.5805555555555555,1.0,0.9348957555664238,0.659,4.8
ENSPD004291,Male,18.0,Mecanique,4,0.9999999999999999,0.0,0.44654788418708236,0.61,0.604,4.0,1.2,13.9,No,No,Middle,1.0,Yes,Salle 7,178.0,0.4930555555555556,1.0,2.028127880223274,0.607,5.2
ENSPD004292,Male,21.0,Mecanique,3,0.6780715396578537,21.0,0.2650334075723831,0.8490000000000001,0.638,2.0,4.1,17.1,Yes,No,Low,1.0,No,Salle 30,212.0,0.5013888888888889,1.0,1.3523594780205346,0.7435,6.1
ENSPD004293,Male,24.0,Telecom,2,0.9999999999999999,0.0,0.5478841870824054,0.7590000000000001,0.564,2.0,2.5,18.9,Yes,No,High,0.0,Yes,Salle 26,161.0,0.5277777777777778,1.0,1.8947009425084576,0.6615,4.5
ENSPD004294,Female,24.0,Mecanique,1,0.7185069984447902,18.0,0.7605790645879733,0.414,0.49200000000000005,1.0,3.9,22.4,Yes,Yes,Middle,1.0,No,Salle 25,186.0,0.4208333333333333,1.0,1.7073027930697653,0.453,4.9
ENSPD004295,Male,24.0,GenieCivil,2,0.7838258164852253,14.0,0.4064587973273942,0.5700000000000001,0.886,1.0,4.3,16.8,No,No,Middle,2.0,Yes,Salle 3,177.0,0.6166666666666666,1.0,1.271048280003933,0.728,5.3
ENSPD004296,Male,20.0,Electrique,5,0.7138413685847588,18.0,0.7060133630289532,0.934,0.541,1.0,0.1,6.1,No,No,Low,1.0,Yes,Salle 14,80.0,0.6625000000000001,1.0,1.0774801415597632,0.7375,1.1
ENSPD004297,Male,25.0,Energetique,2,0.6205287713841366,24.0,0.7371937639198219,0.6779999999999999,0.535,0.0,2.6,17.2,Yes,No,Low,0.0,Yes,Salle 19,71.0,0.5569444444444444,1.0,1.114146367936981,0.6065,2.6
ENSPD004298,Male,20.0,GenieCivil,3,0.6702954898911352,21.0,0.39755011135857465,0.349,0.614,1.0,0.5,1.4,Yes,No,High,3.0,No,Salle 8,185.0,0.3291666666666666,0.0,2.0362788671467253,0.4815,1.5
ENSPD004299,Male,22.0,GenieCivil,3,0.9766718506998445,2.0,0.5723830734966593,0.36100000000000004,0.925,1.0,9.1,41.6,Yes,No,Low,3.0,Yes,Salle 18,185.0,0.6069444444444445,1.0,1.609135347206838,0.643,10.1
ENSPD004300,Female,22.0,Telecom,4,0.2877138413685848,46.0,0.8741648106904232,0.616,0.866,0.0,3.0,20.3,Yes,No,Middle,2.0,No,Salle 26,121.0,0.8027777777777778,1.0,0.3583934002645314,0.741,3.0
ENSPD004301,Male,22.0,Chimie,3,0.4883359253499221,33.0,0.7193763919821826,0.746,0.561,0.0,0.0,11.5,No,Yes,High,0.0,Yes,Salle 6,130.0,0.5680555555555554,1.0,0.8596471315222421,0.6535,0.0
ENSPD004302,Female,25.0,Chimie,3,0.5847589424572316,27.0,0.566815144766147,0.454,0.885,1.0,5.2,26.4,No,No,High,2.0,No,Salle 21,130.0,0.5319444444444444,1.0,1.0992650753542148,0.6695,6.2
ENSPD004303,Female,21.0,GenieCivil,2,0.5194401244167962,31.0,0.6792873051224945,0.755,0.662,4.0,0.7,7.2,Yes,No,High,1.0,Yes,Salle 2,177.0,0.5944444444444444,1.0,0.8738098087604445,0.7085,4.7
ENSPD004304,Female,19.0,Mecanique,1,0.9999999999999999,0.0,0.4955456570155903,0.908,0.47100000000000003,2.0,1.4,13.5,No,No,High,1.0,Yes,Salle 13,186.0,0.523611111111111,1.0,1.9097778503964913,0.6895,3.4
ENSPD004305,Female,22.0,Electrique,5,0.9548989113530325,3.0,0.7962138084632517,0.882,0.545,2.0,1.9,12.2,Yes,No,Low,0.0,No,Salle 18,80.0,0.6875,1.0,1.3889236685328687,0.7135,3.9
ENSPD004306,Male,21.0,Telecom,5,0.8304821150855365,11.0,0.7962138084632517,0.909,0.915,1.0,5.0,22.2,Yes,No,High,1.0,No,Salle 11,60.0,0.8624999999999998,1.0,0.9628666509206116,0.912,6.0
ENSPD004307,Male,29.0,Telecom,5,0.6003110419906686,26.0,0.6302895322939867,0.72,1.0,2.0,5.2,24.9,Yes,No,Low,1.0,Yes,Salle 17,60.0,0.8166666666666667,1.0,0.7350657444896618,0.86,7.2
ENSPD004308,Female,23.0,Informatique,5,0.968895800933126,2.0,0.6492204899777283,0.588,0.7040000000000001,0.0,1.7,5.5,Yes,No,Low,0.0,Yes,Salle 2,109.0,0.5,1.0,1.937752846809316,0.646,1.7
ENSPD004309,Female,21.0,GenieCivil,4,0.7231726283048211,37.0,0.44320712694877507,0.5479999999999999,0.527,2.0,0.8,0.0,Yes,No,Low,0.0,Yes,Salle 26,173.0,0.2875,0.0,2.51529556643185,0.5375,2.8
ENSPD004310,Female,20.0,GenieCivil,3,0.9999999999999999,0.0,0.38418708240534527,0.617,0.615,2.0,0.7,4.5,No,Yes,Middle,1.0,Yes,Salle 2,185.0,0.5805555555555555,1.0,1.7224583691381394,0.616,2.7
ENSPD004311,Male,18.0,Energetique,4,0.5925349922239501,26.0,0.5478841870824054,0.462,0.488,2.0,0.9,14.7,No,No,Middle,1.0,Yes,Salle 22,70.0,0.35138888888888886,0.0,1.6862176032984204,0.475,2.9
ENSPD004312,Female,20.0,Electrique,3,0.671850699844479,21.0,0.5957683741648108,0.555,0.517,1.0,0.4,10.7,Yes,No,Low,4.0,Yes,Salle 16,188.0,0.4208333333333333,1.0,1.596438975337962,0.536,1.4
ENSPD004313,Male,22.0,GenieCivil,1,0.6391912908242613,23.0,0.7873051224944322,0.85,0.49700000000000005,1.0,2.2,7.2,Yes,No,Middle,0.0,Yes,Salle 2,149.0,0.5916666666666666,1.0,1.080305049758474,0.6735,3.2
ENSPD004314,Female,25.0,Informatique,2,0.5194401244167962,31.0,0.7639198218262806,0.33,0.624,1.0,1.5,6.8,Yes,Yes,Middle,1.0,Yes,Salle 3,298.0,0.46944444444444444,1.0,1.106476103408724,0.477,2.5
ENSPD004315,Female,24.0,Electrique,5,0.9999999999999999,0.0,0.6414253897550111,0.34299999999999997,0.664,0.0,3.0,14.5,Yes,Yes,Middle,1.0,Yes,Salle 20,80.0,0.5069444444444444,1.0,1.9725638288778962,0.5035000000000001,3.0
ENSPD004316,Male,22.0,Informatique,2,0.8678071539657853,8.0,0.8095768374164811,0.7690000000000001,0.61,1.0,0.2,5.0,No,No,Middle,2.0,Yes,Salle 26,298.0,0.7180555555555557,1.0,1.2085347183856732,0.6895,1.2
ENSPD004317,Female,21.0,Telecom,4,0.947122861586314,3.0,0.4521158129175946,0.616,0.596,0.0,1.0,4.9,No,No,Middle,1.0,No,Salle 3,121.0,0.4805555555555555,1.0,1.9708504919612833,0.606,1.0
ENSPD004318,Male,23.0,Chimie,1,0.7231726283048211,33.0,0.7906458797327395,0.273,0.792,1.0,1.4,4.5,No,No,Middle,1.0,Yes,Salle 17,96.0,0.5055555555555555,1.0,1.430423058608377,0.5325,2.4
ENSPD004319,Male,21.0,GenieCivil,2,0.7542768273716952,16.0,0.47772828507795106,0.609,0.594,0.0,1.5,15.1,Yes,Yes,Middle,1.0,Yes,Salle 19,177.0,0.3833333333333333,1.0,1.967627350690926,0.6014999999999999,1.5
ENSPD004320,Male,25.0,GenieCivil,2,0.7231726283048211,12.0,0.8173719376391981,0.583,0.6070000000000001,1.0,1.3,6.2,Yes,No,High,1.0,Yes,Salle 26,177.0,0.6166666666666666,1.0,1.1726933535750577,0.595,2.3
ENSPD004321,Female,22.0,Telecom,1,0.7698289269051323,15.0,0.6080178173719376,0.542,0.605,0.0,1.2,12.0,Yes,Yes,High,3.0,Yes,Salle 9,121.0,0.4986111111111111,1.0,1.5439156300255126,0.5735,1.2
ENSPD004322,Female,22.0,Mecanique,1,0.5038880248833592,32.0,0.2761692650334076,0.743,0.9490000000000001,1.0,0.8,11.2,Yes,No,Low,0.0,Yes,Salle 22,186.0,0.5652777777777778,1.0,0.8913831939975967,0.8460000000000001,1.8
ENSPD004323,Female,18.0,Mecanique,1,0.9206842923794712,5.0,0.732739420935412,0.38,0.542,1.0,2.6,11.5,No,No,Low,2.0,Yes,Salle 3,186.0,0.37916666666666665,1.0,2.4281143153485303,0.461,3.6
ENSPD004324,Male,22.0,Energetique,4,0.7433903576982893,16.0,0.744988864142539,0.622,0.7590000000000001,2.0,1.3,7.5,Yes,No,High,0.0,Yes,Salle 13,70.0,0.65,1.0,1.1436598786146204,0.6905000000000001,3.3
ENSPD004325,Female,24.0,Chimie,1,0.541213063763608,30.0,0.534521158129176,0.616,0.49,0.0,1.4,2.5,Yes,No,Middle,1.0,Yes,Salle 2,96.0,0.4625,1.0,1.1701651072703465,0.5529999999999999,1.4
ENSPD004326,Female,20.0,Telecom,2,0.3732503888024883,40.0,0.5478841870824054,0.627,0.71,0.0,1.6,4.5,Yes,No,Middle,0.0,Yes,Salle 12,161.0,0.5694444444444444,1.0,0.6554525870223538,0.6685,1.6
ENSPD004327,Male,20.0,Informatique,1,0.8335925349922239,11.0,0.5835189309576838,0.308,0.7490000000000001,1.0,1.8,14.8,Yes,Yes,Middle,2.0,Yes,Salle 27,248.0,0.5513888888888888,1.0,1.5117776836148094,0.5285000000000001,2.8
ENSPD004328,Other,24.0,Informatique,3,0.9999999999999999,0.0,0.6113585746102449,0.616,0.8570000000000001,1.0,0.0,6.7,Yes,No,Middle,0.0,Yes,Salle 15,263.0,0.5499999999999999,1.0,1.8181487609316196,0.7365,1.0
ENSPD004329,Male,19.0,Informatique,3,0.5303265940902021,30.0,0.21492204899777284,0.624,0.563,2.0,0.5,6.6,No,No,Low,1.0,No,Salle 12,263.0,0.3583333333333333,0.0,1.479939892161713,0.5934999999999999,2.5
ENSPD004330,Female,24.0,Mecanique,3,0.7511664074650078,16.0,0.8273942093541203,0.7170000000000001,0.41700000000000004,2.0,0.6,8.7,Yes,No,Middle,2.0,Yes,Salle 27,212.0,0.5291666666666666,1.0,1.4195002440237503,0.5670000000000001,2.6
ENSPD004331,Male,21.0,Chimie,2,0.926905132192846,5.0,0.4721603563474388,0.9520000000000001,0.635,1.0,0.6,7.7,Yes,No,High,0.0,No,Salle 9,119.0,0.5708333333333333,1.0,1.6237469688580861,0.7935000000000001,1.6
ENSPD004332,Male,21.0,Mecanique,1,0.48367029548989116,33.0,0.9198218262806237,0.765,0.833,1.0,0.5,5.4,No,Yes,Low,1.0,Yes,Salle 12,186.0,0.7805555555555557,1.0,0.6196408386809308,0.7989999999999999,1.5
ENSPD004333,Male,20.0,Chimie,4,0.6298600311041992,24.0,0.8396436525612472,0.703,1.0,1.0,0.6,6.1,No,No,Middle,0.0,No,Salle 22,93.0,0.9152777777777776,1.0,0.6881551861573341,0.8514999999999999,1.6
ENSPD004334,Female,23.0,Mecanique,4,0.5598755832037324,28.0,0.8719376391982183,0.8490000000000001,0.807,0.0,0.6,7.0,No,No,Middle,2.0,Yes,Salle 26,178.0,0.7902777777777776,1.0,0.7084452005294264,0.8280000000000001,0.6
ENSPD004335,Male,27.0,Mecanique,1,0.9035769828926904,6.0,0.5011135857461025,0.616,0.38799999999999996,0.0,4.3,32.0,Yes,No,Middle,0.0,Yes,Salle 28,186.0,0.3930555555555556,1.0,2.2987946161183777,0.502,4.3
ENSPD004336,Male,24.0,Energetique,3,0.9673405909797824,2.0,0.3418708240534521,0.9,0.8,1.0,0.8,11.8,No,No,High,2.0,Yes,Salle 18,104.0,0.6208333333333333,1.0,1.5581073985059823,0.8500000000000001,1.8
ENSPD004337,Female,20.0,Mecanique,2,0.749611197511664,16.0,0.42873051224944325,0.821,0.451,1.0,0.9,3.9,Yes,No,Middle,0.0,Yes,Salle 9,231.0,0.4625,1.0,1.620745924437664,0.636,1.9
ENSPD004338,Female,24.0,Mecanique,1,0.56298600311042,28.0,0.5356347438752784,0.54,0.5700000000000001,0.0,0.6,9.0,Yes,No,Middle,1.0,Yes,Salle 14,186.0,0.4722222222222222,1.0,1.1921804074722606,0.555,0.6
ENSPD004339,Male,21.0,Mecanique,4,0.6376360808709175,23.0,0.21380846325167036,0.966,0.677,2.0,6.9,32.6,Yes,No,High,1.0,Yes,Salle 6,178.0,0.5388888888888889,1.0,1.1832202552608835,0.8215,8.9
ENSPD004340,Male,25.0,Informatique,3,0.6018662519440124,26.0,0.5311804008908686,0.7000000000000001,0.711,1.0,1.5,18.2,Yes,No,Low,0.0,Yes,Salle 26,263.0,0.6013888888888889,1.0,1.0007771265690018,0.7055,2.5
ENSPD004341,Male,24.0,GenieCivil,1,0.5381026438569206,30.0,0.576837416481069,1.0,0.653,2.0,1.9,17.6,No,No,Middle,1.0,Yes,Salle 16,149.0,0.6083333333333333,1.0,0.8845377509250599,0.8265,3.9
ENSPD004342,Male,17.0,Mecanique,2,0.7013996889580093,19.0,0.39420935412026725,0.675,0.635,1.0,2.7,15.4,No,No,Low,0.0,No,Salle 27,231.0,0.44861111111111107,1.0,1.563456715670012,0.655,3.7
ENSPD004343,Female,20.0,Electrique,5,0.8273716951788491,11.0,0.4365256124721604,0.519,0.8520000000000001,0.0,0.8,8.1,No,Yes,Middle,1.0,No,Salle 2,80.0,0.5486111111111112,1.0,1.5080930690093026,0.6855,0.8
ENSPD004344,Female,24.0,Telecom,4,0.8118195956454123,12.0,0.5734966592427617,0.48200000000000004,0.534,1.0,6.9,28.1,Yes,No,Middle,1.0,Yes,Salle 12,121.0,0.4097222222222222,1.0,1.9813418413675898,0.508,7.9
ENSPD004345,Female,22.0,GenieCivil,4,0.7185069984447902,18.0,0.6692650334075724,0.556,0.891,3.0,0.3,8.8,Yes,Yes,Middle,3.0,No,Salle 23,173.0,0.6986111111111111,1.0,1.0284644809860555,0.7235,3.3
ENSPD004346,Male,20.0,Informatique,2,0.7231726283048211,17.0,0.4610244988864143,0.517,0.368,1.0,1.2,14.4,Yes,No,Middle,1.0,Yes,Salle 28,298.0,0.2930555555555555,0.0,2.467613865211572,0.4425,2.2
ENSPD004347,Female,21.0,Electrique,3,0.7045101088646967,19.0,0.6592427616926504,0.8490000000000001,0.6829999999999999,0.0,0.3,6.7,Yes,No,High,1.0,No,Salle 15,188.0,0.6472222222222221,1.0,1.088496654949927,0.766,0.3
ENSPD004348,Male,18.0,Informatique,2,0.4774494556765164,34.0,0.6336302895322939,0.615,0.395,1.0,3.1,18.5,Yes,No,Middle,3.0,No,Salle 11,298.0,0.3833333333333333,1.0,1.245487828169308,0.505,4.1
ENSPD004349,Female,22.0,Electrique,1,0.749611197511664,16.0,0.6180400890868597,0.329,0.473,4.0,0.2,4.5,No,No,Low,0.0,Yes,Salle 16,143.0,0.28888888888888886,0.0,2.5947181742189604,0.401,4.2
ENSPD004350,Female,26.0,Electrique,2,0.6111975116640745,25.0,0.5011135857461025,0.658,0.537,0.0,1.4,14.9,Yes,No,Low,1.0,Yes,Salle 10,185.0,0.44305555555555554,1.0,1.3794742200117542,0.5975,1.4
ENSPD004351,Female,24.0,Informatique,3,0.4681181959564541,34.0,0.38752783964365256,0.643,0.9440000000000001,2.0,0.2,0.4,Yes,No,Low,0.0,Yes,Salle 26,263.0,0.6208333333333333,1.0,0.7540037410776537,0.7935000000000001,2.2
ENSPD004352,Female,26.0,Telecom,2,0.7884914463452567,14.0,0.8930957683741649,0.536,0.902,0.0,1.4,5.3,Yes,No,Low,1.0,No,Salle 15,161.0,0.848611111111111,1.0,0.929144274189543,0.7190000000000001,1.4
ENSPD004353,Male,24.0,Telecom,4,0.6065318818040436,25.0,0.7160356347438753,0.668,0.8150000000000001,0.0,1.4,11.5,Yes,No,Middle,1.0,No,Salle 18,121.0,0.6708333333333333,1.0,0.9041334267872435,0.7415,1.4
ENSPD004354,Female,24.0,Telecom,1,0.7620528771384137,15.0,0.7783964365256124,0.612,0.647,1.0,4.7,18.2,Yes,No,Middle,1.0,Yes,Salle 7,121.0,0.5986111111111111,1.0,1.2730137026473292,0.6295,5.7
ENSPD004355,Male,26.0,Mecanique,2,0.8786936236391912,8.0,0.5957683741648108,0.7340000000000001,0.6779999999999999,0.0,0.1,2.9,Yes,No,Middle,0.0,Yes,Salle 13,231.0,0.6166666666666666,1.0,1.424885472623457,0.706,0.1
ENSPD004356,Female,23.0,Electrique,1,0.5427682737169516,29.0,0.5824053452115813,0.723,0.893,3.0,2.1,12.3,Yes,No,Middle,0.0,Yes,Salle 6,143.0,0.7180555555555557,1.0,0.7558756571982075,0.808,5.1
ENSPD004357,Male,22.0,Telecom,2,0.7371695178849144,17.0,0.692650334075724,0.6859999999999999,0.78,1.0,2.4,16.5,Yes,No,Low,1.0,No,Salle 7,161.0,0.6680555555555555,1.0,1.1034388942143452,0.733,3.4
ENSPD004358,Female,24.0,Mecanique,1,0.3825816485225505,40.0,0.30400890868596886,0.386,0.644,0.0,4.4,23.2,Yes,Yes,Low,2.0,Yes,Salle 29,186.0,0.2666666666666666,0.0,1.434627383432686,0.515,4.4
ENSPD004359,Male,25.0,Telecom,2,0.9999999999999999,0.0,0.4242761692650334,1.0,0.937,4.0,4.2,9.5,No,No,Low,0.0,Yes,Salle 22,161.0,0.8805555555555555,1.0,1.13563379090963,0.9685,8.2
ENSPD004360,Male,21.0,Informatique,2,0.4665629860031105,34.0,0.4766146993318485,0.34,0.8029999999999999,1.0,7.5,37.3,Yes,No,High,0.0,Yes,Salle 4,298.0,0.4847222222222223,1.0,0.9625169621779709,0.5715,8.5
ENSPD004361,Male,21.0,Informatique,3,0.6236391912908242,24.0,0.534521158129176,0.5970000000000001,0.688,0.0,1.4,11.5,Yes,No,Low,1.0,No,Salle 30,263.0,0.5305555555555556,1.0,1.1754234415722884,0.6425000000000001,1.4
ENSPD004362,Female,22.0,Chimie,3,0.9704510108864696,2.0,0.46325167037861914,0.423,0.5479999999999999,1.0,0.6,11.7,No,No,Middle,0.0,No,Salle 12,130.0,0.35,0.0,2.772637955734035,0.48549999999999993,1.6
ENSPD004363,Female,24.0,Chimie,2,0.6765163297045101,21.0,0.6659242761692651,0.691,0.53,1.0,1.0,5.1,Yes,No,Middle,1.0,Yes,Salle 17,119.0,0.5,1.0,1.3530055992970345,0.6105,2.0
ENSPD004364,Male,24.0,Chimie,3,0.4961119751166406,32.0,0.623608017817372,0.645,0.573,1.0,1.5,17.3,Yes,Yes,High,1.0,Yes,Salle 26,130.0,0.5513888888888888,1.0,0.8997333602110524,0.609,2.5
ENSPD004365,Male,19.0,Energetique,3,0.8538102643856921,9.0,0.8429844097995547,0.59,0.731,3.0,0.9,3.9,No,No,Middle,3.0,No,Salle 4,104.0,0.6444444444444444,1.0,1.3248574383278933,0.6605,3.9
ENSPD004366,Female,26.0,Informatique,2,0.8491446345256609,10.0,1.0,0.893,0.807,2.0,2.7,13.9,Yes,No,Low,0.0,Yes,Salle 1,298.0,0.9083333333333332,1.0,0.9348278380704004,0.8500000000000001,4.7
ENSPD004367,Male,21.0,Mecanique,4,0.6018662519440124,26.0,0.3997772828507795,0.8200000000000001,0.635,2.0,0.0,10.0,Yes,No,Low,0.0,Yes,Salle 6,178.0,0.40555555555555556,1.0,1.4840171797123116,0.7275,2.0
ENSPD004368,Male,21.0,Telecom,3,0.6220839813374807,24.0,0.6347438752783965,0.561,0.251,3.0,0.0,14.0,Yes,No,Low,1.0,Yes,Salle 5,154.0,0.2763888888888889,0.0,2.2506746819360606,0.406,3.0
ENSPD004369,Male,20.0,Informatique,2,0.6391912908242613,23.0,0.6347438752783965,0.765,0.45,1.0,2.5,10.3,Yes,No,Middle,0.0,Yes,Salle 4,298.0,0.5013888888888889,1.0,1.2748159299688986,0.6075,3.5
ENSPD004370,Male,27.0,Electrique,5,0.6811819595645411,20.0,0.6080178173719376,0.616,0.5579999999999999,2.0,4.3,32.2,No,No,Middle,1.0,Yes,Salle 8,80.0,0.6875,1.0,0.9907957114289845,0.587,6.3
ENSPD004371,Male,22.0,GenieCivil,4,0.36702954898911344,41.0,0.42873051224944325,0.818,0.8790000000000001,0.0,3.0,7.5,Yes,No,Middle,1.0,Yes,Salle 18,173.0,0.7486111111111111,1.0,0.49027411001589905,0.8485,3.0
ENSPD004372,Male,20.0,Informatique,5,0.6858475894245722,20.0,0.45657015590200445,0.595,0.635,0.0,0.2,8.8,Yes,No,Middle,1.0,Yes,Salle 7,109.0,0.44027777777777777,1.0,1.5577257058694314,0.615,0.2
ENSPD004373,Male,24.0,Mecanique,3,0.9999999999999999,0.0,0.6503340757238307,0.334,0.691,2.0,5.5,11.5,No,Yes,Middle,0.0,No,Salle 6,212.0,0.4930555555555556,1.0,2.028127880223274,0.5125,7.5
ENSPD004374,Male,24.0,GenieCivil,2,0.5520995334370139,29.0,0.4521158129175946,0.6779999999999999,0.7240000000000001,0.0,1.5,6.9,Yes,No,Low,2.0,Yes,Salle 12,177.0,0.5819444444444444,1.0,0.9486988864980127,0.7010000000000001,1.5
ENSPD004375,Male,22.0,Telecom,2,0.6111975116640745,25.0,0.6369710467706015,0.74,0.435,3.0,1.4,20.7,Yes,No,Middle,0.0,No,Salle 5,161.0,0.49722222222222223,1.0,1.2291993244776465,0.5875,4.4
ENSPD004376,Male,24.0,Electrique,3,0.499222395023328,32.0,0.5690423162583519,0.48100000000000004,0.932,3.0,0.4,4.6,No,No,High,3.0,No,Salle 24,188.0,0.6083333333333333,1.0,0.8206260637194919,0.7065,3.4
ENSPD004377,Male,20.0,Electrique,5,0.8335925349922239,11.0,0.6336302895322939,0.624,0.507,1.0,1.6,8.4,No,No,Middle,1.0,No,Salle 1,80.0,0.4375,1.0,1.9053108157350092,0.5655,2.6
ENSPD004378,Female,21.0,GenieCivil,3,0.9440124416796268,4.0,0.4510022271714923,0.605,0.9520000000000001,1.0,0.8,2.8,No,No,Low,1.0,Yes,Salle 15,185.0,0.6722222222222222,1.0,1.4042951386039948,0.7785,1.8
ENSPD004379,Male,18.0,Mecanique,4,0.9409020217729395,4.0,0.6369710467706015,0.87,0.615,2.0,7.4,34.3,Yes,No,High,1.0,Yes,Salle 25,178.0,0.7069444444444444,1.0,1.3309231297249164,0.7424999999999999,9.4
ENSPD004380,Male,19.0,Informatique,2,0.4867807153965785,33.0,0.46325167037861914,0.9540000000000001,0.5720000000000001,3.0,1.3,10.8,Yes,No,Middle,2.0,Yes,Salle 25,298.0,0.5472222222222223,1.0,0.8895322600336657,0.7630000000000001,4.3
ENSPD004381,Male,26.0,GenieCivil,2,0.8133748055987559,12.0,0.6369710467706015,0.8320000000000001,0.418,2.0,2.8,11.4,Yes,Yes,Low,1.0,Yes,Salle 14,177.0,0.4986111111111111,1.0,1.631248231319885,0.625,4.8
ENSPD004382,Male,25.0,Informatique,4,0.9875583203732504,1.0,0.8340757238307349,0.605,0.679,1.0,1.8,17.9,No,No,Middle,2.0,No,Salle 26,230.0,0.6986111111111111,1.0,1.413582132957024,0.642,2.8
ENSPD004383,Male,22.0,Informatique,4,0.8149300155520994,12.0,0.6536748329621381,0.8270000000000001,1.0,2.0,0.2,3.4,Yes,No,Low,2.0,Yes,Salle 12,230.0,0.8111111111111109,1.0,1.0046958516907185,0.9135,2.2
ENSPD004384,Male,25.0,GenieCivil,5,0.8087091757387247,12.0,0.6636971046770601,0.737,0.723,1.0,1.6,11.2,No,No,Low,1.0,No,Salle 8,70.0,0.7277777777777776,1.0,1.111188179345402,0.73,2.6
ENSPD004385,Female,22.0,GenieCivil,4,0.6314152410575428,24.0,0.7472160356347438,0.616,0.6940000000000001,2.0,1.6,12.3,Yes,No,Low,4.0,Yes,Salle 12,173.0,0.6124999999999999,1.0,1.0308651957642208,0.655,3.6
ENSPD004386,Male,22.0,Informatique,2,0.76049766718507,15.0,0.3752783964365256,0.997,0.507,1.0,2.5,27.0,Yes,No,Middle,2.0,No,Salle 16,298.0,0.4638888888888889,1.0,1.6393608292673043,0.752,3.5
ENSPD004387,Female,22.0,Electrique,3,0.9502332814930016,3.0,0.8975501113585747,0.48700000000000004,0.758,2.0,0.8,13.3,Yes,No,Low,1.0,Yes,Salle 25,188.0,0.7305555555555554,1.0,1.3006817448030394,0.6225,2.8
ENSPD004388,Male,22.0,GenieCivil,4,0.7807153965785382,14.0,0.4342984409799555,0.7290000000000001,0.672,2.0,3.9,23.9,Yes,No,Middle,0.0,Yes,Salle 11,173.0,0.5388888888888889,1.0,1.4487233369291797,0.7005000000000001,5.9
ENSPD004389,Male,22.0,Informatique,3,0.4867807153965785,33.0,0.757238307349666,0.7709999999999999,0.627,2.0,1.9,10.8,Yes,No,Low,1.0,Yes,Salle 5,263.0,0.5791666666666667,1.0,0.8404701767392422,0.699,3.9
ENSPD004390,Male,24.0,Energetique,2,0.6345256609642301,24.0,0.734966592427617,0.568,0.7390000000000001,1.0,0.1,6.9,Yes,No,Low,1.0,No,Salle 14,71.0,0.6555555555555557,1.0,0.9679057351121882,0.6535,1.1
ENSPD004391,Male,22.0,Informatique,2,0.9455676516329704,4.0,0.45991091314031185,0.721,0.277,0.0,2.5,16.9,Yes,Yes,Middle,3.0,Yes,Salle 12,298.0,0.3597222222222223,0.0,2.6285319835731924,0.499,2.5
ENSPD004392,Male,23.0,Telecom,3,0.7807153965785382,14.0,0.7783964365256124,0.79,0.62,2.0,4.7,23.7,Yes,No,Middle,0.0,Yes,Salle 29,154.0,0.7166666666666666,1.0,1.0893551205032557,0.7050000000000001,6.7
ENSPD004393,Female,24.0,Informatique,1,0.7418351477449457,17.0,0.6937639198218263,0.664,0.401,0.0,2.3,18.0,Yes,No,Middle,0.0,No,Salle 2,248.0,0.5041666666666667,1.0,1.471379373126376,0.5325,2.3
ENSPD004394,Male,23.0,Telecom,4,0.6174183514774495,25.0,0.9253897550111359,0.705,0.6459999999999999,1.0,1.0,21.5,Yes,No,Low,1.0,Yes,Salle 20,121.0,0.6583333333333332,1.0,0.9378364148556473,0.6755,2.0
ENSPD004395,Female,20.0,Informatique,1,0.942457231726283,4.0,0.6425389755011137,0.639,0.495,3.0,1.8,11.5,No,No,Middle,1.0,Yes,Salle 2,248.0,0.47638888888888886,1.0,1.9782943531299746,0.567,4.8
ENSPD004396,Female,19.0,Chimie,2,0.7231726283048211,0.0,0.5924276169265034,0.7640000000000001,0.635,0.0,0.4,8.3,Yes,No,Middle,1.0,No,Salle 18,119.0,0.5375,1.0,1.3454124170802797,0.6995,0.4
ENSPD004397,Male,22.0,Mecanique,4,0.9564541213063763,3.0,0.5244988864142539,0.579,0.373,1.0,1.4,13.8,Yes,No,Middle,0.0,Yes,Salle 12,178.0,0.3555555555555555,0.0,2.6899515612865224,0.476,2.4
ENSPD004398,Male,22.0,Chimie,2,0.989113530326594,1.0,0.3184855233853007,0.564,0.863,0.0,1.4,9.7,Yes,No,Middle,1.0,Yes,Salle 5,119.0,0.5958333333333332,1.0,1.660022819745561,0.7135,1.4
ENSPD004399,Male,22.0,GenieCivil,4,0.6531881804043546,22.0,0.556792873051225,0.624,0.504,1.0,0.1,2.7,Yes,No,Middle,0.0,Yes,Salle 12,173.0,0.46666666666666656,1.0,1.3996589653172176,0.5640000000000001,1.1
ENSPD004400,Male,22.0,Informatique,2,0.6267496111975116,24.0,0.5645879732739421,0.833,0.515,1.0,0.8,5.3,Yes,No,Low,1.0,No,Salle 1,298.0,0.5222222222222221,1.0,1.2001358486279212,0.6739999999999999,1.8
ENSPD004401,Male,27.0,Chimie,5,0.6905132192846034,20.0,0.6536748329621381,0.305,0.635,1.0,0.4,15.6,No,No,Low,1.0,No,Salle 26,48.0,0.6083333333333333,1.0,1.1350715647708862,0.47,1.4
ENSPD004402,Male,19.0,Informatique,1,0.7278382581648523,18.0,0.37305122494432075,0.456,0.7540000000000001,1.0,1.0,9.6,Yes,No,Middle,1.0,Yes,Salle 10,248.0,0.4847222222222223,1.0,1.5015264609976342,0.6050000000000001,2.0
ENSPD004403,Male,18.0,Telecom,1,0.9875583203732504,1.0,0.5701559020044543,1.0,0.233,1.0,0.6,11.5,Yes,No,Low,1.0,No,Salle 26,121.0,0.5611111111111111,1.0,1.759973561532419,0.6165,1.6
ENSPD004404,Male,23.0,Informatique,4,0.9377916018662519,4.0,0.7060133630289532,0.67,0.917,1.0,3.6,18.3,Yes,No,High,0.0,Yes,Salle 17,230.0,0.7513888888888889,1.0,1.2480609377170977,0.7935000000000001,4.6
ENSPD004405,Other,21.0,GenieCivil,4,0.7231726283048211,12.0,0.7227171492204899,0.547,0.97,2.0,2.4,16.3,Yes,No,Middle,1.0,Yes,Salle 3,173.0,0.786111111111111,1.0,0.9199252101024002,0.7585,4.4
ENSPD004406,Female,23.0,Chimie,2,0.45256609642301704,35.0,0.29955456570155903,0.763,0.951,0.0,1.4,17.9,Yes,No,Low,1.0,No,Salle 13,119.0,0.6333333333333333,1.0,0.7145667643505899,0.857,1.4
ENSPD004407,Female,23.0,Mecanique,5,0.4043545878693624,38.0,0.6113585746102449,0.479,0.774,2.0,0.9,7.6,Yes,No,High,0.0,Yes,Salle 7,67.0,0.6027777777777776,1.0,0.6708075425152878,0.6265000000000001,2.9
ENSPD004408,Male,25.0,Informatique,3,0.7651632970451011,15.0,0.5690423162583519,0.24100000000000002,0.42,3.0,0.0,6.1,Yes,Yes,Middle,1.0,Yes,Salle 8,263.0,0.3013888888888888,0.0,2.5387064294294057,0.3305,3.0
ENSPD004409,Male,19.0,Chimie,5,0.884914463452566,7.0,0.579064587973274,0.684,0.63,2.0,0.5,12.1,Yes,No,Middle,0.0,Yes,Salle 11,48.0,0.5847222222222221,1.0,1.5133670248058646,0.657,2.5
ENSPD004410,Male,21.0,Chimie,3,0.7045101088646967,19.0,0.21492204899777284,0.488,0.35000000000000003,0.0,2.8,11.7,Yes,No,Middle,1.0,Yes,Salle 17,130.0,0.13888888888888895,0.0,5.072107592079184,0.41900000000000004,2.8
ENSPD004411,Male,23.0,Telecom,3,0.9999999999999999,0.0,0.8596881959910914,0.638,0.467,1.0,1.8,13.1,Yes,No,Middle,1.0,Yes,Salle 10,154.0,0.6305555555555554,1.0,1.5858779332133943,0.5525,2.8
ENSPD004412,Male,24.0,Mecanique,2,0.5178849144634526,31.0,0.6403118040089087,0.679,0.418,1.0,1.5,11.5,No,No,Low,2.0,Yes,Salle 26,231.0,0.43472222222222223,1.0,1.1912733586118334,0.5485,2.5
ENSPD004413,Female,26.0,GenieCivil,2,0.49455676516329705,32.0,0.3541202672605791,0.6459999999999999,0.515,0.0,0.7,11.0,Yes,No,High,3.0,No,Salle 15,177.0,0.3666666666666667,0.0,1.3487543935073507,0.5805,0.7
ENSPD004414,Female,24.0,Mecanique,3,0.5956454121306377,26.0,0.6726057906458797,0.312,0.6729999999999999,1.0,0.2,9.6,Yes,Yes,Low,1.0,No,Salle 6,212.0,0.31527777777777777,0.0,1.8892118696413998,0.49249999999999994,1.2
ENSPD004415,Male,22.0,Mecanique,2,0.5894245723172628,26.0,0.6681514476614699,0.625,0.551,0.0,3.1,20.3,Yes,No,Middle,2.0,Yes,Salle 9,231.0,0.513888888888889,1.0,1.1469660376025903,0.5880000000000001,3.1
ENSPD004416,Male,20.0,Chimie,1,0.8180404354587868,12.0,0.8140311804008908,0.7000000000000001,0.542,3.0,1.4,10.2,Yes,No,Middle,2.0,Yes,Salle 26,96.0,0.5986111111111111,1.0,1.3665412399846837,0.621,4.4
ENSPD004417,Male,21.0,Mecanique,2,0.6407465007776051,23.0,0.5590200445434298,0.368,0.5820000000000001,0.0,0.1,3.8,No,Yes,High,0.0,Yes,Salle 26,231.0,0.41388888888888886,1.0,1.5480749477189668,0.47500000000000003,0.1
ENSPD004418,Male,21.0,GenieCivil,1,0.43079315707620525,37.0,0.6113585746102449,0.34700000000000003,0.9400000000000001,1.0,0.7,13.6,Yes,No,Middle,0.0,No,Salle 2,149.0,0.5722222222222223,1.0,0.7528292541850428,0.6435000000000001,1.7
ENSPD004419,Male,23.0,GenieCivil,4,0.8864696734059098,7.0,0.5033407572383074,0.428,1.0,1.0,1.7,12.3,Yes,No,Middle,0.0,Yes,Salle 2,173.0,0.6472222222222221,1.0,1.3696315525860012,0.714,2.7
ENSPD004420,Male,23.0,Chimie,3,0.3919129082426127,39.0,0.6113585746102449,0.7540000000000001,0.55,3.0,9.7,47.3,Yes,No,Low,4.0,No,Salle 22,130.0,0.5736111111111111,1.0,0.6832260888785503,0.6520000000000001,12.7
ENSPD004421,Male,19.0,Telecom,4,0.5194401244167962,31.0,0.4788418708240535,0.26,0.7070000000000001,2.0,0.2,0.6,Yes,No,Middle,1.0,No,Salle 12,121.0,0.5,1.0,1.0388594716441597,0.48350000000000004,2.2
ENSPD004422,Female,21.0,Electrique,5,0.416796267496112,38.0,0.4610244988864143,0.7690000000000001,0.47200000000000003,2.0,1.3,12.9,No,No,Middle,2.0,No,Salle 17,80.0,0.4458333333333333,1.0,0.9348491641221774,0.6205,3.3
ENSPD004423,Female,24.0,GenieCivil,3,0.7589424572317262,16.0,0.5991091314031181,0.616,0.794,0.0,1.8,12.8,Yes,Yes,Middle,0.0,Yes,Salle 18,185.0,0.6208333333333333,1.0,1.2224379589564618,0.7050000000000001,1.8
ENSPD004424,Female,23.0,Chimie,5,0.7542768273716952,16.0,0.4053452115812918,0.574,0.545,1.0,3.5,17.8,Yes,Yes,Middle,1.0,No,Salle 12,48.0,0.4375,1.0,1.7240219134915664,0.5595,4.5
ENSPD004425,Male,23.0,Electrique,2,0.9999999999999999,0.0,0.8775055679287306,0.353,0.498,1.0,2.3,19.4,No,No,Middle,1.0,Yes,Salle 21,185.0,0.46666666666666656,1.0,2.14281122547374,0.4255,3.3
ENSPD004426,Male,23.0,Informatique,1,0.8911353032659409,7.0,0.9320712694877507,0.47700000000000004,1.0,1.0,3.3,19.1,No,No,Low,1.0,Yes,Salle 30,248.0,0.786111111111111,1.0,1.1335852589003772,0.7385,4.3
ENSPD004427,Male,25.0,Informatique,2,0.989113530326594,1.0,0.534521158129176,0.761,0.369,1.0,1.5,11.8,No,No,Middle,1.0,Yes,Salle 22,298.0,0.39583333333333337,1.0,2.4987500029302683,0.565,2.5
ENSPD004428,Male,22.0,Informatique,3,0.7744945567651632,14.0,0.378619153674833,0.846,0.149,1.0,1.1,3.7,Yes,No,High,1.0,Yes,Salle 28,263.0,0.2861111111111111,0.0,2.706876657082459,0.4975,2.1
ENSPD004429,Male,21.0,GenieCivil,4,0.5381026438569206,30.0,0.6659242761692651,0.434,0.787,0.0,1.9,11.5,Yes,No,Middle,0.0,Yes,Salle 14,173.0,0.5819444444444444,1.0,0.924647365431866,0.6105,1.9
ENSPD004430,Female,20.0,Telecom,3,0.7231726283048211,16.0,0.5300668151447662,0.826,0.5660000000000001,0.0,4.6,24.1,Yes,No,Middle,1.0,Yes,Salle 21,154.0,0.5916666666666666,1.0,1.2222429395077625,0.696,4.6
ENSPD004431,Female,22.0,Mecanique,2,0.8304821150855365,11.0,0.8062360801781737,0.743,0.511,3.0,1.6,8.7,No,No,Middle,1.0,Yes,Salle 3,231.0,0.5625,1.0,1.476386402171582,0.627,4.6
ENSPD004432,Male,17.0,Mecanique,4,0.8506998444790047,10.0,0.6113585746102449,0.619,1.0,2.0,1.9,18.4,Yes,No,Middle,1.0,Yes,Salle 6,178.0,0.7458333333333333,1.0,1.1405878506375398,0.8095,3.9
ENSPD004433,Male,22.0,Telecom,3,0.6314152410575428,24.0,0.7015590200445435,0.48700000000000004,0.635,1.0,0.8,7.0,Yes,No,Middle,1.0,Yes,Salle 25,154.0,0.5347222222222222,1.0,1.1808064201433917,0.561,1.8
ENSPD004434,Female,22.0,Telecom,1,0.8118195956454123,12.0,0.6291759465478842,0.515,0.628,1.0,1.8,8.3,No,No,Middle,1.0,Yes,Salle 4,121.0,0.5041666666666667,1.0,1.6101887479496189,0.5715,2.8
ENSPD004435,Male,19.0,Electrique,3,0.5458786936236392,29.0,0.49777282850779514,0.948,0.498,0.0,1.4,8.5,Yes,No,Middle,1.0,Yes,Salle 26,188.0,0.5625,1.0,0.970433758730759,0.723,1.4
ENSPD004436,Male,20.0,Mecanique,5,0.525660964230171,30.0,0.6113585746102449,0.616,0.7290000000000001,0.0,2.8,15.7,No,No,High,0.0,No,Salle 19,67.0,0.5930555555555557,1.0,0.8863454626660231,0.6725000000000001,2.8
ENSPD004437,Male,24.0,Informatique,4,0.5116640746500777,31.0,0.6113585746102449,0.8590000000000001,0.29300000000000004,2.0,1.7,15.2,Yes,No,High,1.0,Yes,Salle 15,230.0,0.475,1.0,1.0771648484244072,0.5760000000000001,3.7
ENSPD004438,Female,22.0,Informatique,3,0.7247278382581649,18.0,0.6247216035634744,0.616,0.537,0.0,0.4,11.5,Yes,No,High,1.0,No,Salle 10,263.0,0.5013888888888889,0.0,1.4454117356824983,0.5765,0.4
ENSPD004439,Other,22.0,Informatique,2,0.500777604976672,32.0,0.6269487750556793,0.539,0.633,1.0,1.7,7.6,No,No,Low,2.0,Yes,Salle 7,298.0,0.5277777777777778,1.0,0.9488238001364286,0.5860000000000001,2.7
ENSPD004440,Male,23.0,Mecanique,1,0.6407465007776051,23.0,0.46436525612472157,0.725,0.6829999999999999,0.0,0.7,5.5,No,No,Middle,0.0,Yes,Salle 26,186.0,0.523611111111111,1.0,1.2236834749041285,0.704,0.7
ENSPD004441,Female,22.0,Electrique,2,0.8880248833592533,7.0,0.801781737193764,1.0,0.612,3.0,0.2,5.5,Yes,No,Middle,2.0,Yes,Salle 11,185.0,0.7930555555555554,1.0,1.119737047131214,0.806,3.2
ENSPD004442,Female,24.0,Informatique,4,0.5287713841368585,30.0,0.7850779510022272,0.504,0.501,4.0,3.5,14.8,Yes,No,Middle,1.0,Yes,Salle 24,230.0,0.4638888888888889,1.0,1.13984188538013,0.5025,7.5
ENSPD004443,Male,22.0,Informatique,2,0.625194401244168,24.0,0.5412026726057906,0.784,0.8240000000000001,2.0,0.1,5.9,Yes,No,Middle,0.0,Yes,Salle 26,298.0,0.6986111111111111,1.0,0.8948976652735806,0.804,2.1
ENSPD004444,Male,19.0,Informatique,2,0.7340590979782272,17.0,0.5890868596881961,0.654,0.31,1.0,1.4,19.2,Yes,Yes,Middle,1.0,Yes,Salle 13,298.0,0.4208333333333333,1.0,1.7442573989803662,0.482,2.4
ENSPD004445,Male,25.0,Electrique,5,0.7667185069984447,15.0,0.846325167037862,0.359,0.584,0.0,8.9,40.5,Yes,No,Middle,1.0,Yes,Salle 9,80.0,0.45138888888888895,1.0,1.6985387555687383,0.4715,8.9
ENSPD004446,Female,23.0,Electrique,4,0.6267496111975116,24.0,0.42093541202672613,0.355,0.536,0.0,0.2,4.2,Yes,No,Middle,0.0,Yes,Salle 27,157.0,0.3388888888888889,0.0,1.849370510633327,0.4455,0.2
ENSPD004447,Male,21.0,Electrique,3,0.8662519440124418,9.0,0.7115812917594654,0.539,0.8420000000000001,1.0,0.5,11.5,Yes,No,Middle,1.0,Yes,Salle 16,188.0,0.726388888888889,1.0,1.1925292800729284,0.6905000000000001,1.5
ENSPD004448,Female,19.0,Mecanique,1,0.8304821150855365,11.0,0.5167037861915368,0.6829999999999999,0.5479999999999999,0.0,2.9,12.0,Yes,No,Middle,0.0,Yes,Salle 7,186.0,0.4097222222222222,1.0,2.02688992967489,0.6154999999999999,2.9
ENSPD004449,Male,23.0,Mecanique,1,0.9331259720062209,4.0,0.9075723830734967,0.778,0.728,2.0,0.2,7.9,Yes,No,Middle,1.0,Yes,Salle 6,186.0,0.75,1.0,1.2441513739899748,0.753,2.2
ENSPD004450,Female,22.0,Informatique,1,0.7045101088646967,19.0,0.6213808463251671,0.337,0.7070000000000001,2.0,3.6,11.5,Yes,No,Middle,2.0,Yes,Salle 16,248.0,0.5083333333333333,1.0,1.3858942621417876,0.522,5.6
ENSPD004451,Male,25.0,Mecanique,3,0.6236391912908242,24.0,0.8207126948775056,0.737,0.273,1.0,0.0,11.5,No,No,High,0.0,Yes,Salle 5,212.0,0.49444444444444435,1.0,1.2612672376552876,0.505,1.0
ENSPD004452,Male,21.0,Telecom,1,0.5925349922239501,26.0,0.4832962138084633,0.599,0.627,1.0,4.4,27.6,Yes,No,Low,0.0,No,Salle 5,121.0,0.3680555555555556,0.0,1.6098626543023888,0.613,5.4
ENSPD004453,Female,20.0,Energetique,4,0.7776049766718508,14.0,0.4020044543429844,0.621,0.29100000000000004,1.0,0.1,0.0,No,No,Middle,0.0,No,Salle 13,70.0,0.24861111111111112,0.0,3.1276707484600204,0.456,1.1
ENSPD004454,Female,24.0,Electrique,5,0.6500777604976672,22.0,0.5712694877505569,0.726,0.635,0.0,5.1,26.2,No,No,Middle,2.0,Yes,Salle 26,80.0,0.6069444444444445,1.0,1.071048686516653,0.6805,5.1
ENSPD004455,Female,24.0,Telecom,2,0.6143079315707621,25.0,0.6536748329621381,0.934,0.494,1.0,4.0,15.2,Yes,No,Middle,1.0,No,Salle 15,161.0,0.5486111111111112,1.0,1.1197307561253282,0.714,5.0
ENSPD004456,Male,22.0,Electrique,2,0.6360808709175737,23.0,0.6113585746102449,0.675,0.877,5.0,1.6,16.0,Yes,No,High,1.0,Yes,Salle 17,185.0,0.6291666666666667,1.0,1.0109733952587356,0.776,6.6
ENSPD004457,Female,23.0,Informatique,4,0.5925349922239501,26.0,0.7371937639198219,0.376,0.604,1.0,3.0,13.2,Yes,Yes,Middle,0.0,Yes,Salle 11,230.0,0.4541666666666666,1.0,1.3046354771431459,0.49,4.0
ENSPD004458,Male,22.0,Energetique,5,0.7573872472783826,16.0,0.5757238307349666,0.5860000000000001,0.48600000000000004,1.0,0.2,8.9,Yes,No,Low,1.0,No,Salle 14,40.0,0.4263888888888888,1.0,1.7762411371473878,0.536,1.2
ENSPD004459,Male,22.0,Informatique,4,0.4556765163297044,35.0,0.26280623608017817,0.773,0.88,2.0,0.3,10.8,Yes,No,Middle,0.0,Yes,Salle 23,230.0,0.5680555555555554,1.0,0.8021548074395445,0.8265,2.3
ENSPD004460,Male,24.0,Electrique,1,0.7231726283048211,14.0,0.7026726057906458,0.779,0.466,5.0,0.9,1.3,Yes,No,High,0.0,No,Salle 22,143.0,0.5638888888888889,1.0,1.2824508835790873,0.6225,5.9
ENSPD004461,Male,23.0,Mecanique,1,0.8460342146189735,10.0,0.46325167037861914,0.74,0.8190000000000001,0.0,1.5,16.9,Yes,No,Middle,0.0,Yes,Salle 7,186.0,0.6833333333333333,1.0,1.238080732407292,0.7795000000000001,1.5
ENSPD004462,Male,22.0,Mecanique,4,0.6111975116640745,25.0,0.5501113585746102,0.528,0.7340000000000001,0.0,4.1,25.9,No,No,Middle,0.0,No,Salle 26,178.0,0.5430555555555555,1.0,1.1254580693095517,0.631,4.1
ENSPD004463,Other,25.0,Electrique,3,0.9999999999999999,0.0,0.8697104677060133,0.374,0.5670000000000001,1.0,1.6,11.5,Yes,No,Middle,0.0,Yes,Salle 25,188.0,0.5083333333333333,1.0,1.967174416240992,0.47050000000000003,2.6
ENSPD004464,Male,17.0,GenieCivil,1,0.7231726283048211,18.0,0.9064587973273941,0.726,0.635,1.0,2.2,18.4,No,Yes,Middle,0.0,No,Salle 9,149.0,0.6166666666666666,1.0,1.1726933535750577,0.6805,3.2
ENSPD004465,Female,26.0,Mecanique,3,0.42923794712286145,37.0,0.5144766146993318,0.401,0.888,1.0,2.3,11.5,Yes,No,Low,3.0,Yes,Salle 18,212.0,0.5097222222222222,1.0,0.8420851741558757,0.6445000000000001,3.3
ENSPD004466,Male,19.0,Mecanique,4,0.6671850699844478,21.0,0.7071269487750558,0.745,0.74,1.0,4.2,25.4,Yes,No,Middle,0.0,Yes,Salle 3,178.0,0.6944444444444444,1.0,0.9607326662272113,0.7424999999999999,5.2
ENSPD004467,Male,21.0,Mecanique,1,0.7325038880248832,17.0,0.6113585746102449,0.745,0.48600000000000004,0.0,3.0,16.6,Yes,Yes,Middle,0.0,Yes,Salle 26,186.0,0.4,1.0,1.831213939713715,0.6155,3.0
ENSPD004468,Male,22.0,Energetique,4,0.8040435458786938,13.0,0.5623608017817372,0.536,0.6890000000000001,1.0,7.5,29.3,Yes,No,Middle,1.0,Yes,Salle 9,70.0,0.42499999999999993,1.0,1.891822653299202,0.6125,8.5
ENSPD004469,Female,22.0,Chimie,1,0.671850699844479,21.0,0.5089086859688196,0.6,0.841,2.0,0.0,10.9,Yes,Yes,Low,1.0,Yes,Salle 3,96.0,0.5555555555555556,1.0,1.2093094921492036,0.7204999999999999,2.0
ENSPD004470,Female,24.0,GenieCivil,4,0.5318818040435459,30.0,0.3218262806236081,0.6559999999999999,0.662,1.0,0.5,12.9,Yes,Yes,Middle,1.0,Yes,Salle 14,173.0,0.4041666666666667,1.0,1.3159636562647008,0.659,1.5
ENSPD004471,Female,20.0,Informatique,3,0.5163297045101088,31.0,0.6113585746102449,0.509,0.688,1.0,5.3,27.0,Yes,No,Middle,1.0,Yes,Salle 29,263.0,0.4902777777777778,1.0,1.0531155943767672,0.5985,6.3
ENSPD004472,Other,23.0,Telecom,2,0.5987558320373251,26.0,0.6581291759465479,0.371,0.635,3.0,3.1,17.5,Yes,No,Middle,0.0,Yes,Salle 29,161.0,0.6277777777777779,1.0,0.9537551593578023,0.503,6.1
ENSPD004473,Male,21.0,Informatique,4,0.6158631415241057,25.0,0.49777282850779514,0.613,0.9470000000000001,1.0,1.4,5.8,Yes,Yes,Middle,1.0,Yes,Salle 28,230.0,0.7402777777777778,1.0,0.8319239625606486,0.78,2.4
ENSPD004474,Male,23.0,Informatique,4,0.5085536547433903,32.0,0.7917594654788419,0.632,0.616,0.0,7.3,36.4,No,Yes,Middle,2.0,No,Salle 20,230.0,0.5736111111111111,1.0,0.8865671867590712,0.624,7.3
ENSPD004475,Female,22.0,Mecanique,5,0.583203732503888,27.0,0.5378619153674833,0.865,0.373,1.0,4.1,23.0,Yes,No,Middle,1.0,No,Salle 26,67.0,0.513888888888889,1.0,1.134860855147682,0.619,5.1
ENSPD004476,Male,22.0,Telecom,2,0.8429237947122862,10.0,0.5033407572383074,0.479,0.379,2.0,0.1,11.5,No,Yes,Middle,1.0,Yes,Salle 16,161.0,0.32500000000000007,0.0,2.593531875057032,0.429,2.1
ENSPD004477,Male,21.0,Informatique,3,0.9999999999999999,0.0,0.6982182628062361,0.812,0.635,1.0,3.3,19.0,Yes,Yes,Middle,0.0,Yes,Salle 26,263.0,0.6263888888888889,1.0,1.5964268419661594,0.7235,4.3
ENSPD004478,Male,21.0,Informatique,3,0.8615863141524104,9.0,0.3530066815144766,0.414,0.45299999999999996,1.0,3.1,11.5,Yes,Yes,Middle,2.0,Yes,Salle 28,263.0,0.22083333333333333,0.0,3.901346267274284,0.4335,4.1
ENSPD004479,Female,23.0,GenieCivil,3,0.9642301710730948,2.0,0.7616926503340756,0.378,0.304,1.0,0.5,11.5,Yes,Yes,Low,3.0,Yes,Salle 22,185.0,0.37222222222222223,1.0,2.5903995234927577,0.34099999999999997,1.5
ENSPD004480,Male,24.0,Mecanique,4,0.9020217729393468,6.0,0.5434298440979956,0.5660000000000001,1.0,1.0,2.2,17.0,Yes,No,Middle,1.0,Yes,Salle 28,178.0,0.6861111111111111,1.0,1.3146684431245734,0.783,3.2
ENSPD004481,Male,21.0,Electrique,1,0.8755832037325039,8.0,0.7750556792873051,0.451,0.635,2.0,7.0,33.7,No,No,Middle,1.0,Yes,Salle 27,143.0,0.5722222222222223,1.0,1.5301186646432459,0.543,9.0
ENSPD004482,Male,22.0,GenieCivil,2,0.6562986003110421,22.0,0.8251670378619154,0.375,0.535,2.0,2.3,15.6,Yes,No,Middle,1.0,Yes,Salle 26,177.0,0.45138888888888895,1.0,1.4539216122718213,0.455,4.3
ENSPD004483,Male,23.0,GenieCivil,3,0.7465007776049767,16.0,0.7171492204899776,0.97,0.633,2.0,3.4,25.9,Yes,No,Middle,1.0,Yes,Salle 26,185.0,0.8166666666666667,1.0,0.9140713921114967,0.8015,5.4
ENSPD004484,Male,22.0,Informatique,1,0.6423017107309487,23.0,0.47438752783964366,0.539,0.28300000000000003,1.0,0.2,10.2,No,No,Middle,3.0,Yes,Salle 18,248.0,0.2861111111111111,0.0,2.244859556978023,0.41100000000000003,1.2
ENSPD004485,Male,24.0,Informatique,4,0.6796267496111975,21.0,0.40089086859688206,1.0,0.871,1.0,2.6,14.0,No,Yes,Middle,4.0,Yes,Salle 27,230.0,0.7152777777777779,1.0,0.9501445022905741,0.9355,3.6
ENSPD004486,Female,20.0,Telecom,3,0.7325038880248832,17.0,0.37082405345211583,0.441,0.25,0.0,0.5,3.6,Yes,Yes,Low,2.0,Yes,Salle 28,154.0,0.15972222222222227,0.0,4.585824186467593,0.34550000000000003,0.5
ENSPD004487,Male,18.0,Telecom,3,0.8538102643856921,9.0,0.7939866369710468,0.312,0.742,1.0,0.1,0.0,Yes,No,Middle,1.0,Yes,Salle 6,154.0,0.5583333333333333,1.0,1.5291850254366048,0.527,1.1
ENSPD004488,Male,21.0,Mecanique,4,0.7993779160186624,13.0,0.5879732739420935,0.8520000000000001,0.272,1.0,1.6,13.2,Yes,No,Middle,1.0,Yes,Salle 19,178.0,0.4986111111111111,1.0,1.6031770380466934,0.562,2.6
ENSPD004489,Female,20.0,Informatique,2,0.6905132192846034,20.0,0.5100222717149221,0.489,0.557,1.0,1.4,21.1,Yes,No,Low,0.0,No,Salle 13,298.0,0.37777777777777777,1.0,1.8277807274399887,0.523,2.4
ENSPD004490,Male,22.0,Informatique,3,0.7309486780715396,17.0,0.5879732739420935,0.645,0.8890000000000001,1.0,1.6,16.5,No,No,Middle,2.0,Yes,Salle 7,263.0,0.6541666666666666,1.0,1.1173566947840896,0.7670000000000001,2.6
ENSPD004491,Male,21.0,Electrique,1,0.8009331259720062,13.0,0.7906458797327395,0.376,0.313,3.0,5.4,25.0,No,No,Low,1.0,No,Salle 9,143.0,0.25555555555555554,0.0,3.1339635117530427,0.34450000000000003,8.4
ENSPD004492,Female,23.0,Chimie,2,0.8444790046656298,10.0,0.7405345211581292,0.613,0.61,1.0,2.4,19.6,No,Yes,Low,1.0,Yes,Salle 29,119.0,0.5972222222222222,1.0,1.4139876805766356,0.6114999999999999,3.4
ENSPD004493,Male,21.0,Mecanique,1,0.43701399688958,36.0,0.6837416481069042,0.373,0.766,0.0,0.3,11.3,Yes,No,Middle,0.0,Yes,Salle 21,186.0,0.4652777777777778,0.0,0.9392337769471748,0.5695,0.3
ENSPD004494,Female,22.0,Electrique,3,0.5194401244167962,31.0,0.7171492204899776,0.6070000000000001,0.733,2.0,5.5,30.9,Yes,No,High,2.0,Yes,Salle 24,188.0,0.6597222222222222,1.0,0.7873499382327116,0.67,7.5
ENSPD004495,Female,22.0,Chimie,3,0.926905132192846,5.0,0.6403118040089087,0.535,0.654,0.0,0.3,6.4,No,No,Low,1.0,No,Salle 22,130.0,0.5111111111111111,1.0,1.8134745602228686,0.5945,0.3
ENSPD004496,Female,22.0,Energetique,2,0.7091757387247278,19.0,0.6603563474387528,0.6609999999999999,0.7390000000000001,1.0,2.8,16.0,Yes,No,Low,2.0,No,Salle 8,71.0,0.623611111111111,1.0,1.1371900759760738,0.7,3.8
ENSPD004497,Male,22.0,Informatique,2,0.6407465007776051,23.0,0.6469933184855233,0.733,0.518,3.0,0.3,8.3,No,No,Middle,1.0,Yes,Salle 20,298.0,0.513888888888889,1.0,1.2468337928555868,0.6255,3.3
ENSPD004498,Male,23.0,Informatique,1,0.6702954898911352,21.0,0.6102449888641426,0.663,1.0,1.0,13.1,60.1,Yes,No,Low,2.0,No,Salle 23,248.0,0.7444444444444445,1.0,0.9003848319978115,0.8315,14.1
ENSPD004499,Male,20.0,Informatique,5,0.6702954898911352,21.0,0.7360801781737194,0.701,0.318,0.0,0.8,6.3,Yes,No,Middle,0.0,Yes,Salle 12,109.0,0.38055555555555554,1.0,1.7613141286857328,0.5095,0.8
ENSPD004500,Male,25.0,Telecom,1,0.8242612752721618,11.0,0.6703786191536749,0.6,0.872,0.0,1.4,9.2,Yes,No,High,0.0,No,Salle 9,121.0,0.6458333333333334,1.0,1.276255761622522,0.736,1.4
ENSPD004501,Female,22.0,Chimie,4,0.5132192846034215,31.0,0.46325167037861914,0.542,0.6779999999999999,3.0,1.3,11.3,No,No,Middle,0.0,Yes,Salle 28,93.0,0.4902777777777778,1.0,1.046771524531124,0.61,4.3
ENSPD004502,Male,19.0,Electrique,3,0.7247278382581649,18.0,0.6982182628062361,0.705,0.763,4.0,0.2,11.5,Yes,Yes,Middle,1.0,Yes,Salle 23,188.0,0.7027777777777777,1.0,1.03121861417363,0.734,4.2
ENSPD004503,Male,22.0,Informatique,3,0.7667185069984447,15.0,0.6514476614699333,0.6,0.799,1.0,1.4,8.6,Yes,No,Low,0.0,Yes,Salle 18,263.0,0.6513888888888888,1.0,1.1770337961525543,0.6995,2.4
ENSPD004504,Male,20.0,Mecanique,2,0.7947122861586314,13.0,0.7126948775055679,0.6070000000000001,0.751,2.0,0.3,0.0,Yes,No,Low,1.0,No,Salle 21,231.0,0.6347222222222223,1.0,1.2520433945771852,0.679,2.3
ENSPD004505,Male,23.0,Mecanique,5,0.7620528771384137,15.0,0.5924276169265034,0.6920000000000001,0.478,3.0,1.4,11.5,Yes,No,Middle,2.0,Yes,Salle 25,67.0,0.44861111111111107,1.0,1.698655855162541,0.585,4.4
ENSPD004506,Male,26.0,Electrique,2,0.7231726283048211,12.0,0.7461024498886415,0.434,0.583,0.0,6.4,11.5,No,No,Middle,1.0,Yes,Salle 1,185.0,0.46805555555555556,1.0,1.5450242379969068,0.5085,6.4
ENSPD004507,Female,20.0,Mecanique,3,0.7231726283048211,25.0,0.6002227171492205,0.877,0.35000000000000003,0.0,3.3,22.2,No,No,Middle,0.0,No,Salle 4,212.0,0.475,1.0,1.522436639870363,0.6135,3.3
ENSPD004508,Male,23.0,Informatique,5,0.5443234836702956,29.0,0.7316258351893097,0.5750000000000001,0.635,2.0,1.1,9.2,No,No,Low,0.0,Yes,Salle 9,109.0,0.5736111111111111,1.0,0.9489251234424312,0.605,3.1
ENSPD004509,Female,18.0,Chimie,4,0.9999999999999999,0.0,0.534521158129176,0.642,0.705,1.0,1.4,8.2,Yes,No,Middle,1.0,Yes,Salle 9,93.0,0.5555555555555556,1.0,1.7999676005831893,0.6735,2.4
ENSPD004510,Female,23.0,Mecanique,3,0.6640746500777605,22.0,0.5456570155902005,0.612,0.761,2.0,0.1,0.0,Yes,No,Middle,1.0,Yes,Salle 26,212.0,0.5277777777777778,1.0,1.258222865398307,0.6865,2.1
ENSPD004511,Male,20.0,GenieCivil,5,0.6858475894245722,20.0,0.7104677060133631,0.616,0.718,2.0,1.4,12.3,No,No,High,2.0,Yes,Salle 21,70.0,0.6736111111111112,1.0,1.0181503787689998,0.667,3.4
ENSPD004512,Male,21.0,Informatique,3,0.8460342146189735,10.0,0.5545657015590201,0.6809999999999999,0.289,1.0,2.3,11.5,No,No,Middle,0.0,Yes,Salle 16,263.0,0.3375,0.0,2.50669377090745,0.485,3.3
ENSPD004513,Male,20.0,Chimie,1,0.9999999999999999,0.0,0.9788418708240534,0.611,0.528,4.0,1.4,15.2,No,No,Middle,1.0,Yes,Salle 1,96.0,0.7541666666666667,1.0,1.3259492691809611,0.5695,5.4
ENSPD004514,Female,23.0,Electrique,2,0.6189735614307931,24.0,0.7048997772828508,0.881,0.508,2.0,1.8,14.8,Yes,No,High,0.0,Yes,Salle 25,185.0,0.5916666666666666,1.0,1.0461348170410527,0.6945,3.8
ENSPD004515,Male,24.0,Telecom,2,0.5334370139968895,30.0,0.6146993318485524,0.043,0.635,0.0,7.7,39.1,Yes,Yes,Middle,1.0,Yes,Salle 17,161.0,0.16388888888888892,0.0,3.2546713257984288,0.339,7.7
ENSPD004516,Male,22.0,GenieCivil,2,0.4883359253499221,33.0,0.7472160356347438,0.8440000000000001,0.473,1.0,1.4,3.0,No,No,Middle,0.0,No,Salle 30,177.0,0.5499999999999999,1.0,0.8878673575933569,0.6585000000000001,2.4
ENSPD004517,Male,20.0,Energetique,4,0.9999999999999999,0.0,0.5300668151447662,0.7859999999999999,0.64,1.0,1.8,5.5,No,No,Middle,1.0,Yes,Salle 11,70.0,0.5680555555555554,1.0,1.7603602088178403,0.713,2.8
ENSPD004518,Female,25.0,Telecom,3,0.525660964230171,30.0,0.7639198218262806,0.29,0.923,3.0,0.5,4.3,No,No,Middle,2.0,Yes,Salle 14,154.0,0.575,1.0,0.9141770825379925,0.6065,3.5
ENSPD004519,Male,20.0,Electrique,1,0.7153965785381026,18.0,0.6113585746102449,0.787,0.449,2.0,0.8,1.0,No,No,Middle,0.0,Yes,Salle 26,143.0,0.6027777777777776,1.0,1.1868133444501243,0.618,2.8
ENSPD004520,Male,18.0,Energetique,4,0.5381026438569206,30.0,0.8195991091314031,0.8109999999999999,0.414,3.0,2.3,12.5,Yes,Yes,Middle,0.0,Yes,Salle 14,70.0,0.5444444444444444,1.0,0.9883336417723525,0.6124999999999999,5.3
ENSPD004521,Female,23.0,Mecanique,2,0.44945567651632967,35.0,0.5367483296213809,0.721,0.52,0.0,1.8,15.7,Yes,Yes,Middle,1.0,Yes,Salle 21,231.0,0.43194444444444435,1.0,1.0405163838385652,0.6205,1.8
ENSPD004522,Male,20.0,Mecanique,5,0.6656298600311042,22.0,0.4064587973273942,0.33899999999999997,0.7070000000000001,3.0,1.4,2.4,No,Yes,Middle,2.0,Yes,Salle 3,67.0,0.37083333333333335,0.0,1.7949085238989624,0.523,4.4
ENSPD004523,Female,24.0,Informatique,5,0.5443234836702956,29.0,0.5077951002227171,0.743,0.885,1.0,0.2,13.9,Yes,No,Middle,1.0,Yes,Salle 17,109.0,0.6736111111111112,1.0,0.808055856165873,0.8140000000000001,1.2
ENSPD004524,Female,21.0,Electrique,5,0.5909797822706065,26.0,0.5634743875278396,0.8009999999999999,0.623,2.0,0.8,7.2,No,No,Middle,2.0,Yes,Salle 4,80.0,0.5958333333333332,1.0,0.991837533810241,0.712,2.8
ENSPD004525,Female,23.0,Chimie,4,0.9999999999999999,0.0,0.888641425389755,0.517,0.35100000000000003,1.0,0.1,6.9,Yes,Yes,Middle,0.0,No,Salle 1,93.0,0.4930555555555556,1.0,2.028127880223274,0.43400000000000005,1.1
ENSPD004526,Male,25.0,Chimie,2,0.7993779160186624,13.0,0.9766146993318485,0.6990000000000001,0.39299999999999996,1.0,1.7,7.7,Yes,No,Middle,0.0,Yes,Salle 10,119.0,0.5069444444444444,1.0,1.576823962742206,0.546,2.7
ENSPD004527,Male,20.0,Informatique,3,0.8942457231726283,7.0,0.6681514476614699,0.556,0.6779999999999999,1.0,0.8,12.4,Yes,No,Middle,1.0,Yes,Salle 17,263.0,0.575,1.0,1.555182906684455,0.617,1.8
ENSPD004528,Female,21.0,GenieCivil,2,0.8740279937791603,8.0,0.6113585746102449,0.779,0.8390000000000001,1.0,1.0,9.9,Yes,Yes,Middle,3.0,Yes,Salle 22,177.0,0.6916666666666667,1.0,1.2636366613193453,0.809,2.0
ENSPD004529,Male,22.0,Informatique,2,0.7231726283048211,19.0,0.5523385300668151,0.564,1.0,0.0,1.7,12.8,No,Yes,Low,2.0,Yes,Salle 26,298.0,0.6763888888888889,1.0,1.0691511180521995,0.782,1.7
ENSPD004530,Male,25.0,Electrique,3,0.6376360808709175,23.0,0.7483296213808464,0.516,0.40399999999999997,1.0,1.7,13.3,No,No,Middle,1.0,Yes,Salle 7,188.0,0.42361111111111116,1.0,1.5052037401971512,0.45999999999999996,2.7
ENSPD004531,Male,21.0,Informatique,1,0.7667185069984447,15.0,0.9755011135857461,0.613,0.635,0.0,1.8,7.0,Yes,No,High,1.0,Yes,Salle 20,248.0,0.6972222222222222,1.0,1.0996601742741543,0.624,1.8
ENSPD004532,Male,21.0,Telecom,5,0.7511664074650078,16.0,0.9086859688195992,0.379,0.434,0.0,1.4,12.2,Yes,Yes,Middle,2.0,Yes,Salle 23,60.0,0.4916666666666667,1.0,1.527765009793037,0.4065,1.4
ENSPD004533,Male,23.0,Mecanique,5,0.6143079315707621,25.0,0.8006681514476615,0.595,0.46,1.0,1.3,13.0,Yes,No,Middle,1.0,Yes,Salle 19,67.0,0.46805555555555556,1.0,1.3124399441048995,0.5275,2.3
ENSPD004534,Male,21.0,Mecanique,2,0.7449455676516329,16.0,0.6113585746102449,0.685,0.443,0.0,3.4,12.5,Yes,Yes,Low,1.0,Yes,Salle 26,231.0,0.5041666666666667,1.0,1.4775486786740752,0.5640000000000001,3.4
ENSPD004535,Male,22.0,Telecom,3,0.5878693623639192,26.0,0.7494432071269488,0.777,0.573,1.0,1.3,9.1,Yes,No,Middle,3.0,Yes,Salle 11,154.0,0.6013888888888889,1.0,0.9775032399046063,0.675,2.3
ENSPD004536,Female,19.0,GenieCivil,2,0.687402799377916,20.0,0.6024498886414253,0.665,0.46399999999999997,2.0,1.5,9.8,No,No,High,0.0,Yes,Salle 4,177.0,0.4986111111111111,1.0,1.3786074918611648,0.5645,3.5
ENSPD004537,Male,26.0,Informatique,4,0.6578538102643857,22.0,0.48775055679287305,0.36200000000000004,0.635,1.0,8.9,40.8,No,No,Middle,1.0,Yes,Salle 5,230.0,0.5375,1.0,1.223891295537545,0.49850000000000005,9.9
ENSPD004538,Female,19.0,GenieCivil,3,0.48367029548989116,33.0,0.6069042316258353,0.863,0.5479999999999999,0.0,0.4,9.5,Yes,Yes,Middle,1.0,Yes,Salle 19,185.0,0.5291666666666666,1.0,0.9140053331084602,0.7055,0.4
ENSPD004539,Male,21.0,Informatique,2,0.28149300155520984,46.0,0.6804008908685969,0.8790000000000001,0.838,2.0,2.6,18.7,Yes,Yes,Middle,0.0,No,Salle 22,298.0,0.7847222222222223,1.0,0.3587121741453048,0.8585,4.6
ENSPD004540,Male,22.0,Energetique,2,0.5443234836702956,29.0,0.3674832962138085,0.64,0.508,0.0,1.3,9.8,No,Yes,Middle,1.0,Yes,Salle 27,71.0,0.35416666666666674,0.0,1.5368699716816339,0.5740000000000001,1.3
ENSPD004541,Male,26.0,Electrique,2,0.9999999999999999,0.0,0.5846325167037862,0.485,1.0,5.0,3.6,23.2,Yes,Yes,Middle,0.0,Yes,Salle 17,185.0,0.7333333333333334,1.0,1.3636177688486064,0.7424999999999999,8.6
ENSPD004542,Male,19.0,Mecanique,5,0.6625194401244167,22.0,0.4721603563474388,0.524,0.708,4.0,1.0,3.5,Yes,No,Low,2.0,Yes,Salle 18,67.0,0.47638888888888886,1.0,1.390682169031962,0.616,5.0
ENSPD004543,Male,26.0,Electrique,1,0.864696734059098,9.0,0.779510022271715,0.583,0.807,2.0,0.7,8.8,No,No,Middle,2.0,Yes,Salle 7,143.0,0.7013888888888888,1.0,1.2328173707672894,0.6950000000000001,2.7
ENSPD004544,Male,24.0,Informatique,1,0.32348367029548986,44.0,0.5189309576837416,0.67,0.522,0.0,0.5,0.0,Yes,No,Middle,0.0,No,Salle 10,248.0,0.4458333333333333,1.0,0.7255545751396003,0.5960000000000001,0.5
ENSPD004545,Male,23.0,Chimie,4,0.5318818040435459,30.0,0.6648106904231627,0.5650000000000001,0.835,2.0,4.1,19.4,Yes,No,Middle,2.0,Yes,Salle 21,93.0,0.5638888888888889,1.0,0.9432219401807482,0.7,6.1
ENSPD004546,Female,20.0,Telecom,4,0.4665629860031105,34.0,0.4933184855233853,0.465,0.7070000000000001,0.0,2.5,11.5,Yes,No,Low,1.0,Yes,Salle 14,121.0,0.4305555555555556,1.0,1.0836049934396348,0.5860000000000001,2.5
ENSPD004547,Male,23.0,Telecom,4,0.6827371695178849,20.0,0.8775055679287306,0.804,0.564,0.0,0.2,8.7,Yes,No,Middle,2.0,No,Salle 5,121.0,0.6749999999999999,1.0,1.011447488952586,0.6839999999999999,0.2
ENSPD004548,Female,21.0,Mecanique,3,0.9999999999999999,0.0,0.6113585746102449,0.6659999999999999,0.424,2.0,2.5,16.2,No,No,Middle,0.0,Yes,Salle 23,212.0,0.35277777777777775,0.0,2.8345653194082687,0.5449999999999999,4.5
ENSPD004549,Female,25.0,Mecanique,3,0.8055987558320373,12.0,0.6893095768374164,0.43100000000000005,0.5920000000000001,4.0,0.1,11.7,Yes,No,Middle,0.0,No,Salle 11,212.0,0.5180555555555555,1.0,1.5550131584566385,0.5115000000000001,4.1
ENSPD004550,Female,20.0,Informatique,3,0.9999999999999999,0.0,0.3964365256124721,0.672,0.5750000000000001,3.0,0.4,7.0,Yes,Yes,Middle,1.0,Yes,Salle 5,263.0,0.40694444444444444,1.0,2.457277500348114,0.6235,3.4
ENSPD004551,Female,22.0,Electrique,1,0.671850699844479,21.0,0.6113585746102449,0.649,0.8140000000000001,4.0,1.8,5.4,No,Yes,High,1.0,No,Salle 10,143.0,0.6291666666666667,1.0,1.0678251998820878,0.7315,5.8
ENSPD004552,Male,21.0,GenieCivil,3,0.975116640746501,2.0,0.6447661469933185,0.616,0.594,0.0,1.2,0.7,Yes,No,High,1.0,Yes,Salle 16,185.0,0.5722222222222223,1.0,1.70405755369683,0.605,1.2
ENSPD004553,Male,20.0,GenieCivil,1,0.9999999999999999,0.0,0.6113585746102449,0.835,0.256,0.0,3.7,11.5,Yes,No,Middle,1.0,Yes,Salle 26,149.0,0.4833333333333333,1.0,2.0689227119438907,0.5455,3.7
ENSPD004554,Female,23.0,Telecom,2,0.6998444790046657,19.0,0.6481069042316259,0.644,0.7690000000000001,2.0,1.9,8.6,Yes,No,Low,1.0,Yes,Salle 11,161.0,0.6625000000000001,1.0,1.0563530799605525,0.7065000000000001,3.9
ENSPD004555,Male,23.0,Informatique,5,0.6189735614307931,24.0,0.6358574610244989,0.5810000000000001,0.899,3.0,6.7,32.0,No,No,Middle,1.0,Yes,Salle 27,109.0,0.6513888888888888,1.0,0.9502220098756929,0.74,9.7
ENSPD004556,Male,24.0,Informatique,2,0.47433903576982883,34.0,0.5033407572383074,0.605,0.307,1.0,3.9,18.4,No,No,Low,0.0,Yes,Salle 20,298.0,0.32638888888888895,0.0,1.4532495419471263,0.45599999999999996,4.9
ENSPD004557,Female,18.0,Informatique,5,0.6625194401244167,22.0,0.5824053452115813,0.7000000000000001,1.0,0.0,0.8,11.5,Yes,No,Middle,2.0,No,Salle 14,109.0,0.8083333333333333,1.0,0.8196015391039493,0.8500000000000001,0.8
ENSPD004558,Female,24.0,Mecanique,2,0.7356143079315708,17.0,0.6158129175946548,0.616,0.919,0.0,3.6,17.1,Yes,No,Middle,1.0,Yes,Salle 7,231.0,0.7041666666666668,1.0,1.0446445370218231,0.7675000000000001,3.6
ENSPD004559,Female,27.0,Informatique,2,0.9999999999999999,0.0,0.6425389755011137,0.606,0.514,1.0,4.1,20.0,No,No,Low,1.0,No,Salle 10,298.0,0.5208333333333334,1.0,1.919963136707775,0.56,5.1
ENSPD004560,Other,21.0,GenieCivil,3,0.47900466562986,34.0,0.5991091314031181,0.812,0.41700000000000004,1.0,7.0,29.7,Yes,Yes,Middle,1.0,Yes,Salle 7,185.0,0.46944444444444444,1.0,1.020343233083494,0.6145,8.0
ENSPD004561,Female,26.0,Mecanique,4,0.7309486780715396,17.0,0.7316258351893097,0.365,0.851,0.0,0.0,5.2,Yes,Yes,Middle,0.0,Yes,Salle 5,178.0,0.5986111111111111,1.0,1.221053959682132,0.608,0.0
ENSPD004562,Male,21.0,Informatique,3,0.3810264385692068,40.0,0.6258351893095769,0.395,0.36600000000000005,0.0,4.2,25.6,No,No,Middle,0.0,Yes,Salle 14,263.0,0.33333333333333337,0.0,1.1430450243568895,0.38050000000000006,4.2
ENSPD004563,Female,19.0,Chimie,4,0.6407465007776051,23.0,0.643652561247216,0.76,0.506,2.0,0.1,2.8,Yes,No,Middle,2.0,Yes,Salle 8,93.0,0.5291666666666666,1.0,1.2108366470761598,0.633,2.1
ENSPD004564,Male,21.0,Informatique,1,0.7776049766718508,14.0,0.5467706013363028,1.0,0.37700000000000006,0.0,1.5,11.3,No,No,Low,1.0,No,Salle 26,248.0,0.4833333333333333,1.0,1.6088045971569918,0.6885,1.5
ENSPD004565,Male,24.0,Electrique,5,0.8164852255054432,12.0,0.4342984409799555,0.778,0.6409999999999999,1.0,1.1,17.7,Yes,No,Middle,1.0,No,Salle 9,80.0,0.5291666666666666,1.0,1.5429350478519022,0.7095,2.1
ENSPD004566,Female,20.0,Mecanique,1,0.8304821150855365,11.0,0.6358574610244989,0.956,0.9329999999999999,2.0,5.0,26.0,Yes,No,Low,0.0,No,Salle 30,186.0,0.7999999999999998,1.0,1.0380896677360743,0.9444999999999999,7.0
ENSPD004567,Male,21.0,GenieCivil,4,0.7947122861586314,13.0,0.8118040089086859,0.542,0.715,1.0,1.0,13.4,Yes,No,Middle,0.0,Yes,Salle 5,173.0,0.6611111111111111,1.0,1.2020676284606928,0.6285000000000001,2.0
ENSPD004568,Male,23.0,Energetique,2,0.8289269051321929,11.0,0.6848552338530067,0.505,0.8440000000000001,0.0,1.8,10.3,No,No,High,2.0,No,Salle 1,71.0,0.6152777777777778,1.0,1.3472182205959156,0.6745000000000001,1.8
ENSPD004569,Male,22.0,Informatique,4,0.7278382581648523,18.0,0.47327394209354123,0.7020000000000001,0.5700000000000001,5.0,2.4,19.3,No,No,Middle,1.0,Yes,Salle 20,230.0,0.5083333333333333,1.0,1.4317848006233038,0.6360000000000001,7.4
ENSPD004570,Female,23.0,GenieCivil,3,0.5241057542768274,31.0,0.7461024498886415,0.792,0.659,1.0,1.4,11.5,No,No,Middle,0.0,Yes,Salle 24,185.0,0.5847222222222221,1.0,0.8963175524772873,0.7255,2.4
ENSPD004571,Male,22.0,Telecom,1,0.37480559875583197,40.0,0.5545657015590201,0.384,0.395,0.0,1.8,14.6,Yes,No,Middle,1.0,Yes,Salle 26,121.0,0.1791666666666667,0.0,2.0918214727875575,0.3895,1.8
ENSPD004572,Female,23.0,Electrique,5,0.6174183514774495,25.0,0.7293986636971047,0.5820000000000001,0.621,1.0,1.5,15.3,No,Yes,Middle,0.0,No,Salle 7,80.0,0.4916666666666667,1.0,1.255740598111461,0.6015,2.5
ENSPD004573,Male,21.0,Mecanique,2,0.6951788491446346,20.0,0.5489977728285078,0.615,0.49100000000000005,0.0,1.8,18.4,Yes,No,High,1.0,Yes,Salle 26,231.0,0.5041666666666667,1.0,1.3788397899108804,0.553,1.8
ENSPD004574,Female,22.0,Mecanique,2,0.9533437013996889,3.0,0.6692650334075724,0.498,0.608,1.0,0.2,6.3,No,No,Low,0.0,Yes,Salle 25,231.0,0.4902777777777778,1.0,1.9444574076896335,0.5529999999999999,1.2
ENSPD004575,Female,20.0,Electrique,4,0.7013996889580093,19.0,0.5233853006681515,0.519,0.594,0.0,0.1,4.3,Yes,No,Low,1.0,Yes,Salle 2,157.0,0.5069444444444444,1.0,1.3835556560247764,0.5565,0.1
ENSPD004576,Male,25.0,Telecom,1,0.6827371695178849,20.0,0.5278396436525613,0.772,0.5770000000000001,0.0,0.4,1.1,Yes,No,High,1.0,Yes,Salle 3,121.0,0.513888888888889,1.0,1.3285437744262196,0.6745000000000001,0.4
ENSPD004577,Male,21.0,Informatique,2,0.7916018662519438,13.0,0.6113585746102449,0.616,1.0,1.0,4.1,21.1,Yes,No,Middle,1.0,Yes,Salle 24,298.0,0.7902777777777776,1.0,1.0016627974152168,0.808,5.1
ENSPD004578,Male,24.0,Informatique,3,0.6702954898911352,21.0,0.6959910913140313,0.7640000000000001,0.9940000000000001,2.0,0.9,11.8,Yes,No,Middle,0.0,Yes,Salle 7,263.0,0.8277777777777777,1.0,0.8097431586759647,0.8790000000000001,2.9
ENSPD004579,Female,22.0,Mecanique,4,0.8709175738724727,8.0,0.6726057906458797,0.6809999999999999,0.923,1.0,1.1,12.2,Yes,Yes,Low,2.0,No,Salle 14,178.0,0.786111111111111,1.0,1.1078669196932132,0.802,2.1
ENSPD004580,Female,22.0,Mecanique,1,0.9999999999999999,0.0,0.6815144766146994,0.46299999999999997,0.9990000000000001,0.0,1.0,8.9,Yes,No,Middle,0.0,Yes,Salle 28,186.0,0.7944444444444445,1.0,1.25872541464513,0.7310000000000001,1.0
ENSPD004581,Female,21.0,Mecanique,3,0.9999999999999999,0.0,0.655902004454343,0.696,0.924,0.0,2.5,16.5,Yes,No,High,2.0,No,Salle 13,212.0,0.8152777777777778,1.0,1.226560764501696,0.81,2.5
ENSPD004582,Male,20.0,Mecanique,4,0.7387247278382582,17.0,0.4832962138084633,0.449,0.636,2.0,1.4,14.1,Yes,No,Low,1.0,No,Salle 28,178.0,0.41666666666666674,1.0,1.7728967972886842,0.5425,3.4
ENSPD004583,Female,19.0,Informatique,4,0.7822706065318817,14.0,0.6113585746102449,0.564,0.615,1.0,0.1,8.1,Yes,No,Middle,1.0,No,Salle 7,230.0,0.5583333333333333,1.0,1.401056589789822,0.5894999999999999,1.1
ENSPD004584,Female,20.0,Informatique,5,0.9999999999999999,0.0,0.7761692650334077,0.433,0.687,1.0,1.0,8.1,Yes,No,Middle,0.0,Yes,Salle 14,109.0,0.5902777777777778,1.0,1.6940889471990122,0.56,2.0
ENSPD004585,Female,21.0,Energetique,4,0.6920684292379472,20.0,0.4788418708240535,0.51,0.598,2.0,2.6,15.4,Yes,No,Middle,1.0,No,Salle 9,70.0,0.4527777777777777,1.0,1.5284609329221013,0.554,4.6
ENSPD004586,Female,22.0,Informatique,3,0.8475894245723173,10.0,0.6993318485523385,0.636,0.43200000000000005,1.0,4.9,27.3,No,No,Middle,1.0,Yes,Salle 15,263.0,0.4930555555555556,1.0,1.7190197429575187,0.534,5.9
ENSPD004587,Male,24.0,Informatique,2,0.5085536547433903,32.0,0.7561247216035635,0.538,0.6990000000000001,2.0,0.1,7.8,No,No,Middle,0.0,No,Salle 23,298.0,0.6569444444444444,1.0,0.7741079446893008,0.6185,2.1
ENSPD004588,Male,21.0,Mecanique,1,0.6625194401244167,22.0,0.5311804008908686,0.461,0.327,1.0,3.3,27.2,Yes,No,Low,1.0,No,Salle 9,186.0,0.21944444444444444,0.0,3.018938357806353,0.394,4.3
ENSPD004589,Female,20.0,Energetique,3,0.9362363919129083,4.0,0.5612472160356348,0.8250000000000001,0.668,1.0,0.1,12.0,No,No,Low,2.0,Yes,Salle 26,104.0,0.6583333333333332,1.0,1.422109626556926,0.7465,1.1
ENSPD004590,Female,19.0,Chimie,5,0.5863141524105754,27.0,0.6993318485523385,0.598,0.441,3.0,0.8,4.1,Yes,No,Middle,1.0,Yes,Salle 25,48.0,0.45000000000000007,1.0,1.3028913855482662,0.5195,3.8
ENSPD004591,Male,23.0,Chimie,4,0.6967340590979781,20.0,0.3574610244988864,0.525,0.624,1.0,0.0,2.4,No,No,High,2.0,No,Salle 5,93.0,0.461111111111111,1.0,1.5109567580177308,0.5745,1.0
ENSPD004592,Male,25.0,Informatique,1,0.4261275272161742,37.0,0.42873051224944325,0.425,0.6779999999999999,2.0,4.9,29.7,No,Yes,High,1.0,Yes,Salle 4,248.0,0.38888888888888895,1.0,1.0957283226847216,0.5515,6.9
ENSPD004593,Male,25.0,Telecom,3,0.9999999999999999,0.0,0.44543429844098004,0.28300000000000003,0.569,0.0,2.5,11.5,Yes,No,Low,0.0,Yes,Salle 29,154.0,0.33611111111111114,0.0,2.975118095659963,0.426,2.5
ENSPD004594,Male,23.0,GenieCivil,3,0.7231726283048211,3.0,0.31069042316258355,0.58,0.312,0.0,0.9,11.5,No,No,High,1.0,No,Salle 20,185.0,0.1958333333333333,0.0,3.6926078411561343,0.44599999999999995,0.9
ENSPD004595,Male,23.0,Mecanique,3,0.7558320373250388,16.0,0.7917594654788419,0.37200000000000005,0.402,0.0,0.9,15.1,No,No,Low,2.0,Yes,Salle 6,212.0,0.3138888888888889,0.0,2.4078837615528528,0.387,0.9
ENSPD004596,Female,25.0,Electrique,4,0.8149300155520994,12.0,0.2783964365256125,0.748,0.7320000000000001,3.0,2.0,11.5,Yes,No,High,3.0,Yes,Salle 14,157.0,0.5166666666666666,1.0,1.5772533735839298,0.74,5.0
ENSPD004597,Female,23.0,Telecom,3,0.7947122861586314,13.0,0.6670378619153674,0.625,0.529,0.0,0.2,9.7,No,No,Middle,0.0,No,Salle 18,154.0,0.5083333333333333,1.0,1.5633376776036503,0.577,0.2
ENSPD004598,Male,23.0,Chimie,2,0.9782270606531881,1.0,0.7461024498886415,0.9009999999999999,0.752,0.0,0.3,7.1,No,No,High,0.0,No,Salle 9,119.0,0.7819444444444443,1.0,1.2510026224714277,0.8265,0.3
ENSPD004599,Male,21.0,Telecom,5,0.6236391912908242,24.0,0.5612472160356348,0.616,0.642,0.0,3.8,19.9,Yes,No,Middle,1.0,No,Salle 4,60.0,0.5513888888888888,1.0,1.1310127819580944,0.629,3.8
ENSPD004600,Male,19.0,Telecom,3,0.8569206842923794,9.0,0.49888641425389757,0.489,0.6,3.0,0.5,0.0,Yes,No,Middle,2.0,No,Salle 27,154.0,0.4555555555555555,1.0,1.8810041142100333,0.5445,3.5
ENSPD004601,Male,21.0,Mecanique,2,0.9206842923794712,5.0,0.6492204899777283,0.282,0.71,3.0,1.4,16.4,Yes,No,Middle,0.0,Yes,Salle 3,231.0,0.4194444444444444,1.0,2.1949565788935472,0.496,4.4
ENSPD004602,Female,22.0,GenieCivil,2,0.947122861586314,3.0,0.6102449888641426,0.765,0.505,1.0,0.5,4.9,Yes,Yes,Middle,0.0,No,Salle 22,177.0,0.5263888888888889,1.0,1.7992493555324176,0.635,1.5
ENSPD004603,Female,22.0,Informatique,5,0.2986003110419906,45.0,0.7783964365256124,0.386,0.72,1.0,0.2,11.2,Yes,No,High,2.0,Yes,Salle 19,109.0,0.5055555555555555,1.0,0.5906262951673298,0.5529999999999999,1.2
ENSPD004604,Male,26.0,Telecom,4,0.6080870917573872,25.0,0.1714922048997773,0.547,0.556,0.0,1.4,13.3,No,No,Low,1.0,Yes,Salle 27,121.0,0.3208333333333333,0.0,1.8952773163144647,0.5515000000000001,1.4
ENSPD004605,Female,22.0,Informatique,2,0.5303265940902021,30.0,0.45657015590200445,0.9209999999999999,1.0,1.0,4.6,21.4,Yes,No,High,1.0,Yes,Salle 30,298.0,0.8277777777777777,1.0,0.6406552601125381,0.9604999999999999,5.6
ENSPD004606,Female,24.0,Telecom,1,0.7480559875583203,16.0,0.7037861915367484,0.73,0.413,1.0,1.9,18.2,No,No,Middle,2.0,Yes,Salle 22,121.0,0.43194444444444435,1.0,1.7317937045894458,0.5715,2.9
ENSPD004607,Female,21.0,Mecanique,1,0.34370139968895796,42.0,0.6191536748329621,0.6900000000000001,0.569,1.0,1.2,17.6,No,No,Middle,1.0,Yes,Salle 13,186.0,0.4180555555555555,1.0,0.8221232175710407,0.6295,2.2
ENSPD004608,Male,21.0,Mecanique,2,0.7231726283048211,42.0,0.7360801781737194,0.616,0.5770000000000001,1.0,1.6,16.0,No,No,Low,1.0,Yes,Salle 1,231.0,0.5527777777777778,1.0,1.3082283244611435,0.5965,2.6
ENSPD004609,Female,19.0,Informatique,3,0.9999999999999999,0.0,0.6536748329621381,0.783,0.37,0.0,1.0,11.7,No,No,Low,0.0,Yes,Salle 4,263.0,0.4555555555555555,1.0,2.1950737666734144,0.5765,1.0
ENSPD004610,Male,21.0,Mecanique,3,0.8351477449455676,11.0,0.5879732739420935,0.616,0.785,1.0,2.8,9.3,Yes,No,Middle,1.0,Yes,Salle 22,212.0,0.6694444444444445,1.0,1.247504967479342,0.7005,3.8
ENSPD004611,Male,23.0,Telecom,3,0.7433903576982893,16.0,0.5601336302895323,0.512,0.554,1.0,2.8,12.0,No,No,Middle,0.0,No,Salle 3,154.0,0.4041666666666667,1.0,1.8392708412120673,0.533,3.8
ENSPD004612,Male,22.0,Informatique,4,0.7231726283048211,14.0,0.9988864142538976,0.552,0.16399999999999998,1.0,3.4,22.3,Yes,No,High,1.0,Yes,Salle 19,230.0,0.3666666666666667,0.0,1.9722351980532014,0.358,4.4
ENSPD004613,Male,24.0,GenieCivil,1,0.7480559875583203,16.0,0.8663697104677061,0.454,0.779,2.0,1.5,5.8,Yes,No,Middle,2.0,Yes,Salle 12,149.0,0.7138888888888888,1.0,1.0478458493227152,0.6165,3.5
ENSPD004614,Male,22.0,Informatique,1,0.906687402799378,6.0,0.692650334075724,0.614,0.513,2.0,3.2,16.9,Yes,No,High,1.0,No,Salle 7,248.0,0.4847222222222223,1.0,1.8704912964991898,0.5635,5.2
ENSPD004615,Male,21.0,Mecanique,2,0.6018662519440124,26.0,0.623608017817372,0.596,0.619,1.0,0.3,5.0,No,Yes,High,2.0,Yes,Salle 10,231.0,0.5069444444444444,1.0,1.18721959840707,0.6074999999999999,1.3
ENSPD004616,Male,26.0,Informatique,1,0.7542768273716952,16.0,0.6113585746102449,0.304,0.635,1.0,0.1,7.1,Yes,Yes,High,4.0,No,Salle 13,248.0,0.5486111111111112,1.0,1.3748592828374282,0.46950000000000003,1.1
ENSPD004617,Female,22.0,Mecanique,1,0.7620528771384137,15.0,0.7483296213808464,0.502,0.5670000000000001,2.0,2.1,16.1,No,Yes,Middle,1.0,No,Salle 23,186.0,0.5861111111111111,1.0,1.300162820775707,0.5345,4.1
ENSPD004618,Female,24.0,Telecom,3,0.7231726283048211,31.0,0.6804008908685969,0.8790000000000001,0.5650000000000001,1.0,0.2,0.0,Yes,No,Middle,0.0,No,Salle 5,154.0,0.6069444444444445,1.0,1.1914776058139802,0.7220000000000001,1.2
ENSPD004619,Male,21.0,GenieCivil,4,0.9580093312597201,3.0,0.48440979955456576,0.664,1.0,0.0,1.6,12.5,Yes,No,Low,1.0,Yes,Salle 17,173.0,0.8388888888888888,1.0,1.1419842652653787,0.8320000000000001,1.6
ENSPD004620,Female,23.0,Mecanique,4,0.6376360808709175,23.0,0.9086859688195992,0.7490000000000001,0.209,2.0,2.6,12.7,Yes,Yes,Middle,0.0,Yes,Salle 24,178.0,0.4277777777777778,1.0,1.4905430075240467,0.47900000000000004,4.6
ENSPD004621,Female,24.0,Electrique,4,0.9097978227060654,6.0,0.6514476614699333,0.598,0.383,0.0,1.0,11.2,No,No,Middle,1.0,Yes,Salle 3,157.0,0.38888888888888895,1.0,2.33941995901665,0.4905,1.0
ENSPD004622,Female,22.0,Informatique,3,0.7418351477449457,17.0,0.9465478841870825,0.28,0.42200000000000004,1.0,0.1,0.0,Yes,No,Middle,0.0,Yes,Salle 17,263.0,0.4027777777777778,1.0,1.8417518819407273,0.35100000000000003,1.1
ENSPD004623,Male,17.0,Mecanique,4,0.9999999999999999,0.0,0.6414253897550111,0.5970000000000001,0.998,1.0,4.4,26.7,Yes,No,Low,0.0,Yes,Salle 17,178.0,0.7375,1.0,1.3559138181177204,0.7975000000000001,5.4
ENSPD004624,Female,22.0,GenieCivil,2,0.525660964230171,30.0,0.6113585746102449,0.8079999999999999,0.511,1.0,0.1,2.5,Yes,No,Middle,1.0,No,Salle 25,177.0,0.5166666666666666,1.0,1.0173886264720768,0.6595,1.1
ENSPD004625,Female,24.0,Mecanique,5,0.5178849144634526,31.0,0.8418708240534521,0.40700000000000003,0.688,1.0,4.7,22.3,No,No,Middle,1.0,Yes,Salle 9,67.0,0.5569444444444444,1.0,0.9298514800075559,0.5475,5.7
ENSPD004626,Female,23.0,Electrique,1,0.5505443234836701,29.0,0.6603563474387528,0.7540000000000001,0.545,0.0,0.1,11.9,Yes,No,Middle,1.0,Yes,Salle 8,143.0,0.5180555555555555,1.0,1.062692390142181,0.6495000000000001,0.1
ENSPD004627,Male,23.0,GenieCivil,1,0.7449455676516329,16.0,0.6325167037861915,0.314,0.761,2.0,2.7,15.3,Yes,No,Middle,2.0,Yes,Salle 20,149.0,0.5902777777777778,1.0,1.2620040524235254,0.5375,4.7
ENSPD004628,Male,19.0,Chimie,2,0.9999999999999999,0.0,0.4097995545657016,0.624,0.637,1.0,5.2,29.8,Yes,No,Middle,1.0,No,Salle 28,119.0,0.4111111111111111,1.0,2.4323732665962177,0.6305000000000001,6.2
ENSPD004629,Female,21.0,Energetique,5,0.9999999999999999,0.0,0.7204899777282852,0.718,0.691,0.0,4.7,23.7,Yes,Yes,Low,2.0,Yes,Salle 14,40.0,0.6944444444444444,1.0,1.439979264298594,0.7044999999999999,4.7
ENSPD004630,Male,23.0,Informatique,5,0.28926905132192837,46.0,0.5278396436525613,0.564,0.897,0.0,4.5,29.7,No,No,Middle,2.0,Yes,Salle 28,109.0,0.5458333333333333,1.0,0.5299488583206324,0.7304999999999999,4.5
ENSPD004631,Male,23.0,Mecanique,4,0.7667185069984447,15.0,0.5356347438752784,1.0,0.728,3.0,1.4,23.6,Yes,No,Low,1.0,Yes,Salle 25,178.0,0.7138888888888888,1.0,1.0739875337133027,0.864,4.4
ENSPD004632,Male,24.0,Mecanique,3,0.11975116640746497,57.0,0.5278396436525613,0.531,0.493,0.0,1.4,12.7,Yes,No,Middle,0.0,Yes,Salle 19,212.0,0.34305555555555556,0.0,0.34906205087695735,0.512,1.4
ENSPD004633,Female,22.0,Informatique,3,0.8678071539657853,8.0,0.6837416481069042,0.516,0.7020000000000001,3.0,1.6,11.5,No,No,Middle,1.0,Yes,Salle 13,263.0,0.5416666666666667,1.0,1.6020759382272056,0.609,4.6
ENSPD004634,Female,23.0,Telecom,5,0.9284603421461898,5.0,0.3541202672605791,0.657,1.0,1.0,1.9,11.4,No,No,Middle,2.0,Yes,Salle 30,60.0,0.6958333333333333,1.0,1.334295088663909,0.8285,2.9
ENSPD004635,Male,22.0,Chimie,3,0.7122861586314152,18.0,0.5746102449888641,0.484,0.753,1.0,4.5,26.5,No,No,Middle,1.0,Yes,Salle 19,130.0,0.5458333333333333,1.0,1.3049278339292996,0.6185,5.5
ENSPD004636,Female,20.0,GenieCivil,5,0.7356143079315708,17.0,0.7739420935412027,0.36100000000000004,0.67,1.0,3.6,16.4,Yes,No,Low,3.0,Yes,Salle 8,70.0,0.5583333333333333,1.0,1.3174945665419202,0.5155000000000001,4.6
ENSPD004637,Male,17.0,GenieCivil,2,0.7340590979782272,17.0,0.4020044543429844,0.42200000000000004,0.36600000000000005,0.0,3.1,11.5,Yes,No,Low,1.0,Yes,Salle 9,177.0,0.29166666666666674,0.0,2.516687763773449,0.394,3.1
ENSPD004638,Female,23.0,Informatique,2,0.5738724727838257,27.0,0.6391982182628062,0.756,0.785,0.0,2.3,18.0,No,No,Middle,3.0,Yes,Salle 30,298.0,0.6833333333333333,1.0,0.8398010850336225,0.7705,2.3
ENSPD004639,Female,22.0,Electrique,4,0.8009331259720062,13.0,0.5044543429844098,0.5650000000000001,0.8140000000000001,0.0,1.9,14.7,Yes,No,Middle,1.0,No,Salle 26,157.0,0.5375,1.0,1.490080418916869,0.6895,1.9
ENSPD004640,Female,21.0,Chimie,1,0.6765163297045101,21.0,0.5423162583518931,0.9259999999999999,0.703,0.0,5.1,21.6,No,Yes,High,0.0,Yes,Salle 22,96.0,0.7111111111111112,1.0,0.9513377104604139,0.8145,5.1
ENSPD004641,Female,19.0,Electrique,5,0.8942457231726283,7.0,0.8864142538975501,0.541,0.663,0.0,0.4,8.4,Yes,No,Low,0.0,Yes,Salle 12,80.0,0.5958333333333332,1.0,1.5008067945812857,0.6020000000000001,0.4
ENSPD004642,Male,23.0,Mecanique,3,0.6982892690513217,19.0,0.334075723830735,0.748,1.0,0.0,0.4,10.8,Yes,No,Middle,1.0,Yes,Salle 30,212.0,0.7222222222222223,1.0,0.9668486777047541,0.874,0.4
ENSPD004643,Female,21.0,Electrique,5,0.5598755832037324,28.0,0.7383073496659243,0.616,0.8109999999999999,0.0,8.1,32.3,No,No,Middle,2.0,Yes,Salle 3,80.0,0.6347222222222223,1.0,0.882065796571011,0.7135,8.1
ENSPD004644,Male,23.0,Mecanique,2,0.4339035769828927,36.0,0.5300668151447662,0.538,0.888,1.0,1.6,5.3,Yes,No,High,1.0,Yes,Salle 28,231.0,0.5833333333333334,1.0,0.743821952165779,0.7130000000000001,2.6
ENSPD004645,Female,26.0,GenieCivil,4,0.3716951788491446,40.0,0.522271714922049,0.462,0.653,2.0,1.3,11.5,Yes,No,Low,0.0,Yes,Salle 27,173.0,0.37222222222222223,1.0,0.9985572356689824,0.5575,3.3
ENSPD004646,Female,18.0,GenieCivil,3,0.9657853810264384,2.0,0.4242761692650334,0.308,0.614,1.0,3.8,17.6,Yes,No,Low,0.0,No,Salle 2,185.0,0.3736111111111111,1.0,2.584932575555731,0.46099999999999997,4.8
ENSPD004647,Female,21.0,Mecanique,3,0.6345256609642301,24.0,0.7360801781737194,0.72,0.766,1.0,3.8,11.5,Yes,No,Middle,0.0,No,Salle 16,212.0,0.6694444444444445,1.0,0.9478250032245279,0.743,4.8
ENSPD004648,Male,22.0,Chimie,3,0.7838258164852253,14.0,0.5779510022271716,0.616,0.635,1.0,1.4,13.4,Yes,No,Middle,0.0,Yes,Salle 23,130.0,0.5819444444444444,1.0,1.3468851797042207,0.6255,2.4
ENSPD004649,Female,25.0,Telecom,5,0.9999999999999999,0.0,0.556792873051225,0.334,0.63,4.0,0.4,0.7,No,No,High,0.0,Yes,Salle 24,60.0,0.4569444444444445,1.0,2.1884019559450367,0.482,4.4
ENSPD004650,Male,19.0,Informatique,3,0.6143079315707621,25.0,0.6280623608017817,0.5529999999999999,0.733,1.0,3.2,11.5,Yes,No,Middle,2.0,Yes,Salle 16,263.0,0.5444444444444444,1.0,1.128299966763235,0.643,4.2
ENSPD004651,Male,26.0,Energetique,2,0.603421461897356,26.0,0.5812917594654788,0.5,0.537,1.0,3.1,11.5,Yes,No,Low,1.0,Yes,Salle 30,71.0,0.37083333333333335,0.0,1.6271600637214887,0.5185,4.1
ENSPD004652,Female,22.0,GenieCivil,4,0.6951788491446346,20.0,0.2761692650334076,0.7190000000000001,0.684,0.0,0.5,12.2,Yes,Yes,Middle,1.0,Yes,Salle 27,173.0,0.5375,1.0,1.2933319364191078,0.7015,0.5
ENSPD004653,Male,22.0,Electrique,2,0.7262830482115087,18.0,0.5278396436525613,0.561,0.6559999999999999,1.0,3.7,26.7,No,No,Middle,0.0,No,Salle 4,185.0,0.4472222222222222,1.0,1.6239506281607563,0.6085,4.7
ENSPD004654,Female,22.0,Telecom,2,0.9999999999999999,0.0,0.7594654788418709,0.858,0.635,1.0,1.3,13.4,Yes,No,High,0.0,Yes,Salle 10,161.0,0.7930555555555554,1.0,1.26092980964163,0.7464999999999999,2.3
ENSPD004655,Male,21.0,GenieCivil,1,0.9999999999999999,0.0,0.3585746102449889,0.551,0.518,2.0,1.3,9.7,Yes,No,Middle,0.0,No,Salle 4,149.0,0.4,1.0,2.4999375015624605,0.5345,3.3
ENSPD004656,Male,24.0,Telecom,4,0.8367029548989114,10.0,0.42873051224944325,0.397,0.24,3.0,8.5,39.4,Yes,No,Middle,2.0,No,Salle 23,121.0,0.16944444444444445,0.0,4.93762767711427,0.3185,11.5
ENSPD004657,Female,20.0,Informatique,2,0.9906687402799378,1.0,0.5389755011135858,0.536,0.635,1.0,1.5,12.3,Yes,No,Middle,1.0,Yes,Salle 29,298.0,0.49444444444444435,1.0,2.003559178020993,0.5855,2.5
ENSPD004658,Male,23.0,Informatique,2,0.687402799377916,20.0,0.6113585746102449,0.555,0.7190000000000001,1.0,0.3,12.9,Yes,No,High,3.0,Yes,Salle 25,298.0,0.5499999999999999,1.0,1.2498005479498848,0.637,1.3
ENSPD004659,Male,21.0,Electrique,5,0.7760497667185068,14.0,0.6113585746102449,0.715,0.833,2.0,0.7,9.0,No,Yes,Middle,1.0,Yes,Salle 13,80.0,0.6680555555555555,1.0,1.1616371481286039,0.774,2.7
ENSPD004660,Female,20.0,Telecom,4,0.6640746500777605,22.0,0.4276169265033408,0.616,0.501,1.0,0.8,5.4,Yes,No,Middle,0.0,Yes,Salle 8,121.0,0.2777777777777778,0.0,2.3905826793034826,0.5585,1.8
ENSPD004661,Male,27.0,Telecom,1,0.7231726283048211,34.0,0.5456570155902005,0.6990000000000001,0.748,3.0,6.4,31.5,No,No,Middle,3.0,No,Salle 17,121.0,0.6138888888888889,1.0,1.1779995719062295,0.7235,9.4
ENSPD004662,Female,23.0,Electrique,4,0.9440124416796268,4.0,0.6024498886414253,0.478,0.867,2.0,0.6,1.1,No,No,Middle,1.0,No,Salle 17,157.0,0.5958333333333332,1.0,1.5843299553232009,0.6725,2.6
ENSPD004663,Male,23.0,GenieCivil,5,0.8195956454121308,12.0,0.7182628062360802,0.5670000000000001,0.79,0.0,1.1,7.2,Yes,Yes,Middle,2.0,No,Salle 5,70.0,0.7083333333333333,1.0,1.1570598703248391,0.6785000000000001,1.1
ENSPD004664,Female,24.0,Mecanique,1,0.7231726283048211,18.0,0.8184855233853007,0.479,0.48200000000000004,0.0,2.8,15.0,No,No,Low,1.0,Yes,Salle 2,186.0,0.4652777777777778,1.0,1.5542480650549337,0.48050000000000004,2.8
ENSPD004665,Female,19.0,Energetique,4,0.7200622083981337,18.0,0.566815144766147,0.46799999999999997,0.503,1.0,0.6,5.8,Yes,No,High,1.0,Yes,Salle 25,70.0,0.3763888888888889,1.0,1.913029580198077,0.4855,1.6
ENSPD004666,Female,26.0,Mecanique,3,0.4385692068429238,36.0,0.9253897550111359,0.8490000000000001,0.7270000000000001,2.0,2.4,8.3,No,No,Low,0.0,Yes,Salle 27,212.0,0.7388888888888889,1.0,0.5935442770829138,0.788,4.4
ENSPD004667,Male,17.0,Chimie,3,0.5381026438569206,30.0,0.579064587973274,0.49100000000000005,0.965,2.0,0.5,2.3,Yes,No,Middle,1.0,Yes,Salle 24,130.0,0.6402777777777777,1.0,0.8404074894643357,0.728,2.5
ENSPD004668,Female,20.0,GenieCivil,3,0.7822706065318817,14.0,0.7483296213808464,0.616,0.643,1.0,0.6,11.5,No,No,High,1.0,Yes,Salle 13,185.0,0.5375,1.0,1.4553600984760875,0.6295,1.6
ENSPD004669,Female,21.0,Electrique,3,0.6220839813374807,24.0,0.9331848552338531,0.8079999999999999,0.6070000000000001,1.0,1.4,42.8,No,No,Middle,0.0,No,Salle 11,188.0,0.7416666666666665,1.0,0.8387536096198445,0.7075,2.4
ENSPD004670,Female,23.0,Mecanique,1,0.6796267496111975,21.0,0.6336302895322939,0.755,0.36600000000000005,1.0,0.9,6.9,Yes,No,Middle,2.0,Yes,Salle 8,186.0,0.4805555555555555,1.0,1.4142227668096568,0.5605,1.9
ENSPD004671,Male,22.0,Energetique,4,0.6998444790046657,19.0,0.38084632516703787,0.915,0.5670000000000001,0.0,2.6,15.7,Yes,No,Middle,1.0,No,Salle 18,70.0,0.4930555555555556,1.0,1.4193740996896944,0.7410000000000001,2.6
ENSPD004672,Female,22.0,Electrique,1,0.5925349922239501,26.0,0.6258351893095769,0.7070000000000001,0.49700000000000005,3.0,3.7,23.3,Yes,No,Middle,0.0,Yes,Salle 2,143.0,0.47777777777777775,1.0,1.2401635616965112,0.6020000000000001,6.7
ENSPD004673,Female,22.0,Energetique,2,0.5396578538102644,30.0,0.5077951002227171,0.616,0.645,1.0,0.9,19.3,Yes,No,Middle,1.0,Yes,Salle 26,71.0,0.39722222222222214,1.0,1.3585450112563267,0.6305000000000001,1.9
ENSPD004674,Male,20.0,Informatique,1,0.41990668740279935,37.0,0.5645879732739421,0.99,0.337,1.0,0.9,7.3,No,No,Middle,0.0,No,Salle 14,248.0,0.4388888888888889,1.0,0.9567276154784307,0.6635,1.9
ENSPD004675,Male,19.0,Electrique,4,0.6920684292379472,20.0,0.9420935412026725,0.725,0.574,3.0,1.4,13.6,Yes,No,Low,1.0,No,Salle 26,157.0,0.6888888888888889,1.0,1.0046008788810366,0.6495,4.4
ENSPD004676,Female,23.0,Chimie,2,0.8351477449455676,11.0,0.4064587973273942,0.5920000000000001,0.438,1.0,1.9,15.8,Yes,No,Middle,2.0,Yes,Salle 13,119.0,0.37083333333333335,0.0,2.2520230778825763,0.515,2.9
ENSPD004677,Male,23.0,Chimie,2,0.4136858475894245,38.0,0.6603563474387528,0.63,0.828,3.0,0.9,12.0,Yes,No,Middle,1.0,Yes,Salle 11,119.0,0.5916666666666666,1.0,0.6991755309872362,0.729,3.9
ENSPD004678,Female,25.0,Telecom,2,0.7153965785381026,18.0,0.46325167037861914,0.652,0.46799999999999997,2.0,2.8,11.0,Yes,No,Middle,3.0,Yes,Salle 4,161.0,0.3638888888888888,0.0,1.9659213050154116,0.56,4.8
ENSPD004679,Female,20.0,Informatique,4,0.7729393468118196,15.0,0.5590200445434298,0.5770000000000001,0.526,3.0,4.0,16.5,No,No,Middle,1.0,Yes,Salle 9,230.0,0.47916666666666674,1.0,1.6130571469363828,0.5515000000000001,7.0
ENSPD004680,Female,23.0,Informatique,3,0.5349922239502333,30.0,0.734966592427617,0.37200000000000005,0.696,1.0,0.5,1.5,No,No,Middle,0.0,Yes,Salle 4,263.0,0.5166666666666666,1.0,1.0354487796047174,0.534,1.5
ENSPD004681,Male,21.0,GenieCivil,4,0.7231726283048211,1.0,0.6636971046770601,0.913,0.549,1.0,0.0,2.1,Yes,No,High,1.0,No,Salle 28,173.0,0.6041666666666667,1.0,1.1969555731019421,0.7310000000000001,1.0
ENSPD004682,Male,24.0,Informatique,1,0.6485225505443236,23.0,0.5723830734966593,0.616,1.0,2.0,0.6,10.9,Yes,No,Middle,1.0,Yes,Salle 24,248.0,0.7541666666666667,1.0,0.8599080019416189,0.808,2.6
ENSPD004683,Female,24.0,Energetique,1,0.7013996889580093,19.0,0.5022271714922049,0.653,0.826,1.0,2.2,15.2,Yes,Yes,Middle,0.0,Yes,Salle 16,83.0,0.6097222222222222,1.0,1.1503405321137485,0.7395,3.2
ENSPD004684,Male,22.0,Mecanique,3,0.6905132192846034,20.0,0.6625835189309577,0.9940000000000001,0.635,0.0,4.9,25.3,Yes,No,Middle,1.0,Yes,Salle 6,212.0,0.7444444444444445,1.0,0.927542611153198,0.8145,4.9
ENSPD004685,Female,21.0,GenieCivil,5,0.3903576982892689,39.0,0.8953229398663696,0.49700000000000005,0.7140000000000001,0.0,4.0,17.1,Yes,No,Low,1.0,Yes,Salle 29,70.0,0.6291666666666667,1.0,0.6204262156722313,0.6055,4.0
ENSPD004686,Male,24.0,Informatique,1,0.9082426127527216,6.0,0.45991091314031185,0.738,0.16899999999999998,1.0,0.5,2.8,Yes,No,Low,2.0,Yes,Salle 20,248.0,0.24305555555555558,0.0,3.736615871701047,0.4535,1.5
ENSPD004687,Male,23.0,GenieCivil,1,0.541213063763608,30.0,0.9298440979955458,0.47700000000000004,0.886,2.0,4.3,22.5,No,No,Middle,1.0,Yes,Salle 26,149.0,0.7083333333333333,1.0,0.7640547151291155,0.6815,6.3
ENSPD004688,Male,21.0,Mecanique,1,0.6765163297045101,21.0,0.8106904231625836,0.6779999999999999,0.742,0.0,3.3,18.0,Yes,Yes,High,2.0,Yes,Salle 16,186.0,0.6486111111111111,1.0,1.0430069544693257,0.71,3.3
ENSPD004689,Male,19.0,Informatique,3,0.8320373250388803,11.0,0.8385300668151447,0.6559999999999999,0.625,3.0,2.7,17.8,Yes,No,Middle,1.0,No,Salle 16,263.0,0.6458333333333334,1.0,1.2882959103170744,0.6405,5.7
ENSPD004690,Male,21.0,Mecanique,2,0.9922239502332816,0.0,0.6614699331848551,0.762,0.753,1.0,2.3,19.8,Yes,No,Middle,2.0,Yes,Salle 30,231.0,0.726388888888889,1.0,1.3659491574264422,0.7575000000000001,3.3
ENSPD004691,Male,25.0,Mecanique,4,0.5178849144634526,31.0,0.8062360801781737,0.8370000000000001,0.778,1.0,3.3,13.6,Yes,No,Middle,1.0,Yes,Salle 23,178.0,0.7722222222222221,1.0,0.6706336508118708,0.8075000000000001,4.3
ENSPD004692,Male,24.0,Energetique,1,0.6360808709175737,23.0,0.44209354120267264,0.516,0.557,2.0,1.4,20.4,No,Yes,Middle,2.0,Yes,Salle 20,83.0,0.41527777777777775,1.0,1.5316628732038997,0.5365,3.4
ENSPD004693,Male,20.0,Informatique,1,0.9782270606531881,1.0,0.49888641425389757,0.875,0.635,0.0,3.4,19.1,No,No,Middle,4.0,No,Salle 1,248.0,0.6833333333333333,1.0,1.4315308468459313,0.755,3.4
ENSPD004694,Male,20.0,GenieCivil,2,0.8071539657853809,12.0,0.7383073496659243,0.888,0.85,0.0,0.3,7.0,Yes,No,Low,2.0,Yes,Salle 14,177.0,0.7708333333333333,1.0,1.0471050742503418,0.869,0.3
ENSPD004695,Male,25.0,Energetique,3,0.8460342146189735,10.0,0.6592427616926504,0.5750000000000001,0.731,0.0,1.4,15.7,Yes,No,Middle,0.0,Yes,Salle 26,104.0,0.6277777777777779,1.0,1.3476436537419336,0.653,1.4
ENSPD004696,Female,20.0,Chimie,3,0.5241057542768274,31.0,0.5857461024498887,0.616,0.589,0.0,3.7,19.7,No,No,Middle,3.0,Yes,Salle 15,130.0,0.525,1.0,0.9982776600004332,0.6025,3.7
ENSPD004697,Male,23.0,Energetique,1,0.6485225505443236,23.0,0.19265033407572385,0.531,0.6990000000000001,1.0,0.4,7.4,Yes,No,Low,0.0,No,Salle 1,83.0,0.3930555555555556,1.0,1.6499093888491634,0.615,1.4
ENSPD004698,Male,21.0,Energetique,5,0.6889580093312596,20.0,0.5378619153674833,0.5650000000000001,0.9159999999999999,2.0,0.5,9.1,No,No,Low,2.0,Yes,Salle 8,40.0,0.6305555555555554,1.0,1.0926033039090726,0.7404999999999999,2.5
ENSPD004699,Male,25.0,GenieCivil,2,0.5598755832037324,28.0,0.6113585746102449,0.40299999999999997,0.797,0.0,3.1,14.6,Yes,No,Low,2.0,Yes,Salle 23,177.0,0.44027777777777777,1.0,1.2716128211179032,0.6,3.1
ENSPD004700,Other,20.0,Electrique,4,0.40746500777604966,38.0,0.692650334075724,0.76,0.40700000000000003,2.0,0.8,11.5,Yes,Yes,Low,0.0,Yes,Salle 25,157.0,0.41666666666666674,1.0,0.9778925492413372,0.5835,2.8
ENSPD004701,Male,24.0,Informatique,3,0.7231726283048211,24.0,0.5779510022271716,0.251,0.757,1.0,1.4,11.1,Yes,No,Middle,1.0,Yes,Salle 21,263.0,0.4708333333333333,1.0,1.535909244344873,0.504,2.4
ENSPD004702,Male,22.0,GenieCivil,2,0.9735614307931569,2.0,0.5055679287305123,0.495,0.731,1.0,0.9,9.5,No,No,Middle,2.0,Yes,Salle 16,177.0,0.5111111111111111,1.0,1.9047568367441536,0.613,1.9
ENSPD004703,Female,23.0,Chimie,4,0.7309486780715396,17.0,1.0,0.616,0.873,1.0,0.5,13.3,No,No,Middle,1.0,Yes,Salle 22,93.0,0.8319444444444444,1.0,0.8785921908977198,0.7444999999999999,1.5
ENSPD004704,Female,18.0,GenieCivil,4,0.7231726283048211,2.0,0.7839643652561247,0.8540000000000001,0.647,3.0,5.6,28.3,Yes,No,Middle,1.0,Yes,Salle 26,173.0,0.6972222222222222,1.0,1.0372048296906324,0.7505000000000001,8.6
ENSPD004705,Male,18.0,Electrique,2,0.7527216174183514,16.0,0.7861915367483296,0.522,0.5660000000000001,1.0,3.3,19.7,Yes,No,Low,3.0,Yes,Salle 24,185.0,0.623611111111111,1.0,1.207017536781622,0.544,4.3
ENSPD004706,Male,22.0,Chimie,3,0.5769828926905131,27.0,0.977728285077951,0.6970000000000001,0.36600000000000005,1.0,0.6,3.5,No,No,Middle,0.0,Yes,Salle 3,130.0,0.5722222222222223,1.0,1.008301997482494,0.5315000000000001,1.6
ENSPD004707,Female,22.0,Mecanique,2,0.9580093312597201,3.0,0.7438752783964365,0.605,0.501,1.0,0.2,10.0,Yes,Yes,High,1.0,No,Salle 19,231.0,0.5152777777777777,1.0,1.8591734028530944,0.5529999999999999,1.2
ENSPD004708,Male,20.0,Telecom,3,0.7589424572317262,16.0,0.48106904231625836,0.79,0.882,0.0,0.9,16.3,No,No,Middle,0.0,No,Salle 12,154.0,0.6319444444444444,1.0,1.2009448844036816,0.8360000000000001,0.9
ENSPD004709,Female,20.0,GenieCivil,2,0.8989113530326595,6.0,0.4621380846325167,0.688,0.68,1.0,1.1,10.0,Yes,No,Low,2.0,Yes,Salle 13,177.0,0.5722222222222223,1.0,1.5708855917651798,0.6839999999999999,2.1
ENSPD004710,Female,23.0,Informatique,4,0.52099533437014,31.0,0.7717149220489978,0.7690000000000001,0.62,1.0,0.0,0.0,No,No,Middle,1.0,Yes,Salle 16,230.0,0.6263888888888889,1.0,0.8317309363276258,0.6945000000000001,1.0
ENSPD004711,Male,23.0,Telecom,1,0.9144634525660965,6.0,0.26614699331848557,0.521,0.899,0.0,4.4,26.9,Yes,Yes,Middle,1.0,Yes,Salle 26,121.0,0.4277777777777778,1.0,2.137656801034487,0.71,4.4
ENSPD004712,Male,22.0,GenieCivil,1,0.9191290824261275,5.0,0.5968819599109131,0.43700000000000006,0.858,0.0,3.8,25.7,Yes,No,High,2.0,Yes,Salle 29,149.0,0.5527777777777778,1.0,1.662715999476421,0.6475,3.8
ENSPD004713,Male,24.0,Chimie,2,0.7744945567651632,14.0,0.24721603563474387,0.6859999999999999,0.493,1.0,3.8,11.5,Yes,No,Low,3.0,No,Salle 10,119.0,0.3388888888888889,0.0,2.285326338201977,0.5894999999999999,4.8
ENSPD004714,Female,20.0,GenieCivil,1,0.5692068429237945,28.0,0.6269487750556793,0.532,0.88,3.0,3.3,16.1,No,Yes,Middle,1.0,Yes,Salle 26,149.0,0.6861111111111111,1.0,0.829601121006196,0.706,6.3
ENSPD004715,Male,21.0,Mecanique,3,0.7107309486780716,19.0,0.7527839643652561,0.625,0.308,1.0,2.6,20.5,Yes,No,Middle,0.0,No,Salle 17,212.0,0.41527777777777775,1.0,1.71141792922783,0.4665,3.6
ENSPD004716,Male,25.0,Chimie,1,0.8335925349922239,11.0,0.6570155902004455,0.677,0.7320000000000001,1.0,2.0,17.8,No,No,Low,1.0,No,Salle 18,96.0,0.6833333333333333,1.0,1.2198736628130669,0.7045000000000001,3.0
ENSPD004717,Female,22.0,Electrique,4,0.7636080870917573,15.0,0.7672605790645879,0.8440000000000001,0.708,1.0,1.4,32.0,Yes,No,Low,0.0,Yes,Salle 18,157.0,0.7430555555555556,1.0,1.0276456516960244,0.776,2.4
ENSPD004718,Other,22.0,Mecanique,2,0.8320373250388803,11.0,0.9387527839643652,0.762,0.87,1.0,2.5,19.6,No,No,Low,0.0,No,Salle 16,231.0,0.8875,1.0,0.9374962817758452,0.8160000000000001,3.5
ENSPD004719,Male,27.0,Informatique,3,0.9082426127527216,6.0,0.6113585746102449,0.49700000000000005,0.716,1.0,2.0,10.1,No,No,Middle,1.0,Yes,Salle 11,263.0,0.5708333333333333,1.0,1.5910540768676549,0.6065,3.0
ENSPD004720,Female,19.0,Telecom,3,0.5987558320373251,26.0,1.0,0.414,0.5910000000000001,2.0,3.1,22.6,Yes,Yes,Low,1.0,No,Salle 7,154.0,0.6402777777777777,1.0,0.9351355012825703,0.5025000000000001,5.1
ENSPD004721,Male,24.0,Informatique,5,0.5038880248833592,32.0,0.645879732739421,0.927,0.6070000000000001,1.0,0.6,8.5,No,Yes,Middle,2.0,Yes,Salle 24,109.0,0.5416666666666667,1.0,0.9302376415512805,0.7670000000000001,1.6
ENSPD004722,Male,25.0,Telecom,5,0.7122861586314152,18.0,0.7683741648106904,0.335,1.0,1.0,6.8,31.0,No,No,Middle,3.0,Yes,Salle 12,60.0,0.6722222222222222,1.0,1.0595834818461771,0.6675,7.8
ENSPD004723,Male,21.0,Mecanique,4,0.6578538102643857,22.0,0.5077951002227171,0.539,0.657,1.0,0.0,5.5,Yes,No,Middle,1.0,No,Salle 16,178.0,0.49583333333333335,1.0,1.3267372293622024,0.5980000000000001,1.0
ENSPD004724,Male,24.0,Electrique,4,0.7231726283048211,9.0,0.8808463251670379,0.736,0.7590000000000001,3.0,2.1,16.6,No,No,Middle,0.0,No,Salle 11,157.0,0.8125,1.0,0.8900476650192873,0.7475,5.1
ENSPD004725,Male,20.0,Telecom,2,0.5194401244167962,31.0,0.7839643652561247,0.915,0.23600000000000002,1.0,0.2,7.0,No,No,Low,0.0,Yes,Salle 30,161.0,0.4986111111111111,1.0,1.041753172582871,0.5755,1.2
ENSPD004726,Male,21.0,Informatique,4,0.9097978227060654,6.0,0.856347438752784,0.5860000000000001,0.47500000000000003,2.0,3.8,27.5,Yes,No,Low,1.0,Yes,Salle 1,230.0,0.513888888888889,1.0,1.7703829340303838,0.5305000000000001,5.8
ENSPD004727,Female,23.0,Electrique,5,0.7231726283048211,2.0,0.6191536748329621,0.625,0.7440000000000001,1.0,6.9,37.5,Yes,No,Middle,0.0,No,Salle 1,80.0,0.5916666666666666,1.0,1.2222429395077625,0.6845000000000001,7.9
ENSPD004728,Female,24.0,Chimie,1,0.7200622083981337,18.0,0.40089086859688206,0.462,0.317,1.0,1.1,11.5,Yes,No,Middle,1.0,Yes,Salle 5,96.0,0.20972222222222214,0.0,3.433245501185748,0.3895,2.1
ENSPD004729,Female,24.0,Chimie,3,0.7309486780715396,17.0,0.6870824053452117,0.643,0.75,0.0,3.9,24.3,Yes,Yes,Low,2.0,Yes,Salle 17,130.0,0.6541666666666666,1.0,1.1173566947840896,0.6965,3.9
ENSPD004730,Male,25.0,GenieCivil,1,0.5769828926905131,27.0,0.32628062360801785,0.413,0.495,1.0,0.8,12.2,Yes,No,Middle,0.0,Yes,Salle 28,149.0,0.26388888888888895,0.0,2.186378635847322,0.45399999999999996,1.8
ENSPD004731,Male,22.0,Electrique,3,0.6189735614307931,24.0,0.5545657015590201,0.485,0.433,4.0,0.3,8.7,No,No,Middle,1.0,Yes,Salle 2,188.0,0.33333333333333337,0.0,1.8568649783430287,0.45899999999999996,4.3
ENSPD004732,Male,24.0,Chimie,2,0.6438569206842922,23.0,0.6425389755011137,0.758,0.494,1.0,0.6,3.6,Yes,No,Middle,1.0,No,Salle 16,119.0,0.5166666666666666,1.0,1.2461505661521888,0.626,1.6
ENSPD004733,Female,21.0,Telecom,3,0.989113530326594,1.0,1.0,0.542,0.946,1.0,0.7,12.3,No,No,Middle,0.0,No,Salle 19,154.0,0.8999999999999999,1.0,1.099002822553743,0.744,1.7
ENSPD004734,Female,24.0,Chimie,3,0.7060653188180402,19.0,0.6636971046770601,0.785,0.7070000000000001,1.0,2.0,14.0,Yes,No,Middle,1.0,No,Salle 13,130.0,0.6083333333333333,1.0,1.1606362396531131,0.746,3.0
ENSPD004735,Male,22.0,Mecanique,5,0.47278382581648504,34.0,0.6336302895322939,0.616,0.45799999999999996,0.0,3.2,13.8,Yes,No,Middle,0.0,Yes,Salle 17,67.0,0.44861111111111107,1.0,1.0538599591212494,0.5369999999999999,3.2
ENSPD004736,Male,23.0,Energetique,3,0.7682737169517885,15.0,0.6113585746102449,0.374,0.795,1.0,0.5,8.4,Yes,No,Low,1.0,Yes,Salle 9,104.0,0.4652777777777778,1.0,1.651179664811048,0.5845,1.5
ENSPD004737,Male,23.0,GenieCivil,4,0.8740279937791603,8.0,0.38641425389755013,0.8300000000000001,0.635,3.0,1.4,10.3,No,No,Middle,0.0,Yes,Salle 4,173.0,0.638888888888889,1.0,1.3680224038254083,0.7325,4.4
ENSPD004738,Male,19.0,Informatique,2,0.7153965785381026,18.0,0.6247216035634744,0.383,0.564,0.0,0.5,3.6,No,No,Low,0.0,No,Salle 27,298.0,0.3847222222222222,1.0,1.859466239676925,0.4735,0.5
ENSPD004739,Male,20.0,Mecanique,2,0.9937791601866252,0.0,0.6269487750556793,0.512,0.8320000000000001,1.0,0.7,4.4,Yes,Yes,Middle,1.0,No,Salle 14,231.0,0.5652777777777778,1.0,1.7580057437174825,0.672,1.7
ENSPD004740,Female,22.0,Informatique,3,0.864696734059098,9.0,0.4487750556792873,0.584,0.841,1.0,0.7,10.7,Yes,No,Middle,0.0,No,Salle 16,263.0,0.5486111111111112,1.0,1.576127342799196,0.7124999999999999,1.7
ENSPD004741,Female,19.0,Informatique,2,0.5241057542768274,31.0,0.41202672605790647,0.8009999999999999,0.81,1.0,0.5,8.5,No,Yes,Low,0.0,No,Salle 13,298.0,0.7027777777777777,1.0,0.7457525171169813,0.8055,1.5
ENSPD004742,Male,24.0,Mecanique,2,0.6174183514774495,25.0,0.5300668151447662,0.525,0.505,1.0,1.4,13.5,Yes,No,High,1.0,Yes,Salle 30,231.0,0.3847222222222222,1.0,1.6048002111994333,0.515,2.4
ENSPD004743,Male,24.0,Informatique,3,0.7620528771384137,15.0,0.6213808463251671,0.45299999999999996,0.40399999999999997,0.0,3.9,20.9,No,No,Middle,0.0,Yes,Salle 30,263.0,0.22499999999999998,0.0,3.3867511538972215,0.4285,3.9
ENSPD004744,Other,23.0,Electrique,3,0.40902021772939345,38.0,0.5334075723830736,0.649,0.30100000000000005,3.0,0.2,11.5,Yes,No,Low,0.0,Yes,Salle 15,188.0,0.31805555555555554,0.0,1.2859619992959317,0.47500000000000003,3.2
ENSPD004745,Male,20.0,Informatique,3,0.7822706065318817,14.0,0.4342984409799555,0.5810000000000001,0.509,1.0,4.0,19.6,No,No,Middle,2.0,No,Salle 27,263.0,0.43194444444444435,1.0,1.8110025642588177,0.545,5.0
ENSPD004746,Male,25.0,Informatique,2,0.3919129082426127,39.0,0.6581291759465479,0.536,0.5660000000000001,0.0,1.4,13.3,No,Yes,Middle,1.0,Yes,Salle 22,298.0,0.4736111111111111,1.0,0.8274819239437794,0.551,1.4
ENSPD004747,Male,26.0,Informatique,2,0.9113530326594089,6.0,0.700445434298441,0.659,0.583,0.0,2.2,12.0,Yes,No,Low,2.0,Yes,Salle 22,298.0,0.5208333333333334,1.0,1.7497642272329024,0.621,2.2
ENSPD004748,Male,22.0,Informatique,3,0.8895800933125974,7.0,0.6302895322939867,0.616,0.631,2.0,3.4,13.0,No,No,Low,1.0,Yes,Salle 19,263.0,0.3583333333333333,0.0,2.482479819109971,0.6234999999999999,5.4
ENSPD004749,Male,23.0,Mecanique,1,0.8149300155520994,12.0,0.5167037861915368,0.31,0.9870000000000001,2.0,0.7,7.3,No,No,Low,0.0,No,Salle 24,186.0,0.5611111111111111,1.0,1.452324639752736,0.6485000000000001,2.7
ENSPD004750,Female,22.0,Electrique,2,0.5940902021772939,26.0,0.7093541202672606,1.0,0.5720000000000001,0.0,6.2,11.5,Yes,No,Middle,1.0,Yes,Salle 14,185.0,0.6763888888888889,0.0,0.8783133916041727,0.786,6.2
ENSPD004751,Male,23.0,Energetique,1,0.7511664074650078,16.0,0.5779510022271716,0.639,0.63,0.0,0.2,12.9,No,No,High,0.0,Yes,Salle 6,83.0,0.4736111111111111,1.0,1.586007020892244,0.6345000000000001,0.2
ENSPD004752,Male,22.0,Telecom,1,0.6236391912908242,24.0,0.6113585746102449,0.6509999999999999,0.276,2.0,1.5,12.8,Yes,No,Middle,2.0,No,Salle 6,121.0,0.24722222222222223,0.0,2.5224834598229364,0.46349999999999997,3.5
ENSPD004753,Female,22.0,Telecom,2,0.5272161741835147,30.0,0.7828507795100222,0.479,1.0,1.0,1.4,4.3,Yes,No,Middle,2.0,Yes,Salle 13,161.0,0.6569444444444444,1.0,0.8025155756870733,0.7395,2.4
ENSPD004754,Male,24.0,Informatique,1,0.6562986003110421,22.0,0.6692650334075724,0.782,0.37700000000000006,0.0,1.0,9.3,Yes,No,Middle,2.0,No,Salle 17,248.0,0.5791666666666667,1.0,1.1331578740701607,0.5795,1.0
ENSPD004755,Female,27.0,Mecanique,2,0.8506998444790047,10.0,0.5902004454342985,0.524,0.499,2.0,1.2,6.2,Yes,No,Middle,1.0,Yes,Salle 28,231.0,0.4291666666666667,1.0,1.9821670434374452,0.5115000000000001,3.2
ENSPD004756,Female,19.0,Informatique,3,0.7278382581648523,18.0,0.34743875278396436,0.11800000000000001,0.779,0.0,4.9,23.6,Yes,No,Middle,1.0,Yes,Salle 23,263.0,0.275,0.0,2.6465883355690782,0.4485,4.9
ENSPD004757,Male,22.0,Chimie,1,0.9906687402799378,1.0,0.4855233853006682,0.518,0.6890000000000001,1.0,1.2,14.0,Yes,No,Low,1.0,No,Salle 28,96.0,0.48611111111111116,1.0,2.037905200240324,0.6035,2.2
ENSPD004758,Female,20.0,Informatique,2,0.8631415241057544,9.0,0.9476614699331849,0.569,0.9690000000000001,2.0,2.4,16.5,No,No,Middle,3.0,No,Salle 20,298.0,0.8402777777777777,1.0,1.027197523196655,0.769,4.4
ENSPD004759,Male,25.0,Electrique,5,0.8429237947122862,10.0,0.3585746102449889,0.589,0.784,2.0,6.1,22.8,No,No,Middle,1.0,Yes,Salle 24,80.0,0.4833333333333333,1.0,1.7439441833181788,0.6865,8.1
ENSPD004760,Other,21.0,Mecanique,4,0.41990668740279935,37.0,0.5679287305122495,0.584,0.624,1.0,1.4,7.5,Yes,No,Middle,1.0,No,Salle 13,178.0,0.4819444444444444,1.0,0.8712580457408825,0.604,2.4
ENSPD004761,Male,19.0,Mecanique,2,0.6671850699844478,21.0,0.6080178173719376,0.504,0.8490000000000001,2.0,1.0,5.7,Yes,No,Middle,0.0,No,Salle 19,231.0,0.6291666666666667,1.0,1.0604097471051288,0.6765000000000001,3.0
ENSPD004762,Other,23.0,Energetique,5,0.52099533437014,31.0,0.6113585746102449,0.48700000000000004,0.872,2.0,1.4,31.1,Yes,No,Middle,2.0,Yes,Salle 15,40.0,0.6291666666666667,1.0,0.828058893427082,0.6795,3.4
ENSPD004763,Female,25.0,Chimie,2,0.6858475894245722,20.0,0.3596881959910913,0.5660000000000001,0.508,0.0,3.5,20.2,Yes,No,Low,1.0,No,Salle 20,119.0,0.3736111111111111,1.0,1.83567675655407,0.537,3.5
ENSPD004764,Male,23.0,Telecom,1,0.7231726283048211,26.0,0.6391982182628062,0.324,0.833,0.0,5.6,31.6,No,No,Middle,2.0,Yes,Salle 28,121.0,0.5375,1.0,1.3454124170802797,0.5785,5.6
ENSPD004765,Male,22.0,Electrique,5,0.6500777604976672,22.0,0.32850779510022277,0.268,0.596,1.0,1.0,7.7,Yes,No,Middle,0.0,Yes,Salle 14,80.0,0.15416666666666662,0.0,4.216447109361559,0.432,2.0
ENSPD004766,Other,23.0,Telecom,4,0.9175738724727839,5.0,0.6269487750556793,0.638,0.619,1.0,2.4,12.1,Yes,No,Middle,0.0,No,Salle 11,121.0,0.4555555555555555,1.0,2.0141423364499453,0.6285000000000001,3.4
ENSPD004767,Female,25.0,Electrique,2,0.8087091757387247,12.0,0.5011135857461025,0.6409999999999999,0.669,2.0,0.6,10.7,No,No,Middle,2.0,Yes,Salle 1,185.0,0.5625,1.0,1.4376796425640874,0.655,2.6
ENSPD004768,Male,20.0,Energetique,3,0.9082426127527216,6.0,0.4654788418708241,0.778,0.564,1.0,4.0,22.3,No,No,Middle,1.0,Yes,Salle 17,104.0,0.5402777777777777,1.0,1.6810349041919008,0.671,5.0
ENSPD004769,Female,22.0,Mecanique,3,0.42146189735614303,37.0,0.7494432071269488,0.574,0.5529999999999999,1.0,5.4,24.5,No,No,Low,0.0,No,Salle 12,212.0,0.4847222222222223,1.0,0.8694736558341001,0.5634999999999999,6.4
ENSPD004770,Male,21.0,Electrique,1,0.7309486780715396,17.0,0.5712694877505569,0.405,0.8370000000000001,1.0,1.4,5.8,Yes,No,Middle,1.0,No,Salle 19,143.0,0.48611111111111116,1.0,1.5036349201145247,0.621,2.4
ENSPD004771,Male,20.0,Electrique,1,0.900466562986003,6.0,0.6893095768374164,0.271,0.334,0.0,1.4,4.6,Yes,No,Middle,4.0,Yes,Salle 25,143.0,0.23611111111111116,0.0,3.8135792210560613,0.3025,1.4
ENSPD004772,Male,21.0,Mecanique,2,0.9999999999999999,0.0,0.6948775055679287,0.46,0.428,1.0,0.4,11.0,Yes,No,Low,1.0,Yes,Salle 22,231.0,0.45000000000000007,1.0,2.2221728406035415,0.444,1.4
ENSPD004773,Male,24.0,Telecom,5,0.43079315707620525,37.0,0.8218262806236081,0.696,0.775,1.0,2.0,14.8,No,No,Middle,2.0,Yes,Salle 2,60.0,0.6847222222222222,1.0,0.6291410614183075,0.7355,3.0
ENSPD004774,Female,23.0,Energetique,1,0.6547433903576981,22.0,0.40868596881959907,0.8790000000000001,0.625,2.0,0.6,14.7,Yes,Yes,Low,1.0,Yes,Salle 2,83.0,0.5305555555555556,1.0,1.234048052124522,0.752,2.6
ENSPD004775,Male,23.0,GenieCivil,4,0.9129082426127527,6.0,0.7639198218262806,0.63,0.838,1.0,1.4,15.2,No,No,Middle,1.0,No,Salle 7,173.0,0.7277777777777776,1.0,1.2543605024533673,0.734,2.4
ENSPD004776,Female,22.0,Mecanique,1,0.6842923794712287,20.0,0.6124721603563474,0.402,0.7120000000000001,1.0,0.9,5.1,Yes,No,Low,2.0,No,Salle 26,186.0,0.49583333333333335,1.0,1.3800576381072556,0.557,1.9
ENSPD004777,Male,23.0,GenieCivil,3,0.5505443234836701,29.0,0.5467706013363028,0.462,0.373,0.0,5.0,18.3,No,No,High,1.0,Yes,Salle 15,185.0,0.2847222222222222,0.0,1.933551177267152,0.4175,5.0
ENSPD004778,Male,20.0,Telecom,3,0.43079315707620525,37.0,0.41870824053452116,0.467,0.653,1.0,1.2,7.3,Yes,No,Low,2.0,No,Salle 13,154.0,0.4013888888888889,1.0,1.0732295703874082,0.56,2.2
ENSPD004779,Male,21.0,Electrique,3,0.5427682737169516,29.0,0.7115812917594654,0.547,0.747,0.0,1.4,4.1,Yes,No,High,2.0,Yes,Salle 12,188.0,0.6319444444444444,1.0,0.8588724685591902,0.647,1.4
ENSPD004780,Male,22.0,Informatique,1,0.4043545878693624,38.0,0.45657015590200445,0.8220000000000001,0.687,0.0,0.9,5.5,Yes,No,Middle,1.0,No,Salle 11,248.0,0.5652777777777778,1.0,0.7153075013560963,0.7545000000000001,0.9
ENSPD004781,Male,23.0,GenieCivil,2,0.7309486780715396,17.0,0.6971046770601336,0.836,0.546,0.0,1.4,5.9,Yes,No,Low,2.0,Yes,Salle 29,177.0,0.6138888888888889,1.0,1.1906662339697374,0.6910000000000001,1.4
ENSPD004782,Male,23.0,Informatique,3,0.8880248833592533,7.0,0.9320712694877507,0.616,0.585,1.0,1.4,5.4,Yes,Yes,Middle,0.0,No,Salle 11,263.0,0.6347222222222223,1.0,1.3990543606723536,0.6005,2.4
ENSPD004783,Male,22.0,Chimie,1,0.48522550544323495,33.0,0.7739420935412027,0.653,0.528,3.0,3.0,20.1,Yes,No,High,2.0,Yes,Salle 26,96.0,0.5847222222222221,1.0,0.8298251524418804,0.5905,6.0
ENSPD004784,Male,21.0,Mecanique,1,0.7682737169517885,15.0,0.8429844097995547,0.47600000000000003,0.635,2.0,6.1,11.5,Yes,No,Middle,1.0,Yes,Salle 19,186.0,0.46944444444444444,1.0,1.6365245361793703,0.5555,8.1
ENSPD004785,Male,28.0,GenieCivil,3,0.8771384136858474,8.0,0.489977728285078,0.312,0.34700000000000003,1.0,1.4,9.0,Yes,Yes,Low,0.0,Yes,Salle 4,185.0,0.22499999999999998,0.0,3.8982196955061887,0.3295,2.4
ENSPD004786,Male,24.0,Chimie,3,0.7200622083981337,18.0,0.7371937639198219,0.9420000000000001,0.718,1.0,3.2,14.0,Yes,No,Low,1.0,Yes,Salle 1,130.0,0.7916666666666667,1.0,0.9095407743036513,0.8300000000000001,4.2
ENSPD004787,Female,23.0,Informatique,1,0.41990668740279935,37.0,0.6113585746102449,0.20199999999999999,0.466,1.0,0.6,10.3,Yes,No,Low,1.0,Yes,Salle 13,248.0,0.21944444444444444,0.0,1.9134116352293788,0.334,1.6
ENSPD004788,Female,22.0,Informatique,3,0.7916018662519438,13.0,0.5712694877505569,0.29,0.755,0.0,1.4,17.0,Yes,No,Low,2.0,Yes,Salle 27,263.0,0.4527777777777777,1.0,1.7482845277693242,0.5225,1.4
ENSPD004789,Male,21.0,Mecanique,5,0.7091757387247278,19.0,0.9008908685968819,0.943,0.521,3.0,0.8,7.3,No,No,Middle,2.0,No,Salle 12,67.0,0.7041666666666668,1.0,1.0070991731119479,0.732,3.8
ENSPD004790,Male,22.0,Mecanique,1,0.6905132192846034,20.0,0.5089086859688196,0.623,0.37700000000000006,2.0,0.2,3.3,Yes,No,Middle,0.0,Yes,Salle 3,186.0,0.29999999999999993,0.0,2.301634009815018,0.5,2.2
ENSPD004791,Male,23.0,Mecanique,3,0.6174183514774495,25.0,0.7962138084632517,0.41700000000000004,0.5579999999999999,3.0,1.9,12.0,Yes,No,Middle,3.0,Yes,Salle 28,212.0,0.4111111111111111,1.0,1.5017918924396556,0.4875,4.9
ENSPD004792,Female,18.0,Energetique,1,0.7356143079315708,17.0,0.779510022271715,0.743,1.0,1.0,4.5,25.3,No,Yes,Middle,1.0,No,Salle 20,83.0,0.8819444444444444,1.0,0.8340729076941663,0.8714999999999999,5.5
ENSPD004793,Male,19.0,Telecom,1,0.8149300155520994,12.0,0.7895322939866369,0.7590000000000001,0.621,2.0,1.4,1.1,Yes,Yes,Middle,2.0,Yes,Salle 13,121.0,0.7388888888888889,1.0,1.102897876565414,0.6900000000000001,3.4
ENSPD004794,Male,21.0,Telecom,1,0.9999999999999999,0.0,0.3986636971046771,0.38,0.7690000000000001,0.0,0.0,13.9,Yes,No,High,2.0,Yes,Salle 14,121.0,0.4722222222222222,1.0,2.1176022154824956,0.5745,0.0
ENSPD004795,Male,22.0,Energetique,2,0.7402799377916017,17.0,0.6982182628062361,0.524,0.674,1.0,4.3,31.1,No,No,Middle,2.0,Yes,Salle 25,71.0,0.5430555555555555,1.0,1.363150231530144,0.599,5.3
ENSPD004796,Male,22.0,Mecanique,4,0.9999999999999999,0.0,0.5846325167037862,0.778,0.359,2.0,2.4,12.6,Yes,No,Middle,1.0,Yes,Salle 11,178.0,0.46944444444444444,1.0,2.1301321391970345,0.5685,4.4
ENSPD004797,Male,25.0,Mecanique,2,0.7869362363919129,14.0,0.7917594654788419,0.473,0.93,2.0,3.3,22.2,Yes,No,Middle,3.0,Yes,Salle 10,231.0,0.7124999999999999,1.0,1.1044564095829013,0.7015,5.3
ENSPD004798,Female,19.0,Mecanique,3,0.7013996889580093,19.0,0.334075723830735,0.6709999999999999,0.59,1.0,0.1,11.5,Yes,No,Low,1.0,No,Salle 5,212.0,0.37222222222222223,1.0,1.8843067501536028,0.6305,1.1
ENSPD004799,Male,20.0,Telecom,2,0.7480559875583203,16.0,0.6714922048997773,0.876,0.378,1.0,4.4,16.0,Yes,No,Middle,1.0,Yes,Salle 8,161.0,0.5527777777777778,1.0,1.3532426323995912,0.627,5.4
ENSPD004800,Female,25.0,Electrique,2,0.49144634525660946,33.0,0.6481069042316259,0.189,0.538,3.0,1.1,17.1,Yes,No,Middle,0.0,Yes,Salle 16,185.0,0.32361111111111107,0.0,1.5185855569474198,0.36350000000000005,4.1
ENSPD004801,Male,22.0,Mecanique,3,0.7776049766718508,14.0,0.27728285077951004,0.616,0.599,1.0,4.6,11.5,Yes,No,Middle,2.0,Yes,Salle 5,212.0,0.2972222222222223,0.0,2.6161530229063903,0.6074999999999999,5.6
ENSPD004802,Male,24.0,Mecanique,4,0.3483670295489891,42.0,0.4621380846325167,0.667,0.79,1.0,0.1,6.0,Yes,No,Middle,0.0,No,Salle 21,178.0,0.5694444444444444,1.0,0.6117557478875303,0.7285,1.1
ENSPD004803,Female,26.0,GenieCivil,4,0.5583203732503886,28.0,0.30400890868596886,0.297,0.504,0.0,4.3,25.2,Yes,No,Low,0.0,Yes,Salle 8,173.0,0.23888888888888882,0.0,2.337057220513327,0.40049999999999997,4.3
ENSPD004804,Male,21.0,GenieCivil,4,0.7402799377916017,17.0,0.4888641425389756,0.525,1.0,3.0,2.2,11.5,Yes,No,Middle,2.0,Yes,Salle 3,173.0,0.5916666666666666,1.0,1.2511562133455805,0.7625,5.2
ENSPD004805,Female,22.0,Telecom,2,0.942457231726283,4.0,0.7015590200445435,0.8079999999999999,0.45299999999999996,2.0,1.6,11.8,Yes,Yes,Middle,0.0,Yes,Salle 5,161.0,0.6013888888888889,1.0,1.5671083687359562,0.6305,3.6
ENSPD004806,Male,21.0,Mecanique,4,0.9875583203732504,1.0,0.6113585746102449,0.493,0.762,0.0,0.1,6.4,Yes,No,High,2.0,No,Salle 13,178.0,0.5708333333333333,1.0,1.729998867826988,0.6275,0.1
ENSPD004807,Male,18.0,Telecom,1,0.6765163297045101,21.0,0.6380846325167038,0.353,0.245,0.0,2.3,8.4,No,No,Middle,0.0,Yes,Salle 13,121.0,0.2583333333333333,0.0,2.6186715212488942,0.299,2.3
ENSPD004808,Female,21.0,GenieCivil,4,0.749611197511664,16.0,0.4365256124721604,0.8240000000000001,0.615,1.0,1.8,16.8,Yes,No,Middle,0.0,Yes,Salle 5,173.0,0.5402777777777777,1.0,1.3874294928433155,0.7195,2.8
ENSPD004809,Male,24.0,Chimie,5,0.9035769828926904,6.0,0.7973273942093541,0.7000000000000001,0.713,1.0,2.6,13.6,Yes,Yes,Middle,0.0,Yes,Salle 1,48.0,0.7694444444444444,0.0,1.1743086149110287,0.7065,3.6
ENSPD004810,Female,23.0,Energetique,1,0.47122861586314146,34.0,0.6069042316258353,0.616,0.41600000000000004,5.0,1.4,10.3,No,Yes,Middle,1.0,Yes,Salle 16,83.0,0.38611111111111107,1.0,1.220416605834172,0.516,6.4
ENSPD004811,Male,23.0,Telecom,2,0.7962674961119752,13.0,0.6158129175946548,0.6020000000000001,0.9400000000000001,1.0,1.2,16.6,Yes,No,Middle,1.0,Yes,Salle 19,161.0,0.7180555555555557,1.0,1.108906408267858,0.7710000000000001,2.2
ENSPD004812,Female,21.0,Informatique,3,0.5660964230171072,28.0,0.7672605790645879,0.805,0.7270000000000001,2.0,0.5,12.0,No,Yes,Middle,1.0,Yes,Salle 20,263.0,0.6138888888888889,1.0,0.9221329982233709,0.766,2.5
ENSPD004813,Male,21.0,Informatique,3,0.687402799377916,20.0,0.4443207126948775,0.6729999999999999,0.5760000000000001,0.0,5.0,24.2,Yes,Yes,Middle,0.0,Yes,Salle 10,263.0,0.4222222222222223,1.0,1.6280207032994596,0.6245,5.0
ENSPD004814,Male,25.0,GenieCivil,1,0.6345256609642301,24.0,0.6481069042316259,0.736,0.725,1.0,5.2,20.8,Yes,No,Low,3.0,No,Salle 6,149.0,0.6625000000000001,1.0,0.9577601258309008,0.7304999999999999,6.2
ENSPD004815,Female,21.0,GenieCivil,5,0.8009331259720062,13.0,0.6815144766146994,0.495,0.521,2.0,0.5,9.1,No,No,Middle,2.0,Yes,Salle 28,70.0,0.5,1.0,1.6018342152597074,0.508,2.5
ENSPD004816,Female,23.0,Electrique,3,0.822706065318818,11.0,0.5189309576837416,0.275,0.89,1.0,2.0,13.3,Yes,No,Middle,0.0,No,Salle 22,188.0,0.4361111111111111,0.0,1.8864165121995575,0.5825,3.0
ENSPD004817,Female,22.0,Energetique,1,0.8864696734059098,7.0,0.7193763919821826,0.7320000000000001,0.843,4.0,0.5,15.8,Yes,No,Middle,0.0,Yes,Salle 16,83.0,0.7375,1.0,1.2019764795133758,0.7875000000000001,4.5
ENSPD004818,Female,25.0,Informatique,1,0.7853810264385693,14.0,0.690423162583519,0.818,0.715,3.0,3.9,26.0,No,Yes,Low,0.0,Yes,Salle 21,248.0,0.7541666666666667,1.0,1.0413753980348142,0.7665,6.9
ENSPD004819,Female,24.0,GenieCivil,4,0.7527216174183514,16.0,0.5935412026726058,0.58,0.762,2.0,0.2,4.0,Yes,No,Middle,1.0,No,Salle 11,173.0,0.5736111111111111,1.0,1.3122278849889617,0.671,2.2
ENSPD004820,Male,19.0,Informatique,1,0.9999999999999999,0.0,0.5879732739420935,0.78,0.34500000000000003,4.0,9.3,48.1,Yes,Yes,Low,0.0,Yes,Salle 2,248.0,0.43194444444444435,1.0,2.3150589439730016,0.5625,13.3
ENSPD004821,Male,20.0,Telecom,1,0.4354587869362364,36.0,0.6982182628062361,0.56,0.9329999999999999,1.0,1.9,18.0,No,No,Middle,1.0,Yes,Salle 4,121.0,0.6097222222222222,1.0,0.7141803747047663,0.7464999999999999,2.9
ENSPD004822,Male,23.0,Energetique,3,0.9999999999999999,0.0,0.7416481069042317,0.604,0.62,1.0,0.0,0.0,Yes,No,Low,1.0,No,Salle 27,104.0,0.5847222222222221,1.0,1.7101845289106696,0.612,1.0
ENSPD004823,Male,22.0,GenieCivil,3,0.6656298600311042,22.0,0.6202672605790647,0.935,0.845,1.0,4.3,24.6,Yes,Yes,Middle,1.0,No,Salle 13,185.0,0.8166666666666667,1.0,0.8150469912994179,0.89,5.3
ENSPD004824,Male,21.0,Informatique,3,0.8273716951788491,11.0,0.7973273942093541,0.616,0.79,2.0,2.3,19.1,Yes,No,Middle,1.0,Yes,Salle 5,263.0,0.7013888888888888,1.0,1.1796022324607875,0.7030000000000001,4.3
ENSPD004825,Male,24.0,Chimie,2,0.6594090202177293,22.0,0.7204899777282852,0.557,0.8420000000000001,2.0,2.4,13.0,Yes,Yes,High,0.0,Yes,Salle 7,119.0,0.6708333333333333,1.0,0.9829553152763875,0.6995,4.4
ENSPD004826,Male,22.0,Electrique,4,0.5894245723172628,26.0,0.31180400890868604,0.28300000000000003,0.43,1.0,0.6,2.5,Yes,No,Middle,2.0,Yes,Salle 13,157.0,0.23472222222222228,0.0,2.5110509615473724,0.35650000000000004,1.6
ENSPD004827,Female,22.0,Mecanique,5,0.8102643856920683,12.0,0.3752783964365256,0.7440000000000001,0.456,1.0,0.8,20.3,Yes,Yes,Low,1.0,Yes,Salle 22,67.0,0.44305555555555554,1.0,1.8287686224583306,0.6000000000000001,1.8
ENSPD004828,Male,24.0,Telecom,2,0.9144634525660965,6.0,0.8073496659242763,0.49200000000000005,1.0,1.0,4.9,31.0,Yes,No,Middle,2.0,Yes,Salle 2,161.0,0.7708333333333333,1.0,1.1863155754512547,0.746,5.9
ENSPD004829,Male,21.0,Energetique,3,0.8087091757387247,12.0,0.5690423162583519,0.647,0.336,1.0,2.0,14.2,Yes,No,Low,1.0,Yes,Salle 8,104.0,0.37777777777777777,1.0,2.1406440951999866,0.49150000000000005,3.0
ENSPD004830,Male,25.0,Electrique,5,0.6189735614307931,24.0,0.6380846325167038,0.563,0.42,0.0,0.0,0.0,No,No,Low,1.0,Yes,Salle 26,80.0,0.3569444444444444,0.0,1.734040774850553,0.49149999999999994,0.0
ENSPD004831,Female,20.0,Electrique,3,0.9999999999999999,0.0,0.8006681514476615,0.54,0.649,1.0,0.8,6.7,Yes,No,High,2.0,Yes,Salle 29,188.0,0.5819444444444444,1.0,1.7183475606147103,0.5945,1.8
ENSPD004832,Male,23.0,Mecanique,3,0.9440124416796268,4.0,0.6091314031180401,0.599,0.649,1.0,1.8,20.2,No,No,Low,3.0,Yes,Salle 30,212.0,0.475,1.0,1.9873527750565816,0.624,2.8
ENSPD004833,Female,25.0,Electrique,2,0.8942457231726283,7.0,0.6169265033407572,0.613,0.635,2.0,1.4,11.7,No,No,Middle,1.0,Yes,Salle 26,185.0,0.5375,1.0,1.6636820211207761,0.624,3.4
ENSPD004834,Male,19.0,GenieCivil,3,0.6547433903576981,22.0,0.4654788418708241,0.8320000000000001,0.763,0.0,0.2,4.9,No,No,Middle,1.0,Yes,Salle 8,185.0,0.7097222222222221,1.0,0.9225217199631291,0.7975000000000001,0.2
ENSPD004835,Male,21.0,Mecanique,3,0.603421461897356,26.0,0.6714922048997773,0.8940000000000001,0.8200000000000001,2.0,0.1,3.6,Yes,No,Low,0.0,No,Salle 20,212.0,0.8374999999999999,1.0,0.7204946351653785,0.8570000000000001,2.1
ENSPD004836,Male,24.0,Informatique,3,0.6671850699844478,21.0,0.7082405345211581,0.737,0.636,0.0,2.0,19.0,No,No,High,0.0,Yes,Salle 17,263.0,0.6069444444444445,1.0,1.0992341782670914,0.6865,2.0
ENSPD004837,Male,24.0,Mecanique,5,0.9222395023328148,5.0,0.5133630289532294,0.8490000000000001,0.5860000000000001,2.0,0.8,7.4,Yes,No,Middle,2.0,Yes,Salle 3,67.0,0.5736111111111111,1.0,1.6077502805753188,0.7175,2.8
ENSPD004838,Male,22.0,Informatique,1,0.7231726283048211,30.0,0.45657015590200445,0.774,0.636,0.0,0.9,8.3,Yes,No,Middle,1.0,Yes,Salle 9,248.0,0.5361111111111111,1.0,1.3488978764631108,0.7050000000000001,0.9
ENSPD004839,Male,21.0,GenieCivil,1,0.52099533437014,31.0,1.0,0.7090000000000001,0.541,2.0,0.1,11.5,Yes,No,Low,1.0,Yes,Salle 6,149.0,0.6777777777777778,1.0,0.7686702998367664,0.625,2.1
ENSPD004840,Male,24.0,Electrique,1,0.8211508553654744,12.0,0.6113585746102449,0.882,0.3,2.0,2.7,18.4,Yes,No,Middle,2.0,No,Salle 1,143.0,0.3916666666666666,1.0,2.0965018476944617,0.591,4.7
ENSPD004841,Female,24.0,Electrique,4,0.7791601866251944,14.0,0.4955456570155903,0.384,0.7000000000000001,2.0,2.9,12.4,Yes,No,Middle,2.0,No,Salle 19,157.0,0.3763888888888889,1.0,2.0700384874281568,0.542,4.9
ENSPD004842,Female,20.0,Mecanique,1,0.5769828926905131,27.0,0.7282850779510022,0.49700000000000005,0.793,1.0,3.5,21.7,Yes,No,Middle,2.0,No,Salle 8,186.0,0.5361111111111111,1.0,1.0762174455221805,0.645,4.5
ENSPD004843,Male,20.0,GenieCivil,3,0.5163297045101088,31.0,0.601336302895323,0.47200000000000003,0.609,1.0,2.1,9.6,Yes,No,Middle,1.0,No,Salle 12,185.0,0.42361111111111116,1.0,1.2188479066962299,0.5405,3.1
ENSPD004844,Male,22.0,Telecom,2,0.989113530326594,1.0,0.42873051224944325,0.616,0.187,1.0,3.0,22.4,Yes,No,Middle,0.0,Yes,Salle 2,161.0,0.1972222222222222,0.0,5.014969253919152,0.40149999999999997,4.0
ENSPD004845,Male,23.0,GenieCivil,2,0.7869362363919129,14.0,0.690423162583519,0.743,0.526,1.0,1.7,10.7,No,No,Low,2.0,Yes,Salle 9,177.0,0.6027777777777776,1.0,1.305494678895137,0.6345000000000001,2.7
ENSPD004846,Male,21.0,Energetique,1,0.4650077760497665,34.0,0.46770601336302897,0.419,0.821,2.0,1.4,12.0,Yes,No,Middle,1.0,No,Salle 25,83.0,0.44166666666666665,1.0,1.0528239573060985,0.62,3.4
ENSPD004847,Female,23.0,GenieCivil,4,0.47900466562986,34.0,0.8730512249443206,0.711,0.35200000000000004,1.0,0.6,0.0,Yes,Yes,Middle,0.0,Yes,Salle 4,173.0,0.4388888888888889,1.0,1.0913781687679875,0.5315,1.6
ENSPD004848,Male,21.0,Electrique,3,0.6531881804043546,22.0,0.692650334075724,0.514,0.779,0.0,0.1,9.0,No,Yes,Middle,0.0,No,Salle 20,188.0,0.5777777777777777,1.0,1.1304984382268752,0.6465000000000001,0.1
ENSPD004849,Female,18.0,Informatique,5,0.8569206842923794,9.0,0.5634743875278396,0.5579999999999999,0.551,1.0,0.7,11.9,No,No,Middle,0.0,Yes,Salle 5,109.0,0.4625,1.0,1.8527614198447155,0.5545,1.7
ENSPD004850,Male,21.0,Electrique,3,0.7231726283048211,11.0,0.6280623608017817,0.6559999999999999,0.636,0.0,2.3,12.3,Yes,No,High,1.0,Yes,Salle 26,188.0,0.5375,1.0,1.3454124170802797,0.6459999999999999,2.3
ENSPD004851,Other,22.0,Telecom,1,0.9315707620528771,4.0,0.7605790645879733,0.923,0.503,2.0,5.2,20.5,No,Yes,Low,1.0,No,Salle 8,121.0,0.6791666666666665,0.0,1.3716177362584268,0.7130000000000001,7.2
ENSPD004852,Male,21.0,Energetique,1,0.44167962674961103,36.0,0.6414253897550111,0.616,0.413,0.0,0.6,2.0,No,Yes,Middle,3.0,Yes,Salle 20,83.0,0.29999999999999993,0.0,1.4722163486204163,0.5145,0.6
ENSPD004853,Female,20.0,Energetique,5,0.7620528771384137,15.0,0.9643652561247216,0.606,0.927,0.0,2.2,14.0,Yes,Yes,High,0.0,No,Salle 9,40.0,0.7388888888888889,1.0,1.031335800605063,0.7665,2.2
ENSPD004854,Male,18.0,Mecanique,4,0.9860031104199066,1.0,0.799554565701559,0.42600000000000005,0.635,3.0,1.3,6.0,No,Yes,Middle,0.0,Yes,Salle 3,178.0,0.6652777777777776,1.0,1.4820700805798597,0.5305,4.3
ENSPD004855,Female,21.0,Electrique,1,0.968895800933126,2.0,0.6915367483296213,0.49,0.7690000000000001,1.0,2.0,13.0,No,No,Middle,1.0,Yes,Salle 9,143.0,0.5930555555555557,1.0,1.6337077610678477,0.6295000000000001,3.0
ENSPD004856,Male,24.0,GenieCivil,3,0.7869362363919129,14.0,0.45322939866369716,0.424,0.8220000000000001,1.0,0.0,5.7,No,No,Middle,3.0,Yes,Salle 13,185.0,0.44305555555555554,1.0,1.7761169346716228,0.623,1.0
ENSPD004857,Male,25.0,Electrique,2,0.7231726283048211,0.0,0.5857461024498887,0.664,0.741,0.0,0.3,7.3,No,No,High,0.0,Yes,Salle 17,185.0,0.576388888888889,1.0,1.2546391782587656,0.7025,0.3
ENSPD004858,Female,24.0,Informatique,2,0.8335925349922239,11.0,0.690423162583519,0.6970000000000001,0.8290000000000001,1.0,0.5,13.0,Yes,Yes,High,0.0,Yes,Salle 8,298.0,0.6611111111111111,1.0,1.2608771993247188,0.7630000000000001,1.5
ENSPD004859,Female,20.0,Telecom,1,0.9144634525660965,6.0,0.47327394209354123,0.7440000000000001,0.507,0.0,4.5,28.5,No,No,Low,1.0,Yes,Salle 23,121.0,0.48749999999999993,1.0,1.8757839891819585,0.6255000000000001,4.5
ENSPD004860,Female,20.0,Telecom,4,0.7278382581648523,18.0,0.8262806236080179,0.484,0.9159999999999999,2.0,0.1,6.3,Yes,Yes,High,0.0,Yes,Salle 26,121.0,0.7388888888888889,1.0,0.9850309279248357,0.7,2.1
ENSPD004861,Female,23.0,GenieCivil,1,0.5738724727838257,27.0,0.4476614699331849,0.711,0.898,0.0,1.7,14.7,Yes,Yes,Middle,2.0,No,Salle 8,149.0,0.5972222222222222,1.0,0.9608866558614706,0.8045,1.7
ENSPD004862,Female,23.0,Mecanique,2,0.5567651632970451,28.0,0.6113585746102449,0.64,0.716,3.0,1.4,28.0,No,No,Middle,1.0,No,Salle 15,231.0,0.5583333333333333,1.0,0.9971734774249627,0.6779999999999999,4.4
ENSPD004863,Male,23.0,Informatique,2,0.7542768273716952,16.0,0.5167037861915368,0.61,0.5820000000000001,2.0,2.1,19.5,No,No,Middle,1.0,Yes,Salle 18,298.0,0.4097222222222222,1.0,1.8409019024200783,0.5960000000000001,4.1
ENSPD004864,Male,18.0,Electrique,1,0.6811819595645411,20.0,0.734966592427617,0.397,0.395,1.0,1.3,11.0,No,No,Middle,1.0,No,Salle 10,143.0,0.33333333333333337,0.0,2.0434845741563983,0.396,2.3
ENSPD004865,Male,20.0,Mecanique,3,0.3903576982892689,39.0,0.4755011135857461,0.648,0.6859999999999999,0.0,1.0,13.0,Yes,Yes,Middle,1.0,Yes,Salle 23,212.0,0.49444444444444435,1.0,0.7894715128465764,0.667,1.0
ENSPD004866,Female,22.0,Telecom,1,0.5287713841368585,30.0,0.30957683741648107,0.653,0.9770000000000001,1.0,2.0,22.1,Yes,No,Middle,1.0,No,Salle 4,121.0,0.638888888888889,1.0,0.8276292122787168,0.8150000000000001,3.0
ENSPD004867,Male,23.0,Electrique,2,0.6609642301710731,22.0,0.7917594654788419,0.638,0.408,0.0,1.3,12.2,No,No,Middle,3.0,Yes,Salle 17,185.0,0.4819444444444444,1.0,1.371424701629167,0.523,1.3
ENSPD004868,Male,24.0,Electrique,5,0.8553654743390359,9.0,0.5356347438752784,0.6920000000000001,0.8440000000000001,2.0,2.4,13.0,Yes,Yes,Middle,2.0,No,Salle 19,80.0,0.7,1.0,1.2219332214383165,0.768,4.4
ENSPD004869,Female,22.0,Electrique,2,0.7169517884914464,18.0,0.43207126948775054,0.745,0.546,0.0,1.9,11.1,No,No,Middle,2.0,Yes,Salle 5,185.0,0.5486111111111112,1.0,1.3068250090475348,0.6455,1.9
ENSPD004870,Female,23.0,Informatique,2,0.7060653188180402,19.0,0.48440979955456576,0.42200000000000004,0.563,2.0,1.4,9.1,No,No,Middle,3.0,Yes,Salle 12,298.0,0.4111111111111111,1.0,1.7174144059637366,0.4925,3.4
ENSPD004871,Male,22.0,Energetique,3,0.5365474339035771,30.0,0.8975501113585747,0.5810000000000001,0.405,1.0,6.3,33.5,Yes,No,Low,1.0,Yes,Salle 20,104.0,0.49583333333333335,1.0,1.082090648061371,0.49300000000000005,7.3
ENSPD004872,Male,23.0,Electrique,3,0.7247278382581649,18.0,0.5,0.713,0.49,2.0,1.4,21.1,Yes,No,Middle,0.0,Yes,Salle 24,188.0,0.4222222222222223,1.0,1.7164200175057651,0.6014999999999999,3.4
ENSPD004873,Male,23.0,Energetique,4,0.9657853810264384,2.0,0.5890868596881961,0.5720000000000001,0.7690000000000001,0.0,1.9,11.5,Yes,No,Middle,1.0,No,Salle 18,70.0,0.6458333333333334,1.0,1.49538646786337,0.6705000000000001,1.9
ENSPD004874,Male,22.0,GenieCivil,1,0.749611197511664,16.0,0.5356347438752784,0.793,0.794,1.0,1.5,17.5,Yes,No,Low,1.0,Yes,Salle 24,149.0,0.6375,1.0,1.1758422573946512,0.7935000000000001,2.5
ENSPD004875,Male,21.0,Chimie,4,0.4385692068429238,36.0,0.40423162583518935,0.636,0.687,1.0,2.6,14.1,Yes,Yes,Low,1.0,Yes,Salle 26,93.0,0.513888888888889,1.0,0.8534153630710567,0.6615,3.6
ENSPD004876,Female,22.0,Informatique,4,0.7231726283048211,33.0,0.6113585746102449,0.268,0.54,1.0,3.3,11.5,No,No,Middle,1.0,Yes,Salle 26,230.0,0.27222222222222214,0.0,2.656454928081577,0.404,4.3
ENSPD004877,Female,23.0,Electrique,4,0.8304821150855365,11.0,0.3930957683741648,0.7709999999999999,0.419,0.0,0.7,5.0,No,No,Middle,0.0,Yes,Salle 26,157.0,0.35138888888888886,0.0,2.3633601054103845,0.595,0.7
ENSPD004878,Female,23.0,Chimie,1,0.6780715396578537,21.0,0.7694877505567929,0.599,0.652,1.0,2.2,13.7,Yes,No,Middle,2.0,Yes,Salle 30,96.0,0.5541666666666667,1.0,1.2235656613556214,0.6255,3.2
ENSPD004879,Male,23.0,Chimie,1,0.7060653188180402,19.0,0.6269487750556793,0.30100000000000005,0.5670000000000001,0.0,0.3,3.3,Yes,No,Middle,1.0,Yes,Salle 18,96.0,0.24444444444444435,0.0,2.8883308725381074,0.43400000000000005,0.3
ENSPD004880,Female,25.0,Chimie,3,0.6049766718506998,25.0,1.0,0.5750000000000001,0.682,0.0,1.1,9.3,No,No,Middle,0.0,Yes,Salle 28,130.0,0.6888888888888889,1.0,0.8781791952465688,0.6285000000000001,1.1
ENSPD004881,Male,23.0,Mecanique,4,0.8133748055987559,12.0,0.4922048997772829,0.392,0.5760000000000001,1.0,5.6,23.5,Yes,No,High,1.0,No,Salle 10,178.0,0.3388888888888889,0.0,2.400051555983201,0.48400000000000004,6.6
ENSPD004882,Male,21.0,Energetique,3,0.6640746500777605,22.0,0.46659242761692654,0.756,0.5810000000000001,0.0,0.8,6.4,Yes,No,Low,1.0,Yes,Salle 12,104.0,0.4111111111111111,1.0,1.6152774258733826,0.6685000000000001,0.8
ENSPD004883,Female,24.0,Energetique,1,0.6858475894245722,20.0,0.8663697104677061,0.614,0.672,0.0,0.3,3.6,Yes,Yes,Middle,1.0,Yes,Salle 8,83.0,0.638888888888889,1.0,1.073483772396806,0.643,0.3
ENSPD004884,Male,19.0,Informatique,1,0.5614307931570762,28.0,0.6113585746102449,0.454,0.71,1.0,0.3,3.8,No,No,Low,0.0,Yes,Salle 30,248.0,0.5611111111111111,1.0,1.00055189876095,0.582,1.3
ENSPD004885,Male,20.0,Energetique,3,0.8926905132192845,7.0,0.6748329621380846,0.766,0.885,1.0,1.0,11.5,Yes,No,Low,1.0,No,Salle 1,104.0,0.7388888888888889,1.0,1.2081362235659308,0.8255,2.0
ENSPD004886,Female,23.0,Mecanique,4,0.6780715396578537,21.0,0.4242761692650334,0.703,0.573,3.0,0.5,5.9,Yes,No,Low,1.0,Yes,Salle 14,178.0,0.43472222222222223,1.0,1.5597452983626403,0.6379999999999999,3.5
ENSPD004887,Male,23.0,Electrique,1,0.8335925349922239,11.0,0.9020044543429844,0.578,0.7490000000000001,2.0,1.4,0.0,Yes,No,Low,1.0,Yes,Salle 21,143.0,0.7458333333333333,1.0,1.1176509834400752,0.6635,3.4
ENSPD004888,Female,20.0,Mecanique,1,0.4976671850699844,32.0,0.5979955456570156,0.396,1.0,2.0,2.5,17.9,No,No,Low,1.0,Yes,Salle 1,186.0,0.6208333333333333,1.0,0.8015986616107946,0.698,4.5
ENSPD004889,Male,22.0,Energetique,2,0.9999999999999999,0.0,0.5378619153674833,0.46799999999999997,0.7540000000000001,2.0,4.4,24.0,No,No,Middle,1.0,Yes,Salle 1,71.0,0.4555555555555555,1.0,2.1950737666734144,0.611,6.4
ENSPD004890,Female,21.0,Informatique,3,0.9580093312597201,3.0,0.8006681514476615,0.466,0.873,1.0,0.2,7.2,Yes,No,Low,1.0,Yes,Salle 27,263.0,0.6861111111111111,1.0,1.396268553387478,0.6695,1.2
ENSPD004891,Male,21.0,GenieCivil,3,0.7231726283048211,41.0,0.6069042316258353,0.7540000000000001,0.516,2.0,2.9,16.1,No,No,Middle,1.0,Yes,Salle 27,185.0,0.4819444444444444,1.0,1.5004999676648532,0.635,4.9
ENSPD004892,Male,24.0,GenieCivil,4,0.5707620528771385,28.0,0.41536748329621387,0.317,0.49600000000000005,2.0,0.2,11.0,No,Yes,Middle,0.0,Yes,Salle 2,173.0,0.18333333333333335,0.0,3.1130777569067423,0.40650000000000003,2.2
ENSPD004893,Female,23.0,Mecanique,3,0.8087091757387247,12.0,0.6113585746102449,0.611,0.608,0.0,1.0,6.3,Yes,No,Middle,2.0,Yes,Salle 8,212.0,0.5027777777777778,1.0,1.6084503472082374,0.6094999999999999,1.0
ENSPD004894,Male,22.0,Electrique,1,0.47433903576982883,34.0,0.4799554565701559,0.5750000000000001,0.629,3.0,11.3,43.6,Yes,No,Low,0.0,Yes,Salle 10,143.0,0.3597222222222223,0.0,1.318589235180631,0.6020000000000001,14.3
ENSPD004895,Male,21.0,Informatique,3,0.6951788491446346,20.0,0.10801781737193762,0.8059999999999999,0.8540000000000001,2.0,0.1,6.6,No,Yes,Middle,0.0,Yes,Salle 20,263.0,0.4722222222222222,1.0,1.47211227110525,0.8300000000000001,2.1
ENSPD004896,Male,19.0,Chimie,5,0.7993779160186624,13.0,0.46325167037861914,0.662,0.635,1.0,0.0,12.8,Yes,No,Middle,2.0,Yes,Salle 28,48.0,0.3416666666666667,0.0,2.339574205687626,0.6485000000000001,1.0
ENSPD004897,Male,25.0,Energetique,4,0.6858475894245722,20.0,0.522271714922049,0.716,0.622,0.0,0.8,14.1,Yes,No,Middle,1.0,No,Salle 26,70.0,0.48611111111111116,1.0,1.4108574463202241,0.669,0.8
ENSPD004898,Male,23.0,Chimie,4,0.8211508553654744,12.0,0.41759465478841873,0.525,0.855,0.0,6.0,32.8,Yes,No,Middle,0.0,Yes,Salle 1,93.0,0.6166666666666666,1.0,1.3315743885755493,0.69,6.0
ENSPD004899,Male,21.0,Telecom,2,0.5909797822706065,26.0,0.7060133630289532,0.39799999999999996,0.6829999999999999,1.0,0.0,14.2,Yes,No,Low,1.0,Yes,Salle 30,161.0,0.5166666666666666,1.0,1.14380969840056,0.5405,1.0
ENSPD004900,Female,23.0,Mecanique,4,0.30171073094867806,45.0,0.4799554565701559,0.561,0.638,1.0,0.5,5.5,Yes,No,Low,0.0,No,Salle 25,178.0,0.4555555555555555,1.0,0.662277310629304,0.5995,1.5
ENSPD004901,Male,22.0,Mecanique,4,0.7231726283048211,6.0,0.690423162583519,0.76,0.688,1.0,1.8,10.5,No,No,Middle,0.0,Yes,Salle 21,178.0,0.6513888888888888,1.0,1.1101840065130584,0.724,2.8
ENSPD004902,Male,21.0,GenieCivil,3,0.9020217729393468,6.0,0.40423162583518935,0.7590000000000001,0.414,0.0,0.5,6.1,No,Yes,Middle,2.0,Yes,Salle 30,185.0,0.39861111111111114,1.0,2.262854996377546,0.5865,0.5
ENSPD004903,Male,23.0,Informatique,2,0.9999999999999999,0.0,0.7616926503340756,0.542,0.41100000000000003,0.0,0.1,0.0,Yes,Yes,Middle,1.0,Yes,Salle 26,298.0,0.49722222222222223,1.0,2.011132736995233,0.47650000000000003,0.1
ENSPD004904,Male,21.0,Energetique,5,0.3079315707620528,44.0,0.39755011135857465,0.465,0.322,1.0,0.1,11.4,Yes,No,Middle,1.0,Yes,Salle 30,40.0,0.21944444444444444,0.0,1.4031685325015444,0.3935,1.1
ENSPD004905,Female,21.0,Informatique,2,0.8600311041990668,9.0,0.21937639198218262,0.43,0.6809999999999999,3.0,1.6,11.5,No,No,Middle,2.0,Yes,Salle 18,298.0,0.3930555555555556,1.0,2.188009333413878,0.5555,4.6
ENSPD004906,Male,22.0,Telecom,1,0.3530326594090202,42.0,0.8173719376391981,0.595,0.8240000000000001,4.0,1.7,9.4,No,No,Middle,2.0,Yes,Salle 10,121.0,0.6194444444444444,1.0,0.5699089942370764,0.7095,5.7
ENSPD004907,Female,21.0,Informatique,1,0.9999999999999999,0.0,0.46770601336302897,0.645,0.793,0.0,2.5,14.3,No,No,Low,1.0,Yes,Salle 7,248.0,0.6361111111111111,1.0,1.5720276886476894,0.7190000000000001,2.5
ENSPD004908,Male,23.0,Telecom,3,0.8118195956454123,12.0,0.9042316258351895,0.885,0.8690000000000001,0.0,0.3,2.5,Yes,No,Low,0.0,Yes,Salle 10,154.0,0.9722222222222223,1.0,0.8350058526036543,0.877,0.3
ENSPD004909,Female,26.0,Informatique,2,0.5427682737169516,29.0,0.7048997772828508,0.642,0.9309999999999999,0.0,1.4,10.9,Yes,Yes,Middle,2.0,Yes,Salle 6,298.0,0.7,1.0,0.7753721714217677,0.7865,1.4
ENSPD004910,Male,20.0,Informatique,1,0.8662519440124418,9.0,0.7427616926503342,0.73,0.669,0.0,1.8,10.2,No,No,Middle,1.0,No,Salle 4,248.0,0.6444444444444444,1.0,1.3441631933490648,0.6995,1.8
ENSPD004911,Female,19.0,Chimie,4,0.6174183514774495,25.0,0.7850779510022272,0.48,0.627,1.0,0.5,5.2,No,No,Middle,1.0,Yes,Salle 8,93.0,0.5541666666666667,1.0,1.1141182742160132,0.5535,1.5
ENSPD004912,Male,18.0,Mecanique,4,0.7760497667185068,14.0,0.6291759465478842,0.628,0.935,1.0,1.6,7.9,No,No,Middle,0.0,Yes,Salle 10,178.0,0.7652777777777777,1.0,1.0140626693032777,0.7815000000000001,2.6
ENSPD004913,Male,22.0,Chimie,4,0.7589424572317262,16.0,0.6314031180400892,0.645,0.5,4.0,2.5,15.2,No,No,High,1.0,Yes,Salle 26,93.0,0.46666666666666656,1.0,1.6262704168447668,0.5725,6.5
ENSPD004914,Male,21.0,Electrique,1,0.9999999999999999,0.0,0.8240534521158129,0.595,0.40399999999999997,1.0,9.4,40.6,Yes,No,Middle,0.0,Yes,Salle 9,143.0,0.4277777777777778,1.0,2.3376076922877123,0.49949999999999994,10.4
ENSPD004915,Male,22.0,Informatique,3,0.9999999999999999,0.0,0.6113585746102449,0.616,0.635,2.0,1.4,17.6,Yes,No,Middle,4.0,Yes,Salle 27,263.0,0.5013888888888889,1.0,1.994420055888082,0.6255,3.4
ENSPD004916,Female,22.0,Energetique,1,0.6080870917573872,25.0,0.4888641425389756,0.643,0.549,1.0,3.9,22.8,Yes,Yes,Middle,1.0,Yes,Salle 29,83.0,0.4041666666666667,1.0,1.5045081567236782,0.5960000000000001,4.9
ENSPD004917,Male,19.0,GenieCivil,2,0.9175738724727839,5.0,0.6113585746102449,0.7070000000000001,0.65,2.0,3.6,14.2,Yes,No,Low,1.0,Yes,Salle 23,177.0,0.5194444444444445,1.0,1.7664183688987922,0.6785000000000001,5.6
ENSPD004918,Male,22.0,Chimie,2,0.7869362363919129,14.0,0.6113585746102449,0.8300000000000001,0.47000000000000003,1.0,5.6,29.9,No,No,High,1.0,Yes,Salle 6,119.0,0.44027777777777777,1.0,1.7873224652379418,0.65,6.6
ENSPD004919,Female,23.0,GenieCivil,4,0.4556765163297044,35.0,0.8307349665924276,0.212,0.7140000000000001,0.0,2.6,16.8,No,No,Middle,0.0,Yes,Salle 29,173.0,0.4361111111111111,1.0,1.0448393914451235,0.463,2.6
ENSPD004920,Male,22.0,Electrique,2,0.5894245723172628,26.0,0.8340757238307349,0.8200000000000001,0.526,3.0,0.5,7.3,Yes,No,Middle,0.0,No,Salle 7,185.0,0.638888888888889,1.0,0.9225631513342164,0.673,3.5
ENSPD004921,Female,21.0,Mecanique,1,0.7231726283048211,0.0,0.8106904231625836,0.312,0.886,0.0,0.7,11.5,Yes,Yes,Middle,1.0,Yes,Salle 21,186.0,0.7180555555555557,1.0,1.0071122653213942,0.599,0.7
ENSPD004922,Female,19.0,Informatique,2,0.7869362363919129,14.0,0.8040089086859689,0.6759999999999999,0.401,3.0,3.1,11.5,No,No,Middle,0.0,Yes,Salle 19,298.0,0.4194444444444444,1.0,1.8760946434461738,0.5385,6.1
ENSPD004923,Female,23.0,GenieCivil,3,0.906687402799378,6.0,0.5957683741648108,1.0,0.612,1.0,1.5,6.6,Yes,No,Middle,1.0,Yes,Salle 23,185.0,0.6847222222222222,1.0,1.3241488765591094,0.806,2.5
ENSPD004924,Female,25.0,GenieCivil,5,0.7231726283048211,20.0,0.5924276169265034,0.612,0.573,0.0,0.6,11.5,No,No,Middle,2.0,Yes,Salle 4,70.0,0.5055555555555555,1.0,1.430423058608377,0.5925,0.6
ENSPD004925,Male,23.0,Mecanique,5,0.6189735614307931,24.0,0.4053452115812918,0.652,0.6859999999999999,0.0,2.1,6.7,Yes,No,Low,0.0,No,Salle 24,67.0,0.4708333333333333,1.0,1.3146061919338912,0.669,2.1
ENSPD004926,Male,20.0,Electrique,1,0.7247278382581649,18.0,0.9020044543429844,0.564,0.8250000000000001,2.0,4.7,25.9,Yes,No,Low,0.0,Yes,Salle 29,143.0,0.7194444444444443,1.0,1.0073297119149673,0.6945,6.7
ENSPD004927,Male,22.0,Electrique,1,0.6702954898911352,21.0,0.5289532293986637,0.74,0.693,1.0,0.9,8.3,Yes,No,Middle,1.0,Yes,Salle 5,143.0,0.5736111111111111,1.0,1.1685335091533935,0.7164999999999999,1.9
ENSPD004928,Male,19.0,Informatique,1,0.44167962674961103,36.0,0.6670378619153674,0.685,0.635,1.0,1.4,8.3,Yes,No,Middle,0.0,No,Salle 5,248.0,0.4805555555555555,1.0,0.919082988041058,0.66,2.4
ENSPD004929,Female,24.0,Mecanique,4,0.5334370139968895,30.0,0.6525612472160356,0.498,0.778,1.0,1.7,12.5,Yes,No,Middle,0.0,Yes,Salle 5,178.0,0.6041666666666667,1.0,0.8829156162880991,0.638,2.7
ENSPD004930,Female,22.0,GenieCivil,1,0.8522550544323483,10.0,0.38641425389755013,0.599,0.809,0.0,0.3,11.7,Yes,No,Middle,0.0,Yes,Salle 6,149.0,0.5597222222222222,1.0,1.5226121002088568,0.704,0.3
ENSPD004931,Male,18.0,Informatique,1,0.6485225505443236,23.0,0.3184855233853007,0.419,0.6940000000000001,2.0,0.2,6.2,Yes,No,Middle,2.0,Yes,Salle 20,248.0,0.35138888888888886,0.0,1.8455452508541774,0.5565,2.2
ENSPD004932,Male,21.0,Mecanique,3,0.7247278382581649,18.0,0.6113585746102449,0.599,0.718,1.0,4.4,16.3,Yes,No,High,1.0,Yes,Salle 18,212.0,0.5333333333333333,1.0,1.3588392184987124,0.6585,5.4
ENSPD004933,Female,23.0,Informatique,2,0.7636080870917573,15.0,0.534521158129176,0.545,0.7690000000000001,1.0,5.4,26.5,No,No,Middle,2.0,Yes,Salle 6,298.0,0.49444444444444435,1.0,1.5443446725405143,0.657,6.4
ENSPD004934,Male,21.0,Energetique,1,0.7791601866251944,14.0,0.5957683741648108,0.645,0.311,0.0,4.7,11.5,Yes,Yes,Middle,2.0,Yes,Salle 28,83.0,0.38194444444444453,1.0,2.03992962500669,0.478,4.7
ENSPD004935,Male,21.0,Chimie,2,0.9346811819595645,4.0,0.6113585746102449,0.49200000000000005,0.5700000000000001,1.0,1.0,6.2,No,No,Middle,1.0,No,Salle 12,119.0,0.5458333333333333,1.0,1.712361633605915,0.531,2.0
ENSPD004936,Male,20.0,Informatique,2,0.514774494556765,31.0,0.6481069042316259,0.5810000000000001,0.715,4.0,0.7,16.7,No,No,High,1.0,No,Salle 1,298.0,0.5833333333333334,1.0,0.8824554342898665,0.648,4.7
ENSPD004937,Female,23.0,Informatique,3,0.8258164852255053,11.0,0.7371937639198219,0.622,0.5820000000000001,0.0,5.7,22.0,Yes,No,Middle,2.0,No,Salle 14,263.0,0.6347222222222223,1.0,1.301047049942241,0.6020000000000001,5.7
ENSPD004938,Male,21.0,Chimie,5,0.8615863141524104,9.0,0.6848552338530067,0.634,0.5820000000000001,1.0,4.3,12.0,Yes,Yes,Middle,1.0,No,Salle 4,48.0,0.5513888888888888,1.0,1.5625463371690378,0.6080000000000001,5.3
ENSPD004939,Female,18.0,GenieCivil,1,0.9035769828926904,6.0,0.5579064587973274,0.669,0.715,1.0,3.4,14.9,Yes,No,Middle,2.0,Yes,Salle 22,149.0,0.5888888888888888,1.0,1.5343499536864875,0.692,4.4
ENSPD004940,Female,21.0,Chimie,2,0.4556765163297044,35.0,0.44320712694877507,0.589,0.72,0.0,0.8,0.4,Yes,Yes,Middle,2.0,Yes,Salle 30,119.0,0.44861111111111107,1.0,1.0157268684951517,0.6545,0.8
ENSPD004941,Male,24.0,Telecom,5,0.7682737169517885,15.0,0.6547884187082406,0.478,0.733,1.0,1.4,16.8,Yes,No,Low,1.0,Yes,Salle 1,60.0,0.6152777777777778,1.0,1.2486412776254827,0.6054999999999999,2.4
ENSPD004942,Male,21.0,Electrique,4,0.9999999999999999,0.0,0.6247216035634744,0.635,0.48200000000000004,1.0,2.8,20.4,Yes,No,High,0.0,Yes,Salle 12,157.0,0.5666666666666667,1.0,1.7646747410339818,0.5585,3.8
ENSPD004943,Female,25.0,Informatique,2,0.7013996889580093,19.0,0.7628062360801782,0.588,0.35600000000000004,0.0,1.7,5.4,Yes,No,Low,2.0,No,Salle 22,298.0,0.34444444444444444,0.0,2.0362625603198885,0.472,1.7
ENSPD004944,Male,23.0,Chimie,3,0.8102643856920683,12.0,0.5846325167037862,0.804,0.8009999999999999,0.0,1.8,7.8,Yes,No,Low,0.0,Yes,Salle 6,130.0,0.6722222222222222,1.0,1.205334048126328,0.8025,1.8
ENSPD004945,Female,23.0,Energetique,1,0.8662519440124418,9.0,0.5601336302895323,0.8270000000000001,0.49200000000000005,1.0,2.8,11.3,Yes,No,Middle,5.0,No,Salle 14,83.0,0.6444444444444444,1.0,1.3441631933490648,0.6595000000000001,3.8
ENSPD004946,Female,22.0,Electrique,4,0.5287713841368585,30.0,0.5723830734966593,0.373,0.478,3.0,2.9,16.5,No,No,Low,0.0,Yes,Salle 19,157.0,0.22777777777777786,0.0,2.321333432791597,0.4255,5.9
ENSPD004947,Female,22.0,Electrique,5,0.9999999999999999,0.0,0.45657015590200445,0.731,0.46,0.0,0.5,8.9,Yes,No,Middle,3.0,Yes,Salle 17,80.0,0.41527777777777775,1.0,2.4079687713205566,0.5955,0.5
ENSPD004948,Female,21.0,Mecanique,3,0.8133748055987559,12.0,0.8518930957683742,0.767,0.87,1.0,1.0,15.0,No,No,High,3.0,Yes,Salle 3,212.0,0.8416666666666666,1.0,0.9663744259657382,0.8185,2.0
ENSPD004949,Female,21.0,Mecanique,3,0.8164852255054432,12.0,0.8006681514476615,0.378,0.682,0.0,1.4,18.7,Yes,No,High,2.0,No,Salle 28,212.0,0.6152777777777778,1.0,1.3269973092173653,0.53,1.4
ENSPD004950,Female,23.0,Chimie,1,0.41057542768273714,38.0,0.40757238307349664,0.7240000000000001,0.7090000000000001,2.0,0.6,6.1,Yes,No,Middle,1.0,Yes,Salle 27,96.0,0.5888888888888888,1.0,0.69719171733775,0.7165000000000001,2.6
ENSPD004951,Male,20.0,Telecom,3,0.8678071539657853,8.0,0.744988864142539,0.7809999999999999,0.778,1.0,4.9,23.1,No,No,Low,1.0,Yes,Salle 28,154.0,0.7583333333333333,1.0,1.144345991875868,0.7795,5.9
ENSPD004952,Male,20.0,Electrique,3,0.8149300155520994,12.0,0.3017817371937639,0.449,0.632,1.0,3.7,20.2,Yes,No,Middle,2.0,Yes,Salle 17,188.0,0.35416666666666674,0.0,2.3009139004605026,0.5405,4.7
ENSPD004953,Male,20.0,Chimie,3,0.9999999999999999,0.0,0.7750556792873051,0.5770000000000001,0.843,1.0,4.5,23.6,No,No,Middle,1.0,Yes,Salle 24,130.0,0.7555555555555555,1.0,1.3235118946955113,0.71,5.5
ENSPD004954,Female,26.0,Informatique,1,0.6625194401244167,22.0,0.49443207126948774,0.654,0.401,2.0,0.7,7.3,No,No,Low,1.0,No,Salle 7,248.0,0.4194444444444444,1.0,1.5794788895416403,0.5275000000000001,2.7
ENSPD004955,Male,23.0,Informatique,3,0.5349922239502333,30.0,0.6703786191536749,0.723,0.423,2.0,0.2,6.2,Yes,No,Middle,3.0,Yes,Salle 3,263.0,0.4555555555555555,1.0,1.1743473961674256,0.573,2.2
ENSPD004956,Female,23.0,GenieCivil,3,0.5925349922239501,26.0,0.28841870824053456,0.44200000000000006,0.41200000000000003,2.0,0.2,5.7,Yes,No,Middle,2.0,Yes,Salle 16,185.0,0.25416666666666665,0.0,2.331193496218969,0.42700000000000005,2.2
ENSPD004957,Male,20.0,Informatique,1,0.625194401244168,24.0,0.4097995545657016,0.828,0.7240000000000001,0.0,1.6,5.6,No,No,Low,1.0,No,Salle 24,248.0,0.5736111111111111,1.0,1.0899082846395924,0.776,1.6
ENSPD004958,Female,23.0,Electrique,1,0.5116640746500777,31.0,0.688195991091314,0.255,0.741,1.0,0.7,8.4,No,No,Middle,1.0,Yes,Salle 16,143.0,0.39722222222222214,1.0,1.2880729357444707,0.498,1.7
ENSPD004959,Male,22.0,Mecanique,2,0.9611197511664075,2.0,0.4933184855233853,0.858,0.545,1.0,0.6,3.9,Yes,No,Middle,0.0,Yes,Salle 26,231.0,0.6138888888888889,1.0,1.5655994310495698,0.7015,1.6
ENSPD004960,Female,22.0,Chimie,4,0.9673405909797824,2.0,0.46993318485523383,0.7190000000000001,0.594,2.0,1.4,7.8,No,Yes,Low,4.0,No,Salle 10,93.0,0.6111111111111112,1.0,1.582895065138578,0.6565000000000001,3.4
ENSPD004961,Male,20.0,Chimie,3,0.6842923794712287,20.0,0.8429844097995547,0.508,0.8940000000000001,1.0,1.7,13.8,Yes,No,Middle,0.0,Yes,Salle 18,130.0,0.6819444444444445,1.0,1.0034282862232664,0.7010000000000001,2.7
ENSPD004962,Male,22.0,GenieCivil,4,0.6469673405909798,23.0,0.979955456570156,0.7759999999999999,0.501,0.0,1.6,16.1,No,No,Middle,2.0,Yes,Salle 12,173.0,0.6180555555555556,1.0,1.0467616821154928,0.6385,1.6
ENSPD004963,Male,21.0,Informatique,2,0.3810264385692068,40.0,0.7672605790645879,0.43100000000000005,0.6990000000000001,5.0,1.1,9.3,No,No,High,0.0,Yes,Salle 22,298.0,0.38055555555555554,1.0,1.001211047628781,0.5650000000000001,6.1
ENSPD004964,Female,20.0,Electrique,5,0.8506998444790047,10.0,0.4276169265033408,0.6409999999999999,0.635,1.0,0.3,3.6,Yes,No,Middle,1.0,Yes,Salle 26,80.0,0.4388888888888889,1.0,1.938259280247043,0.6379999999999999,1.3
ENSPD004965,Male,23.0,Energetique,4,0.9999999999999999,0.0,0.9053452115812917,0.663,0.8590000000000001,2.0,5.3,29.6,No,No,Middle,0.0,Yes,Salle 9,70.0,0.8666666666666665,1.0,1.1538328403903033,0.7610000000000001,7.3
ENSPD004966,Male,19.0,Electrique,2,0.6018662519440124,26.0,0.34966592427616927,0.663,0.766,1.0,1.1,11.5,No,No,Middle,1.0,Yes,Salle 7,185.0,0.49722222222222223,1.0,1.2104329225772246,0.7145,2.1
ENSPD004967,Female,23.0,Informatique,1,0.6982892690513217,19.0,0.5590200445434298,0.469,0.36,1.0,0.3,14.1,Yes,No,Middle,1.0,Yes,Salle 5,248.0,0.34444444444444444,0.0,2.027232571138869,0.4145,1.3
ENSPD004968,Female,23.0,Informatique,2,0.8009331259720062,13.0,0.6191536748329621,0.531,0.588,1.0,0.1,11.5,Yes,No,Middle,3.0,Yes,Salle 26,298.0,0.4361111111111111,1.0,1.8364924457141252,0.5595,1.1
ENSPD004969,Female,20.0,Mecanique,5,0.9999999999999999,0.0,0.9320712694877507,0.643,0.635,3.0,1.4,3.9,Yes,No,Middle,0.0,Yes,Salle 21,67.0,0.4263888888888888,1.0,2.345221871018009,0.639,4.4
ENSPD004970,Male,20.0,Informatique,2,0.7573872472783826,16.0,0.7628062360801782,0.489,0.8200000000000001,0.0,0.7,4.9,Yes,Yes,Middle,2.0,Yes,Salle 23,298.0,0.5430555555555555,1.0,1.3946516024268494,0.6545000000000001,0.7
ENSPD004971,Male,22.0,Telecom,2,0.7558320373250388,16.0,0.532293986636971,0.669,1.0,2.0,2.0,20.4,No,No,Middle,0.0,Yes,Salle 19,161.0,0.7277777777777776,1.0,1.0385335676189718,0.8345,4.0
ENSPD004972,Female,23.0,Telecom,1,0.7542768273716952,16.0,0.4521158129175946,0.509,0.204,1.0,7.1,35.2,Yes,No,High,0.0,No,Salle 27,121.0,0.2041666666666666,0.0,3.6942361714774563,0.3565,8.1
ENSPD004973,Male,22.0,Mecanique,4,0.45412130637636083,35.0,0.77728285077951,0.8,0.355,2.0,0.6,0.0,No,No,Middle,1.0,Yes,Salle 2,178.0,0.4888888888888888,1.0,0.928865490793881,0.5775,2.6
ENSPD004974,Female,23.0,Mecanique,2,0.44945567651632967,35.0,0.5211581291759466,0.9009999999999999,0.6729999999999999,0.0,3.1,10.2,Yes,No,Middle,0.0,Yes,Salle 22,231.0,0.6444444444444444,1.0,0.6974204001398199,0.7869999999999999,3.1
ENSPD004975,Male,26.0,Mecanique,2,0.5692068429237945,28.0,0.6469933184855233,0.5660000000000001,0.636,1.0,4.8,27.6,Yes,Yes,Middle,2.0,Yes,Salle 27,231.0,0.5777777777777777,1.0,0.9851486390262768,0.601,5.8
ENSPD004976,Male,21.0,Telecom,2,0.9097978227060654,6.0,0.38195991091314035,0.7859999999999999,0.5579999999999999,1.0,1.4,4.8,Yes,No,High,2.0,Yes,Salle 8,161.0,0.47916666666666674,1.0,1.8986688751665675,0.6719999999999999,2.4
ENSPD004977,Male,19.0,GenieCivil,2,0.6578538102643857,22.0,0.7048997772828508,0.5820000000000001,0.292,5.0,0.6,7.4,No,No,High,2.0,Yes,Salle 15,177.0,0.44444444444444453,1.0,1.4801377699950427,0.43700000000000006,5.6
ENSPD004978,Male,24.0,Electrique,2,0.6205287713841366,24.0,0.6113585746102449,0.451,0.635,1.0,1.4,9.8,Yes,No,Middle,1.0,No,Salle 23,185.0,0.5152777777777777,1.0,1.2042373177571175,0.543,2.4
ENSPD004979,Male,22.0,GenieCivil,3,0.7231726283048211,25.0,0.4031180400890869,0.543,0.818,3.0,4.5,30.9,No,Yes,Middle,1.0,Yes,Salle 4,185.0,0.5069444444444444,1.0,1.4265041686286497,0.6805,7.5
ENSPD004980,Male,23.0,Electrique,4,0.6936236391912908,20.0,0.6113585746102449,0.616,1.0,1.0,0.0,4.1,No,No,Middle,0.0,Yes,Salle 14,157.0,0.7916666666666667,1.0,0.8761451087244676,0.808,1.0
ENSPD004981,Female,20.0,Mecanique,4,0.9999999999999999,0.0,0.7026726057906458,0.298,0.9009999999999999,0.0,1.3,11.5,Yes,No,Low,1.0,No,Salle 27,178.0,0.6902777777777778,1.0,1.4486711661319998,0.5994999999999999,1.3
ENSPD004982,Male,22.0,Mecanique,4,0.6920684292379472,20.0,0.7338530066815144,0.733,0.38,3.0,2.8,18.5,Yes,No,Low,1.0,Yes,Salle 20,178.0,0.4569444444444445,1.0,1.514523904192133,0.5565,5.8
ENSPD004983,Female,20.0,Electrique,1,0.5738724727838257,27.0,0.5467706013363028,0.635,0.638,0.0,1.8,16.6,Yes,No,Low,0.0,Yes,Salle 4,143.0,0.5375,1.0,1.0676498535540284,0.6365000000000001,1.8
ENSPD004984,Female,23.0,Electrique,4,0.7247278382581649,18.0,0.6403118040089087,0.8,0.758,2.0,1.4,11.5,No,No,Low,0.0,Yes,Salle 5,157.0,0.6875,1.0,1.0541342500591482,0.779,3.4
ENSPD004985,Male,19.0,Mecanique,1,0.9999999999999999,0.0,0.6213808463251671,0.7290000000000001,0.502,3.0,1.6,2.2,Yes,Yes,Middle,0.0,Yes,Salle 7,186.0,0.5527777777777778,1.0,1.8090125002763768,0.6155,4.6
ENSPD004986,Male,21.0,Informatique,1,0.6267496111975116,24.0,0.5857461024498887,0.642,0.7959999999999999,1.0,1.9,15.8,Yes,No,Middle,1.0,No,Salle 30,248.0,0.5791666666666667,1.0,1.0821389176546792,0.719,2.9
ENSPD004987,Female,20.0,Mecanique,5,0.499222395023328,32.0,0.6391982182628062,0.556,0.7809999999999999,1.0,2.3,8.8,No,No,Middle,2.0,Yes,Salle 26,67.0,0.525,1.0,0.9508816880122817,0.6685,3.3
ENSPD004988,Female,22.0,GenieCivil,4,0.6267496111975116,24.0,0.8195991091314031,0.8940000000000001,0.635,1.0,0.9,2.5,Yes,Yes,Low,0.0,Yes,Salle 25,173.0,0.8916666666666666,1.0,0.7028888773555941,0.7645000000000001,1.9
ENSPD004989,Female,21.0,Electrique,3,0.7433903576982893,16.0,0.7895322939866369,1.0,0.8,2.0,1.5,9.0,Yes,Yes,Middle,0.0,Yes,Salle 8,188.0,0.8541666666666667,1.0,0.8703004737875724,0.9,3.5
ENSPD004990,Female,22.0,Telecom,4,0.8491446345256609,10.0,0.4131403118040089,0.559,0.6970000000000001,1.0,0.6,7.9,No,No,Middle,1.0,No,Salle 1,121.0,0.4541666666666666,1.0,1.8696350932287604,0.6280000000000001,1.6
ENSPD004991,Female,22.0,Informatique,5,0.9082426127527216,6.0,0.7750556792873051,0.8079999999999999,0.512,1.0,1.4,44.0,Yes,No,Middle,0.0,Yes,Salle 8,109.0,0.5458333333333333,1.0,1.6639254476303733,0.6599999999999999,2.4
ENSPD004992,Male,20.0,Mecanique,3,0.525660964230171,30.0,0.8095768374164811,0.493,0.381,2.0,0.4,0.0,Yes,No,Low,1.0,Yes,Salle 1,212.0,0.38194444444444453,1.0,1.3762399466112996,0.437,2.4
ENSPD004993,Male,23.0,Informatique,3,0.5427682737169516,29.0,0.5846325167037862,0.514,0.684,1.0,0.3,6.8,No,No,Middle,1.0,Yes,Salle 30,263.0,0.47638888888888886,1.0,1.1393147347233679,0.599,1.3
ENSPD004994,Female,22.0,GenieCivil,4,0.6594090202177293,22.0,0.6113585746102449,0.55,0.559,1.0,0.6,13.3,No,No,Low,3.0,Yes,Salle 12,173.0,0.5499999999999999,1.0,1.198903693055998,0.5545,1.6
ENSPD004995,Male,20.0,GenieCivil,2,0.8475894245723173,10.0,0.692650334075724,0.743,0.579,1.0,5.1,25.0,Yes,No,Middle,0.0,Yes,Salle 11,177.0,0.5375,1.0,1.576881220018823,0.661,6.1
ENSPD004996,Female,26.0,Chimie,1,0.48522550544323495,33.0,0.4688195991091314,0.42700000000000005,0.8640000000000001,0.0,2.2,16.9,Yes,No,Middle,1.0,Yes,Salle 15,96.0,0.5388888888888889,1.0,0.9004017552229165,0.6455000000000001,2.2
ENSPD004997,Male,23.0,Mecanique,4,0.6065318818040436,25.0,0.5467706013363028,0.899,0.914,1.0,1.2,12.5,No,No,Low,1.0,Yes,Salle 5,178.0,0.8208333333333333,1.0,0.7389130875206114,0.9065000000000001,2.2
ENSPD004998,Male,22.0,Electrique,2,0.609642301710731,25.0,0.7360801781737194,0.789,0.39299999999999996,2.0,1.4,23.5,No,No,High,3.0,Yes,Salle 12,185.0,0.47777777777777775,1.0,1.2759688088846,0.591,3.4
ENSPD004999,Female,25.0,Telecom,1,0.8958009331259719,7.0,0.5278396436525613,0.7390000000000001,0.598,1.0,4.6,25.8,Yes,No,Low,1.0,No,Salle 28,121.0,0.4736111111111111,1.0,1.8913872547286383,0.6685000000000001,5.6
ENSPD005000,Female,26.0,Telecom,2,0.8180404354587868,12.0,0.7728285077951002,0.5670000000000001,0.5529999999999999,0.0,1.0,9.5,Yes,No,Middle,1.0,Yes,Salle 25,161.0,0.5888888888888888,1.0,1.3891016792411228,0.56,1.0
