student_id,gender,age,filiere,year_of_study,attendance_rate,num_absences,assignments_avg,midterm_score,final_score,project_participation,lab_hours_per_week,infra_usage_hours_month,supervisor_assigned,scholarship,socioeconomic_status,extracurricular_count,lab_access,classroom_allocated,promotion_size,overall_grade,passed
ENSPD000001,Male,21.0,Mecanique,5,85.8,14.0,78.6,85.5,80.6,1.0,1.1,12.9,No,Yes,Middle,1.0,Yes,Salle 8,67.0,75.1,1.0
ENSPD000002,Female,17.0,Informatique,4,80.8,19.0,85.1,82.6,5.7,1.0,1.3,10.8,Yes,No,Middle,3.0,Yes,Salle 29,230.0,52.2,1.0
ENSPD000003,Female,21.0,Energetique,4,85.5,14.0,60.4,61.6,72.8,2.0,0.1,11.5,No,No,Low,2.0,Yes,Salle 5,70.0,76.7,1.0
ENSPD000004,Female,24.0,Mecanique,2,100.0,0.0,47.2,60.4,67.2,3.0,1.3,3.4,Yes,Yes,Low,1.0,Yes,Salle 4,231.0,63.2,1.0
ENSPD000005,Male,23.0,GenieCivil,1,93.0,7.0,47.3,65.2,26.3,2.0,0.2,8.4,Yes,Yes,High,3.0,Yes,Salle 25,149.0,46.0,0.0
ENSPD000006,Male,23.0,Informatique,1,82.3,18.0,37.4,67.8,72.1,2.0,4.5,26.9,Yes,No,Middle,1.0,Yes,Salle 27,248.0,59.4,1.0
ENSPD000007,Male,21.0,Telecom,3,65.1,35.0,65.1,60.9,75.8,1.0,2.1,12.6,No,No,Low,0.0,Yes,Salle 6,154.0,59.9,1.0
ENSPD000008,Female,19.0,Informatique,5,76.0,24.0,59.2,71.8,26.9,0.0,0.1,6.9,Yes,No,Middle,1.0,Yes,Salle 28,109.0,49.6,0.0
ENSPD000009,Female,23.0,Telecom,1,90.5,10.0,76.8,31.2,40.3,0.0,3.5,24.3,No,No,Low,1.0,Yes,Salle 13,121.0,46.2,0.0
ENSPD000010,Female,20.0,Informatique,3,67.9,32.0,65.3,65.7,100.0,1.0,0.9,16.6,Yes,No,Middle,1.0,Yes,Salle 17,263.0,73.1,1.0
ENSPD000011,Male,26.0,Telecom,4,100.0,0.0,57.6,37.2,60.3,0.0,0.5,5.4,No,No,Middle,2.0,Yes,Salle 30,121.0,52.2,1.0
ENSPD000012,Female,23.0,Chimie,5,82.2,18.0,63.3,44.7,83.5,3.0,0.6,7.0,No,No,Low,2.0,Yes,Salle 7,48.0,62.9,1.0
ENSPD000013,Female,21.0,Informatique,3,82.6,17.0,49.4,75.2,86.5,2.0,1.8,14.0,Yes,No,Middle,1.0,Yes,Salle 26,263.0,74.6,1.0
ENSPD000014,Male,21.0,Electrique,5,74.0,26.0,80.4,58.4,71.9,0.0,0.2,0.9,No,Yes,Low,0.0,Yes,Salle 12,80.0,65.1,1.0
ENSPD000015,Male,22.0,Mecanique,2,82.2,12.0,53.2,74.6,84.3,0.0,0.1,0.0,Yes,No,Middle,4.0,Yes,Salle 24,231.0,73.4,1.0
ENSPD000016,Male,22.0,Informatique,2,68.1,32.0,47.9,58.0,21.7,0.0,2.0,7.7,Yes,No,Low,2.0,Yes,Salle 4,298.0,37.3,0.0
ENSPD000017,Male,24.0,Telecom,3,100.0,0.0,77.3,81.9,59.4,2.0,8.0,35.9,No,No,Low,0.0,No,Salle 3,154.0,74.5,1.0
ENSPD000018,Male,22.0,GenieCivil,2,97.8,2.0,65.1,57.7,2.4,2.0,1.3,7.3,No,Yes,Middle,1.0,Yes,Salle 14,177.0,40.0,0.0
ENSPD000019,Male,21.0,Mecanique,1,93.8,6.0,39.1,26.8,29.1,0.0,1.1,6.1,Yes,Yes,Middle,1.0,No,Salle 17,186.0,39.2,0.0
ENSPD000020,Male,26.0,Informatique,4,65.3,35.0,77.8,66.1,53.1,2.0,1.4,28.8,Yes,Yes,Middle,1.0,Yes,Salle 27,230.0,68.2,1.0
ENSPD000021,Female,22.0,Mecanique,4,84.5,16.0,53.9,23.0,50.7,2.0,0.6,7.3,Yes,No,Low,2.0,Yes,Salle 8,178.0,41.3,0.0
ENSPD000022,Male,24.0,Telecom,4,96.5,4.0,59.4,35.9,64.8,2.0,0.6,4.4,No,No,Middle,1.0,No,Salle 26,121.0,50.3,1.0
ENSPD000023,Male,21.0,Mecanique,2,89.1,11.0,67.8,46.1,63.6,2.0,4.7,17.3,No,No,Middle,0.0,No,Salle 25,231.0,65.3,1.0
ENSPD000024,Male,23.0,Energetique,3,70.0,30.0,73.8,43.9,66.7,1.0,2.1,15.0,Yes,Yes,Low,1.0,Yes,Salle 11,104.0,60.0,1.0
ENSPD000025,Male,23.0,Energetique,2,74.2,26.0,71.7,52.2,67.5,0.0,0.1,9.6,Yes,No,Middle,1.0,No,Salle 26,71.0,58.6,1.0
ENSPD000026,Female,18.0,Informatique,1,76.6,23.0,64.3,43.2,70.7,1.0,2.2,11.3,Yes,Yes,Middle,1.0,Yes,Salle 26,248.0,55.7,1.0
ENSPD000027,Male,26.0,Informatique,3,74.8,25.0,58.6,36.7,44.8,3.0,3.4,17.1,Yes,No,Low,1.0,Yes,Salle 12,263.0,44.7,0.0
ENSPD000028,Male,25.0,Telecom,1,100.0,0.0,71.2,89.8,49.5,0.0,1.4,10.7,Yes,No,Middle,1.0,Yes,Salle 30,121.0,71.8,1.0
ENSPD000029,Female,21.0,Mecanique,1,58.9,41.0,63.2,49.8,63.3,1.0,1.0,13.2,Yes,No,Low,1.0,No,Salle 30,186.0,56.2,1.0
ENSPD000030,Male,20.0,Informatique,4,89.9,10.0,92.1,21.8,63.6,1.0,0.4,4.8,No,No,Low,2.0,Yes,Salle 26,230.0,60.1,1.0
ENSPD000031,Female,23.0,Mecanique,1,66.5,34.0,73.8,55.5,42.4,2.0,2.0,12.6,Yes,No,Middle,0.0,No,Salle 10,186.0,52.0,1.0
ENSPD000032,Male,22.0,Electrique,5,70.5,30.0,51.1,41.8,85.6,0.0,2.2,19.7,No,No,Low,0.0,No,Salle 27,80.0,60.5,1.0
ENSPD000033,Male,23.0,Chimie,3,57.9,42.0,57.8,46.1,78.5,1.0,0.1,8.9,No,No,Low,0.0,No,Salle 9,130.0,59.0,1.0
ENSPD000034,Female,22.0,Informatique,5,75.4,25.0,65.7,74.8,46.8,3.0,2.3,9.6,Yes,Yes,Middle,0.0,Yes,Salle 26,109.0,59.8,1.0
ENSPD000035,Female,23.0,Informatique,1,100.0,0.0,84.5,53.9,63.5,0.0,2.1,6.5,Yes,No,Low,1.0,Yes,Salle 4,248.0,63.6,1.0
ENSPD000036,Female,25.0,Telecom,3,85.2,15.0,86.2,41.3,100.0,2.0,0.1,4.3,No,Yes,High,0.0,Yes,Salle 5,154.0,76.9,1.0
ENSPD000037,Male,23.0,Chimie,2,67.6,32.0,59.1,70.0,63.5,2.0,1.6,7.5,Yes,No,Middle,3.0,Yes,Salle 5,119.0,55.8,1.0
ENSPD000038,Male,20.0,Electrique,4,94.2,6.0,51.0,82.7,71.9,2.0,1.9,14.5,No,No,Low,1.0,Yes,Salle 22,157.0,71.5,1.0
ENSPD000039,Female,25.0,Chimie,2,82.2,3.0,49.1,71.7,51.8,2.0,1.1,12.3,Yes,No,Low,0.0,Yes,Salle 16,119.0,53.8,1.0
ENSPD000040,Male,25.0,GenieCivil,2,83.2,17.0,68.8,17.8,57.7,0.0,1.4,24.4,Yes,No,High,1.0,Yes,Salle 13,177.0,46.5,0.0
ENSPD000041,Male,28.0,Chimie,4,100.0,0.0,99.6,41.9,63.5,1.0,0.8,11.5,No,No,Middle,2.0,Yes,Salle 2,93.0,81.6,1.0
ENSPD000042,Male,20.0,Mecanique,2,91.9,8.0,73.1,62.9,66.3,1.0,0.1,0.3,Yes,No,Middle,2.0,Yes,Salle 18,231.0,69.7,1.0
ENSPD000043,Male,22.0,Mecanique,1,90.2,10.0,41.1,57.6,62.6,2.0,2.2,16.4,No,Yes,Middle,2.0,Yes,Salle 27,186.0,54.6,1.0
ENSPD000044,Female,18.0,Chimie,2,72.4,28.0,54.1,56.1,64.2,1.0,1.9,15.9,Yes,No,Middle,1.0,No,Salle 5,119.0,53.9,1.0
ENSPD000045,Male,23.0,GenieCivil,3,89.5,10.0,55.6,44.3,100.0,1.0,9.0,45.4,Yes,No,Low,0.0,No,Salle 5,185.0,69.5,1.0
ENSPD000046,Female,21.0,Energetique,2,84.6,15.0,52.7,36.7,64.8,1.0,0.5,5.8,Yes,No,Middle,2.0,No,Salle 17,71.0,55.5,1.0
ENSPD000047,Male,26.0,Mecanique,2,88.2,12.0,59.2,98.1,47.4,2.0,1.0,8.6,Yes,No,Middle,1.0,Yes,Salle 9,231.0,61.5,1.0
ENSPD000048,Male,20.0,Telecom,1,73.8,26.0,70.5,62.5,50.9,2.0,1.2,13.0,No,No,Middle,1.0,Yes,Salle 2,121.0,56.0,1.0
ENSPD000049,Male,19.0,Energetique,3,83.5,16.0,75.2,73.6,79.6,1.0,4.0,21.0,Yes,Yes,Low,1.0,Yes,Salle 30,104.0,72.8,1.0
ENSPD000050,Male,21.0,Mecanique,4,72.2,28.0,81.4,62.1,35.4,0.0,1.1,7.1,No,Yes,Low,1.0,Yes,Salle 23,178.0,59.2,1.0
ENSPD000051,Female,18.0,Chimie,2,56.2,44.0,72.9,62.8,73.0,1.0,3.0,13.6,No,No,Middle,0.0,Yes,Salle 18,119.0,66.8,1.0
ENSPD000052,Female,24.0,GenieCivil,2,94.0,6.0,35.7,60.9,63.5,2.0,1.4,9.1,Yes,No,Middle,1.0,Yes,Salle 8,177.0,50.2,1.0
ENSPD000053,Female,18.0,Telecom,1,64.0,36.0,65.1,41.8,26.8,1.0,1.1,8.2,No,No,Middle,0.0,Yes,Salle 12,121.0,38.2,0.0
ENSPD000054,Female,22.0,GenieCivil,1,83.3,17.0,62.6,34.7,44.4,1.0,0.3,4.0,Yes,No,Low,0.0,Yes,Salle 6,149.0,47.7,0.0
ENSPD000055,Female,18.0,Chimie,1,86.0,14.0,67.2,69.0,64.6,1.0,6.0,30.8,No,No,Middle,1.0,No,Salle 13,96.0,69.7,1.0
ENSPD000056,Female,21.0,GenieCivil,3,85.9,14.0,77.9,65.4,91.9,2.0,0.4,3.8,No,No,Middle,1.0,No,Salle 29,185.0,78.9,1.0
ENSPD000057,Male,25.0,Mecanique,3,78.6,21.0,65.6,78.9,82.3,1.0,1.1,7.1,Yes,Yes,Middle,1.0,No,Salle 24,212.0,72.7,1.0
ENSPD000058,Male,23.0,Informatique,5,85.3,15.0,65.8,75.2,58.1,1.0,1.4,6.0,Yes,No,Middle,2.0,Yes,Salle 26,109.0,66.2,1.0
ENSPD000059,Male,20.0,GenieCivil,1,87.7,12.0,68.6,47.4,83.4,2.0,5.1,23.5,No,No,Middle,1.0,No,Salle 23,149.0,66.1,1.0
ENSPD000060,Male,22.0,Chimie,3,90.8,9.0,61.2,82.4,56.9,0.0,1.4,18.7,No,No,Low,1.0,No,Salle 23,130.0,60.0,1.0
ENSPD000061,Male,22.0,Electrique,3,100.0,0.0,66.3,61.6,34.7,1.0,6.6,33.5,Yes,No,Low,0.0,Yes,Salle 11,188.0,55.2,1.0
ENSPD000062,Male,23.0,Electrique,3,84.8,15.0,81.9,74.4,64.4,1.0,0.1,5.9,Yes,Yes,Middle,3.0,Yes,Salle 8,188.0,71.1,1.0
ENSPD000063,Female,19.0,Mecanique,4,82.8,17.0,63.7,61.6,33.9,2.0,0.4,12.2,Yes,No,High,1.0,Yes,Salle 25,178.0,65.5,1.0
ENSPD000064,Male,23.0,GenieCivil,1,71.1,29.0,64.5,98.8,79.8,2.0,1.0,9.3,No,No,Low,1.0,Yes,Salle 24,149.0,78.4,1.0
ENSPD000065,Male,17.0,Informatique,1,87.2,13.0,64.5,74.4,80.1,2.0,1.9,16.9,Yes,No,Low,1.0,Yes,Salle 21,248.0,73.0,1.0
ENSPD000066,Male,21.0,Telecom,3,90.0,10.0,84.5,72.2,46.4,2.0,0.8,4.2,Yes,No,High,1.0,Yes,Salle 19,154.0,68.4,1.0
ENSPD000067,Male,21.0,Energetique,2,82.2,20.0,48.4,81.5,66.9,0.0,2.5,12.5,Yes,No,Low,0.0,No,Salle 14,71.0,64.0,1.0
ENSPD000068,Female,23.0,GenieCivil,1,88.5,12.0,91.6,51.5,66.7,1.0,0.4,2.8,No,No,Middle,1.0,Yes,Salle 25,149.0,66.9,1.0
ENSPD000069,Male,22.0,Informatique,2,78.5,22.0,47.4,51.7,81.4,1.0,1.8,14.2,Yes,No,Middle,2.0,Yes,Salle 24,298.0,63.5,1.0
ENSPD000070,Other,19.0,Informatique,2,90.1,10.0,55.2,74.1,39.1,3.0,1.0,2.8,No,No,Middle,2.0,Yes,Salle 14,298.0,52.7,1.0
ENSPD000071,Female,20.0,Electrique,3,93.0,7.0,76.2,61.6,76.0,2.0,1.4,11.9,Yes,No,Middle,0.0,Yes,Salle 12,188.0,71.3,1.0
ENSPD000072,Male,22.0,Electrique,1,82.2,7.0,80.5,72.7,37.7,1.0,1.7,9.8,Yes,Yes,Low,2.0,Yes,Salle 26,143.0,58.3,1.0
ENSPD000073,Male,22.0,Chimie,2,83.4,17.0,43.9,64.8,79.5,0.0,0.1,5.9,Yes,No,Middle,1.0,Yes,Salle 30,119.0,62.6,1.0
ENSPD000074,Female,21.0,Mecanique,3,69.5,30.0,48.6,61.6,85.3,3.0,5.2,11.5,Yes,No,Middle,1.0,Yes,Salle 22,212.0,59.5,1.0
ENSPD000075,Female,21.0,Chimie,2,74.7,25.0,65.1,62.5,50.6,0.0,1.4,19.6,No,No,Low,2.0,Yes,Salle 18,119.0,56.2,1.0
ENSPD000076,Female,23.0,Electrique,5,89.1,11.0,100.0,85.5,88.4,1.0,1.2,18.7,No,No,Middle,0.0,No,Salle 3,80.0,88.2,0.0
ENSPD000077,Female,21.0,Mecanique,1,100.0,0.0,83.7,63.5,32.5,0.0,1.6,19.5,Yes,No,High,1.0,No,Salle 17,186.0,54.6,1.0
ENSPD000078,Male,22.0,GenieCivil,5,77.9,22.0,61.3,63.6,63.5,0.0,0.1,11.5,No,No,Low,1.0,No,Salle 7,70.0,77.1,1.0
ENSPD000079,Male,26.0,Informatique,3,87.5,12.0,28.7,67.9,92.8,1.0,1.4,9.2,Yes,No,Middle,1.0,Yes,Salle 24,263.0,67.6,1.0
ENSPD000080,Male,19.0,GenieCivil,4,75.3,25.0,66.2,70.3,70.9,1.0,1.1,10.2,Yes,Yes,Middle,0.0,Yes,Salle 10,173.0,68.8,1.0
ENSPD000081,Female,18.0,Telecom,2,70.3,30.0,70.4,56.0,60.1,1.0,0.9,7.0,Yes,No,Middle,0.0,Yes,Salle 23,161.0,66.8,1.0
ENSPD000082,Female,24.0,GenieCivil,2,73.9,26.0,59.3,68.3,70.2,0.0,3.4,15.7,No,Yes,Middle,2.0,Yes,Salle 26,177.0,65.1,1.0
ENSPD000083,Male,21.0,Telecom,4,57.0,43.0,52.2,43.1,51.9,0.0,0.4,0.0,Yes,No,Middle,1.0,Yes,Salle 23,121.0,45.6,0.0
ENSPD000084,Male,21.0,Electrique,4,98.2,2.0,67.4,47.6,100.0,0.0,1.4,5.7,Yes,No,Middle,0.0,Yes,Salle 5,157.0,74.7,1.0
ENSPD000085,Male,20.0,Informatique,2,55.2,45.0,50.9,49.9,52.3,2.0,1.4,12.1,Yes,No,Middle,0.0,No,Salle 9,298.0,51.0,1.0
ENSPD000086,Male,21.0,Electrique,1,78.8,21.0,93.1,70.5,90.3,3.0,2.3,16.6,No,Yes,Low,1.0,No,Salle 2,143.0,74.8,1.0
ENSPD000087,Female,25.0,GenieCivil,3,67.9,32.0,87.8,64.9,49.2,1.0,0.0,5.5,No,No,Middle,1.0,Yes,Salle 16,185.0,65.3,1.0
ENSPD000088,Female,24.0,Mecanique,4,71.4,29.0,74.9,59.6,95.9,0.0,1.6,8.6,Yes,No,Middle,1.0,Yes,Salle 5,178.0,82.2,1.0
ENSPD000089,Female,24.0,Informatique,2,98.5,2.0,66.3,74.4,100.0,1.0,0.7,5.8,No,No,Middle,1.0,Yes,Salle 8,298.0,78.1,1.0
ENSPD000090,Male,19.0,GenieCivil,3,84.4,16.0,55.1,68.8,71.7,1.0,1.4,19.9,No,No,Middle,2.0,Yes,Salle 8,185.0,61.5,1.0
ENSPD000091,Male,20.0,Informatique,3,70.4,30.0,64.7,56.8,69.7,1.0,1.3,3.4,Yes,No,Middle,2.0,Yes,Salle 15,263.0,59.3,1.0
ENSPD000092,Female,17.0,Informatique,4,74.9,25.0,89.6,43.4,44.9,1.0,3.6,17.4,No,No,Middle,2.0,No,Salle 26,230.0,55.4,1.0
ENSPD000093,Female,20.0,GenieCivil,3,72.8,27.0,65.1,47.2,42.5,1.0,1.0,9.1,Yes,No,Middle,1.0,No,Salle 25,185.0,53.9,1.0
ENSPD000094,Male,24.0,Mecanique,2,81.5,18.0,68.1,35.6,63.5,2.0,3.5,17.4,No,No,Middle,1.0,Yes,Salle 18,231.0,57.4,1.0
ENSPD000095,Female,23.0,Telecom,5,82.2,16.0,78.9,64.5,93.2,0.0,2.5,8.9,Yes,No,Low,1.0,Yes,Salle 12,60.0,82.7,1.0
ENSPD000096,Male,22.0,Mecanique,3,100.0,0.0,73.2,46.5,53.0,4.0,3.5,22.7,Yes,No,Middle,0.0,Yes,Salle 16,212.0,59.8,1.0
ENSPD000097,Male,22.0,Chimie,4,59.0,41.0,70.9,53.1,100.0,1.0,3.3,22.9,No,No,Middle,1.0,Yes,Salle 28,93.0,75.0,1.0
ENSPD000098,Male,21.0,GenieCivil,2,82.2,18.0,79.7,61.6,51.8,1.0,1.3,6.3,Yes,No,Middle,2.0,Yes,Salle 28,177.0,60.7,1.0
ENSPD000099,Male,22.0,Electrique,3,78.2,22.0,72.8,80.8,68.6,1.0,0.9,0.0,Yes,No,Middle,1.0,Yes,Salle 28,188.0,68.1,1.0
ENSPD000100,Male,24.0,Mecanique,2,93.4,7.0,77.9,78.7,68.6,1.0,2.9,24.6,No,No,Middle,1.0,No,Salle 24,231.0,73.5,1.0
ENSPD000101,Male,19.0,Energetique,2,86.3,14.0,67.4,61.0,62.0,1.0,0.9,6.9,Yes,No,Middle,0.0,Yes,Salle 6,71.0,68.0,1.0
ENSPD000102,Female,23.0,GenieCivil,4,89.1,11.0,61.2,84.8,23.1,2.0,0.2,1.9,No,No,Middle,0.0,No,Salle 3,173.0,43.7,0.0
ENSPD000103,Male,24.0,Telecom,3,86.1,14.0,56.8,25.8,51.6,2.0,3.9,20.2,Yes,No,Middle,2.0,No,Salle 23,154.0,46.9,0.0
ENSPD000104,Male,21.0,Mecanique,3,70.8,29.0,55.0,95.8,68.0,1.0,1.0,10.3,Yes,No,Middle,1.0,Yes,Salle 18,212.0,68.8,1.0
ENSPD000105,Female,23.0,Informatique,2,96.5,4.0,40.9,74.5,62.1,2.0,0.3,3.7,Yes,No,Middle,1.0,Yes,Salle 2,298.0,65.0,1.0
ENSPD000106,Male,28.0,Electrique,3,82.2,8.0,65.1,63.9,76.7,2.0,2.1,13.9,No,No,Middle,0.0,Yes,Salle 26,188.0,63.8,1.0
ENSPD000107,Male,22.0,Informatique,2,93.0,7.0,50.9,46.0,79.1,4.0,1.4,22.1,No,No,Middle,1.0,No,Salle 18,298.0,65.4,1.0
ENSPD000108,Female,23.0,GenieCivil,3,97.2,3.0,57.4,54.1,59.2,2.0,3.9,17.8,Yes,No,Middle,1.0,Yes,Salle 29,185.0,57.1,1.0
ENSPD000109,Male,21.0,Informatique,2,87.0,13.0,88.4,73.0,44.8,0.0,1.6,11.5,No,No,Middle,1.0,Yes,Salle 3,298.0,60.4,1.0
ENSPD000110,Male,22.0,Electrique,4,99.8,0.0,62.6,73.4,95.0,0.0,0.2,11.5,Yes,No,Low,1.0,Yes,Salle 7,157.0,81.5,1.0
ENSPD000111,Male,23.0,Energetique,4,86.5,14.0,68.6,74.0,36.9,1.0,2.4,16.9,Yes,Yes,Middle,1.0,Yes,Salle 2,70.0,58.7,1.0
ENSPD000112,Male,22.0,GenieCivil,2,79.4,21.0,69.1,48.9,52.1,0.0,1.9,9.5,Yes,Yes,Middle,1.0,Yes,Salle 29,177.0,51.9,1.0
ENSPD000113,Female,20.0,Telecom,2,81.9,18.0,88.8,45.3,47.0,2.0,0.5,8.6,No,No,Middle,0.0,No,Salle 22,161.0,56.3,1.0
ENSPD000114,Female,22.0,GenieCivil,3,81.7,18.0,56.4,65.5,78.9,0.0,4.6,19.9,Yes,No,Middle,1.0,No,Salle 27,185.0,61.2,1.0
ENSPD000115,Female,25.0,GenieCivil,3,75.8,24.0,61.7,75.9,90.3,0.0,0.2,5.6,No,No,Middle,3.0,Yes,Salle 13,185.0,77.6,1.0
ENSPD000116,Female,23.0,Energetique,3,100.0,0.0,63.4,62.1,60.5,0.0,0.9,11.0,No,No,Middle,0.0,Yes,Salle 8,104.0,62.8,1.0
ENSPD000117,Female,24.0,Telecom,3,85.6,14.0,82.0,88.7,68.6,2.0,1.4,7.7,No,No,Middle,1.0,Yes,Salle 28,154.0,78.4,1.0
ENSPD000118,Male,22.0,Chimie,2,83.1,17.0,85.2,62.6,72.6,0.0,4.9,23.0,Yes,Yes,High,0.0,Yes,Salle 24,119.0,74.5,1.0
ENSPD000119,Female,23.0,Mecanique,2,86.7,13.0,72.1,62.0,63.5,1.0,0.1,8.7,No,No,Low,2.0,Yes,Salle 20,231.0,76.5,1.0
ENSPD000120,Male,23.0,GenieCivil,2,100.0,0.0,83.5,74.1,28.5,0.0,1.1,9.4,Yes,No,Middle,1.0,Yes,Salle 5,177.0,57.2,1.0
ENSPD000121,Female,20.0,Mecanique,1,68.4,32.0,67.7,83.9,78.9,1.0,4.0,18.9,No,Yes,Middle,1.0,Yes,Salle 2,186.0,76.4,1.0
ENSPD000122,Female,23.0,GenieCivil,3,71.9,28.0,62.4,37.7,71.5,1.0,0.6,14.1,No,No,Middle,1.0,Yes,Salle 27,185.0,56.5,1.0
ENSPD000123,Male,20.0,GenieCivil,1,65.4,35.0,82.7,41.9,56.6,1.0,0.2,1.3,No,No,Low,1.0,Yes,Salle 17,149.0,61.5,1.0
ENSPD000124,Male,21.0,Telecom,5,79.2,21.0,72.3,56.4,70.5,1.0,0.3,7.8,Yes,No,High,1.0,Yes,Salle 16,60.0,62.9,1.0
ENSPD000125,Male,22.0,Telecom,4,84.9,15.0,54.0,100.0,78.8,0.0,1.0,14.7,Yes,No,Middle,0.0,Yes,Salle 21,121.0,74.4,1.0
ENSPD000126,Male,23.0,GenieCivil,4,76.4,24.0,80.0,57.3,75.7,1.0,1.1,2.6,No,No,Middle,1.0,Yes,Salle 15,173.0,71.1,1.0
ENSPD000127,Female,20.0,Informatique,4,75.5,24.0,61.9,59.8,100.0,3.0,2.5,21.5,No,No,Middle,5.0,Yes,Salle 13,230.0,78.9,1.0
ENSPD000128,Female,24.0,Telecom,2,83.7,16.0,60.0,73.1,66.5,1.0,0.5,13.8,Yes,No,Middle,2.0,Yes,Salle 16,161.0,67.7,1.0
ENSPD000129,Male,23.0,Informatique,4,76.0,24.0,78.4,79.6,64.5,1.0,2.4,12.7,Yes,No,Middle,1.0,No,Salle 29,230.0,76.9,1.0
ENSPD000130,Male,21.0,Electrique,1,85.7,14.0,63.7,65.1,60.4,1.0,13.8,61.4,Yes,No,High,0.0,Yes,Salle 10,143.0,64.2,1.0
ENSPD000131,Male,19.0,Informatique,1,95.4,5.0,70.8,83.0,75.1,0.0,1.4,18.1,Yes,No,Low,1.0,Yes,Salle 29,248.0,74.3,1.0
ENSPD000132,Male,22.0,Mecanique,4,90.1,10.0,74.9,40.5,63.4,1.0,2.0,9.7,Yes,Yes,Middle,1.0,Yes,Salle 25,178.0,58.0,1.0
ENSPD000133,Male,21.0,Energetique,1,92.6,7.0,53.3,48.2,64.3,1.0,5.6,22.9,Yes,Yes,Middle,0.0,Yes,Salle 4,83.0,55.7,1.0
ENSPD000134,Male,22.0,Informatique,5,82.2,5.0,70.8,82.9,64.4,2.0,9.4,49.4,No,Yes,Middle,2.0,No,Salle 12,109.0,70.8,1.0
ENSPD000135,Female,21.0,GenieCivil,3,85.4,15.0,85.2,62.2,61.3,1.0,1.7,10.9,No,No,Middle,3.0,Yes,Salle 15,185.0,67.9,1.0
ENSPD000136,Male,18.0,Mecanique,4,80.1,20.0,50.7,39.3,51.8,0.0,0.6,1.9,Yes,No,Middle,1.0,Yes,Salle 11,178.0,47.9,0.0
ENSPD000137,Male,21.0,Telecom,2,72.7,27.0,71.7,38.2,72.4,2.0,4.9,28.8,No,No,High,2.0,Yes,Salle 11,161.0,60.8,1.0
ENSPD000138,Female,21.0,Telecom,3,77.3,23.0,52.6,47.4,58.3,0.0,3.7,22.5,No,No,Middle,1.0,Yes,Salle 28,154.0,57.9,1.0
ENSPD000139,Male,23.0,Mecanique,1,75.7,24.0,80.3,62.0,76.3,1.0,0.2,7.3,Yes,No,Middle,3.0,Yes,Salle 17,186.0,74.9,1.0
ENSPD000140,Female,21.0,Informatique,4,90.8,9.0,80.2,70.4,66.2,1.0,5.5,24.4,No,No,Middle,2.0,Yes,Salle 1,230.0,73.0,1.0
ENSPD000141,Female,25.0,Electrique,1,86.2,14.0,59.7,56.1,56.3,1.0,0.9,7.0,No,No,Middle,1.0,Yes,Salle 26,143.0,57.5,1.0
ENSPD000142,Male,18.0,Mecanique,3,90.4,10.0,98.1,68.9,95.3,1.0,0.8,16.5,Yes,Yes,Middle,0.0,Yes,Salle 12,212.0,84.8,1.0
ENSPD000143,Male,25.0,Electrique,2,68.1,32.0,81.6,54.1,62.0,1.0,1.4,9.7,Yes,No,Low,3.0,Yes,Salle 20,185.0,60.9,1.0
ENSPD000144,Male,22.0,Informatique,1,99.2,1.0,75.6,84.0,63.5,0.0,0.8,6.1,Yes,No,Middle,1.0,Yes,Salle 27,248.0,76.0,1.0
ENSPD000145,Male,24.0,Informatique,3,76.9,23.0,74.8,100.0,50.0,3.0,1.5,14.0,Yes,No,Low,2.0,Yes,Salle 18,263.0,66.1,1.0
ENSPD000146,Male,22.0,Electrique,1,68.8,31.0,79.8,54.9,23.5,1.0,1.7,15.2,No,No,Middle,1.0,Yes,Salle 20,143.0,44.6,0.0
ENSPD000147,Female,24.0,Informatique,4,76.7,23.0,50.1,70.6,52.7,1.0,1.1,16.7,Yes,No,Low,1.0,Yes,Salle 3,230.0,63.3,1.0
ENSPD000148,Male,21.0,Telecom,2,100.0,0.0,67.9,69.2,21.3,0.0,1.1,9.7,No,Yes,Middle,2.0,No,Salle 27,161.0,53.2,1.0
ENSPD000149,Male,20.0,Informatique,2,77.3,23.0,70.7,64.5,59.3,0.0,1.4,18.7,No,No,High,1.0,Yes,Salle 14,298.0,63.0,1.0
ENSPD000150,Male,25.0,Informatique,3,78.1,22.0,59.0,73.8,93.4,2.0,0.0,7.1,No,No,Low,0.0,Yes,Salle 3,263.0,78.4,1.0
ENSPD000151,Female,22.0,Energetique,2,79.7,20.0,72.0,70.6,45.9,1.0,5.9,25.7,Yes,No,Middle,1.0,No,Salle 3,71.0,61.3,1.0
ENSPD000152,Male,22.0,GenieCivil,2,80.2,20.0,83.5,53.5,21.9,3.0,2.5,9.5,No,No,Low,1.0,Yes,Salle 17,177.0,44.7,0.0
ENSPD000153,Male,24.0,Electrique,4,72.6,27.0,58.7,85.7,94.0,1.0,2.5,17.5,No,No,Middle,2.0,Yes,Salle 7,157.0,71.3,1.0
ENSPD000154,Male,20.0,Informatique,1,83.7,16.0,64.2,65.6,54.5,1.0,1.1,12.2,Yes,No,Low,0.0,Yes,Salle 5,248.0,54.4,1.0
ENSPD000155,Other,23.0,Electrique,1,94.9,5.0,52.7,55.1,63.7,2.0,6.8,22.5,No,No,Low,3.0,Yes,Salle 7,143.0,55.2,1.0
ENSPD000156,Male,21.0,Chimie,2,85.8,14.0,38.2,100.0,79.8,1.0,0.0,7.1,No,No,Middle,1.0,Yes,Salle 3,119.0,68.8,1.0
ENSPD000157,Female,22.0,Mecanique,2,68.7,31.0,76.7,59.9,74.5,4.0,0.2,5.5,Yes,No,Middle,0.0,Yes,Salle 26,231.0,67.9,1.0
ENSPD000158,Female,22.0,Telecom,3,77.9,22.0,64.6,66.6,79.0,0.0,3.3,19.9,No,No,Middle,2.0,Yes,Salle 30,154.0,70.2,1.0
ENSPD000159,Male,19.0,Electrique,2,75.4,25.0,65.7,65.2,82.0,0.0,2.7,13.9,Yes,No,Middle,1.0,Yes,Salle 26,185.0,66.0,1.0
ENSPD000160,Female,20.0,Mecanique,4,82.6,17.0,50.2,59.7,29.1,1.0,0.6,13.2,Yes,No,Middle,0.0,No,Salle 17,178.0,48.9,0.0
ENSPD000161,Male,25.0,Electrique,1,98.0,2.0,62.2,70.1,35.7,3.0,1.8,16.3,Yes,No,Low,1.0,Yes,Salle 21,143.0,50.5,1.0
ENSPD000162,Female,24.0,Electrique,2,80.2,20.0,81.4,46.8,87.4,1.0,1.4,5.4,No,Yes,Middle,0.0,Yes,Salle 16,185.0,72.4,1.0
ENSPD000163,Female,22.0,Informatique,2,80.9,19.0,65.0,72.7,48.4,1.0,1.5,7.1,Yes,No,Middle,0.0,Yes,Salle 25,298.0,57.6,1.0
ENSPD000164,Male,22.0,GenieCivil,3,100.0,0.0,65.4,30.3,50.5,2.0,1.8,12.4,Yes,No,High,0.0,Yes,Salle 18,185.0,50.8,1.0
ENSPD000165,Male,21.0,Mecanique,5,92.5,8.0,68.1,38.6,38.7,1.0,10.1,11.5,Yes,No,Middle,1.0,Yes,Salle 25,67.0,48.1,0.0
ENSPD000166,Female,25.0,GenieCivil,3,88.9,11.0,46.5,94.9,55.9,0.0,8.7,44.1,No,No,Low,1.0,Yes,Salle 10,185.0,65.8,1.0
ENSPD000167,Male,22.0,Chimie,5,100.0,0.0,74.4,39.4,57.0,1.0,8.0,33.0,Yes,No,High,1.0,Yes,Salle 23,48.0,58.9,1.0
ENSPD000168,Male,22.0,GenieCivil,2,87.9,12.0,46.2,26.7,45.3,0.0,1.6,15.7,No,No,Low,0.0,Yes,Salle 29,177.0,37.8,0.0
ENSPD000169,Male,24.0,Energetique,1,58.2,42.0,50.9,39.8,42.9,1.0,0.8,0.0,No,Yes,Middle,1.0,No,Salle 7,83.0,42.4,0.0
ENSPD000170,Female,20.0,Mecanique,1,92.0,8.0,49.3,93.3,70.4,1.0,1.6,9.8,Yes,Yes,Low,2.0,No,Salle 4,186.0,68.6,1.0
ENSPD000171,Female,25.0,GenieCivil,2,62.9,37.0,62.4,29.7,47.8,3.0,1.9,11.5,Yes,No,Middle,0.0,No,Salle 28,177.0,40.3,0.0
ENSPD000172,Male,19.0,Chimie,2,87.4,13.0,59.7,44.8,63.5,1.0,0.7,7.6,Yes,Yes,Middle,0.0,No,Salle 3,119.0,52.8,1.0
ENSPD000173,Male,25.0,GenieCivil,1,61.4,39.0,65.0,35.8,20.3,1.0,1.4,11.5,Yes,No,Middle,1.0,Yes,Salle 14,149.0,33.2,0.0
ENSPD000174,Male,21.0,GenieCivil,2,76.4,24.0,51.4,57.1,100.0,1.0,1.4,15.7,No,No,Middle,1.0,Yes,Salle 29,177.0,69.7,1.0
ENSPD000175,Female,22.0,Informatique,2,77.6,22.0,80.1,54.2,82.8,1.0,4.7,25.9,Yes,No,High,0.0,Yes,Salle 6,298.0,74.0,1.0
ENSPD000176,Male,18.0,Mecanique,1,72.8,27.0,77.5,53.3,54.1,1.0,0.5,6.6,No,No,Low,1.0,No,Salle 1,186.0,60.6,1.0
ENSPD000177,Female,21.0,Mecanique,2,77.8,22.0,62.4,95.4,46.0,1.0,1.4,19.9,No,No,Low,1.0,Yes,Salle 3,231.0,68.1,1.0
ENSPD000178,Male,20.0,Energetique,4,94.4,6.0,57.8,40.4,64.2,1.0,1.2,10.3,Yes,Yes,Low,0.0,Yes,Salle 9,70.0,56.4,1.0
ENSPD000179,Female,21.0,Mecanique,2,73.4,27.0,56.3,60.2,63.7,0.0,0.3,8.4,No,No,High,1.0,Yes,Salle 4,231.0,59.5,1.0
ENSPD000180,Male,22.0,Telecom,4,88.5,12.0,60.3,68.1,38.5,0.0,0.8,12.0,Yes,Yes,High,2.0,Yes,Salle 27,121.0,53.7,1.0
ENSPD000181,Male,24.0,Electrique,3,70.4,30.0,44.0,44.4,13.0,2.0,0.1,0.0,Yes,No,Middle,2.0,Yes,Salle 29,188.0,38.5,0.0
ENSPD000182,Male,22.0,Mecanique,2,79.7,20.0,50.6,70.8,63.5,0.0,0.8,5.3,Yes,No,Middle,2.0,No,Salle 5,231.0,51.5,1.0
ENSPD000183,Female,23.0,GenieCivil,2,85.9,14.0,77.9,61.6,63.5,1.0,0.1,3.0,Yes,No,Middle,3.0,No,Salle 27,177.0,47.4,0.0
ENSPD000184,Female,20.0,Telecom,2,70.0,30.0,69.5,61.6,67.4,1.0,5.2,28.4,No,No,Middle,0.0,Yes,Salle 22,161.0,61.5,1.0
ENSPD000185,Male,20.0,Telecom,3,66.3,34.0,89.5,60.1,67.6,0.0,0.2,12.8,Yes,No,Middle,1.0,Yes,Salle 14,154.0,66.1,1.0
ENSPD000186,Female,26.0,Informatique,2,87.9,12.0,60.5,25.1,44.5,2.0,3.4,11.1,Yes,No,Middle,0.0,Yes,Salle 24,298.0,37.5,0.0
ENSPD000187,Female,21.0,Mecanique,1,95.5,4.0,59.6,85.5,53.3,1.0,4.7,22.1,No,No,Low,1.0,Yes,Salle 3,186.0,67.3,1.0
ENSPD000188,Male,25.0,Mecanique,1,81.1,19.0,65.1,99.3,99.3,1.0,1.3,14.6,Yes,No,Low,1.0,Yes,Salle 25,186.0,83.5,1.0
ENSPD000189,Male,22.0,Informatique,4,76.5,24.0,60.2,58.8,79.5,3.0,0.1,11.5,Yes,Yes,Middle,2.0,No,Salle 8,230.0,65.3,1.0
ENSPD000190,Male,22.0,Electrique,2,83.9,16.0,55.1,45.8,55.0,2.0,1.8,13.7,Yes,No,Middle,5.0,Yes,Salle 9,185.0,53.9,1.0
ENSPD000191,Male,24.0,Telecom,3,82.7,17.0,69.1,89.1,100.0,0.0,0.5,8.8,Yes,Yes,Middle,1.0,Yes,Salle 21,154.0,81.3,1.0
ENSPD000192,Female,25.0,Mecanique,3,84.9,15.0,65.4,96.0,40.1,2.0,0.4,8.8,Yes,No,Middle,1.0,Yes,Salle 13,212.0,57.8,1.0
ENSPD000193,Female,22.0,Chimie,4,82.2,48.0,57.4,59.0,47.7,2.0,1.7,7.3,Yes,No,High,0.0,Yes,Salle 23,93.0,51.4,1.0
ENSPD000194,Female,21.0,Electrique,3,69.2,31.0,83.8,58.1,61.8,1.0,0.9,8.4,Yes,Yes,Low,1.0,Yes,Salle 11,188.0,65.6,1.0
ENSPD000195,Male,22.0,Mecanique,3,71.9,28.0,93.4,60.6,33.4,0.0,2.6,10.6,Yes,No,Middle,2.0,Yes,Salle 22,212.0,58.0,1.0
ENSPD000196,Male,23.0,Informatique,5,83.8,16.0,82.5,31.9,99.8,2.0,1.8,16.6,Yes,No,Middle,1.0,Yes,Salle 18,109.0,73.3,1.0
ENSPD000197,Female,24.0,Electrique,4,84.2,16.0,73.4,56.8,63.5,0.0,3.5,14.7,Yes,No,Middle,1.0,No,Salle 27,157.0,60.3,1.0
ENSPD000198,Female,22.0,Telecom,1,89.6,10.0,76.4,92.9,48.2,0.0,0.1,5.5,Yes,Yes,Middle,0.0,No,Salle 19,121.0,70.9,1.0
ENSPD000199,Female,23.0,Electrique,1,85.1,15.0,92.8,59.0,73.0,1.0,0.5,15.4,Yes,Yes,Middle,3.0,Yes,Salle 30,143.0,78.1,1.0
ENSPD000200,Female,25.0,Informatique,4,66.4,34.0,76.4,43.3,66.9,2.0,1.7,16.3,Yes,No,Middle,0.0,Yes,Salle 12,230.0,62.1,1.0
ENSPD000201,Female,23.0,Informatique,4,99.4,1.0,56.2,70.9,57.9,4.0,4.2,14.7,Yes,No,Middle,1.0,Yes,Salle 6,230.0,55.5,1.0
ENSPD000202,Male,23.0,Informatique,3,97.3,3.0,70.9,50.0,39.8,3.0,3.4,11.5,No,Yes,Middle,1.0,Yes,Salle 8,263.0,54.7,1.0
ENSPD000203,Male,19.0,Electrique,3,66.9,33.0,74.4,60.8,35.3,0.0,1.4,14.5,Yes,No,Middle,3.0,Yes,Salle 3,188.0,51.1,1.0
ENSPD000204,Female,17.0,Chimie,3,86.0,14.0,50.1,39.2,100.0,1.0,1.7,11.0,Yes,Yes,Middle,0.0,No,Salle 15,130.0,64.9,1.0
ENSPD000205,Female,23.0,Informatique,2,74.9,25.0,60.7,43.3,36.9,0.0,2.0,14.6,Yes,No,Middle,1.0,Yes,Salle 28,298.0,43.7,0.0
ENSPD000206,Male,22.0,Telecom,3,83.7,16.0,81.5,75.3,98.0,2.0,0.5,9.5,Yes,No,Middle,0.0,Yes,Salle 17,154.0,82.6,1.0
ENSPD000207,Male,21.0,Electrique,1,94.6,5.0,37.6,64.1,47.1,0.0,1.8,19.5,Yes,No,Middle,2.0,Yes,Salle 26,143.0,48.9,0.0
ENSPD000208,Female,22.0,Electrique,5,100.0,0.0,46.2,48.0,79.8,1.0,1.4,8.7,Yes,No,Middle,1.0,Yes,Salle 22,80.0,55.4,1.0
ENSPD000209,Male,22.0,Energetique,4,91.0,9.0,62.4,64.2,73.3,1.0,1.0,12.0,Yes,No,Middle,1.0,Yes,Salle 27,70.0,60.3,1.0
ENSPD000210,Male,24.0,Informatique,3,85.5,14.0,70.3,51.1,77.3,1.0,4.4,21.9,Yes,No,Middle,1.0,Yes,Salle 14,263.0,69.1,1.0
ENSPD000211,Male,22.0,Telecom,2,77.9,22.0,44.6,47.9,78.6,3.0,3.5,25.3,Yes,No,Middle,1.0,Yes,Salle 9,161.0,61.4,1.0
ENSPD000212,Female,21.0,Informatique,1,84.2,16.0,63.1,83.0,31.8,3.0,0.2,7.4,Yes,No,Low,1.0,Yes,Salle 11,248.0,53.2,1.0
ENSPD000213,Female,24.0,Mecanique,2,98.3,2.0,82.3,76.1,50.5,2.0,8.5,39.2,No,No,Low,0.0,Yes,Salle 3,231.0,73.7,1.0
ENSPD000214,Male,22.0,Telecom,3,81.5,18.0,66.0,61.6,36.6,3.0,0.5,6.0,Yes,Yes,High,2.0,No,Salle 9,154.0,47.3,0.0
ENSPD000215,Female,23.0,Telecom,3,71.4,29.0,79.1,64.6,67.8,0.0,0.5,3.5,Yes,No,Low,1.0,Yes,Salle 3,154.0,64.9,1.0
ENSPD000216,Male,21.0,GenieCivil,2,62.6,37.0,56.1,61.8,37.5,2.0,5.8,31.7,Yes,No,Middle,1.0,Yes,Salle 18,177.0,45.5,0.0
ENSPD000217,Male,21.0,Electrique,3,88.2,12.0,52.9,70.8,24.4,1.0,1.2,6.5,Yes,No,Middle,1.0,Yes,Salle 19,188.0,39.3,0.0
ENSPD000218,Female,22.0,Electrique,4,85.0,15.0,77.7,47.6,59.3,1.0,3.3,10.7,Yes,No,Middle,1.0,Yes,Salle 4,157.0,60.3,1.0
ENSPD000219,Female,22.0,Telecom,1,74.2,26.0,70.5,77.5,19.8,1.0,1.4,4.0,No,No,Low,1.0,Yes,Salle 6,121.0,51.0,1.0
ENSPD000220,Female,23.0,Informatique,2,94.3,6.0,47.2,68.4,69.2,3.0,4.1,22.0,No,No,Middle,2.0,Yes,Salle 9,298.0,66.5,1.0
ENSPD000221,Female,21.0,Telecom,4,76.9,23.0,53.0,57.3,38.8,2.0,3.6,14.5,Yes,No,Middle,1.0,No,Salle 12,121.0,48.7,0.0
ENSPD000222,Male,18.0,GenieCivil,3,80.4,20.0,88.5,53.2,47.2,3.0,1.5,7.8,Yes,No,High,1.0,No,Salle 2,185.0,62.4,1.0
ENSPD000223,Male,21.0,GenieCivil,3,81.8,18.0,51.1,77.1,18.4,1.0,2.4,7.0,No,No,Low,3.0,No,Salle 27,185.0,42.8,0.0
ENSPD000224,Male,24.0,GenieCivil,3,77.8,22.0,79.0,59.3,97.0,0.0,6.7,28.5,No,No,Middle,2.0,Yes,Salle 9,185.0,77.0,1.0
ENSPD000225,Male,21.0,GenieCivil,5,84.8,15.0,57.8,49.4,34.7,3.0,1.2,16.6,Yes,No,Middle,2.0,Yes,Salle 25,70.0,47.5,0.0
ENSPD000226,Male,22.0,Energetique,1,95.8,4.0,65.0,55.1,56.7,2.0,1.4,8.1,No,No,Middle,1.0,Yes,Salle 28,83.0,56.8,1.0
ENSPD000227,Female,24.0,GenieCivil,3,68.3,32.0,69.4,75.8,28.2,0.0,1.4,15.0,No,No,Middle,2.0,No,Salle 10,185.0,56.2,1.0
ENSPD000228,Male,21.0,Energetique,1,87.9,12.0,33.5,33.0,47.3,0.0,1.0,18.0,Yes,No,Low,4.0,Yes,Salle 24,83.0,37.7,0.0
ENSPD000229,Female,19.0,Informatique,1,84.1,16.0,43.1,55.6,99.0,1.0,6.5,32.3,No,No,Low,2.0,Yes,Salle 12,248.0,64.3,1.0
ENSPD000230,Female,22.0,Chimie,2,83.8,16.0,66.3,81.3,69.9,0.0,0.1,6.6,No,No,High,2.0,Yes,Salle 22,119.0,73.8,1.0
ENSPD000231,Female,21.0,Telecom,1,92.5,8.0,54.1,59.0,49.5,1.0,1.0,5.2,No,No,Middle,1.0,No,Salle 30,121.0,59.0,1.0
ENSPD000232,Male,20.0,Electrique,5,82.6,17.0,79.9,66.9,63.3,0.0,2.5,15.9,Yes,Yes,Middle,1.0,Yes,Salle 5,80.0,65.3,1.0
ENSPD000233,Male,22.0,Electrique,5,87.8,12.0,40.9,81.6,52.8,1.0,1.1,16.3,No,No,Middle,1.0,Yes,Salle 2,80.0,55.7,1.0
ENSPD000234,Male,23.0,Electrique,2,90.6,9.0,73.5,61.6,62.2,0.0,0.6,2.6,Yes,Yes,Low,2.0,No,Salle 27,185.0,66.9,1.0
ENSPD000235,Male,22.0,Telecom,3,75.9,24.0,44.4,54.1,78.9,3.0,1.1,8.7,No,No,High,2.0,Yes,Salle 21,154.0,59.9,1.0
ENSPD000236,Female,23.0,Telecom,3,85.6,14.0,59.7,59.7,57.4,2.0,4.3,17.5,Yes,No,Low,0.0,Yes,Salle 28,154.0,61.6,1.0
ENSPD000237,Male,26.0,Informatique,4,79.0,21.0,49.0,78.3,68.4,2.0,1.6,17.9,Yes,No,Middle,2.0,Yes,Salle 12,230.0,62.7,1.0
ENSPD000238,Male,21.0,Telecom,3,80.4,20.0,93.5,78.9,68.7,1.0,0.8,3.5,No,No,Middle,0.0,Yes,Salle 7,154.0,74.2,1.0
ENSPD000239,Female,23.0,GenieCivil,1,78.1,22.0,44.9,60.4,57.5,0.0,2.2,11.0,Yes,No,Middle,3.0,Yes,Salle 18,149.0,50.9,1.0
ENSPD000240,Male,21.0,Mecanique,4,87.7,12.0,63.2,61.0,49.3,2.0,1.4,8.0,No,No,Low,2.0,No,Salle 2,178.0,52.3,1.0
ENSPD000241,Female,20.0,Telecom,4,83.0,17.0,39.1,66.8,53.5,1.0,1.6,5.9,Yes,No,Middle,2.0,Yes,Salle 22,121.0,48.6,0.0
ENSPD000242,Female,21.0,GenieCivil,3,86.7,13.0,89.0,86.6,78.0,0.0,1.0,9.4,Yes,No,Middle,0.0,No,Salle 6,185.0,78.1,1.0
ENSPD000243,Female,21.0,Chimie,4,81.8,18.0,71.0,81.2,79.6,1.0,0.1,4.0,Yes,No,Middle,1.0,No,Salle 28,93.0,73.0,1.0
ENSPD000244,Male,23.0,Mecanique,4,62.8,37.0,67.1,74.5,41.2,1.0,1.9,14.0,Yes,No,Middle,0.0,Yes,Salle 1,178.0,54.4,1.0
ENSPD000245,Male,27.0,Informatique,3,82.4,18.0,87.1,42.6,58.8,1.0,1.1,11.9,No,No,Middle,1.0,Yes,Salle 19,263.0,59.5,1.0
ENSPD000246,Female,21.0,GenieCivil,3,82.8,17.0,67.2,57.1,48.9,1.0,1.1,2.7,No,Yes,Middle,1.0,No,Salle 18,185.0,57.9,1.0
ENSPD000247,Male,21.0,Informatique,5,84.9,15.0,68.3,58.0,80.0,3.0,0.5,8.2,No,No,High,0.0,Yes,Salle 16,109.0,67.2,1.0
ENSPD000248,Female,22.0,Chimie,2,74.9,25.0,67.0,87.5,54.6,0.0,0.6,3.7,Yes,No,High,1.0,No,Salle 6,119.0,66.9,1.0
ENSPD000249,Female,23.0,Mecanique,2,67.7,32.0,65.1,57.7,100.0,1.0,3.1,18.0,Yes,No,Middle,1.0,No,Salle 17,231.0,72.9,1.0
ENSPD000250,Female,23.0,GenieCivil,1,82.2,10.0,57.6,84.6,68.4,3.0,1.3,11.5,No,No,Middle,1.0,Yes,Salle 4,149.0,70.9,1.0
ENSPD000251,Male,25.0,Informatique,4,78.7,21.0,61.8,51.7,87.6,1.0,0.2,4.8,No,No,Middle,0.0,Yes,Salle 30,230.0,70.8,1.0
ENSPD000252,Male,17.0,Mecanique,4,84.1,16.0,77.2,53.2,43.7,2.0,0.1,10.7,No,No,Low,1.0,Yes,Salle 20,178.0,51.8,1.0
ENSPD000253,Female,17.0,Chimie,1,78.6,21.0,69.2,70.7,64.2,1.0,0.5,11.5,No,No,High,0.0,Yes,Salle 17,96.0,60.4,1.0
ENSPD000254,Male,21.0,Informatique,5,81.9,18.0,63.3,90.2,76.3,1.0,1.3,5.7,No,Yes,Low,0.0,Yes,Salle 24,109.0,75.5,1.0
ENSPD000255,Male,24.0,Electrique,4,76.6,23.0,44.0,58.2,43.3,4.0,1.9,13.6,No,No,Middle,0.0,Yes,Salle 12,157.0,46.1,0.0
ENSPD000256,Male,19.0,Telecom,4,70.4,30.0,87.5,15.9,64.4,1.0,0.3,14.6,No,Yes,Low,1.0,Yes,Salle 11,121.0,57.4,1.0
ENSPD000257,Female,17.0,Electrique,1,87.7,12.0,55.1,33.8,85.0,2.0,1.1,5.6,No,No,Middle,1.0,Yes,Salle 7,143.0,60.9,1.0
ENSPD000258,Female,23.0,Telecom,3,74.8,25.0,65.1,67.4,57.5,2.0,0.2,5.5,Yes,No,Middle,0.0,Yes,Salle 9,154.0,65.7,1.0
ENSPD000259,Male,22.0,Informatique,3,84.0,16.0,67.6,35.5,47.0,2.0,0.1,10.2,No,No,High,1.0,Yes,Salle 11,263.0,42.6,0.0
ENSPD000260,Male,20.0,Mecanique,3,86.9,13.0,45.6,46.4,100.0,1.0,4.0,24.7,No,No,Middle,1.0,Yes,Salle 16,212.0,64.5,1.0
ENSPD000261,Female,20.0,Telecom,3,75.0,25.0,83.8,62.2,40.6,2.0,2.1,15.9,Yes,No,Middle,1.0,Yes,Salle 10,154.0,55.3,1.0
ENSPD000262,Other,20.0,Chimie,4,67.6,32.0,68.8,17.9,67.1,1.0,3.0,14.1,Yes,No,Middle,0.0,Yes,Salle 15,93.0,50.6,1.0
ENSPD000263,Male,22.0,Electrique,2,100.0,0.0,85.0,55.2,49.8,3.0,0.4,6.5,Yes,No,Middle,1.0,Yes,Salle 29,185.0,65.3,1.0
ENSPD000264,Male,21.0,Electrique,4,75.7,24.0,62.3,41.0,45.3,1.0,0.8,8.3,Yes,Yes,Low,0.0,Yes,Salle 19,157.0,49.7,0.0
ENSPD000265,Female,23.0,GenieCivil,1,89.5,10.0,65.1,35.0,78.8,1.0,1.2,14.0,No,No,Middle,1.0,Yes,Salle 7,149.0,62.7,1.0
ENSPD000266,Female,17.0,Informatique,2,100.0,0.0,38.6,47.6,59.9,2.0,2.1,12.9,Yes,No,Middle,2.0,Yes,Salle 29,298.0,48.0,0.0
ENSPD000267,Female,20.0,Chimie,1,91.5,8.0,57.5,42.8,72.1,0.0,1.4,11.5,No,No,Middle,3.0,Yes,Salle 26,96.0,55.9,1.0
ENSPD000268,Female,20.0,Electrique,2,78.4,22.0,45.9,70.5,18.9,2.0,1.6,11.2,No,No,Low,0.0,Yes,Salle 19,185.0,44.4,0.0
ENSPD000269,Male,21.0,GenieCivil,2,81.2,19.0,59.4,83.5,74.1,1.0,0.3,6.8,No,No,Low,2.0,Yes,Salle 11,177.0,74.8,1.0
ENSPD000270,Male,21.0,Telecom,4,72.0,28.0,72.1,55.4,49.6,1.0,1.3,9.7,Yes,No,High,1.0,No,Salle 12,121.0,60.5,1.0
ENSPD000271,Female,24.0,Mecanique,3,92.6,7.0,55.9,51.3,26.4,2.0,3.5,11.5,Yes,No,Middle,2.0,Yes,Salle 30,212.0,44.8,0.0
ENSPD000272,Female,18.0,Mecanique,2,88.8,11.0,78.0,54.5,100.0,1.0,1.4,10.3,Yes,No,High,1.0,Yes,Salle 3,231.0,76.1,1.0
ENSPD000273,Female,22.0,Telecom,3,75.8,24.0,52.2,42.1,76.0,1.0,0.4,6.7,Yes,No,Middle,1.0,Yes,Salle 4,154.0,53.4,1.0
ENSPD000274,Female,23.0,Chimie,1,69.5,30.0,65.1,38.8,68.5,0.0,1.1,2.9,Yes,No,Middle,1.0,Yes,Salle 18,96.0,59.6,1.0
ENSPD000275,Male,26.0,GenieCivil,1,66.1,34.0,84.6,32.4,89.0,3.0,2.8,11.5,Yes,No,Middle,0.0,Yes,Salle 15,149.0,70.0,1.0
ENSPD000276,Male,21.0,Informatique,3,93.8,6.0,80.2,38.1,63.5,2.0,0.3,13.0,Yes,No,Low,1.0,No,Salle 23,263.0,56.2,1.0
ENSPD000277,Female,23.0,Informatique,3,83.4,17.0,59.8,91.4,48.0,1.0,1.4,4.5,Yes,No,Low,1.0,Yes,Salle 1,263.0,67.0,1.0
ENSPD000278,Female,18.0,Electrique,4,84.6,15.0,33.1,49.6,60.5,2.0,6.7,30.8,Yes,No,Middle,1.0,Yes,Salle 22,157.0,50.4,1.0
ENSPD000279,Female,17.0,Mecanique,2,72.1,28.0,73.7,9.1,63.5,0.0,1.0,6.8,No,Yes,Middle,0.0,No,Salle 26,231.0,42.0,0.0
ENSPD000280,Female,24.0,Telecom,4,82.2,36.0,63.1,51.4,54.0,2.0,0.1,11.5,No,Yes,Middle,1.0,Yes,Salle 19,121.0,45.1,0.0
ENSPD000281,Female,22.0,Energetique,3,93.6,6.0,50.3,33.4,38.8,1.0,2.0,15.0,No,No,Middle,1.0,No,Salle 2,104.0,42.8,0.0
ENSPD000282,Male,24.0,Chimie,5,82.5,18.0,65.1,63.1,44.6,1.0,0.1,6.0,No,No,Middle,0.0,Yes,Salle 25,48.0,56.1,1.0
ENSPD000283,Male,19.0,Mecanique,1,92.9,7.0,86.5,61.6,81.9,1.0,0.4,0.0,Yes,No,Low,0.0,Yes,Salle 27,186.0,71.8,1.0
ENSPD000284,Male,23.0,Chimie,3,77.4,23.0,47.9,63.0,70.6,1.0,0.1,0.0,No,No,Middle,0.0,Yes,Salle 26,130.0,64.0,1.0
ENSPD000285,Male,26.0,Mecanique,3,79.2,21.0,72.0,61.3,53.9,1.0,0.4,0.0,Yes,No,Middle,1.0,Yes,Salle 16,212.0,58.6,1.0
ENSPD000286,Male,23.0,Informatique,5,90.6,9.0,68.3,55.3,43.4,0.0,3.9,20.1,Yes,No,Low,1.0,Yes,Salle 27,109.0,51.8,1.0
ENSPD000287,Male,23.0,Informatique,1,90.8,9.0,59.6,35.8,55.9,1.0,2.7,9.2,Yes,No,Middle,0.0,Yes,Salle 17,248.0,54.5,1.0
ENSPD000288,Male,22.0,Mecanique,3,91.6,8.0,74.7,60.7,30.3,1.0,0.8,0.0,Yes,No,Middle,1.0,No,Salle 19,212.0,46.2,0.0
ENSPD000289,Male,19.0,Telecom,2,78.5,22.0,89.5,80.3,66.5,1.0,4.5,19.3,Yes,Yes,Middle,0.0,Yes,Salle 20,161.0,74.5,1.0
ENSPD000290,Female,25.0,Mecanique,3,89.4,11.0,60.6,94.6,82.9,0.0,2.2,11.1,No,No,Middle,2.0,Yes,Salle 23,212.0,78.7,1.0
ENSPD000291,Male,21.0,Informatique,2,95.3,5.0,61.4,57.7,100.0,1.0,1.2,9.5,Yes,No,Low,1.0,Yes,Salle 10,298.0,73.5,1.0
ENSPD000292,Male,23.0,Energetique,1,80.7,19.0,74.3,59.7,41.9,1.0,0.1,5.4,Yes,No,High,2.0,Yes,Salle 11,83.0,55.4,1.0
ENSPD000293,Female,19.0,Informatique,3,75.8,24.0,78.8,61.6,82.1,0.0,2.6,15.6,No,No,High,3.0,Yes,Salle 4,263.0,75.7,1.0
ENSPD000294,Male,20.0,Chimie,2,98.1,2.0,63.1,88.9,49.9,1.0,0.9,11.9,No,No,Middle,0.0,Yes,Salle 15,119.0,63.0,1.0
ENSPD000295,Male,25.0,Mecanique,1,74.1,26.0,60.4,53.2,41.4,0.0,0.7,6.6,Yes,No,Middle,1.0,Yes,Salle 7,186.0,46.6,0.0
ENSPD000296,Male,21.0,Informatique,2,89.6,10.0,31.7,74.5,41.4,0.0,0.7,10.8,No,No,Low,0.0,Yes,Salle 14,298.0,46.4,0.0
ENSPD000297,Female,25.0,Telecom,1,81.3,19.0,53.3,47.2,66.8,0.0,0.0,3.6,No,No,Middle,1.0,Yes,Salle 25,121.0,54.3,1.0
ENSPD000298,Male,22.0,Informatique,5,59.9,40.0,47.9,67.9,45.4,0.0,2.7,14.2,Yes,No,Middle,1.0,No,Salle 14,109.0,50.0,1.0
ENSPD000299,Female,18.0,Electrique,3,95.5,4.0,75.3,79.5,51.9,0.0,0.3,3.9,Yes,No,Low,1.0,Yes,Salle 25,188.0,64.4,1.0
ENSPD000300,Male,24.0,Mecanique,4,48.9,51.0,65.1,38.8,55.2,0.0,1.5,10.9,No,No,Low,1.0,Yes,Salle 14,178.0,48.9,0.0
ENSPD000301,Male,21.0,Informatique,2,58.2,42.0,60.8,61.6,49.2,1.0,0.0,11.5,No,No,Middle,2.0,No,Salle 12,298.0,53.8,1.0
ENSPD000302,Male,23.0,Informatique,4,88.3,12.0,64.9,79.2,47.7,1.0,2.0,15.6,No,No,Low,1.0,No,Salle 25,230.0,57.4,1.0
ENSPD000303,Male,22.0,Informatique,3,88.3,12.0,51.9,73.1,15.4,1.0,0.9,11.0,Yes,No,Low,2.0,No,Salle 20,263.0,45.8,0.0
ENSPD000304,Female,19.0,Informatique,3,74.3,26.0,88.3,80.6,65.7,1.0,2.0,14.2,No,No,Low,1.0,Yes,Salle 22,263.0,71.6,1.0
ENSPD000305,Female,22.0,Chimie,3,83.8,16.0,84.5,77.3,65.4,2.0,0.2,1.2,Yes,No,Middle,0.0,Yes,Salle 1,130.0,67.9,1.0
ENSPD000306,Female,26.0,GenieCivil,4,82.2,48.0,89.3,55.9,48.1,1.0,0.6,18.4,Yes,Yes,Middle,0.0,No,Salle 29,173.0,58.6,1.0
ENSPD000307,Male,23.0,Mecanique,3,90.5,10.0,75.3,100.0,71.2,1.0,0.2,0.5,No,No,Low,1.0,Yes,Salle 5,212.0,78.4,1.0
ENSPD000308,Male,22.0,GenieCivil,2,85.0,15.0,64.6,64.5,91.9,1.0,2.1,13.9,No,No,Middle,0.0,Yes,Salle 19,177.0,74.0,1.0
ENSPD000309,Female,24.0,Telecom,1,82.2,18.0,89.2,7.0,64.5,3.0,0.2,17.8,Yes,No,Low,1.0,Yes,Salle 26,121.0,47.5,0.0
ENSPD000310,Male,22.0,Telecom,3,82.3,18.0,54.8,56.9,90.6,3.0,1.4,11.5,No,Yes,Low,1.0,Yes,Salle 22,154.0,65.9,1.0
ENSPD000311,Male,22.0,Chimie,3,87.9,12.0,51.9,53.6,100.0,4.0,0.3,3.4,Yes,No,Middle,3.0,Yes,Salle 6,130.0,75.8,1.0
ENSPD000312,Male,20.0,Telecom,1,81.7,18.0,56.0,76.3,100.0,1.0,1.4,32.7,Yes,No,Low,1.0,Yes,Salle 25,121.0,73.5,1.0
ENSPD000313,Male,22.0,Mecanique,2,59.5,40.0,72.8,53.9,40.2,1.0,1.1,10.2,Yes,No,Low,2.0,Yes,Salle 13,231.0,55.3,1.0
ENSPD000314,Female,24.0,Mecanique,3,100.0,0.0,53.6,81.8,40.3,1.0,0.3,2.9,Yes,No,Middle,1.0,Yes,Salle 14,212.0,50.4,1.0
ENSPD000315,Female,20.0,Electrique,4,96.4,4.0,62.7,72.0,55.1,3.0,1.4,6.3,No,No,High,1.0,Yes,Salle 16,157.0,61.1,1.0
ENSPD000316,Female,25.0,Electrique,1,66.6,33.0,41.0,61.6,66.6,0.0,0.8,6.7,Yes,No,Middle,0.0,Yes,Salle 6,143.0,47.5,0.0
ENSPD000317,Male,22.0,GenieCivil,2,77.9,22.0,72.2,59.5,95.7,2.0,4.4,21.7,Yes,No,Low,0.0,Yes,Salle 28,177.0,73.4,1.0
ENSPD000318,Male,20.0,GenieCivil,4,79.2,21.0,42.2,48.0,76.5,2.0,0.3,6.4,Yes,No,Middle,2.0,Yes,Salle 1,173.0,55.5,1.0
ENSPD000319,Male,24.0,Energetique,3,94.9,5.0,51.0,65.3,39.9,1.0,3.1,20.2,No,Yes,Middle,1.0,No,Salle 6,104.0,53.9,1.0
ENSPD000320,Male,21.0,Telecom,2,56.1,44.0,83.3,47.9,51.8,0.0,1.1,13.0,Yes,No,Low,1.0,No,Salle 2,161.0,51.7,1.0
ENSPD000321,Male,24.0,GenieCivil,4,76.0,24.0,82.7,63.3,63.2,1.0,3.2,14.9,Yes,No,Middle,0.0,Yes,Salle 28,173.0,74.4,1.0
ENSPD000322,Female,21.0,Chimie,3,60.9,39.0,70.6,57.1,34.2,1.0,4.1,22.8,No,No,Middle,0.0,No,Salle 26,130.0,45.7,0.0
ENSPD000323,Female,22.0,Mecanique,3,78.6,21.0,69.1,59.3,64.3,1.0,12.3,53.1,Yes,No,Middle,0.0,Yes,Salle 29,212.0,62.5,1.0
ENSPD000324,Male,23.0,Informatique,5,76.3,24.0,57.0,98.9,40.2,2.0,0.1,11.5,No,No,Middle,1.0,No,Salle 5,109.0,57.5,1.0
ENSPD000325,Female,23.0,Mecanique,5,83.0,17.0,53.4,55.5,31.0,0.0,3.2,13.7,No,No,Low,2.0,Yes,Salle 3,67.0,45.9,0.0
ENSPD000326,Female,18.0,GenieCivil,2,74.7,25.0,59.6,27.2,63.5,4.0,0.1,5.3,Yes,No,Middle,0.0,No,Salle 15,177.0,38.1,0.0
ENSPD000327,Male,20.0,Informatique,1,73.0,27.0,42.3,80.3,72.2,2.0,0.8,0.9,No,Yes,Middle,3.0,Yes,Salle 27,248.0,63.9,1.0
ENSPD000328,Female,24.0,Telecom,2,89.4,11.0,68.8,80.1,72.1,1.0,1.4,16.2,Yes,No,Middle,1.0,Yes,Salle 10,161.0,73.0,1.0
ENSPD000329,Male,22.0,Mecanique,1,87.5,12.0,65.7,26.4,65.9,1.0,1.2,17.0,Yes,No,Low,0.0,Yes,Salle 18,186.0,53.1,1.0
ENSPD000330,Male,21.0,Electrique,1,88.6,11.0,65.1,49.4,83.8,0.0,1.7,18.0,No,Yes,Middle,2.0,Yes,Salle 28,143.0,61.0,1.0
ENSPD000331,Male,19.0,Informatique,2,79.9,20.0,88.5,69.8,81.7,1.0,6.8,35.6,No,No,Middle,0.0,Yes,Salle 18,298.0,73.6,1.0
ENSPD000332,Female,20.0,Informatique,5,75.1,25.0,74.1,71.4,68.1,1.0,3.4,20.9,No,Yes,Middle,0.0,Yes,Salle 12,109.0,66.8,1.0
ENSPD000333,Male,18.0,Telecom,4,80.6,19.0,75.4,61.9,65.3,1.0,0.9,16.9,Yes,No,Middle,0.0,No,Salle 6,121.0,67.6,1.0
ENSPD000334,Male,22.0,Electrique,3,88.0,12.0,57.7,62.3,66.6,0.0,1.8,10.0,No,No,Low,3.0,No,Salle 1,188.0,59.8,1.0
ENSPD000335,Male,21.0,Energetique,3,55.9,44.0,65.0,45.1,61.0,1.0,0.1,4.4,Yes,No,Middle,0.0,Yes,Salle 27,104.0,55.0,1.0
ENSPD000336,Male,20.0,Energetique,1,86.7,13.0,74.4,18.8,20.5,1.0,1.2,15.5,Yes,No,Low,2.0,Yes,Salle 30,83.0,36.2,0.0
ENSPD000337,Female,22.0,Mecanique,1,85.7,14.0,67.3,98.9,86.7,0.0,1.9,12.0,Yes,No,Middle,0.0,Yes,Salle 5,186.0,83.7,1.0
ENSPD000338,Female,23.0,Mecanique,1,82.7,17.0,89.0,44.6,72.0,2.0,2.5,11.3,No,No,Middle,0.0,Yes,Salle 20,186.0,64.9,1.0
ENSPD000339,Male,26.0,Telecom,4,80.2,20.0,61.9,61.6,39.7,0.0,4.6,17.3,No,No,High,1.0,No,Salle 26,121.0,54.7,1.0
ENSPD000340,Male,19.0,Energetique,1,51.2,49.0,57.4,59.1,92.6,0.0,0.7,4.4,Yes,No,High,2.0,Yes,Salle 17,83.0,67.6,1.0
ENSPD000341,Male,24.0,Electrique,4,76.7,23.0,74.5,78.1,52.2,0.0,4.6,30.4,Yes,Yes,Middle,1.0,No,Salle 10,157.0,72.0,1.0
ENSPD000342,Male,24.0,Chimie,3,100.0,0.0,46.0,61.6,61.8,0.0,2.2,13.4,Yes,No,Low,3.0,Yes,Salle 29,130.0,60.5,1.0
ENSPD000343,Male,20.0,Chimie,2,82.2,18.0,78.9,64.8,84.5,2.0,0.2,2.8,Yes,No,Middle,1.0,No,Salle 9,119.0,80.9,1.0
ENSPD000344,Male,22.0,Mecanique,1,78.3,22.0,45.5,14.6,68.4,4.0,1.0,11.5,Yes,Yes,Low,0.0,Yes,Salle 26,186.0,44.7,0.0
ENSPD000345,Male,21.0,Electrique,3,82.2,18.0,74.6,47.0,90.7,1.0,1.3,11.5,Yes,No,Middle,0.0,Yes,Salle 20,188.0,75.6,1.0
ENSPD000346,Male,22.0,Telecom,4,82.2,14.0,55.3,75.4,57.0,0.0,0.9,1.2,No,No,Middle,1.0,Yes,Salle 14,177.0,56.3,1.0
ENSPD000347,Female,25.0,Electrique,4,89.9,10.0,72.1,73.8,97.8,2.0,0.2,2.2,No,No,Middle,1.0,Yes,Salle 18,157.0,83.7,1.0
ENSPD000348,Male,23.0,Informatique,2,79.3,21.0,78.6,44.9,48.4,2.0,1.6,5.4,No,No,Middle,0.0,Yes,Salle 27,298.0,54.6,1.0
ENSPD000349,Male,23.0,Mecanique,3,82.2,13.0,67.3,33.6,90.4,2.0,0.3,12.1,Yes,No,Middle,1.0,No,Salle 23,212.0,62.1,1.0
ENSPD000350,Female,21.0,Informatique,2,100.0,0.0,47.0,64.3,18.7,0.0,4.9,24.1,Yes,No,Low,4.0,Yes,Salle 15,298.0,40.2,0.0
ENSPD000351,Male,19.0,Mecanique,5,94.1,6.0,51.5,9.7,42.0,2.0,4.0,20.3,No,No,Middle,0.0,Yes,Salle 11,67.0,34.9,0.0
ENSPD000352,Female,22.0,Telecom,4,100.0,0.0,54.1,41.3,70.0,1.0,1.3,9.5,Yes,No,Low,3.0,No,Salle 1,121.0,60.6,1.0
ENSPD000353,Female,24.0,Informatique,3,74.1,26.0,36.6,93.7,56.0,1.0,0.1,0.9,Yes,No,Middle,0.0,Yes,Salle 16,263.0,61.6,1.0
ENSPD000354,Male,19.0,Informatique,2,100.0,0.0,81.9,61.6,62.5,1.0,1.6,13.5,Yes,No,Middle,1.0,Yes,Salle 11,298.0,72.2,1.0
ENSPD000355,Male,20.0,Mecanique,3,72.5,28.0,66.7,70.8,64.8,0.0,1.8,19.5,Yes,Yes,Middle,1.0,Yes,Salle 2,212.0,71.7,1.0
ENSPD000356,Female,22.0,Electrique,2,86.2,14.0,65.1,61.6,40.2,0.0,1.4,20.1,Yes,No,High,2.0,Yes,Salle 13,185.0,53.1,1.0
ENSPD000357,Male,20.0,GenieCivil,1,90.8,9.0,86.8,26.9,41.7,1.0,0.1,9.0,Yes,No,Low,0.0,Yes,Salle 3,149.0,50.0,1.0
ENSPD000358,Female,20.0,Informatique,2,75.9,24.0,54.5,48.7,68.6,0.0,2.4,14.2,No,Yes,Middle,2.0,Yes,Salle 20,298.0,58.2,1.0
ENSPD000359,Female,21.0,Informatique,5,82.2,17.0,68.8,56.7,50.7,0.0,1.7,8.7,No,No,High,0.0,Yes,Salle 2,109.0,56.8,1.0
ENSPD000360,Male,19.0,Mecanique,3,92.9,7.0,52.6,49.1,90.8,4.0,0.4,10.2,Yes,No,Middle,1.0,Yes,Salle 23,212.0,66.8,1.0
ENSPD000361,Male,20.0,GenieCivil,1,73.5,26.0,34.7,55.7,60.2,1.0,0.3,0.0,Yes,No,Middle,3.0,Yes,Salle 24,149.0,50.1,1.0
ENSPD000362,Female,23.0,Mecanique,4,100.0,0.0,44.5,85.4,78.4,1.0,2.4,8.9,No,No,Middle,0.0,Yes,Salle 27,178.0,69.4,1.0
ENSPD000363,Male,19.0,Energetique,2,65.4,35.0,58.3,52.2,72.9,1.0,0.8,15.3,Yes,No,High,2.0,Yes,Salle 22,71.0,57.1,1.0
ENSPD000364,Male,19.0,GenieCivil,2,100.0,0.0,78.5,55.9,52.0,1.0,19.4,81.0,Yes,No,Middle,2.0,Yes,Salle 1,177.0,61.5,1.0
ENSPD000365,Female,21.0,Informatique,2,94.0,6.0,70.2,75.3,24.4,0.0,4.5,27.8,Yes,No,Middle,4.0,Yes,Salle 13,298.0,56.9,1.0
ENSPD000366,Male,23.0,Chimie,3,80.9,19.0,67.1,36.4,87.7,1.0,1.7,11.3,No,No,Low,4.0,Yes,Salle 5,130.0,62.6,1.0
ENSPD000367,Female,22.0,Mecanique,3,77.2,23.0,34.8,46.9,44.4,1.0,2.1,3.2,No,Yes,Low,2.0,Yes,Salle 21,212.0,42.5,0.0
ENSPD000368,Female,21.0,Electrique,3,75.9,24.0,84.1,48.7,55.9,0.0,0.3,8.9,Yes,No,High,2.0,Yes,Salle 21,188.0,58.5,1.0
ENSPD000369,Male,22.0,Mecanique,4,80.4,20.0,68.4,63.0,61.0,2.0,4.5,24.5,Yes,No,Middle,1.0,Yes,Salle 12,178.0,57.6,1.0
ENSPD000370,Male,19.0,Electrique,2,81.4,19.0,63.2,55.8,63.0,2.0,1.2,11.5,Yes,No,Middle,3.0,No,Salle 8,185.0,65.8,1.0
ENSPD000371,Male,23.0,Chimie,4,97.1,3.0,82.0,56.4,83.2,0.0,1.5,11.5,Yes,No,Middle,3.0,No,Salle 27,93.0,73.0,1.0
ENSPD000372,Male,23.0,Telecom,1,100.0,0.0,83.7,50.0,64.1,2.0,4.1,25.1,Yes,No,Middle,3.0,No,Salle 5,121.0,65.8,1.0
ENSPD000373,Male,21.0,Mecanique,4,84.4,16.0,82.3,42.7,61.5,1.0,0.0,2.0,Yes,No,High,1.0,Yes,Salle 20,178.0,58.5,1.0
ENSPD000374,Female,24.0,Mecanique,3,71.9,28.0,61.3,73.0,84.4,0.0,1.4,14.9,Yes,No,Middle,2.0,Yes,Salle 8,212.0,69.4,1.0
ENSPD000375,Male,20.0,GenieCivil,3,75.5,24.0,49.9,55.9,76.0,0.0,2.0,13.9,Yes,No,Middle,2.0,Yes,Salle 4,185.0,65.2,1.0
ENSPD000376,Male,24.0,Telecom,3,79.8,20.0,79.8,73.1,49.3,3.0,0.3,6.5,Yes,No,High,2.0,Yes,Salle 13,154.0,59.0,1.0
ENSPD000377,Female,22.0,Telecom,3,69.6,30.0,44.5,42.0,41.1,0.0,0.1,2.5,No,No,Low,2.0,Yes,Salle 22,154.0,44.3,0.0
ENSPD000378,Male,21.0,Informatique,1,67.9,32.0,94.2,50.0,47.5,0.0,1.5,7.3,Yes,No,Low,0.0,Yes,Salle 29,248.0,58.5,1.0
ENSPD000379,Female,22.0,Informatique,4,100.0,0.0,65.4,58.0,63.0,1.0,1.6,17.1,Yes,No,Low,1.0,Yes,Salle 20,230.0,63.4,1.0
ENSPD000380,Male,22.0,GenieCivil,1,85.6,14.0,49.1,59.7,63.5,0.0,0.8,9.7,No,Yes,High,0.0,No,Salle 28,149.0,43.9,0.0
ENSPD000381,Male,24.0,Informatique,1,72.0,28.0,65.1,75.6,65.8,1.0,4.3,26.0,Yes,No,Middle,2.0,No,Salle 26,248.0,61.2,1.0
ENSPD000382,Female,20.0,Mecanique,3,91.8,8.0,65.1,54.3,61.4,2.0,0.7,5.9,Yes,No,High,2.0,Yes,Salle 4,212.0,57.0,1.0
ENSPD000383,Male,20.0,Informatique,4,67.9,32.0,67.1,75.4,13.1,2.0,1.5,13.0,Yes,No,Low,1.0,Yes,Salle 7,230.0,50.7,1.0
ENSPD000384,Female,24.0,Electrique,1,68.8,31.0,64.9,68.7,35.9,1.0,0.4,5.2,Yes,Yes,Low,1.0,Yes,Salle 1,143.0,50.8,1.0
ENSPD000385,Female,21.0,Energetique,5,72.4,28.0,46.5,60.1,6.3,1.0,0.0,11.5,Yes,No,Middle,1.0,Yes,Salle 30,40.0,29.8,0.0
ENSPD000386,Female,24.0,Energetique,5,100.0,0.0,59.7,61.6,57.1,1.0,1.1,3.8,Yes,No,Low,0.0,Yes,Salle 16,40.0,52.5,1.0
ENSPD000387,Male,25.0,Mecanique,3,79.0,21.0,44.5,75.6,85.5,1.0,1.5,5.5,Yes,No,High,1.0,Yes,Salle 10,212.0,66.9,1.0
ENSPD000388,Male,21.0,Electrique,3,52.7,47.0,73.8,45.3,26.2,2.0,2.9,12.2,No,Yes,Middle,1.0,Yes,Salle 26,188.0,47.1,0.0
ENSPD000389,Female,23.0,Telecom,4,96.5,4.0,64.2,61.6,37.6,0.0,1.2,9.8,Yes,Yes,Middle,1.0,Yes,Salle 8,121.0,53.5,1.0
ENSPD000390,Female,20.0,Informatique,2,78.3,22.0,65.1,61.0,63.5,1.0,0.7,0.0,Yes,Yes,Middle,1.0,Yes,Salle 17,298.0,59.3,1.0
ENSPD000391,Other,24.0,Electrique,3,59.8,40.0,45.7,58.3,42.7,1.0,1.9,14.4,No,No,Middle,0.0,Yes,Salle 2,188.0,47.5,0.0
ENSPD000392,Male,22.0,GenieCivil,5,78.2,22.0,60.5,55.0,42.6,2.0,1.0,11.5,No,No,Middle,1.0,Yes,Salle 12,70.0,49.0,0.0
ENSPD000393,Male,23.0,Informatique,5,88.3,12.0,58.8,47.2,74.8,1.0,0.5,0.0,Yes,No,Middle,0.0,Yes,Salle 23,109.0,56.4,1.0
ENSPD000394,Female,21.0,GenieCivil,5,86.8,13.0,69.8,32.9,54.1,1.0,4.8,22.6,No,No,High,0.0,No,Salle 20,70.0,51.8,1.0
ENSPD000395,Male,19.0,Informatique,2,100.0,0.0,65.1,87.3,34.3,3.0,1.5,18.4,No,No,Middle,2.0,Yes,Salle 29,298.0,62.0,1.0
ENSPD000396,Female,23.0,Electrique,2,71.8,28.0,65.1,53.1,22.2,3.0,0.4,11.5,Yes,No,Middle,2.0,No,Salle 19,185.0,42.3,0.0
ENSPD000397,Female,18.0,Mecanique,2,82.6,17.0,65.1,59.7,100.0,3.0,2.2,9.8,Yes,No,Middle,1.0,Yes,Salle 21,231.0,73.2,1.0
ENSPD000398,Male,21.0,Mecanique,2,73.6,26.0,37.1,59.6,63.5,1.0,3.2,16.3,Yes,Yes,Middle,0.0,Yes,Salle 21,231.0,63.6,1.0
ENSPD000399,Female,24.0,Informatique,2,63.5,36.0,79.9,81.7,55.0,0.0,2.8,20.9,Yes,No,High,1.0,Yes,Salle 3,298.0,60.2,1.0
ENSPD000400,Female,22.0,Telecom,2,92.6,7.0,51.0,96.8,65.8,0.0,1.8,7.6,Yes,No,High,0.0,Yes,Salle 1,161.0,74.5,1.0
ENSPD000401,Male,26.0,GenieCivil,3,87.6,12.0,48.4,64.9,54.2,2.0,1.5,13.2,Yes,No,Low,0.0,Yes,Salle 20,185.0,53.9,1.0
ENSPD000402,Female,24.0,Electrique,4,85.4,15.0,64.4,59.2,74.2,5.0,3.0,18.7,Yes,No,Low,0.0,Yes,Salle 27,157.0,61.4,1.0
ENSPD000403,Male,21.0,Electrique,4,87.1,13.0,69.5,41.8,46.9,1.0,2.5,11.5,Yes,No,Middle,2.0,No,Salle 6,157.0,54.0,1.0
ENSPD000404,Female,22.0,GenieCivil,4,73.8,26.0,57.0,36.0,53.1,1.0,1.7,10.3,No,No,Middle,1.0,Yes,Salle 20,173.0,49.6,0.0
ENSPD000405,Male,22.0,Informatique,1,69.9,30.0,56.9,30.1,73.1,1.0,2.1,17.1,Yes,No,Middle,0.0,No,Salle 15,248.0,53.5,1.0
ENSPD000406,Female,19.0,Chimie,1,82.5,18.0,59.1,47.7,93.1,0.0,0.4,2.0,Yes,No,Middle,2.0,Yes,Salle 17,96.0,68.9,1.0
ENSPD000407,Male,20.0,Informatique,4,95.9,4.0,86.2,24.4,78.8,0.0,0.0,6.6,Yes,No,High,2.0,Yes,Salle 2,230.0,58.9,1.0
ENSPD000408,Male,21.0,Informatique,3,100.0,0.0,65.0,61.6,88.7,1.0,5.4,20.4,Yes,No,High,0.0,No,Salle 16,263.0,82.4,1.0
ENSPD000409,Female,18.0,Chimie,3,91.5,8.0,50.5,69.6,57.8,3.0,5.5,30.9,No,Yes,Middle,0.0,No,Salle 24,130.0,56.6,1.0
ENSPD000410,Male,22.0,Informatique,1,82.4,18.0,50.6,57.5,51.5,1.0,3.1,20.4,No,No,Middle,0.0,No,Salle 29,248.0,49.7,0.0
ENSPD000411,Male,22.0,Mecanique,2,85.2,15.0,61.2,82.0,25.2,0.0,0.9,11.5,Yes,No,Middle,0.0,Yes,Salle 5,231.0,55.8,1.0
ENSPD000412,Female,19.0,GenieCivil,3,82.1,18.0,68.6,42.7,65.4,2.0,0.3,5.3,Yes,No,Middle,2.0,Yes,Salle 12,185.0,54.7,1.0
ENSPD000413,Female,23.0,GenieCivil,4,69.7,30.0,72.3,47.2,71.6,1.0,0.9,10.5,Yes,Yes,Low,0.0,Yes,Salle 3,173.0,65.5,1.0
ENSPD000414,Male,23.0,Electrique,5,82.3,18.0,66.9,27.2,58.0,1.0,2.6,11.5,Yes,No,Middle,1.0,Yes,Salle 2,80.0,51.4,1.0
ENSPD000415,Male,22.0,Electrique,3,66.0,34.0,52.4,75.9,48.5,1.0,0.8,11.5,No,No,High,1.0,Yes,Salle 6,188.0,58.4,1.0
ENSPD000416,Male,21.0,Electrique,3,80.5,20.0,58.6,47.4,88.9,1.0,3.2,17.8,Yes,Yes,Middle,2.0,Yes,Salle 28,188.0,62.4,1.0
ENSPD000417,Male,23.0,Chimie,4,100.0,0.0,76.0,62.3,76.6,1.0,2.2,7.0,Yes,Yes,Middle,0.0,No,Salle 6,93.0,74.9,1.0
ENSPD000418,Male,23.0,Mecanique,3,91.9,8.0,47.8,80.0,90.3,1.0,2.0,16.6,Yes,No,Middle,2.0,Yes,Salle 29,212.0,74.8,1.0
ENSPD000419,Female,23.0,Mecanique,3,70.9,29.0,58.0,86.7,44.9,2.0,5.3,34.5,Yes,No,Middle,0.0,No,Salle 20,212.0,58.5,1.0
ENSPD000420,Female,20.0,GenieCivil,4,81.1,19.0,74.0,61.5,49.8,1.0,4.5,32.6,No,No,Middle,2.0,Yes,Salle 4,173.0,56.2,1.0
ENSPD000421,Female,23.0,Mecanique,4,72.0,28.0,78.1,68.9,88.1,2.0,2.5,7.2,Yes,No,Low,1.0,Yes,Salle 29,178.0,75.7,1.0
ENSPD000422,Female,24.0,Energetique,4,81.2,19.0,62.1,61.6,63.1,3.0,1.4,11.5,Yes,No,Middle,1.0,Yes,Salle 10,70.0,50.5,1.0
ENSPD000423,Male,21.0,Telecom,1,94.5,6.0,58.8,92.3,52.6,1.0,5.6,24.9,No,No,Low,2.0,Yes,Salle 20,121.0,62.7,1.0
ENSPD000424,Male,26.0,Informatique,3,89.8,10.0,45.2,59.0,54.0,4.0,0.5,6.6,Yes,No,Middle,1.0,Yes,Salle 30,263.0,51.9,1.0
ENSPD000425,Male,21.0,Informatique,4,100.0,0.0,72.9,63.4,63.8,1.0,0.9,4.7,Yes,No,Middle,3.0,Yes,Salle 3,230.0,64.9,1.0
ENSPD000426,Male,22.0,Informatique,1,96.3,4.0,84.8,54.7,84.1,1.0,3.5,21.4,Yes,No,Middle,2.0,Yes,Salle 27,248.0,77.5,1.0
ENSPD000427,Male,21.0,Mecanique,4,84.4,16.0,65.1,83.6,60.8,0.0,0.5,0.0,No,No,Middle,2.0,Yes,Salle 1,178.0,77.8,1.0
ENSPD000428,Female,22.0,Informatique,1,90.1,10.0,70.8,65.6,79.8,1.0,1.4,8.2,No,No,Middle,2.0,Yes,Salle 9,248.0,73.4,1.0
ENSPD000429,Male,19.0,GenieCivil,4,79.6,20.0,64.2,75.7,73.3,1.0,1.2,0.8,Yes,No,Low,1.0,Yes,Salle 25,173.0,73.2,1.0
ENSPD000430,Male,21.0,Telecom,3,68.5,32.0,51.2,68.4,46.4,1.0,2.0,11.5,Yes,No,High,0.0,No,Salle 23,154.0,56.3,1.0
ENSPD000431,Male,20.0,Chimie,1,97.7,2.0,36.8,58.0,46.4,1.0,6.3,28.9,Yes,Yes,Middle,1.0,Yes,Salle 19,96.0,49.3,0.0
ENSPD000432,Female,22.0,Informatique,3,94.1,6.0,67.7,78.7,55.0,2.0,3.3,11.9,Yes,No,Middle,0.0,No,Salle 18,263.0,64.2,1.0
ENSPD000433,Female,24.0,Mecanique,3,79.1,21.0,100.0,68.2,37.3,1.0,0.7,9.9,Yes,No,Middle,1.0,No,Salle 20,212.0,68.0,1.0
ENSPD000434,Male,23.0,GenieCivil,3,85.3,15.0,84.1,44.7,53.7,3.0,0.1,7.1,No,No,Middle,1.0,Yes,Salle 11,185.0,47.6,0.0
ENSPD000435,Male,17.0,Telecom,2,96.9,3.0,81.7,44.2,94.3,0.0,6.8,35.7,Yes,No,Middle,1.0,Yes,Salle 9,161.0,74.1,1.0
ENSPD000436,Female,26.0,Telecom,4,92.2,8.0,68.7,64.7,63.4,1.0,1.8,17.8,Yes,Yes,Low,0.0,Yes,Salle 25,121.0,68.9,1.0
ENSPD000437,Male,23.0,Telecom,3,64.4,36.0,70.4,78.3,48.7,2.0,0.4,5.5,No,No,High,2.0,No,Salle 7,154.0,57.3,1.0
ENSPD000438,Female,20.0,GenieCivil,3,84.9,15.0,28.6,91.5,100.0,0.0,2.0,13.9,No,No,Middle,0.0,Yes,Salle 4,185.0,78.5,1.0
ENSPD000439,Female,22.0,Electrique,1,80.0,20.0,76.4,30.0,45.4,2.0,0.1,1.3,Yes,No,Middle,2.0,Yes,Salle 25,143.0,48.4,0.0
ENSPD000440,Male,22.0,Informatique,5,95.4,5.0,56.3,62.5,44.8,1.0,0.4,6.9,Yes,Yes,Middle,2.0,Yes,Salle 6,109.0,51.1,1.0
ENSPD000441,Male,21.0,Electrique,1,94.4,6.0,54.5,70.8,88.6,0.0,2.0,13.5,No,No,Low,1.0,Yes,Salle 13,143.0,74.6,1.0
ENSPD000442,Other,22.0,Mecanique,3,97.8,2.0,60.2,67.3,77.2,5.0,1.0,15.1,Yes,No,Low,0.0,Yes,Salle 16,212.0,72.7,1.0
ENSPD000443,Male,21.0,GenieCivil,4,68.6,31.0,59.6,80.2,61.4,2.0,0.8,10.3,No,No,Middle,0.0,No,Salle 2,173.0,66.0,1.0
ENSPD000444,Male,21.0,Electrique,1,72.6,27.0,54.2,73.8,80.6,1.0,2.1,15.6,No,No,Low,0.0,Yes,Salle 21,143.0,67.9,1.0
ENSPD000445,Female,21.0,Mecanique,3,95.4,5.0,65.2,44.3,70.0,0.0,4.0,19.8,Yes,No,Middle,1.0,Yes,Salle 27,212.0,53.7,1.0
ENSPD000446,Female,19.0,Informatique,2,74.9,25.0,56.6,43.7,40.3,0.0,2.3,1.1,No,No,Middle,1.0,Yes,Salle 20,298.0,43.6,0.0
ENSPD000447,Other,22.0,Informatique,4,63.7,36.0,66.5,67.6,16.0,3.0,1.2,11.5,Yes,No,High,2.0,Yes,Salle 18,230.0,48.7,0.0
ENSPD000448,Female,23.0,Informatique,3,88.4,12.0,42.7,79.8,52.7,0.0,2.2,11.9,Yes,No,Middle,1.0,Yes,Salle 30,263.0,54.7,1.0
ENSPD000449,Male,23.0,Informatique,4,75.4,25.0,65.1,64.6,85.7,4.0,2.4,10.2,Yes,No,High,1.0,No,Salle 2,230.0,73.0,1.0
ENSPD000450,Male,24.0,Informatique,4,100.0,0.0,48.6,33.6,55.4,1.0,3.0,20.0,Yes,No,Low,1.0,No,Salle 13,230.0,42.6,0.0
ENSPD000451,Female,23.0,Mecanique,3,85.6,14.0,55.4,43.2,73.2,0.0,0.7,11.7,No,No,Middle,2.0,No,Salle 22,212.0,61.4,1.0
ENSPD000452,Male,21.0,Mecanique,4,83.9,16.0,67.2,74.4,67.7,1.0,0.2,1.8,Yes,No,Low,0.0,Yes,Salle 6,178.0,62.2,1.0
ENSPD000453,Male,24.0,Energetique,3,77.6,22.0,40.9,55.7,30.1,1.0,2.3,14.4,No,No,Low,1.0,Yes,Salle 9,104.0,37.6,0.0
ENSPD000454,Female,19.0,Mecanique,2,100.0,0.0,52.7,64.1,55.9,0.0,0.3,5.8,No,No,Middle,0.0,Yes,Salle 30,231.0,55.6,1.0
ENSPD000455,Male,20.0,Informatique,3,86.3,14.0,73.5,81.2,71.2,1.0,1.2,14.3,Yes,No,Low,0.0,Yes,Salle 30,263.0,68.2,1.0
ENSPD000456,Male,20.0,GenieCivil,4,77.1,23.0,43.8,40.4,48.3,0.0,0.5,11.5,Yes,No,Low,1.0,Yes,Salle 27,173.0,43.9,0.0
ENSPD000457,Male,24.0,Telecom,2,82.2,28.0,91.7,54.5,56.7,1.0,0.8,11.1,Yes,No,Middle,0.0,Yes,Salle 9,161.0,63.0,1.0
ENSPD000458,Male,24.0,Electrique,2,81.1,19.0,83.1,52.6,71.8,0.0,1.3,8.7,No,Yes,Low,1.0,Yes,Salle 10,185.0,66.1,1.0
ENSPD000459,Male,23.0,Mecanique,2,70.3,30.0,65.1,68.4,65.5,0.0,4.5,24.7,Yes,Yes,Low,2.0,Yes,Salle 6,231.0,56.3,1.0
ENSPD000460,Male,24.0,Electrique,2,94.3,6.0,53.2,75.9,84.9,1.0,2.3,17.7,Yes,No,Low,1.0,Yes,Salle 1,185.0,69.3,1.0
ENSPD000461,Male,20.0,Chimie,1,60.3,40.0,68.0,35.4,71.7,1.0,0.4,15.9,Yes,No,Low,2.0,Yes,Salle 3,96.0,51.3,1.0
ENSPD000462,Female,23.0,Chimie,3,82.2,20.0,65.1,61.9,44.9,2.0,4.2,19.6,No,No,High,1.0,No,Salle 2,130.0,51.7,1.0
ENSPD000463,Female,22.0,Electrique,3,89.3,11.0,35.0,77.6,54.4,2.0,1.4,9.1,Yes,No,Middle,1.0,Yes,Salle 23,188.0,50.3,1.0
ENSPD000464,Female,24.0,Telecom,3,86.1,14.0,58.1,28.6,64.4,0.0,0.5,4.0,No,No,Low,1.0,Yes,Salle 17,154.0,51.9,1.0
ENSPD000465,Female,22.0,Telecom,2,73.4,27.0,63.0,60.8,90.8,1.0,1.5,9.2,Yes,No,Low,1.0,Yes,Salle 4,161.0,72.8,1.0
ENSPD000466,Male,21.0,Electrique,3,89.9,10.0,66.4,40.1,54.5,1.0,0.4,12.1,Yes,No,Low,0.0,No,Salle 1,188.0,47.4,0.0
ENSPD000467,Male,23.0,GenieCivil,4,71.4,29.0,65.1,50.5,29.3,1.0,0.9,5.3,Yes,No,Low,0.0,Yes,Salle 12,173.0,40.8,0.0
ENSPD000468,Female,24.0,Electrique,5,81.7,18.0,84.1,16.9,72.8,2.0,3.3,11.5,No,Yes,Middle,1.0,Yes,Salle 16,80.0,54.9,1.0
ENSPD000469,Male,21.0,Telecom,3,89.8,10.0,42.6,87.1,48.9,0.0,2.1,17.4,Yes,No,Middle,6.0,No,Salle 13,154.0,56.1,1.0
ENSPD000470,Female,22.0,Informatique,1,87.6,12.0,47.9,55.6,38.3,2.0,1.3,15.0,Yes,No,Middle,0.0,Yes,Salle 3,248.0,42.1,0.0
ENSPD000471,Male,20.0,Energetique,5,73.9,26.0,72.3,47.5,64.4,1.0,0.5,11.5,Yes,No,High,1.0,Yes,Salle 20,40.0,64.2,1.0
ENSPD000472,Female,17.0,Informatique,3,96.4,4.0,47.6,67.9,83.5,3.0,0.7,9.7,Yes,No,Middle,2.0,Yes,Salle 6,263.0,61.3,1.0
ENSPD000473,Male,22.0,GenieCivil,2,83.0,17.0,47.0,43.2,52.5,3.0,7.7,37.3,Yes,Yes,Low,1.0,Yes,Salle 16,177.0,46.1,0.0
ENSPD000474,Female,23.0,Telecom,1,90.9,9.0,66.9,41.5,73.9,1.0,0.8,5.9,Yes,No,Middle,3.0,No,Salle 11,121.0,62.9,1.0
ENSPD000475,Male,23.0,Mecanique,1,100.0,0.0,49.2,89.2,77.6,2.0,1.9,4.7,Yes,No,Middle,1.0,Yes,Salle 13,186.0,77.9,1.0
ENSPD000476,Other,18.0,GenieCivil,1,95.4,5.0,63.0,94.6,79.8,2.0,1.4,8.2,Yes,No,Low,1.0,Yes,Salle 1,149.0,76.6,1.0
ENSPD000477,Male,21.0,Informatique,1,95.4,5.0,54.5,51.3,49.4,0.0,0.0,5.6,No,No,High,1.0,No,Salle 1,248.0,54.2,1.0
ENSPD000478,Male,18.0,Mecanique,4,84.3,16.0,52.1,81.2,41.6,1.0,5.8,32.3,Yes,Yes,High,3.0,Yes,Salle 14,178.0,56.3,1.0
ENSPD000479,Female,25.0,Informatique,3,91.5,8.0,33.5,68.4,44.3,0.0,0.2,11.8,No,Yes,Middle,1.0,Yes,Salle 28,263.0,53.4,1.0
ENSPD000480,Male,20.0,Mecanique,3,84.6,15.0,67.1,36.6,79.8,1.0,2.2,13.8,Yes,No,Middle,1.0,No,Salle 29,212.0,61.2,1.0
ENSPD000481,Female,25.0,Mecanique,4,67.5,32.0,46.3,45.3,77.3,1.0,3.3,22.7,Yes,Yes,Middle,0.0,Yes,Salle 22,178.0,57.7,1.0
ENSPD000482,Female,24.0,Energetique,4,85.6,14.0,65.1,89.9,44.9,1.0,2.8,16.9,Yes,No,Middle,0.0,No,Salle 9,70.0,64.5,1.0
ENSPD000483,Male,20.0,Energetique,4,82.2,15.0,57.3,36.3,100.0,0.0,3.3,19.0,No,No,Low,2.0,Yes,Salle 22,70.0,67.6,1.0
ENSPD000484,Female,20.0,Informatique,5,89.0,11.0,65.1,100.0,42.5,1.0,2.7,14.6,Yes,No,Middle,0.0,Yes,Salle 18,109.0,61.3,1.0
ENSPD000485,Female,23.0,Chimie,2,80.5,20.0,62.8,51.7,84.0,3.0,1.4,7.9,No,No,Low,0.0,Yes,Salle 15,119.0,62.8,1.0
ENSPD000486,Female,20.0,Informatique,5,72.9,27.0,67.9,90.5,94.4,0.0,4.5,20.7,Yes,No,Middle,1.0,No,Salle 29,109.0,80.1,1.0
ENSPD000487,Male,22.0,Informatique,4,89.9,10.0,54.1,56.5,66.2,0.0,1.4,22.4,Yes,No,Middle,0.0,Yes,Salle 2,230.0,60.0,1.0
ENSPD000488,Male,21.0,Informatique,1,66.2,34.0,83.6,76.4,48.6,0.0,1.4,6.7,No,No,Middle,0.0,Yes,Salle 2,248.0,62.8,1.0
ENSPD000489,Female,18.0,Energetique,3,99.5,0.0,37.3,87.1,49.0,1.0,1.3,13.6,No,No,Low,1.0,Yes,Salle 21,104.0,53.0,1.0
ENSPD000490,Female,18.0,Energetique,3,79.2,21.0,61.6,87.0,58.8,3.0,1.4,15.3,No,No,High,2.0,Yes,Salle 1,104.0,66.7,1.0
ENSPD000491,Male,22.0,Informatique,4,84.9,15.0,77.5,51.5,85.6,1.0,0.7,4.8,No,No,Middle,1.0,Yes,Salle 5,230.0,70.8,1.0
ENSPD000492,Female,21.0,Informatique,2,88.7,11.0,72.2,46.6,40.0,0.0,0.2,2.2,No,Yes,Middle,1.0,Yes,Salle 24,298.0,46.2,0.0
ENSPD000493,Male,21.0,Mecanique,3,89.1,11.0,50.4,60.5,27.2,1.0,0.6,6.7,Yes,No,Middle,1.0,Yes,Salle 9,212.0,42.6,0.0
ENSPD000494,Male,23.0,GenieCivil,1,65.1,35.0,52.9,38.6,71.2,1.0,3.7,16.3,Yes,No,Middle,2.0,No,Salle 23,149.0,51.6,1.0
ENSPD000495,Male,24.0,Electrique,2,91.9,8.0,49.9,66.3,75.6,0.0,1.6,7.3,No,No,Middle,1.0,Yes,Salle 27,185.0,66.2,1.0
ENSPD000496,Male,21.0,Mecanique,1,85.6,14.0,74.0,47.2,100.0,1.0,3.8,18.8,No,No,Middle,0.0,Yes,Salle 18,186.0,69.5,1.0
ENSPD000497,Female,21.0,Chimie,3,74.4,26.0,53.9,81.5,36.4,1.0,2.7,16.8,No,No,Middle,2.0,Yes,Salle 12,130.0,53.3,1.0
ENSPD000498,Male,23.0,Mecanique,4,73.0,27.0,68.8,51.7,61.3,1.0,0.9,9.5,Yes,Yes,Middle,1.0,Yes,Salle 14,178.0,58.8,1.0
ENSPD000499,Female,19.0,Telecom,1,78.0,22.0,65.1,30.6,87.2,2.0,0.4,5.3,No,Yes,Low,1.0,Yes,Salle 5,121.0,59.0,1.0
ENSPD000500,Other,22.0,Electrique,3,66.4,34.0,100.0,87.2,66.4,0.0,1.7,9.7,Yes,No,Low,0.0,Yes,Salle 20,188.0,81.7,1.0
ENSPD000501,Female,23.0,GenieCivil,1,100.0,0.0,69.7,65.3,63.5,4.0,5.5,29.4,No,No,Middle,1.0,No,Salle 27,149.0,65.6,1.0
ENSPD000502,Male,23.0,Chimie,1,99.8,0.0,52.8,62.5,79.8,1.0,3.7,21.4,No,No,Middle,0.0,Yes,Salle 19,96.0,64.6,1.0
ENSPD000503,Male,18.0,Telecom,3,87.4,13.0,43.1,61.6,52.0,1.0,2.9,17.3,Yes,Yes,Low,0.0,Yes,Salle 23,154.0,56.1,1.0
ENSPD000504,Female,20.0,Mecanique,1,79.3,21.0,60.9,77.7,81.0,1.0,2.9,14.3,Yes,No,Middle,1.0,Yes,Salle 2,186.0,70.2,1.0
ENSPD000505,Female,20.0,Mecanique,3,79.6,20.0,63.2,48.3,38.9,0.0,1.5,16.3,No,Yes,Middle,1.0,No,Salle 4,212.0,47.2,0.0
ENSPD000506,Male,22.0,Energetique,1,91.1,9.0,31.8,53.9,33.6,3.0,0.4,1.4,Yes,No,Middle,1.0,Yes,Salle 27,83.0,42.6,0.0
ENSPD000507,Female,23.0,Informatique,1,100.0,0.0,54.3,42.0,58.5,0.0,0.7,11.5,No,No,Middle,1.0,Yes,Salle 8,248.0,47.4,0.0
ENSPD000508,Female,25.0,Informatique,3,75.2,25.0,69.5,35.6,12.7,0.0,1.7,7.9,Yes,No,Middle,1.0,No,Salle 2,263.0,34.3,0.0
ENSPD000509,Female,21.0,GenieCivil,3,68.6,31.0,57.0,72.4,65.7,0.0,0.8,8.2,Yes,No,Low,0.0,No,Salle 21,185.0,59.0,1.0
ENSPD000510,Female,21.0,Chimie,1,100.0,0.0,79.5,69.1,29.3,1.0,3.0,14.3,Yes,Yes,High,0.0,Yes,Salle 6,96.0,57.3,1.0
ENSPD000511,Female,24.0,Chimie,3,60.6,39.0,41.6,75.7,69.6,0.0,0.9,9.0,Yes,No,Middle,1.0,No,Salle 7,130.0,59.8,1.0
ENSPD000512,Male,23.0,Telecom,4,69.9,30.0,75.2,85.1,67.7,2.0,0.2,7.9,Yes,No,Middle,1.0,No,Salle 29,121.0,76.1,1.0
ENSPD000513,Female,25.0,GenieCivil,4,79.0,21.0,78.7,61.6,62.6,3.0,3.1,22.5,No,No,Low,0.0,Yes,Salle 8,173.0,69.1,1.0
ENSPD000514,Female,23.0,Informatique,1,63.3,37.0,79.3,77.5,72.7,1.0,2.4,15.5,No,No,High,2.0,Yes,Salle 12,248.0,75.6,1.0
ENSPD000515,Male,20.0,Electrique,3,95.3,5.0,41.5,24.6,68.1,0.0,0.6,8.2,Yes,No,Middle,1.0,Yes,Salle 18,188.0,48.5,0.0
ENSPD000516,Male,19.0,Chimie,3,92.3,8.0,65.1,56.5,58.1,1.0,7.9,11.5,Yes,No,Low,1.0,Yes,Salle 23,130.0,60.0,1.0
ENSPD000517,Male,19.0,Informatique,1,75.1,25.0,65.1,79.4,100.0,1.0,1.0,11.5,Yes,No,Low,0.0,Yes,Salle 10,248.0,78.5,1.0
ENSPD000518,Female,23.0,Informatique,4,97.4,3.0,43.9,41.0,71.9,1.0,1.4,14.4,No,No,Middle,2.0,Yes,Salle 26,230.0,51.0,1.0
ENSPD000519,Other,24.0,Informatique,4,99.4,1.0,58.8,63.7,79.4,2.0,4.8,11.5,Yes,No,Middle,1.0,Yes,Salle 9,230.0,70.8,1.0
ENSPD000520,Male,26.0,Electrique,4,80.6,19.0,51.4,71.4,85.5,0.0,1.4,3.6,Yes,No,Middle,1.0,Yes,Salle 11,157.0,68.1,1.0
ENSPD000521,Female,24.0,Telecom,4,76.6,23.0,78.8,70.0,77.4,0.0,4.2,21.3,No,No,Middle,0.0,Yes,Salle 8,121.0,71.5,1.0
ENSPD000522,Male,24.0,Electrique,4,100.0,0.0,72.7,68.6,100.0,0.0,2.4,11.5,No,Yes,Middle,1.0,Yes,Salle 2,157.0,81.1,1.0
ENSPD000523,Female,21.0,Energetique,3,90.7,9.0,47.7,72.8,67.3,1.0,0.4,0.0,No,No,Middle,0.0,Yes,Salle 9,104.0,63.8,1.0
ENSPD000524,Female,20.0,Informatique,3,85.1,15.0,54.1,65.3,63.9,1.0,2.2,14.8,Yes,No,Low,0.0,Yes,Salle 7,263.0,58.2,1.0
ENSPD000525,Female,24.0,Telecom,4,98.4,2.0,59.3,35.7,51.0,1.0,4.2,22.2,No,No,High,1.0,Yes,Salle 9,121.0,45.9,0.0
ENSPD000526,Male,23.0,Telecom,3,85.6,14.0,63.9,71.1,58.9,1.0,3.2,19.5,No,No,Middle,0.0,Yes,Salle 6,154.0,60.6,1.0
ENSPD000527,Male,22.0,Mecanique,2,82.2,24.0,80.1,67.1,49.4,2.0,2.9,25.5,Yes,No,High,1.0,Yes,Salle 29,231.0,56.7,1.0
ENSPD000528,Male,23.0,Energetique,2,83.0,17.0,75.4,35.9,77.5,0.0,0.4,12.8,No,Yes,Low,0.0,Yes,Salle 14,71.0,60.9,1.0
ENSPD000529,Male,23.0,Mecanique,4,94.5,6.0,65.8,86.8,45.8,2.0,0.4,7.8,No,No,Low,1.0,No,Salle 8,178.0,60.7,1.0
ENSPD000530,Female,25.0,Telecom,1,58.1,42.0,61.1,71.6,65.5,2.0,1.6,13.6,Yes,No,Low,1.0,Yes,Salle 15,121.0,63.3,1.0
ENSPD000531,Female,25.0,Telecom,3,78.5,22.0,38.4,37.2,75.2,1.0,1.7,11.5,Yes,No,Middle,0.0,No,Salle 19,154.0,49.8,0.0
ENSPD000532,Other,23.0,Chimie,5,98.6,1.0,84.4,47.3,67.0,0.0,5.8,31.2,Yes,No,Low,3.0,No,Salle 15,48.0,66.3,1.0
ENSPD000533,Other,24.0,Electrique,3,75.9,24.0,58.3,51.8,46.1,1.0,1.3,10.3,No,No,High,0.0,Yes,Salle 23,188.0,42.3,0.0
ENSPD000534,Male,23.0,Informatique,5,100.0,0.0,88.3,51.8,63.5,0.0,0.7,9.5,Yes,No,Middle,1.0,Yes,Salle 26,109.0,72.7,1.0
ENSPD000535,Female,21.0,GenieCivil,3,99.0,1.0,67.9,67.3,62.3,0.0,0.4,3.9,Yes,No,Middle,1.0,No,Salle 15,185.0,64.7,1.0
ENSPD000536,Female,24.0,Mecanique,1,81.2,19.0,95.4,44.4,6.5,2.0,0.1,6.3,Yes,No,Middle,1.0,Yes,Salle 5,186.0,45.3,0.0
ENSPD000537,Female,19.0,Chimie,4,75.2,25.0,74.1,82.3,44.3,0.0,0.1,10.8,Yes,Yes,Middle,1.0,Yes,Salle 11,93.0,65.0,1.0
ENSPD000538,Male,24.0,Chimie,2,78.6,21.0,43.5,80.8,92.0,1.0,1.7,14.1,No,No,Low,0.0,Yes,Salle 5,119.0,66.0,1.0
ENSPD000539,Male,20.0,Telecom,2,100.0,0.0,55.8,73.1,93.7,2.0,0.4,7.1,Yes,No,High,0.0,Yes,Salle 23,161.0,83.8,1.0
ENSPD000540,Male,23.0,Informatique,2,100.0,0.0,62.5,62.8,74.5,0.0,3.8,8.6,No,No,Middle,3.0,No,Salle 17,298.0,66.9,1.0
ENSPD000541,Female,20.0,Chimie,2,83.5,16.0,51.9,78.9,79.7,1.0,1.8,13.7,No,No,Middle,0.0,Yes,Salle 18,119.0,68.2,1.0
ENSPD000542,Female,23.0,Energetique,2,74.7,25.0,59.3,57.0,48.4,3.0,1.4,20.7,No,No,High,2.0,Yes,Salle 10,71.0,48.6,0.0
ENSPD000543,Male,22.0,Chimie,2,83.4,17.0,44.5,49.0,58.8,1.0,1.1,5.1,No,No,High,1.0,No,Salle 27,119.0,53.2,1.0
ENSPD000544,Female,19.0,Informatique,3,84.9,15.0,65.1,83.4,88.7,1.0,1.8,11.9,Yes,No,Low,0.0,No,Salle 26,263.0,76.0,1.0
ENSPD000545,Female,23.0,Informatique,4,67.1,33.0,68.6,61.6,72.5,0.0,1.5,10.8,No,No,High,3.0,No,Salle 15,230.0,71.4,1.0
ENSPD000546,Male,21.0,Informatique,2,83.0,17.0,49.9,49.7,65.3,3.0,8.6,39.4,Yes,No,Middle,2.0,No,Salle 21,298.0,53.9,1.0
ENSPD000547,Male,24.0,Electrique,1,97.9,2.0,94.1,54.5,60.3,3.0,3.2,20.8,Yes,No,Middle,3.0,Yes,Salle 6,143.0,67.9,1.0
ENSPD000548,Female,22.0,Electrique,3,60.4,40.0,66.0,48.7,87.5,2.0,1.8,11.4,No,No,Low,1.0,No,Salle 16,188.0,71.5,1.0
ENSPD000549,Male,23.0,Energetique,3,91.9,8.0,52.7,98.4,86.4,2.0,1.9,11.6,No,No,High,1.0,No,Salle 29,104.0,78.7,1.0
ENSPD000550,Female,20.0,Mecanique,4,98.5,2.0,40.6,62.1,63.5,0.0,0.6,6.0,Yes,No,Middle,2.0,Yes,Salle 12,178.0,58.7,1.0
ENSPD000551,Male,21.0,Mecanique,1,75.3,25.0,65.9,64.8,65.3,1.0,2.7,16.8,Yes,Yes,High,0.0,Yes,Salle 6,186.0,62.7,1.0
ENSPD000552,Female,21.0,Electrique,4,100.0,0.0,61.1,75.0,56.9,0.0,8.1,39.6,No,No,Middle,0.0,Yes,Salle 6,157.0,65.3,1.0
ENSPD000553,Male,24.0,Telecom,3,73.7,26.0,76.7,40.1,77.9,1.0,0.3,11.4,Yes,No,Middle,0.0,Yes,Salle 12,154.0,63.4,1.0
ENSPD000554,Male,25.0,Energetique,3,87.3,13.0,62.8,81.7,42.0,1.0,2.0,15.1,No,No,High,1.0,Yes,Salle 7,104.0,57.9,1.0
ENSPD000555,Female,20.0,Chimie,1,78.3,22.0,47.1,51.1,46.1,1.0,1.4,15.3,No,No,High,1.0,No,Salle 2,96.0,51.4,1.0
ENSPD000556,Male,24.0,GenieCivil,2,78.3,22.0,90.1,94.9,35.0,2.0,3.8,23.6,No,No,Low,3.0,No,Salle 27,177.0,66.6,1.0
ENSPD000557,Male,18.0,Electrique,2,74.6,25.0,71.5,56.4,63.5,1.0,0.0,5.6,Yes,No,Low,0.0,Yes,Salle 25,185.0,72.3,1.0
ENSPD000558,Male,20.0,Telecom,2,90.4,10.0,61.2,80.7,49.6,0.0,0.3,3.3,Yes,No,Middle,2.0,No,Salle 13,161.0,57.2,1.0
ENSPD000559,Female,20.0,GenieCivil,3,92.2,8.0,67.5,17.1,72.1,1.0,0.1,7.0,Yes,No,Low,0.0,Yes,Salle 12,185.0,54.8,1.0
ENSPD000560,Female,19.0,Informatique,4,81.2,19.0,72.1,40.8,61.5,3.0,0.4,12.8,No,No,High,1.0,Yes,Salle 3,230.0,53.4,1.0
ENSPD000561,Female,19.0,Informatique,4,65.7,34.0,43.6,56.7,63.5,1.0,2.5,19.3,Yes,No,High,0.0,No,Salle 25,230.0,69.9,1.0
ENSPD000562,Male,23.0,Informatique,3,86.8,13.0,67.4,25.4,72.8,2.0,0.3,11.3,No,No,Middle,1.0,No,Salle 24,263.0,56.0,1.0
ENSPD000563,Male,22.0,Chimie,3,87.1,13.0,58.2,61.6,26.8,1.0,1.9,5.2,Yes,Yes,Low,1.0,No,Salle 14,130.0,43.7,0.0
ENSPD000564,Male,23.0,Informatique,2,79.4,21.0,72.6,67.6,87.5,0.0,4.1,13.5,Yes,No,Middle,0.0,Yes,Salle 1,298.0,73.7,1.0
ENSPD000565,Male,23.0,Mecanique,5,100.0,0.0,53.9,44.2,56.3,1.0,0.1,3.5,No,No,Middle,0.0,Yes,Salle 7,67.0,59.5,1.0
ENSPD000566,Female,23.0,Mecanique,3,63.2,37.0,55.9,61.7,60.0,2.0,0.1,7.3,Yes,No,Middle,1.0,Yes,Salle 11,212.0,59.9,1.0
ENSPD000567,Male,23.0,Electrique,2,55.4,45.0,89.9,76.5,50.5,2.0,9.2,40.3,Yes,Yes,Middle,1.0,No,Salle 6,185.0,65.9,1.0
ENSPD000568,Male,22.0,Mecanique,2,73.2,27.0,83.5,24.1,67.9,0.0,2.2,13.0,Yes,No,Middle,0.0,Yes,Salle 25,231.0,54.5,1.0
ENSPD000569,Female,22.0,Electrique,3,90.5,10.0,15.6,39.1,67.7,2.0,0.3,0.3,Yes,No,Middle,3.0,Yes,Salle 20,188.0,44.9,0.0
ENSPD000570,Male,24.0,Informatique,3,69.3,31.0,82.4,56.0,63.5,2.0,0.7,5.4,Yes,No,Middle,1.0,No,Salle 18,263.0,60.2,1.0
ENSPD000571,Male,21.0,Informatique,1,70.2,30.0,63.9,62.4,53.8,2.0,8.4,35.0,Yes,Yes,Low,3.0,No,Salle 5,248.0,56.1,1.0
ENSPD000572,Female,20.0,GenieCivil,4,93.4,7.0,54.4,60.9,66.0,4.0,0.5,3.6,Yes,Yes,Middle,0.0,Yes,Salle 12,173.0,56.0,1.0
ENSPD000573,Male,22.0,Mecanique,3,87.6,12.0,49.9,78.0,17.1,0.0,2.8,13.3,No,Yes,Middle,1.0,Yes,Salle 12,212.0,44.5,0.0
ENSPD000574,Female,20.0,Mecanique,3,86.5,14.0,50.8,70.6,35.2,1.0,0.6,3.0,Yes,No,Middle,2.0,Yes,Salle 21,212.0,47.7,0.0
ENSPD000575,Female,21.0,Informatique,1,91.4,9.0,54.8,74.5,97.4,1.0,1.0,0.0,Yes,No,Middle,1.0,Yes,Salle 18,248.0,78.0,1.0
ENSPD000576,Female,23.0,Telecom,2,76.9,23.0,48.1,37.0,70.6,1.0,4.3,27.8,Yes,No,Middle,4.0,No,Salle 15,161.0,49.7,0.0
ENSPD000577,Male,23.0,Electrique,5,77.5,22.0,44.7,64.6,53.5,0.0,0.1,4.9,No,No,High,0.0,Yes,Salle 2,80.0,53.3,1.0
ENSPD000578,Female,20.0,Informatique,4,91.7,8.0,49.4,56.5,30.1,1.0,0.7,5.1,Yes,No,Middle,1.0,No,Salle 26,230.0,50.3,1.0
ENSPD000579,Male,21.0,Informatique,2,65.9,34.0,69.9,88.3,62.9,1.0,1.3,9.6,No,No,Middle,1.0,Yes,Salle 30,298.0,76.0,1.0
ENSPD000580,Male,24.0,Energetique,1,56.3,44.0,65.8,65.1,83.7,1.0,1.4,14.3,Yes,Yes,Middle,1.0,Yes,Salle 15,83.0,69.2,1.0
ENSPD000581,Male,23.0,Electrique,2,76.8,23.0,73.3,50.0,100.0,1.0,0.1,5.9,No,Yes,Middle,2.0,Yes,Salle 25,185.0,79.3,1.0
ENSPD000582,Other,26.0,GenieCivil,2,93.2,7.0,64.0,77.3,100.0,0.0,1.1,6.5,Yes,No,Middle,2.0,Yes,Salle 17,177.0,80.3,1.0
ENSPD000583,Male,24.0,Electrique,3,85.1,15.0,45.4,72.1,46.3,2.0,0.8,12.2,No,No,Low,1.0,No,Salle 26,188.0,49.7,0.0
ENSPD000584,Male,24.0,Chimie,5,92.3,8.0,72.4,47.2,54.1,0.0,0.1,3.0,No,No,Middle,1.0,Yes,Salle 22,48.0,60.6,1.0
ENSPD000585,Female,19.0,Chimie,2,57.8,42.0,49.9,55.7,34.6,2.0,0.9,7.7,Yes,Yes,Middle,0.0,Yes,Salle 23,119.0,39.9,0.0
ENSPD000586,Male,24.0,GenieCivil,1,85.8,14.0,74.7,56.0,47.2,0.0,5.4,33.5,Yes,Yes,Low,1.0,Yes,Salle 26,149.0,60.7,1.0
ENSPD000587,Male,22.0,GenieCivil,4,89.8,10.0,47.5,84.1,59.7,0.0,0.6,15.6,Yes,No,Middle,1.0,No,Salle 14,173.0,58.3,1.0
ENSPD000588,Male,21.0,Informatique,1,65.8,34.0,54.7,65.7,56.7,0.0,1.8,16.8,Yes,No,High,1.0,Yes,Salle 17,248.0,57.0,1.0
ENSPD000589,Male,22.0,Telecom,5,82.2,8.0,59.6,75.1,100.0,1.0,0.7,5.1,Yes,No,Middle,1.0,Yes,Salle 6,60.0,76.3,1.0
ENSPD000590,Male,24.0,Electrique,3,80.7,19.0,75.1,53.1,37.7,1.0,0.2,4.1,Yes,No,Low,2.0,Yes,Salle 20,188.0,49.9,0.0
ENSPD000591,Male,23.0,Informatique,5,100.0,0.0,67.6,68.0,63.1,1.0,0.7,4.7,Yes,Yes,High,2.0,Yes,Salle 1,109.0,69.3,1.0
ENSPD000592,Female,20.0,Telecom,1,55.9,44.0,65.3,85.5,22.7,1.0,1.3,9.2,Yes,No,Middle,2.0,Yes,Salle 26,121.0,55.0,1.0
ENSPD000593,Male,23.0,Telecom,1,98.4,2.0,93.3,55.5,70.6,0.0,1.4,9.9,Yes,No,Middle,2.0,Yes,Salle 16,121.0,70.7,1.0
ENSPD000594,Male,21.0,Energetique,3,77.3,23.0,65.1,64.1,37.2,1.0,2.0,5.5,Yes,No,Low,1.0,Yes,Salle 6,104.0,47.3,0.0
ENSPD000595,Female,22.0,Telecom,2,62.6,37.0,49.4,37.5,86.1,1.0,6.0,24.9,Yes,Yes,Middle,1.0,No,Salle 30,161.0,55.9,1.0
ENSPD000596,Male,21.0,Energetique,2,75.7,24.0,65.1,48.2,58.2,2.0,0.1,11.5,Yes,No,High,0.0,No,Salle 19,71.0,50.7,1.0
ENSPD000597,Male,22.0,Mecanique,5,85.3,15.0,38.4,56.0,36.0,1.0,2.5,14.6,No,No,Low,3.0,Yes,Salle 4,67.0,40.0,0.0
ENSPD000598,Male,24.0,Telecom,4,94.4,6.0,54.2,42.9,63.5,0.0,0.0,3.2,No,No,Middle,2.0,Yes,Salle 8,121.0,35.9,0.0
ENSPD000599,Male,20.0,Telecom,3,100.0,0.0,75.3,85.8,44.4,1.0,0.0,0.0,Yes,No,High,0.0,Yes,Salle 24,154.0,64.0,1.0
ENSPD000600,Male,26.0,Mecanique,1,99.1,1.0,56.1,46.9,68.8,1.0,0.3,3.8,Yes,No,High,4.0,Yes,Salle 26,186.0,54.1,1.0
ENSPD000601,Male,18.0,Informatique,4,70.4,30.0,60.0,76.2,72.4,0.0,1.3,8.3,Yes,No,Low,1.0,Yes,Salle 3,230.0,64.7,1.0
ENSPD000602,Male,21.0,Energetique,4,95.6,4.0,39.2,65.4,63.5,1.0,0.1,11.5,No,No,Middle,4.0,No,Salle 28,70.0,50.5,1.0
ENSPD000603,Male,23.0,Mecanique,2,86.7,13.0,53.1,62.6,82.5,0.0,2.6,12.1,Yes,No,Low,2.0,Yes,Salle 11,231.0,72.2,1.0
ENSPD000604,Male,23.0,Telecom,5,74.1,26.0,58.1,88.8,41.3,1.0,0.1,4.6,No,No,Middle,0.0,No,Salle 20,60.0,61.0,1.0
ENSPD000605,Male,22.0,Informatique,1,79.5,20.0,74.6,21.3,5.5,1.0,1.4,12.5,Yes,No,Middle,2.0,Yes,Salle 19,248.0,28.7,0.0
ENSPD000606,Male,22.0,Informatique,2,73.5,26.0,39.9,61.6,69.7,0.0,2.3,17.9,Yes,No,Middle,2.0,Yes,Salle 24,298.0,54.5,1.0
ENSPD000607,Male,23.0,GenieCivil,1,82.4,18.0,58.2,42.6,89.8,0.0,0.5,2.8,Yes,No,Low,0.0,Yes,Salle 19,149.0,65.3,1.0
ENSPD000608,Male,22.0,Mecanique,4,73.2,27.0,81.3,26.7,90.0,1.0,1.7,10.4,No,Yes,Middle,1.0,Yes,Salle 26,178.0,65.6,1.0
ENSPD000609,Male,25.0,Electrique,3,69.7,30.0,58.3,40.5,63.5,0.0,0.6,6.4,No,No,Middle,1.0,No,Salle 16,188.0,40.9,0.0
ENSPD000610,Female,24.0,Electrique,2,87.7,12.0,33.3,62.3,53.1,0.0,0.5,11.5,Yes,Yes,Middle,0.0,Yes,Salle 19,185.0,51.3,1.0
ENSPD000611,Male,24.0,Informatique,1,89.5,10.0,84.2,48.9,78.5,0.0,1.4,17.5,Yes,No,Middle,1.0,Yes,Salle 30,248.0,68.8,1.0
ENSPD000612,Female,20.0,Informatique,1,82.2,20.0,76.0,61.6,51.5,0.0,0.8,3.5,Yes,No,High,0.0,Yes,Salle 22,248.0,66.7,1.0
ENSPD000613,Female,22.0,Mecanique,1,98.4,2.0,78.0,58.2,66.1,2.0,3.4,20.5,Yes,Yes,Middle,2.0,Yes,Salle 19,186.0,70.7,1.0
ENSPD000614,Male,21.0,Informatique,2,78.9,21.0,38.8,56.2,49.7,0.0,0.5,5.7,Yes,No,Middle,1.0,Yes,Salle 21,298.0,47.7,0.0
ENSPD000615,Female,20.0,Chimie,2,78.4,22.0,65.1,56.2,42.2,0.0,0.9,8.7,Yes,No,High,2.0,Yes,Salle 20,119.0,57.0,1.0
ENSPD000616,Female,23.0,GenieCivil,2,89.9,10.0,53.4,60.2,46.1,3.0,0.2,6.1,No,No,Low,1.0,Yes,Salle 14,177.0,54.4,1.0
ENSPD000617,Male,21.0,Informatique,4,80.4,20.0,57.4,54.5,83.1,0.0,1.4,8.2,Yes,No,Middle,1.0,No,Salle 12,230.0,68.1,1.0
ENSPD000618,Male,23.0,GenieCivil,3,83.0,17.0,54.5,61.6,64.3,0.0,1.0,12.1,No,No,Middle,1.0,Yes,Salle 1,185.0,59.6,1.0
ENSPD000619,Female,20.0,Informatique,4,82.2,48.0,79.2,79.8,89.4,1.0,0.0,3.2,Yes,No,Middle,1.0,Yes,Salle 11,230.0,82.0,1.0
ENSPD000620,Female,25.0,Informatique,1,82.2,18.0,62.3,50.8,74.4,3.0,1.3,10.9,Yes,No,Middle,1.0,No,Salle 11,248.0,60.7,1.0
ENSPD000621,Male,20.0,Mecanique,2,60.1,40.0,72.2,55.1,96.1,1.0,0.2,6.2,Yes,No,Middle,1.0,Yes,Salle 23,231.0,66.9,1.0
ENSPD000622,Male,22.0,Telecom,3,67.3,33.0,66.1,69.7,80.4,1.0,3.6,20.4,No,No,Middle,0.0,Yes,Salle 26,154.0,68.7,1.0
ENSPD000623,Male,24.0,Telecom,1,82.2,34.0,63.6,67.7,79.2,2.0,1.4,14.9,Yes,No,Middle,2.0,Yes,Salle 22,121.0,65.5,1.0
ENSPD000624,Male,21.0,Telecom,1,69.5,30.0,50.8,45.9,61.6,2.0,2.3,11.3,Yes,Yes,Low,0.0,Yes,Salle 17,121.0,52.3,1.0
ENSPD000625,Female,24.0,Mecanique,4,75.4,25.0,92.2,75.6,100.0,1.0,3.4,18.6,Yes,No,High,2.0,Yes,Salle 10,178.0,86.6,1.0
ENSPD000626,Male,20.0,Mecanique,5,76.2,24.0,43.0,71.7,63.5,3.0,0.1,5.2,Yes,Yes,Low,1.0,Yes,Salle 27,67.0,54.2,1.0
ENSPD000627,Male,25.0,GenieCivil,1,90.0,10.0,71.2,65.2,24.5,1.0,0.8,7.0,Yes,No,Middle,1.0,No,Salle 29,149.0,53.3,1.0
ENSPD000628,Female,22.0,Chimie,2,84.7,15.0,70.6,54.2,69.4,1.0,0.1,7.4,No,No,Middle,1.0,Yes,Salle 4,119.0,61.7,1.0
ENSPD000629,Male,21.0,Energetique,5,59.2,41.0,82.3,54.7,44.4,1.0,1.4,0.7,No,No,Low,1.0,Yes,Salle 25,40.0,55.2,1.0
ENSPD000630,Male,21.0,Informatique,1,83.0,17.0,85.8,58.4,84.3,1.0,0.1,11.0,No,No,Low,1.0,No,Salle 23,248.0,79.0,1.0
ENSPD000631,Female,24.0,Informatique,3,85.8,14.0,65.1,39.8,78.5,0.0,1.3,16.0,Yes,No,Low,1.0,Yes,Salle 19,263.0,59.8,1.0
ENSPD000632,Female,22.0,Electrique,5,78.1,22.0,73.0,61.3,60.2,4.0,1.2,7.3,Yes,No,High,1.0,Yes,Salle 23,80.0,61.1,1.0
ENSPD000633,Male,21.0,Telecom,5,81.3,19.0,91.5,78.1,46.2,0.0,0.1,5.0,Yes,No,High,1.0,Yes,Salle 14,60.0,69.8,1.0
ENSPD000634,Male,22.0,Telecom,3,84.3,16.0,64.0,77.8,66.9,0.0,0.6,0.2,No,No,Middle,2.0,Yes,Salle 17,154.0,69.9,1.0
ENSPD000635,Male,20.0,Electrique,1,91.2,9.0,49.0,55.1,51.2,1.0,0.6,11.5,Yes,No,Middle,1.0,Yes,Salle 21,143.0,46.2,0.0
ENSPD000636,Male,26.0,Energetique,1,63.1,37.0,59.2,81.2,79.8,1.0,0.7,17.0,Yes,No,Low,1.0,Yes,Salle 17,83.0,70.9,1.0
ENSPD000637,Male,21.0,GenieCivil,4,79.1,21.0,45.4,96.3,75.1,0.0,1.4,15.4,No,No,Middle,0.0,Yes,Salle 20,173.0,71.6,1.0
ENSPD000638,Male,24.0,Telecom,5,100.0,0.0,70.6,56.3,100.0,1.0,2.4,17.3,Yes,No,Low,1.0,Yes,Salle 18,60.0,74.3,1.0
ENSPD000639,Male,22.0,Energetique,3,99.0,1.0,81.0,74.4,55.1,1.0,0.8,6.2,Yes,No,Low,1.0,Yes,Salle 10,104.0,72.4,1.0
ENSPD000640,Male,20.0,Telecom,4,92.2,8.0,63.2,21.3,57.9,1.0,3.1,17.0,Yes,No,Middle,0.0,Yes,Salle 18,121.0,50.0,1.0
ENSPD000641,Male,22.0,Mecanique,4,88.4,12.0,40.7,39.4,60.9,1.0,1.1,9.2,Yes,No,Middle,1.0,Yes,Salle 22,178.0,51.5,1.0
ENSPD000642,Male,24.0,Informatique,3,100.0,0.0,80.3,63.6,61.8,0.0,1.5,5.4,Yes,No,Low,0.0,No,Salle 30,263.0,70.5,1.0
ENSPD000643,Male,22.0,GenieCivil,4,100.0,0.0,38.4,43.9,84.5,2.0,0.3,6.7,Yes,No,Low,2.0,Yes,Salle 24,173.0,58.1,1.0
ENSPD000644,Male,24.0,GenieCivil,3,80.5,20.0,41.8,98.7,58.5,0.0,0.5,10.0,Yes,No,High,3.0,Yes,Salle 25,185.0,63.8,1.0
ENSPD000645,Male,24.0,Telecom,3,70.4,30.0,62.3,72.8,100.0,1.0,2.6,22.5,No,Yes,Middle,0.0,Yes,Salle 6,154.0,74.6,1.0
ENSPD000646,Female,24.0,Informatique,2,78.8,21.0,68.8,79.4,75.6,2.0,1.4,36.0,No,No,Middle,0.0,No,Salle 19,298.0,73.8,1.0
ENSPD000647,Female,21.0,Mecanique,4,100.0,0.0,71.3,61.5,54.3,2.0,2.4,14.1,No,No,Middle,2.0,Yes,Salle 19,178.0,56.5,1.0
ENSPD000648,Female,20.0,Chimie,3,63.2,37.0,64.0,43.9,49.2,1.0,0.1,4.9,Yes,No,Middle,0.0,No,Salle 19,130.0,49.2,0.0
ENSPD000649,Female,21.0,Informatique,2,76.4,24.0,91.4,52.7,84.8,0.0,0.3,7.7,Yes,No,Middle,1.0,Yes,Salle 13,298.0,70.9,1.0
ENSPD000650,Male,22.0,Mecanique,4,65.0,35.0,66.0,66.6,64.6,0.0,1.2,12.9,Yes,Yes,Middle,1.0,Yes,Salle 19,178.0,65.4,1.0
ENSPD000651,Male,23.0,Mecanique,3,83.5,16.0,80.5,50.5,64.2,2.0,2.6,19.7,No,No,High,2.0,Yes,Salle 12,212.0,55.7,1.0
ENSPD000652,Male,18.0,Electrique,5,67.6,32.0,76.8,74.1,52.0,2.0,0.4,0.0,Yes,Yes,Low,0.0,Yes,Salle 25,80.0,59.9,1.0
ENSPD000653,Female,22.0,Informatique,1,80.7,19.0,45.6,74.8,62.8,2.0,2.8,20.5,Yes,No,Low,3.0,No,Salle 4,248.0,58.1,1.0
ENSPD000654,Female,22.0,Telecom,3,58.6,41.0,62.5,62.1,51.2,2.0,1.6,6.6,Yes,No,Middle,0.0,Yes,Salle 7,154.0,53.2,1.0
ENSPD000655,Male,21.0,GenieCivil,2,89.4,11.0,96.8,29.1,63.5,1.0,3.0,13.1,Yes,No,High,2.0,Yes,Salle 2,177.0,74.1,1.0
ENSPD000656,Male,25.0,Telecom,4,96.7,3.0,57.4,92.9,63.5,1.0,1.6,10.6,Yes,No,Middle,1.0,Yes,Salle 23,121.0,75.2,1.0
ENSPD000657,Male,23.0,GenieCivil,1,77.4,23.0,54.9,58.2,60.5,2.0,1.8,14.2,No,No,Middle,0.0,No,Salle 7,149.0,54.1,1.0
ENSPD000658,Male,25.0,Mecanique,3,80.4,20.0,67.6,100.0,60.2,1.0,0.6,2.1,No,No,Low,1.0,Yes,Salle 20,212.0,73.5,1.0
ENSPD000659,Female,22.0,Informatique,4,80.0,20.0,58.0,73.7,65.8,1.0,2.5,12.6,Yes,No,Middle,0.0,Yes,Salle 4,230.0,66.1,1.0
ENSPD000660,Male,24.0,Informatique,2,84.2,16.0,53.1,58.2,63.9,2.0,3.7,20.9,Yes,No,Middle,1.0,Yes,Salle 28,298.0,62.7,1.0
ENSPD000661,Male,25.0,GenieCivil,5,81.5,18.0,57.8,70.1,44.9,1.0,4.1,23.3,Yes,No,Middle,1.0,Yes,Salle 21,70.0,53.3,1.0
ENSPD000662,Other,25.0,Informatique,4,91.2,9.0,65.1,25.7,63.5,1.0,0.1,7.2,Yes,No,Middle,1.0,Yes,Salle 17,230.0,43.1,0.0
ENSPD000663,Female,20.0,Mecanique,2,96.8,3.0,63.0,80.5,63.5,0.0,2.0,16.8,Yes,No,Middle,2.0,No,Salle 22,231.0,62.8,1.0
ENSPD000664,Male,21.0,Electrique,1,72.2,28.0,45.1,100.0,61.4,0.0,9.1,46.0,No,No,Low,1.0,No,Salle 7,143.0,62.3,1.0
ENSPD000665,Male,21.0,Mecanique,2,78.3,22.0,42.3,24.4,49.2,2.0,1.4,11.5,No,Yes,Middle,1.0,Yes,Salle 27,231.0,35.2,0.0
ENSPD000666,Male,23.0,Informatique,2,92.8,7.0,98.1,56.8,80.4,1.0,0.4,6.3,Yes,No,Low,0.0,Yes,Salle 20,298.0,79.7,1.0
ENSPD000667,Male,23.0,Chimie,4,82.2,35.0,61.6,60.1,59.4,0.0,4.2,18.6,Yes,No,High,0.0,Yes,Salle 8,93.0,60.2,1.0
ENSPD000668,Male,20.0,Energetique,5,58.4,42.0,71.5,77.8,100.0,1.0,0.6,5.1,No,No,Low,1.0,Yes,Salle 23,40.0,79.1,1.0
ENSPD000669,Male,22.0,Informatique,1,84.7,15.0,53.4,99.9,52.8,1.0,0.1,0.0,Yes,No,Low,1.0,No,Salle 14,248.0,67.1,1.0
ENSPD000670,Male,18.0,Informatique,3,88.0,12.0,69.8,68.9,66.8,1.0,1.1,15.0,No,Yes,Middle,0.0,No,Salle 10,263.0,66.1,1.0
ENSPD000671,Male,25.0,Energetique,3,82.2,27.0,86.9,100.0,58.2,1.0,0.2,5.5,Yes,No,Middle,0.0,Yes,Salle 26,104.0,78.4,1.0
ENSPD000672,Female,21.0,Informatique,1,75.1,25.0,55.2,65.1,72.8,1.0,0.2,8.8,Yes,No,Middle,2.0,No,Salle 1,248.0,61.5,1.0
ENSPD000673,Male,22.0,Energetique,2,82.2,27.0,71.9,61.6,85.3,1.0,1.2,20.5,Yes,No,High,1.0,No,Salle 25,71.0,78.2,1.0
ENSPD000674,Male,21.0,Informatique,2,71.6,28.0,43.9,67.9,76.2,2.0,1.4,21.5,No,No,Low,1.0,Yes,Salle 28,298.0,62.7,1.0
ENSPD000675,Male,24.0,Telecom,3,90.3,10.0,95.3,84.0,23.4,1.0,4.7,28.2,Yes,No,Middle,0.0,No,Salle 14,154.0,59.6,1.0
ENSPD000676,Other,17.0,Mecanique,3,67.8,32.0,69.0,54.4,74.0,1.0,2.4,13.1,No,No,Middle,1.0,Yes,Salle 25,212.0,62.2,1.0
ENSPD000677,Male,22.0,Energetique,3,78.8,21.0,58.8,76.7,43.8,0.0,3.7,23.0,Yes,No,Low,1.0,Yes,Salle 17,104.0,55.6,1.0
ENSPD000678,Male,22.0,Mecanique,1,82.2,29.0,60.5,39.8,57.8,0.0,1.1,9.4,Yes,Yes,Low,2.0,Yes,Salle 8,186.0,50.2,1.0
ENSPD000679,Female,21.0,Electrique,4,64.5,36.0,57.3,56.9,77.8,1.0,0.8,4.4,Yes,No,High,1.0,Yes,Salle 14,157.0,62.7,1.0
ENSPD000680,Female,25.0,Informatique,3,92.4,8.0,58.1,50.5,41.6,2.0,1.8,8.6,Yes,No,Middle,1.0,Yes,Salle 17,263.0,48.0,0.0
ENSPD000681,Female,20.0,Mecanique,4,75.8,24.0,65.1,63.6,87.1,1.0,2.4,18.0,Yes,No,High,0.0,No,Salle 24,178.0,55.6,1.0
ENSPD000682,Male,24.0,Chimie,2,84.3,16.0,63.5,56.3,56.9,0.0,1.7,11.5,No,No,Low,0.0,Yes,Salle 17,119.0,57.1,1.0
ENSPD000683,Male,23.0,GenieCivil,4,63.9,36.0,62.9,82.4,100.0,0.0,0.6,12.3,Yes,No,Middle,1.0,Yes,Salle 10,173.0,76.9,1.0
ENSPD000684,Female,25.0,Telecom,4,73.1,27.0,72.3,46.2,65.4,0.0,0.9,7.7,No,No,Middle,1.0,Yes,Salle 26,121.0,59.9,1.0
ENSPD000685,Female,21.0,GenieCivil,2,91.1,9.0,57.2,30.8,98.1,1.0,1.2,11.5,No,No,Middle,0.0,Yes,Salle 18,177.0,65.4,1.0
ENSPD000686,Male,21.0,Telecom,2,100.0,0.0,53.4,37.6,88.0,2.0,0.0,0.6,No,No,Middle,0.0,Yes,Salle 26,161.0,58.6,1.0
ENSPD000687,Male,24.0,GenieCivil,5,58.3,42.0,64.9,79.9,51.8,1.0,4.2,15.2,Yes,No,High,1.0,Yes,Salle 10,70.0,55.6,1.0
ENSPD000688,Male,23.0,Energetique,4,79.6,20.0,40.8,44.5,38.0,1.0,1.4,7.2,Yes,No,Middle,0.0,No,Salle 11,70.0,39.3,0.0
ENSPD000689,Female,19.0,Energetique,5,86.9,13.0,67.2,69.2,66.3,1.0,2.8,13.6,Yes,No,Middle,2.0,Yes,Salle 20,40.0,66.5,1.0
ENSPD000690,Male,21.0,Mecanique,4,74.6,25.0,37.1,56.7,52.3,0.0,0.4,2.1,Yes,No,Middle,2.0,Yes,Salle 16,178.0,45.6,0.0
ENSPD000691,Male,23.0,Telecom,3,92.2,8.0,81.8,76.8,95.6,0.0,1.6,9.3,Yes,No,Low,2.0,No,Salle 17,154.0,85.7,1.0
ENSPD000692,Male,24.0,Telecom,1,71.6,28.0,75.3,57.8,59.1,1.0,5.2,33.4,No,Yes,Middle,2.0,Yes,Salle 24,121.0,62.1,1.0
ENSPD000693,Male,21.0,Informatique,2,83.8,16.0,51.1,100.0,58.0,2.0,0.5,4.2,No,No,Middle,1.0,Yes,Salle 7,298.0,68.8,1.0
ENSPD000694,Male,17.0,Electrique,5,75.7,24.0,74.9,96.2,36.1,1.0,0.8,0.8,No,No,Middle,0.0,Yes,Salle 18,80.0,60.5,1.0
ENSPD000695,Male,23.0,Informatique,2,96.6,3.0,66.7,56.3,72.4,2.0,1.0,9.6,No,No,Middle,0.0,Yes,Salle 28,298.0,67.8,1.0
ENSPD000696,Female,20.0,Telecom,1,73.9,26.0,49.9,53.9,40.5,1.0,1.0,11.5,Yes,No,Middle,2.0,No,Salle 9,121.0,43.2,0.0
ENSPD000697,Male,18.0,Informatique,3,77.8,22.0,34.7,100.0,63.5,1.0,1.8,8.7,No,No,High,1.0,Yes,Salle 20,263.0,64.9,1.0
ENSPD000698,Female,17.0,Informatique,4,93.3,7.0,69.7,42.6,75.6,1.0,1.0,12.0,Yes,No,Low,0.0,Yes,Salle 6,230.0,65.4,1.0
ENSPD000699,Male,24.0,GenieCivil,2,69.7,30.0,65.1,61.0,49.0,1.0,2.2,21.0,No,No,Middle,0.0,Yes,Salle 13,177.0,51.4,1.0
ENSPD000700,Male,22.0,Electrique,2,82.8,17.0,81.4,62.4,83.1,1.0,1.3,9.3,Yes,No,Middle,1.0,No,Salle 9,185.0,73.2,1.0
ENSPD000701,Male,22.0,Telecom,2,60.1,40.0,65.2,62.0,58.5,0.0,0.3,9.2,No,No,Middle,2.0,Yes,Salle 16,161.0,53.7,1.0
ENSPD000702,Male,25.0,Energetique,1,68.9,31.0,54.5,30.7,34.6,0.0,5.9,32.3,Yes,Yes,Low,1.0,Yes,Salle 1,83.0,40.0,0.0
ENSPD000703,Male,23.0,GenieCivil,4,86.6,13.0,92.0,70.9,94.9,0.0,0.5,8.6,No,No,Low,0.0,Yes,Salle 3,173.0,81.6,1.0
ENSPD000704,Male,25.0,Informatique,2,70.1,30.0,73.6,44.5,45.5,0.0,1.7,15.4,Yes,No,Middle,1.0,Yes,Salle 22,298.0,44.2,0.0
ENSPD000705,Male,19.0,Chimie,4,75.5,24.0,10.2,87.8,74.1,1.0,0.1,7.5,Yes,No,Low,1.0,Yes,Salle 26,93.0,54.4,1.0
ENSPD000706,Other,22.0,Electrique,4,87.9,12.0,57.7,35.8,72.5,0.0,5.0,21.2,Yes,No,Middle,1.0,Yes,Salle 14,157.0,57.9,1.0
ENSPD000707,Male,19.0,GenieCivil,3,75.0,25.0,44.2,63.1,63.5,3.0,5.3,11.5,No,No,Low,4.0,No,Salle 25,185.0,57.9,1.0
ENSPD000708,Female,22.0,Mecanique,2,91.9,8.0,65.1,22.1,71.4,0.0,0.9,9.3,Yes,No,Middle,1.0,No,Salle 4,231.0,49.1,0.0
ENSPD000709,Male,22.0,GenieCivil,3,84.6,15.0,65.1,23.2,44.6,1.0,0.3,5.3,Yes,Yes,Middle,1.0,Yes,Salle 23,185.0,39.2,0.0
ENSPD000710,Female,23.0,Mecanique,2,87.2,13.0,70.3,46.9,97.8,0.0,2.9,10.1,Yes,No,High,3.0,Yes,Salle 7,231.0,72.8,1.0
ENSPD000711,Female,22.0,Chimie,2,96.9,3.0,68.9,49.4,83.1,0.0,0.6,6.5,Yes,No,High,0.0,Yes,Salle 15,119.0,68.3,1.0
ENSPD000712,Female,23.0,GenieCivil,4,85.8,14.0,81.2,88.4,73.5,0.0,2.4,14.1,Yes,No,Middle,2.0,Yes,Salle 29,173.0,73.9,1.0
ENSPD000713,Male,23.0,Telecom,3,100.0,0.0,74.5,61.3,37.3,2.0,4.9,25.8,Yes,No,Middle,1.0,Yes,Salle 8,154.0,49.8,0.0
ENSPD000714,Male,26.0,GenieCivil,4,92.9,7.0,73.6,61.6,44.4,0.0,1.8,16.7,No,No,Middle,0.0,No,Salle 5,173.0,68.3,1.0
ENSPD000715,Male,21.0,Mecanique,1,75.7,24.0,68.0,55.2,77.1,1.0,3.9,17.4,No,No,Middle,0.0,Yes,Salle 10,186.0,71.3,1.0
ENSPD000716,Female,20.0,Telecom,1,97.5,2.0,84.3,72.9,23.9,1.0,0.5,0.0,Yes,No,Low,2.0,Yes,Salle 10,121.0,59.1,1.0
ENSPD000717,Female,22.0,Electrique,5,85.2,15.0,60.3,48.9,70.8,0.0,4.8,22.6,Yes,Yes,High,4.0,Yes,Salle 28,80.0,59.9,1.0
ENSPD000718,Female,20.0,Informatique,3,77.3,23.0,65.1,47.7,37.4,1.0,1.4,10.3,Yes,Yes,Middle,0.0,Yes,Salle 18,263.0,44.2,0.0
ENSPD000719,Male,25.0,Electrique,3,85.3,15.0,36.4,61.6,46.6,0.0,0.5,12.4,No,No,Low,1.0,Yes,Salle 13,188.0,37.1,0.0
ENSPD000720,Female,21.0,Mecanique,3,95.3,5.0,80.8,68.0,35.8,1.0,4.2,19.4,Yes,No,Middle,0.0,Yes,Salle 13,212.0,60.4,1.0
ENSPD000721,Female,21.0,Telecom,1,87.5,12.0,63.8,66.7,68.9,1.0,1.6,13.7,Yes,No,Middle,2.0,No,Salle 19,121.0,66.5,1.0
ENSPD000722,Male,21.0,GenieCivil,4,100.0,0.0,100.0,76.0,86.3,1.0,3.2,13.4,Yes,No,High,1.0,No,Salle 16,173.0,94.4,1.0
ENSPD000723,Male,23.0,Chimie,1,95.0,5.0,58.9,65.9,71.0,1.0,3.2,17.8,No,No,Low,1.0,Yes,Salle 17,96.0,67.4,1.0
ENSPD000724,Female,22.0,Informatique,3,88.3,12.0,66.3,98.5,63.5,2.0,2.1,2.0,No,No,Middle,2.0,Yes,Salle 23,263.0,79.3,1.0
ENSPD000725,Male,21.0,Mecanique,3,69.7,30.0,73.2,65.2,67.4,1.0,0.4,5.3,No,Yes,Middle,0.0,No,Salle 23,212.0,67.8,1.0
ENSPD000726,Female,25.0,Energetique,5,79.8,20.0,48.5,79.9,77.7,1.0,2.4,15.9,No,No,Low,1.0,Yes,Salle 15,40.0,68.5,1.0
ENSPD000727,Male,20.0,Chimie,3,82.9,17.0,70.4,56.2,73.3,1.0,0.1,3.6,Yes,No,Middle,3.0,No,Salle 17,130.0,65.0,1.0
ENSPD000728,Female,22.0,Informatique,1,90.4,10.0,65.5,45.6,9.7,1.0,0.4,1.0,Yes,No,Low,2.0,Yes,Salle 10,248.0,35.5,0.0
ENSPD000729,Male,23.0,Mecanique,3,89.6,10.0,60.4,74.9,82.1,3.0,2.1,13.7,No,No,High,0.0,Yes,Salle 26,212.0,73.3,1.0
ENSPD000730,Male,19.0,Mecanique,1,84.0,16.0,82.6,60.4,80.0,3.0,1.4,31.5,Yes,No,Low,0.0,Yes,Salle 20,186.0,76.1,1.0
ENSPD000731,Male,23.0,Electrique,1,83.4,17.0,65.1,77.0,56.8,1.0,3.0,13.7,Yes,Yes,Middle,2.0,Yes,Salle 8,143.0,60.4,1.0
ENSPD000732,Female,20.0,Chimie,1,90.6,9.0,69.1,68.4,24.5,0.0,0.8,5.3,No,No,High,1.0,Yes,Salle 25,96.0,47.5,0.0
ENSPD000733,Female,24.0,Chimie,3,71.7,28.0,86.8,47.7,68.8,1.0,3.5,18.0,Yes,No,Middle,0.0,Yes,Salle 14,130.0,62.4,1.0
ENSPD000734,Male,20.0,GenieCivil,1,100.0,0.0,54.4,81.3,70.5,1.0,6.8,38.9,Yes,No,Middle,0.0,Yes,Salle 26,149.0,69.7,1.0
ENSPD000735,Male,23.0,Telecom,2,57.4,43.0,60.5,61.6,55.2,0.0,0.8,2.9,No,No,Middle,0.0,Yes,Salle 24,161.0,51.6,1.0
ENSPD000736,Male,24.0,GenieCivil,5,99.5,0.0,100.0,73.3,67.7,1.0,0.4,3.5,Yes,No,Middle,0.0,Yes,Salle 13,70.0,75.4,1.0
ENSPD000737,Male,24.0,Informatique,4,81.5,18.0,72.1,85.1,85.4,1.0,0.4,9.3,No,No,Middle,1.0,Yes,Salle 18,230.0,74.8,1.0
ENSPD000738,Female,23.0,Electrique,1,94.0,6.0,57.4,55.1,100.0,1.0,1.0,4.1,Yes,No,Low,1.0,Yes,Salle 4,143.0,71.7,1.0
ENSPD000739,Male,22.0,Energetique,2,86.4,14.0,77.0,82.8,66.9,2.0,0.1,2.0,Yes,No,Low,1.0,Yes,Salle 27,71.0,70.6,1.0
ENSPD000740,Male,21.0,Chimie,3,86.2,14.0,56.5,69.2,70.7,0.0,1.4,17.3,Yes,No,Middle,2.0,Yes,Salle 4,130.0,65.5,1.0
ENSPD000741,Male,25.0,Electrique,4,88.7,11.0,41.5,77.3,47.5,0.0,2.6,11.5,Yes,No,Middle,1.0,Yes,Salle 15,157.0,55.4,1.0
ENSPD000742,Male,21.0,Electrique,1,91.7,8.0,85.6,46.9,54.0,3.0,1.5,13.4,Yes,No,Low,2.0,Yes,Salle 2,143.0,61.2,1.0
ENSPD000743,Female,20.0,Energetique,4,78.1,22.0,48.5,65.9,61.3,5.0,1.4,34.3,Yes,No,Middle,4.0,Yes,Salle 12,70.0,56.7,1.0
ENSPD000744,Male,23.0,GenieCivil,3,94.4,6.0,100.0,36.7,87.6,2.0,1.2,7.5,Yes,Yes,Middle,1.0,Yes,Salle 30,185.0,74.5,1.0
ENSPD000745,Male,20.0,Mecanique,3,69.0,31.0,57.7,92.8,80.4,2.0,0.0,5.0,Yes,No,Low,1.0,Yes,Salle 1,212.0,75.2,1.0
ENSPD000746,Female,20.0,Energetique,5,81.9,18.0,97.0,61.6,100.0,1.0,1.3,7.1,Yes,No,Middle,1.0,No,Salle 14,40.0,71.5,1.0
ENSPD000747,Male,19.0,Telecom,4,92.0,8.0,44.5,55.6,34.2,1.0,5.3,11.5,Yes,No,Middle,1.0,No,Salle 28,121.0,49.7,0.0
ENSPD000748,Male,21.0,Mecanique,4,93.9,6.0,80.4,45.2,37.5,0.0,0.2,6.4,No,No,Middle,3.0,Yes,Salle 18,178.0,48.4,0.0
ENSPD000749,Female,22.0,GenieCivil,2,87.5,12.0,72.5,74.1,86.0,1.0,0.5,6.4,Yes,No,Middle,3.0,No,Salle 20,177.0,77.6,1.0
ENSPD000750,Female,22.0,GenieCivil,3,77.3,23.0,77.6,96.6,93.0,1.0,2.5,11.5,Yes,No,Middle,0.0,Yes,Salle 2,185.0,90.0,1.0
ENSPD000751,Male,24.0,Informatique,3,92.8,7.0,79.5,73.8,64.7,1.0,0.7,5.3,Yes,No,Low,1.0,Yes,Salle 7,263.0,67.6,1.0
ENSPD000752,Female,23.0,Energetique,2,74.0,26.0,57.5,100.0,0.0,0.0,2.9,18.7,No,No,Low,1.0,Yes,Salle 1,71.0,45.8,0.0
ENSPD000753,Female,22.0,GenieCivil,3,100.0,0.0,65.1,37.2,49.1,1.0,1.1,8.5,Yes,No,Middle,1.0,No,Salle 29,185.0,51.0,1.0
ENSPD000754,Male,22.0,Telecom,2,81.0,19.0,64.2,38.6,70.7,2.0,1.4,11.5,No,No,Low,0.0,Yes,Salle 20,161.0,55.5,1.0
ENSPD000755,Male,23.0,Informatique,1,63.5,36.0,68.3,45.9,46.0,1.0,1.6,9.7,Yes,No,High,0.0,Yes,Salle 24,248.0,48.4,0.0
ENSPD000756,Female,25.0,GenieCivil,2,82.2,32.0,57.9,64.2,67.7,1.0,0.2,9.1,No,No,Middle,0.0,Yes,Salle 24,177.0,61.3,1.0
ENSPD000757,Female,22.0,Informatique,4,82.5,18.0,69.2,43.5,100.0,2.0,1.0,16.4,No,Yes,Middle,1.0,Yes,Salle 26,230.0,68.9,1.0
ENSPD000758,Male,21.0,Chimie,5,83.7,16.0,69.9,48.5,92.5,1.0,0.8,0.0,Yes,No,Middle,1.0,No,Salle 17,48.0,72.6,1.0
ENSPD000759,Female,20.0,Electrique,2,100.0,0.0,51.3,73.2,80.2,0.0,3.3,16.5,Yes,No,Middle,2.0,Yes,Salle 5,185.0,65.7,1.0
ENSPD000760,Female,19.0,Electrique,3,69.5,30.0,65.1,39.7,62.7,1.0,2.0,19.1,Yes,No,Low,0.0,Yes,Salle 9,188.0,58.3,1.0
ENSPD000761,Male,23.0,Informatique,1,82.5,18.0,61.0,41.6,54.1,2.0,3.0,8.0,Yes,No,Low,0.0,No,Salle 29,248.0,47.7,0.0
ENSPD000762,Male,23.0,Informatique,4,69.3,31.0,54.5,54.8,79.2,3.0,1.4,13.4,Yes,No,Middle,1.0,Yes,Salle 21,230.0,62.4,1.0
ENSPD000763,Male,23.0,Informatique,3,76.1,24.0,76.8,56.5,64.5,1.0,2.4,15.9,Yes,No,Middle,0.0,No,Salle 27,263.0,65.5,1.0
ENSPD000764,Female,22.0,Mecanique,4,100.0,0.0,53.3,80.2,65.2,1.0,0.1,11.6,Yes,No,High,1.0,No,Salle 21,178.0,64.6,1.0
ENSPD000765,Male,25.0,Electrique,4,68.4,32.0,58.1,45.8,33.0,1.0,0.1,11.5,Yes,Yes,Middle,1.0,No,Salle 6,157.0,42.4,0.0
ENSPD000766,Male,21.0,Electrique,2,89.0,11.0,66.1,61.6,49.7,0.0,1.4,8.9,No,No,High,2.0,Yes,Salle 24,185.0,55.3,1.0
ENSPD000767,Female,24.0,Electrique,3,86.7,13.0,85.6,72.5,79.0,0.0,3.0,12.3,Yes,Yes,Middle,0.0,Yes,Salle 23,188.0,74.2,1.0
ENSPD000768,Female,22.0,GenieCivil,5,81.7,18.0,67.9,76.4,63.5,0.0,1.5,10.1,Yes,No,High,2.0,Yes,Salle 29,70.0,56.8,1.0
ENSPD000769,Male,21.0,Mecanique,1,88.2,12.0,72.9,87.7,69.3,1.0,1.1,6.3,Yes,No,Middle,1.0,Yes,Salle 14,186.0,70.4,1.0
ENSPD000770,Female,23.0,Mecanique,3,68.1,32.0,60.5,70.4,72.3,3.0,4.5,20.7,Yes,No,Low,1.0,Yes,Salle 7,212.0,66.9,1.0
ENSPD000771,Male,23.0,Informatique,5,100.0,0.0,63.8,64.3,63.5,1.0,1.4,11.5,Yes,No,Low,1.0,Yes,Salle 23,109.0,66.8,1.0
ENSPD000772,Female,23.0,Telecom,2,100.0,0.0,64.3,72.4,75.2,0.0,1.9,9.5,Yes,No,High,4.0,Yes,Salle 17,161.0,72.8,1.0
ENSPD000773,Male,22.0,Electrique,4,82.6,17.0,69.4,61.6,76.6,1.0,8.5,30.1,Yes,No,Middle,1.0,Yes,Salle 2,157.0,71.6,1.0
ENSPD000774,Male,22.0,Informatique,5,100.0,0.0,60.6,57.1,51.5,1.0,1.5,12.0,Yes,Yes,Low,0.0,Yes,Salle 5,109.0,52.5,1.0
ENSPD000775,Female,27.0,Informatique,4,77.2,23.0,85.1,30.1,34.6,0.0,3.1,18.3,No,No,Middle,2.0,Yes,Salle 5,230.0,44.1,0.0
ENSPD000776,Male,24.0,Telecom,2,86.8,13.0,59.4,78.1,46.5,2.0,1.1,12.4,No,No,Middle,1.0,Yes,Salle 10,161.0,56.1,1.0
ENSPD000777,Male,23.0,Chimie,2,82.2,1.0,39.4,65.8,78.6,0.0,0.1,11.5,No,Yes,High,0.0,Yes,Salle 13,119.0,66.4,1.0
ENSPD000778,Female,22.0,Electrique,1,76.5,24.0,100.0,76.0,40.0,1.0,3.6,15.1,Yes,No,Middle,0.0,No,Salle 20,143.0,65.7,1.0
ENSPD000779,Female,24.0,GenieCivil,4,65.4,35.0,60.1,11.3,43.2,1.0,5.8,34.3,Yes,No,Low,1.0,No,Salle 8,173.0,39.7,0.0
ENSPD000780,Female,23.0,Mecanique,4,62.7,37.0,84.7,61.2,43.1,2.0,1.1,8.0,No,No,Middle,1.0,Yes,Salle 8,178.0,65.5,1.0
ENSPD000781,Female,22.0,Energetique,3,100.0,0.0,86.1,46.6,27.1,2.0,1.4,6.7,No,No,Middle,0.0,Yes,Salle 28,104.0,46.5,0.0
ENSPD000782,Male,21.0,Chimie,2,75.7,24.0,79.2,89.0,63.5,2.0,1.1,15.2,Yes,No,Low,4.0,No,Salle 24,119.0,62.6,1.0
ENSPD000783,Male,22.0,Mecanique,1,79.8,20.0,62.0,73.1,84.0,1.0,11.6,58.2,No,No,High,1.0,No,Salle 25,186.0,74.6,1.0
ENSPD000784,Male,17.0,Telecom,4,68.6,31.0,69.3,66.2,49.7,1.0,4.7,12.7,No,No,Middle,1.0,Yes,Salle 14,121.0,56.2,1.0
ENSPD000785,Male,22.0,Chimie,4,93.4,7.0,65.1,54.2,29.0,1.0,0.1,1.7,Yes,No,Low,1.0,Yes,Salle 26,93.0,37.4,1.0
ENSPD000786,Female,21.0,Mecanique,5,72.6,27.0,94.9,69.1,53.8,1.0,3.0,11.5,Yes,No,Low,1.0,Yes,Salle 7,67.0,64.4,1.0
ENSPD000787,Female,25.0,GenieCivil,4,76.1,24.0,52.2,45.3,74.2,1.0,1.8,13.3,Yes,No,Middle,2.0,Yes,Salle 28,173.0,54.3,1.0
ENSPD000788,Male,22.0,Informatique,4,85.6,14.0,61.2,60.2,27.4,1.0,0.1,8.0,Yes,No,Middle,0.0,No,Salle 12,230.0,41.5,0.0
ENSPD000789,Male,20.0,Informatique,4,69.2,31.0,65.1,51.6,83.1,1.0,1.2,19.9,No,Yes,Middle,2.0,Yes,Salle 16,230.0,63.9,1.0
ENSPD000790,Female,22.0,Chimie,3,79.9,20.0,63.4,61.6,63.5,0.0,0.3,1.8,No,No,Middle,2.0,No,Salle 7,130.0,63.4,1.0
ENSPD000791,Male,20.0,Mecanique,2,98.8,1.0,55.1,88.5,56.1,0.0,4.1,22.0,No,No,Low,1.0,Yes,Salle 13,231.0,62.1,1.0
ENSPD000792,Female,23.0,Telecom,4,87.1,13.0,85.9,81.1,55.8,0.0,0.0,0.0,No,No,Middle,1.0,No,Salle 13,121.0,72.2,1.0
ENSPD000793,Male,23.0,Energetique,3,83.6,16.0,79.3,35.2,52.8,4.0,4.1,22.3,Yes,No,Low,2.0,Yes,Salle 8,104.0,52.6,1.0
ENSPD000794,Female,24.0,Informatique,2,84.6,15.0,69.8,77.6,62.7,1.0,5.7,34.4,Yes,No,Middle,0.0,Yes,Salle 4,298.0,69.6,1.0
ENSPD000795,Male,20.0,GenieCivil,1,77.3,23.0,59.0,65.4,79.6,1.0,0.2,0.0,Yes,No,Middle,7.0,Yes,Salle 26,149.0,61.9,1.0
ENSPD000796,Female,22.0,Chimie,2,100.0,0.0,81.0,84.0,63.2,0.0,1.4,9.3,No,Yes,High,2.0,Yes,Salle 14,119.0,73.7,1.0
ENSPD000797,Female,19.0,Chimie,3,72.3,28.0,58.0,67.8,51.9,1.0,1.6,14.5,Yes,No,Middle,2.0,Yes,Salle 29,130.0,58.6,1.0
ENSPD000798,Male,23.0,Chimie,2,84.5,16.0,88.6,61.9,73.1,1.0,6.2,33.0,No,No,Low,2.0,No,Salle 16,119.0,76.3,1.0
ENSPD000799,Female,23.0,Mecanique,2,83.4,17.0,66.7,66.2,68.1,1.0,3.2,14.5,Yes,No,Low,1.0,No,Salle 16,231.0,66.0,1.0
ENSPD000800,Female,23.0,GenieCivil,3,94.1,6.0,83.4,29.5,50.6,0.0,2.4,17.9,Yes,No,Middle,2.0,Yes,Salle 8,185.0,52.9,1.0
ENSPD000801,Female,22.0,Electrique,1,95.2,5.0,63.3,48.2,63.5,2.0,5.2,31.0,Yes,No,Middle,0.0,Yes,Salle 2,143.0,59.1,1.0
ENSPD000802,Male,23.0,Energetique,4,81.6,18.0,66.1,61.6,49.0,1.0,0.3,8.4,Yes,Yes,Middle,1.0,No,Salle 20,70.0,58.3,1.0
ENSPD000803,Male,25.0,Mecanique,3,85.5,14.0,83.4,82.5,46.7,1.0,1.4,14.4,No,No,Middle,1.0,No,Salle 27,212.0,70.0,1.0
ENSPD000804,Female,21.0,Telecom,3,85.9,14.0,97.9,52.1,80.1,1.0,3.7,21.1,Yes,No,Low,3.0,No,Salle 26,154.0,73.2,1.0
ENSPD000805,Male,22.0,Mecanique,1,82.2,45.0,88.4,61.3,72.9,2.0,0.2,4.8,Yes,No,Low,0.0,Yes,Salle 11,186.0,64.9,1.0
ENSPD000806,Female,20.0,Energetique,2,62.9,37.0,78.2,33.2,79.4,2.0,5.5,28.1,No,No,Middle,2.0,No,Salle 11,71.0,62.9,1.0
ENSPD000807,Female,20.0,Electrique,2,74.7,25.0,65.1,88.3,76.7,1.0,1.4,19.2,Yes,Yes,Middle,0.0,Yes,Salle 1,185.0,76.2,1.0
ENSPD000808,Female,22.0,GenieCivil,4,75.3,25.0,57.4,82.0,46.3,0.0,1.2,3.4,Yes,No,Middle,0.0,Yes,Salle 21,173.0,57.4,1.0
ENSPD000809,Male,24.0,Electrique,4,67.6,32.0,69.4,73.7,84.0,0.0,0.8,9.3,Yes,No,Low,2.0,No,Salle 11,157.0,78.2,1.0
ENSPD000810,Male,21.0,Mecanique,2,91.0,9.0,51.3,69.3,58.0,2.0,0.3,5.7,No,No,High,1.0,Yes,Salle 23,231.0,55.8,1.0
ENSPD000811,Other,22.0,Mecanique,3,82.0,18.0,70.6,89.9,82.6,0.0,0.2,3.7,Yes,No,Low,2.0,No,Salle 28,212.0,73.1,1.0
ENSPD000812,Female,21.0,Informatique,2,82.2,21.0,71.6,47.5,61.5,1.0,1.1,4.9,Yes,No,Low,0.0,No,Salle 4,298.0,60.0,1.0
ENSPD000813,Male,21.0,Informatique,5,66.9,33.0,35.6,45.6,70.3,0.0,3.7,12.3,Yes,No,Middle,1.0,Yes,Salle 2,109.0,47.6,0.0
ENSPD000814,Female,23.0,Mecanique,5,82.2,18.0,65.6,81.1,70.9,1.0,1.5,8.9,No,No,Low,1.0,Yes,Salle 20,67.0,70.2,1.0
ENSPD000815,Female,19.0,Chimie,3,50.5,50.0,71.2,79.9,80.3,4.0,1.2,7.4,Yes,No,Middle,3.0,Yes,Salle 28,130.0,77.1,1.0
ENSPD000816,Male,25.0,Electrique,3,80.0,20.0,63.7,40.5,31.3,1.0,0.8,12.0,Yes,No,Middle,2.0,Yes,Salle 22,188.0,36.1,0.0
ENSPD000817,Female,21.0,Informatique,4,82.8,17.0,70.4,52.4,32.5,0.0,0.3,10.7,Yes,No,Middle,4.0,No,Salle 9,230.0,46.3,0.0
ENSPD000818,Male,23.0,Telecom,4,82.2,15.0,44.9,61.6,77.4,0.0,9.2,38.4,Yes,No,Low,1.0,Yes,Salle 11,121.0,73.6,1.0
ENSPD000819,Male,19.0,Electrique,3,63.2,37.0,53.4,69.4,71.1,0.0,0.1,2.0,Yes,No,Low,2.0,No,Salle 5,188.0,65.6,1.0
ENSPD000820,Male,23.0,Energetique,5,84.7,15.0,80.5,76.2,48.5,1.0,0.7,5.6,No,Yes,High,0.0,Yes,Salle 10,40.0,62.7,1.0
ENSPD000821,Female,23.0,Electrique,3,82.2,30.0,65.0,41.1,71.3,0.0,2.9,21.1,No,Yes,Middle,1.0,No,Salle 9,188.0,57.7,1.0
ENSPD000822,Male,23.0,Informatique,3,72.3,28.0,70.1,73.8,35.8,3.0,1.5,11.5,Yes,No,Middle,1.0,Yes,Salle 3,263.0,56.1,1.0
ENSPD000823,Male,20.0,GenieCivil,4,90.6,9.0,56.8,36.4,100.0,1.0,0.8,16.1,Yes,No,Middle,2.0,Yes,Salle 3,173.0,67.8,1.0
ENSPD000824,Male,22.0,Electrique,3,100.0,0.0,65.3,26.4,90.2,2.0,9.9,45.1,Yes,No,High,2.0,Yes,Salle 4,188.0,61.1,1.0
ENSPD000825,Male,20.0,Informatique,4,82.6,17.0,30.5,75.1,76.4,1.0,1.9,14.4,Yes,No,Middle,2.0,No,Salle 7,230.0,60.4,1.0
ENSPD000826,Female,21.0,Informatique,2,72.2,28.0,77.7,87.8,65.5,2.0,0.7,5.9,No,No,Middle,2.0,No,Salle 16,298.0,70.8,1.0
ENSPD000827,Male,24.0,Informatique,2,84.3,16.0,92.1,57.4,51.6,3.0,1.4,26.7,Yes,Yes,Middle,1.0,Yes,Salle 16,298.0,65.3,1.0
ENSPD000828,Male,24.0,Mecanique,1,93.3,7.0,49.0,52.2,37.8,1.0,0.3,11.5,Yes,No,Middle,1.0,Yes,Salle 28,186.0,41.0,0.0
ENSPD000829,Female,22.0,GenieCivil,3,89.5,10.0,50.9,92.8,61.7,2.0,1.2,7.9,Yes,Yes,Middle,2.0,No,Salle 7,185.0,64.6,1.0
ENSPD000830,Male,20.0,GenieCivil,2,100.0,0.0,71.6,58.5,63.5,1.0,3.7,14.5,Yes,No,Middle,0.0,Yes,Salle 18,177.0,54.8,1.0
ENSPD000831,Male,23.0,Informatique,5,73.4,27.0,87.1,60.8,48.0,1.0,8.2,40.5,Yes,No,Middle,2.0,No,Salle 13,109.0,61.6,1.0
ENSPD000832,Male,22.0,Electrique,3,85.0,15.0,65.0,92.5,35.7,2.0,1.4,6.4,Yes,No,High,0.0,Yes,Salle 12,188.0,61.7,1.0
ENSPD000833,Male,17.0,Electrique,4,100.0,0.0,46.6,55.6,69.0,2.0,0.3,5.5,No,No,Low,2.0,Yes,Salle 29,157.0,58.8,1.0
ENSPD000834,Male,24.0,Mecanique,2,99.8,0.0,61.9,50.2,56.5,2.0,1.7,8.1,Yes,No,Low,1.0,Yes,Salle 20,231.0,60.7,1.0
ENSPD000835,Male,22.0,Informatique,4,58.6,41.0,49.6,76.7,74.7,3.0,1.4,11.5,No,No,Low,1.0,No,Salle 13,177.0,61.7,1.0
ENSPD000836,Male,24.0,Informatique,3,82.0,18.0,55.0,49.2,73.1,2.0,2.2,11.4,Yes,No,Middle,1.0,No,Salle 24,263.0,56.0,1.0
ENSPD000837,Female,20.0,Mecanique,3,99.8,0.0,60.4,61.6,68.6,0.0,1.8,11.9,Yes,No,Middle,1.0,Yes,Salle 4,212.0,61.3,1.0
ENSPD000838,Male,17.0,Informatique,2,100.0,0.0,51.1,38.3,100.0,1.0,0.7,3.0,Yes,No,Low,1.0,Yes,Salle 24,298.0,64.3,1.0
ENSPD000839,Female,23.0,Mecanique,3,90.4,10.0,53.3,65.3,80.5,2.0,1.9,11.6,Yes,No,Middle,1.0,No,Salle 22,212.0,65.9,1.0
ENSPD000840,Female,23.0,Electrique,3,77.6,22.0,66.1,63.2,38.8,1.0,1.4,19.3,Yes,No,Middle,0.0,No,Salle 28,188.0,48.0,0.0
ENSPD000841,Male,19.0,GenieCivil,3,69.9,30.0,68.2,61.6,73.2,3.0,0.9,8.1,Yes,No,Middle,1.0,Yes,Salle 30,185.0,70.5,1.0
ENSPD000842,Female,20.0,Mecanique,5,100.0,0.0,43.6,77.4,62.9,1.0,0.6,11.1,Yes,No,Low,0.0,No,Salle 12,67.0,62.6,1.0
ENSPD000843,Male,28.0,Mecanique,4,90.7,9.0,70.9,71.9,37.2,0.0,1.3,11.0,Yes,No,High,2.0,Yes,Salle 28,178.0,57.4,1.0
ENSPD000844,Female,21.0,Electrique,5,71.8,28.0,59.3,69.1,35.6,2.0,0.9,6.2,Yes,Yes,Middle,1.0,Yes,Salle 5,80.0,54.6,1.0
ENSPD000845,Male,23.0,Telecom,3,79.6,20.0,75.8,60.7,63.5,1.0,1.3,10.0,No,No,Middle,1.0,Yes,Salle 25,154.0,73.4,1.0
ENSPD000846,Male,21.0,Chimie,5,85.7,14.0,76.7,73.0,78.0,0.0,0.2,8.2,Yes,No,High,1.0,No,Salle 2,48.0,74.2,1.0
ENSPD000847,Male,18.0,Electrique,4,82.2,12.0,56.8,42.0,43.1,1.0,0.8,11.0,Yes,No,Low,1.0,Yes,Salle 8,157.0,49.3,0.0
ENSPD000848,Other,22.0,Mecanique,2,71.2,29.0,74.2,19.7,83.4,1.0,3.5,19.8,Yes,No,Middle,0.0,Yes,Salle 25,231.0,54.7,1.0
ENSPD000849,Male,21.0,Mecanique,2,74.6,25.0,52.4,82.9,69.7,5.0,1.0,16.2,Yes,No,Middle,0.0,Yes,Salle 24,231.0,71.2,1.0
ENSPD000850,Female,21.0,Telecom,2,62.2,38.0,84.9,74.1,87.9,1.0,6.9,29.1,No,Yes,Low,0.0,Yes,Salle 5,161.0,78.6,1.0
ENSPD000851,Male,22.0,Informatique,1,94.5,6.0,53.0,59.7,85.8,0.0,2.5,17.1,Yes,No,Middle,2.0,Yes,Salle 8,248.0,68.8,1.0
ENSPD000852,Female,23.0,Energetique,1,77.9,22.0,70.3,81.3,60.8,2.0,0.9,8.3,Yes,No,Low,0.0,Yes,Salle 15,83.0,65.0,1.0
ENSPD000853,Male,22.0,Electrique,1,87.6,12.0,62.2,61.6,96.7,1.0,0.6,11.5,Yes,No,Low,1.0,No,Salle 18,143.0,72.9,1.0
ENSPD000854,Female,19.0,Electrique,4,99.1,1.0,49.7,49.3,41.5,4.0,2.3,14.2,No,No,Middle,1.0,No,Salle 12,157.0,47.0,0.0
ENSPD000855,Male,23.0,Informatique,2,84.6,15.0,78.5,46.8,100.0,0.0,0.7,16.1,Yes,Yes,High,1.0,Yes,Salle 9,298.0,78.8,1.0
ENSPD000856,Male,18.0,Electrique,2,80.6,19.0,55.8,72.2,46.4,1.0,5.2,26.2,No,No,Middle,2.0,No,Salle 2,185.0,54.2,1.0
ENSPD000857,Male,18.0,GenieCivil,4,84.3,16.0,39.5,33.5,63.0,1.0,0.2,8.7,No,No,Middle,0.0,No,Salle 1,173.0,45.3,0.0
ENSPD000858,Male,23.0,Informatique,4,82.8,17.0,65.1,48.2,63.5,3.0,0.1,4.6,No,Yes,Low,0.0,No,Salle 21,230.0,39.9,0.0
ENSPD000859,Male,23.0,Mecanique,5,97.0,3.0,51.9,67.2,56.5,0.0,0.5,8.4,Yes,Yes,Low,1.0,Yes,Salle 7,67.0,61.5,1.0
ENSPD000860,Male,22.0,Telecom,3,85.7,14.0,85.6,40.3,100.0,2.0,1.9,11.5,Yes,Yes,Middle,1.0,Yes,Salle 10,154.0,71.5,1.0
ENSPD000861,Female,19.0,GenieCivil,2,75.5,24.0,83.9,61.6,54.7,1.0,3.6,21.1,Yes,No,Middle,1.0,Yes,Salle 20,177.0,62.6,1.0
ENSPD000862,Male,21.0,GenieCivil,2,94.6,5.0,54.2,22.2,81.0,0.0,0.4,0.0,Yes,No,Low,2.0,Yes,Salle 19,177.0,58.2,1.0
ENSPD000863,Male,21.0,Informatique,2,96.8,3.0,59.4,72.9,59.3,0.0,1.8,10.0,No,No,Middle,1.0,No,Salle 28,298.0,68.2,1.0
ENSPD000864,Male,19.0,Chimie,1,65.9,34.0,58.0,49.6,82.7,0.0,0.3,3.4,Yes,No,Middle,3.0,Yes,Salle 11,96.0,63.9,1.0
ENSPD000865,Male,21.0,Electrique,2,100.0,0.0,45.0,42.2,53.1,2.0,1.7,19.4,Yes,No,Low,1.0,Yes,Salle 20,185.0,44.7,0.0
ENSPD000866,Male,23.0,Electrique,5,86.4,14.0,65.1,38.7,69.1,0.0,0.0,2.1,Yes,No,Middle,1.0,Yes,Salle 26,80.0,55.4,1.0
ENSPD000867,Male,25.0,GenieCivil,1,85.4,15.0,79.7,54.5,76.6,1.0,1.6,9.5,Yes,No,Low,1.0,Yes,Salle 2,149.0,74.7,1.0
ENSPD000868,Male,21.0,GenieCivil,1,94.1,6.0,72.6,33.6,49.6,2.0,1.5,8.0,No,No,Middle,1.0,Yes,Salle 1,149.0,52.0,1.0
ENSPD000869,Female,24.0,Electrique,1,75.2,25.0,69.1,97.0,100.0,2.0,0.1,7.0,Yes,Yes,Middle,2.0,Yes,Salle 22,143.0,85.4,1.0
ENSPD000870,Female,18.0,Mecanique,4,93.4,7.0,45.0,19.1,77.6,1.0,2.3,12.9,No,Yes,High,0.0,No,Salle 28,178.0,55.9,1.0
ENSPD000871,Male,23.0,Energetique,2,77.5,22.0,66.5,53.9,59.5,0.0,1.7,10.0,No,Yes,Middle,2.0,Yes,Salle 3,71.0,53.2,1.0
ENSPD000872,Male,20.0,Electrique,2,64.3,36.0,30.4,63.9,50.1,2.0,2.0,21.6,No,No,Middle,2.0,Yes,Salle 10,185.0,44.4,0.0
ENSPD000873,Female,23.0,Mecanique,1,70.0,30.0,65.1,48.0,65.8,3.0,1.5,11.6,Yes,No,Middle,2.0,Yes,Salle 22,186.0,65.8,1.0
ENSPD000874,Male,22.0,GenieCivil,2,88.8,11.0,68.9,65.8,39.7,3.0,2.6,18.1,No,No,Middle,1.0,No,Salle 17,177.0,52.0,1.0
ENSPD000875,Male,25.0,Chimie,1,70.7,29.0,44.8,47.6,99.6,0.0,1.5,12.6,Yes,No,Middle,2.0,Yes,Salle 27,96.0,68.7,1.0
ENSPD000876,Male,20.0,Informatique,3,100.0,0.0,89.2,89.5,72.6,0.0,5.1,22.0,Yes,No,Middle,0.0,Yes,Salle 11,263.0,76.9,1.0
ENSPD000877,Female,23.0,Mecanique,1,96.3,4.0,38.1,41.9,62.2,3.0,5.7,25.5,Yes,No,Middle,1.0,Yes,Salle 6,186.0,51.1,1.0
ENSPD000878,Female,21.0,Electrique,4,98.0,2.0,73.0,19.7,84.9,3.0,2.6,10.9,Yes,No,Middle,1.0,Yes,Salle 18,157.0,64.3,1.0
ENSPD000879,Male,22.0,Mecanique,3,83.5,16.0,73.3,38.6,49.6,1.0,4.9,19.7,Yes,No,Middle,1.0,Yes,Salle 7,212.0,48.6,0.0
ENSPD000880,Male,22.0,Chimie,4,85.1,15.0,46.4,69.0,40.9,0.0,5.1,25.5,Yes,No,Middle,1.0,Yes,Salle 5,93.0,49.9,0.0
ENSPD000881,Male,20.0,Informatique,2,67.7,32.0,65.1,59.9,61.4,0.0,0.6,7.8,No,No,Middle,3.0,Yes,Salle 13,298.0,54.7,1.0
ENSPD000882,Female,22.0,Chimie,2,93.9,6.0,40.4,75.5,66.6,1.0,10.2,45.3,No,No,Middle,0.0,Yes,Salle 29,119.0,57.7,1.0
ENSPD000883,Male,22.0,Informatique,1,86.6,13.0,22.3,71.0,74.6,3.0,0.6,8.9,No,No,High,1.0,No,Salle 22,248.0,56.7,1.0
ENSPD000884,Male,22.0,Informatique,3,88.8,11.0,49.0,50.5,34.5,0.0,1.4,4.3,Yes,Yes,Middle,2.0,Yes,Salle 26,263.0,48.5,0.0
ENSPD000885,Female,22.0,Telecom,3,100.0,0.0,55.8,53.2,54.9,2.0,6.6,36.4,Yes,No,Middle,0.0,Yes,Salle 3,154.0,58.6,1.0
ENSPD000886,Male,24.0,Electrique,2,74.7,25.0,74.7,55.1,2.3,1.0,0.5,5.0,Yes,No,Low,2.0,Yes,Salle 7,185.0,34.3,0.0
ENSPD000887,Female,24.0,Mecanique,4,80.5,20.0,66.0,95.9,40.4,1.0,1.8,16.1,No,No,Low,0.0,No,Salle 10,178.0,65.1,1.0
ENSPD000888,Male,20.0,Mecanique,4,85.9,14.0,66.4,74.4,78.3,1.0,7.1,36.4,Yes,Yes,Middle,0.0,Yes,Salle 5,178.0,68.1,1.0
ENSPD000889,Male,24.0,Electrique,4,70.8,29.0,49.8,96.1,83.2,0.0,0.1,0.0,No,Yes,Middle,2.0,Yes,Salle 23,157.0,77.8,1.0
ENSPD000890,Male,20.0,GenieCivil,1,79.7,20.0,57.0,77.1,41.2,1.0,0.6,1.4,No,No,Middle,0.0,Yes,Salle 20,149.0,51.4,1.0
ENSPD000891,Female,23.0,Energetique,3,87.9,12.0,51.1,61.6,57.5,3.0,1.9,5.7,Yes,Yes,Low,1.0,No,Salle 2,104.0,58.7,1.0
ENSPD000892,Female,23.0,Energetique,1,78.1,22.0,46.6,43.7,64.5,1.0,2.9,17.8,Yes,No,High,1.0,Yes,Salle 4,83.0,49.7,0.0
ENSPD000893,Female,18.0,Electrique,3,97.7,2.0,56.1,65.6,85.6,4.0,3.3,13.9,Yes,No,Middle,0.0,Yes,Salle 13,188.0,64.6,1.0
ENSPD000894,Male,22.0,GenieCivil,2,63.9,36.0,66.1,60.9,94.6,0.0,4.3,26.4,Yes,No,Low,0.0,No,Salle 10,177.0,71.5,1.0
ENSPD000895,Female,21.0,GenieCivil,1,95.5,4.0,56.4,60.3,67.1,1.0,0.4,2.2,No,No,Middle,1.0,Yes,Salle 18,149.0,59.7,0.0
ENSPD000896,Male,20.0,Electrique,4,89.9,10.0,60.1,58.2,58.8,1.0,0.9,9.3,No,No,Middle,2.0,Yes,Salle 20,157.0,60.4,1.0
ENSPD000897,Male,25.0,Informatique,3,75.2,25.0,75.4,25.1,63.5,1.0,2.5,10.9,Yes,No,High,1.0,No,Salle 1,263.0,39.8,0.0
ENSPD000898,Female,21.0,Mecanique,2,70.9,29.0,57.5,84.7,63.5,0.0,2.5,11.5,No,No,Middle,1.0,Yes,Salle 23,231.0,69.7,1.0
ENSPD000899,Male,20.0,Informatique,1,57.0,43.0,45.0,61.1,100.0,0.0,0.7,6.5,Yes,No,Low,0.0,Yes,Salle 12,248.0,73.5,1.0
ENSPD000900,Male,22.0,Informatique,3,72.5,28.0,73.5,36.5,89.8,1.0,1.4,6.0,No,No,High,2.0,Yes,Salle 13,263.0,63.4,1.0
ENSPD000901,Male,23.0,Informatique,5,94.6,5.0,69.0,70.7,67.5,4.0,0.8,5.4,Yes,No,High,0.0,No,Salle 4,109.0,67.0,1.0
ENSPD000902,Male,22.0,GenieCivil,3,81.3,19.0,69.9,46.6,70.1,1.0,4.5,18.6,Yes,No,Low,1.0,Yes,Salle 6,185.0,67.5,1.0
ENSPD000903,Male,24.0,Chimie,5,96.0,4.0,74.4,72.1,50.2,1.0,4.8,11.5,No,No,Low,0.0,Yes,Salle 9,48.0,64.9,1.0
ENSPD000904,Female,23.0,GenieCivil,1,74.6,25.0,71.8,77.9,56.9,1.0,0.0,2.3,Yes,No,Middle,2.0,No,Salle 5,149.0,63.3,1.0
ENSPD000905,Male,18.0,Mecanique,3,90.5,10.0,65.4,80.4,67.0,0.0,0.8,17.8,Yes,No,Middle,0.0,Yes,Salle 14,212.0,70.4,1.0
ENSPD000906,Female,21.0,Informatique,4,73.4,27.0,100.0,59.1,67.0,1.0,1.0,15.4,No,No,Middle,3.0,Yes,Salle 2,230.0,70.0,1.0
ENSPD000907,Female,21.0,Electrique,3,70.4,30.0,45.7,54.6,84.2,1.0,8.1,36.3,Yes,Yes,Middle,1.0,Yes,Salle 18,188.0,60.4,1.0
ENSPD000908,Male,23.0,Mecanique,1,80.7,19.0,56.2,50.7,83.2,2.0,1.4,26.6,No,No,Low,0.0,Yes,Salle 16,186.0,63.0,1.0
ENSPD000909,Male,17.0,Electrique,3,74.0,26.0,79.5,49.0,74.4,3.0,2.0,11.5,No,No,Middle,3.0,Yes,Salle 9,188.0,66.2,1.0
ENSPD000910,Male,27.0,Energetique,3,63.5,36.0,65.1,61.7,44.0,2.0,1.4,11.4,Yes,No,Low,2.0,Yes,Salle 30,104.0,55.3,1.0
ENSPD000911,Female,23.0,Informatique,4,79.8,20.0,76.4,58.2,44.8,1.0,0.4,15.0,Yes,No,Middle,0.0,Yes,Salle 21,230.0,60.2,1.0
ENSPD000912,Male,22.0,Informatique,4,83.3,17.0,67.5,47.1,46.2,0.0,1.1,1.5,Yes,Yes,Middle,0.0,No,Salle 24,230.0,52.8,1.0
ENSPD000913,Female,24.0,GenieCivil,4,97.2,3.0,85.6,41.4,68.7,1.0,6.4,35.9,Yes,No,Low,1.0,Yes,Salle 21,173.0,63.5,1.0
ENSPD000914,Male,27.0,Energetique,3,93.2,7.0,49.9,60.0,23.5,1.0,0.2,4.6,Yes,No,Middle,0.0,Yes,Salle 2,104.0,46.2,0.0
ENSPD000915,Male,24.0,Chimie,1,96.6,3.0,85.1,54.2,63.9,0.0,3.1,14.1,Yes,No,Middle,1.0,Yes,Salle 20,96.0,70.5,1.0
ENSPD000916,Male,24.0,Telecom,2,90.6,9.0,82.6,41.5,92.2,1.0,0.4,11.1,No,No,Low,1.0,Yes,Salle 4,161.0,70.6,1.0
ENSPD000917,Male,22.0,Mecanique,4,86.0,14.0,46.8,77.0,63.5,1.0,1.4,10.9,Yes,No,Middle,3.0,Yes,Salle 7,178.0,67.4,1.0
ENSPD000918,Female,22.0,Energetique,5,67.3,33.0,74.5,93.9,57.0,1.0,2.9,22.1,Yes,No,Middle,1.0,Yes,Salle 15,40.0,69.6,1.0
ENSPD000919,Female,21.0,Informatique,1,83.8,16.0,64.4,79.3,50.0,2.0,2.4,18.4,No,No,Low,0.0,Yes,Salle 5,248.0,60.4,1.0
ENSPD000920,Male,20.0,Informatique,3,89.2,11.0,55.9,49.0,80.1,3.0,3.0,18.3,No,No,Middle,2.0,No,Salle 9,263.0,63.8,1.0
ENSPD000921,Female,21.0,Telecom,2,99.5,0.0,36.7,61.6,70.1,1.0,3.4,25.1,No,No,Middle,1.0,No,Salle 1,161.0,63.0,1.0
ENSPD000922,Male,19.0,Telecom,2,90.2,10.0,49.8,89.7,59.1,0.0,0.7,7.2,No,Yes,Low,1.0,No,Salle 16,161.0,64.9,1.0
ENSPD000923,Female,22.0,Informatique,3,96.9,3.0,75.6,40.9,52.2,1.0,0.9,4.2,Yes,No,Low,1.0,Yes,Salle 23,263.0,52.7,1.0
ENSPD000924,Female,19.0,Informatique,3,69.6,30.0,77.2,76.1,65.5,1.0,3.4,26.3,No,No,Middle,0.0,Yes,Salle 24,263.0,67.4,1.0
ENSPD000925,Male,22.0,Informatique,1,78.1,22.0,61.8,35.9,57.9,1.0,1.4,4.5,Yes,Yes,Middle,0.0,Yes,Salle 14,248.0,47.7,0.0
ENSPD000926,Male,22.0,Informatique,4,87.2,13.0,77.3,92.3,79.7,0.0,1.4,11.3,No,No,Middle,2.0,Yes,Salle 24,230.0,80.7,1.0
ENSPD000927,Male,22.0,Informatique,4,95.9,4.0,79.2,54.3,88.8,0.0,5.1,23.2,Yes,No,Middle,2.0,No,Salle 10,230.0,77.5,1.0
ENSPD000928,Male,21.0,Energetique,5,80.3,20.0,67.3,100.0,36.7,1.0,4.3,22.6,Yes,No,Middle,1.0,Yes,Salle 7,40.0,60.1,1.0
ENSPD000929,Female,28.0,Electrique,1,81.0,19.0,54.2,93.1,39.5,1.0,3.3,19.5,No,No,Low,2.0,Yes,Salle 16,143.0,54.3,1.0
ENSPD000930,Male,25.0,Chimie,3,82.2,10.0,71.6,60.1,91.0,1.0,0.0,0.6,Yes,No,Low,1.0,No,Salle 11,130.0,68.6,1.0
ENSPD000931,Male,20.0,Chimie,2,68.5,32.0,72.3,49.1,67.3,1.0,4.4,18.2,Yes,Yes,Low,2.0,Yes,Salle 30,119.0,56.2,1.0
ENSPD000932,Female,22.0,GenieCivil,2,100.0,0.0,75.1,65.5,41.4,1.0,4.9,21.1,No,Yes,Middle,1.0,No,Salle 8,177.0,63.3,1.0
ENSPD000933,Other,21.0,Chimie,3,71.5,28.0,78.0,61.6,83.7,2.0,2.2,11.5,Yes,No,Middle,0.0,No,Salle 1,130.0,76.1,1.0
ENSPD000934,Male,20.0,Electrique,4,59.0,41.0,65.1,54.8,70.8,0.0,0.7,9.5,Yes,No,Middle,1.0,Yes,Salle 7,157.0,53.5,1.0
ENSPD000935,Male,19.0,Mecanique,1,82.1,18.0,57.4,32.2,63.5,0.0,1.3,15.4,Yes,No,Middle,0.0,Yes,Salle 6,186.0,68.8,1.0
ENSPD000936,Male,23.0,Electrique,5,100.0,0.0,65.1,52.7,59.3,0.0,2.9,26.4,No,No,Middle,0.0,Yes,Salle 11,80.0,50.7,1.0
ENSPD000937,Male,21.0,GenieCivil,4,89.0,11.0,76.2,42.0,86.2,1.0,3.4,19.3,Yes,No,High,1.0,No,Salle 28,173.0,67.4,1.0
ENSPD000938,Female,24.0,Telecom,4,91.0,9.0,61.8,71.9,35.0,1.0,0.8,6.4,Yes,Yes,Low,2.0,Yes,Salle 18,121.0,59.6,1.0
ENSPD000939,Male,24.0,Energetique,4,82.5,18.0,71.5,79.8,91.9,1.0,0.8,0.0,Yes,No,Middle,1.0,Yes,Salle 20,70.0,79.5,1.0
ENSPD000940,Male,25.0,GenieCivil,2,80.2,20.0,42.9,75.3,82.9,2.0,2.7,16.8,Yes,No,Low,1.0,Yes,Salle 8,177.0,69.0,1.0
ENSPD000941,Male,20.0,Chimie,4,82.2,36.0,86.0,68.2,96.1,1.0,2.3,13.5,Yes,No,Low,1.0,Yes,Salle 16,93.0,79.1,1.0
ENSPD000942,Male,23.0,Informatique,2,54.9,45.0,65.1,46.6,86.2,0.0,1.4,9.2,No,Yes,Middle,2.0,Yes,Salle 17,298.0,53.0,1.0
ENSPD000943,Female,23.0,Chimie,4,84.4,16.0,76.6,65.7,62.0,1.0,1.4,6.8,Yes,No,Middle,2.0,Yes,Salle 28,93.0,65.7,1.0
ENSPD000944,Female,21.0,Mecanique,1,97.8,2.0,66.8,61.6,40.6,1.0,2.1,10.9,Yes,No,High,1.0,Yes,Salle 21,186.0,59.3,1.0
ENSPD000945,Male,20.0,Informatique,2,86.1,14.0,62.2,51.4,52.0,0.0,0.1,6.7,Yes,Yes,Low,0.0,Yes,Salle 4,298.0,50.2,1.0
ENSPD000946,Male,25.0,Mecanique,3,82.2,10.0,65.1,64.1,28.8,1.0,0.2,8.4,No,No,Middle,1.0,Yes,Salle 15,212.0,48.0,0.0
ENSPD000947,Male,22.0,Electrique,2,100.0,0.0,55.4,59.4,45.6,2.0,1.7,11.7,No,No,Middle,3.0,Yes,Salle 27,185.0,50.5,1.0
ENSPD000948,Female,23.0,Informatique,2,85.9,14.0,84.4,91.9,72.5,1.0,0.5,10.1,Yes,No,Middle,1.0,Yes,Salle 3,298.0,83.9,1.0
ENSPD000949,Female,20.0,Telecom,3,80.5,20.0,65.2,77.3,63.0,1.0,3.0,22.1,Yes,No,Middle,0.0,No,Salle 28,154.0,63.9,1.0
ENSPD000950,Female,20.0,Informatique,4,82.2,28.0,46.0,61.6,59.5,0.0,3.0,16.6,No,Yes,Middle,1.0,Yes,Salle 1,230.0,56.1,1.0
ENSPD000951,Female,21.0,Energetique,3,100.0,0.0,59.2,31.1,48.1,0.0,2.5,19.9,No,No,Middle,1.0,Yes,Salle 16,104.0,45.3,0.0
ENSPD000952,Female,22.0,Electrique,2,88.3,12.0,66.9,65.1,28.6,3.0,4.7,20.0,Yes,No,High,1.0,Yes,Salle 27,185.0,49.7,0.0
ENSPD000953,Male,20.0,Mecanique,2,70.7,29.0,78.5,59.2,67.6,0.0,0.3,7.4,Yes,Yes,Middle,2.0,Yes,Salle 6,231.0,61.4,1.0
ENSPD000954,Female,22.0,Mecanique,2,67.9,32.0,55.9,59.1,71.6,2.0,0.6,5.9,No,No,Middle,3.0,Yes,Salle 18,231.0,59.9,1.0
ENSPD000955,Male,19.0,Chimie,3,97.0,3.0,56.9,33.9,44.2,1.0,0.6,9.4,Yes,Yes,Low,4.0,Yes,Salle 5,130.0,49.3,0.0
ENSPD000956,Male,20.0,Electrique,4,69.6,30.0,65.4,42.4,53.3,0.0,3.1,8.8,Yes,No,Low,1.0,Yes,Salle 25,157.0,51.1,1.0
ENSPD000957,Male,23.0,Electrique,1,100.0,0.0,78.1,60.8,94.8,1.0,1.5,15.7,Yes,No,High,1.0,No,Salle 10,143.0,83.0,1.0
ENSPD000958,Male,23.0,Mecanique,2,48.9,51.0,65.1,82.1,87.2,1.0,0.6,7.2,No,No,Middle,1.0,Yes,Salle 17,231.0,61.6,1.0
ENSPD000959,Male,21.0,GenieCivil,2,99.1,1.0,72.6,51.4,34.3,0.0,0.3,7.9,No,No,Middle,2.0,Yes,Salle 23,177.0,44.2,0.0
ENSPD000960,Female,20.0,Energetique,2,87.8,12.0,58.0,54.8,62.3,2.0,4.5,19.9,Yes,No,Middle,2.0,Yes,Salle 19,71.0,61.0,1.0
ENSPD000961,Male,20.0,Informatique,2,83.4,17.0,60.1,94.1,93.1,1.0,2.4,21.3,Yes,No,High,0.0,Yes,Salle 17,298.0,81.2,1.0
ENSPD000962,Female,21.0,GenieCivil,4,79.9,20.0,95.0,56.7,59.7,0.0,1.5,12.4,Yes,No,Middle,1.0,Yes,Salle 23,173.0,67.9,1.0
ENSPD000963,Male,23.0,Mecanique,2,100.0,0.0,62.1,59.7,58.6,2.0,6.7,30.3,Yes,No,Middle,2.0,No,Salle 10,231.0,59.9,1.0
ENSPD000964,Male,24.0,Chimie,3,90.5,10.0,76.3,59.9,85.9,1.0,3.8,11.8,Yes,No,Low,1.0,Yes,Salle 7,130.0,76.5,1.0
ENSPD000965,Male,21.0,Chimie,3,71.2,29.0,75.8,37.8,83.7,2.0,0.4,5.2,Yes,No,Middle,1.0,Yes,Salle 30,130.0,61.7,1.0
ENSPD000966,Male,20.0,Mecanique,2,61.4,39.0,47.3,72.3,82.7,2.0,1.4,1.3,Yes,No,Low,0.0,No,Salle 6,231.0,65.5,1.0
ENSPD000967,Female,23.0,Informatique,4,84.1,16.0,37.3,50.2,58.8,2.0,1.3,10.7,Yes,No,Middle,1.0,Yes,Salle 9,230.0,50.4,1.0
ENSPD000968,Male,20.0,Informatique,3,82.0,18.0,77.3,61.5,77.3,0.0,3.7,22.2,No,Yes,Middle,1.0,Yes,Salle 30,263.0,68.7,1.0
ENSPD000969,Male,21.0,GenieCivil,2,63.8,36.0,48.7,70.0,93.9,1.0,0.3,9.0,No,No,Low,1.0,Yes,Salle 11,177.0,67.6,1.0
ENSPD000970,Male,25.0,GenieCivil,4,81.3,19.0,40.0,97.0,63.0,1.0,1.2,6.4,Yes,No,Low,1.0,Yes,Salle 12,173.0,60.5,1.0
ENSPD000971,Female,24.0,Energetique,2,75.1,25.0,80.4,38.3,55.9,1.0,2.0,10.5,No,No,Low,1.0,Yes,Salle 18,71.0,52.9,1.0
ENSPD000972,Female,22.0,GenieCivil,4,82.1,18.0,49.7,77.6,88.6,0.0,1.4,11.5,Yes,No,Middle,1.0,Yes,Salle 6,173.0,65.5,1.0
ENSPD000973,Female,19.0,Mecanique,3,90.7,9.0,53.4,77.6,100.0,1.0,4.6,21.2,Yes,Yes,Low,0.0,Yes,Salle 12,212.0,80.3,1.0
ENSPD000974,Male,22.0,Telecom,3,82.2,0.0,94.6,50.5,100.0,1.0,1.5,4.4,Yes,Yes,Low,0.0,Yes,Salle 11,154.0,75.8,1.0
ENSPD000975,Male,24.0,GenieCivil,4,92.9,7.0,40.1,72.8,56.5,0.0,1.9,10.1,Yes,Yes,Middle,1.0,Yes,Salle 16,173.0,51.3,1.0
ENSPD000976,Male,21.0,Electrique,4,73.3,27.0,46.2,91.6,58.5,1.0,3.8,21.8,No,No,High,2.0,No,Salle 2,157.0,62.7,1.0
ENSPD000977,Female,25.0,Informatique,3,86.4,14.0,58.1,48.2,43.4,2.0,2.7,14.0,Yes,Yes,Low,0.0,No,Salle 28,263.0,47.3,0.0
ENSPD000978,Male,25.0,Mecanique,4,82.8,17.0,61.4,66.3,66.4,4.0,4.2,11.5,Yes,No,Low,1.0,Yes,Salle 18,178.0,62.1,1.0
ENSPD000979,Male,25.0,Energetique,2,66.0,34.0,51.6,69.3,42.5,1.0,4.5,20.9,Yes,Yes,Middle,2.0,No,Salle 23,71.0,52.2,1.0
ENSPD000980,Female,22.0,Electrique,3,86.8,13.0,47.6,61.6,53.5,2.0,3.6,28.8,Yes,No,High,1.0,Yes,Salle 13,188.0,61.7,1.0
ENSPD000981,Male,23.0,Mecanique,1,100.0,0.0,87.6,75.8,78.0,1.0,0.0,5.5,Yes,No,Middle,1.0,Yes,Salle 12,186.0,80.6,1.0
ENSPD000982,Female,25.0,Electrique,1,82.4,18.0,68.9,65.0,71.8,1.0,0.7,8.7,Yes,No,Middle,1.0,No,Salle 20,143.0,67.7,1.0
ENSPD000983,Male,23.0,Telecom,4,62.9,37.0,73.8,71.2,27.8,0.0,1.0,6.7,Yes,No,Middle,1.0,Yes,Salle 24,121.0,51.9,1.0
ENSPD000984,Male,21.0,Mecanique,1,82.4,18.0,62.9,45.6,95.4,2.0,2.3,16.1,Yes,No,Middle,1.0,Yes,Salle 13,186.0,67.4,1.0
ENSPD000985,Female,21.0,GenieCivil,1,67.4,33.0,69.3,65.0,42.3,1.0,0.7,8.2,Yes,No,High,2.0,Yes,Salle 27,149.0,54.8,1.0
ENSPD000986,Male,22.0,Energetique,4,92.4,8.0,79.0,53.4,44.8,1.0,0.8,1.2,No,No,Middle,0.0,No,Salle 15,70.0,61.5,1.0
ENSPD000987,Female,19.0,Informatique,1,88.3,12.0,50.1,39.9,39.2,0.0,1.0,11.5,Yes,No,Middle,0.0,No,Salle 21,248.0,42.0,0.0
ENSPD000988,Male,22.0,Chimie,2,79.9,20.0,69.0,52.8,63.5,2.0,6.2,29.4,No,No,Middle,0.0,Yes,Salle 7,119.0,52.6,1.0
ENSPD000989,Male,24.0,Electrique,3,78.0,22.0,75.4,66.9,46.1,0.0,1.1,11.5,Yes,No,Low,2.0,No,Salle 2,188.0,62.1,1.0
ENSPD000990,Female,22.0,Electrique,3,79.5,18.0,88.2,69.8,46.6,3.0,1.4,11.5,Yes,No,Middle,1.0,Yes,Salle 10,188.0,69.8,1.0
ENSPD000991,Female,25.0,Mecanique,4,82.1,18.0,94.2,39.2,63.5,0.0,0.0,6.8,Yes,Yes,Low,0.0,Yes,Salle 18,178.0,41.8,0.0
ENSPD000992,Female,24.0,Mecanique,3,72.7,27.0,66.0,45.1,66.6,1.0,0.5,9.7,No,Yes,Middle,1.0,No,Salle 19,212.0,60.3,1.0
ENSPD000993,Male,21.0,Electrique,3,65.3,35.0,65.1,75.0,68.6,1.0,5.6,21.5,Yes,No,High,0.0,Yes,Salle 5,188.0,67.5,1.0
ENSPD000994,Female,23.0,Informatique,4,95.7,4.0,24.9,71.1,100.0,1.0,6.2,31.9,No,No,Low,2.0,Yes,Salle 24,230.0,72.1,1.0
ENSPD000995,Male,22.0,GenieCivil,3,77.4,23.0,88.3,78.0,73.7,1.0,1.5,11.5,No,No,Low,0.0,Yes,Salle 16,185.0,76.4,1.0
ENSPD000996,Male,24.0,Informatique,3,84.0,16.0,54.1,86.6,54.1,3.0,1.4,9.3,Yes,No,Middle,2.0,Yes,Salle 9,263.0,67.8,1.0
ENSPD000997,Female,24.0,Informatique,4,85.4,15.0,61.4,71.7,40.0,0.0,3.2,24.5,Yes,No,Middle,0.0,No,Salle 12,230.0,54.7,1.0
ENSPD000998,Male,19.0,Energetique,2,85.9,14.0,71.6,54.5,62.1,1.0,0.1,11.5,Yes,Yes,Low,1.0,Yes,Salle 24,71.0,65.9,1.0
ENSPD000999,Female,23.0,GenieCivil,2,67.9,32.0,65.1,64.1,73.0,0.0,0.9,9.5,Yes,No,Middle,2.0,No,Salle 29,177.0,62.4,1.0
ENSPD001000,Male,22.0,Energetique,1,61.9,38.0,67.9,61.6,53.9,0.0,2.1,8.4,Yes,No,High,1.0,Yes,Salle 18,83.0,61.2,1.0
ENSPD001001,Male,22.0,Informatique,3,74.9,25.0,88.8,100.0,65.2,0.0,4.6,19.0,No,No,High,1.0,No,Salle 26,263.0,79.9,1.0
ENSPD001002,Male,21.0,Electrique,1,86.7,13.0,59.2,70.3,100.0,4.0,2.6,19.6,No,No,Low,0.0,Yes,Salle 13,143.0,81.9,1.0
ENSPD001003,Female,25.0,Informatique,3,73.3,27.0,48.7,71.6,56.3,1.0,0.9,7.2,No,No,Low,1.0,Yes,Salle 3,263.0,55.9,1.0
ENSPD001004,Female,24.0,Chimie,4,77.7,22.0,92.2,75.1,26.3,3.0,4.8,30.0,Yes,No,Middle,1.0,Yes,Salle 20,93.0,64.7,1.0
ENSPD001005,Female,21.0,Chimie,3,82.2,0.0,72.9,62.4,63.5,2.0,2.2,12.2,Yes,No,Low,0.0,Yes,Salle 3,130.0,74.0,1.0
ENSPD001006,Female,19.0,Informatique,2,59.9,40.0,93.8,82.9,70.3,1.0,3.5,17.2,Yes,No,Low,2.0,Yes,Salle 30,298.0,83.6,1.0
ENSPD001007,Female,21.0,Telecom,4,72.9,27.0,78.0,80.1,29.8,3.0,1.0,6.0,Yes,No,Middle,1.0,Yes,Salle 3,121.0,56.7,1.0
ENSPD001008,Female,23.0,Informatique,2,100.0,0.0,45.1,68.4,63.5,1.0,0.0,3.0,Yes,Yes,Middle,0.0,Yes,Salle 15,298.0,66.0,1.0
ENSPD001009,Male,22.0,Electrique,4,81.5,18.0,74.7,56.3,44.0,0.0,0.4,9.1,Yes,No,Middle,1.0,Yes,Salle 18,157.0,58.3,1.0
ENSPD001010,Male,25.0,Energetique,3,73.5,26.0,50.2,34.6,72.8,0.0,5.2,26.1,Yes,No,Middle,0.0,Yes,Salle 3,104.0,51.4,1.0
ENSPD001011,Male,24.0,Telecom,1,96.0,4.0,65.1,75.2,100.0,4.0,0.1,4.2,No,No,Middle,3.0,Yes,Salle 28,121.0,84.0,1.0
ENSPD001012,Other,24.0,Energetique,4,82.7,17.0,63.9,65.8,60.5,2.0,1.4,15.0,Yes,No,Middle,1.0,No,Salle 10,70.0,61.5,1.0
ENSPD001013,Female,23.0,Mecanique,1,77.8,22.0,40.7,61.6,85.7,0.0,1.1,11.6,Yes,No,Low,1.0,Yes,Salle 11,186.0,62.8,1.0
ENSPD001014,Male,19.0,Informatique,5,84.3,16.0,52.8,41.7,39.4,0.0,1.1,8.3,No,No,Middle,1.0,Yes,Salle 8,109.0,44.2,0.0
ENSPD001015,Female,22.0,Informatique,1,74.1,26.0,98.1,73.9,33.6,1.0,1.0,15.1,Yes,No,Middle,1.0,Yes,Salle 8,248.0,59.9,1.0
ENSPD001016,Female,24.0,GenieCivil,2,69.8,30.0,68.6,33.2,100.0,1.0,1.4,0.0,Yes,No,Low,2.0,No,Salle 10,177.0,67.0,1.0
ENSPD001017,Male,22.0,Chimie,1,80.6,19.0,62.4,61.6,70.2,2.0,0.3,7.8,Yes,No,Middle,1.0,Yes,Salle 21,96.0,63.6,1.0
ENSPD001018,Male,23.0,Informatique,1,69.9,30.0,65.1,77.2,76.7,2.0,0.1,4.9,No,No,Middle,0.0,Yes,Salle 28,248.0,76.7,1.0
ENSPD001019,Female,21.0,Electrique,4,82.1,18.0,59.1,71.9,87.0,0.0,0.1,7.4,Yes,Yes,High,0.0,Yes,Salle 25,157.0,69.9,1.0
ENSPD001020,Male,20.0,Mecanique,3,82.2,14.0,63.6,55.0,53.4,0.0,1.4,6.2,Yes,No,Middle,1.0,Yes,Salle 1,212.0,52.5,1.0
ENSPD001021,Female,22.0,Mecanique,4,92.2,8.0,79.9,39.5,80.5,1.0,2.4,15.7,No,No,Middle,1.0,Yes,Salle 17,178.0,65.9,1.0
ENSPD001022,Male,23.0,Electrique,2,95.5,4.0,59.0,72.6,77.5,2.0,0.2,0.0,No,No,Low,2.0,No,Salle 13,185.0,74.8,1.0
ENSPD001023,Female,21.0,GenieCivil,2,77.1,23.0,53.8,83.6,38.1,2.0,0.6,8.3,No,Yes,High,1.0,Yes,Salle 7,177.0,52.8,1.0
ENSPD001024,Female,22.0,Telecom,3,88.0,12.0,31.2,51.7,63.5,2.0,2.1,11.5,Yes,No,High,1.0,Yes,Salle 19,154.0,64.4,1.0
ENSPD001025,Female,20.0,Informatique,2,87.9,12.0,51.0,71.1,90.1,0.0,0.2,3.4,Yes,Yes,Middle,0.0,Yes,Salle 14,298.0,75.1,1.0
ENSPD001026,Male,24.0,Chimie,3,85.9,14.0,50.8,90.5,38.3,1.0,4.8,28.2,No,No,High,2.0,No,Salle 7,130.0,56.8,1.0
ENSPD001027,Female,21.0,Informatique,3,76.2,24.0,67.4,68.1,68.0,0.0,1.3,8.8,Yes,No,Middle,2.0,Yes,Salle 21,263.0,69.3,1.0
ENSPD001028,Female,25.0,Informatique,1,69.7,30.0,55.8,54.9,59.4,1.0,6.6,29.0,Yes,No,Middle,0.0,Yes,Salle 17,248.0,50.3,1.0
ENSPD001029,Male,25.0,Electrique,4,88.0,12.0,97.4,80.7,92.4,1.0,0.4,4.3,No,No,Low,1.0,No,Salle 15,157.0,84.8,1.0
ENSPD001030,Female,22.0,Telecom,4,61.5,38.0,49.1,48.7,35.8,2.0,0.1,1.3,Yes,Yes,Low,2.0,Yes,Salle 27,121.0,45.1,0.0
ENSPD001031,Male,20.0,Mecanique,3,78.8,21.0,86.0,38.6,100.0,3.0,1.8,12.5,Yes,No,Middle,3.0,No,Salle 5,212.0,75.5,1.0
ENSPD001032,Female,18.0,Mecanique,1,51.4,49.0,68.3,76.6,60.5,1.0,0.8,5.7,Yes,No,Low,2.0,Yes,Salle 11,186.0,67.8,1.0
ENSPD001033,Male,19.0,GenieCivil,2,66.0,34.0,77.1,54.7,78.8,2.0,1.7,9.6,Yes,Yes,High,1.0,No,Salle 1,177.0,62.4,1.0
ENSPD001034,Male,19.0,Informatique,2,71.5,28.0,76.2,56.3,91.7,1.0,1.3,7.5,Yes,No,Middle,2.0,Yes,Salle 12,298.0,77.5,1.0
ENSPD001035,Male,25.0,Telecom,2,95.2,5.0,31.7,50.7,60.1,1.0,1.2,11.1,No,Yes,Middle,1.0,No,Salle 16,161.0,49.2,0.0
ENSPD001036,Female,22.0,Chimie,2,90.3,10.0,64.8,53.5,61.7,1.0,3.8,15.1,Yes,No,Low,1.0,Yes,Salle 1,119.0,57.6,1.0
ENSPD001037,Male,23.0,Informatique,4,75.4,25.0,61.1,87.3,53.9,0.0,0.4,9.0,Yes,No,Middle,1.0,Yes,Salle 22,230.0,67.0,1.0
ENSPD001038,Female,18.0,GenieCivil,3,90.8,9.0,48.0,91.9,46.3,0.0,1.4,12.6,No,No,Low,1.0,No,Salle 17,185.0,54.8,1.0
ENSPD001039,Male,20.0,Chimie,3,92.7,7.0,71.9,94.3,69.4,2.0,1.1,11.4,No,No,High,0.0,No,Salle 26,130.0,72.9,1.0
ENSPD001040,Male,24.0,Mecanique,2,80.1,20.0,90.7,81.6,61.3,1.0,2.2,9.9,Yes,Yes,Middle,1.0,Yes,Salle 26,231.0,75.8,1.0
ENSPD001041,Male,23.0,Electrique,5,65.4,35.0,24.9,70.4,53.8,1.0,0.1,6.4,Yes,No,Low,4.0,Yes,Salle 15,80.0,40.5,0.0
ENSPD001042,Female,22.0,Informatique,1,79.5,20.0,57.0,36.2,55.0,0.0,1.5,16.2,No,No,Middle,3.0,Yes,Salle 22,248.0,49.3,0.0
ENSPD001043,Male,23.0,Electrique,4,80.8,19.0,46.3,58.6,63.5,3.0,1.3,5.4,Yes,No,Low,1.0,No,Salle 19,157.0,64.6,1.0
ENSPD001044,Female,25.0,Informatique,5,82.2,33.0,65.1,100.0,48.0,1.0,7.3,34.9,Yes,No,Low,0.0,No,Salle 23,109.0,67.5,1.0
ENSPD001045,Female,22.0,Telecom,4,86.4,14.0,60.1,54.2,63.5,1.0,2.8,11.5,Yes,No,Low,2.0,Yes,Salle 2,121.0,56.4,1.0
ENSPD001046,Female,22.0,Mecanique,5,85.4,15.0,55.9,89.3,82.0,2.0,0.3,5.1,Yes,No,High,0.0,Yes,Salle 16,67.0,74.9,1.0
ENSPD001047,Male,22.0,Mecanique,3,87.3,13.0,75.3,63.0,68.9,2.0,1.4,10.5,Yes,No,Middle,1.0,No,Salle 7,212.0,63.6,1.0
ENSPD001048,Male,27.0,Telecom,1,85.3,15.0,89.5,13.8,43.0,0.0,3.1,14.9,Yes,No,Middle,2.0,Yes,Salle 21,121.0,42.4,0.0
ENSPD001049,Female,18.0,Informatique,1,90.8,9.0,100.0,73.5,63.5,3.0,1.5,8.0,Yes,No,Low,1.0,No,Salle 13,248.0,76.2,1.0
ENSPD001050,Male,23.0,Mecanique,2,79.8,20.0,53.9,84.8,72.7,1.0,0.9,11.5,No,No,Middle,3.0,Yes,Salle 1,231.0,64.4,1.0
ENSPD001051,Female,22.0,Mecanique,1,84.4,16.0,37.7,61.1,83.8,0.0,0.9,4.6,Yes,No,Middle,2.0,Yes,Salle 23,186.0,59.0,1.0
ENSPD001052,Male,23.0,Mecanique,3,77.2,23.0,73.4,61.6,48.9,1.0,0.9,10.7,Yes,No,Middle,1.0,Yes,Salle 30,212.0,60.7,1.0
ENSPD001053,Female,21.0,Telecom,2,75.0,25.0,89.2,32.0,52.8,1.0,0.0,12.0,No,No,Middle,2.0,Yes,Salle 26,161.0,58.8,1.0
ENSPD001054,Female,22.0,Chimie,4,98.1,2.0,77.2,37.1,50.1,3.0,2.6,10.3,Yes,No,Low,4.0,Yes,Salle 23,93.0,54.9,1.0
ENSPD001055,Other,23.0,Informatique,2,57.5,42.0,89.1,65.7,51.1,1.0,1.9,7.2,No,No,High,0.0,Yes,Salle 10,298.0,66.6,1.0
ENSPD001056,Male,28.0,Chimie,3,92.5,8.0,61.6,70.6,72.1,2.0,0.6,1.3,Yes,Yes,Low,0.0,No,Salle 20,130.0,60.7,1.0
ENSPD001057,Female,24.0,GenieCivil,5,74.6,25.0,55.9,86.4,75.9,1.0,2.0,11.1,Yes,No,High,0.0,Yes,Salle 12,70.0,69.3,1.0
ENSPD001058,Male,20.0,Telecom,2,73.0,27.0,66.7,73.5,85.0,0.0,0.7,11.2,Yes,No,Middle,1.0,No,Salle 9,161.0,77.1,1.0
ENSPD001059,Male,21.0,Mecanique,4,85.1,15.0,60.0,40.5,62.2,0.0,0.6,11.2,No,No,High,1.0,Yes,Salle 23,178.0,58.5,1.0
ENSPD001060,Female,21.0,Electrique,4,64.1,36.0,74.9,65.8,35.9,1.0,2.7,17.5,Yes,Yes,Middle,0.0,Yes,Salle 24,157.0,50.3,1.0
ENSPD001061,Female,18.0,GenieCivil,2,72.2,28.0,79.5,72.8,77.4,1.0,3.3,19.0,Yes,No,Middle,0.0,Yes,Salle 14,177.0,72.2,1.0
ENSPD001062,Other,21.0,GenieCivil,3,71.8,28.0,80.7,28.3,67.2,0.0,2.0,18.1,No,No,Low,0.0,No,Salle 6,185.0,55.1,1.0
ENSPD001063,Female,23.0,GenieCivil,2,79.3,21.0,72.7,61.2,65.2,0.0,3.1,15.4,Yes,No,Low,2.0,No,Salle 5,177.0,62.5,1.0
ENSPD001064,Male,19.0,Informatique,4,72.4,28.0,68.7,56.0,38.3,1.0,0.9,10.8,No,No,Middle,2.0,No,Salle 12,230.0,52.3,1.0
ENSPD001065,Male,24.0,Chimie,3,100.0,0.0,76.9,50.2,60.1,1.0,0.1,13.3,Yes,No,Middle,2.0,Yes,Salle 26,130.0,57.6,1.0
ENSPD001066,Female,23.0,GenieCivil,3,100.0,0.0,35.6,71.0,40.1,2.0,1.9,17.5,Yes,No,High,0.0,Yes,Salle 15,185.0,50.9,1.0
ENSPD001067,Male,21.0,Energetique,4,57.7,42.0,68.2,41.3,73.6,1.0,0.6,2.9,Yes,Yes,Middle,1.0,Yes,Salle 2,70.0,52.8,1.0
ENSPD001068,Male,22.0,Mecanique,2,88.5,12.0,65.8,69.5,63.5,1.0,3.0,14.7,Yes,No,Middle,0.0,Yes,Salle 1,231.0,61.9,1.0
ENSPD001069,Male,25.0,Electrique,4,92.3,8.0,68.2,72.1,53.6,2.0,0.9,16.7,Yes,No,Middle,2.0,Yes,Salle 23,157.0,68.2,1.0
ENSPD001070,Male,23.0,Energetique,4,88.5,12.0,63.7,81.5,33.3,1.0,2.2,11.5,Yes,No,Middle,2.0,No,Salle 3,70.0,57.2,1.0
ENSPD001071,Male,22.0,Electrique,4,74.1,26.0,71.5,41.8,84.5,1.0,1.6,17.8,Yes,No,Middle,0.0,Yes,Salle 3,157.0,67.6,1.0
ENSPD001072,Male,22.0,Telecom,4,79.1,21.0,56.4,61.6,58.8,4.0,3.4,16.9,Yes,Yes,Low,1.0,Yes,Salle 29,121.0,45.8,0.0
ENSPD001073,Male,22.0,Telecom,2,73.0,27.0,81.9,67.0,65.7,0.0,3.6,18.6,Yes,No,Low,1.0,Yes,Salle 22,161.0,68.4,1.0
ENSPD001074,Male,21.0,Mecanique,5,77.0,23.0,72.1,61.6,49.3,0.0,0.1,1.7,Yes,No,Middle,1.0,Yes,Salle 14,67.0,54.8,1.0
ENSPD001075,Other,18.0,Electrique,2,67.5,32.0,67.3,100.0,31.0,1.0,1.4,4.8,Yes,Yes,High,0.0,Yes,Salle 25,185.0,60.5,1.0
ENSPD001076,Male,26.0,Informatique,3,80.6,19.0,54.5,70.3,53.4,2.0,4.1,20.6,Yes,No,Low,1.0,Yes,Salle 12,263.0,54.3,1.0
ENSPD001077,Male,22.0,GenieCivil,1,64.0,36.0,77.2,61.6,56.6,0.0,1.0,9.7,No,Yes,Middle,0.0,Yes,Salle 16,149.0,65.3,1.0
ENSPD001078,Female,23.0,Mecanique,5,79.6,20.0,68.1,58.9,69.9,0.0,1.4,11.5,Yes,No,Middle,0.0,No,Salle 13,67.0,64.9,1.0
ENSPD001079,Male,22.0,Chimie,3,67.0,33.0,53.7,40.1,56.9,0.0,0.4,9.4,No,No,High,1.0,No,Salle 4,130.0,49.9,0.0
ENSPD001080,Female,21.0,GenieCivil,4,84.5,16.0,64.2,72.1,49.6,1.0,1.6,9.8,Yes,No,High,1.0,Yes,Salle 6,173.0,60.7,1.0
ENSPD001081,Female,22.0,GenieCivil,1,73.8,26.0,74.4,60.6,33.9,1.0,0.6,0.0,Yes,No,Low,0.0,Yes,Salle 25,149.0,52.4,1.0
ENSPD001082,Male,19.0,Mecanique,4,85.5,14.0,73.3,60.6,65.0,3.0,3.5,18.2,Yes,No,Middle,3.0,Yes,Salle 5,178.0,66.8,1.0
ENSPD001083,Male,27.0,Energetique,4,95.0,5.0,72.3,63.7,48.1,1.0,1.4,4.7,No,No,Middle,2.0,Yes,Salle 6,70.0,54.6,1.0
ENSPD001084,Female,20.0,Informatique,3,100.0,0.0,66.4,66.0,90.4,0.0,0.9,11.5,Yes,No,Middle,1.0,Yes,Salle 22,263.0,79.9,1.0
ENSPD001085,Female,20.0,Informatique,2,51.7,48.0,80.4,30.7,67.0,1.0,0.2,9.4,Yes,No,Low,0.0,Yes,Salle 7,298.0,58.9,1.0
ENSPD001086,Male,21.0,Informatique,3,72.0,28.0,83.6,77.1,75.2,2.0,1.8,16.2,Yes,No,Middle,1.0,No,Salle 21,263.0,72.8,1.0
ENSPD001087,Female,25.0,Energetique,1,78.4,22.0,76.1,46.8,59.0,1.0,5.7,30.6,Yes,No,Low,0.0,Yes,Salle 20,83.0,56.1,1.0
ENSPD001088,Male,22.0,Energetique,3,87.5,12.0,65.1,59.5,68.0,1.0,0.4,8.4,Yes,No,Middle,1.0,Yes,Salle 8,104.0,59.4,1.0
ENSPD001089,Other,20.0,Electrique,2,62.2,38.0,49.1,85.1,46.2,0.0,0.0,6.7,Yes,No,Low,1.0,No,Salle 27,185.0,56.1,1.0
ENSPD001090,Male,25.0,Telecom,2,70.2,30.0,56.8,94.0,40.4,1.0,1.1,13.1,Yes,No,Middle,2.0,Yes,Salle 24,161.0,53.9,1.0
ENSPD001091,Female,23.0,Informatique,1,83.6,16.0,94.3,31.4,64.3,1.0,2.8,18.5,Yes,Yes,High,0.0,No,Salle 27,248.0,59.5,1.0
ENSPD001092,Female,23.0,Energetique,2,83.0,17.0,69.2,62.5,75.4,1.0,7.4,32.5,Yes,Yes,Low,2.0,Yes,Salle 20,71.0,64.1,1.0
ENSPD001093,Female,23.0,Informatique,1,86.5,14.0,96.9,66.9,25.1,1.0,0.1,0.0,Yes,No,High,2.0,Yes,Salle 10,248.0,63.2,1.0
ENSPD001094,Male,27.0,Informatique,5,87.3,13.0,65.1,34.9,54.0,2.0,3.1,9.9,Yes,Yes,Middle,2.0,No,Salle 10,109.0,52.1,1.0
ENSPD001095,Male,26.0,Informatique,3,86.1,14.0,61.1,76.4,100.0,0.0,0.9,11.5,No,Yes,Middle,1.0,Yes,Salle 21,263.0,79.1,1.0
ENSPD001096,Male,21.0,Electrique,2,84.3,16.0,63.9,64.1,73.6,2.0,0.3,3.3,No,Yes,Low,1.0,Yes,Salle 20,185.0,64.1,1.0
ENSPD001097,Male,25.0,Chimie,3,82.7,17.0,63.6,65.5,94.8,0.0,0.4,11.5,Yes,No,Middle,0.0,No,Salle 11,130.0,71.8,1.0
ENSPD001098,Male,23.0,Mecanique,3,90.0,10.0,65.1,45.5,51.3,1.0,5.2,25.3,Yes,No,Low,1.0,Yes,Salle 1,212.0,53.1,1.0
ENSPD001099,Female,23.0,Energetique,5,55.1,45.0,47.8,69.4,54.8,0.0,3.3,25.2,Yes,Yes,High,1.0,Yes,Salle 18,40.0,51.0,1.0
ENSPD001100,Male,19.0,GenieCivil,1,100.0,0.0,72.5,77.1,63.5,0.0,0.7,10.0,No,No,Low,0.0,Yes,Salle 25,149.0,81.8,1.0
ENSPD001101,Male,22.0,Informatique,2,55.5,44.0,80.8,64.3,76.5,0.0,5.6,24.4,Yes,No,Middle,1.0,Yes,Salle 11,298.0,58.5,1.0
ENSPD001102,Female,20.0,GenieCivil,5,69.1,31.0,100.0,52.7,62.1,3.0,0.2,11.3,Yes,No,Middle,1.0,No,Salle 12,70.0,69.9,1.0
ENSPD001103,Female,24.0,Electrique,2,79.3,21.0,58.5,54.2,38.7,1.0,0.8,7.3,Yes,No,Middle,1.0,No,Salle 10,185.0,49.7,0.0
ENSPD001104,Female,24.0,Telecom,1,90.1,10.0,59.7,66.0,87.1,1.0,1.4,15.7,No,No,High,0.0,Yes,Salle 29,121.0,71.4,1.0
ENSPD001105,Other,18.0,GenieCivil,1,46.1,54.0,53.4,62.9,100.0,1.0,14.9,66.5,Yes,Yes,Low,2.0,Yes,Salle 17,149.0,70.3,1.0
ENSPD001106,Male,22.0,Electrique,1,81.7,18.0,65.1,61.6,32.6,1.0,1.3,10.4,No,Yes,Middle,0.0,Yes,Salle 6,143.0,57.3,1.0
ENSPD001107,Male,24.0,Mecanique,5,91.5,8.0,77.2,53.4,92.1,3.0,3.3,23.9,Yes,Yes,Low,1.0,Yes,Salle 14,67.0,78.1,1.0
ENSPD001108,Female,22.0,Electrique,2,93.9,6.0,51.8,40.1,54.6,3.0,5.0,22.7,Yes,No,Low,3.0,Yes,Salle 30,185.0,53.3,1.0
ENSPD001109,Female,23.0,Energetique,5,73.6,26.0,51.5,61.6,57.3,2.0,0.0,5.5,Yes,No,High,1.0,Yes,Salle 18,40.0,54.0,1.0
ENSPD001110,Male,23.0,Informatique,5,78.4,22.0,79.3,53.4,69.4,0.0,0.7,4.2,No,No,Middle,1.0,No,Salle 3,109.0,68.8,1.0
ENSPD001111,Female,23.0,Telecom,3,74.6,25.0,70.7,76.1,39.9,0.0,0.2,7.2,No,No,Middle,2.0,Yes,Salle 26,154.0,58.0,1.0
ENSPD001112,Male,21.0,Electrique,1,77.3,23.0,76.4,62.1,63.3,2.0,3.0,18.6,Yes,No,Low,3.0,No,Salle 7,143.0,59.9,1.0
ENSPD001113,Male,20.0,Mecanique,1,69.6,30.0,51.8,73.8,31.8,1.0,1.7,12.1,Yes,Yes,Low,2.0,Yes,Salle 10,186.0,51.2,1.0
ENSPD001114,Male,20.0,Energetique,3,71.3,29.0,36.8,43.7,73.5,1.0,0.2,6.1,Yes,No,Middle,1.0,Yes,Salle 28,104.0,49.3,0.0
ENSPD001115,Female,23.0,GenieCivil,2,87.2,13.0,51.9,64.6,100.0,3.0,1.4,8.7,Yes,Yes,Middle,1.0,Yes,Salle 12,177.0,73.8,1.0
ENSPD001116,Female,22.0,Mecanique,3,83.6,16.0,75.3,49.4,51.2,0.0,1.4,12.1,No,Yes,Middle,1.0,Yes,Salle 8,212.0,59.3,1.0
ENSPD001117,Male,22.0,Informatique,2,87.9,12.0,96.7,40.0,60.6,1.0,2.4,17.1,No,No,Middle,5.0,Yes,Salle 13,298.0,67.4,1.0
ENSPD001118,Female,21.0,Mecanique,5,84.6,15.0,58.6,46.5,61.6,1.0,3.0,12.2,Yes,No,Middle,1.0,Yes,Salle 24,67.0,50.8,1.0
ENSPD001119,Male,21.0,Telecom,3,90.5,10.0,99.1,52.2,83.7,1.0,0.2,4.7,No,No,High,1.0,No,Salle 24,154.0,77.8,1.0
ENSPD001120,Male,24.0,Electrique,3,92.5,8.0,77.4,84.4,72.1,3.0,1.3,8.8,Yes,No,Low,2.0,Yes,Salle 4,188.0,73.0,1.0
ENSPD001121,Female,21.0,Telecom,4,61.1,39.0,44.1,51.7,82.4,2.0,1.4,9.2,Yes,No,Middle,2.0,Yes,Salle 14,121.0,55.7,1.0
ENSPD001122,Female,19.0,Mecanique,1,71.7,28.0,68.2,39.1,53.9,0.0,2.8,21.0,Yes,No,Low,1.0,Yes,Salle 23,186.0,54.1,1.0
ENSPD001123,Female,23.0,Informatique,2,79.2,21.0,78.0,64.4,72.7,0.0,2.1,15.1,No,No,Middle,1.0,Yes,Salle 8,298.0,74.4,1.0
ENSPD001124,Female,22.0,Informatique,1,81.7,18.0,28.6,62.5,0.0,2.0,2.6,16.0,No,No,Low,0.0,Yes,Salle 3,248.0,23.2,0.0
ENSPD001125,Female,22.0,GenieCivil,1,74.0,26.0,74.7,53.1,77.3,1.0,0.2,2.7,Yes,No,Middle,0.0,Yes,Salle 5,149.0,62.4,1.0
ENSPD001126,Male,25.0,Energetique,3,92.9,7.0,82.6,59.1,39.6,1.0,1.4,18.0,No,No,Middle,1.0,Yes,Salle 1,104.0,55.1,1.0
ENSPD001127,Male,22.0,Electrique,2,100.0,0.0,71.0,79.6,57.4,1.0,3.7,16.1,Yes,No,Low,0.0,Yes,Salle 29,185.0,66.2,1.0
ENSPD001128,Male,23.0,Mecanique,2,84.2,16.0,64.1,61.6,78.9,2.0,2.5,10.0,Yes,No,Middle,1.0,No,Salle 12,231.0,68.9,1.0
ENSPD001129,Male,22.0,Telecom,5,83.0,17.0,62.4,72.5,33.3,0.0,1.4,23.9,No,No,Middle,2.0,No,Salle 26,60.0,56.5,1.0
ENSPD001130,Male,22.0,Chimie,1,92.2,8.0,61.5,40.7,85.8,2.0,0.5,5.0,Yes,No,Low,1.0,Yes,Salle 13,96.0,67.4,1.0
ENSPD001131,Female,23.0,Informatique,3,59.6,40.0,47.4,100.0,61.5,0.0,0.7,10.9,Yes,No,Middle,0.0,Yes,Salle 7,263.0,71.3,1.0
ENSPD001132,Male,19.0,Telecom,1,82.3,18.0,54.7,80.9,93.1,0.0,1.2,15.5,No,No,High,1.0,Yes,Salle 26,121.0,75.5,1.0
ENSPD001133,Male,22.0,Mecanique,2,93.7,6.0,58.8,71.3,45.9,1.0,1.4,9.9,Yes,Yes,High,1.0,Yes,Salle 23,231.0,59.1,1.0
ENSPD001134,Male,22.0,Informatique,3,74.3,26.0,66.7,41.0,27.7,2.0,0.6,9.2,No,No,Middle,2.0,No,Salle 22,263.0,38.2,0.0
ENSPD001135,Female,22.0,Mecanique,5,67.3,33.0,56.6,79.1,63.4,0.0,1.0,7.2,No,No,High,1.0,Yes,Salle 10,67.0,61.1,1.0
ENSPD001136,Male,24.0,GenieCivil,2,79.8,20.0,52.0,53.0,75.7,1.0,2.3,14.5,No,No,Middle,1.0,No,Salle 18,177.0,58.0,1.0
ENSPD001137,Female,23.0,GenieCivil,1,81.3,19.0,76.4,58.5,77.4,1.0,2.1,12.9,Yes,No,Middle,2.0,Yes,Salle 24,149.0,70.5,1.0
ENSPD001138,Male,25.0,Mecanique,2,71.1,29.0,70.6,31.7,63.5,0.0,0.2,9.6,No,No,High,2.0,Yes,Salle 5,231.0,45.5,0.0
ENSPD001139,Male,20.0,Informatique,1,100.0,0.0,56.9,39.7,31.5,2.0,8.5,36.8,No,No,Middle,1.0,Yes,Salle 12,248.0,35.6,0.0
ENSPD001140,Female,22.0,Chimie,2,76.3,24.0,72.6,69.9,57.8,0.0,1.7,9.1,Yes,No,Middle,2.0,Yes,Salle 11,119.0,65.6,1.0
ENSPD001141,Female,22.0,Energetique,3,68.2,32.0,58.2,80.1,74.3,1.0,1.3,9.4,No,Yes,Middle,0.0,Yes,Salle 19,104.0,69.4,1.0
ENSPD001142,Male,20.0,Chimie,1,80.9,19.0,65.9,74.3,73.3,1.0,6.8,34.9,No,No,Middle,1.0,No,Salle 9,96.0,72.3,1.0
ENSPD001143,Female,24.0,Mecanique,2,92.9,7.0,79.6,73.7,95.4,0.0,0.3,3.0,No,No,Low,1.0,No,Salle 24,231.0,82.4,0.0
ENSPD001144,Male,27.0,Mecanique,3,82.2,18.0,55.9,60.8,56.5,2.0,1.6,6.7,Yes,No,Low,2.0,No,Salle 11,212.0,57.2,1.0
ENSPD001145,Male,22.0,Informatique,2,87.8,12.0,47.4,54.7,27.1,2.0,3.3,22.9,Yes,No,Middle,2.0,Yes,Salle 12,298.0,42.2,0.0
ENSPD001146,Female,23.0,Informatique,1,71.5,28.0,62.8,67.2,63.5,0.0,1.0,0.1,No,No,Middle,1.0,Yes,Salle 27,248.0,77.5,1.0
ENSPD001147,Female,22.0,Electrique,5,99.9,0.0,44.5,76.8,67.9,2.0,2.7,11.5,Yes,No,Middle,1.0,Yes,Salle 7,80.0,58.2,1.0
ENSPD001148,Female,21.0,Electrique,2,88.7,11.0,60.8,62.1,69.6,0.0,4.6,32.1,Yes,No,Low,3.0,Yes,Salle 26,185.0,67.1,1.0
ENSPD001149,Female,18.0,Electrique,4,94.6,5.0,60.8,83.8,79.3,3.0,0.6,0.4,Yes,No,Middle,1.0,Yes,Salle 7,157.0,76.5,1.0
ENSPD001150,Female,21.0,Electrique,2,86.4,14.0,28.0,61.6,89.3,2.0,0.6,5.6,Yes,No,Middle,1.0,Yes,Salle 29,185.0,61.5,1.0
ENSPD001151,Female,19.0,Mecanique,3,91.9,8.0,73.0,44.4,63.5,2.0,0.9,6.0,Yes,No,Middle,2.0,Yes,Salle 24,212.0,59.7,1.0
ENSPD001152,Female,25.0,Mecanique,2,71.5,28.0,62.3,61.8,87.5,4.0,1.1,0.2,Yes,No,Low,2.0,Yes,Salle 10,231.0,70.1,1.0
ENSPD001153,Female,22.0,Electrique,2,76.1,24.0,82.7,63.9,75.0,0.0,1.4,1.8,No,No,Middle,1.0,No,Salle 24,185.0,71.9,1.0
ENSPD001154,Female,21.0,Mecanique,1,98.2,2.0,68.2,60.5,50.9,1.0,0.5,8.1,Yes,Yes,Low,3.0,Yes,Salle 8,186.0,59.6,1.0
ENSPD001155,Female,24.0,Informatique,2,100.0,0.0,76.0,85.1,59.3,0.0,4.1,11.5,Yes,No,Low,1.0,Yes,Salle 25,298.0,69.7,1.0
ENSPD001156,Female,20.0,Mecanique,4,68.2,32.0,82.9,76.5,76.3,1.0,1.7,16.2,Yes,No,Middle,0.0,No,Salle 27,178.0,73.1,1.0
ENSPD001157,Male,20.0,Mecanique,3,85.0,15.0,63.0,36.2,49.8,1.0,0.6,5.9,No,No,Middle,2.0,No,Salle 13,212.0,48.9,0.0
ENSPD001158,Female,22.0,Informatique,1,76.8,23.0,65.0,89.6,81.7,2.0,5.8,20.8,Yes,Yes,Middle,0.0,Yes,Salle 6,248.0,72.1,1.0
ENSPD001159,Female,24.0,Telecom,3,73.6,26.0,41.4,12.7,67.2,0.0,3.0,17.2,Yes,No,Middle,3.0,Yes,Salle 7,154.0,42.9,0.0
ENSPD001160,Male,23.0,Telecom,4,85.4,15.0,83.6,100.0,71.6,1.0,1.4,14.1,No,No,Middle,0.0,No,Salle 27,121.0,81.6,1.0
ENSPD001161,Female,22.0,Informatique,3,95.7,4.0,62.8,56.8,92.8,2.0,2.9,22.7,Yes,Yes,Middle,2.0,Yes,Salle 26,263.0,69.9,1.0
ENSPD001162,Male,22.0,Informatique,1,87.4,13.0,49.9,58.6,71.1,3.0,1.8,16.1,No,No,Middle,1.0,No,Salle 9,248.0,59.3,1.0
ENSPD001163,Male,23.0,Chimie,4,78.2,22.0,76.1,60.9,65.4,1.0,2.3,8.7,Yes,No,Low,1.0,Yes,Salle 26,93.0,67.1,1.0
ENSPD001164,Female,22.0,Informatique,2,88.2,12.0,32.3,68.9,62.3,0.0,0.8,7.4,Yes,No,High,3.0,Yes,Salle 3,298.0,54.4,1.0
ENSPD001165,Male,20.0,Mecanique,2,77.7,22.0,58.6,62.0,61.3,1.0,0.5,7.9,Yes,Yes,Low,0.0,Yes,Salle 22,231.0,60.2,1.0
ENSPD001166,Female,22.0,Informatique,3,86.9,13.0,78.6,59.6,70.2,0.0,0.6,9.0,Yes,No,Middle,0.0,No,Salle 11,263.0,68.6,1.0
ENSPD001167,Female,20.0,Mecanique,4,98.8,1.0,58.4,85.6,91.3,1.0,0.2,0.0,Yes,Yes,Middle,0.0,Yes,Salle 10,178.0,81.5,1.0
ENSPD001168,Male,22.0,Chimie,5,57.1,43.0,54.2,72.2,51.8,1.0,1.3,18.4,Yes,No,Middle,0.0,Yes,Salle 14,48.0,58.0,1.0
ENSPD001169,Male,21.0,Chimie,5,91.6,8.0,58.8,44.7,63.5,2.0,1.0,14.3,No,No,Middle,0.0,No,Salle 4,48.0,46.1,0.0
ENSPD001170,Male,27.0,Informatique,1,63.5,36.0,34.9,75.3,89.7,1.0,0.0,5.0,Yes,No,Middle,1.0,Yes,Salle 2,248.0,62.8,1.0
ENSPD001171,Female,22.0,Mecanique,5,96.7,3.0,75.7,71.4,52.7,2.0,3.9,21.1,No,No,Low,2.0,Yes,Salle 21,67.0,65.2,1.0
ENSPD001172,Other,19.0,Informatique,1,74.4,26.0,63.2,52.2,68.3,1.0,2.3,11.5,Yes,No,Low,1.0,Yes,Salle 15,248.0,59.0,1.0
ENSPD001173,Female,22.0,Informatique,2,67.4,33.0,60.9,76.3,52.2,1.0,1.2,14.7,Yes,No,Middle,1.0,Yes,Salle 20,298.0,57.0,1.0
ENSPD001174,Male,23.0,Energetique,3,90.3,10.0,61.0,59.2,30.4,1.0,6.8,27.6,No,Yes,Middle,0.0,Yes,Salle 4,104.0,40.6,0.0
ENSPD001175,Female,25.0,Electrique,3,86.4,14.0,65.2,61.6,68.0,5.0,5.6,27.9,Yes,No,Middle,1.0,Yes,Salle 24,188.0,66.8,1.0
ENSPD001176,Male,21.0,GenieCivil,3,70.0,30.0,74.8,57.5,86.3,1.0,0.2,2.5,Yes,No,Middle,2.0,Yes,Salle 3,185.0,68.1,1.0
ENSPD001177,Female,19.0,Chimie,3,67.0,33.0,64.2,18.3,62.8,1.0,1.9,12.5,Yes,No,High,1.0,No,Salle 26,130.0,50.1,1.0
ENSPD001178,Male,24.0,Telecom,5,79.8,20.0,44.6,52.5,34.4,0.0,3.4,23.3,Yes,No,Middle,1.0,Yes,Salle 14,60.0,38.4,0.0
ENSPD001179,Female,19.0,Chimie,2,67.6,32.0,73.6,74.8,66.2,3.0,0.4,4.0,Yes,No,Middle,1.0,Yes,Salle 10,119.0,70.2,1.0
ENSPD001180,Male,21.0,Informatique,2,69.3,31.0,72.5,61.6,48.9,3.0,1.4,6.9,No,No,High,0.0,Yes,Salle 10,298.0,52.1,1.0
ENSPD001181,Female,21.0,Informatique,5,83.4,17.0,68.1,38.9,11.6,2.0,0.6,6.9,Yes,Yes,Low,0.0,Yes,Salle 5,109.0,34.2,0.0
ENSPD001182,Male,22.0,Electrique,1,70.4,30.0,81.1,79.4,62.4,1.0,0.7,11.5,Yes,Yes,Low,1.0,No,Salle 11,143.0,66.1,1.0
ENSPD001183,Female,23.0,Mecanique,3,87.1,13.0,65.5,56.6,74.4,1.0,6.7,29.3,Yes,No,Low,0.0,No,Salle 13,212.0,70.9,1.0
ENSPD001184,Female,21.0,Energetique,3,99.9,0.0,81.7,40.0,87.6,2.0,3.0,14.6,Yes,No,Middle,2.0,Yes,Salle 20,104.0,69.9,1.0
ENSPD001185,Male,21.0,Electrique,3,80.2,20.0,86.1,100.0,99.1,2.0,0.1,0.0,Yes,No,High,1.0,Yes,Salle 14,188.0,90.8,1.0
ENSPD001186,Female,22.0,Energetique,3,83.6,16.0,73.7,43.0,77.0,0.0,3.1,16.8,Yes,No,Middle,1.0,Yes,Salle 27,104.0,60.6,1.0
ENSPD001187,Female,22.0,Informatique,1,100.0,0.0,53.8,77.8,63.5,1.0,0.4,6.9,Yes,No,Middle,2.0,No,Salle 3,248.0,74.4,1.0
ENSPD001188,Male,22.0,Telecom,4,67.7,32.0,63.0,48.2,38.3,0.0,0.9,2.5,Yes,No,Middle,1.0,Yes,Salle 27,121.0,47.5,0.0
ENSPD001189,Male,23.0,Mecanique,1,96.3,4.0,83.6,64.4,96.4,0.0,0.8,6.4,Yes,No,Middle,1.0,Yes,Salle 26,186.0,85.8,1.0
ENSPD001190,Female,24.0,Energetique,2,94.9,5.0,42.5,45.8,89.3,0.0,0.6,6.5,No,No,Middle,1.0,Yes,Salle 3,71.0,63.7,1.0
ENSPD001191,Male,23.0,Informatique,1,92.3,8.0,59.1,39.7,56.7,1.0,0.7,11.0,Yes,No,Middle,2.0,Yes,Salle 23,248.0,50.7,1.0
ENSPD001192,Female,23.0,GenieCivil,3,97.5,2.0,59.9,71.4,77.6,1.0,2.8,23.1,No,No,Middle,2.0,No,Salle 21,185.0,65.2,1.0
ENSPD001193,Male,19.0,Chimie,3,85.4,15.0,52.0,69.3,75.6,1.0,0.6,9.0,No,No,Low,1.0,Yes,Salle 13,130.0,62.8,1.0
ENSPD001194,Female,22.0,GenieCivil,5,75.0,25.0,78.1,82.6,93.4,1.0,3.2,12.3,Yes,No,Middle,0.0,No,Salle 21,70.0,83.2,1.0
ENSPD001195,Male,23.0,GenieCivil,4,95.1,5.0,70.7,61.4,61.0,1.0,0.2,2.1,Yes,No,Middle,1.0,Yes,Salle 28,173.0,68.2,1.0
ENSPD001196,Female,23.0,Energetique,3,95.6,4.0,54.3,100.0,49.1,0.0,1.8,12.5,Yes,No,Middle,0.0,No,Salle 12,104.0,70.9,1.0
ENSPD001197,Female,21.0,GenieCivil,5,95.3,5.0,65.1,66.8,54.2,0.0,4.0,19.2,No,No,Middle,0.0,Yes,Salle 23,70.0,60.2,1.0
ENSPD001198,Female,21.0,Electrique,3,82.5,18.0,62.6,72.2,81.9,2.0,0.2,5.6,Yes,No,Middle,0.0,No,Salle 8,188.0,71.1,1.0
ENSPD001199,Female,21.0,Informatique,3,73.4,27.0,51.6,37.5,25.6,2.0,2.0,16.3,Yes,Yes,Middle,1.0,Yes,Salle 28,263.0,35.8,0.0
ENSPD001200,Male,23.0,Telecom,3,84.3,16.0,54.3,50.9,4.1,2.0,1.4,9.9,Yes,No,Middle,1.0,Yes,Salle 22,154.0,33.1,0.0
ENSPD001201,Female,24.0,Electrique,2,93.3,7.0,71.5,71.4,81.9,1.0,0.8,18.0,Yes,No,Middle,1.0,Yes,Salle 26,185.0,75.4,1.0
ENSPD001202,Male,21.0,GenieCivil,4,94.3,6.0,79.1,60.5,69.5,0.0,0.2,0.0,Yes,Yes,High,4.0,Yes,Salle 15,173.0,66.4,1.0
ENSPD001203,Male,24.0,Informatique,1,76.8,23.0,57.7,65.4,64.4,1.0,2.3,11.5,No,Yes,Middle,1.0,Yes,Salle 14,248.0,60.2,1.0
ENSPD001204,Male,22.0,Electrique,3,85.8,14.0,73.2,47.3,37.9,2.0,0.7,1.1,No,Yes,Low,1.0,No,Salle 8,188.0,48.8,0.0
ENSPD001205,Male,22.0,Informatique,4,66.3,34.0,88.7,64.2,29.8,1.0,0.8,4.8,No,No,High,2.0,Yes,Salle 3,230.0,55.3,1.0
ENSPD001206,Female,22.0,Informatique,4,93.8,6.0,46.1,64.1,51.3,1.0,2.5,18.4,No,Yes,Low,1.0,Yes,Salle 23,230.0,57.2,1.0
ENSPD001207,Female,23.0,Electrique,4,72.6,27.0,70.3,40.8,71.2,1.0,5.8,20.0,Yes,No,High,1.0,Yes,Salle 18,157.0,59.2,1.0
ENSPD001208,Male,23.0,Informatique,3,91.4,9.0,77.5,73.6,52.3,1.0,0.8,9.4,No,Yes,Middle,2.0,No,Salle 12,263.0,63.0,1.0
ENSPD001209,Male,27.0,Informatique,3,68.2,32.0,63.6,31.4,82.0,2.0,2.7,10.8,Yes,No,Middle,1.0,Yes,Salle 26,263.0,63.0,1.0
ENSPD001210,Other,20.0,Electrique,2,94.4,6.0,83.6,65.3,44.9,0.0,6.3,29.9,Yes,No,Middle,1.0,Yes,Salle 7,185.0,62.3,1.0
ENSPD001211,Male,23.0,Informatique,2,85.9,14.0,98.0,93.8,53.6,1.0,0.2,3.3,Yes,No,Low,1.0,Yes,Salle 30,298.0,77.2,1.0
ENSPD001212,Male,21.0,Mecanique,4,72.6,27.0,70.2,74.2,63.5,1.0,1.5,11.1,Yes,No,Low,0.0,Yes,Salle 8,178.0,72.0,1.0
ENSPD001213,Male,20.0,Informatique,5,90.3,10.0,61.5,74.1,56.5,1.0,0.0,6.6,Yes,No,Middle,1.0,Yes,Salle 3,109.0,63.3,1.0
ENSPD001214,Female,22.0,Electrique,4,74.9,25.0,79.7,61.6,57.5,1.0,3.5,23.2,No,No,Middle,0.0,Yes,Salle 13,157.0,65.0,1.0
ENSPD001215,Female,22.0,Electrique,1,91.0,9.0,77.6,93.8,51.1,0.0,0.7,8.4,Yes,No,High,1.0,Yes,Salle 5,143.0,78.1,1.0
ENSPD001216,Male,28.0,Chimie,4,78.7,21.0,27.2,86.8,47.4,1.0,0.8,11.5,Yes,No,Middle,0.0,Yes,Salle 16,93.0,53.0,1.0
ENSPD001217,Male,22.0,Mecanique,5,61.3,39.0,65.0,46.8,71.1,2.0,2.3,13.9,No,No,Middle,2.0,Yes,Salle 20,67.0,60.3,1.0
ENSPD001218,Female,20.0,Informatique,2,70.2,30.0,59.1,53.5,73.7,0.0,3.1,12.0,No,No,Low,2.0,No,Salle 18,298.0,59.7,1.0
ENSPD001219,Female,23.0,Informatique,3,76.8,23.0,71.0,61.6,68.5,2.0,1.0,4.4,No,No,Middle,4.0,No,Salle 29,263.0,68.3,1.0
ENSPD001220,Male,18.0,GenieCivil,4,98.4,2.0,62.1,61.6,51.7,0.0,2.2,19.8,Yes,No,Middle,0.0,Yes,Salle 18,173.0,71.6,1.0
ENSPD001221,Female,22.0,Energetique,3,92.8,7.0,63.7,39.2,60.0,1.0,6.3,25.3,No,No,Middle,2.0,Yes,Salle 5,104.0,48.4,0.0
ENSPD001222,Male,22.0,Informatique,5,100.0,0.0,52.1,43.9,95.9,2.0,4.4,23.4,Yes,No,Middle,1.0,No,Salle 10,109.0,67.1,1.0
ENSPD001223,Male,24.0,Mecanique,2,100.0,0.0,76.0,59.4,35.6,1.0,2.4,15.3,Yes,Yes,Middle,2.0,Yes,Salle 5,231.0,58.3,1.0
ENSPD001224,Female,24.0,Informatique,4,75.6,24.0,89.8,22.9,63.5,1.0,5.7,11.5,Yes,No,Low,0.0,Yes,Salle 2,230.0,72.6,1.0
ENSPD001225,Male,21.0,Electrique,4,79.7,20.0,52.3,62.3,63.5,1.0,1.4,25.9,Yes,Yes,Middle,1.0,No,Salle 8,157.0,62.1,1.0
ENSPD001226,Female,22.0,Electrique,3,77.1,23.0,44.0,83.3,60.4,2.0,2.6,12.8,Yes,No,Middle,2.0,No,Salle 1,188.0,58.7,1.0
ENSPD001227,Male,20.0,Electrique,4,73.9,26.0,65.3,36.1,63.5,4.0,1.4,24.2,Yes,No,Middle,1.0,Yes,Salle 19,157.0,60.7,1.0
ENSPD001228,Male,20.0,Telecom,3,59.9,40.0,64.6,64.3,22.7,1.0,3.4,17.2,Yes,Yes,Middle,1.0,Yes,Salle 18,154.0,47.0,0.0
ENSPD001229,Other,23.0,GenieCivil,2,81.8,18.0,82.6,51.5,91.6,2.0,1.4,11.5,Yes,No,Middle,0.0,No,Salle 15,177.0,74.7,1.0
ENSPD001230,Male,19.0,Informatique,1,66.6,33.0,46.6,91.5,100.0,2.0,1.4,7.6,Yes,No,Middle,1.0,Yes,Salle 14,248.0,75.3,1.0
ENSPD001231,Female,21.0,Mecanique,2,81.6,18.0,56.9,51.7,85.8,2.0,0.0,9.3,Yes,Yes,Low,4.0,Yes,Salle 26,231.0,68.1,1.0
ENSPD001232,Male,20.0,Electrique,4,82.2,0.0,32.8,89.3,22.0,1.0,0.1,13.5,Yes,No,Middle,1.0,Yes,Salle 6,157.0,46.7,0.0
ENSPD001233,Male,23.0,Electrique,5,75.9,24.0,85.6,51.2,79.3,2.0,2.7,19.6,Yes,No,Middle,1.0,No,Salle 7,80.0,67.0,1.0
ENSPD001234,Male,26.0,GenieCivil,2,84.3,16.0,68.8,75.9,96.9,1.0,1.6,13.0,Yes,No,Middle,2.0,Yes,Salle 22,177.0,76.9,1.0
ENSPD001235,Female,19.0,Electrique,2,92.9,7.0,58.0,66.5,94.9,3.0,2.9,11.1,Yes,No,Middle,0.0,Yes,Salle 4,185.0,74.7,1.0
ENSPD001236,Male,18.0,Electrique,1,85.4,15.0,45.2,61.6,35.8,2.0,6.0,29.7,Yes,No,High,1.0,No,Salle 2,143.0,43.2,0.0
ENSPD001237,Female,22.0,Telecom,3,85.5,14.0,46.5,47.8,84.3,1.0,1.2,11.5,Yes,Yes,Middle,0.0,Yes,Salle 16,154.0,60.1,1.0
ENSPD001238,Male,22.0,Electrique,5,77.7,22.0,71.2,67.8,99.9,0.0,1.4,15.2,Yes,Yes,High,0.0,Yes,Salle 26,80.0,75.8,1.0
ENSPD001239,Female,22.0,Chimie,3,79.2,21.0,48.4,54.1,64.6,1.0,2.0,6.0,Yes,No,Middle,0.0,Yes,Salle 4,130.0,57.3,1.0
ENSPD001240,Male,21.0,Mecanique,3,70.5,30.0,66.6,49.6,34.9,2.0,0.2,0.8,Yes,No,Low,0.0,Yes,Salle 25,212.0,50.1,1.0
ENSPD001241,Female,22.0,Electrique,3,92.2,8.0,95.6,88.5,80.6,0.0,1.9,17.4,Yes,No,Low,2.0,Yes,Salle 2,188.0,83.1,1.0
ENSPD001242,Female,23.0,Telecom,1,61.1,39.0,59.8,71.9,85.1,1.0,1.5,17.2,Yes,No,Middle,0.0,Yes,Salle 23,121.0,65.7,1.0
ENSPD001243,Female,24.0,Mecanique,4,93.7,6.0,50.6,73.6,61.2,1.0,2.5,16.3,No,No,Middle,1.0,Yes,Salle 20,178.0,65.0,1.0
ENSPD001244,Female,18.0,Chimie,3,65.2,35.0,70.7,55.0,40.2,1.0,0.9,7.1,Yes,No,Low,0.0,No,Salle 26,130.0,53.9,1.0
ENSPD001245,Female,21.0,Chimie,3,82.2,6.0,46.6,58.7,83.6,1.0,0.3,8.5,Yes,No,Low,1.0,Yes,Salle 13,130.0,62.1,1.0
ENSPD001246,Female,22.0,Informatique,4,77.8,22.0,90.8,57.5,48.6,1.0,0.5,11.5,Yes,No,Low,0.0,Yes,Salle 3,230.0,63.3,1.0
ENSPD001247,Male,20.0,Electrique,4,67.2,33.0,86.1,68.1,71.9,1.0,2.3,11.6,Yes,Yes,Low,1.0,No,Salle 9,157.0,71.4,1.0
ENSPD001248,Male,25.0,Informatique,4,89.0,11.0,62.5,73.6,95.2,2.0,1.3,12.1,Yes,No,High,4.0,Yes,Salle 19,230.0,75.4,1.0
ENSPD001249,Female,21.0,Energetique,5,93.1,7.0,51.5,61.5,30.8,0.0,1.6,10.6,Yes,No,High,0.0,No,Salle 21,40.0,47.8,0.0
ENSPD001250,Female,22.0,Telecom,5,76.7,23.0,58.6,47.7,82.2,0.0,0.8,9.7,Yes,No,Middle,0.0,Yes,Salle 9,60.0,62.0,1.0
ENSPD001251,Female,23.0,Informatique,3,90.6,9.0,60.6,75.7,59.9,0.0,3.6,22.5,Yes,No,Low,3.0,No,Salle 11,263.0,64.7,1.0
ENSPD001252,Male,21.0,Informatique,1,54.6,45.0,70.8,62.6,60.4,0.0,15.0,62.7,Yes,No,Low,0.0,No,Salle 3,248.0,62.9,1.0
ENSPD001253,Male,18.0,Electrique,2,66.2,34.0,80.6,61.6,63.5,2.0,0.7,11.7,Yes,No,Middle,0.0,Yes,Salle 10,185.0,58.1,1.0
ENSPD001254,Male,21.0,Mecanique,4,97.5,2.0,49.5,23.6,48.6,0.0,2.5,13.0,Yes,No,Low,1.0,Yes,Salle 9,178.0,46.2,0.0
ENSPD001255,Female,24.0,Informatique,1,79.3,21.0,80.2,67.4,40.5,0.0,0.4,8.9,No,No,Low,1.0,Yes,Salle 27,248.0,58.7,1.0
ENSPD001256,Male,21.0,GenieCivil,1,59.7,40.0,74.3,47.1,28.3,2.0,2.7,8.0,Yes,Yes,High,1.0,No,Salle 6,149.0,46.9,0.0
ENSPD001257,Male,20.0,Mecanique,1,73.6,26.0,57.4,69.8,88.6,1.0,1.1,11.5,Yes,Yes,High,1.0,Yes,Salle 7,186.0,66.9,1.0
ENSPD001258,Male,24.0,Informatique,4,70.9,29.0,48.7,48.0,56.6,0.0,1.9,9.1,No,No,Low,1.0,No,Salle 24,230.0,50.9,1.0
ENSPD001259,Male,21.0,Chimie,3,80.0,20.0,66.7,64.4,75.4,1.0,0.5,5.0,No,No,Low,2.0,No,Salle 21,130.0,63.0,1.0
ENSPD001260,Female,21.0,Telecom,2,77.6,22.0,49.1,55.2,54.3,3.0,1.4,11.2,No,No,Low,0.0,Yes,Salle 14,161.0,52.1,1.0
ENSPD001261,Male,22.0,Chimie,1,84.1,16.0,80.4,93.5,40.8,0.0,0.4,11.5,Yes,No,Middle,0.0,No,Salle 11,96.0,67.0,1.0
ENSPD001262,Female,24.0,Telecom,4,81.2,19.0,48.1,79.1,77.0,1.0,5.3,31.5,Yes,No,Middle,1.0,No,Salle 18,121.0,64.0,1.0
ENSPD001263,Male,27.0,Informatique,2,98.3,2.0,73.2,86.3,70.6,1.0,0.1,0.0,Yes,No,Middle,1.0,No,Salle 7,298.0,76.7,1.0
ENSPD001264,Male,24.0,Mecanique,2,87.1,13.0,63.8,61.6,59.3,3.0,0.7,8.6,Yes,No,Middle,0.0,Yes,Salle 7,231.0,57.8,1.0
ENSPD001265,Male,24.0,Informatique,3,87.5,12.0,56.6,76.8,70.0,2.0,1.4,3.6,No,No,Middle,1.0,Yes,Salle 13,263.0,64.1,1.0
ENSPD001266,Male,21.0,Chimie,3,96.0,4.0,63.5,63.6,44.8,0.0,3.9,11.5,Yes,No,Middle,0.0,Yes,Salle 16,130.0,56.4,1.0
ENSPD001267,Male,20.0,Energetique,2,77.3,23.0,81.2,88.5,85.2,1.0,1.7,15.2,Yes,No,Low,0.0,Yes,Salle 12,71.0,80.0,1.0
ENSPD001268,Male,22.0,Chimie,3,66.9,33.0,47.1,60.7,89.8,0.0,0.5,6.6,Yes,No,Low,0.0,Yes,Salle 2,130.0,69.9,1.0
ENSPD001269,Female,22.0,Telecom,2,96.5,4.0,58.8,36.8,79.2,0.0,3.9,23.7,No,Yes,Middle,1.0,No,Salle 7,161.0,59.3,1.0
ENSPD001270,Male,20.0,Electrique,4,83.6,16.0,53.7,26.0,56.6,0.0,1.8,10.2,No,No,Middle,1.0,Yes,Salle 19,157.0,44.8,0.0
ENSPD001271,Female,22.0,Mecanique,2,83.7,16.0,64.4,92.0,65.2,3.0,0.5,17.3,Yes,No,Middle,0.0,Yes,Salle 30,231.0,73.1,1.0
ENSPD001272,Female,23.0,GenieCivil,1,74.4,26.0,65.1,70.6,95.4,2.0,1.7,16.2,Yes,No,Middle,1.0,No,Salle 10,149.0,70.7,1.0
ENSPD001273,Female,23.0,Informatique,4,74.6,25.0,38.5,71.8,89.6,1.0,2.2,14.6,Yes,No,Middle,1.0,Yes,Salle 10,230.0,65.8,1.0
ENSPD001274,Male,23.0,Informatique,3,92.2,8.0,49.2,88.8,100.0,2.0,2.3,21.0,Yes,No,Low,1.0,Yes,Salle 6,263.0,80.8,1.0
ENSPD001275,Male,23.0,Electrique,1,93.8,6.0,89.6,32.3,48.4,1.0,2.6,21.0,Yes,No,Middle,1.0,Yes,Salle 29,143.0,61.3,1.0
ENSPD001276,Male,21.0,GenieCivil,1,91.4,9.0,65.1,55.5,46.6,2.0,4.5,20.9,No,Yes,Middle,4.0,No,Salle 25,149.0,55.6,1.0
ENSPD001277,Male,21.0,Electrique,4,91.5,8.0,68.2,57.8,63.5,1.0,3.5,21.0,No,Yes,High,1.0,Yes,Salle 20,157.0,67.1,1.0
ENSPD001278,Other,20.0,Electrique,4,88.8,11.0,60.8,75.4,72.1,1.0,1.9,11.4,Yes,Yes,Middle,0.0,Yes,Salle 12,157.0,72.2,1.0
ENSPD001279,Male,26.0,Mecanique,2,83.6,16.0,64.2,49.5,61.2,0.0,0.1,9.1,Yes,No,Low,1.0,Yes,Salle 1,231.0,51.6,1.0
ENSPD001280,Male,22.0,GenieCivil,3,79.9,20.0,58.6,40.4,56.2,2.0,2.8,11.5,Yes,Yes,Middle,2.0,Yes,Salle 26,185.0,46.0,0.0
ENSPD001281,Female,22.0,GenieCivil,1,96.5,4.0,72.9,40.2,89.3,1.0,7.4,28.7,Yes,No,Low,0.0,Yes,Salle 4,149.0,70.3,1.0
ENSPD001282,Female,20.0,Mecanique,3,77.5,22.0,66.5,82.7,62.2,0.0,1.4,8.3,Yes,No,Middle,1.0,Yes,Salle 13,212.0,66.0,1.0
ENSPD001283,Male,28.0,Telecom,1,86.4,14.0,47.4,48.6,39.7,2.0,1.9,18.4,Yes,Yes,Middle,0.0,Yes,Salle 19,121.0,44.5,0.0
ENSPD001284,Male,20.0,GenieCivil,2,72.4,28.0,68.8,52.1,42.0,3.0,2.9,19.6,Yes,No,Low,1.0,No,Salle 26,177.0,48.4,0.0
ENSPD001285,Male,21.0,Electrique,1,74.1,26.0,28.1,73.4,68.9,0.0,2.0,11.5,Yes,No,High,1.0,Yes,Salle 23,143.0,62.6,1.0
ENSPD001286,Male,23.0,Telecom,3,79.2,21.0,71.2,49.4,100.0,0.0,1.4,29.7,Yes,No,Middle,2.0,Yes,Salle 24,154.0,74.7,1.0
ENSPD001287,Male,23.0,Telecom,2,82.2,28.0,65.1,31.3,44.5,3.0,1.3,4.8,Yes,No,Low,1.0,Yes,Salle 29,161.0,41.6,0.0
ENSPD001288,Male,24.0,Telecom,2,91.6,8.0,63.6,61.6,57.7,1.0,1.5,13.3,No,Yes,Middle,1.0,Yes,Salle 27,161.0,54.4,1.0
ENSPD001289,Male,26.0,Mecanique,1,65.8,34.0,47.1,61.0,100.0,2.0,1.4,10.3,Yes,No,Middle,3.0,Yes,Salle 19,186.0,72.4,1.0
ENSPD001290,Male,23.0,Informatique,2,83.2,17.0,65.0,71.0,54.3,2.0,4.6,25.7,Yes,No,Middle,3.0,Yes,Salle 21,298.0,62.7,1.0
ENSPD001291,Male,20.0,Mecanique,4,83.6,16.0,73.7,58.4,73.1,0.0,0.6,2.5,Yes,No,Middle,1.0,Yes,Salle 12,178.0,64.8,1.0
ENSPD001292,Male,21.0,Mecanique,2,60.3,40.0,87.5,69.7,100.0,1.0,7.7,34.3,Yes,No,Middle,0.0,Yes,Salle 28,231.0,86.1,1.0
ENSPD001293,Male,23.0,Telecom,4,76.7,23.0,41.9,33.0,45.0,2.0,0.5,7.0,No,No,Middle,1.0,Yes,Salle 24,121.0,43.4,0.0
ENSPD001294,Female,26.0,Electrique,2,85.1,15.0,79.6,34.2,57.8,1.0,0.6,4.1,No,No,Middle,0.0,No,Salle 7,185.0,56.7,1.0
ENSPD001295,Female,19.0,Informatique,2,87.1,18.0,67.0,100.0,54.3,0.0,1.3,11.5,Yes,No,Middle,1.0,Yes,Salle 26,298.0,61.7,1.0
ENSPD001296,Male,24.0,Informatique,3,79.5,20.0,58.2,84.2,33.6,2.0,2.2,15.8,Yes,Yes,Low,1.0,Yes,Salle 24,263.0,50.8,1.0
ENSPD001297,Male,22.0,Informatique,5,90.1,10.0,76.4,75.8,95.4,0.0,1.2,16.4,Yes,Yes,Middle,1.0,No,Salle 30,109.0,85.1,1.0
ENSPD001298,Male,24.0,Electrique,1,80.7,19.0,61.5,50.1,52.3,2.0,1.4,1.1,Yes,No,High,1.0,No,Salle 22,143.0,57.2,1.0
ENSPD001299,Female,22.0,Chimie,1,82.2,18.0,75.8,57.7,46.5,2.0,1.6,9.5,Yes,No,Middle,2.0,No,Salle 7,96.0,58.4,1.0
ENSPD001300,Female,20.0,Telecom,3,85.0,15.0,50.1,62.0,63.5,2.0,6.4,27.7,Yes,Yes,Middle,0.0,Yes,Salle 19,154.0,53.0,1.0
ENSPD001301,Male,24.0,Energetique,5,93.1,7.0,55.5,85.7,63.5,3.0,6.5,37.0,Yes,No,Middle,2.0,No,Salle 13,40.0,70.5,1.0
ENSPD001302,Female,23.0,Informatique,5,73.9,26.0,79.2,69.3,66.3,2.0,0.8,11.1,Yes,No,Middle,0.0,No,Salle 16,109.0,66.9,1.0
ENSPD001303,Male,24.0,Mecanique,3,76.2,24.0,87.3,71.5,63.5,0.0,2.3,19.8,Yes,No,High,1.0,Yes,Salle 2,212.0,60.7,1.0
ENSPD001304,Male,22.0,Mecanique,2,74.0,26.0,64.5,59.0,72.2,3.0,2.6,18.9,Yes,No,Middle,0.0,No,Salle 18,231.0,70.0,1.0
ENSPD001305,Female,21.0,Mecanique,3,78.0,22.0,23.2,76.3,80.3,1.0,2.1,18.1,Yes,No,Middle,1.0,Yes,Salle 10,212.0,60.7,1.0
ENSPD001306,Female,19.0,Telecom,3,99.1,1.0,62.0,67.4,63.5,1.0,0.2,6.9,No,No,Low,1.0,Yes,Salle 2,154.0,66.4,1.0
ENSPD001307,Female,24.0,Electrique,3,88.9,11.0,65.5,62.8,59.3,1.0,1.6,13.3,No,Yes,Low,1.0,No,Salle 27,188.0,55.1,1.0
ENSPD001308,Female,23.0,Chimie,4,68.4,32.0,61.5,48.6,84.3,3.0,2.9,18.7,Yes,No,Middle,1.0,Yes,Salle 2,93.0,62.7,1.0
ENSPD001309,Male,20.0,GenieCivil,4,74.8,25.0,70.0,60.0,60.4,2.0,0.4,11.5,Yes,Yes,Middle,1.0,Yes,Salle 26,173.0,57.4,1.0
ENSPD001310,Female,21.0,Informatique,3,86.5,14.0,57.8,42.6,96.2,1.0,0.9,8.6,No,No,Low,0.0,Yes,Salle 7,263.0,70.5,1.0
ENSPD001311,Male,21.0,Informatique,2,71.1,29.0,77.6,61.3,48.8,0.0,0.5,8.9,Yes,Yes,Middle,1.0,Yes,Salle 27,298.0,60.4,1.0
ENSPD001312,Male,19.0,GenieCivil,3,73.3,27.0,47.5,63.6,48.4,1.0,4.4,24.4,Yes,No,Low,0.0,Yes,Salle 1,185.0,42.4,0.0
ENSPD001313,Male,20.0,Chimie,2,98.1,2.0,83.6,18.7,45.9,0.0,3.9,21.4,No,No,High,0.0,Yes,Salle 26,119.0,50.8,1.0
ENSPD001314,Female,20.0,Informatique,2,74.6,25.0,88.3,57.9,59.2,1.0,0.4,7.3,No,No,Middle,1.0,No,Salle 28,298.0,67.5,1.0
ENSPD001315,Male,21.0,Chimie,1,93.5,6.0,51.3,40.8,64.1,1.0,1.4,19.4,Yes,No,Middle,2.0,Yes,Salle 7,96.0,50.3,1.0
ENSPD001316,Female,21.0,Telecom,1,97.1,3.0,51.3,71.0,37.5,2.0,0.9,8.1,No,No,Middle,2.0,Yes,Salle 26,121.0,50.7,1.0
ENSPD001317,Male,19.0,GenieCivil,3,73.2,27.0,71.2,73.5,65.9,0.0,2.3,9.3,Yes,No,Middle,0.0,Yes,Salle 26,185.0,66.9,1.0
ENSPD001318,Female,26.0,Chimie,4,71.3,29.0,47.2,61.6,75.3,2.0,1.4,11.4,Yes,No,High,3.0,Yes,Salle 18,93.0,57.7,1.0
ENSPD001319,Male,25.0,GenieCivil,2,78.7,21.0,57.6,71.9,34.7,0.0,1.3,6.6,No,No,Middle,3.0,Yes,Salle 25,177.0,50.9,1.0
ENSPD001320,Male,20.0,Electrique,3,68.9,31.0,81.5,72.6,53.6,0.0,4.3,26.4,No,No,Middle,2.0,Yes,Salle 21,188.0,66.4,1.0
ENSPD001321,Male,23.0,Chimie,2,83.5,16.0,76.1,57.9,75.3,3.0,2.0,10.7,Yes,No,Middle,2.0,Yes,Salle 17,119.0,69.2,1.0
ENSPD001322,Male,23.0,Energetique,1,79.5,20.0,65.1,89.6,42.2,1.0,0.5,5.0,No,No,Middle,0.0,Yes,Salle 27,83.0,72.6,1.0
ENSPD001323,Female,24.0,Mecanique,5,82.2,14.0,65.1,48.9,57.7,1.0,0.2,7.5,Yes,No,Middle,0.0,Yes,Salle 12,67.0,60.5,1.0
ENSPD001324,Male,20.0,GenieCivil,4,98.8,1.0,55.8,88.5,85.8,0.0,5.4,26.6,Yes,No,Middle,0.0,Yes,Salle 2,173.0,78.9,1.0
ENSPD001325,Female,24.0,Informatique,1,91.8,8.0,65.8,57.9,99.9,1.0,0.3,10.9,No,Yes,Low,2.0,No,Salle 12,248.0,76.9,1.0
ENSPD001326,Male,21.0,Informatique,4,87.9,12.0,62.7,46.8,72.8,2.0,2.6,11.5,No,No,High,2.0,No,Salle 17,230.0,55.4,1.0
ENSPD001327,Male,19.0,Electrique,2,58.4,42.0,63.0,55.7,60.6,0.0,1.4,9.4,No,No,Low,1.0,Yes,Salle 26,185.0,56.1,1.0
ENSPD001328,Female,23.0,Telecom,5,87.3,13.0,64.6,42.2,54.0,0.0,0.3,3.1,Yes,No,Middle,1.0,Yes,Salle 28,60.0,52.8,1.0
ENSPD001329,Female,25.0,Mecanique,2,100.0,0.0,51.0,76.1,82.2,0.0,3.0,12.3,Yes,No,Low,0.0,Yes,Salle 21,231.0,78.0,1.0
ENSPD001330,Male,27.0,Informatique,2,45.9,54.0,69.2,33.2,86.7,0.0,4.7,21.7,Yes,Yes,Middle,0.0,Yes,Salle 8,298.0,61.6,1.0
ENSPD001331,Male,20.0,Mecanique,3,90.3,10.0,43.9,87.0,63.5,1.0,0.3,7.8,No,No,High,2.0,Yes,Salle 16,212.0,52.2,1.0
ENSPD001332,Female,23.0,GenieCivil,4,80.1,20.0,54.2,45.2,82.2,2.0,0.1,10.5,No,No,Middle,1.0,No,Salle 7,173.0,64.5,1.0
ENSPD001333,Male,21.0,Mecanique,1,71.8,28.0,63.2,61.6,51.9,1.0,3.8,11.5,Yes,No,Middle,2.0,Yes,Salle 3,186.0,62.9,1.0
ENSPD001334,Other,24.0,Mecanique,3,91.6,8.0,31.1,62.4,46.8,2.0,1.4,8.3,Yes,Yes,Low,0.0,Yes,Salle 26,212.0,44.6,0.0
ENSPD001335,Female,19.0,Chimie,1,100.0,0.0,76.5,66.9,60.9,0.0,2.2,14.4,Yes,No,Middle,2.0,Yes,Salle 26,96.0,65.6,1.0
ENSPD001336,Female,19.0,Informatique,5,91.3,9.0,34.2,51.4,83.8,2.0,1.2,9.9,Yes,No,High,3.0,No,Salle 21,109.0,56.4,1.0
ENSPD001337,Male,20.0,GenieCivil,1,77.5,22.0,75.0,68.4,70.2,1.0,1.1,14.0,Yes,No,High,1.0,No,Salle 6,149.0,63.6,1.0
ENSPD001338,Female,22.0,Chimie,5,70.7,29.0,45.6,64.4,69.6,1.0,0.7,13.1,No,Yes,Middle,1.0,Yes,Salle 2,48.0,62.7,1.0
ENSPD001339,Male,21.0,Mecanique,3,83.7,16.0,58.9,35.8,71.0,2.0,1.7,4.0,No,No,Middle,1.0,No,Salle 26,212.0,55.6,1.0
ENSPD001340,Male,23.0,Electrique,2,92.5,8.0,72.8,44.7,73.4,1.0,0.3,11.8,Yes,Yes,Middle,0.0,Yes,Salle 18,185.0,63.9,1.0
ENSPD001341,Male,24.0,Electrique,5,77.4,23.0,98.0,52.3,61.7,0.0,2.5,8.7,No,No,Middle,2.0,Yes,Salle 14,80.0,71.8,1.0
ENSPD001342,Male,23.0,Electrique,5,78.5,22.0,66.7,48.4,76.6,1.0,1.6,12.5,No,No,Middle,0.0,No,Salle 6,80.0,62.3,1.0
ENSPD001343,Female,25.0,GenieCivil,3,100.0,0.0,35.3,84.6,50.8,0.0,3.8,11.8,Yes,No,Middle,3.0,Yes,Salle 2,185.0,53.2,1.0
ENSPD001344,Female,23.0,Mecanique,1,94.9,5.0,79.3,61.6,77.0,1.0,5.1,29.5,Yes,No,High,4.0,Yes,Salle 23,186.0,76.3,1.0
ENSPD001345,Female,20.0,Telecom,3,95.8,4.0,61.5,48.0,81.1,0.0,4.6,22.0,No,Yes,Middle,0.0,Yes,Salle 21,154.0,65.2,1.0
ENSPD001346,Male,25.0,Chimie,3,64.5,36.0,66.0,53.2,78.0,1.0,1.8,14.9,Yes,No,Middle,1.0,No,Salle 22,130.0,62.5,1.0
ENSPD001347,Male,21.0,Mecanique,3,73.5,26.0,73.4,52.9,79.0,0.0,0.8,7.0,Yes,No,Low,2.0,Yes,Salle 16,212.0,66.2,1.0
ENSPD001348,Male,24.0,Informatique,3,82.9,17.0,31.6,56.8,73.3,1.0,0.9,12.5,Yes,No,Middle,1.0,No,Salle 18,263.0,53.3,1.0
ENSPD001349,Other,25.0,Informatique,1,70.0,30.0,65.1,42.6,87.5,0.0,2.1,6.7,No,No,Middle,1.0,Yes,Salle 2,248.0,64.9,1.0
ENSPD001350,Male,23.0,Informatique,4,100.0,0.0,58.9,61.6,18.6,1.0,2.5,17.4,Yes,No,Middle,0.0,Yes,Salle 2,230.0,36.4,0.0
ENSPD001351,Female,19.0,Electrique,4,98.9,1.0,83.3,75.8,81.1,2.0,0.4,8.3,No,No,Middle,2.0,No,Salle 13,157.0,78.6,1.0
ENSPD001352,Male,20.0,Informatique,1,82.2,24.0,75.9,61.6,100.0,1.0,12.4,56.1,No,No,Low,2.0,Yes,Salle 21,248.0,84.8,1.0
ENSPD001353,Male,25.0,Mecanique,3,100.0,0.0,40.6,59.3,51.6,4.0,0.2,7.9,No,No,Middle,1.0,Yes,Salle 22,212.0,50.6,1.0
ENSPD001354,Female,22.0,Chimie,3,81.9,18.0,83.9,62.0,49.3,3.0,1.9,17.1,No,No,Middle,0.0,Yes,Salle 20,130.0,62.0,1.0
ENSPD001355,Male,22.0,Mecanique,3,100.0,0.0,71.7,61.2,89.7,1.0,1.5,14.9,Yes,No,Middle,1.0,Yes,Salle 13,212.0,70.9,1.0
ENSPD001356,Female,24.0,Chimie,1,83.7,16.0,41.8,58.2,45.5,1.0,1.8,6.6,No,No,Middle,0.0,Yes,Salle 23,96.0,44.8,0.0
ENSPD001357,Female,23.0,Chimie,3,88.9,11.0,65.8,71.3,50.7,2.0,1.5,11.5,Yes,No,Middle,1.0,Yes,Salle 13,130.0,61.7,1.0
ENSPD001358,Male,23.0,Mecanique,2,98.8,1.0,80.5,70.0,67.4,2.0,0.1,6.8,Yes,No,High,0.0,Yes,Salle 6,231.0,73.9,1.0
ENSPD001359,Male,22.0,Chimie,3,97.3,3.0,46.8,33.7,48.0,1.0,11.0,48.7,No,Yes,Middle,1.0,Yes,Salle 24,130.0,42.4,0.0
ENSPD001360,Female,21.0,Chimie,4,88.1,12.0,85.7,59.6,81.5,2.0,8.0,37.6,Yes,No,Middle,3.0,Yes,Salle 16,93.0,77.3,1.0
ENSPD001361,Female,24.0,Mecanique,3,80.3,20.0,42.3,34.9,48.2,1.0,1.5,12.9,No,No,Middle,0.0,No,Salle 2,212.0,42.7,0.0
ENSPD001362,Male,23.0,Informatique,1,82.2,12.0,53.1,61.6,63.5,1.0,0.5,10.0,No,Yes,Middle,1.0,No,Salle 20,248.0,66.5,1.0
ENSPD001363,Female,21.0,GenieCivil,3,72.2,28.0,50.9,75.8,69.7,2.0,0.4,8.9,No,No,Middle,2.0,Yes,Salle 10,185.0,61.9,1.0
ENSPD001364,Female,24.0,Telecom,5,83.8,16.0,85.7,51.0,97.3,1.0,0.1,8.9,No,No,Low,2.0,Yes,Salle 16,60.0,80.4,1.0
ENSPD001365,Female,22.0,Electrique,1,68.7,31.0,57.6,59.9,87.3,4.0,1.9,20.5,Yes,No,Middle,3.0,Yes,Salle 20,143.0,70.5,1.0
ENSPD001366,Male,20.0,Informatique,4,60.6,39.0,47.6,24.0,53.4,1.0,1.3,9.4,Yes,Yes,Middle,0.0,Yes,Salle 11,230.0,44.1,0.0
ENSPD001367,Female,20.0,Electrique,3,82.6,17.0,71.7,61.6,38.7,2.0,1.1,8.9,No,No,Middle,1.0,Yes,Salle 18,188.0,60.7,1.0
ENSPD001368,Female,20.0,GenieCivil,4,97.1,3.0,74.9,74.8,80.8,0.0,1.4,13.8,Yes,No,Middle,1.0,Yes,Salle 12,173.0,77.2,1.0
ENSPD001369,Male,21.0,Electrique,2,93.1,7.0,75.0,82.7,50.9,1.0,4.1,21.4,No,Yes,Low,0.0,No,Salle 22,185.0,70.1,1.0
ENSPD001370,Male,24.0,Chimie,2,81.0,19.0,60.9,61.6,57.3,0.0,0.1,4.0,Yes,Yes,High,1.0,Yes,Salle 11,119.0,65.2,1.0
ENSPD001371,Female,20.0,GenieCivil,4,100.0,0.0,68.8,40.0,42.8,2.0,1.4,9.6,Yes,No,Low,0.0,Yes,Salle 16,173.0,49.4,0.0
ENSPD001372,Male,22.0,Telecom,2,75.2,25.0,55.2,78.0,77.6,2.0,2.4,17.1,Yes,No,High,1.0,Yes,Salle 27,161.0,66.5,1.0
ENSPD001373,Female,21.0,Chimie,1,59.0,41.0,90.1,88.6,51.1,3.0,7.1,35.2,Yes,No,Middle,0.0,Yes,Salle 15,96.0,70.0,1.0
ENSPD001374,Male,21.0,Electrique,3,55.8,44.0,82.2,61.6,63.3,1.0,2.7,23.3,Yes,No,Low,0.0,Yes,Salle 1,188.0,54.4,1.0
ENSPD001375,Male,19.0,Informatique,1,67.8,32.0,81.2,58.9,63.6,1.0,1.6,7.3,Yes,No,Middle,2.0,Yes,Salle 8,248.0,59.0,1.0
ENSPD001376,Female,22.0,Telecom,4,91.8,8.0,76.9,55.5,67.7,1.0,1.4,12.6,Yes,No,Middle,1.0,Yes,Salle 24,121.0,69.1,1.0
ENSPD001377,Male,22.0,Energetique,3,74.4,26.0,72.8,77.4,77.2,0.0,11.7,52.1,Yes,No,Low,0.0,Yes,Salle 25,104.0,80.2,1.0
ENSPD001378,Male,23.0,Informatique,4,87.5,12.0,46.3,18.9,59.1,0.0,4.4,19.5,Yes,No,High,1.0,Yes,Salle 9,230.0,39.6,0.0
ENSPD001379,Male,22.0,GenieCivil,4,100.0,0.0,74.5,94.7,49.2,0.0,0.2,0.0,No,No,Middle,0.0,Yes,Salle 11,173.0,72.0,1.0
ENSPD001380,Female,20.0,Mecanique,1,68.8,31.0,66.7,60.0,26.8,1.0,1.7,10.1,Yes,No,Middle,3.0,Yes,Salle 7,186.0,45.0,0.0
ENSPD001381,Male,24.0,Chimie,2,87.7,12.0,84.0,78.5,66.1,2.0,3.1,26.1,No,No,High,0.0,Yes,Salle 12,119.0,78.0,1.0
ENSPD001382,Male,22.0,Chimie,4,88.5,12.0,77.1,61.6,60.9,1.0,1.4,11.5,Yes,No,Low,1.0,Yes,Salle 7,93.0,56.6,1.0
ENSPD001383,Female,22.0,Informatique,2,82.2,28.0,73.3,70.9,49.8,1.0,1.1,11.6,No,No,High,1.0,No,Salle 6,298.0,65.6,1.0
ENSPD001384,Male,22.0,Telecom,5,98.3,2.0,39.7,20.2,65.3,3.0,0.8,3.7,Yes,No,Middle,0.0,No,Salle 14,60.0,39.5,0.0
ENSPD001385,Female,21.0,Informatique,4,78.5,22.0,63.7,55.1,81.1,0.0,2.0,9.9,Yes,No,Middle,0.0,Yes,Salle 4,230.0,64.3,1.0
ENSPD001386,Male,22.0,Chimie,1,77.4,23.0,56.6,77.3,86.2,1.0,1.1,9.8,Yes,No,Middle,2.0,Yes,Salle 22,96.0,75.2,1.0
ENSPD001387,Female,23.0,GenieCivil,4,100.0,0.0,68.8,67.2,33.3,1.0,1.0,7.0,No,Yes,Middle,0.0,Yes,Salle 13,173.0,55.8,1.0
ENSPD001388,Male,19.0,Mecanique,1,82.2,12.0,58.8,32.5,56.8,2.0,3.6,20.1,No,No,High,1.0,Yes,Salle 16,186.0,48.4,0.0
ENSPD001389,Female,21.0,Informatique,1,93.1,7.0,60.9,63.1,83.2,1.0,0.8,8.4,No,No,Middle,1.0,Yes,Salle 2,248.0,68.3,1.0
ENSPD001390,Male,21.0,Informatique,4,98.3,2.0,71.9,47.3,95.9,0.0,2.1,8.5,No,No,Low,3.0,Yes,Salle 11,230.0,72.7,1.0
ENSPD001391,Male,23.0,Electrique,4,74.2,26.0,58.5,45.7,47.7,3.0,4.1,21.2,Yes,No,Middle,1.0,Yes,Salle 29,157.0,48.3,0.0
ENSPD001392,Male,24.0,Electrique,3,97.0,3.0,66.8,34.6,91.6,1.0,1.4,14.5,Yes,No,Middle,0.0,Yes,Salle 27,188.0,61.1,1.0
ENSPD001393,Male,20.0,Informatique,2,76.0,24.0,42.2,61.6,37.0,1.0,1.4,11.5,No,No,Low,1.0,Yes,Salle 1,298.0,48.3,0.0
ENSPD001394,Male,21.0,Informatique,2,75.5,24.0,52.5,82.0,87.0,1.0,0.1,9.2,Yes,No,Middle,0.0,No,Salle 24,298.0,76.0,1.0
ENSPD001395,Male,21.0,Informatique,2,78.7,21.0,74.8,100.0,58.4,1.0,2.3,14.4,Yes,Yes,High,1.0,Yes,Salle 14,298.0,72.4,1.0
ENSPD001396,Female,20.0,Chimie,2,74.5,26.0,65.1,35.5,95.3,1.0,12.0,52.5,No,Yes,Low,4.0,Yes,Salle 24,119.0,55.3,1.0
ENSPD001397,Male,21.0,Chimie,2,91.9,8.0,83.7,75.8,54.7,1.0,3.3,18.4,Yes,No,High,1.0,No,Salle 27,119.0,69.9,1.0
ENSPD001398,Male,24.0,Informatique,3,85.2,15.0,79.6,77.0,57.8,2.0,2.0,10.8,No,No,Low,0.0,Yes,Salle 15,263.0,65.0,1.0
ENSPD001399,Female,20.0,Electrique,4,76.1,24.0,61.0,51.6,61.3,2.0,1.3,11.8,No,No,Middle,0.0,Yes,Salle 25,157.0,56.8,1.0
ENSPD001400,Female,23.0,Informatique,2,90.1,10.0,100.0,45.5,33.3,1.0,1.4,3.6,Yes,No,Low,1.0,Yes,Salle 9,298.0,53.9,1.0
ENSPD001401,Male,19.0,Telecom,1,78.7,21.0,83.6,42.5,63.5,1.0,2.4,24.2,Yes,No,Middle,1.0,No,Salle 24,121.0,47.6,0.0
ENSPD001402,Male,21.0,Telecom,4,78.1,22.0,50.8,52.5,74.2,1.0,0.4,14.7,No,Yes,High,0.0,Yes,Salle 22,121.0,58.7,1.0
ENSPD001403,Male,21.0,Electrique,4,82.6,17.0,65.1,65.6,83.8,0.0,4.4,22.3,Yes,No,Low,1.0,Yes,Salle 23,157.0,72.7,1.0
ENSPD001404,Female,25.0,Telecom,5,87.6,12.0,66.0,86.5,76.2,1.0,0.9,10.9,Yes,No,Middle,0.0,No,Salle 4,60.0,76.7,1.0
ENSPD001405,Female,21.0,Telecom,1,86.7,13.0,53.3,81.9,38.9,1.0,1.4,11.4,Yes,No,Low,1.0,Yes,Salle 24,121.0,52.7,1.0
ENSPD001406,Male,18.0,Telecom,1,77.6,22.0,49.0,32.9,73.6,2.0,0.5,9.4,Yes,Yes,Low,3.0,Yes,Salle 1,121.0,49.7,0.0
ENSPD001407,Female,18.0,Electrique,3,92.2,8.0,79.9,47.8,44.2,0.0,1.3,12.9,Yes,No,High,0.0,Yes,Salle 24,188.0,52.9,1.0
ENSPD001408,Female,22.0,Mecanique,3,79.3,21.0,56.0,85.4,72.2,0.0,2.3,17.2,No,No,Middle,2.0,Yes,Salle 13,212.0,64.9,1.0
ENSPD001409,Female,23.0,Informatique,3,74.1,26.0,63.5,48.8,86.6,0.0,0.7,10.6,No,No,Middle,1.0,Yes,Salle 18,263.0,60.7,1.0
ENSPD001410,Female,23.0,Mecanique,3,64.4,36.0,51.2,61.0,71.3,1.0,2.4,11.5,No,No,Middle,2.0,Yes,Salle 7,212.0,57.7,1.0
ENSPD001411,Male,22.0,Electrique,1,93.8,6.0,53.8,31.3,93.4,1.0,1.9,14.4,Yes,Yes,Low,0.0,No,Salle 8,143.0,63.4,1.0
ENSPD001412,Male,24.0,Informatique,3,82.1,18.0,63.1,82.8,61.0,1.0,0.9,5.6,No,No,Low,2.0,Yes,Salle 4,263.0,64.4,1.0
ENSPD001413,Male,21.0,Mecanique,3,84.5,16.0,65.1,27.6,59.7,1.0,0.8,10.3,No,Yes,Middle,0.0,No,Salle 20,212.0,56.9,1.0
ENSPD001414,Male,24.0,GenieCivil,2,94.5,6.0,26.2,32.4,65.3,2.0,4.0,11.5,No,No,High,1.0,Yes,Salle 14,177.0,43.2,0.0
ENSPD001415,Male,19.0,Mecanique,3,76.3,24.0,65.3,80.9,37.1,0.0,0.0,6.5,Yes,No,Middle,3.0,Yes,Salle 28,212.0,56.1,1.0
ENSPD001416,Female,20.0,Electrique,2,65.5,34.0,53.8,96.6,55.9,1.0,2.5,18.0,Yes,No,Middle,1.0,Yes,Salle 10,185.0,64.7,1.0
ENSPD001417,Male,18.0,Telecom,2,82.8,17.0,86.0,61.6,57.7,4.0,1.1,10.3,Yes,Yes,Middle,0.0,Yes,Salle 7,161.0,66.6,1.0
ENSPD001418,Male,21.0,Chimie,2,85.7,14.0,100.0,61.2,58.3,0.0,2.5,22.4,No,No,High,1.0,Yes,Salle 7,119.0,68.8,1.0
ENSPD001419,Male,22.0,Electrique,2,78.8,21.0,59.6,78.3,69.4,1.0,1.4,12.2,Yes,No,Low,1.0,Yes,Salle 14,185.0,69.2,1.0
ENSPD001420,Female,22.0,Electrique,1,99.7,0.0,39.2,67.2,34.4,1.0,0.2,2.1,No,Yes,Middle,0.0,Yes,Salle 11,143.0,44.1,0.0
ENSPD001421,Male,22.0,GenieCivil,3,52.2,48.0,66.8,55.3,41.1,1.0,8.0,35.1,No,No,Middle,0.0,Yes,Salle 28,185.0,53.5,1.0
ENSPD001422,Male,20.0,Informatique,4,95.4,5.0,61.9,53.3,86.6,1.0,0.2,7.5,No,No,High,1.0,Yes,Salle 25,230.0,75.4,1.0
ENSPD001423,Male,22.0,Telecom,2,91.5,8.0,94.6,33.8,63.5,2.0,0.3,11.5,Yes,No,Middle,1.0,No,Salle 19,161.0,47.7,0.0
ENSPD001424,Male,19.0,Mecanique,1,87.5,12.0,90.0,66.2,76.3,2.0,1.1,11.0,Yes,Yes,Middle,0.0,Yes,Salle 12,186.0,73.1,1.0
ENSPD001425,Other,25.0,Informatique,5,42.0,58.0,78.0,60.3,56.5,1.0,5.8,29.1,No,No,Middle,2.0,Yes,Salle 8,109.0,59.0,1.0
ENSPD001426,Female,21.0,Chimie,2,97.4,3.0,56.2,54.1,67.2,0.0,0.7,3.3,No,No,Low,2.0,Yes,Salle 20,119.0,62.3,1.0
ENSPD001427,Male,21.0,Informatique,1,69.7,30.0,75.2,44.0,63.5,0.0,1.7,19.4,Yes,No,Middle,1.0,Yes,Salle 29,248.0,74.5,1.0
ENSPD001428,Female,25.0,Mecanique,2,75.9,24.0,69.0,45.8,61.4,1.0,1.5,5.7,Yes,No,High,1.0,Yes,Salle 5,231.0,59.3,1.0
ENSPD001429,Female,20.0,Informatique,4,80.0,20.0,68.6,73.1,76.5,0.0,0.8,2.0,Yes,Yes,High,2.0,Yes,Salle 29,230.0,71.5,1.0
ENSPD001430,Female,20.0,Informatique,2,86.9,13.0,41.6,77.9,65.2,1.0,2.4,12.7,Yes,No,Middle,0.0,Yes,Salle 30,298.0,62.1,1.0
ENSPD001431,Male,20.0,Informatique,3,89.7,10.0,80.9,56.1,61.8,1.0,1.4,13.0,Yes,Yes,Middle,0.0,Yes,Salle 28,263.0,68.1,1.0
ENSPD001432,Male,22.0,Informatique,2,92.7,7.0,66.6,61.6,59.3,0.0,1.7,11.5,Yes,No,High,1.0,No,Salle 7,298.0,58.7,1.0
ENSPD001433,Male,23.0,Electrique,1,91.8,8.0,63.5,46.6,78.0,1.0,0.5,4.5,No,No,Middle,2.0,Yes,Salle 20,143.0,63.8,1.0
ENSPD001434,Female,23.0,Telecom,2,85.0,15.0,56.0,78.9,49.4,3.0,5.2,22.5,No,No,Low,0.0,No,Salle 29,161.0,60.4,1.0
ENSPD001435,Male,27.0,Mecanique,4,87.0,13.0,53.1,61.6,41.4,2.0,0.2,12.9,Yes,No,Middle,0.0,Yes,Salle 17,178.0,51.2,1.0
ENSPD001436,Male,18.0,Telecom,3,68.9,31.0,69.8,68.6,65.5,2.0,2.3,15.5,No,No,Middle,0.0,Yes,Salle 13,154.0,69.2,1.0
ENSPD001437,Male,23.0,Informatique,1,73.0,27.0,38.8,68.5,67.9,1.0,4.3,25.8,No,No,Middle,2.0,Yes,Salle 8,248.0,57.7,1.0
ENSPD001438,Female,21.0,Mecanique,1,92.7,7.0,76.8,56.5,27.5,0.0,0.2,14.0,No,No,Middle,1.0,Yes,Salle 28,186.0,47.8,0.0
ENSPD001439,Male,21.0,Informatique,3,92.0,8.0,65.1,61.6,63.8,1.0,0.1,13.5,Yes,No,Low,0.0,Yes,Salle 28,263.0,52.0,1.0
ENSPD001440,Female,21.0,Electrique,4,90.7,9.0,34.1,44.1,39.5,2.0,0.8,4.6,Yes,No,Middle,2.0,Yes,Salle 26,157.0,47.1,0.0
ENSPD001441,Female,20.0,GenieCivil,2,82.2,24.0,92.3,82.3,76.5,1.0,3.1,18.4,Yes,No,Low,1.0,Yes,Salle 1,177.0,74.2,1.0
ENSPD001442,Male,25.0,Electrique,3,92.9,7.0,52.1,48.9,27.9,1.0,2.5,18.1,No,Yes,High,1.0,Yes,Salle 11,188.0,43.3,0.0
ENSPD001443,Female,24.0,Chimie,1,68.1,32.0,54.2,54.6,100.0,1.0,3.5,19.4,No,No,Low,3.0,Yes,Salle 1,96.0,67.3,1.0
ENSPD001444,Male,22.0,GenieCivil,2,94.9,5.0,82.0,41.6,57.2,2.0,1.0,6.3,Yes,No,Low,1.0,No,Salle 13,177.0,61.7,1.0
ENSPD001445,Female,25.0,Electrique,1,78.9,21.0,92.8,40.1,46.7,0.0,10.2,35.1,Yes,No,Middle,2.0,Yes,Salle 14,143.0,61.8,1.0
ENSPD001446,Male,19.0,Energetique,4,100.0,0.0,42.0,48.2,58.3,0.0,0.9,11.5,Yes,No,Low,0.0,Yes,Salle 21,70.0,48.8,0.0
ENSPD001447,Female,19.0,Mecanique,2,63.7,36.0,50.7,92.4,75.1,2.0,3.3,25.6,Yes,No,Middle,0.0,Yes,Salle 1,231.0,65.8,1.0
ENSPD001448,Female,18.0,Mecanique,4,100.0,0.0,51.8,73.8,81.8,2.0,0.9,11.5,Yes,Yes,Middle,1.0,Yes,Salle 14,178.0,70.9,1.0
ENSPD001449,Female,21.0,Chimie,3,77.7,22.0,65.1,52.5,58.5,1.0,0.5,6.9,No,Yes,Middle,0.0,Yes,Salle 10,130.0,65.8,1.0
ENSPD001450,Female,22.0,Electrique,4,77.4,23.0,89.6,81.5,35.2,0.0,0.8,6.0,Yes,No,Middle,0.0,Yes,Salle 24,157.0,63.1,1.0
ENSPD001451,Male,22.0,Informatique,2,84.3,16.0,48.8,59.3,39.8,2.0,0.4,7.1,Yes,No,High,1.0,No,Salle 26,298.0,56.5,1.0
ENSPD001452,Female,22.0,Mecanique,1,73.6,26.0,86.2,86.4,69.7,0.0,0.3,11.5,No,No,Middle,2.0,No,Salle 3,186.0,80.2,1.0
ENSPD001453,Female,19.0,GenieCivil,5,81.1,19.0,54.4,100.0,83.7,1.0,0.9,10.8,No,No,High,3.0,Yes,Salle 21,70.0,72.9,1.0
ENSPD001454,Male,24.0,GenieCivil,4,73.1,27.0,70.0,80.5,86.3,3.0,0.3,11.5,Yes,No,Middle,2.0,Yes,Salle 20,173.0,77.6,1.0
ENSPD001455,Male,22.0,Informatique,4,73.6,26.0,45.9,63.7,67.4,0.0,1.4,17.0,No,No,Middle,1.0,No,Salle 3,230.0,62.1,1.0
ENSPD001456,Female,23.0,Telecom,1,87.8,12.0,63.2,74.6,63.5,3.0,0.1,11.5,No,No,High,0.0,No,Salle 25,121.0,70.0,1.0
ENSPD001457,Female,18.0,Chimie,2,71.2,29.0,63.3,62.3,100.0,1.0,1.1,5.1,Yes,Yes,Middle,1.0,Yes,Salle 18,119.0,76.2,1.0
ENSPD001458,Female,23.0,GenieCivil,4,72.8,27.0,60.3,29.0,87.8,0.0,6.3,32.6,Yes,No,Low,1.0,Yes,Salle 24,173.0,58.9,1.0
ENSPD001459,Male,20.0,Electrique,1,65.5,34.0,70.8,50.2,82.4,2.0,0.9,9.4,Yes,Yes,Middle,0.0,Yes,Salle 19,143.0,64.5,1.0
ENSPD001460,Female,21.0,Telecom,3,76.0,24.0,49.9,44.9,47.9,1.0,0.3,7.0,No,No,Low,1.0,Yes,Salle 6,154.0,42.0,0.0
ENSPD001461,Male,23.0,Informatique,2,97.7,2.0,51.7,49.8,83.3,1.0,0.7,3.8,No,Yes,Middle,1.0,Yes,Salle 28,298.0,66.5,1.0
ENSPD001462,Female,22.0,Mecanique,1,71.8,28.0,71.6,94.3,73.2,0.0,3.1,11.5,Yes,No,Middle,2.0,Yes,Salle 2,186.0,76.3,1.0
ENSPD001463,Male,20.0,GenieCivil,2,73.2,27.0,85.1,82.2,77.0,3.0,0.8,1.8,Yes,No,Middle,0.0,Yes,Salle 30,177.0,78.5,1.0
ENSPD001464,Female,22.0,Chimie,2,84.3,16.0,64.7,69.9,89.2,1.0,1.0,13.9,No,Yes,Low,1.0,Yes,Salle 20,119.0,73.2,1.0
ENSPD001465,Other,19.0,Informatique,1,77.6,22.0,72.6,76.6,71.2,2.0,3.1,14.0,Yes,Yes,Low,1.0,Yes,Salle 4,248.0,71.2,1.0
ENSPD001466,Male,24.0,Energetique,3,100.0,0.0,76.4,27.9,61.9,0.0,0.6,11.9,No,No,Middle,1.0,No,Salle 2,104.0,53.0,1.0
ENSPD001467,Female,22.0,GenieCivil,2,80.0,20.0,77.5,75.1,42.6,1.0,1.3,11.5,Yes,No,Low,3.0,Yes,Salle 20,177.0,62.4,1.0
ENSPD001468,Male,24.0,Mecanique,2,86.0,14.0,50.7,78.9,58.1,2.0,0.1,3.8,Yes,No,Middle,1.0,Yes,Salle 3,231.0,61.1,1.0
ENSPD001469,Female,21.0,Mecanique,4,93.3,7.0,53.3,21.7,68.3,1.0,0.4,3.6,Yes,Yes,Low,3.0,Yes,Salle 18,178.0,51.8,1.0
ENSPD001470,Female,21.0,Informatique,2,93.1,7.0,54.6,75.8,69.6,1.0,0.5,7.8,No,Yes,Middle,1.0,No,Salle 18,298.0,69.1,1.0
ENSPD001471,Male,20.0,Chimie,2,84.8,15.0,93.9,61.6,63.5,2.0,1.2,14.1,No,No,Middle,0.0,No,Salle 18,119.0,68.6,1.0
ENSPD001472,Female,24.0,Energetique,4,80.1,20.0,72.6,26.5,83.2,1.0,3.4,21.9,No,No,Low,3.0,Yes,Salle 5,70.0,64.6,1.0
ENSPD001473,Female,21.0,GenieCivil,4,100.0,0.0,71.9,85.9,81.3,2.0,0.9,10.9,No,No,High,0.0,Yes,Salle 5,173.0,79.5,1.0
ENSPD001474,Male,23.0,Energetique,1,80.8,19.0,70.5,43.9,62.8,1.0,1.0,8.3,Yes,No,Middle,0.0,No,Salle 15,83.0,56.1,1.0
ENSPD001475,Male,21.0,Telecom,2,76.7,23.0,45.2,49.1,47.1,1.0,0.7,11.1,No,No,Middle,1.0,No,Salle 8,161.0,48.2,0.0
ENSPD001476,Female,18.0,GenieCivil,3,74.2,26.0,94.1,79.8,71.7,1.0,0.8,2.0,Yes,Yes,Low,1.0,Yes,Salle 2,185.0,76.8,1.0
ENSPD001477,Female,21.0,Electrique,2,61.3,39.0,72.2,56.5,100.0,1.0,1.0,10.0,No,No,Middle,3.0,No,Salle 8,185.0,77.5,1.0
ENSPD001478,Female,20.0,GenieCivil,4,91.9,8.0,75.8,58.8,70.4,3.0,4.6,23.4,Yes,Yes,Middle,1.0,Yes,Salle 6,173.0,64.1,1.0
ENSPD001479,Female,22.0,Electrique,5,53.8,46.0,38.5,58.4,58.1,0.0,0.0,0.1,Yes,No,Low,0.0,Yes,Salle 19,80.0,46.4,0.0
ENSPD001480,Male,20.0,Informatique,5,81.9,18.0,76.7,68.3,74.7,1.0,2.0,11.6,Yes,No,Middle,1.0,Yes,Salle 28,109.0,72.6,1.0
ENSPD001481,Female,24.0,Electrique,2,79.5,20.0,59.7,57.9,75.9,2.0,4.4,29.4,Yes,No,Middle,1.0,No,Salle 11,185.0,69.3,1.0
ENSPD001482,Male,22.0,Informatique,2,100.0,0.0,45.2,64.1,75.7,0.0,1.1,11.7,No,Yes,Middle,2.0,Yes,Salle 21,298.0,61.4,1.0
ENSPD001483,Male,22.0,Telecom,5,60.0,40.0,50.7,52.9,91.5,2.0,2.1,17.2,Yes,No,Low,1.0,Yes,Salle 4,60.0,66.0,1.0
ENSPD001484,Male,23.0,Telecom,2,71.2,29.0,46.0,68.3,71.7,0.0,1.8,10.4,No,No,Low,0.0,Yes,Salle 21,161.0,60.4,1.0
ENSPD001485,Male,24.0,Mecanique,1,80.4,20.0,65.1,67.6,90.5,1.0,0.8,1.5,Yes,No,Low,0.0,No,Salle 22,186.0,68.3,1.0
ENSPD001486,Male,22.0,Mecanique,3,79.6,20.0,65.9,96.2,68.6,1.0,0.3,12.2,No,No,High,0.0,No,Salle 20,212.0,73.7,1.0
ENSPD001487,Male,20.0,GenieCivil,2,75.4,25.0,59.2,55.1,94.2,1.0,0.5,11.5,No,No,Low,1.0,No,Salle 26,177.0,72.5,1.0
ENSPD001488,Female,18.0,Electrique,2,81.0,19.0,70.0,58.7,88.1,3.0,0.1,4.1,Yes,No,Middle,1.0,Yes,Salle 10,185.0,71.1,1.0
ENSPD001489,Male,21.0,Mecanique,4,66.9,33.0,90.1,66.3,82.4,1.0,2.9,11.2,Yes,No,High,2.0,No,Salle 8,178.0,76.3,1.0
ENSPD001490,Male,21.0,Electrique,1,86.3,14.0,63.1,79.4,79.8,1.0,1.5,16.6,No,No,Middle,1.0,No,Salle 18,143.0,76.9,1.0
ENSPD001491,Male,22.0,Mecanique,1,54.1,46.0,31.3,42.4,100.0,1.0,1.4,18.7,No,Yes,Middle,0.0,Yes,Salle 26,186.0,60.2,1.0
ENSPD001492,Male,21.0,Informatique,2,81.7,18.0,61.4,63.9,85.5,1.0,0.7,7.3,Yes,No,Middle,0.0,Yes,Salle 25,298.0,72.4,1.0
ENSPD001493,Male,23.0,Informatique,3,74.8,25.0,82.9,16.9,47.0,1.0,3.3,20.7,Yes,No,Middle,0.0,Yes,Salle 18,263.0,48.1,0.0
ENSPD001494,Male,21.0,Informatique,1,94.2,6.0,63.7,57.1,68.9,5.0,0.7,6.3,Yes,No,High,0.0,Yes,Salle 27,248.0,61.4,1.0
ENSPD001495,Female,22.0,Chimie,3,82.2,0.0,87.9,81.3,58.7,1.0,0.3,3.8,Yes,Yes,Low,0.0,Yes,Salle 26,130.0,72.7,1.0
ENSPD001496,Female,24.0,Energetique,3,78.0,22.0,71.8,48.9,100.0,0.0,1.5,6.3,Yes,No,Middle,1.0,Yes,Salle 13,104.0,78.6,1.0
ENSPD001497,Female,23.0,GenieCivil,4,98.7,1.0,37.4,65.2,89.0,1.0,5.8,23.0,Yes,No,Middle,1.0,Yes,Salle 2,173.0,65.8,1.0
ENSPD001498,Male,22.0,GenieCivil,2,78.2,22.0,66.6,52.5,100.0,1.0,1.1,13.7,Yes,No,Middle,1.0,Yes,Salle 10,177.0,69.7,1.0
ENSPD001499,Male,21.0,Informatique,4,70.4,30.0,69.5,46.5,48.8,5.0,1.4,11.5,Yes,No,Middle,1.0,No,Salle 17,230.0,53.5,1.0
ENSPD001500,Female,21.0,Electrique,2,100.0,0.0,81.2,79.5,86.0,2.0,1.2,3.0,No,Yes,Low,1.0,Yes,Salle 17,185.0,83.6,1.0
ENSPD001501,Male,20.0,Informatique,3,88.2,12.0,92.3,43.2,36.7,5.0,1.2,9.6,Yes,No,Low,0.0,No,Salle 13,263.0,50.0,1.0
ENSPD001502,Male,21.0,Electrique,2,82.1,18.0,78.6,61.6,32.2,1.0,0.5,7.4,Yes,No,Middle,3.0,No,Salle 8,185.0,51.6,1.0
ENSPD001503,Male,24.0,Energetique,1,90.2,10.0,71.6,67.6,56.1,1.0,1.1,6.8,Yes,No,Middle,1.0,Yes,Salle 14,83.0,61.7,1.0
ENSPD001504,Male,22.0,Informatique,4,82.2,15.0,75.1,46.7,94.2,1.0,1.4,7.3,Yes,Yes,Low,1.0,Yes,Salle 27,230.0,69.1,1.0
ENSPD001505,Male,19.0,Chimie,1,81.2,19.0,62.5,64.8,44.1,2.0,2.7,16.2,Yes,No,High,0.0,No,Salle 3,96.0,52.0,1.0
ENSPD001506,Male,26.0,Informatique,1,66.1,34.0,65.1,45.2,63.7,1.0,0.3,3.4,Yes,No,Low,0.0,Yes,Salle 12,248.0,45.8,0.0
ENSPD001507,Female,23.0,Mecanique,2,78.8,21.0,65.6,71.4,87.8,1.0,1.7,11.9,No,No,Low,0.0,Yes,Salle 1,231.0,80.8,1.0
ENSPD001508,Male,19.0,Informatique,3,89.5,10.0,70.5,38.3,80.9,3.0,2.2,9.5,Yes,No,Middle,2.0,Yes,Salle 15,263.0,68.2,1.0
ENSPD001509,Female,21.0,Mecanique,2,80.5,20.0,46.9,55.9,100.0,0.0,1.4,6.7,Yes,No,Middle,1.0,Yes,Salle 13,231.0,68.3,1.0
ENSPD001510,Female,22.0,Informatique,1,92.8,7.0,84.9,57.5,64.1,1.0,1.6,10.3,Yes,No,High,2.0,No,Salle 2,248.0,66.8,1.0
ENSPD001511,Female,25.0,Mecanique,1,86.6,13.0,80.1,82.0,55.2,1.0,2.5,13.7,Yes,No,Low,1.0,Yes,Salle 27,186.0,70.6,1.0
ENSPD001512,Female,20.0,GenieCivil,3,71.5,28.0,44.4,64.5,42.1,2.0,1.3,14.8,Yes,No,Middle,3.0,Yes,Salle 4,185.0,47.1,0.0
ENSPD001513,Female,24.0,Mecanique,2,66.2,34.0,85.5,61.6,56.6,0.0,0.8,6.0,Yes,No,Middle,0.0,Yes,Salle 20,231.0,70.3,1.0
ENSPD001514,Male,25.0,Electrique,2,80.1,20.0,60.4,72.0,41.9,1.0,3.5,22.8,Yes,No,Middle,2.0,Yes,Salle 7,185.0,53.7,1.0
ENSPD001515,Male,21.0,Telecom,1,75.7,24.0,53.3,71.9,28.1,1.0,9.0,29.1,Yes,No,Middle,2.0,Yes,Salle 10,121.0,48.5,0.0
ENSPD001516,Male,21.0,GenieCivil,2,86.0,14.0,81.2,56.0,100.0,1.0,0.5,7.0,Yes,No,Middle,1.0,Yes,Salle 28,177.0,79.1,1.0
ENSPD001517,Female,20.0,Informatique,4,73.4,27.0,64.2,80.4,65.0,1.0,4.4,14.2,No,Yes,High,0.0,Yes,Salle 23,230.0,63.0,1.0
ENSPD001518,Female,22.0,Mecanique,4,74.6,25.0,93.5,55.6,100.0,1.0,1.4,16.3,Yes,No,High,0.0,Yes,Salle 25,178.0,83.6,1.0
ENSPD001519,Male,22.0,Telecom,4,94.6,5.0,52.2,30.9,47.2,2.0,1.2,17.9,Yes,Yes,High,2.0,Yes,Salle 13,121.0,44.0,0.0
ENSPD001520,Female,23.0,Electrique,1,83.8,16.0,39.0,58.1,55.4,0.0,4.5,22.9,Yes,No,Middle,1.0,Yes,Salle 25,143.0,50.4,1.0
ENSPD001521,Male,24.0,GenieCivil,5,73.6,26.0,60.8,70.2,48.5,0.0,4.8,31.1,Yes,No,Middle,1.0,Yes,Salle 21,70.0,57.2,1.0
ENSPD001522,Female,21.0,Informatique,2,82.2,18.0,76.8,33.1,51.2,0.0,1.4,4.2,No,No,Low,2.0,No,Salle 14,298.0,48.4,0.0
ENSPD001523,Male,18.0,GenieCivil,5,98.5,2.0,51.1,46.1,81.5,3.0,0.9,12.5,Yes,No,Low,1.0,No,Salle 8,70.0,66.3,1.0
ENSPD001524,Male,22.0,Mecanique,2,85.5,14.0,45.0,39.8,75.3,1.0,3.8,23.6,Yes,Yes,Middle,0.0,Yes,Salle 8,231.0,59.0,1.0
ENSPD001525,Male,23.0,Energetique,3,89.1,11.0,68.4,76.2,81.5,1.0,1.3,9.6,Yes,No,Middle,0.0,Yes,Salle 18,104.0,72.9,1.0
ENSPD001526,Male,22.0,Telecom,2,73.0,27.0,43.0,92.1,90.8,0.0,0.7,7.8,Yes,No,Low,1.0,Yes,Salle 16,161.0,75.4,1.0
ENSPD001527,Male,21.0,Informatique,2,94.3,6.0,69.6,58.2,86.1,1.0,6.5,32.3,Yes,No,Middle,0.0,Yes,Salle 17,298.0,73.4,1.0
ENSPD001528,Male,22.0,GenieCivil,4,100.0,0.0,59.9,71.6,43.8,0.0,1.4,7.8,No,No,Middle,0.0,No,Salle 7,173.0,54.6,1.0
ENSPD001529,Female,25.0,Mecanique,4,72.5,28.0,72.4,71.1,53.5,0.0,1.9,14.0,No,No,Low,1.0,Yes,Salle 10,178.0,65.7,1.0
ENSPD001530,Male,23.0,GenieCivil,5,67.8,32.0,44.2,90.0,66.4,0.0,1.1,18.0,Yes,No,Middle,2.0,Yes,Salle 27,70.0,69.2,1.0
ENSPD001531,Male,21.0,Telecom,3,84.1,16.0,84.5,50.3,100.0,1.0,1.2,17.8,Yes,No,Middle,1.0,Yes,Salle 12,154.0,76.8,1.0
ENSPD001532,Female,21.0,GenieCivil,2,92.5,8.0,62.3,58.0,79.4,0.0,0.2,9.2,No,No,High,0.0,No,Salle 22,177.0,67.2,1.0
ENSPD001533,Female,22.0,Mecanique,1,80.9,19.0,76.5,55.9,66.1,0.0,0.6,15.7,Yes,No,Middle,3.0,No,Salle 5,186.0,63.8,1.0
ENSPD001534,Male,25.0,Informatique,5,69.4,31.0,79.4,63.4,77.5,0.0,0.4,2.2,No,Yes,Low,0.0,Yes,Salle 20,109.0,74.1,1.0
ENSPD001535,Male,22.0,Chimie,3,80.7,19.0,47.6,100.0,51.9,1.0,2.8,11.5,Yes,No,Low,1.0,No,Salle 10,130.0,67.4,1.0
ENSPD001536,Male,22.0,Electrique,3,89.2,11.0,78.2,62.6,69.2,1.0,2.4,18.0,Yes,No,Low,0.0,Yes,Salle 28,188.0,64.6,1.0
ENSPD001537,Male,21.0,GenieCivil,2,77.1,23.0,43.6,46.6,83.1,1.0,3.2,16.2,Yes,No,Low,1.0,No,Salle 5,177.0,52.7,1.0
ENSPD001538,Female,24.0,Informatique,3,89.3,11.0,44.4,41.2,63.4,1.0,2.4,11.5,Yes,Yes,Middle,3.0,Yes,Salle 2,263.0,50.2,1.0
ENSPD001539,Male,26.0,Mecanique,5,96.0,4.0,94.5,84.5,48.9,4.0,0.3,12.7,Yes,No,Middle,0.0,Yes,Salle 5,67.0,74.3,1.0
ENSPD001540,Male,23.0,Energetique,1,84.9,15.0,65.1,46.5,62.4,2.0,7.7,37.9,Yes,No,Middle,1.0,Yes,Salle 27,83.0,60.9,1.0
ENSPD001541,Female,22.0,GenieCivil,2,81.7,18.0,96.1,73.9,57.6,0.0,0.4,3.8,Yes,No,Middle,1.0,No,Salle 7,177.0,72.5,1.0
ENSPD001542,Male,22.0,GenieCivil,1,92.0,8.0,59.4,49.8,36.9,1.0,0.9,2.5,No,Yes,Middle,1.0,No,Salle 16,149.0,47.6,0.0
ENSPD001543,Male,17.0,GenieCivil,4,71.7,28.0,66.5,39.2,52.6,1.0,2.5,10.9,Yes,No,Middle,0.0,Yes,Salle 15,173.0,49.5,0.0
ENSPD001544,Male,23.0,Chimie,1,70.5,30.0,72.9,72.9,36.1,1.0,0.3,12.8,Yes,Yes,Middle,1.0,Yes,Salle 29,96.0,56.9,1.0
ENSPD001545,Female,22.0,Mecanique,1,78.8,21.0,64.8,61.6,39.3,3.0,0.4,5.5,No,Yes,Low,2.0,Yes,Salle 26,186.0,48.8,0.0
ENSPD001546,Male,23.0,Informatique,2,76.1,24.0,53.8,69.7,41.2,1.0,4.2,26.4,Yes,No,Middle,2.0,No,Salle 1,298.0,52.1,1.0
ENSPD001547,Female,21.0,Electrique,3,72.4,28.0,51.6,71.0,83.1,0.0,0.8,9.7,No,Yes,Low,0.0,Yes,Salle 18,188.0,66.9,1.0
ENSPD001548,Male,21.0,Electrique,2,100.0,0.0,68.2,71.8,93.8,1.0,2.2,5.7,No,Yes,Middle,3.0,Yes,Salle 19,185.0,83.7,1.0
ENSPD001549,Male,21.0,Chimie,1,100.0,0.0,49.0,57.2,33.3,1.0,3.9,19.6,Yes,No,Middle,0.0,Yes,Salle 25,96.0,46.4,0.0
ENSPD001550,Male,24.0,Telecom,5,77.8,22.0,48.6,74.4,95.6,0.0,7.2,30.0,Yes,No,Middle,1.0,Yes,Salle 24,60.0,71.5,1.0
ENSPD001551,Female,21.0,Mecanique,5,83.1,17.0,70.9,45.4,41.5,1.0,0.5,10.3,Yes,Yes,Low,0.0,No,Salle 1,67.0,51.6,1.0
ENSPD001552,Female,26.0,Informatique,2,79.7,20.0,63.6,17.8,78.9,2.0,0.3,9.8,Yes,No,Low,1.0,Yes,Salle 9,298.0,54.2,1.0
ENSPD001553,Female,23.0,Energetique,4,95.3,5.0,79.1,74.7,69.2,1.0,2.7,15.1,No,No,Low,0.0,Yes,Salle 10,70.0,75.1,1.0
ENSPD001554,Female,19.0,GenieCivil,3,97.7,2.0,58.6,65.0,76.7,1.0,0.4,12.8,No,No,High,1.0,Yes,Salle 10,185.0,69.7,1.0
ENSPD001555,Male,22.0,Electrique,2,60.7,39.0,56.3,51.0,63.5,0.0,1.7,16.1,No,Yes,Low,0.0,Yes,Salle 15,185.0,47.9,0.0
ENSPD001556,Male,21.0,Electrique,2,87.7,12.0,71.4,35.5,27.8,0.0,1.5,9.3,Yes,Yes,Middle,0.0,No,Salle 7,185.0,46.9,0.0
ENSPD001557,Female,18.0,GenieCivil,3,66.3,34.0,52.8,25.3,63.5,0.0,1.6,13.6,No,No,Middle,1.0,No,Salle 25,185.0,41.2,0.0
ENSPD001558,Male,25.0,Informatique,2,100.0,0.0,55.1,62.9,72.5,0.0,2.1,10.2,No,No,Low,0.0,Yes,Salle 21,298.0,66.9,1.0
ENSPD001559,Female,23.0,Chimie,2,87.3,13.0,55.7,91.7,100.0,0.0,3.8,18.9,No,No,Middle,0.0,Yes,Salle 21,119.0,82.6,1.0
ENSPD001560,Female,23.0,Chimie,4,72.1,28.0,61.9,59.5,43.4,1.0,0.6,9.8,Yes,No,Middle,3.0,No,Salle 1,93.0,52.0,1.0
ENSPD001561,Male,22.0,Electrique,3,79.1,21.0,91.6,55.5,62.0,1.0,1.6,11.6,Yes,No,Middle,1.0,Yes,Salle 7,188.0,67.2,1.0
ENSPD001562,Male,19.0,GenieCivil,3,78.5,22.0,44.3,61.6,49.0,3.0,0.8,2.5,Yes,Yes,Middle,0.0,Yes,Salle 24,185.0,49.0,1.0
ENSPD001563,Female,21.0,Informatique,1,88.3,12.0,84.4,100.0,63.7,0.0,0.8,9.9,Yes,No,High,1.0,Yes,Salle 29,248.0,79.0,1.0
ENSPD001564,Male,24.0,Informatique,3,94.5,6.0,76.1,75.5,25.4,2.0,0.0,3.7,Yes,No,Middle,1.0,No,Salle 1,263.0,53.7,1.0
ENSPD001565,Female,20.0,Mecanique,2,68.2,32.0,88.5,45.2,94.0,0.0,1.8,9.0,No,No,Middle,1.0,Yes,Salle 26,231.0,77.0,1.0
ENSPD001566,Male,17.0,Mecanique,3,100.0,0.0,100.0,62.5,64.5,1.0,7.2,29.4,No,No,Middle,1.0,Yes,Salle 30,212.0,74.2,1.0
ENSPD001567,Female,22.0,Energetique,4,100.0,0.0,86.5,68.0,82.3,1.0,2.9,15.8,No,No,Middle,3.0,Yes,Salle 5,70.0,81.2,1.0
ENSPD001568,Male,22.0,Chimie,4,71.5,28.0,78.9,43.0,59.4,2.0,0.6,8.4,Yes,No,Low,0.0,Yes,Salle 23,93.0,58.0,1.0
ENSPD001569,Female,22.0,Electrique,2,82.9,17.0,45.3,75.7,67.8,1.0,2.5,11.5,Yes,No,Middle,2.0,Yes,Salle 19,185.0,59.4,1.0
ENSPD001570,Male,23.0,GenieCivil,3,100.0,0.0,47.2,47.3,86.6,1.0,0.7,9.0,Yes,No,Middle,0.0,No,Salle 18,185.0,60.1,1.0
ENSPD001571,Female,23.0,Informatique,5,96.8,3.0,70.4,34.8,66.6,2.0,2.8,15.2,Yes,No,Middle,0.0,No,Salle 14,109.0,62.0,1.0
ENSPD001572,Male,23.0,Energetique,3,78.0,22.0,39.5,63.4,67.4,0.0,3.9,23.0,Yes,No,Middle,0.0,Yes,Salle 1,104.0,53.5,1.0
ENSPD001573,Female,24.0,Mecanique,1,91.8,8.0,74.2,60.5,48.1,1.0,0.8,7.6,Yes,No,Middle,1.0,No,Salle 11,186.0,55.8,1.0
ENSPD001574,Female,19.0,Informatique,3,100.0,0.0,33.0,62.0,53.3,1.0,0.0,0.0,Yes,No,Middle,1.0,Yes,Salle 30,263.0,51.7,1.0
ENSPD001575,Male,23.0,GenieCivil,1,83.3,17.0,82.3,48.2,43.7,2.0,0.7,3.0,Yes,No,Middle,1.0,Yes,Salle 11,149.0,50.1,1.0
ENSPD001576,Male,23.0,Telecom,4,74.4,26.0,60.2,50.7,49.2,1.0,0.5,4.9,Yes,No,Middle,2.0,Yes,Salle 26,121.0,47.6,0.0
ENSPD001577,Male,20.0,Telecom,3,84.1,16.0,66.9,82.3,89.0,3.0,1.9,17.6,Yes,No,Middle,1.0,Yes,Salle 3,154.0,76.4,1.0
ENSPD001578,Female,19.0,Informatique,2,85.0,15.0,53.8,69.9,100.0,3.0,0.7,4.0,No,No,Middle,0.0,No,Salle 30,298.0,79.3,1.0
ENSPD001579,Female,21.0,Telecom,1,75.7,24.0,36.5,44.8,39.1,2.0,0.1,7.0,Yes,No,Middle,1.0,Yes,Salle 24,121.0,39.5,0.0
ENSPD001580,Male,21.0,Mecanique,2,87.3,13.0,83.5,26.9,71.9,1.0,1.5,12.6,Yes,No,Middle,0.0,No,Salle 29,231.0,65.5,1.0
ENSPD001581,Male,24.0,Informatique,4,82.2,33.0,85.0,45.5,57.6,2.0,4.2,16.9,Yes,No,Middle,1.0,No,Salle 3,230.0,61.2,1.0
ENSPD001582,Male,21.0,Telecom,1,74.0,26.0,59.7,64.8,91.9,1.0,1.2,8.7,No,No,Middle,3.0,Yes,Salle 19,121.0,71.9,1.0
ENSPD001583,Female,20.0,Telecom,3,91.1,9.0,74.9,50.6,66.7,1.0,0.9,9.2,No,No,Low,2.0,Yes,Salle 4,154.0,66.3,1.0
ENSPD001584,Male,21.0,Electrique,5,60.9,39.0,59.1,49.2,63.9,0.0,0.4,5.5,No,Yes,Middle,0.0,Yes,Salle 3,80.0,58.2,1.0
ENSPD001585,Other,24.0,Electrique,2,92.8,7.0,69.3,51.4,49.1,2.0,1.0,11.3,Yes,No,Middle,1.0,No,Salle 3,185.0,62.6,1.0
ENSPD001586,Male,22.0,Telecom,2,57.9,42.0,76.4,60.7,33.4,0.0,0.8,10.3,No,No,Middle,1.0,Yes,Salle 13,161.0,46.9,0.0
ENSPD001587,Female,22.0,Chimie,3,61.2,39.0,73.3,76.1,79.2,3.0,10.6,48.2,No,No,Low,0.0,Yes,Salle 11,130.0,68.6,1.0
ENSPD001588,Male,22.0,Telecom,2,76.0,24.0,85.1,62.0,71.1,2.0,0.1,9.1,Yes,No,High,3.0,Yes,Salle 19,161.0,68.8,1.0
ENSPD001589,Male,25.0,Electrique,1,85.4,15.0,72.8,63.1,71.5,1.0,0.5,7.0,Yes,No,Low,0.0,Yes,Salle 14,143.0,72.9,1.0
ENSPD001590,Female,21.0,Energetique,1,97.9,2.0,65.4,61.6,52.0,2.0,0.1,5.9,Yes,No,Low,2.0,No,Salle 18,83.0,58.5,1.0
ENSPD001591,Female,25.0,Energetique,3,82.7,17.0,53.6,53.0,61.1,1.0,3.9,21.7,No,No,Middle,0.0,Yes,Salle 20,104.0,53.5,1.0
ENSPD001592,Other,22.0,Informatique,5,79.0,21.0,57.8,78.1,79.8,4.0,1.1,5.0,Yes,Yes,Middle,1.0,Yes,Salle 19,109.0,73.6,1.0
ENSPD001593,Male,22.0,Telecom,1,89.0,11.0,77.2,75.4,83.6,2.0,3.2,20.1,Yes,No,High,1.0,Yes,Salle 25,121.0,75.8,1.0
ENSPD001594,Male,27.0,GenieCivil,1,71.5,28.0,42.5,98.8,40.4,5.0,2.4,12.1,No,No,Middle,1.0,Yes,Salle 20,149.0,61.9,1.0
ENSPD001595,Female,20.0,Mecanique,2,83.7,16.0,81.6,73.0,51.3,2.0,5.3,25.3,Yes,No,Middle,1.0,Yes,Salle 21,231.0,66.8,1.0
ENSPD001596,Male,21.0,Electrique,4,67.6,32.0,60.8,53.0,36.2,1.0,0.0,7.2,Yes,No,Low,2.0,Yes,Salle 11,157.0,49.4,0.0
ENSPD001597,Male,20.0,Informatique,2,83.0,17.0,52.7,45.7,68.0,1.0,0.5,8.8,No,No,High,1.0,No,Salle 16,298.0,55.6,1.0
ENSPD001598,Male,24.0,GenieCivil,4,80.4,20.0,48.5,79.2,81.7,0.0,2.4,8.9,No,No,Middle,0.0,No,Salle 22,173.0,67.4,1.0
ENSPD001599,Male,25.0,Telecom,1,72.3,28.0,75.1,47.3,58.4,0.0,1.8,11.5,No,No,Low,0.0,Yes,Salle 26,121.0,59.2,1.0
ENSPD001600,Female,25.0,Informatique,5,84.0,16.0,64.8,76.6,63.5,1.0,2.4,10.6,Yes,No,Middle,3.0,Yes,Salle 10,109.0,62.0,1.0
ENSPD001601,Male,24.0,GenieCivil,3,83.9,16.0,88.8,48.3,57.3,1.0,1.7,12.6,No,No,Low,2.0,Yes,Salle 21,185.0,62.9,1.0
ENSPD001602,Male,22.0,Energetique,3,96.1,4.0,46.1,68.3,100.0,1.0,1.7,17.0,No,No,Middle,1.0,No,Salle 7,104.0,72.2,1.0
ENSPD001603,Male,21.0,GenieCivil,2,62.7,37.0,56.3,42.9,87.8,1.0,5.4,24.7,No,No,Low,1.0,No,Salle 5,177.0,68.0,1.0
ENSPD001604,Male,19.0,Mecanique,4,81.1,19.0,63.6,76.0,78.6,1.0,5.1,21.6,Yes,No,Middle,1.0,Yes,Salle 1,178.0,71.3,1.0
ENSPD001605,Male,26.0,GenieCivil,1,72.9,27.0,53.7,39.8,70.4,0.0,0.1,1.7,Yes,No,Middle,1.0,Yes,Salle 30,149.0,52.4,1.0
ENSPD001606,Male,23.0,GenieCivil,1,92.4,8.0,65.1,66.9,63.7,1.0,1.1,11.1,Yes,No,Middle,1.0,No,Salle 29,149.0,65.5,1.0
ENSPD001607,Male,21.0,Electrique,2,91.0,9.0,69.8,58.4,45.9,0.0,1.4,14.9,Yes,Yes,Middle,2.0,Yes,Salle 8,185.0,60.1,1.0
ENSPD001608,Female,25.0,Chimie,4,88.1,12.0,72.3,63.8,42.8,1.0,0.9,12.7,No,No,Middle,0.0,Yes,Salle 24,93.0,65.2,1.0
ENSPD001609,Male,20.0,GenieCivil,4,73.6,26.0,87.6,54.9,52.6,0.0,0.1,2.7,Yes,No,Middle,1.0,No,Salle 13,173.0,53.5,1.0
ENSPD001610,Male,23.0,Telecom,3,92.6,7.0,45.4,54.5,44.9,1.0,1.3,4.1,Yes,No,Middle,1.0,Yes,Salle 20,154.0,48.8,0.0
ENSPD001611,Female,22.0,GenieCivil,3,63.6,36.0,70.1,64.8,51.8,0.0,7.4,34.9,Yes,No,Low,0.0,Yes,Salle 27,185.0,62.0,1.0
ENSPD001612,Female,23.0,Mecanique,1,61.2,39.0,55.3,44.0,62.0,2.0,0.1,11.5,Yes,No,Middle,1.0,No,Salle 6,186.0,46.2,0.0
ENSPD001613,Male,22.0,Electrique,4,66.7,33.0,71.5,43.9,63.5,1.0,3.4,20.3,Yes,No,Middle,2.0,Yes,Salle 17,157.0,57.7,1.0
ENSPD001614,Male,19.0,Chimie,4,81.6,18.0,71.5,55.5,51.6,1.0,1.4,1.2,Yes,Yes,Middle,1.0,Yes,Salle 15,93.0,59.4,1.0
ENSPD001615,Male,22.0,Electrique,3,90.1,10.0,50.2,54.8,73.9,2.0,1.7,11.5,Yes,No,Low,1.0,Yes,Salle 25,188.0,61.3,1.0
ENSPD001616,Female,24.0,Informatique,2,46.3,54.0,51.5,43.9,60.2,0.0,1.0,5.0,Yes,No,Middle,1.0,No,Salle 15,298.0,46.1,0.0
ENSPD001617,Other,22.0,Informatique,5,97.9,2.0,72.7,78.6,63.5,1.0,0.9,9.9,Yes,No,Middle,3.0,Yes,Salle 6,109.0,75.4,1.0
ENSPD001618,Female,24.0,Mecanique,4,83.6,16.0,65.4,56.0,49.1,1.0,4.1,21.2,Yes,No,Low,3.0,Yes,Salle 7,178.0,49.4,0.0
ENSPD001619,Male,20.0,Mecanique,3,63.2,37.0,61.7,57.9,63.5,3.0,7.3,33.1,Yes,No,Low,1.0,Yes,Salle 1,212.0,59.6,1.0
ENSPD001620,Female,22.0,Electrique,2,83.2,17.0,74.9,38.1,53.3,2.0,1.0,6.5,No,Yes,Low,1.0,Yes,Salle 11,185.0,54.6,1.0
ENSPD001621,Male,21.0,Informatique,3,95.1,5.0,76.0,99.3,96.2,1.0,1.4,14.7,Yes,Yes,Low,3.0,No,Salle 13,263.0,90.9,1.0
ENSPD001622,Male,23.0,Chimie,3,89.2,11.0,57.1,100.0,59.5,0.0,1.6,16.2,Yes,No,Low,2.0,Yes,Salle 13,130.0,73.7,1.0
ENSPD001623,Male,22.0,Mecanique,2,95.2,5.0,52.2,61.6,62.1,0.0,0.2,12.3,Yes,No,High,2.0,Yes,Salle 20,231.0,50.7,1.0
ENSPD001624,Female,23.0,Mecanique,2,65.6,34.0,46.1,84.1,75.9,1.0,0.1,7.1,Yes,No,Middle,1.0,Yes,Salle 16,231.0,64.4,1.0
ENSPD001625,Male,24.0,GenieCivil,2,77.0,23.0,65.5,60.3,80.2,0.0,3.0,22.1,Yes,No,Middle,1.0,Yes,Salle 23,177.0,67.0,1.0
ENSPD001626,Female,23.0,Informatique,3,70.9,29.0,43.7,90.9,82.4,3.0,1.0,5.0,No,Yes,High,1.0,Yes,Salle 4,263.0,70.9,1.0
ENSPD001627,Male,23.0,Telecom,2,100.0,0.0,66.5,68.1,99.5,1.0,0.7,6.5,Yes,No,High,1.0,No,Salle 16,161.0,80.4,1.0
ENSPD001628,Male,20.0,Informatique,2,89.7,10.0,83.3,63.8,77.2,1.0,8.5,35.2,Yes,Yes,Middle,2.0,Yes,Salle 17,298.0,76.0,1.0
ENSPD001629,Male,22.0,GenieCivil,4,100.0,0.0,59.7,61.6,62.7,1.0,0.2,3.8,No,No,Middle,1.0,Yes,Salle 30,173.0,38.0,0.0
ENSPD001630,Male,21.0,Telecom,3,76.4,24.0,57.0,46.2,53.4,2.0,0.6,3.3,Yes,No,Middle,2.0,Yes,Salle 16,154.0,51.5,1.0
ENSPD001631,Female,21.0,Electrique,1,73.3,27.0,95.0,62.4,61.3,0.0,3.9,11.5,No,No,Middle,1.0,Yes,Salle 3,143.0,69.3,1.0
ENSPD001632,Male,21.0,Mecanique,2,80.3,20.0,87.6,65.6,93.7,2.0,1.1,7.9,Yes,Yes,High,1.0,No,Salle 21,231.0,81.5,1.0
ENSPD001633,Female,20.0,GenieCivil,4,98.5,2.0,53.5,40.1,36.3,2.0,1.8,11.6,Yes,No,Low,1.0,Yes,Salle 3,173.0,43.3,0.0
ENSPD001634,Female,18.0,Electrique,4,77.6,22.0,67.1,48.9,47.6,0.0,0.1,11.5,No,Yes,Middle,0.0,Yes,Salle 6,157.0,58.1,1.0
ENSPD001635,Female,21.0,Energetique,2,83.5,16.0,69.9,72.0,59.6,1.0,5.1,17.4,Yes,No,Middle,0.0,Yes,Salle 24,71.0,61.1,1.0
ENSPD001636,Male,22.0,Telecom,5,83.2,17.0,68.1,37.1,47.4,1.0,0.3,13.0,Yes,No,Middle,1.0,No,Salle 7,60.0,51.5,1.0
ENSPD001637,Male,19.0,Mecanique,1,82.5,18.0,92.2,64.4,55.8,1.0,0.5,6.0,No,No,Low,2.0,Yes,Salle 7,186.0,64.0,1.0
ENSPD001638,Male,22.0,Energetique,5,74.2,26.0,66.3,84.3,100.0,1.0,0.3,15.4,No,No,Middle,0.0,Yes,Salle 13,40.0,81.9,1.0
ENSPD001639,Other,26.0,Informatique,2,80.4,20.0,68.6,68.9,58.0,2.0,1.4,11.5,Yes,No,Low,2.0,Yes,Salle 3,298.0,63.7,1.0
ENSPD001640,Female,24.0,Informatique,1,79.8,20.0,75.3,68.0,72.2,0.0,3.4,13.6,Yes,No,Middle,1.0,Yes,Salle 16,248.0,67.6,1.0
ENSPD001641,Male,25.0,Telecom,2,81.9,18.0,82.8,25.6,30.8,0.0,1.4,11.5,Yes,Yes,High,1.0,No,Salle 11,161.0,42.1,0.0
ENSPD001642,Female,23.0,Informatique,2,93.3,7.0,79.1,47.2,42.0,0.0,0.3,6.5,Yes,No,Low,0.0,Yes,Salle 25,298.0,49.4,0.0
ENSPD001643,Male,24.0,Informatique,3,100.0,0.0,73.1,99.0,82.7,0.0,1.1,10.0,No,Yes,High,1.0,Yes,Salle 20,263.0,80.2,1.0
ENSPD001644,Female,21.0,Mecanique,4,71.9,28.0,41.6,51.2,97.4,1.0,8.0,36.7,No,Yes,Middle,1.0,No,Salle 8,178.0,61.4,0.0
ENSPD001645,Male,21.0,GenieCivil,4,77.3,23.0,57.7,84.8,68.4,3.0,0.0,0.0,No,Yes,Middle,1.0,Yes,Salle 26,173.0,69.2,1.0
ENSPD001646,Female,17.0,Chimie,2,72.1,28.0,77.3,51.0,57.9,2.0,1.4,4.5,No,No,High,1.0,Yes,Salle 19,119.0,58.3,1.0
ENSPD001647,Male,24.0,Electrique,2,84.2,16.0,68.8,57.0,73.9,1.0,2.2,18.5,Yes,No,Middle,1.0,Yes,Salle 14,185.0,66.3,1.0
ENSPD001648,Female,25.0,Mecanique,1,75.5,24.0,77.4,71.3,12.1,1.0,3.3,11.5,Yes,No,High,1.0,No,Salle 10,186.0,47.1,0.0
ENSPD001649,Female,21.0,GenieCivil,1,84.9,15.0,93.3,63.8,68.6,2.0,2.7,14.7,Yes,No,Middle,3.0,No,Salle 1,149.0,75.3,1.0
ENSPD001650,Female,21.0,Telecom,3,95.2,5.0,65.1,68.9,43.1,1.0,1.4,0.0,Yes,No,Middle,3.0,Yes,Salle 19,154.0,51.8,1.0
ENSPD001651,Male,20.0,Telecom,1,51.7,48.0,82.1,47.3,79.9,2.0,1.2,14.6,Yes,No,Middle,1.0,No,Salle 25,121.0,62.2,1.0
ENSPD001652,Male,23.0,Mecanique,4,87.9,12.0,60.0,41.5,20.2,0.0,0.2,2.4,Yes,Yes,Low,1.0,Yes,Salle 2,178.0,37.8,0.0
ENSPD001653,Male,24.0,Energetique,3,76.5,24.0,79.0,46.1,51.4,2.0,1.9,11.5,Yes,No,Middle,2.0,Yes,Salle 29,104.0,55.6,1.0
ENSPD001654,Male,19.0,Electrique,1,87.5,12.0,64.4,52.4,63.2,1.0,0.2,3.7,No,No,Low,1.0,Yes,Salle 19,143.0,54.7,1.0
ENSPD001655,Male,23.0,Informatique,3,71.2,29.0,96.9,57.9,48.8,1.0,0.1,3.4,No,No,Low,0.0,Yes,Salle 25,263.0,65.3,1.0
ENSPD001656,Female,21.0,Informatique,1,96.4,4.0,67.0,80.7,56.5,1.0,0.7,4.3,Yes,No,Middle,2.0,Yes,Salle 22,248.0,68.6,1.0
ENSPD001657,Male,22.0,Informatique,2,93.0,7.0,55.4,63.6,82.1,0.0,5.6,33.0,Yes,No,Middle,1.0,No,Salle 26,298.0,70.1,1.0
ENSPD001658,Male,23.0,Chimie,4,88.8,11.0,71.3,70.7,63.5,0.0,2.5,16.8,No,Yes,Middle,1.0,Yes,Salle 27,93.0,67.5,1.0
ENSPD001659,Male,22.0,Informatique,2,91.5,8.0,69.9,64.5,45.4,1.0,0.0,6.3,Yes,No,Middle,0.0,No,Salle 7,298.0,57.1,1.0
ENSPD001660,Male,22.0,GenieCivil,1,73.1,27.0,82.1,41.9,63.5,3.0,0.7,8.0,Yes,No,Middle,3.0,Yes,Salle 10,149.0,67.7,1.0
ENSPD001661,Female,22.0,Informatique,4,74.6,25.0,71.7,62.3,69.0,1.0,0.0,6.5,No,No,Low,0.0,No,Salle 6,230.0,66.8,1.0
ENSPD001662,Male,24.0,Telecom,1,91.0,9.0,100.0,64.4,69.8,2.0,0.7,3.1,No,No,High,0.0,Yes,Salle 15,121.0,76.3,1.0
ENSPD001663,Female,23.0,Mecanique,4,72.8,27.0,63.3,75.7,46.1,1.0,2.3,16.3,Yes,No,Middle,1.0,No,Salle 21,178.0,61.6,1.0
ENSPD001664,Male,22.0,Telecom,3,99.3,1.0,63.5,42.8,13.0,1.0,1.4,21.4,No,Yes,Low,1.0,Yes,Salle 27,154.0,40.3,0.0
ENSPD001665,Other,19.0,Energetique,2,78.1,22.0,55.9,25.3,45.9,1.0,3.3,19.1,No,Yes,Low,1.0,No,Salle 17,71.0,40.4,0.0
ENSPD001666,Female,21.0,Informatique,4,88.0,12.0,65.1,61.6,43.8,0.0,4.8,27.7,No,Yes,Middle,0.0,No,Salle 1,230.0,53.4,1.0
ENSPD001667,Male,24.0,GenieCivil,3,100.0,0.0,68.5,68.4,51.7,4.0,0.9,11.5,Yes,No,Middle,2.0,No,Salle 23,185.0,62.5,1.0
ENSPD001668,Female,22.0,Informatique,1,73.5,26.0,69.2,58.8,47.2,1.0,4.0,22.6,Yes,No,High,0.0,No,Salle 7,248.0,58.5,1.0
ENSPD001669,Male,23.0,Telecom,2,82.8,17.0,66.0,62.5,66.3,1.0,2.6,13.9,No,No,Low,1.0,No,Salle 9,161.0,65.4,1.0
ENSPD001670,Female,26.0,GenieCivil,4,94.7,5.0,55.9,77.8,81.6,1.0,1.5,4.4,No,No,High,1.0,Yes,Salle 9,173.0,71.7,1.0
ENSPD001671,Male,24.0,Informatique,1,93.4,7.0,51.8,53.7,85.5,0.0,6.2,11.5,Yes,No,Middle,0.0,Yes,Salle 19,248.0,61.9,1.0
ENSPD001672,Female,22.0,Informatique,3,78.1,22.0,59.4,57.0,80.7,2.0,5.9,11.5,Yes,No,Middle,0.0,Yes,Salle 29,263.0,57.9,1.0
ENSPD001673,Female,21.0,Mecanique,4,75.8,24.0,82.1,63.4,46.0,0.0,4.6,18.1,No,No,High,2.0,Yes,Salle 21,178.0,57.9,1.0
ENSPD001674,Female,17.0,Energetique,3,79.2,21.0,85.4,40.0,65.2,1.0,0.5,13.5,Yes,No,Middle,2.0,Yes,Salle 17,104.0,62.7,1.0
ENSPD001675,Female,22.0,Electrique,4,99.4,1.0,65.1,59.3,95.3,1.0,0.5,4.8,Yes,Yes,Middle,0.0,No,Salle 7,177.0,73.9,1.0
ENSPD001676,Male,21.0,Telecom,4,78.7,21.0,50.9,60.9,32.3,3.0,4.6,25.7,Yes,Yes,Low,1.0,No,Salle 14,121.0,40.3,0.0
ENSPD001677,Male,23.0,Mecanique,3,82.9,17.0,63.8,91.5,91.0,0.0,1.0,15.1,No,No,Low,2.0,No,Salle 7,212.0,80.8,1.0
ENSPD001678,Male,22.0,Informatique,4,76.9,23.0,96.4,56.6,44.1,3.0,3.2,25.1,Yes,Yes,Middle,0.0,Yes,Salle 25,230.0,66.8,1.0
ENSPD001679,Male,21.0,Energetique,3,90.5,10.0,80.0,65.6,69.9,2.0,2.3,20.6,Yes,No,Low,3.0,Yes,Salle 25,104.0,68.4,1.0
ENSPD001680,Female,18.0,Informatique,2,83.9,16.0,73.3,78.5,72.3,2.0,1.4,11.5,No,No,Middle,1.0,No,Salle 17,298.0,69.7,1.0
ENSPD001681,Male,20.0,Energetique,3,70.0,30.0,79.4,46.9,67.8,2.0,0.1,10.0,Yes,No,Middle,1.0,No,Salle 11,104.0,64.3,1.0
ENSPD001682,Female,23.0,Mecanique,4,70.4,30.0,88.1,86.8,100.0,1.0,1.1,7.0,Yes,No,Middle,3.0,Yes,Salle 21,178.0,90.2,1.0
ENSPD001683,Female,25.0,Informatique,4,58.0,42.0,47.7,93.7,58.0,0.0,3.9,16.8,Yes,No,Middle,1.0,Yes,Salle 20,230.0,57.5,1.0
ENSPD001684,Female,22.0,Electrique,2,72.0,28.0,59.1,61.5,31.2,0.0,1.3,7.9,Yes,No,Middle,1.0,No,Salle 4,185.0,45.8,0.0
ENSPD001685,Male,23.0,Energetique,2,82.2,8.0,57.1,52.3,71.1,0.0,2.3,19.3,No,Yes,Low,3.0,No,Salle 29,71.0,54.8,1.0
ENSPD001686,Female,24.0,Energetique,5,97.9,2.0,73.8,91.3,60.6,2.0,1.4,14.3,No,No,Middle,3.0,No,Salle 6,40.0,77.8,1.0
ENSPD001687,Female,20.0,Informatique,3,90.2,10.0,67.4,76.3,75.1,1.0,0.3,11.5,Yes,No,Middle,0.0,Yes,Salle 6,263.0,75.3,1.0
ENSPD001688,Male,23.0,Informatique,1,88.7,11.0,65.1,63.5,81.6,1.0,0.3,12.6,No,No,Low,1.0,Yes,Salle 9,248.0,74.7,1.0
ENSPD001689,Female,21.0,Electrique,3,80.5,20.0,57.4,87.7,63.3,0.0,2.6,14.9,Yes,No,Low,2.0,No,Salle 12,188.0,69.6,1.0
ENSPD001690,Female,24.0,Electrique,5,91.3,9.0,85.6,85.8,72.7,1.0,0.1,8.0,Yes,No,Low,1.0,Yes,Salle 3,80.0,79.6,1.0
ENSPD001691,Male,22.0,Chimie,4,85.4,15.0,64.0,55.9,66.9,0.0,0.8,4.4,Yes,No,Middle,0.0,Yes,Salle 9,93.0,60.4,1.0
ENSPD001692,Male,23.0,Informatique,4,100.0,0.0,75.4,66.5,99.8,1.0,5.0,23.4,Yes,Yes,Middle,1.0,Yes,Salle 29,230.0,75.7,1.0
ENSPD001693,Male,20.0,Energetique,1,80.8,19.0,82.9,72.4,56.6,1.0,1.7,11.0,Yes,No,Low,1.0,Yes,Salle 13,83.0,72.3,1.0
ENSPD001694,Male,23.0,Electrique,4,98.1,2.0,81.7,62.5,50.3,0.0,1.4,21.9,Yes,No,Middle,1.0,Yes,Salle 26,157.0,64.8,1.0
ENSPD001695,Male,26.0,Telecom,3,92.5,8.0,70.4,37.0,81.6,0.0,1.4,7.5,Yes,No,Middle,1.0,No,Salle 27,154.0,68.2,1.0
ENSPD001696,Male,20.0,GenieCivil,4,90.8,9.0,77.3,45.1,45.4,0.0,2.0,9.4,Yes,No,Middle,1.0,Yes,Salle 26,173.0,54.5,1.0
ENSPD001697,Male,21.0,GenieCivil,2,57.9,42.0,91.1,37.6,63.5,5.0,0.7,7.5,No,No,Middle,0.0,Yes,Salle 10,177.0,60.0,1.0
ENSPD001698,Male,22.0,Energetique,1,93.2,7.0,72.7,70.9,60.6,1.0,0.2,11.5,Yes,No,Middle,1.0,Yes,Salle 22,83.0,70.6,1.0
ENSPD001699,Female,24.0,Electrique,3,80.5,20.0,54.1,40.7,62.0,2.0,9.4,35.9,No,No,Middle,1.0,Yes,Salle 26,188.0,47.5,0.0
ENSPD001700,Male,21.0,Telecom,2,76.7,23.0,73.7,65.5,100.0,1.0,0.4,6.1,Yes,No,Middle,1.0,Yes,Salle 10,161.0,82.1,1.0
ENSPD001701,Female,17.0,Energetique,4,64.2,36.0,64.4,95.0,88.7,0.0,0.4,4.7,Yes,No,High,2.0,Yes,Salle 30,70.0,81.6,1.0
ENSPD001702,Male,25.0,Electrique,5,81.9,18.0,29.8,87.7,84.4,2.0,3.7,17.5,Yes,No,Middle,1.0,Yes,Salle 23,80.0,71.0,1.0
ENSPD001703,Male,24.0,GenieCivil,3,82.4,18.0,65.1,28.9,74.6,1.0,3.2,25.6,Yes,No,Low,0.0,Yes,Salle 6,185.0,60.2,1.0
ENSPD001704,Male,19.0,Informatique,4,66.4,34.0,66.7,39.0,50.2,1.0,7.6,41.2,Yes,No,High,1.0,Yes,Salle 24,230.0,46.5,0.0
ENSPD001705,Male,21.0,Informatique,2,64.3,36.0,82.3,48.0,69.2,2.0,0.1,3.4,Yes,No,Middle,0.0,Yes,Salle 6,298.0,59.1,1.0
ENSPD001706,Male,25.0,Informatique,4,87.8,12.0,53.7,41.0,75.7,5.0,0.2,0.4,Yes,Yes,Middle,1.0,Yes,Salle 26,230.0,61.2,1.0
ENSPD001707,Female,25.0,Informatique,4,92.5,8.0,42.4,32.2,68.0,1.0,1.2,15.9,Yes,No,Middle,1.0,No,Salle 15,230.0,48.5,0.0
ENSPD001708,Male,24.0,Mecanique,4,84.3,16.0,67.5,61.8,65.9,0.0,1.8,13.8,Yes,No,Low,1.0,Yes,Salle 15,178.0,64.2,1.0
ENSPD001709,Female,22.0,Mecanique,3,82.2,4.0,70.7,61.6,56.1,1.0,0.1,0.8,Yes,No,Middle,0.0,No,Salle 3,212.0,66.1,1.0
ENSPD001710,Female,22.0,Mecanique,3,81.0,19.0,66.4,79.2,69.5,1.0,0.3,2.6,No,No,Middle,1.0,No,Salle 2,212.0,71.2,1.0
ENSPD001711,Male,22.0,GenieCivil,3,81.3,19.0,65.3,53.5,53.5,1.0,2.4,15.0,No,No,High,0.0,No,Salle 15,185.0,48.8,0.0
ENSPD001712,Male,24.0,Informatique,2,71.0,29.0,49.0,57.1,78.1,5.0,2.2,20.8,Yes,No,Low,0.0,Yes,Salle 19,298.0,61.2,1.0
ENSPD001713,Female,20.0,Informatique,4,63.3,37.0,62.9,68.4,23.7,1.0,0.2,4.3,No,No,Middle,1.0,No,Salle 30,230.0,44.1,0.0
ENSPD001714,Male,20.0,Electrique,5,100.0,0.0,59.8,60.0,91.2,1.0,5.4,28.4,Yes,No,Middle,2.0,No,Salle 2,80.0,71.5,1.0
ENSPD001715,Male,24.0,GenieCivil,2,95.6,4.0,81.1,76.6,37.8,1.0,0.6,11.5,Yes,No,High,1.0,No,Salle 20,177.0,60.3,1.0
ENSPD001716,Other,22.0,GenieCivil,3,65.3,35.0,70.7,69.7,42.7,0.0,4.4,24.5,Yes,No,Low,1.0,Yes,Salle 30,185.0,53.7,1.0
ENSPD001717,Male,25.0,Electrique,4,83.9,16.0,60.8,55.2,72.2,1.0,5.1,18.9,Yes,No,Middle,1.0,No,Salle 21,157.0,55.5,1.0
ENSPD001718,Female,21.0,Telecom,3,80.8,19.0,90.9,28.6,74.8,3.0,1.3,12.8,Yes,No,Middle,1.0,Yes,Salle 3,154.0,62.1,1.0
ENSPD001719,Other,22.0,GenieCivil,3,78.7,21.0,61.0,89.0,100.0,1.0,1.1,10.4,Yes,Yes,Middle,1.0,Yes,Salle 1,185.0,83.5,1.0
ENSPD001720,Male,20.0,Electrique,4,77.1,23.0,73.4,49.7,69.9,1.0,0.7,4.5,No,No,Middle,0.0,Yes,Salle 26,157.0,65.2,1.0
ENSPD001721,Male,22.0,Energetique,2,86.6,13.0,62.5,68.4,63.2,1.0,3.3,4.8,No,No,Middle,1.0,No,Salle 2,71.0,64.0,1.0
ENSPD001722,Male,19.0,Telecom,1,91.8,8.0,89.5,27.5,67.8,1.0,0.4,13.1,No,No,Middle,1.0,No,Salle 8,121.0,56.6,1.0
ENSPD001723,Male,21.0,GenieCivil,4,86.8,13.0,66.3,61.8,95.8,1.0,1.9,5.6,Yes,No,Middle,1.0,Yes,Salle 23,173.0,76.2,1.0
ENSPD001724,Male,19.0,Electrique,3,80.6,19.0,66.7,63.8,100.0,1.0,1.7,16.8,Yes,Yes,Low,0.0,Yes,Salle 16,188.0,79.2,1.0
ENSPD001725,Female,23.0,Informatique,4,80.1,20.0,62.9,64.7,60.3,1.0,0.6,4.1,Yes,No,Low,1.0,No,Salle 23,230.0,57.3,1.0
ENSPD001726,Male,23.0,Electrique,1,93.2,7.0,67.9,100.0,74.9,0.0,8.2,39.3,Yes,No,Middle,2.0,Yes,Salle 2,143.0,73.7,1.0
ENSPD001727,Male,19.0,Energetique,1,87.6,12.0,83.0,50.6,62.5,1.0,3.7,22.3,Yes,No,Middle,4.0,No,Salle 19,83.0,64.8,1.0
ENSPD001728,Other,25.0,GenieCivil,5,82.2,17.0,65.1,76.8,62.1,0.0,0.0,11.6,Yes,Yes,Low,1.0,No,Salle 28,70.0,71.1,1.0
ENSPD001729,Female,27.0,Telecom,1,81.6,18.0,65.4,71.4,100.0,0.0,1.1,11.5,Yes,No,Middle,2.0,Yes,Salle 1,121.0,84.9,1.0
ENSPD001730,Female,22.0,GenieCivil,4,86.1,14.0,65.1,49.8,45.5,1.0,0.9,11.5,Yes,No,Low,2.0,No,Salle 7,173.0,59.4,1.0
ENSPD001731,Male,21.0,Energetique,4,76.4,24.0,78.1,76.5,17.3,3.0,4.3,18.3,Yes,No,Middle,1.0,No,Salle 27,70.0,53.4,1.0
ENSPD001732,Female,28.0,Electrique,3,91.9,8.0,58.4,59.0,70.3,2.0,0.6,3.2,Yes,No,Low,3.0,Yes,Salle 22,188.0,68.0,1.0
ENSPD001733,Male,19.0,Informatique,1,69.1,31.0,44.3,77.8,88.0,1.0,12.9,57.0,Yes,No,Low,2.0,No,Salle 1,248.0,64.1,1.0
ENSPD001734,Male,22.0,Electrique,3,77.1,23.0,58.8,97.3,68.4,2.0,0.4,10.0,Yes,No,Middle,0.0,Yes,Salle 5,188.0,75.5,1.0
ENSPD001735,Male,22.0,Mecanique,4,89.3,11.0,71.2,64.7,74.0,1.0,0.6,17.3,No,No,High,1.0,Yes,Salle 18,178.0,65.3,1.0
ENSPD001736,Female,25.0,Informatique,2,68.4,32.0,74.0,56.9,79.0,1.0,2.2,12.9,Yes,No,Low,3.0,No,Salle 6,298.0,63.8,1.0
ENSPD001737,Male,23.0,Telecom,2,63.1,37.0,85.4,80.9,66.2,0.0,0.4,6.3,No,No,Low,1.0,No,Salle 3,161.0,70.0,1.0
ENSPD001738,Male,21.0,Mecanique,2,82.8,17.0,48.6,87.1,75.1,2.0,4.4,11.5,No,No,High,0.0,Yes,Salle 18,231.0,61.1,1.0
ENSPD001739,Male,20.0,Chimie,1,61.6,38.0,58.4,46.1,74.8,1.0,0.2,6.5,Yes,Yes,Middle,1.0,No,Salle 3,96.0,58.5,1.0
ENSPD001740,Male,21.0,Mecanique,4,66.4,34.0,47.3,53.8,24.8,2.0,8.2,38.8,No,Yes,Middle,1.0,Yes,Salle 16,178.0,34.6,0.0
ENSPD001741,Female,20.0,Informatique,4,91.1,9.0,44.9,74.2,63.5,1.0,4.2,17.2,Yes,No,High,4.0,Yes,Salle 15,230.0,66.2,1.0
ENSPD001742,Female,22.0,Energetique,5,79.5,20.0,55.6,59.6,32.5,1.0,3.7,8.8,No,No,Middle,0.0,Yes,Salle 26,40.0,49.5,0.0
ENSPD001743,Female,21.0,Mecanique,3,97.4,3.0,70.5,44.8,63.2,3.0,1.0,7.9,Yes,No,Middle,3.0,Yes,Salle 2,212.0,60.8,1.0
ENSPD001744,Male,19.0,Electrique,4,67.5,32.0,76.6,71.7,54.1,1.0,1.4,18.4,Yes,No,Middle,1.0,Yes,Salle 3,157.0,63.9,1.0
ENSPD001745,Male,25.0,Electrique,1,80.9,19.0,50.8,74.1,84.7,0.0,1.2,11.5,No,No,Middle,0.0,Yes,Salle 5,143.0,73.5,1.0
ENSPD001746,Male,21.0,Electrique,3,86.8,13.0,52.9,61.6,68.9,0.0,8.8,39.7,Yes,No,High,0.0,No,Salle 8,188.0,57.8,1.0
ENSPD001747,Male,19.0,Telecom,3,82.2,32.0,38.3,63.1,73.5,1.0,0.1,5.3,Yes,No,High,2.0,No,Salle 26,154.0,55.5,1.0
ENSPD001748,Male,22.0,Electrique,4,94.4,6.0,68.2,51.6,60.2,2.0,1.0,6.2,Yes,No,Middle,0.0,Yes,Salle 11,157.0,54.0,1.0
ENSPD001749,Female,22.0,GenieCivil,4,88.1,12.0,54.0,42.3,85.0,1.0,6.9,32.2,Yes,No,Low,2.0,No,Salle 14,173.0,62.3,1.0
ENSPD001750,Male,19.0,Telecom,5,62.7,37.0,89.9,53.1,32.1,0.0,0.9,8.8,Yes,No,High,0.0,Yes,Salle 5,60.0,57.4,1.0
ENSPD001751,Male,22.0,Informatique,4,81.5,18.0,71.1,63.3,46.1,1.0,1.0,11.5,No,No,Low,1.0,No,Salle 28,230.0,52.9,1.0
ENSPD001752,Male,20.0,GenieCivil,4,86.6,13.0,62.4,35.4,89.7,0.0,2.0,13.4,Yes,No,Middle,1.0,Yes,Salle 22,173.0,68.1,1.0
ENSPD001753,Male,25.0,Energetique,1,74.9,25.0,55.4,54.4,55.3,3.0,4.8,24.6,Yes,No,Low,0.0,Yes,Salle 18,83.0,52.0,1.0
ENSPD001754,Male,23.0,Electrique,4,64.2,36.0,42.6,63.6,21.1,1.0,0.7,11.5,Yes,No,Low,1.0,Yes,Salle 18,157.0,40.9,0.0
ENSPD001755,Female,21.0,Telecom,3,85.3,15.0,44.5,83.5,93.1,5.0,5.9,33.1,Yes,No,Middle,0.0,Yes,Salle 17,154.0,66.1,1.0
ENSPD001756,Female,21.0,Electrique,2,100.0,0.0,55.7,56.4,85.5,2.0,0.7,11.5,No,Yes,Low,0.0,Yes,Salle 9,185.0,64.3,1.0
ENSPD001757,Female,22.0,Telecom,1,77.4,23.0,54.5,39.6,78.2,1.0,3.4,11.8,Yes,No,Low,4.0,No,Salle 24,121.0,59.2,1.0
ENSPD001758,Male,23.0,Energetique,3,100.0,0.0,50.0,58.2,65.9,1.0,1.4,5.2,Yes,No,Low,0.0,Yes,Salle 30,104.0,60.4,1.0
ENSPD001759,Male,22.0,Mecanique,2,73.0,27.0,70.7,51.8,97.2,2.0,0.2,0.0,Yes,No,Middle,5.0,Yes,Salle 15,231.0,72.0,1.0
ENSPD001760,Male,22.0,Informatique,2,84.6,15.0,72.7,71.9,89.2,1.0,1.4,20.2,Yes,No,Middle,1.0,No,Salle 18,298.0,78.0,1.0
ENSPD001761,Male,22.0,GenieCivil,3,91.3,9.0,58.1,55.9,95.0,1.0,1.2,14.8,Yes,No,Middle,0.0,Yes,Salle 16,185.0,70.5,1.0
ENSPD001762,Female,21.0,Electrique,5,81.9,18.0,94.0,13.2,77.9,1.0,1.4,9.4,Yes,No,Middle,1.0,Yes,Salle 18,80.0,63.1,1.0
ENSPD001763,Male,21.0,Mecanique,4,78.4,22.0,38.8,100.0,66.5,1.0,1.1,9.9,Yes,No,Middle,1.0,Yes,Salle 27,178.0,70.2,1.0
ENSPD001764,Male,18.0,Informatique,2,90.7,9.0,65.9,64.6,56.0,2.0,1.9,10.3,No,No,Low,1.0,Yes,Salle 1,298.0,60.1,1.0
ENSPD001765,Male,24.0,Mecanique,2,100.0,0.0,61.7,63.6,38.6,1.0,0.6,8.2,Yes,No,Middle,1.0,Yes,Salle 27,231.0,53.3,1.0
ENSPD001766,Male,23.0,Energetique,2,85.6,14.0,56.7,34.3,74.0,1.0,0.5,6.7,Yes,No,Middle,2.0,Yes,Salle 11,71.0,56.1,1.0
ENSPD001767,Female,20.0,Electrique,2,75.8,24.0,54.5,35.6,75.7,0.0,1.3,14.5,Yes,No,Low,2.0,Yes,Salle 7,185.0,51.0,1.0
ENSPD001768,Male,26.0,GenieCivil,1,79.7,20.0,64.9,61.6,57.0,2.0,0.1,13.6,Yes,No,Middle,1.0,Yes,Salle 10,149.0,57.2,1.0
ENSPD001769,Male,22.0,Informatique,5,100.0,0.0,61.6,68.1,76.3,2.0,2.1,19.6,Yes,No,Low,1.0,No,Salle 9,109.0,64.7,1.0
ENSPD001770,Male,20.0,Mecanique,3,83.6,16.0,59.1,74.6,57.4,0.0,3.5,28.1,Yes,No,Low,1.0,Yes,Salle 21,212.0,62.3,1.0
ENSPD001771,Male,24.0,Informatique,1,74.9,25.0,45.5,66.3,81.3,1.0,2.6,18.0,Yes,No,Middle,2.0,Yes,Salle 7,248.0,61.2,1.0
ENSPD001772,Female,23.0,Informatique,2,68.3,32.0,40.7,40.7,46.4,4.0,1.3,11.5,No,No,Low,0.0,Yes,Salle 17,298.0,42.6,0.0
ENSPD001773,Female,23.0,Telecom,3,60.1,40.0,60.7,16.9,42.9,1.0,1.7,11.7,Yes,No,Low,2.0,Yes,Salle 3,154.0,43.2,0.0
ENSPD001774,Female,21.0,Energetique,3,86.4,14.0,65.1,60.2,63.5,0.0,0.1,6.9,Yes,No,Low,2.0,Yes,Salle 3,104.0,61.5,1.0
ENSPD001775,Female,23.0,Informatique,1,89.9,10.0,62.0,52.4,80.6,2.0,4.9,26.0,Yes,No,Low,1.0,No,Salle 10,248.0,65.8,1.0
ENSPD001776,Male,21.0,Informatique,5,77.2,23.0,63.4,61.6,40.8,1.0,1.6,16.7,Yes,Yes,Low,1.0,Yes,Salle 20,109.0,46.8,0.0
ENSPD001777,Female,23.0,Mecanique,2,81.8,18.0,57.2,76.9,85.0,0.0,0.8,7.5,No,Yes,Middle,0.0,No,Salle 1,231.0,64.9,1.0
ENSPD001778,Male,18.0,GenieCivil,1,68.0,32.0,61.8,33.6,31.1,2.0,0.7,3.6,Yes,No,Low,1.0,Yes,Salle 15,149.0,38.1,0.0
ENSPD001779,Male,21.0,Informatique,1,83.6,16.0,52.2,73.1,59.1,3.0,1.4,13.7,Yes,No,High,3.0,No,Salle 21,248.0,60.7,1.0
ENSPD001780,Female,25.0,Mecanique,3,87.8,12.0,87.9,36.6,35.7,3.0,1.8,11.5,No,Yes,High,2.0,Yes,Salle 9,212.0,49.0,0.0
ENSPD001781,Male,20.0,Informatique,1,75.6,24.0,53.0,64.4,11.8,0.0,0.4,5.7,Yes,No,Middle,2.0,Yes,Salle 9,248.0,36.0,0.0
ENSPD001782,Female,21.0,Chimie,1,100.0,0.0,59.4,61.6,71.3,1.0,1.1,2.5,No,No,Low,0.0,Yes,Salle 27,96.0,66.7,1.0
ENSPD001783,Male,21.0,Chimie,2,72.0,28.0,54.1,55.9,60.4,0.0,2.3,14.3,Yes,No,High,1.0,Yes,Salle 22,119.0,53.8,1.0
ENSPD001784,Female,20.0,Electrique,3,85.4,15.0,53.9,92.4,36.1,2.0,0.7,4.3,No,No,Middle,1.0,Yes,Salle 7,188.0,57.7,1.0
ENSPD001785,Female,18.0,Mecanique,1,92.2,8.0,65.4,96.5,53.7,0.0,1.4,13.6,Yes,No,Low,1.0,Yes,Salle 10,186.0,69.9,1.0
ENSPD001786,Female,22.0,Telecom,2,81.1,19.0,63.5,66.3,72.8,0.0,0.6,5.9,No,Yes,Middle,0.0,Yes,Salle 13,161.0,65.4,1.0
ENSPD001787,Female,22.0,Energetique,2,82.2,20.0,58.1,71.7,56.6,5.0,0.1,0.0,Yes,No,Middle,4.0,Yes,Salle 26,71.0,57.9,1.0
ENSPD001788,Female,22.0,Informatique,1,64.9,35.0,60.7,81.1,60.0,1.0,1.0,7.4,No,No,Middle,2.0,Yes,Salle 8,248.0,64.1,1.0
ENSPD001789,Male,22.0,Mecanique,3,98.3,2.0,54.2,71.8,56.0,0.0,2.6,15.1,Yes,No,Middle,1.0,Yes,Salle 17,212.0,54.8,1.0
ENSPD001790,Male,22.0,GenieCivil,1,80.0,20.0,71.0,69.9,52.4,0.0,0.5,8.3,No,Yes,Low,0.0,Yes,Salle 1,149.0,59.2,1.0
ENSPD001791,Male,24.0,Informatique,1,88.4,12.0,95.8,52.6,52.1,0.0,2.8,18.3,Yes,No,Low,2.0,No,Salle 14,248.0,63.6,1.0
ENSPD001792,Female,22.0,GenieCivil,3,90.1,10.0,51.9,31.6,51.5,0.0,2.2,10.6,No,No,Middle,1.0,Yes,Salle 15,185.0,41.3,0.0
ENSPD001793,Male,21.0,Electrique,2,74.5,26.0,70.9,37.0,48.9,5.0,1.4,7.6,Yes,No,Middle,1.0,Yes,Salle 14,185.0,50.9,1.0
ENSPD001794,Female,21.0,GenieCivil,1,79.6,20.0,65.7,100.0,43.7,2.0,7.1,33.3,Yes,Yes,Low,0.0,Yes,Salle 8,149.0,66.2,1.0
ENSPD001795,Male,23.0,Mecanique,2,98.0,2.0,75.0,67.8,56.4,4.0,4.3,23.4,No,No,Middle,1.0,No,Salle 13,231.0,69.5,0.0
ENSPD001796,Male,25.0,GenieCivil,5,68.6,31.0,75.5,57.6,51.2,1.0,1.7,13.7,Yes,No,Low,1.0,Yes,Salle 5,70.0,63.7,1.0
ENSPD001797,Female,21.0,Energetique,4,100.0,0.0,68.1,84.7,42.6,2.0,1.6,15.2,No,No,High,0.0,Yes,Salle 28,70.0,63.0,1.0
ENSPD001798,Male,22.0,Informatique,4,73.1,27.0,65.1,48.5,79.3,0.0,1.4,1.1,No,No,Middle,0.0,No,Salle 4,230.0,63.0,1.0
ENSPD001799,Male,23.0,Electrique,4,67.8,32.0,58.5,72.5,88.7,1.0,5.1,29.3,Yes,Yes,Middle,1.0,Yes,Salle 16,157.0,69.6,1.0
ENSPD001800,Male,20.0,Informatique,5,83.6,16.0,53.5,63.4,64.0,1.0,4.5,26.3,Yes,No,High,0.0,Yes,Salle 29,109.0,60.9,1.0
ENSPD001801,Female,22.0,Informatique,4,100.0,0.0,63.5,70.3,65.3,0.0,2.7,19.2,Yes,No,High,2.0,No,Salle 10,230.0,71.2,1.0
ENSPD001802,Female,19.0,Electrique,3,59.1,41.0,45.7,55.9,50.1,1.0,0.3,5.3,Yes,Yes,Low,0.0,Yes,Salle 12,188.0,46.8,0.0
ENSPD001803,Male,18.0,Informatique,2,80.3,20.0,56.1,44.6,85.3,1.0,2.4,15.6,Yes,No,High,1.0,No,Salle 11,298.0,59.9,1.0
ENSPD001804,Male,23.0,Informatique,1,87.7,12.0,81.6,47.2,98.8,2.0,0.6,9.4,Yes,No,Low,0.0,Yes,Salle 23,248.0,78.1,1.0
ENSPD001805,Male,21.0,Informatique,3,82.4,18.0,66.5,47.9,60.7,3.0,0.4,5.9,Yes,No,Middle,0.0,No,Salle 11,263.0,59.1,1.0
ENSPD001806,Female,22.0,Electrique,5,86.6,13.0,78.4,61.9,53.6,2.0,2.8,20.0,No,No,Middle,0.0,No,Salle 14,80.0,64.7,1.0
ENSPD001807,Female,22.0,Electrique,2,73.4,27.0,87.0,34.0,70.8,1.0,6.4,25.9,Yes,No,Middle,1.0,Yes,Salle 3,185.0,65.0,1.0
ENSPD001808,Male,20.0,Informatique,4,74.8,25.0,62.3,39.5,66.6,1.0,0.2,8.7,No,No,Middle,0.0,Yes,Salle 25,230.0,54.5,1.0
ENSPD001809,Male,22.0,Electrique,3,80.2,20.0,68.1,64.4,54.0,1.0,0.4,11.5,Yes,No,Middle,1.0,Yes,Salle 7,188.0,58.9,1.0
ENSPD001810,Male,20.0,Informatique,2,68.4,32.0,60.5,59.7,73.4,2.0,0.5,13.1,Yes,No,High,0.0,Yes,Salle 28,298.0,72.8,1.0
ENSPD001811,Female,25.0,Electrique,2,81.5,18.0,52.8,65.4,82.8,1.0,6.6,39.2,Yes,Yes,Middle,0.0,Yes,Salle 14,185.0,61.2,1.0
ENSPD001812,Female,19.0,GenieCivil,3,77.3,23.0,50.7,61.2,48.3,0.0,2.4,13.8,Yes,No,Middle,1.0,No,Salle 14,185.0,54.7,1.0
ENSPD001813,Male,22.0,Electrique,2,76.4,24.0,77.6,100.0,100.0,2.0,2.3,20.4,No,No,Middle,1.0,Yes,Salle 1,185.0,89.1,1.0
ENSPD001814,Male,20.0,Energetique,4,85.8,14.0,68.1,64.3,33.3,1.0,1.4,11.8,Yes,No,Middle,2.0,No,Salle 18,70.0,48.4,0.0
ENSPD001815,Male,23.0,Energetique,4,60.2,40.0,92.7,55.2,47.0,1.0,1.5,11.5,Yes,Yes,Middle,0.0,Yes,Salle 29,70.0,58.5,1.0
ENSPD001816,Female,21.0,Informatique,4,79.3,21.0,79.6,63.8,68.7,0.0,1.4,9.4,Yes,No,High,1.0,Yes,Salle 21,230.0,63.6,1.0
ENSPD001817,Male,21.0,Telecom,2,100.0,0.0,54.0,80.4,100.0,0.0,0.3,0.8,No,No,Middle,1.0,Yes,Salle 2,161.0,79.8,1.0
ENSPD001818,Female,24.0,Informatique,4,69.0,31.0,77.6,61.6,52.7,1.0,3.0,21.5,Yes,No,Middle,1.0,No,Salle 12,230.0,59.5,1.0
ENSPD001819,Female,22.0,Energetique,2,97.4,3.0,60.4,74.3,42.7,0.0,1.3,4.6,No,No,Low,0.0,Yes,Salle 14,71.0,57.2,1.0
ENSPD001820,Male,23.0,Mecanique,2,82.7,17.0,83.3,69.1,75.0,0.0,0.6,9.4,Yes,No,Middle,2.0,Yes,Salle 18,231.0,74.3,1.0
ENSPD001821,Male,20.0,Mecanique,4,74.8,25.0,57.7,56.8,63.5,1.0,2.0,3.0,Yes,No,High,0.0,Yes,Salle 22,178.0,55.3,1.0
ENSPD001822,Male,19.0,Informatique,2,66.2,34.0,49.2,64.0,77.3,0.0,0.5,6.1,Yes,No,Middle,1.0,Yes,Salle 13,298.0,61.9,1.0
ENSPD001823,Female,22.0,Informatique,1,83.7,16.0,53.1,90.8,62.6,0.0,1.3,10.2,No,Yes,High,1.0,Yes,Salle 13,248.0,68.2,1.0
ENSPD001824,Female,21.0,Chimie,2,99.4,1.0,53.8,66.4,46.9,1.0,0.4,9.2,No,No,Middle,0.0,Yes,Salle 6,119.0,61.9,1.0
ENSPD001825,Female,23.0,Energetique,4,77.3,23.0,52.4,44.3,100.0,4.0,2.9,22.4,Yes,No,Middle,0.0,No,Salle 26,70.0,70.7,1.0
ENSPD001826,Male,22.0,Electrique,2,81.0,19.0,56.4,56.2,4.9,1.0,0.8,7.9,No,No,Middle,0.0,No,Salle 25,185.0,33.5,0.0
ENSPD001827,Male,22.0,Chimie,3,94.1,6.0,77.9,23.9,100.0,1.0,1.2,4.8,Yes,No,Low,1.0,No,Salle 22,130.0,74.3,1.0
ENSPD001828,Female,19.0,Chimie,3,86.1,14.0,91.9,64.5,82.7,0.0,2.8,14.4,Yes,No,High,1.0,Yes,Salle 2,130.0,76.8,1.0
ENSPD001829,Female,26.0,Mecanique,4,63.1,37.0,45.0,85.6,49.1,0.0,2.2,14.7,No,No,Low,1.0,Yes,Salle 1,178.0,52.9,1.0
ENSPD001830,Male,22.0,Informatique,4,83.2,17.0,84.0,37.9,100.0,3.0,1.0,9.6,No,No,Middle,2.0,Yes,Salle 12,230.0,70.3,1.0
ENSPD001831,Female,23.0,Informatique,2,100.0,0.0,57.8,64.7,36.6,1.0,0.1,0.0,Yes,No,High,2.0,Yes,Salle 22,298.0,54.0,1.0
ENSPD001832,Female,22.0,Mecanique,1,81.6,18.0,70.2,79.7,84.2,2.0,5.1,23.4,No,No,Low,0.0,No,Salle 5,186.0,83.3,1.0
ENSPD001833,Female,23.0,Mecanique,2,49.1,51.0,65.1,81.6,22.3,1.0,0.0,2.9,Yes,No,Middle,1.0,No,Salle 11,231.0,43.9,0.0
ENSPD001834,Female,19.0,Informatique,2,86.7,13.0,72.9,85.0,41.1,2.0,2.7,15.0,No,No,Low,0.0,Yes,Salle 27,298.0,62.1,1.0
ENSPD001835,Female,23.0,Informatique,4,79.6,20.0,34.9,28.4,41.0,2.0,5.8,30.6,Yes,No,Low,1.0,Yes,Salle 8,230.0,39.7,0.0
ENSPD001836,Female,21.0,Informatique,1,60.1,40.0,69.7,71.1,63.5,1.0,0.7,4.6,Yes,No,Low,1.0,No,Salle 21,248.0,58.2,1.0
ENSPD001837,Male,22.0,Telecom,2,61.8,38.0,68.9,34.9,64.2,1.0,0.2,10.1,No,Yes,High,2.0,Yes,Salle 24,161.0,58.4,1.0
ENSPD001838,Male,23.0,Informatique,4,93.7,6.0,67.9,44.0,47.5,1.0,0.6,10.4,No,No,Middle,0.0,Yes,Salle 2,230.0,50.3,1.0
ENSPD001839,Female,20.0,GenieCivil,3,73.2,27.0,54.0,76.8,23.3,2.0,0.8,11.5,Yes,No,Low,1.0,No,Salle 6,185.0,47.3,0.0
ENSPD001840,Male,21.0,Electrique,4,71.1,29.0,73.2,64.8,73.3,1.0,1.2,8.1,No,No,High,1.0,Yes,Salle 22,157.0,71.9,1.0
ENSPD001841,Male,23.0,GenieCivil,4,81.6,18.0,70.9,75.1,65.0,1.0,1.5,11.8,Yes,No,Middle,1.0,Yes,Salle 6,173.0,67.9,1.0
ENSPD001842,Male,26.0,Informatique,4,74.3,26.0,61.9,45.3,72.2,2.0,2.6,21.4,Yes,No,Middle,1.0,Yes,Salle 29,230.0,57.1,1.0
ENSPD001843,Male,22.0,Mecanique,3,83.2,17.0,75.1,88.5,67.4,1.0,4.6,18.6,No,No,Middle,1.0,Yes,Salle 23,212.0,72.7,1.0
ENSPD001844,Female,23.0,Informatique,2,79.6,20.0,63.6,74.4,83.1,4.0,1.3,3.3,No,No,Middle,1.0,Yes,Salle 15,298.0,72.6,1.0
ENSPD001845,Female,22.0,Mecanique,5,67.6,32.0,65.1,78.0,62.5,1.0,2.7,16.7,No,No,Low,1.0,No,Salle 26,67.0,72.7,1.0
ENSPD001846,Male,26.0,Informatique,3,75.9,24.0,63.1,42.6,84.3,2.0,1.4,2.2,No,No,Middle,1.0,Yes,Salle 2,263.0,62.7,1.0
ENSPD001847,Male,19.0,Electrique,1,82.2,13.0,68.3,83.1,48.5,1.0,0.8,7.9,Yes,No,High,3.0,Yes,Salle 5,143.0,60.9,1.0
ENSPD001848,Male,22.0,Electrique,2,82.5,18.0,73.6,56.3,49.6,3.0,0.3,3.3,Yes,No,Low,1.0,Yes,Salle 7,185.0,56.4,1.0
ENSPD001849,Female,19.0,GenieCivil,3,81.0,19.0,59.0,51.0,91.5,2.0,2.4,18.3,No,Yes,Middle,1.0,Yes,Salle 19,185.0,65.8,1.0
ENSPD001850,Female,17.0,GenieCivil,5,100.0,0.0,46.5,61.6,91.1,0.0,4.8,27.2,Yes,Yes,High,0.0,No,Salle 5,70.0,74.2,1.0
ENSPD001851,Male,23.0,Mecanique,1,90.8,9.0,65.1,72.5,75.5,0.0,4.4,20.2,No,No,Low,2.0,Yes,Salle 22,186.0,69.6,1.0
ENSPD001852,Female,22.0,Telecom,1,92.2,8.0,82.8,46.8,46.2,1.0,0.8,14.2,No,No,Low,0.0,No,Salle 15,121.0,60.1,1.0
ENSPD001853,Female,21.0,Informatique,4,80.0,20.0,69.5,99.0,44.6,1.0,0.5,7.3,No,No,Low,1.0,No,Salle 26,230.0,63.2,1.0
ENSPD001854,Female,22.0,Chimie,5,84.6,15.0,69.8,94.7,90.6,0.0,0.6,8.7,Yes,No,Low,0.0,Yes,Salle 28,48.0,90.0,1.0
ENSPD001855,Female,28.0,Chimie,2,76.8,23.0,64.4,72.9,89.5,0.0,0.7,5.2,Yes,Yes,Middle,0.0,Yes,Salle 16,119.0,76.6,1.0
ENSPD001856,Male,21.0,GenieCivil,2,91.3,9.0,76.1,69.7,62.7,1.0,0.2,2.9,Yes,No,Low,0.0,Yes,Salle 30,177.0,64.2,1.0
ENSPD001857,Female,23.0,Mecanique,3,80.7,19.0,62.2,67.9,100.0,0.0,0.3,11.5,No,Yes,Low,1.0,Yes,Salle 3,212.0,77.4,1.0
ENSPD001858,Male,21.0,GenieCivil,2,84.7,15.0,58.2,34.1,73.2,1.0,0.5,7.5,No,No,Middle,0.0,Yes,Salle 15,177.0,61.0,1.0
ENSPD001859,Female,23.0,Informatique,4,83.9,16.0,81.6,64.0,41.9,1.0,0.0,5.9,Yes,No,Middle,0.0,No,Salle 8,230.0,58.9,1.0
ENSPD001860,Female,22.0,Informatique,1,81.8,18.0,57.0,63.8,58.5,0.0,0.1,11.5,Yes,No,Middle,2.0,Yes,Salle 23,248.0,54.3,1.0
ENSPD001861,Female,21.0,Informatique,1,100.0,0.0,78.3,51.6,64.1,0.0,2.4,15.7,Yes,No,Middle,1.0,Yes,Salle 16,248.0,66.3,1.0
ENSPD001862,Female,26.0,Informatique,1,74.0,26.0,65.1,56.4,65.7,0.0,1.9,12.7,Yes,Yes,High,0.0,Yes,Salle 15,248.0,66.4,1.0
ENSPD001863,Male,24.0,GenieCivil,2,73.9,26.0,73.5,19.1,89.0,1.0,5.8,28.1,No,No,High,3.0,No,Salle 26,177.0,58.8,1.0
ENSPD001864,Male,22.0,Telecom,1,90.3,10.0,46.3,42.2,44.9,3.0,1.0,15.6,Yes,No,High,1.0,No,Salle 11,121.0,45.1,0.0
ENSPD001865,Other,17.0,Mecanique,1,74.9,25.0,65.4,78.6,37.4,1.0,1.2,10.3,Yes,No,High,3.0,No,Salle 17,186.0,58.2,1.0
ENSPD001866,Female,21.0,Energetique,4,78.5,22.0,65.1,93.2,76.0,2.0,0.1,0.9,Yes,No,Middle,1.0,Yes,Salle 5,70.0,71.0,1.0
ENSPD001867,Male,27.0,Energetique,1,69.0,31.0,57.6,45.0,53.9,2.0,0.3,8.2,Yes,No,Middle,1.0,Yes,Salle 29,83.0,43.7,0.0
ENSPD001868,Male,22.0,Energetique,5,82.2,12.0,67.1,65.3,100.0,1.0,2.4,13.1,Yes,No,High,0.0,Yes,Salle 16,40.0,82.5,1.0
ENSPD001869,Male,24.0,Telecom,2,88.1,12.0,76.5,81.8,82.9,4.0,0.5,2.9,Yes,No,Middle,1.0,Yes,Salle 19,161.0,77.4,1.0
ENSPD001870,Female,25.0,Mecanique,3,78.2,22.0,58.1,52.6,53.5,1.0,3.0,14.1,Yes,No,Middle,0.0,Yes,Salle 9,212.0,55.0,1.0
ENSPD001871,Female,22.0,Informatique,2,90.6,9.0,62.4,74.2,88.3,0.0,2.4,19.0,Yes,No,Middle,0.0,No,Salle 30,298.0,72.3,1.0
ENSPD001872,Male,20.0,Electrique,2,59.7,40.0,61.4,61.4,78.6,2.0,2.8,12.1,Yes,No,Middle,1.0,Yes,Salle 20,185.0,61.4,1.0
ENSPD001873,Male,17.0,Electrique,3,73.5,26.0,82.5,83.4,76.7,0.0,2.3,10.3,Yes,No,Middle,1.0,Yes,Salle 12,188.0,83.3,1.0
ENSPD001874,Female,23.0,Telecom,3,80.0,20.0,61.1,38.9,61.6,1.0,2.5,15.3,No,No,Middle,0.0,No,Salle 28,154.0,54.8,1.0
ENSPD001875,Female,20.0,Energetique,4,67.9,32.0,46.5,42.1,72.4,1.0,1.6,10.1,Yes,No,Low,3.0,Yes,Salle 11,70.0,53.8,1.0
ENSPD001876,Male,22.0,GenieCivil,4,61.0,39.0,41.4,67.0,21.9,1.0,2.3,10.3,Yes,No,Middle,1.0,Yes,Salle 2,173.0,36.4,0.0
ENSPD001877,Female,20.0,Mecanique,3,78.3,22.0,70.4,63.7,90.3,4.0,1.5,14.7,Yes,No,Middle,2.0,Yes,Salle 21,212.0,77.2,1.0
ENSPD001878,Male,21.0,Informatique,2,90.3,10.0,53.6,61.0,0.0,2.0,0.5,5.3,No,No,High,2.0,No,Salle 17,298.0,35.1,0.0
ENSPD001879,Male,22.0,Informatique,4,97.4,3.0,75.0,72.4,55.2,3.0,0.5,1.8,Yes,No,Middle,2.0,No,Salle 1,230.0,69.0,1.0
ENSPD001880,Male,23.0,GenieCivil,3,75.4,25.0,45.0,45.2,32.1,2.0,1.0,10.2,Yes,No,High,0.0,Yes,Salle 7,185.0,35.7,0.0
ENSPD001881,Female,20.0,Electrique,5,90.8,9.0,56.9,37.4,54.0,1.0,0.0,8.3,Yes,No,Middle,0.0,Yes,Salle 26,80.0,52.1,1.0
ENSPD001882,Female,24.0,Telecom,4,89.6,10.0,65.1,53.0,62.5,2.0,4.4,24.5,No,No,High,2.0,Yes,Salle 22,121.0,51.0,1.0
ENSPD001883,Female,21.0,GenieCivil,1,96.6,3.0,71.5,55.0,40.1,1.0,0.6,10.0,No,Yes,Middle,0.0,Yes,Salle 4,149.0,49.5,0.0
ENSPD001884,Female,19.0,Telecom,2,77.8,22.0,74.7,56.9,8.5,2.0,0.1,8.0,Yes,No,Middle,0.0,No,Salle 15,161.0,46.8,0.0
ENSPD001885,Male,22.0,Electrique,3,60.4,40.0,70.1,84.8,68.1,0.0,1.1,8.3,No,Yes,Middle,0.0,No,Salle 23,188.0,72.4,1.0
ENSPD001886,Male,22.0,Telecom,4,82.8,17.0,48.7,75.9,100.0,1.0,3.4,16.7,Yes,Yes,Low,2.0,Yes,Salle 30,121.0,76.6,1.0
ENSPD001887,Male,22.0,Informatique,3,69.8,30.0,53.8,71.6,57.0,0.0,1.4,6.3,Yes,No,Low,2.0,Yes,Salle 25,263.0,59.3,1.0
ENSPD001888,Male,25.0,Telecom,4,73.3,27.0,68.5,66.0,63.5,0.0,0.6,7.4,No,No,Middle,1.0,Yes,Salle 29,121.0,66.7,1.0
ENSPD001889,Female,22.0,Electrique,2,78.4,22.0,39.7,54.2,94.1,0.0,1.6,4.9,Yes,No,Middle,5.0,Yes,Salle 25,185.0,66.6,1.0
ENSPD001890,Other,22.0,Informatique,1,77.9,22.0,61.4,46.6,26.0,0.0,1.7,7.2,Yes,Yes,Middle,1.0,No,Salle 4,248.0,39.3,0.0
ENSPD001891,Male,20.0,Informatique,1,83.7,16.0,87.8,40.5,63.5,1.0,2.8,21.5,No,No,Middle,0.0,Yes,Salle 20,248.0,63.5,1.0
ENSPD001892,Male,24.0,Telecom,3,90.4,10.0,62.3,49.5,38.5,0.0,3.2,21.4,Yes,No,Middle,3.0,Yes,Salle 3,154.0,48.2,0.0
ENSPD001893,Female,22.0,Informatique,3,77.6,22.0,42.7,61.2,47.9,2.0,2.4,11.5,Yes,Yes,Middle,0.0,Yes,Salle 28,263.0,48.6,0.0
ENSPD001894,Male,21.0,GenieCivil,2,86.7,13.0,55.9,41.2,98.0,0.0,0.0,11.1,No,No,Low,2.0,Yes,Salle 19,177.0,67.4,1.0
ENSPD001895,Male,18.0,Mecanique,3,82.2,18.0,55.5,65.1,68.5,2.0,0.0,6.5,Yes,Yes,Middle,2.0,No,Salle 21,212.0,57.8,1.0
ENSPD001896,Female,25.0,Electrique,1,93.2,7.0,97.1,58.5,79.8,1.0,7.6,35.5,Yes,No,Middle,1.0,Yes,Salle 20,143.0,78.0,1.0
ENSPD001897,Female,20.0,Telecom,1,79.7,20.0,90.0,61.6,63.1,2.0,0.6,2.0,Yes,No,Low,1.0,Yes,Salle 15,121.0,65.0,1.0
ENSPD001898,Male,21.0,Mecanique,3,81.1,19.0,76.0,82.9,39.8,1.0,0.7,6.7,Yes,No,Middle,1.0,Yes,Salle 26,212.0,62.5,1.0
ENSPD001899,Male,23.0,GenieCivil,2,77.5,22.0,59.9,17.7,77.6,1.0,2.6,19.3,Yes,No,Middle,2.0,Yes,Salle 1,177.0,46.7,0.0
ENSPD001900,Female,20.0,Energetique,3,80.1,20.0,65.1,55.1,89.1,1.0,1.7,14.0,Yes,No,Middle,0.0,No,Salle 28,104.0,79.5,1.0
ENSPD001901,Male,19.0,Chimie,4,72.6,27.0,48.0,19.7,70.3,2.0,1.2,11.5,Yes,No,Middle,1.0,Yes,Salle 5,93.0,48.0,0.0
ENSPD001902,Male,18.0,Telecom,4,71.4,29.0,81.1,66.3,73.8,2.0,0.2,5.9,No,No,Middle,0.0,Yes,Salle 15,121.0,69.2,1.0
ENSPD001903,Female,23.0,GenieCivil,1,91.3,9.0,78.9,75.7,39.3,1.0,0.2,0.0,Yes,No,Low,2.0,Yes,Salle 6,149.0,58.8,1.0
ENSPD001904,Male,21.0,Mecanique,3,69.0,31.0,62.7,37.7,78.1,2.0,2.4,16.1,Yes,No,Low,1.0,Yes,Salle 2,212.0,61.6,1.0
ENSPD001905,Female,28.0,GenieCivil,4,78.2,22.0,82.1,40.0,90.9,2.0,0.3,11.5,Yes,No,Middle,1.0,Yes,Salle 1,173.0,66.4,1.0
ENSPD001906,Male,20.0,Chimie,4,94.2,6.0,58.3,31.4,72.1,1.0,1.1,7.5,No,Yes,Low,0.0,Yes,Salle 21,93.0,53.3,1.0
ENSPD001907,Female,20.0,Informatique,4,77.8,22.0,46.0,63.1,28.1,1.0,2.7,19.4,No,No,Middle,2.0,No,Salle 11,230.0,40.6,0.0
ENSPD001908,Male,21.0,Mecanique,2,91.9,8.0,79.7,55.9,96.7,2.0,5.1,32.1,Yes,No,Middle,2.0,Yes,Salle 15,231.0,76.4,1.0
ENSPD001909,Male,22.0,Informatique,1,74.9,25.0,63.7,57.0,45.1,1.0,4.1,17.3,Yes,Yes,Middle,0.0,Yes,Salle 7,248.0,51.1,1.0
ENSPD001910,Male,21.0,GenieCivil,3,82.2,31.0,74.0,55.4,71.8,2.0,4.0,22.6,Yes,No,Middle,2.0,No,Salle 25,185.0,61.8,1.0
ENSPD001911,Male,23.0,Telecom,4,62.9,37.0,92.3,44.5,83.1,2.0,0.9,14.9,Yes,No,Low,1.0,Yes,Salle 12,121.0,66.9,1.0
ENSPD001912,Female,20.0,Informatique,2,97.8,2.0,54.2,82.4,63.5,2.0,5.2,26.2,No,No,Middle,1.0,Yes,Salle 1,298.0,77.6,1.0
ENSPD001913,Other,19.0,Electrique,1,68.4,32.0,62.8,66.9,28.0,0.0,2.3,11.7,Yes,Yes,Low,0.0,Yes,Salle 19,143.0,50.8,1.0
ENSPD001914,Male,18.0,Energetique,4,91.0,9.0,88.5,40.7,66.3,0.0,4.4,30.0,Yes,No,Low,0.0,Yes,Salle 22,70.0,66.7,1.0
ENSPD001915,Male,18.0,Mecanique,2,70.0,30.0,75.0,49.4,65.0,2.0,0.2,9.8,Yes,No,Low,2.0,No,Salle 26,231.0,59.1,1.0
ENSPD001916,Female,21.0,Electrique,1,97.8,2.0,54.5,46.3,92.8,2.0,0.1,5.7,Yes,No,Middle,1.0,Yes,Salle 6,143.0,66.6,1.0
ENSPD001917,Female,21.0,Energetique,1,100.0,0.0,50.7,87.3,73.2,2.0,1.1,3.3,No,No,Low,0.0,Yes,Salle 28,83.0,68.6,1.0
ENSPD001918,Female,21.0,Energetique,2,61.8,38.0,57.1,74.8,93.0,2.0,3.5,17.6,Yes,No,High,1.0,No,Salle 29,71.0,73.6,1.0
ENSPD001919,Male,24.0,Mecanique,3,69.0,31.0,53.9,59.7,63.5,3.0,1.4,6.5,Yes,No,Low,1.0,Yes,Salle 26,212.0,62.9,1.0
ENSPD001920,Male,24.0,Informatique,2,91.3,9.0,68.6,92.7,62.5,1.0,4.3,15.3,Yes,Yes,Middle,0.0,Yes,Salle 2,298.0,67.7,1.0
ENSPD001921,Female,21.0,Informatique,1,88.2,12.0,66.2,88.1,67.9,1.0,0.5,12.4,Yes,No,Middle,0.0,No,Salle 15,248.0,72.6,1.0
ENSPD001922,Male,18.0,Electrique,1,91.3,9.0,69.2,57.8,94.5,3.0,0.1,7.7,Yes,Yes,Middle,1.0,Yes,Salle 14,143.0,75.6,1.0
ENSPD001923,Female,21.0,Chimie,2,75.1,25.0,52.4,54.6,38.1,2.0,2.9,13.8,No,No,Middle,0.0,Yes,Salle 8,119.0,48.0,0.0
ENSPD001924,Male,21.0,Electrique,3,100.0,0.0,63.9,55.5,82.1,0.0,2.0,10.7,No,No,Low,1.0,Yes,Salle 3,188.0,66.9,1.0
ENSPD001925,Female,21.0,Mecanique,1,83.4,17.0,34.2,44.9,51.4,1.0,1.2,8.0,No,No,Middle,1.0,No,Salle 18,186.0,40.0,0.0
ENSPD001926,Male,21.0,Informatique,3,67.4,33.0,67.2,93.2,47.2,0.0,3.7,15.8,Yes,No,Middle,2.0,Yes,Salle 13,263.0,62.9,1.0
ENSPD001927,Female,21.0,Electrique,1,79.0,21.0,82.6,43.9,84.5,4.0,3.5,30.4,No,No,Middle,0.0,Yes,Salle 21,143.0,72.3,1.0
ENSPD001928,Male,21.0,GenieCivil,1,67.6,32.0,43.6,77.6,46.3,0.0,0.8,5.3,Yes,No,High,0.0,Yes,Salle 9,149.0,50.6,1.0
ENSPD001929,Female,21.0,Chimie,1,100.0,0.0,72.3,61.6,71.5,1.0,3.6,18.1,Yes,No,Low,1.0,No,Salle 26,96.0,68.4,1.0
ENSPD001930,Male,22.0,GenieCivil,1,74.1,26.0,65.1,56.5,54.2,1.0,0.8,5.4,Yes,No,Middle,1.0,Yes,Salle 25,149.0,48.7,0.0
ENSPD001931,Male,23.0,Mecanique,3,87.9,12.0,77.0,94.6,16.9,1.0,1.4,5.4,No,Yes,Middle,2.0,Yes,Salle 4,212.0,57.2,1.0
ENSPD001932,Male,20.0,Mecanique,2,76.4,24.0,67.4,33.9,73.6,0.0,0.4,1.7,Yes,No,Middle,1.0,Yes,Salle 3,231.0,59.0,1.0
ENSPD001933,Male,25.0,Informatique,4,74.6,25.0,71.1,60.6,66.5,1.0,0.6,11.6,Yes,No,Middle,1.0,Yes,Salle 4,230.0,68.9,1.0
ENSPD001934,Female,20.0,Mecanique,1,82.2,41.0,66.0,53.2,25.8,2.0,1.2,8.5,No,Yes,Low,2.0,Yes,Salle 13,186.0,43.2,0.0
ENSPD001935,Female,19.0,Informatique,1,89.2,11.0,84.9,79.3,50.0,1.0,0.8,9.9,No,No,High,1.0,Yes,Salle 21,248.0,69.4,1.0
ENSPD001936,Female,23.0,Mecanique,2,97.6,2.0,70.2,68.4,27.9,4.0,0.3,8.0,No,No,Low,3.0,Yes,Salle 29,231.0,53.5,1.0
ENSPD001937,Male,20.0,Informatique,4,71.0,29.0,54.4,30.9,78.6,2.0,1.3,11.5,Yes,No,Low,1.0,Yes,Salle 23,230.0,55.2,1.0
ENSPD001938,Female,23.0,Informatique,2,63.5,36.0,66.5,84.3,91.8,1.0,1.4,11.5,Yes,No,Middle,0.0,Yes,Salle 24,298.0,78.6,1.0
ENSPD001939,Male,17.0,Chimie,2,91.6,8.0,59.5,70.7,81.0,2.0,0.3,11.5,Yes,Yes,Middle,4.0,No,Salle 29,119.0,65.8,1.0
ENSPD001940,Male,25.0,Mecanique,2,62.2,38.0,67.4,43.4,83.8,1.0,0.4,10.3,Yes,No,Middle,0.0,Yes,Salle 23,231.0,64.2,1.0
ENSPD001941,Male,23.0,Electrique,1,96.6,3.0,58.7,55.7,53.6,2.0,1.4,7.3,Yes,No,Middle,1.0,Yes,Salle 2,143.0,55.5,1.0
ENSPD001942,Male,19.0,Chimie,5,71.1,29.0,54.8,38.6,74.9,1.0,0.1,6.4,Yes,No,Middle,0.0,Yes,Salle 24,48.0,60.8,1.0
ENSPD001943,Female,19.0,Electrique,3,68.8,31.0,68.0,58.9,63.5,0.0,0.9,3.1,No,No,Middle,1.0,No,Salle 10,188.0,61.8,1.0
ENSPD001944,Female,25.0,Energetique,4,85.0,15.0,65.8,61.6,67.7,1.0,0.3,9.5,Yes,No,Middle,1.0,Yes,Salle 7,70.0,63.9,1.0
ENSPD001945,Female,21.0,Informatique,3,69.5,30.0,81.0,56.0,83.1,1.0,5.0,24.5,Yes,No,Low,1.0,Yes,Salle 5,263.0,66.0,1.0
ENSPD001946,Male,20.0,Chimie,3,73.5,26.0,58.8,53.9,87.5,2.0,0.4,3.4,Yes,No,Low,1.0,Yes,Salle 26,130.0,68.2,1.0
ENSPD001947,Male,17.0,Energetique,1,86.2,14.0,35.3,33.0,56.2,3.0,0.1,1.3,Yes,Yes,Middle,3.0,Yes,Salle 20,83.0,45.2,0.0
ENSPD001948,Male,21.0,Telecom,3,52.9,47.0,59.5,68.1,35.8,4.0,1.4,12.9,Yes,No,Middle,0.0,Yes,Salle 3,154.0,50.7,1.0
ENSPD001949,Male,22.0,Informatique,1,100.0,0.0,40.6,61.6,60.3,0.0,0.4,1.0,Yes,Yes,Middle,2.0,Yes,Salle 27,248.0,50.1,1.0
ENSPD001950,Male,23.0,Mecanique,2,82.5,18.0,71.2,62.6,59.6,2.0,0.1,3.8,Yes,No,Low,1.0,Yes,Salle 26,231.0,58.7,1.0
ENSPD001951,Male,19.0,Informatique,3,66.5,34.0,39.9,29.6,69.7,1.0,2.8,16.8,No,No,Low,1.0,Yes,Salle 4,263.0,43.7,0.0
ENSPD001952,Male,19.0,Electrique,4,69.8,30.0,50.2,62.9,80.7,3.0,1.4,11.5,No,Yes,High,0.0,Yes,Salle 4,157.0,63.3,1.0
ENSPD001953,Female,23.0,Chimie,3,93.9,6.0,59.6,61.9,25.7,0.0,0.1,7.1,No,Yes,Middle,0.0,Yes,Salle 12,130.0,47.5,0.0
ENSPD001954,Female,24.0,Mecanique,3,89.2,11.0,88.2,69.3,50.6,1.0,1.3,14.9,Yes,No,Low,3.0,Yes,Salle 16,212.0,68.0,1.0
ENSPD001955,Other,19.0,GenieCivil,1,98.6,1.0,48.9,77.5,44.7,2.0,0.1,7.9,Yes,No,Middle,1.0,No,Salle 22,149.0,57.2,1.0
ENSPD001956,Male,24.0,Electrique,2,73.8,26.0,65.2,80.9,89.0,1.0,0.9,11.5,No,No,Middle,0.0,No,Salle 27,185.0,74.8,1.0
ENSPD001957,Female,22.0,GenieCivil,1,85.6,14.0,73.7,33.0,59.8,0.0,0.9,6.8,Yes,No,Middle,1.0,No,Salle 3,149.0,57.6,1.0
ENSPD001958,Male,24.0,Telecom,4,87.1,13.0,87.3,61.0,53.7,1.0,3.5,13.3,Yes,No,Middle,4.0,Yes,Salle 29,121.0,63.3,1.0
ENSPD001959,Female,22.0,Chimie,5,90.3,10.0,76.7,98.2,74.8,0.0,2.7,15.5,No,No,Middle,3.0,No,Salle 29,48.0,80.6,1.0
ENSPD001960,Female,17.0,Informatique,2,95.5,4.0,65.1,64.1,52.1,1.0,4.5,21.5,Yes,No,Middle,1.0,Yes,Salle 28,298.0,59.1,1.0
ENSPD001961,Male,22.0,Electrique,1,73.4,27.0,78.0,47.0,63.7,1.0,0.3,8.3,Yes,No,Middle,3.0,No,Salle 26,143.0,63.0,1.0
ENSPD001962,Male,24.0,Mecanique,3,80.6,19.0,46.9,61.6,100.0,0.0,1.5,10.5,No,No,High,1.0,No,Salle 30,212.0,66.6,1.0
ENSPD001963,Female,20.0,Electrique,4,74.7,25.0,70.4,55.1,99.7,1.0,0.0,9.2,Yes,No,Middle,0.0,Yes,Salle 10,157.0,74.9,1.0
ENSPD001964,Male,21.0,Energetique,3,81.4,19.0,77.7,40.8,55.9,0.0,3.5,17.2,No,No,Middle,0.0,Yes,Salle 1,104.0,54.4,1.0
ENSPD001965,Male,22.0,Telecom,1,90.4,10.0,50.7,77.6,60.4,2.0,0.9,6.4,No,No,Middle,1.0,Yes,Salle 11,121.0,59.3,1.0
ENSPD001966,Female,17.0,GenieCivil,5,82.2,38.0,56.3,72.5,51.6,2.0,0.1,7.1,No,No,Middle,0.0,Yes,Salle 8,70.0,57.8,1.0
ENSPD001967,Male,25.0,Mecanique,4,95.3,5.0,53.0,38.0,25.5,3.0,0.8,8.6,No,No,Middle,0.0,Yes,Salle 26,178.0,39.6,0.0
ENSPD001968,Male,20.0,Mecanique,1,68.3,32.0,76.6,60.3,84.7,1.0,0.7,9.3,No,No,Middle,3.0,Yes,Salle 23,186.0,68.6,1.0
ENSPD001969,Male,23.0,GenieCivil,5,78.3,22.0,65.1,51.8,100.0,1.0,2.9,16.1,Yes,Yes,Low,2.0,Yes,Salle 25,70.0,77.8,1.0
ENSPD001970,Male,22.0,Informatique,2,96.9,3.0,60.2,33.2,55.1,1.0,0.3,6.3,Yes,No,Middle,2.0,Yes,Salle 16,298.0,46.1,0.0
ENSPD001971,Male,25.0,GenieCivil,2,85.9,14.0,45.8,36.5,47.7,1.0,1.6,11.5,Yes,No,High,0.0,Yes,Salle 27,177.0,37.4,0.0
ENSPD001972,Female,23.0,Informatique,2,86.1,14.0,64.0,61.6,58.5,0.0,3.2,18.3,Yes,No,Middle,2.0,No,Salle 28,298.0,48.3,0.0
ENSPD001973,Male,22.0,Mecanique,4,67.8,32.0,56.5,60.9,63.5,0.0,2.7,20.7,Yes,No,Low,1.0,Yes,Salle 28,178.0,60.7,1.0
ENSPD001974,Male,20.0,Informatique,3,69.5,30.0,68.7,53.8,41.3,1.0,5.5,25.0,No,No,Middle,0.0,No,Salle 13,263.0,45.8,0.0
ENSPD001975,Male,24.0,Energetique,1,82.2,7.0,47.9,44.7,54.8,3.0,0.0,2.6,No,Yes,Low,3.0,Yes,Salle 9,83.0,53.6,1.0
ENSPD001976,Female,18.0,Chimie,5,74.9,25.0,67.7,61.6,84.3,4.0,0.9,9.9,Yes,No,Low,1.0,Yes,Salle 1,48.0,69.6,0.0
ENSPD001977,Male,23.0,Mecanique,1,76.1,24.0,58.4,75.5,66.5,1.0,0.9,7.9,Yes,No,Low,1.0,Yes,Salle 17,186.0,73.0,1.0
ENSPD001978,Male,20.0,Informatique,4,93.6,6.0,46.3,68.4,89.4,3.0,0.1,11.1,Yes,No,Middle,2.0,Yes,Salle 1,230.0,69.7,1.0
ENSPD001979,Female,25.0,GenieCivil,3,69.4,31.0,45.1,80.0,71.3,2.0,3.4,21.4,Yes,Yes,Middle,0.0,Yes,Salle 16,185.0,59.8,1.0
ENSPD001980,Female,22.0,Informatique,1,85.2,15.0,47.3,57.9,42.2,3.0,2.3,17.6,Yes,No,Middle,1.0,Yes,Salle 16,248.0,47.5,0.0
ENSPD001981,Male,23.0,GenieCivil,1,82.5,18.0,61.9,90.8,52.5,3.0,1.5,14.8,Yes,No,High,2.0,Yes,Salle 21,149.0,67.1,1.0
ENSPD001982,Female,22.0,Telecom,4,82.0,18.0,66.8,61.6,69.0,2.0,1.0,6.4,No,No,Middle,1.0,No,Salle 22,121.0,67.2,1.0
ENSPD001983,Male,18.0,Electrique,2,75.8,24.0,69.0,53.2,41.5,2.0,4.5,23.5,Yes,Yes,High,0.0,Yes,Salle 13,185.0,57.0,1.0
ENSPD001984,Male,20.0,Electrique,3,75.0,25.0,69.6,63.7,39.0,1.0,0.6,10.1,Yes,Yes,Low,3.0,Yes,Salle 16,188.0,50.4,1.0
ENSPD001985,Male,23.0,GenieCivil,3,69.1,31.0,53.6,39.5,40.2,0.0,0.8,8.2,No,No,Middle,0.0,Yes,Salle 20,185.0,45.9,0.0
ENSPD001986,Male,22.0,Telecom,4,87.8,12.0,80.9,56.5,63.5,0.0,6.1,25.8,No,Yes,Middle,0.0,No,Salle 7,121.0,67.6,1.0
ENSPD001987,Female,24.0,Energetique,3,74.0,26.0,58.4,69.7,56.7,2.0,0.1,9.1,Yes,No,Middle,1.0,Yes,Salle 12,104.0,63.9,1.0
ENSPD001988,Male,23.0,GenieCivil,2,93.6,6.0,71.8,73.0,87.6,3.0,3.0,16.3,Yes,Yes,High,1.0,No,Salle 26,177.0,82.1,1.0
ENSPD001989,Male,20.0,Mecanique,2,79.3,21.0,62.5,54.6,46.1,1.0,2.5,16.2,No,No,Middle,1.0,Yes,Salle 16,231.0,49.3,0.0
ENSPD001990,Female,20.0,GenieCivil,4,69.3,31.0,70.6,100.0,63.5,2.0,4.6,11.5,Yes,Yes,Middle,1.0,Yes,Salle 16,173.0,55.3,1.0
ENSPD001991,Female,22.0,Informatique,2,79.1,21.0,61.8,58.9,61.4,0.0,0.2,11.9,No,No,Low,1.0,Yes,Salle 22,298.0,58.6,1.0
ENSPD001992,Male,17.0,Electrique,1,77.1,23.0,70.9,31.8,97.0,2.0,7.0,33.8,Yes,No,Middle,3.0,Yes,Salle 9,143.0,66.9,1.0
ENSPD001993,Female,25.0,GenieCivil,5,94.1,6.0,64.9,83.8,63.5,1.0,1.4,0.0,Yes,No,Middle,1.0,Yes,Salle 15,70.0,65.5,1.0
ENSPD001994,Male,23.0,Informatique,4,77.6,22.0,65.1,61.6,36.6,3.0,0.8,8.9,No,Yes,Middle,1.0,Yes,Salle 17,230.0,56.0,1.0
ENSPD001995,Female,24.0,Informatique,1,78.7,21.0,52.7,66.2,31.5,2.0,0.2,6.9,Yes,No,Middle,2.0,Yes,Salle 25,248.0,47.1,0.0
ENSPD001996,Female,19.0,GenieCivil,5,98.9,1.0,38.5,53.6,88.0,0.0,0.1,0.0,Yes,No,High,2.0,No,Salle 24,70.0,63.6,1.0
ENSPD001997,Female,24.0,Telecom,3,88.1,12.0,50.4,69.1,47.9,0.0,6.7,37.7,No,Yes,Middle,2.0,Yes,Salle 5,154.0,55.7,0.0
ENSPD001998,Male,26.0,Electrique,1,100.0,0.0,81.0,91.1,94.8,1.0,2.5,4.4,No,No,Low,1.0,Yes,Salle 6,143.0,87.9,1.0
ENSPD001999,Male,19.0,Electrique,2,97.1,3.0,62.7,65.6,77.1,0.0,1.4,12.9,Yes,No,High,0.0,Yes,Salle 25,185.0,71.7,1.0
ENSPD002000,Male,24.0,Mecanique,3,71.4,29.0,66.4,35.5,48.6,1.0,0.2,0.0,Yes,No,Middle,2.0,Yes,Salle 9,212.0,45.9,0.0
ENSPD002001,Male,22.0,Electrique,4,93.9,6.0,49.2,0.0,87.3,1.0,1.5,15.3,No,No,Middle,0.0,No,Salle 4,157.0,44.0,0.0
ENSPD002002,Male,19.0,GenieCivil,2,100.0,0.0,66.0,68.9,45.5,1.0,0.8,10.5,Yes,No,High,4.0,Yes,Salle 26,177.0,50.5,1.0
ENSPD002003,Female,23.0,Electrique,2,82.2,0.0,49.7,44.3,35.1,0.0,0.6,13.3,No,No,High,4.0,Yes,Salle 15,185.0,38.1,0.0
ENSPD002004,Male,24.0,Informatique,2,93.9,6.0,51.9,60.2,46.7,1.0,1.9,14.7,No,No,High,1.0,No,Salle 6,298.0,49.9,0.0
ENSPD002005,Male,21.0,GenieCivil,3,93.6,6.0,59.0,47.4,79.4,3.0,3.1,18.8,Yes,Yes,High,1.0,Yes,Salle 29,185.0,63.2,1.0
ENSPD002006,Female,24.0,Mecanique,1,78.4,22.0,71.7,46.1,86.8,2.0,1.2,8.5,Yes,No,Middle,1.0,Yes,Salle 13,186.0,73.7,1.0
ENSPD002007,Male,19.0,Mecanique,1,72.0,28.0,73.3,48.2,63.5,0.0,1.4,3.7,Yes,No,Middle,3.0,Yes,Salle 11,186.0,54.1,1.0
ENSPD002008,Female,19.0,Energetique,3,77.8,22.0,73.7,49.9,26.6,0.0,1.4,22.1,No,Yes,Middle,1.0,Yes,Salle 1,104.0,49.1,0.0
ENSPD002009,Male,22.0,Informatique,4,62.0,38.0,41.2,76.0,63.5,0.0,0.3,4.3,Yes,No,Middle,1.0,No,Salle 9,230.0,42.5,0.0
ENSPD002010,Male,22.0,Mecanique,3,98.1,2.0,65.1,72.3,42.6,2.0,1.4,20.4,No,No,Middle,1.0,No,Salle 1,212.0,59.9,1.0
ENSPD002011,Male,21.0,GenieCivil,2,78.6,21.0,62.0,40.3,38.1,0.0,3.6,16.1,Yes,No,High,0.0,Yes,Salle 2,177.0,43.2,0.0
ENSPD002012,Male,24.0,Telecom,2,97.5,2.0,42.0,42.7,69.3,0.0,1.6,7.1,Yes,No,Low,0.0,Yes,Salle 17,161.0,57.5,1.0
ENSPD002013,Female,23.0,GenieCivil,2,67.2,33.0,65.1,68.8,100.0,1.0,1.4,6.8,Yes,No,Middle,3.0,Yes,Salle 5,177.0,81.3,1.0
ENSPD002014,Male,24.0,Chimie,5,95.0,5.0,61.2,61.6,79.9,1.0,1.4,12.3,Yes,No,Middle,0.0,Yes,Salle 30,48.0,79.6,1.0
ENSPD002015,Male,22.0,Telecom,4,76.1,24.0,72.7,80.7,41.4,3.0,0.2,12.8,Yes,No,Middle,0.0,Yes,Salle 4,121.0,59.9,1.0
ENSPD002016,Male,23.0,Mecanique,1,66.6,33.0,66.2,43.9,50.1,0.0,2.9,20.6,Yes,No,Middle,1.0,No,Salle 16,186.0,51.9,1.0
ENSPD002017,Male,21.0,Mecanique,2,100.0,0.0,56.8,79.8,54.0,1.0,0.7,8.9,Yes,No,Middle,1.0,Yes,Salle 20,231.0,62.8,1.0
ENSPD002018,Female,26.0,Mecanique,3,95.3,5.0,78.9,30.0,71.8,1.0,0.7,7.6,Yes,No,Middle,1.0,No,Salle 11,212.0,62.5,1.0
ENSPD002019,Male,20.0,Telecom,3,84.5,16.0,31.7,58.3,95.4,0.0,5.8,29.6,Yes,No,Middle,3.0,No,Salle 18,154.0,66.6,1.0
ENSPD002020,Female,26.0,Informatique,2,82.4,18.0,64.0,70.8,54.7,1.0,1.1,8.4,No,No,Middle,1.0,No,Salle 2,298.0,60.7,1.0
ENSPD002021,Female,22.0,Mecanique,4,87.3,13.0,38.6,24.6,94.8,1.0,3.1,18.4,No,No,Middle,1.0,Yes,Salle 16,178.0,56.9,1.0
ENSPD002022,Male,19.0,Electrique,4,84.3,16.0,51.3,99.7,100.0,1.0,2.0,9.8,Yes,No,High,0.0,Yes,Salle 6,157.0,90.0,1.0
ENSPD002023,Female,25.0,Electrique,3,72.5,28.0,72.9,85.9,57.0,2.0,0.8,6.0,Yes,No,Low,1.0,Yes,Salle 25,188.0,72.2,1.0
ENSPD002024,Male,22.0,GenieCivil,4,77.1,23.0,45.9,73.6,56.5,3.0,0.3,6.0,Yes,No,Middle,1.0,Yes,Salle 27,173.0,53.0,1.0
ENSPD002025,Male,24.0,GenieCivil,4,100.0,0.0,43.6,44.6,56.8,1.0,3.2,19.1,Yes,No,Middle,0.0,No,Salle 28,173.0,49.2,0.0
ENSPD002026,Male,24.0,Informatique,4,100.0,0.0,100.0,60.8,65.2,0.0,2.9,16.1,No,Yes,Middle,1.0,Yes,Salle 25,230.0,71.5,1.0
ENSPD002027,Female,23.0,GenieCivil,5,100.0,0.0,44.6,76.2,56.8,0.0,0.4,7.4,Yes,No,Low,1.0,Yes,Salle 8,70.0,61.5,1.0
ENSPD002028,Other,21.0,GenieCivil,2,87.7,12.0,65.1,41.8,81.7,1.0,0.6,3.8,No,No,High,1.0,Yes,Salle 26,177.0,66.4,1.0
ENSPD002029,Male,24.0,Telecom,2,77.9,22.0,62.4,58.8,33.0,0.0,2.9,11.8,Yes,No,Middle,1.0,No,Salle 25,161.0,51.6,1.0
ENSPD002030,Female,22.0,Mecanique,4,72.4,28.0,57.1,78.4,53.3,1.0,8.2,37.6,Yes,No,Middle,0.0,Yes,Salle 20,178.0,56.3,1.0
ENSPD002031,Male,23.0,Telecom,4,73.2,27.0,73.5,61.6,70.6,1.0,3.7,13.1,Yes,No,Low,1.0,Yes,Salle 19,121.0,54.6,1.0
ENSPD002032,Male,18.0,Electrique,5,75.4,25.0,65.1,68.0,81.4,1.0,2.3,17.6,No,Yes,Middle,1.0,Yes,Salle 15,80.0,71.0,1.0
ENSPD002033,Male,23.0,Informatique,1,100.0,0.0,65.1,30.4,100.0,0.0,4.9,19.1,Yes,No,Middle,1.0,Yes,Salle 30,248.0,57.4,1.0
ENSPD002034,Female,21.0,Chimie,3,100.0,0.0,57.3,45.0,38.2,1.0,0.7,6.2,Yes,Yes,Middle,0.0,No,Salle 14,130.0,45.3,0.0
ENSPD002035,Female,25.0,Informatique,1,91.0,9.0,77.7,52.9,51.0,0.0,1.4,7.0,No,No,Low,0.0,Yes,Salle 29,248.0,58.1,1.0
ENSPD002036,Male,23.0,Energetique,3,70.5,30.0,69.3,71.2,18.7,2.0,0.8,11.9,No,No,Middle,3.0,Yes,Salle 1,104.0,43.7,0.0
ENSPD002037,Male,22.0,Telecom,1,92.7,7.0,81.5,49.4,41.8,3.0,7.1,36.0,Yes,No,Middle,0.0,No,Salle 6,121.0,51.6,1.0
ENSPD002038,Male,23.0,Mecanique,1,79.1,21.0,72.7,64.3,28.6,5.0,4.3,11.5,No,No,Middle,2.0,Yes,Salle 22,186.0,54.4,1.0
ENSPD002039,Male,20.0,Mecanique,1,56.2,44.0,92.1,49.6,53.6,2.0,0.1,15.7,Yes,No,Middle,1.0,Yes,Salle 18,186.0,61.2,1.0
ENSPD002040,Male,25.0,Mecanique,3,85.4,15.0,67.7,52.4,59.4,2.0,1.4,6.4,Yes,No,Middle,1.0,Yes,Salle 27,212.0,59.9,1.0
ENSPD002041,Female,26.0,Mecanique,2,71.9,28.0,68.3,84.5,73.4,2.0,1.4,7.1,No,No,Middle,3.0,Yes,Salle 30,231.0,70.0,1.0
ENSPD002042,Male,23.0,Mecanique,1,72.3,28.0,69.8,41.3,58.0,0.0,3.1,19.9,No,No,Middle,3.0,Yes,Salle 1,186.0,51.6,1.0
ENSPD002043,Male,25.0,Mecanique,2,79.0,21.0,62.9,75.7,73.4,0.0,0.9,10.0,Yes,No,Middle,1.0,Yes,Salle 26,231.0,63.0,1.0
ENSPD002044,Male,21.0,Electrique,1,76.0,24.0,77.7,61.6,66.3,1.0,4.9,22.7,No,No,Middle,2.0,Yes,Salle 18,143.0,69.0,1.0
ENSPD002045,Female,20.0,Informatique,5,81.6,18.0,68.6,51.6,43.3,2.0,0.1,7.6,No,No,Middle,1.0,No,Salle 16,109.0,56.2,1.0
ENSPD002046,Female,22.0,Telecom,2,81.0,19.0,76.8,40.1,30.3,0.0,2.6,17.3,No,No,High,0.0,Yes,Salle 19,161.0,47.9,0.0
ENSPD002047,Male,23.0,Telecom,2,59.5,40.0,79.2,41.4,75.7,2.0,1.0,14.0,Yes,No,Middle,3.0,No,Salle 26,161.0,61.5,1.0
ENSPD002048,Female,21.0,GenieCivil,4,100.0,0.0,71.4,61.6,96.9,3.0,0.6,9.3,Yes,Yes,High,1.0,Yes,Salle 18,173.0,73.1,1.0
ENSPD002049,Male,23.0,Telecom,3,70.2,30.0,72.5,59.3,100.0,2.0,1.5,3.4,Yes,No,Middle,2.0,No,Salle 12,154.0,78.2,1.0
ENSPD002050,Male,23.0,Mecanique,4,70.6,29.0,49.8,61.6,82.7,0.0,1.3,13.4,Yes,No,Low,1.0,Yes,Salle 29,178.0,70.8,1.0
ENSPD002051,Male,20.0,Informatique,3,78.1,22.0,56.7,56.6,93.2,0.0,0.9,7.0,Yes,No,Middle,0.0,No,Salle 3,263.0,71.3,1.0
ENSPD002052,Male,23.0,Electrique,5,80.7,19.0,77.7,57.8,63.5,1.0,2.1,12.6,Yes,No,Middle,1.0,No,Salle 4,80.0,66.6,1.0
ENSPD002053,Male,24.0,GenieCivil,1,99.5,0.0,86.4,60.5,70.0,0.0,2.2,9.2,Yes,No,High,0.0,Yes,Salle 5,149.0,75.4,1.0
ENSPD002054,Female,22.0,Electrique,5,85.2,15.0,35.9,70.6,66.2,2.0,0.2,11.5,Yes,No,Low,1.0,Yes,Salle 8,80.0,60.0,1.0
ENSPD002055,Female,24.0,Telecom,4,88.8,11.0,56.5,73.6,61.9,2.0,1.8,20.1,Yes,Yes,High,1.0,Yes,Salle 6,121.0,65.3,1.0
ENSPD002056,Female,20.0,Energetique,3,85.3,15.0,65.4,37.0,76.1,0.0,2.5,19.3,Yes,No,Middle,0.0,Yes,Salle 16,104.0,55.8,1.0
ENSPD002057,Male,23.0,Electrique,3,82.2,15.0,51.8,56.9,53.6,0.0,0.2,1.1,Yes,Yes,Middle,2.0,Yes,Salle 16,188.0,48.5,0.0
ENSPD002058,Male,20.0,Chimie,3,85.7,14.0,52.7,84.1,61.1,2.0,2.2,11.5,Yes,Yes,Low,0.0,Yes,Salle 17,130.0,62.7,1.0
ENSPD002059,Female,20.0,Informatique,1,58.8,41.0,72.1,38.3,40.4,1.0,3.3,22.2,Yes,No,Middle,3.0,No,Salle 12,248.0,51.3,1.0
ENSPD002060,Male,21.0,Informatique,1,79.0,21.0,88.7,63.3,73.5,1.0,3.6,18.7,Yes,No,Middle,1.0,Yes,Salle 14,248.0,73.3,1.0
ENSPD002061,Male,20.0,Chimie,5,95.9,4.0,34.5,58.9,44.8,1.0,0.1,0.0,Yes,Yes,Middle,0.0,Yes,Salle 14,48.0,41.2,0.0
ENSPD002062,Male,21.0,GenieCivil,3,100.0,0.0,62.4,51.8,64.7,0.0,2.4,12.4,No,Yes,Middle,1.0,No,Salle 6,185.0,59.5,1.0
ENSPD002063,Female,22.0,GenieCivil,2,67.5,32.0,71.9,90.6,74.0,1.0,3.2,23.3,Yes,No,Low,0.0,Yes,Salle 29,177.0,73.5,1.0
ENSPD002064,Male,24.0,Mecanique,4,87.1,13.0,76.7,62.7,75.7,0.0,1.0,15.0,Yes,No,Middle,1.0,Yes,Salle 18,178.0,75.7,1.0
ENSPD002065,Male,21.0,Electrique,3,82.2,25.0,69.8,89.2,79.4,0.0,1.6,10.7,No,Yes,Low,1.0,Yes,Salle 22,188.0,76.6,1.0
ENSPD002066,Female,19.0,Informatique,1,100.0,0.0,91.4,62.1,59.7,1.0,0.6,6.3,Yes,No,Middle,1.0,No,Salle 22,248.0,70.1,1.0
ENSPD002067,Male,24.0,Electrique,4,65.8,34.0,65.4,70.3,73.7,1.0,0.7,0.0,Yes,No,Middle,1.0,No,Salle 11,157.0,75.2,1.0
ENSPD002068,Male,20.0,Informatique,4,89.5,10.0,84.7,51.6,54.3,0.0,1.4,11.5,No,No,Low,4.0,Yes,Salle 12,230.0,60.5,1.0
ENSPD002069,Male,22.0,Informatique,1,65.1,35.0,65.1,51.8,24.6,1.0,0.3,3.9,No,Yes,Middle,1.0,Yes,Salle 1,248.0,43.9,0.0
ENSPD002070,Male,23.0,Mecanique,5,78.2,22.0,65.9,69.4,63.5,1.0,0.9,1.0,Yes,No,High,2.0,Yes,Salle 15,67.0,64.5,1.0
ENSPD002071,Female,22.0,Mecanique,2,81.6,18.0,46.8,69.7,70.0,2.0,0.7,4.0,No,No,Low,2.0,No,Salle 4,231.0,61.7,1.0
ENSPD002072,Male,24.0,Telecom,2,94.8,5.0,78.5,72.8,84.3,2.0,0.5,11.5,Yes,No,Middle,1.0,Yes,Salle 26,161.0,76.6,1.0
ENSPD002073,Male,23.0,Informatique,1,69.1,31.0,63.2,61.6,63.5,1.0,1.3,11.5,No,No,Low,1.0,No,Salle 3,248.0,64.6,1.0
ENSPD002074,Female,20.0,Informatique,3,90.0,10.0,70.4,37.9,31.9,1.0,3.6,25.6,Yes,No,Middle,1.0,No,Salle 8,263.0,42.9,0.0
ENSPD002075,Female,26.0,GenieCivil,2,82.2,18.0,65.1,47.5,62.2,3.0,0.6,6.8,Yes,Yes,High,1.0,Yes,Salle 4,177.0,59.7,1.0
ENSPD002076,Female,22.0,GenieCivil,2,85.3,15.0,73.8,61.6,81.7,1.0,2.2,14.8,Yes,No,Middle,1.0,No,Salle 28,177.0,81.1,1.0
ENSPD002077,Male,22.0,Informatique,4,93.5,6.0,71.0,26.7,73.5,1.0,0.6,17.3,Yes,No,Middle,1.0,Yes,Salle 26,230.0,56.6,1.0
ENSPD002078,Male,24.0,Informatique,1,66.6,33.0,65.1,67.3,61.1,0.0,0.3,0.0,No,Yes,Middle,0.0,Yes,Salle 30,248.0,57.7,1.0
ENSPD002079,Other,22.0,Energetique,4,91.7,8.0,50.9,60.0,30.7,0.0,5.7,28.6,Yes,No,Middle,0.0,Yes,Salle 7,70.0,45.2,0.0
ENSPD002080,Female,23.0,Electrique,3,75.2,25.0,64.6,77.3,63.5,1.0,2.0,17.6,No,No,Middle,1.0,Yes,Salle 3,188.0,51.8,1.0
ENSPD002081,Male,27.0,Mecanique,5,82.2,5.0,74.9,69.5,73.5,3.0,0.2,7.1,Yes,No,Low,0.0,Yes,Salle 26,67.0,70.1,1.0
ENSPD002082,Male,21.0,GenieCivil,3,86.0,14.0,92.9,50.0,63.5,2.0,2.0,6.5,No,No,Middle,0.0,Yes,Salle 7,185.0,53.0,1.0
ENSPD002083,Male,21.0,Mecanique,1,79.5,20.0,69.5,49.2,57.6,1.0,0.4,11.5,Yes,No,Middle,0.0,Yes,Salle 2,186.0,55.6,1.0
ENSPD002084,Female,22.0,Mecanique,1,74.9,25.0,80.1,52.6,64.8,1.0,4.4,26.0,Yes,Yes,Low,1.0,No,Salle 29,186.0,57.6,1.0
ENSPD002085,Male,24.0,Electrique,4,91.9,8.0,40.8,72.4,87.0,0.0,0.6,8.5,No,Yes,Low,0.0,Yes,Salle 13,157.0,69.2,1.0
ENSPD002086,Male,19.0,Telecom,4,97.1,3.0,95.2,20.6,76.3,1.0,3.3,12.7,Yes,Yes,Middle,1.0,No,Salle 15,121.0,62.2,1.0
ENSPD002087,Male,18.0,Informatique,2,75.6,24.0,74.1,64.8,83.3,1.0,0.4,15.8,Yes,No,Middle,0.0,No,Salle 21,298.0,68.1,1.0
ENSPD002088,Female,21.0,Telecom,3,68.4,32.0,64.3,46.1,70.0,1.0,1.6,13.7,Yes,No,Low,1.0,No,Salle 21,154.0,54.2,1.0
ENSPD002089,Female,19.0,Informatique,3,90.3,10.0,62.5,65.4,47.1,4.0,4.9,26.4,Yes,No,Low,1.0,Yes,Salle 4,263.0,56.1,1.0
ENSPD002090,Male,21.0,Informatique,5,64.6,35.0,48.4,68.2,51.7,1.0,0.7,10.1,No,No,Low,0.0,Yes,Salle 4,109.0,48.3,0.0
ENSPD002091,Female,23.0,Informatique,5,66.3,34.0,52.7,32.1,45.3,1.0,0.2,9.6,Yes,No,Middle,1.0,Yes,Salle 14,109.0,42.3,0.0
ENSPD002092,Female,20.0,Informatique,5,69.2,31.0,93.7,57.9,75.8,0.0,1.6,11.9,Yes,No,Middle,1.0,No,Salle 6,109.0,75.9,1.0
ENSPD002093,Male,19.0,Telecom,4,77.0,23.0,50.2,64.8,50.1,2.0,0.4,6.1,Yes,No,High,2.0,No,Salle 18,121.0,49.4,0.0
ENSPD002094,Male,22.0,GenieCivil,4,66.0,34.0,49.9,63.6,56.1,3.0,2.6,6.4,Yes,Yes,Middle,0.0,No,Salle 19,173.0,54.9,1.0
ENSPD002095,Male,24.0,Informatique,1,58.7,41.0,54.5,59.8,63.5,0.0,1.8,11.5,Yes,No,Middle,3.0,No,Salle 29,248.0,59.4,1.0
ENSPD002096,Female,19.0,Energetique,4,68.4,32.0,47.0,40.0,96.8,1.0,0.9,16.5,Yes,Yes,High,0.0,No,Salle 10,70.0,57.9,1.0
ENSPD002097,Male,24.0,Telecom,3,89.7,10.0,65.2,42.8,77.1,4.0,2.4,11.3,Yes,No,Middle,1.0,No,Salle 7,154.0,64.2,1.0
ENSPD002098,Female,24.0,Chimie,5,66.7,33.0,81.3,37.2,48.5,2.0,1.4,5.8,Yes,No,Middle,0.0,No,Salle 30,48.0,55.7,1.0
ENSPD002099,Female,24.0,Energetique,3,77.9,22.0,55.8,72.0,67.0,0.0,5.0,20.4,Yes,No,Middle,1.0,No,Salle 27,104.0,65.2,1.0
ENSPD002100,Male,24.0,Mecanique,1,100.0,0.0,44.4,59.9,97.0,4.0,0.9,10.6,Yes,No,Middle,1.0,Yes,Salle 26,186.0,70.5,1.0
ENSPD002101,Female,26.0,Telecom,3,81.4,19.0,69.4,61.1,76.3,1.0,2.9,15.6,Yes,No,Low,2.0,Yes,Salle 13,154.0,74.0,1.0
ENSPD002102,Male,21.0,Electrique,3,86.1,14.0,64.2,31.3,32.0,1.0,0.6,6.2,Yes,No,Middle,1.0,Yes,Salle 21,188.0,40.5,0.0
ENSPD002103,Male,22.0,Telecom,2,70.6,29.0,80.0,61.4,63.5,2.0,2.5,11.8,Yes,No,High,1.0,Yes,Salle 20,161.0,55.2,1.0
ENSPD002104,Female,21.0,Chimie,2,100.0,0.0,58.2,61.6,44.2,2.0,0.1,7.1,Yes,Yes,Middle,2.0,No,Salle 16,119.0,52.5,1.0
ENSPD002105,Female,22.0,Mecanique,3,75.5,24.0,61.1,28.8,92.8,1.0,0.7,13.7,Yes,No,High,1.0,Yes,Salle 25,212.0,63.8,1.0
ENSPD002106,Male,25.0,Chimie,2,79.3,21.0,62.8,52.4,89.1,1.0,0.2,0.0,Yes,No,Middle,1.0,Yes,Salle 24,119.0,66.2,1.0
ENSPD002107,Female,19.0,Mecanique,2,97.8,2.0,66.3,33.7,51.5,2.0,1.2,8.6,Yes,No,Middle,1.0,Yes,Salle 9,231.0,48.6,0.0
ENSPD002108,Female,20.0,Mecanique,1,79.8,20.0,59.1,54.4,51.1,1.0,1.1,8.8,Yes,Yes,Low,0.0,No,Salle 24,186.0,50.8,1.0
ENSPD002109,Male,25.0,Informatique,5,82.6,17.0,56.7,45.8,64.9,0.0,1.4,5.5,No,No,Middle,0.0,Yes,Salle 13,109.0,56.1,1.0
ENSPD002110,Other,24.0,Energetique,4,78.6,21.0,37.2,61.6,65.5,2.0,7.9,41.2,Yes,No,Low,1.0,Yes,Salle 2,70.0,54.6,1.0
ENSPD002111,Male,21.0,Mecanique,1,78.7,21.0,56.5,65.0,44.8,2.0,0.6,12.1,Yes,No,Middle,1.0,Yes,Salle 4,186.0,48.3,0.0
ENSPD002112,Male,24.0,GenieCivil,4,86.4,14.0,75.7,85.2,59.0,2.0,3.1,18.3,Yes,No,High,0.0,Yes,Salle 19,173.0,74.7,1.0
ENSPD002113,Male,23.0,Mecanique,4,88.6,11.0,77.8,61.0,34.9,4.0,1.2,7.1,Yes,No,Middle,0.0,No,Salle 26,178.0,52.1,1.0
ENSPD002114,Female,25.0,Energetique,1,74.3,26.0,57.9,68.1,89.4,0.0,0.8,12.8,Yes,No,Middle,0.0,No,Salle 10,83.0,70.7,1.0
ENSPD002115,Female,22.0,Mecanique,2,72.8,27.0,84.5,52.0,28.8,2.0,0.5,5.8,No,No,Low,0.0,Yes,Salle 1,231.0,50.8,1.0
ENSPD002116,Male,24.0,Chimie,3,74.7,25.0,64.6,42.1,28.6,2.0,2.0,16.9,Yes,Yes,Middle,1.0,Yes,Salle 4,130.0,41.8,0.0
ENSPD002117,Male,27.0,Telecom,2,65.2,35.0,44.9,77.0,72.7,2.0,0.8,18.0,Yes,No,Middle,2.0,No,Salle 16,161.0,65.6,1.0
ENSPD002118,Female,23.0,GenieCivil,4,62.9,37.0,40.2,84.4,39.3,4.0,3.4,18.6,Yes,No,Middle,0.0,Yes,Salle 7,173.0,52.0,1.0
ENSPD002119,Male,22.0,Mecanique,2,85.6,14.0,83.3,74.7,54.0,2.0,6.9,33.2,Yes,No,Middle,2.0,Yes,Salle 21,231.0,65.4,1.0
ENSPD002120,Female,23.0,Chimie,1,93.3,7.0,59.4,64.4,65.3,3.0,0.5,4.2,No,Yes,High,1.0,No,Salle 5,96.0,62.1,1.0
ENSPD002121,Female,21.0,Telecom,5,92.5,8.0,46.8,44.5,77.5,0.0,0.3,10.3,Yes,No,Middle,3.0,No,Salle 13,60.0,57.2,1.0
ENSPD002122,Male,27.0,Chimie,2,53.4,47.0,31.1,82.5,59.6,1.0,0.8,9.0,No,No,Low,1.0,No,Salle 16,119.0,55.2,1.0
ENSPD002123,Female,22.0,Mecanique,4,79.1,21.0,59.1,72.4,99.6,3.0,1.3,5.2,Yes,No,Low,1.0,Yes,Salle 6,178.0,76.2,1.0
ENSPD002124,Male,21.0,Telecom,1,68.8,31.0,71.1,61.6,64.0,4.0,0.7,4.9,No,Yes,Low,1.0,Yes,Salle 26,121.0,72.3,1.0
ENSPD002125,Other,20.0,Mecanique,2,83.7,16.0,54.5,41.2,87.8,1.0,7.0,40.8,Yes,No,Middle,1.0,Yes,Salle 19,231.0,61.6,1.0
ENSPD002126,Female,24.0,Electrique,2,77.0,23.0,49.2,77.5,69.6,3.0,3.0,16.0,Yes,No,Low,1.0,Yes,Salle 18,185.0,60.4,1.0
ENSPD002127,Female,24.0,Telecom,1,89.1,11.0,56.8,71.9,100.0,0.0,6.8,27.8,Yes,No,Middle,1.0,No,Salle 29,121.0,77.0,1.0
ENSPD002128,Male,21.0,Informatique,2,81.8,18.0,83.6,55.8,85.2,0.0,0.9,9.4,No,No,Low,1.0,Yes,Salle 11,298.0,74.0,1.0
ENSPD002129,Male,23.0,Chimie,1,59.2,41.0,44.1,86.5,64.9,2.0,1.4,11.5,Yes,No,Middle,1.0,Yes,Salle 26,177.0,64.3,1.0
ENSPD002130,Male,19.0,Electrique,3,70.4,30.0,55.4,69.2,76.6,1.0,1.4,8.3,No,Yes,Low,0.0,Yes,Salle 23,188.0,65.1,1.0
ENSPD002131,Male,22.0,Telecom,3,82.1,18.0,83.2,45.1,58.8,2.0,1.5,13.2,Yes,No,Middle,0.0,Yes,Salle 25,154.0,62.2,1.0
ENSPD002132,Male,23.0,Informatique,1,83.1,17.0,72.4,59.9,58.6,2.0,2.7,17.2,No,No,High,0.0,Yes,Salle 9,248.0,62.7,1.0
ENSPD002133,Male,25.0,GenieCivil,4,65.1,35.0,65.1,44.9,37.9,1.0,4.3,22.3,Yes,Yes,Middle,0.0,No,Salle 19,173.0,50.7,1.0
ENSPD002134,Male,20.0,Telecom,1,63.6,36.0,55.3,53.6,47.8,2.0,1.2,7.3,Yes,No,Middle,1.0,No,Salle 12,121.0,49.7,0.0
ENSPD002135,Female,19.0,Informatique,2,82.7,17.0,65.5,61.6,100.0,1.0,0.7,0.7,Yes,No,Middle,0.0,Yes,Salle 14,298.0,80.3,1.0
ENSPD002136,Female,20.0,Informatique,3,65.2,35.0,56.9,79.8,39.9,2.0,0.8,15.9,Yes,No,Low,1.0,Yes,Salle 17,263.0,54.9,1.0
ENSPD002137,Male,19.0,Energetique,2,62.0,38.0,52.1,66.0,50.9,3.0,2.4,22.0,No,No,Low,0.0,Yes,Salle 18,71.0,51.5,1.0
ENSPD002138,Female,25.0,Mecanique,3,76.7,23.0,48.8,48.5,62.1,1.0,1.7,11.9,No,No,High,1.0,No,Salle 24,212.0,55.1,1.0
ENSPD002139,Male,25.0,Energetique,1,76.1,24.0,76.8,68.9,62.8,2.0,1.3,13.5,No,No,Middle,1.0,No,Salle 21,83.0,63.6,1.0
ENSPD002140,Female,23.0,Informatique,4,71.5,28.0,64.1,75.0,71.7,1.0,0.5,6.9,Yes,No,Low,2.0,Yes,Salle 25,230.0,71.7,1.0
ENSPD002141,Female,24.0,Mecanique,3,82.2,26.0,69.7,26.5,54.6,5.0,4.2,18.7,No,No,Middle,4.0,Yes,Salle 3,212.0,48.7,0.0
ENSPD002142,Male,22.0,Chimie,1,82.2,18.0,67.3,64.1,72.9,1.0,3.0,17.3,Yes,No,Middle,5.0,No,Salle 17,96.0,66.9,1.0
ENSPD002143,Female,22.0,Electrique,2,73.4,27.0,71.6,58.6,86.8,2.0,0.3,6.8,Yes,No,High,0.0,Yes,Salle 15,185.0,68.4,1.0
ENSPD002144,Male,21.0,Electrique,4,82.8,17.0,61.2,61.6,89.3,0.0,1.4,14.6,Yes,No,Middle,2.0,Yes,Salle 27,157.0,75.9,1.0
ENSPD002145,Male,21.0,GenieCivil,3,77.4,23.0,57.8,68.9,58.6,1.0,1.6,11.8,Yes,No,Low,0.0,Yes,Salle 14,185.0,59.9,1.0
ENSPD002146,Female,19.0,Telecom,1,84.0,16.0,52.8,70.7,76.2,2.0,1.2,16.6,No,No,Middle,1.0,Yes,Salle 3,121.0,64.8,1.0
ENSPD002147,Male,23.0,Mecanique,2,92.5,8.0,43.8,53.3,41.1,1.0,1.0,8.4,No,No,Low,1.0,Yes,Salle 4,231.0,41.2,0.0
ENSPD002148,Male,22.0,GenieCivil,2,92.1,8.0,48.2,62.0,49.6,2.0,2.5,12.7,Yes,Yes,Middle,3.0,Yes,Salle 15,177.0,51.6,1.0
ENSPD002149,Male,23.0,Informatique,3,97.5,2.0,59.5,61.6,63.5,3.0,0.1,11.4,Yes,No,Low,3.0,Yes,Salle 22,263.0,55.6,1.0
ENSPD002150,Female,22.0,Electrique,4,82.2,8.0,41.0,60.8,63.1,4.0,1.3,15.8,Yes,Yes,Middle,0.0,Yes,Salle 17,157.0,53.0,1.0
ENSPD002151,Male,22.0,Mecanique,2,84.9,15.0,44.3,65.1,46.8,2.0,0.6,7.7,Yes,No,Middle,2.0,No,Salle 13,231.0,51.7,1.0
ENSPD002152,Male,20.0,Mecanique,2,76.8,23.0,80.6,34.4,33.6,2.0,0.2,7.2,Yes,No,Middle,1.0,Yes,Salle 16,231.0,49.9,0.0
ENSPD002153,Female,22.0,GenieCivil,4,82.2,23.0,68.4,61.6,56.3,1.0,1.3,11.3,No,Yes,Middle,2.0,No,Salle 17,173.0,59.8,1.0
ENSPD002154,Female,23.0,Informatique,3,82.2,28.0,58.2,25.8,29.4,1.0,0.4,11.5,No,No,Middle,1.0,Yes,Salle 27,263.0,34.0,0.0
ENSPD002155,Male,20.0,Informatique,3,82.1,18.0,99.1,52.7,90.5,3.0,0.6,5.9,Yes,No,High,1.0,No,Salle 17,263.0,87.4,1.0
ENSPD002156,Male,22.0,Electrique,2,90.4,10.0,40.3,63.1,52.8,1.0,1.4,11.5,No,No,Middle,1.0,No,Salle 6,185.0,53.3,1.0
ENSPD002157,Male,22.0,GenieCivil,3,73.3,27.0,79.6,75.8,83.7,1.0,7.3,32.6,No,No,Low,1.0,Yes,Salle 5,185.0,84.6,1.0
ENSPD002158,Male,21.0,Telecom,3,81.6,18.0,63.3,44.0,54.2,0.0,2.3,16.4,Yes,No,Middle,0.0,Yes,Salle 28,154.0,53.1,1.0
ENSPD002159,Male,21.0,Electrique,2,73.9,26.0,76.8,68.7,40.1,0.0,0.7,11.5,Yes,No,Low,2.0,Yes,Salle 24,185.0,55.0,1.0
ENSPD002160,Female,22.0,Informatique,5,84.5,16.0,66.6,61.6,87.5,2.0,1.4,0.0,Yes,No,Low,1.0,Yes,Salle 8,109.0,85.6,1.0
ENSPD002161,Female,20.0,Electrique,4,75.4,25.0,36.9,50.5,65.8,0.0,1.0,9.5,No,No,High,1.0,No,Salle 24,157.0,55.4,1.0
ENSPD002162,Female,23.0,Informatique,4,73.1,27.0,66.4,34.2,100.0,1.0,0.3,5.1,No,Yes,Low,2.0,No,Salle 4,230.0,74.0,1.0
ENSPD002163,Male,20.0,Chimie,3,73.8,26.0,70.0,67.2,54.7,3.0,0.4,11.5,No,No,Low,1.0,Yes,Salle 20,130.0,64.1,1.0
ENSPD002164,Female,24.0,Energetique,2,88.0,12.0,32.1,40.5,55.1,2.0,0.3,2.0,No,Yes,Middle,0.0,No,Salle 3,71.0,41.5,0.0
ENSPD002165,Male,27.0,GenieCivil,1,80.8,19.0,94.2,47.3,84.1,0.0,1.5,18.2,No,No,Low,1.0,No,Salle 6,149.0,69.3,1.0
ENSPD002166,Female,20.0,Electrique,2,76.9,23.0,69.7,78.6,84.2,2.0,2.2,9.3,No,No,Low,1.0,No,Salle 26,185.0,74.3,1.0
ENSPD002167,Female,23.0,Mecanique,4,85.1,15.0,75.1,95.8,67.1,3.0,1.8,11.4,No,No,Middle,2.0,No,Salle 24,178.0,76.4,1.0
ENSPD002168,Male,21.0,GenieCivil,2,77.0,23.0,47.5,44.0,100.0,1.0,7.6,33.3,Yes,No,Middle,0.0,Yes,Salle 27,177.0,62.2,1.0
ENSPD002169,Female,24.0,Telecom,4,95.5,4.0,75.4,48.7,58.4,1.0,0.3,2.0,Yes,No,Low,1.0,Yes,Salle 23,121.0,56.0,1.0
ENSPD002170,Male,19.0,Informatique,1,70.3,30.0,81.3,54.1,38.6,3.0,8.6,11.5,No,Yes,Low,1.0,Yes,Salle 21,248.0,51.6,1.0
ENSPD002171,Female,23.0,Mecanique,3,79.8,20.0,68.8,52.1,43.9,0.0,1.3,12.0,No,Yes,Middle,1.0,Yes,Salle 20,212.0,53.0,1.0
ENSPD002172,Male,20.0,GenieCivil,3,65.1,35.0,64.9,96.8,58.5,1.0,0.5,5.0,No,No,Low,0.0,Yes,Salle 3,185.0,67.2,1.0
ENSPD002173,Male,22.0,Chimie,3,77.8,22.0,51.6,52.4,94.4,0.0,5.7,24.1,No,No,Middle,1.0,Yes,Salle 19,130.0,67.1,1.0
ENSPD002174,Female,20.0,Mecanique,4,61.8,38.0,61.8,55.0,60.3,2.0,1.3,12.3,Yes,No,Low,1.0,Yes,Salle 8,178.0,60.2,1.0
ENSPD002175,Male,24.0,Telecom,5,91.0,9.0,57.3,91.1,63.5,1.0,0.9,10.3,Yes,No,Middle,3.0,Yes,Salle 4,60.0,81.9,1.0
ENSPD002176,Female,20.0,Informatique,1,91.2,9.0,73.6,72.4,72.7,1.0,0.5,6.4,Yes,Yes,Middle,0.0,No,Salle 30,248.0,75.7,1.0
ENSPD002177,Male,23.0,Mecanique,1,91.4,9.0,52.3,79.7,85.7,0.0,0.6,13.1,Yes,Yes,Low,1.0,No,Salle 1,186.0,69.6,1.0
ENSPD002178,Female,21.0,Electrique,1,82.3,18.0,73.5,45.7,71.7,0.0,1.4,42.1,Yes,Yes,High,0.0,Yes,Salle 21,143.0,60.6,1.0
ENSPD002179,Female,22.0,Mecanique,3,71.4,29.0,52.4,52.5,71.6,0.0,0.7,5.8,No,No,Middle,0.0,Yes,Salle 18,212.0,56.9,1.0
ENSPD002180,Male,22.0,Electrique,2,72.4,28.0,61.1,43.3,79.1,1.0,7.6,43.8,No,Yes,Middle,0.0,No,Salle 10,185.0,55.9,1.0
ENSPD002181,Male,20.0,Informatique,4,100.0,0.0,74.2,76.4,52.7,2.0,0.8,7.1,Yes,No,Middle,0.0,Yes,Salle 30,230.0,63.3,1.0
ENSPD002182,Male,22.0,Informatique,2,82.2,1.0,54.4,84.1,52.9,1.0,0.5,6.0,Yes,No,Middle,1.0,Yes,Salle 29,298.0,63.8,1.0
ENSPD002183,Male,25.0,Informatique,3,83.5,16.0,74.8,51.2,71.0,1.0,0.4,9.5,No,No,Middle,0.0,Yes,Salle 3,263.0,67.9,1.0
ENSPD002184,Male,20.0,Telecom,4,75.8,24.0,73.3,55.4,100.0,1.0,1.1,10.8,Yes,Yes,Low,1.0,No,Salle 12,121.0,72.9,1.0
ENSPD002185,Female,24.0,Electrique,3,98.4,2.0,60.9,56.2,33.2,1.0,1.4,7.1,Yes,No,Low,2.0,Yes,Salle 12,188.0,48.3,0.0
ENSPD002186,Female,25.0,Chimie,3,73.7,26.0,82.4,34.1,23.4,0.0,2.4,6.9,Yes,No,Middle,1.0,Yes,Salle 29,130.0,42.1,0.0
ENSPD002187,Female,20.0,Mecanique,1,84.7,15.0,66.2,49.9,58.7,0.0,0.5,0.6,Yes,Yes,Low,1.0,Yes,Salle 5,186.0,58.5,1.0
ENSPD002188,Female,19.0,Electrique,2,98.2,2.0,81.5,75.9,84.6,0.0,3.6,14.3,Yes,No,High,2.0,No,Salle 20,185.0,80.1,1.0
ENSPD002189,Female,23.0,GenieCivil,3,72.0,28.0,91.9,46.2,65.0,0.0,3.6,19.4,No,No,High,1.0,No,Salle 12,185.0,64.3,1.0
ENSPD002190,Female,21.0,Energetique,2,92.0,8.0,61.4,63.7,40.6,2.0,0.7,5.7,No,No,Low,2.0,Yes,Salle 13,71.0,54.6,1.0
ENSPD002191,Male,26.0,Chimie,4,88.2,12.0,74.7,38.5,65.6,1.0,2.8,14.7,Yes,No,Middle,1.0,Yes,Salle 3,93.0,53.5,1.0
ENSPD002192,Female,22.0,Chimie,4,81.5,18.0,55.4,59.4,29.3,0.0,3.9,19.4,Yes,No,Middle,1.0,Yes,Salle 18,93.0,48.7,0.0
ENSPD002193,Female,20.0,Informatique,4,70.1,30.0,49.5,51.9,76.6,1.0,1.8,16.1,Yes,No,Middle,0.0,Yes,Salle 26,230.0,58.7,1.0
ENSPD002194,Male,20.0,GenieCivil,2,73.3,27.0,65.1,61.6,57.8,2.0,0.9,11.7,Yes,No,Middle,0.0,Yes,Salle 8,177.0,48.8,0.0
ENSPD002195,Male,24.0,GenieCivil,4,85.5,14.0,44.6,76.2,62.4,4.0,1.2,11.5,Yes,Yes,Middle,2.0,Yes,Salle 7,173.0,58.8,1.0
ENSPD002196,Male,21.0,Telecom,2,64.9,35.0,50.9,77.2,72.5,1.0,3.1,16.2,Yes,No,Middle,0.0,Yes,Salle 25,161.0,67.3,1.0
ENSPD002197,Male,22.0,Mecanique,2,83.6,16.0,73.9,44.5,68.1,0.0,0.7,4.3,Yes,No,Middle,1.0,Yes,Salle 29,231.0,53.7,1.0
ENSPD002198,Female,24.0,Mecanique,2,88.5,12.0,57.3,58.1,53.2,0.0,1.4,6.9,Yes,Yes,Middle,0.0,Yes,Salle 15,231.0,55.3,1.0
ENSPD002199,Male,21.0,GenieCivil,1,93.8,6.0,75.7,62.8,84.7,1.0,0.4,11.8,No,Yes,Low,1.0,Yes,Salle 17,149.0,76.1,1.0
ENSPD002200,Male,22.0,Mecanique,2,65.2,35.0,69.5,29.3,79.9,1.0,1.0,12.7,Yes,No,Low,1.0,Yes,Salle 1,231.0,63.8,1.0
ENSPD002201,Female,22.0,Informatique,2,97.8,2.0,92.8,36.9,28.5,0.0,0.2,7.3,Yes,No,Middle,1.0,Yes,Salle 16,298.0,45.6,0.0
ENSPD002202,Male,23.0,Telecom,5,100.0,0.0,72.9,85.2,59.4,0.0,0.8,3.9,Yes,No,Low,3.0,No,Salle 14,60.0,71.4,1.0
ENSPD002203,Male,23.0,Electrique,2,86.9,13.0,81.7,42.8,42.4,0.0,0.9,8.4,No,No,High,3.0,Yes,Salle 10,185.0,52.8,1.0
ENSPD002204,Male,22.0,Telecom,4,69.5,30.0,71.0,84.6,38.6,2.0,0.6,5.9,Yes,No,Middle,1.0,No,Salle 20,121.0,67.0,1.0
ENSPD002205,Female,22.0,Telecom,2,78.1,22.0,69.7,37.8,74.7,1.0,0.2,5.2,Yes,No,Middle,1.0,Yes,Salle 4,161.0,62.9,1.0
ENSPD002206,Female,21.0,Mecanique,1,81.4,19.0,82.5,73.9,55.6,2.0,1.5,11.5,No,No,Middle,0.0,Yes,Salle 24,186.0,71.5,1.0
ENSPD002207,Male,19.0,GenieCivil,3,85.2,15.0,75.0,56.4,61.1,2.0,4.0,25.3,Yes,No,Middle,0.0,No,Salle 4,185.0,65.2,1.0
ENSPD002208,Female,23.0,Informatique,3,82.3,18.0,68.2,58.9,50.6,1.0,0.8,18.0,Yes,No,Low,1.0,No,Salle 22,263.0,52.5,1.0
ENSPD002209,Male,26.0,Telecom,1,85.4,15.0,68.1,95.4,71.4,1.0,0.5,11.5,No,Yes,Middle,1.0,Yes,Salle 21,121.0,78.0,1.0
ENSPD002210,Female,20.0,GenieCivil,2,80.9,19.0,73.1,39.4,77.6,0.0,1.4,11.5,Yes,No,High,1.0,Yes,Salle 26,177.0,66.6,1.0
ENSPD002211,Female,20.0,Mecanique,2,85.2,15.0,54.9,72.7,100.0,1.0,4.0,20.5,Yes,No,Low,1.0,Yes,Salle 6,231.0,82.9,1.0
ENSPD002212,Female,20.0,Mecanique,2,76.5,24.0,54.3,72.0,63.5,4.0,1.5,8.1,Yes,No,Middle,1.0,Yes,Salle 15,231.0,59.9,1.0
ENSPD002213,Male,23.0,GenieCivil,4,82.2,22.0,86.4,100.0,35.0,4.0,0.3,14.9,No,No,Middle,0.0,Yes,Salle 5,173.0,61.3,1.0
ENSPD002214,Female,23.0,Mecanique,3,75.1,25.0,93.0,42.6,53.9,0.0,2.5,22.0,No,No,Middle,0.0,Yes,Salle 24,212.0,58.9,1.0
ENSPD002215,Female,22.0,Mecanique,1,100.0,0.0,51.1,50.7,80.9,3.0,0.3,5.1,No,No,Middle,0.0,Yes,Salle 15,186.0,62.4,1.0
ENSPD002216,Male,20.0,Chimie,4,99.6,0.0,55.0,76.7,48.5,0.0,0.1,2.5,Yes,No,Middle,0.0,Yes,Salle 29,93.0,59.0,1.0
ENSPD002217,Female,22.0,Telecom,2,88.7,11.0,82.1,58.4,34.4,1.0,0.6,0.4,No,No,Low,0.0,Yes,Salle 19,161.0,63.4,1.0
ENSPD002218,Male,19.0,Mecanique,4,97.9,2.0,73.0,53.7,49.0,2.0,0.4,11.6,Yes,No,Middle,1.0,Yes,Salle 20,178.0,57.4,1.0
ENSPD002219,Female,22.0,GenieCivil,4,91.6,8.0,75.1,79.2,53.3,3.0,1.9,4.4,Yes,Yes,Middle,0.0,Yes,Salle 19,173.0,65.5,1.0
ENSPD002220,Male,24.0,Telecom,5,82.2,16.0,78.4,57.2,42.3,1.0,1.3,9.6,Yes,No,Middle,0.0,Yes,Salle 3,60.0,54.7,1.0
ENSPD002221,Female,19.0,Informatique,3,82.2,36.0,61.4,45.9,68.3,1.0,2.6,11.8,No,No,High,1.0,Yes,Salle 2,263.0,56.9,1.0
ENSPD002222,Male,19.0,Telecom,3,78.9,21.0,69.9,75.1,62.4,3.0,1.4,16.2,Yes,No,Middle,3.0,Yes,Salle 28,154.0,64.5,1.0
ENSPD002223,Male,25.0,Informatique,2,78.0,22.0,68.8,68.8,79.8,1.0,1.1,16.8,No,No,Middle,2.0,Yes,Salle 22,298.0,66.7,1.0
ENSPD002224,Male,21.0,Electrique,3,68.4,32.0,52.1,56.4,55.1,1.0,1.5,4.2,Yes,No,High,0.0,No,Salle 30,188.0,52.0,1.0
ENSPD002225,Male,24.0,Electrique,2,64.2,36.0,69.7,55.5,75.2,1.0,1.1,9.7,Yes,No,Middle,0.0,Yes,Salle 1,185.0,66.0,1.0
ENSPD002226,Male,22.0,Electrique,2,87.9,12.0,83.6,45.5,54.2,1.0,0.1,6.5,No,No,Middle,1.0,No,Salle 3,185.0,55.6,1.0
ENSPD002227,Male,22.0,Telecom,4,85.9,14.0,60.0,75.1,41.4,0.0,2.3,13.0,Yes,No,Middle,1.0,Yes,Salle 19,121.0,55.8,1.0
ENSPD002228,Female,23.0,Informatique,1,68.0,32.0,67.3,61.6,53.1,0.0,6.5,28.4,No,No,Low,1.0,Yes,Salle 1,248.0,59.6,1.0
ENSPD002229,Male,20.0,Mecanique,4,73.0,27.0,68.1,48.1,31.6,2.0,1.1,15.7,No,No,Middle,1.0,No,Salle 16,178.0,40.0,0.0
ENSPD002230,Male,22.0,GenieCivil,4,95.9,4.0,60.7,38.9,99.8,1.0,1.1,7.3,Yes,No,High,0.0,Yes,Salle 1,173.0,68.1,1.0
ENSPD002231,Female,21.0,Telecom,3,71.5,28.0,75.2,69.1,66.8,0.0,0.1,13.3,Yes,Yes,Middle,1.0,Yes,Salle 26,154.0,69.5,1.0
ENSPD002232,Male,19.0,Informatique,3,82.2,16.0,54.8,52.8,48.1,1.0,4.4,11.5,No,No,Middle,1.0,Yes,Salle 11,263.0,49.5,0.0
ENSPD002233,Female,23.0,Chimie,2,79.7,20.0,85.0,25.8,56.4,0.0,5.3,29.3,No,No,Low,1.0,Yes,Salle 27,119.0,54.1,1.0
ENSPD002234,Female,21.0,Mecanique,5,88.1,12.0,74.4,40.3,15.0,1.0,3.4,21.9,No,No,Middle,3.0,Yes,Salle 26,67.0,41.3,0.0
ENSPD002235,Female,22.0,Informatique,1,71.7,28.0,50.9,57.8,92.7,0.0,0.2,3.1,No,No,Middle,1.0,Yes,Salle 22,248.0,62.0,1.0
ENSPD002236,Female,20.0,Chimie,3,83.1,17.0,90.5,58.3,90.7,0.0,4.6,16.3,Yes,No,Middle,1.0,Yes,Salle 14,130.0,75.2,1.0
ENSPD002237,Female,25.0,Informatique,3,84.0,16.0,67.5,57.6,66.2,1.0,0.0,1.6,Yes,No,Middle,1.0,No,Salle 25,263.0,64.1,1.0
ENSPD002238,Male,24.0,GenieCivil,5,84.8,15.0,54.2,61.6,70.4,0.0,1.4,5.1,Yes,No,Middle,1.0,No,Salle 19,70.0,61.3,1.0
ENSPD002239,Male,24.0,Informatique,4,82.9,17.0,81.6,35.4,38.6,1.0,1.4,13.9,Yes,No,High,0.0,Yes,Salle 9,230.0,47.4,0.0
ENSPD002240,Male,21.0,Mecanique,3,86.1,14.0,72.4,46.3,40.1,3.0,3.6,17.9,Yes,No,Middle,2.0,Yes,Salle 15,212.0,55.7,1.0
ENSPD002241,Female,19.0,Electrique,1,100.0,0.0,38.4,83.3,30.1,1.0,2.8,21.7,No,No,Low,4.0,Yes,Salle 30,143.0,48.9,0.0
ENSPD002242,Male,26.0,Electrique,2,100.0,0.0,57.1,80.7,60.8,1.0,1.4,20.1,Yes,No,Low,0.0,Yes,Salle 13,185.0,63.1,1.0
ENSPD002243,Female,22.0,GenieCivil,1,74.3,26.0,69.2,72.4,85.2,2.0,4.0,20.2,Yes,Yes,Low,2.0,Yes,Salle 23,149.0,75.8,1.0
ENSPD002244,Other,21.0,GenieCivil,4,54.2,46.0,32.6,70.8,56.3,1.0,1.3,10.5,No,No,Middle,0.0,Yes,Salle 11,173.0,49.9,0.0
ENSPD002245,Female,23.0,Mecanique,4,89.1,11.0,66.3,78.3,71.0,3.0,3.0,11.7,Yes,No,Middle,1.0,Yes,Salle 29,178.0,67.9,1.0
ENSPD002246,Male,24.0,GenieCivil,4,84.2,16.0,67.4,41.8,83.6,3.0,0.1,4.6,Yes,No,Middle,1.0,Yes,Salle 26,173.0,59.6,1.0
ENSPD002247,Male,22.0,Energetique,3,94.7,5.0,47.2,62.6,31.5,4.0,1.2,10.4,Yes,No,Middle,2.0,No,Salle 17,104.0,44.3,0.0
ENSPD002248,Female,25.0,Telecom,3,85.4,15.0,69.1,41.8,100.0,1.0,0.1,3.9,No,No,Middle,2.0,Yes,Salle 5,154.0,68.6,1.0
ENSPD002249,Female,24.0,Informatique,1,82.7,17.0,65.1,42.1,87.1,1.0,4.9,22.3,No,No,Middle,1.0,No,Salle 26,248.0,65.8,1.0
ENSPD002250,Male,20.0,Informatique,2,95.5,4.0,47.1,68.6,63.5,2.0,6.4,34.6,Yes,No,Middle,2.0,Yes,Salle 28,298.0,65.8,1.0
ENSPD002251,Male,21.0,Energetique,1,97.2,3.0,65.1,79.0,82.5,1.0,0.2,2.0,Yes,No,Middle,1.0,No,Salle 14,83.0,73.8,1.0
ENSPD002252,Female,24.0,GenieCivil,4,65.4,35.0,77.6,58.5,83.4,1.0,1.5,13.3,Yes,Yes,Middle,1.0,No,Salle 2,173.0,69.6,1.0
ENSPD002253,Female,17.0,GenieCivil,1,72.2,28.0,60.7,91.7,69.9,3.0,0.8,12.6,Yes,No,Low,2.0,Yes,Salle 2,149.0,77.1,1.0
ENSPD002254,Female,22.0,Chimie,3,80.7,19.0,62.0,65.8,92.6,0.0,0.8,10.2,Yes,No,Middle,1.0,Yes,Salle 13,130.0,73.6,1.0
ENSPD002255,Female,19.0,Mecanique,3,83.2,17.0,75.9,48.0,63.5,1.0,1.2,5.0,Yes,No,High,1.0,Yes,Salle 21,212.0,56.4,1.0
ENSPD002256,Male,21.0,GenieCivil,2,79.3,21.0,62.0,42.4,73.2,2.0,0.3,6.7,Yes,No,Middle,1.0,No,Salle 10,177.0,59.3,1.0
ENSPD002257,Male,21.0,Energetique,1,87.2,13.0,36.0,80.3,90.4,1.0,0.4,10.2,Yes,No,Middle,1.0,Yes,Salle 21,83.0,72.1,1.0
ENSPD002258,Male,21.0,Electrique,2,94.0,6.0,72.3,64.3,10.2,1.0,1.7,10.6,Yes,No,High,3.0,Yes,Salle 26,185.0,45.5,0.0
ENSPD002259,Male,21.0,Informatique,2,100.0,0.0,52.8,74.2,63.5,0.0,0.0,1.6,Yes,Yes,Middle,0.0,Yes,Salle 23,298.0,62.6,1.0
ENSPD002260,Male,20.0,Informatique,3,88.9,11.0,59.2,14.2,63.5,1.0,1.8,8.6,Yes,No,Middle,0.0,Yes,Salle 6,263.0,51.2,1.0
ENSPD002261,Female,27.0,Informatique,1,71.8,28.0,86.9,66.4,29.8,2.0,0.8,9.5,Yes,No,Middle,0.0,Yes,Salle 3,248.0,53.5,1.0
ENSPD002262,Female,26.0,Chimie,4,80.2,20.0,63.0,52.8,69.6,0.0,3.6,18.1,No,No,Middle,1.0,Yes,Salle 12,93.0,61.8,1.0
ENSPD002263,Female,20.0,Mecanique,4,81.1,19.0,65.0,36.9,48.1,0.0,1.8,9.7,No,Yes,Low,1.0,No,Salle 19,178.0,48.5,0.0
ENSPD002264,Male,25.0,Informatique,1,88.2,12.0,72.6,60.9,71.9,0.0,2.5,11.5,Yes,No,Middle,0.0,Yes,Salle 5,248.0,69.9,1.0
ENSPD002265,Female,21.0,Energetique,4,86.7,13.0,72.6,81.7,62.1,1.0,0.2,11.5,Yes,No,Middle,0.0,Yes,Salle 2,70.0,66.0,1.0
ENSPD002266,Male,22.0,Informatique,3,100.0,0.0,65.1,100.0,45.1,0.0,0.6,6.1,Yes,No,Middle,2.0,Yes,Salle 19,263.0,67.4,1.0
ENSPD002267,Female,22.0,Informatique,4,76.5,24.0,64.1,66.4,86.2,1.0,11.4,53.9,Yes,No,Middle,1.0,Yes,Salle 10,230.0,76.6,1.0
ENSPD002268,Female,21.0,Mecanique,1,86.6,13.0,65.5,49.2,55.6,1.0,1.1,14.8,Yes,No,Middle,2.0,Yes,Salle 11,186.0,50.5,1.0
ENSPD002269,Male,24.0,Mecanique,1,100.0,0.0,69.1,48.1,69.4,2.0,0.9,22.2,Yes,No,High,1.0,No,Salle 1,186.0,65.4,1.0
ENSPD002270,Male,22.0,GenieCivil,2,75.0,25.0,69.3,79.3,90.3,0.0,1.4,24.1,No,No,Middle,1.0,Yes,Salle 1,177.0,75.8,1.0
ENSPD002271,Male,21.0,Telecom,2,83.7,16.0,100.0,44.1,45.7,0.0,0.1,6.7,Yes,No,Low,2.0,Yes,Salle 9,161.0,60.0,1.0
ENSPD002272,Male,19.0,Telecom,4,70.7,29.0,47.4,73.2,64.2,0.0,1.5,4.8,No,No,Middle,1.0,Yes,Salle 28,121.0,58.2,1.0
ENSPD002273,Male,20.0,GenieCivil,4,83.0,17.0,79.7,67.3,54.1,2.0,0.5,0.0,No,No,Middle,1.0,Yes,Salle 3,173.0,67.8,1.0
ENSPD002274,Female,19.0,GenieCivil,5,72.6,27.0,82.8,61.6,58.6,3.0,0.9,0.0,Yes,No,Middle,2.0,No,Salle 30,70.0,64.4,1.0
ENSPD002275,Female,22.0,Electrique,1,94.6,5.0,65.1,33.8,100.0,1.0,0.4,5.9,Yes,No,Low,0.0,Yes,Salle 21,143.0,67.9,1.0
ENSPD002276,Female,20.0,Mecanique,1,83.8,16.0,55.2,55.6,73.1,0.0,0.1,1.4,No,No,Middle,1.0,No,Salle 19,186.0,60.5,1.0
ENSPD002277,Female,21.0,Informatique,3,70.8,29.0,90.0,35.8,70.3,1.0,1.1,7.5,Yes,No,Middle,1.0,Yes,Salle 14,263.0,56.3,1.0
ENSPD002278,Male,25.0,Energetique,2,82.2,8.0,32.1,51.4,74.5,1.0,3.1,23.1,No,No,Low,2.0,Yes,Salle 15,71.0,49.2,0.0
ENSPD002279,Female,24.0,Informatique,2,84.2,16.0,54.8,78.5,72.6,2.0,6.1,31.5,Yes,No,Middle,3.0,Yes,Salle 26,298.0,69.7,1.0
ENSPD002280,Male,22.0,Informatique,3,93.4,7.0,82.6,84.2,27.5,1.0,2.0,12.9,No,No,Middle,2.0,Yes,Salle 3,263.0,60.6,1.0
ENSPD002281,Male,22.0,GenieCivil,1,68.2,32.0,59.4,65.9,100.0,5.0,1.0,11.5,No,No,Low,1.0,No,Salle 11,149.0,71.6,1.0
ENSPD002282,Male,26.0,GenieCivil,3,86.4,14.0,88.9,51.7,34.7,0.0,2.9,13.8,Yes,No,High,0.0,Yes,Salle 25,185.0,55.6,1.0
ENSPD002283,Male,23.0,Informatique,2,91.3,9.0,42.3,90.6,98.7,2.0,1.4,8.7,No,Yes,Middle,1.0,Yes,Salle 7,298.0,74.0,1.0
ENSPD002284,Male,21.0,Informatique,3,76.9,23.0,48.3,51.5,76.4,1.0,0.9,3.1,Yes,Yes,Middle,2.0,Yes,Salle 10,263.0,51.6,1.0
ENSPD002285,Male,19.0,Mecanique,4,66.9,33.0,57.0,41.6,67.6,1.0,0.4,9.7,Yes,Yes,Middle,0.0,Yes,Salle 27,178.0,54.0,1.0
ENSPD002286,Male,23.0,Electrique,1,81.5,18.0,71.3,74.5,57.9,3.0,3.2,24.9,No,No,High,0.0,Yes,Salle 28,143.0,69.0,1.0
ENSPD002287,Female,24.0,Mecanique,5,96.7,3.0,61.7,70.2,100.0,1.0,1.4,16.0,No,No,High,1.0,No,Salle 13,67.0,76.0,1.0
ENSPD002288,Male,21.0,GenieCivil,3,95.5,4.0,57.6,52.2,63.5,0.0,6.6,31.5,Yes,No,Middle,1.0,No,Salle 1,185.0,62.4,1.0
ENSPD002289,Male,23.0,Electrique,5,76.9,23.0,86.3,63.8,64.4,1.0,3.2,21.6,No,No,High,1.0,Yes,Salle 27,80.0,70.4,1.0
ENSPD002290,Male,21.0,Telecom,1,66.6,33.0,87.7,70.0,53.3,1.0,1.4,11.6,Yes,No,Middle,1.0,No,Salle 15,121.0,67.3,1.0
ENSPD002291,Female,22.0,Mecanique,3,76.8,23.0,65.1,65.7,50.9,1.0,2.7,16.5,Yes,No,Low,2.0,Yes,Salle 18,212.0,57.5,1.0
ENSPD002292,Male,17.0,Informatique,2,76.4,24.0,39.4,70.3,65.0,1.0,1.2,11.2,Yes,No,Middle,2.0,Yes,Salle 7,298.0,53.5,1.0
ENSPD002293,Male,22.0,GenieCivil,4,87.4,13.0,32.6,52.9,45.4,0.0,0.2,0.5,No,No,Middle,2.0,No,Salle 17,173.0,43.4,0.0
ENSPD002294,Male,24.0,Chimie,3,80.7,19.0,68.6,71.5,77.6,0.0,1.5,9.1,Yes,No,Middle,0.0,No,Salle 1,130.0,68.5,1.0
ENSPD002295,Male,21.0,Informatique,3,73.0,27.0,74.8,62.3,51.1,1.0,4.0,18.3,Yes,No,Low,1.0,Yes,Salle 15,263.0,55.9,1.0
ENSPD002296,Male,22.0,GenieCivil,5,95.3,5.0,65.9,53.5,84.1,0.0,3.9,14.6,No,No,Middle,0.0,No,Salle 30,70.0,69.3,1.0
ENSPD002297,Male,20.0,Informatique,2,83.7,16.0,63.9,57.6,83.7,1.0,1.7,14.1,Yes,No,Middle,0.0,Yes,Salle 27,298.0,66.3,1.0
ENSPD002298,Male,23.0,Informatique,1,87.2,13.0,52.9,60.2,62.9,1.0,1.0,11.8,Yes,No,High,2.0,Yes,Salle 6,248.0,58.7,1.0
ENSPD002299,Male,22.0,GenieCivil,3,61.3,39.0,74.8,36.0,75.6,1.0,0.0,0.0,Yes,No,Middle,1.0,Yes,Salle 16,185.0,58.7,1.0
ENSPD002300,Male,20.0,Mecanique,3,52.9,47.0,65.1,50.5,76.6,1.0,0.7,7.7,Yes,No,Middle,3.0,No,Salle 26,212.0,68.7,1.0
ENSPD002301,Female,25.0,Telecom,2,64.7,35.0,31.7,63.2,34.8,1.0,9.2,40.4,Yes,No,Middle,1.0,No,Salle 18,161.0,43.5,0.0
ENSPD002302,Male,24.0,Electrique,3,76.2,24.0,63.8,37.7,98.6,2.0,2.6,11.5,Yes,No,Middle,1.0,No,Salle 12,188.0,66.7,1.0
ENSPD002303,Male,21.0,GenieCivil,5,88.9,11.0,50.4,50.8,58.9,2.0,2.5,8.4,Yes,No,Middle,3.0,No,Salle 9,70.0,50.5,1.0
ENSPD002304,Male,23.0,GenieCivil,4,53.9,46.0,42.6,61.6,77.9,1.0,2.9,16.8,No,No,Middle,2.0,Yes,Salle 28,173.0,71.9,1.0
ENSPD002305,Female,23.0,GenieCivil,1,100.0,0.0,48.1,61.6,78.5,1.0,1.9,12.7,Yes,No,High,1.0,Yes,Salle 23,149.0,60.6,1.0
ENSPD002306,Male,23.0,Informatique,1,84.0,16.0,70.7,55.1,14.2,1.0,1.8,10.7,No,No,Middle,1.0,Yes,Salle 7,248.0,44.0,0.0
ENSPD002307,Male,19.0,Telecom,5,98.3,2.0,71.1,47.0,50.9,0.0,1.2,13.0,No,Yes,Middle,1.0,Yes,Salle 16,60.0,55.1,1.0
ENSPD002308,Female,24.0,Energetique,4,71.4,29.0,65.1,59.9,80.8,1.0,1.2,12.9,Yes,No,High,1.0,No,Salle 26,70.0,69.7,1.0
ENSPD002309,Male,21.0,Informatique,5,88.0,12.0,65.1,47.3,65.2,1.0,4.1,11.5,Yes,No,High,0.0,Yes,Salle 21,109.0,60.2,1.0
ENSPD002310,Male,21.0,Informatique,2,83.0,17.0,38.6,57.6,77.8,1.0,1.0,12.1,Yes,No,Low,2.0,No,Salle 21,298.0,58.2,1.0
ENSPD002311,Male,27.0,Informatique,4,91.8,8.0,61.4,49.1,65.8,1.0,3.7,16.0,Yes,No,Middle,0.0,No,Salle 16,230.0,57.5,1.0
ENSPD002312,Female,23.0,Electrique,4,79.2,21.0,44.2,81.0,88.6,1.0,3.6,18.3,No,No,Middle,1.0,No,Salle 29,157.0,70.9,1.0
ENSPD002313,Male,21.0,Electrique,2,87.7,12.0,46.9,63.5,66.3,1.0,2.9,23.2,No,No,High,0.0,No,Salle 3,185.0,57.2,1.0
ENSPD002314,Female,18.0,Telecom,3,95.2,5.0,73.7,43.9,63.5,1.0,0.1,5.2,Yes,No,Low,1.0,Yes,Salle 24,154.0,74.4,1.0
ENSPD002315,Other,25.0,Chimie,3,82.2,26.0,67.9,77.1,44.4,2.0,0.3,10.3,Yes,Yes,Middle,3.0,Yes,Salle 27,130.0,59.5,1.0
ENSPD002316,Male,19.0,GenieCivil,3,84.9,15.0,73.8,44.8,61.4,1.0,0.8,7.2,No,No,Low,1.0,Yes,Salle 15,185.0,63.8,1.0
ENSPD002317,Male,20.0,Electrique,4,59.3,41.0,59.6,33.8,52.1,0.0,3.8,23.9,Yes,No,Middle,3.0,Yes,Salle 26,157.0,49.8,0.0
ENSPD002318,Male,21.0,Electrique,4,90.4,10.0,76.9,61.9,71.8,1.0,4.1,21.2,Yes,Yes,High,1.0,Yes,Salle 4,157.0,67.3,1.0
ENSPD002319,Male,25.0,GenieCivil,4,100.0,0.0,58.8,96.3,58.4,1.0,0.1,4.3,No,Yes,Middle,1.0,Yes,Salle 30,173.0,65.6,1.0
ENSPD002320,Male,24.0,GenieCivil,4,67.1,33.0,81.8,29.1,59.4,2.0,0.8,8.7,No,No,Middle,0.0,Yes,Salle 11,173.0,55.8,1.0
ENSPD002321,Female,22.0,Electrique,3,80.9,19.0,70.2,38.0,49.9,1.0,3.8,15.7,Yes,No,High,0.0,Yes,Salle 2,188.0,51.2,1.0
ENSPD002322,Female,23.0,Electrique,2,92.6,7.0,61.9,75.5,54.8,2.0,0.6,5.3,No,Yes,Middle,1.0,No,Salle 13,185.0,65.6,1.0
ENSPD002323,Female,21.0,Electrique,4,82.4,18.0,68.2,50.4,63.5,2.0,7.5,37.4,Yes,No,Low,0.0,No,Salle 14,157.0,57.3,1.0
ENSPD002324,Male,22.0,Electrique,3,84.0,16.0,64.7,73.0,23.6,3.0,1.3,13.6,Yes,No,Middle,1.0,Yes,Salle 13,188.0,46.3,0.0
ENSPD002325,Female,22.0,Chimie,2,77.3,23.0,88.9,46.9,18.0,1.0,5.5,23.4,Yes,Yes,Low,2.0,Yes,Salle 1,119.0,47.6,0.0
ENSPD002326,Female,24.0,Electrique,3,76.9,23.0,68.7,64.6,65.2,1.0,1.1,16.3,No,No,Middle,1.0,Yes,Salle 20,188.0,68.1,1.0
ENSPD002327,Female,24.0,GenieCivil,1,81.0,19.0,65.0,93.4,8.6,4.0,0.8,15.4,Yes,No,Middle,1.0,Yes,Salle 2,149.0,46.8,0.0
ENSPD002328,Male,23.0,Electrique,3,82.5,18.0,61.4,40.5,60.1,0.0,0.9,4.9,Yes,Yes,Low,1.0,No,Salle 10,188.0,52.9,1.0
ENSPD002329,Female,21.0,GenieCivil,2,67.8,32.0,77.6,80.4,56.5,3.0,4.3,20.4,Yes,No,Low,1.0,Yes,Salle 22,177.0,69.6,1.0
ENSPD002330,Male,23.0,Mecanique,2,81.2,19.0,75.6,74.2,74.8,3.0,0.8,8.1,No,No,Middle,2.0,Yes,Salle 29,231.0,74.1,1.0
ENSPD002331,Male,22.0,Informatique,5,100.0,0.0,60.9,35.2,50.6,1.0,2.2,18.7,No,No,High,0.0,Yes,Salle 27,109.0,47.8,0.0
ENSPD002332,Male,20.0,Electrique,4,77.0,23.0,47.7,72.1,95.4,0.0,1.3,12.5,Yes,No,Middle,1.0,Yes,Salle 27,157.0,73.2,1.0
ENSPD002333,Female,21.0,Electrique,4,67.2,33.0,51.5,63.3,81.0,2.0,5.7,26.6,Yes,No,Middle,2.0,Yes,Salle 26,157.0,65.4,1.0
ENSPD002334,Female,22.0,Energetique,3,80.2,20.0,62.2,63.6,33.8,1.0,0.3,1.1,No,Yes,Middle,1.0,Yes,Salle 30,104.0,50.1,1.0
ENSPD002335,Male,24.0,Mecanique,4,73.4,27.0,85.2,68.1,58.3,1.0,1.1,1.6,Yes,No,High,2.0,Yes,Salle 15,178.0,66.0,1.0
ENSPD002336,Male,22.0,Mecanique,4,65.9,34.0,61.2,61.6,94.5,3.0,0.3,7.3,Yes,No,High,1.0,Yes,Salle 27,178.0,69.7,1.0
ENSPD002337,Male,20.0,Informatique,3,83.7,16.0,56.1,63.3,50.0,0.0,1.4,19.1,No,No,Low,2.0,Yes,Salle 10,263.0,52.0,1.0
ENSPD002338,Male,22.0,Informatique,5,73.5,26.0,38.6,66.3,62.9,0.0,1.0,9.0,Yes,No,Middle,0.0,Yes,Salle 7,109.0,53.7,1.0
ENSPD002339,Male,22.0,Chimie,1,74.5,26.0,87.7,75.4,92.1,1.0,0.1,7.1,Yes,Yes,Middle,2.0,Yes,Salle 24,96.0,83.6,1.0
ENSPD002340,Male,22.0,Mecanique,5,83.8,16.0,73.5,34.5,53.2,2.0,3.8,21.0,Yes,No,Middle,1.0,No,Salle 1,67.0,55.8,1.0
ENSPD002341,Female,24.0,Electrique,2,63.6,36.0,76.9,85.2,86.5,0.0,0.9,2.0,Yes,No,Middle,0.0,No,Salle 27,185.0,76.1,1.0
ENSPD002342,Male,24.0,Electrique,3,61.1,39.0,79.4,41.2,45.8,1.0,1.4,16.9,Yes,No,Low,1.0,No,Salle 9,188.0,52.8,1.0
ENSPD002343,Male,21.0,GenieCivil,1,90.1,10.0,62.5,75.7,6.2,2.0,1.0,5.8,No,No,Middle,1.0,Yes,Salle 30,149.0,40.6,0.0
ENSPD002344,Male,21.0,Telecom,3,82.2,41.0,66.3,63.4,88.6,1.0,1.3,7.0,Yes,No,Middle,1.0,Yes,Salle 12,154.0,72.0,1.0
ENSPD002345,Female,20.0,GenieCivil,3,70.3,30.0,87.3,38.9,72.8,1.0,0.0,6.9,Yes,Yes,Middle,1.0,Yes,Salle 9,185.0,67.8,1.0
ENSPD002346,Female,23.0,Mecanique,5,60.4,40.0,67.7,71.5,74.1,1.0,3.4,15.7,Yes,No,Middle,4.0,No,Salle 4,67.0,63.8,1.0
ENSPD002347,Female,25.0,Telecom,5,76.2,24.0,73.8,45.0,42.1,2.0,0.8,3.0,No,No,Middle,0.0,Yes,Salle 17,60.0,48.9,0.0
ENSPD002348,Male,21.0,Telecom,5,87.1,13.0,78.1,81.2,43.7,1.0,2.6,19.3,Yes,No,Middle,4.0,Yes,Salle 8,60.0,61.6,1.0
ENSPD002349,Female,22.0,Informatique,2,83.3,17.0,74.6,49.2,87.0,0.0,0.1,5.9,Yes,No,Middle,1.0,Yes,Salle 3,298.0,69.7,1.0
ENSPD002350,Male,25.0,Informatique,5,100.0,0.0,63.1,35.1,68.9,0.0,1.4,14.8,No,Yes,High,2.0,Yes,Salle 17,109.0,55.6,1.0
ENSPD002351,Female,23.0,Informatique,2,95.0,5.0,64.5,89.6,61.7,0.0,4.8,22.7,Yes,No,Middle,2.0,No,Salle 19,298.0,73.4,1.0
ENSPD002352,Female,23.0,Mecanique,4,70.8,29.0,76.7,65.3,68.4,1.0,1.0,7.2,Yes,No,Middle,0.0,Yes,Salle 2,178.0,67.7,1.0
ENSPD002353,Female,20.0,Energetique,1,67.6,32.0,76.6,77.6,94.2,1.0,0.4,7.6,Yes,No,Low,1.0,Yes,Salle 10,83.0,80.9,1.0
ENSPD002354,Female,23.0,Electrique,3,100.0,0.0,82.5,46.7,78.5,0.0,0.2,7.2,Yes,No,Middle,0.0,Yes,Salle 7,188.0,69.4,1.0
ENSPD002355,Female,20.0,Mecanique,5,94.8,5.0,73.3,27.9,54.5,1.0,3.9,18.0,Yes,No,Middle,1.0,Yes,Salle 12,67.0,53.4,1.0
ENSPD002356,Male,20.0,Telecom,5,89.1,11.0,73.9,92.2,35.9,2.0,0.5,4.0,Yes,Yes,Low,1.0,Yes,Salle 29,60.0,66.5,1.0
ENSPD002357,Female,21.0,GenieCivil,3,82.9,17.0,58.3,61.9,75.8,0.0,7.4,38.2,No,Yes,Middle,3.0,Yes,Salle 22,185.0,63.5,1.0
ENSPD002358,Male,21.0,Mecanique,4,85.3,15.0,56.3,70.8,45.5,1.0,0.6,8.7,No,No,Middle,0.0,Yes,Salle 9,178.0,57.6,1.0
ENSPD002359,Male,22.0,Energetique,1,64.2,36.0,76.7,73.8,40.4,3.0,1.3,11.3,Yes,Yes,Middle,1.0,Yes,Salle 11,83.0,54.9,1.0
ENSPD002360,Male,19.0,Telecom,4,83.9,16.0,56.4,56.0,90.3,2.0,1.2,1.9,Yes,No,Middle,1.0,No,Salle 13,121.0,75.5,1.0
ENSPD002361,Male,24.0,Telecom,3,82.9,17.0,65.1,66.1,81.4,2.0,0.1,6.4,Yes,No,Middle,0.0,Yes,Salle 2,154.0,67.7,1.0
ENSPD002362,Male,24.0,GenieCivil,1,71.2,29.0,85.7,90.7,71.7,0.0,1.5,12.5,Yes,No,Middle,2.0,Yes,Salle 11,149.0,81.8,1.0
ENSPD002363,Male,18.0,Chimie,1,75.5,24.0,83.3,61.4,39.2,0.0,2.2,12.5,Yes,No,Low,1.0,Yes,Salle 8,96.0,54.9,1.0
ENSPD002364,Male,24.0,Informatique,1,100.0,0.0,69.5,79.0,99.8,0.0,2.7,18.1,No,No,Middle,1.0,Yes,Salle 3,248.0,85.0,1.0
ENSPD002365,Male,20.0,Electrique,4,80.5,20.0,60.6,26.2,84.6,0.0,1.5,8.2,Yes,No,Low,1.0,Yes,Salle 5,157.0,60.4,1.0
ENSPD002366,Male,24.0,Energetique,1,100.0,0.0,63.1,82.2,57.9,1.0,3.3,19.6,Yes,Yes,High,1.0,Yes,Salle 27,83.0,69.4,1.0
ENSPD002367,Male,22.0,Mecanique,2,61.1,39.0,65.1,34.6,53.7,0.0,2.8,10.1,Yes,No,Low,0.0,Yes,Salle 29,231.0,53.1,1.0
ENSPD002368,Male,22.0,Chimie,2,75.7,24.0,64.5,80.2,65.6,0.0,0.4,10.2,No,No,Middle,2.0,Yes,Salle 9,119.0,69.8,0.0
ENSPD002369,Male,22.0,GenieCivil,3,63.4,37.0,56.6,69.0,54.4,2.0,1.0,5.9,No,No,High,1.0,No,Salle 9,185.0,51.9,1.0
ENSPD002370,Female,24.0,Informatique,3,67.5,32.0,83.2,60.3,100.0,1.0,0.3,7.9,No,No,Middle,1.0,Yes,Salle 17,263.0,79.3,1.0
ENSPD002371,Female,20.0,Chimie,3,72.1,28.0,67.7,60.2,56.3,2.0,0.3,11.2,Yes,No,High,0.0,No,Salle 2,130.0,62.5,1.0
ENSPD002372,Female,23.0,Informatique,3,85.8,14.0,56.3,57.5,42.6,2.0,2.5,11.5,Yes,No,Middle,3.0,Yes,Salle 22,263.0,52.7,1.0
ENSPD002373,Female,24.0,Electrique,2,85.2,15.0,72.2,61.6,63.5,1.0,1.5,12.7,Yes,Yes,Low,2.0,Yes,Salle 29,177.0,72.2,1.0
ENSPD002374,Male,23.0,Informatique,2,73.8,26.0,79.6,58.3,52.6,3.0,1.8,15.5,Yes,No,Middle,1.0,Yes,Salle 17,298.0,60.6,1.0
ENSPD002375,Female,27.0,Energetique,4,55.3,45.0,49.9,100.0,79.7,1.0,2.6,21.4,No,No,Low,1.0,No,Salle 2,70.0,69.5,1.0
ENSPD002376,Male,21.0,Mecanique,2,99.7,0.0,62.0,85.4,77.5,0.0,0.6,7.9,Yes,No,Low,1.0,Yes,Salle 26,231.0,69.0,1.0
ENSPD002377,Male,24.0,Mecanique,2,78.6,21.0,61.3,46.3,62.8,1.0,1.0,12.9,No,No,Middle,1.0,No,Salle 24,231.0,58.1,1.0
ENSPD002378,Female,22.0,Informatique,4,68.6,31.0,71.8,66.8,44.5,0.0,1.9,7.9,Yes,No,High,1.0,Yes,Salle 6,230.0,58.0,1.0
ENSPD002379,Male,24.0,Energetique,2,85.3,15.0,74.5,63.7,63.0,3.0,0.2,2.9,No,No,Low,0.0,Yes,Salle 26,71.0,66.0,1.0
ENSPD002380,Female,22.0,Chimie,4,84.5,16.0,56.7,59.4,40.6,1.0,3.6,25.4,No,No,Low,1.0,No,Salle 17,93.0,44.9,0.0
ENSPD002381,Female,21.0,Chimie,2,78.1,22.0,42.6,44.0,63.5,2.0,0.8,7.2,No,Yes,Middle,0.0,Yes,Salle 3,119.0,49.0,0.0
ENSPD002382,Female,25.0,GenieCivil,3,83.8,16.0,80.5,70.0,79.5,1.0,2.2,11.7,Yes,No,Middle,3.0,Yes,Salle 22,185.0,70.1,1.0
ENSPD002383,Female,21.0,GenieCivil,1,68.1,32.0,48.2,77.2,98.4,1.0,10.8,47.1,Yes,No,Middle,0.0,Yes,Salle 1,149.0,66.8,1.0
ENSPD002384,Male,19.0,Informatique,2,91.1,9.0,69.1,47.0,42.2,1.0,1.3,7.4,No,No,High,1.0,Yes,Salle 23,298.0,49.1,0.0
ENSPD002385,Male,21.0,Electrique,2,70.0,30.0,63.0,97.2,59.0,4.0,0.5,6.3,Yes,No,Middle,0.0,Yes,Salle 6,185.0,73.5,1.0
ENSPD002386,Female,23.0,Mecanique,4,74.7,25.0,67.4,61.6,53.5,4.0,0.5,2.8,Yes,No,Middle,0.0,Yes,Salle 22,178.0,66.8,1.0
ENSPD002387,Male,25.0,Energetique,5,89.8,10.0,89.8,71.9,69.5,1.0,0.1,3.1,No,Yes,Middle,3.0,Yes,Salle 10,40.0,74.3,1.0
ENSPD002388,Female,22.0,Chimie,2,96.4,4.0,65.1,39.8,33.6,1.0,2.9,16.9,Yes,No,Middle,1.0,Yes,Salle 8,119.0,53.9,1.0
ENSPD002389,Female,25.0,GenieCivil,4,100.0,0.0,40.5,69.2,45.4,1.0,0.7,14.1,Yes,Yes,Middle,0.0,No,Salle 12,173.0,49.4,0.0
ENSPD002390,Female,19.0,Informatique,3,94.7,5.0,79.8,61.6,30.2,5.0,1.4,6.4,No,Yes,Middle,1.0,No,Salle 17,263.0,59.5,1.0
ENSPD002391,Male,21.0,Chimie,5,78.1,22.0,62.7,61.6,35.2,1.0,2.5,8.1,Yes,Yes,Middle,1.0,No,Salle 1,48.0,52.4,1.0
ENSPD002392,Male,21.0,Informatique,4,63.5,36.0,80.7,90.6,50.8,3.0,0.7,11.8,Yes,No,Low,0.0,Yes,Salle 7,230.0,72.6,1.0
ENSPD002393,Male,22.0,Informatique,1,82.2,1.0,79.4,58.8,97.4,1.0,1.8,15.4,Yes,No,Low,0.0,No,Salle 11,248.0,80.2,1.0
ENSPD002394,Male,22.0,Informatique,4,98.4,2.0,65.1,61.6,71.0,2.0,1.1,6.2,No,No,Middle,0.0,Yes,Salle 16,230.0,89.7,1.0
ENSPD002395,Female,23.0,Electrique,3,73.9,26.0,69.3,69.3,65.3,1.0,0.8,11.4,Yes,Yes,Middle,1.0,Yes,Salle 17,188.0,68.1,1.0
ENSPD002396,Male,21.0,Chimie,1,93.1,7.0,65.1,56.8,90.9,1.0,1.3,9.7,Yes,No,Middle,1.0,Yes,Salle 25,96.0,68.1,1.0
ENSPD002397,Male,22.0,Mecanique,2,78.0,22.0,78.9,100.0,71.7,0.0,0.8,14.0,Yes,No,Middle,2.0,Yes,Salle 26,231.0,77.2,1.0
ENSPD002398,Male,22.0,Informatique,5,100.0,0.0,66.8,76.9,73.6,1.0,4.1,31.0,Yes,No,High,0.0,Yes,Salle 14,109.0,73.4,1.0
ENSPD002399,Female,20.0,GenieCivil,5,75.8,24.0,65.1,53.8,54.5,2.0,0.2,7.4,Yes,No,Middle,1.0,Yes,Salle 14,70.0,51.1,1.0
ENSPD002400,Female,22.0,Chimie,4,100.0,0.0,57.9,63.5,63.5,3.0,0.1,8.5,Yes,No,Middle,1.0,Yes,Salle 6,93.0,57.6,1.0
ENSPD002401,Male,22.0,Mecanique,5,91.4,9.0,80.1,61.6,37.8,1.0,1.0,15.4,Yes,No,Low,2.0,Yes,Salle 30,67.0,65.8,1.0
ENSPD002402,Male,22.0,Informatique,4,100.0,0.0,89.1,59.3,52.0,1.0,0.4,10.4,No,No,Low,1.0,No,Salle 2,230.0,68.1,1.0
ENSPD002403,Male,22.0,Energetique,1,76.4,24.0,47.1,64.4,63.5,1.0,2.7,17.6,Yes,No,High,0.0,Yes,Salle 12,83.0,53.5,1.0
ENSPD002404,Male,22.0,Energetique,2,86.9,13.0,74.3,47.3,70.9,1.0,0.9,8.2,Yes,No,Middle,0.0,Yes,Salle 22,71.0,62.4,1.0
ENSPD002405,Female,21.0,Energetique,1,70.4,30.0,59.4,31.7,63.3,2.0,0.6,2.9,Yes,No,Middle,0.0,No,Salle 16,83.0,51.7,1.0
ENSPD002406,Female,25.0,Chimie,1,92.1,8.0,43.0,63.9,56.7,1.0,0.9,11.5,Yes,No,Low,1.0,Yes,Salle 22,96.0,52.8,1.0
ENSPD002407,Male,20.0,Informatique,1,92.8,7.0,67.2,64.5,45.8,2.0,0.5,11.5,No,No,Middle,0.0,Yes,Salle 18,248.0,58.5,1.0
ENSPD002408,Male,21.0,Informatique,3,100.0,0.0,52.5,71.5,72.0,1.0,0.7,7.9,No,Yes,Middle,0.0,Yes,Salle 6,263.0,64.4,1.0
ENSPD002409,Other,28.0,Mecanique,4,87.8,12.0,41.3,51.6,54.0,0.0,1.4,4.5,No,No,Middle,0.0,Yes,Salle 14,178.0,46.4,0.0
ENSPD002410,Male,20.0,Mecanique,4,90.7,9.0,53.3,37.9,71.1,5.0,4.0,19.6,Yes,No,Middle,1.0,Yes,Salle 21,178.0,53.3,1.0
ENSPD002411,Female,19.0,Energetique,3,76.4,24.0,49.6,44.6,25.7,0.0,0.9,7.6,No,Yes,Middle,2.0,No,Salle 14,104.0,39.9,0.0
ENSPD002412,Male,23.0,Chimie,5,88.5,12.0,55.3,81.0,70.7,1.0,0.8,2.6,No,No,Middle,0.0,Yes,Salle 7,48.0,68.9,1.0
ENSPD002413,Male,18.0,Chimie,3,77.4,23.0,45.1,50.0,78.9,2.0,3.0,18.6,Yes,No,Middle,3.0,Yes,Salle 27,130.0,59.5,1.0
ENSPD002414,Male,22.0,Informatique,4,83.4,17.0,59.1,54.0,76.4,0.0,0.0,8.7,Yes,No,Low,1.0,Yes,Salle 25,230.0,68.1,1.0
ENSPD002415,Male,26.0,Telecom,2,84.1,16.0,54.3,56.4,60.1,3.0,0.7,7.8,No,No,Middle,1.0,Yes,Salle 9,161.0,54.4,1.0
ENSPD002416,Female,19.0,Telecom,2,77.8,22.0,70.6,50.9,82.3,1.0,1.2,4.8,Yes,No,Low,1.0,Yes,Salle 13,161.0,62.7,1.0
ENSPD002417,Male,18.0,Informatique,5,82.8,17.0,73.9,49.5,38.5,0.0,1.4,11.8,No,No,High,2.0,Yes,Salle 8,109.0,52.1,1.0
ENSPD002418,Male,19.0,Telecom,2,77.5,22.0,68.9,46.3,62.2,1.0,0.3,9.1,No,No,High,2.0,No,Salle 19,161.0,58.7,1.0
ENSPD002419,Male,24.0,Mecanique,3,77.4,23.0,61.5,61.6,60.1,1.0,1.1,12.2,Yes,No,Middle,0.0,Yes,Salle 13,212.0,67.6,1.0
ENSPD002420,Male,24.0,Informatique,2,94.9,5.0,61.1,74.2,84.7,1.0,1.7,11.6,Yes,No,High,1.0,Yes,Salle 5,298.0,73.0,1.0
ENSPD002421,Male,21.0,Electrique,3,84.1,16.0,52.4,84.5,23.6,0.0,1.4,12.2,Yes,Yes,Middle,4.0,Yes,Salle 14,188.0,51.9,1.0
ENSPD002422,Male,23.0,Electrique,5,86.2,14.0,52.8,88.1,63.5,1.0,1.7,9.3,Yes,No,Middle,0.0,Yes,Salle 19,80.0,61.2,1.0
ENSPD002423,Female,25.0,Informatique,1,64.5,36.0,75.6,19.7,98.9,0.0,2.2,16.8,Yes,No,Middle,0.0,Yes,Salle 7,248.0,67.8,1.0
ENSPD002424,Male,26.0,Mecanique,4,87.1,13.0,38.6,68.2,15.4,0.0,1.0,7.4,No,No,Middle,2.0,No,Salle 1,178.0,38.2,0.0
ENSPD002425,Male,22.0,Energetique,1,88.4,12.0,63.8,51.4,80.3,2.0,0.1,2.3,No,No,High,1.0,Yes,Salle 17,83.0,64.5,1.0
ENSPD002426,Female,17.0,Electrique,2,77.2,23.0,60.1,82.1,50.0,0.0,0.1,9.2,No,No,Low,0.0,Yes,Salle 11,185.0,62.1,1.0
ENSPD002427,Male,20.0,Chimie,1,100.0,0.0,74.0,48.7,69.1,1.0,3.9,21.1,Yes,No,Middle,1.0,Yes,Salle 10,96.0,62.9,1.0
ENSPD002428,Female,21.0,Informatique,4,54.5,46.0,43.6,43.0,92.3,1.0,1.4,14.5,Yes,No,Middle,3.0,Yes,Salle 14,230.0,60.0,1.0
ENSPD002429,Male,21.0,Informatique,1,91.4,9.0,65.2,36.2,69.9,1.0,2.9,18.7,Yes,No,Middle,2.0,Yes,Salle 11,248.0,59.9,1.0
ENSPD002430,Female,22.0,Mecanique,3,82.2,9.0,70.1,56.6,92.7,1.0,5.3,25.9,Yes,No,Middle,1.0,Yes,Salle 21,212.0,73.4,1.0
ENSPD002431,Female,24.0,Mecanique,2,88.5,12.0,36.4,78.5,54.2,1.0,2.8,12.5,Yes,No,Middle,1.0,Yes,Salle 21,231.0,53.3,1.0
ENSPD002432,Female,25.0,Mecanique,1,84.1,16.0,48.9,66.6,56.8,1.0,2.4,13.7,Yes,No,High,1.0,Yes,Salle 23,186.0,50.7,1.0
ENSPD002433,Other,22.0,Informatique,4,88.6,11.0,65.1,40.4,79.7,1.0,2.1,7.4,Yes,No,Middle,2.0,Yes,Salle 15,230.0,67.0,1.0
ENSPD002434,Male,24.0,Electrique,1,92.4,8.0,72.7,61.6,55.2,1.0,0.6,12.1,Yes,No,Middle,0.0,Yes,Salle 9,143.0,67.5,1.0
ENSPD002435,Female,23.0,Mecanique,2,73.3,27.0,67.7,73.7,75.9,0.0,6.3,11.5,No,No,Middle,2.0,Yes,Salle 7,231.0,70.4,1.0
ENSPD002436,Male,22.0,Telecom,2,85.6,14.0,73.4,76.0,87.7,2.0,1.6,19.2,No,No,Middle,1.0,Yes,Salle 7,161.0,81.9,1.0
ENSPD002437,Male,24.0,Informatique,3,79.8,20.0,48.8,85.1,81.4,1.0,0.5,3.8,Yes,No,Middle,1.0,No,Salle 11,263.0,67.0,1.0
ENSPD002438,Male,22.0,GenieCivil,3,68.9,31.0,41.2,32.5,32.4,2.0,1.4,9.5,No,No,Middle,1.0,Yes,Salle 27,185.0,39.4,0.0
ENSPD002439,Male,26.0,Informatique,1,90.6,9.0,66.3,45.6,57.2,1.0,3.4,26.1,Yes,No,High,1.0,Yes,Salle 9,248.0,58.7,1.0
ENSPD002440,Male,19.0,GenieCivil,2,75.2,25.0,46.6,76.8,69.6,0.0,0.6,8.4,No,No,Middle,2.0,Yes,Salle 29,177.0,57.7,1.0
ENSPD002441,Male,21.0,Informatique,2,64.0,36.0,52.0,47.4,59.1,1.0,0.1,4.1,No,No,Low,2.0,No,Salle 24,298.0,50.6,1.0
ENSPD002442,Male,22.0,Energetique,2,75.5,24.0,79.0,57.0,65.6,0.0,1.1,9.5,Yes,No,Middle,1.0,Yes,Salle 1,71.0,68.7,1.0
ENSPD002443,Female,23.0,Chimie,4,72.4,28.0,67.8,60.6,63.5,1.0,3.4,15.1,No,Yes,Middle,0.0,Yes,Salle 28,93.0,62.6,1.0
ENSPD002444,Female,25.0,GenieCivil,4,94.3,6.0,56.5,39.0,53.5,0.0,1.1,1.3,Yes,No,Low,1.0,Yes,Salle 14,173.0,51.6,1.0
ENSPD002445,Male,22.0,Informatique,3,83.8,16.0,54.5,55.5,60.1,1.0,3.3,20.6,No,No,High,1.0,Yes,Salle 5,263.0,56.9,1.0
ENSPD002446,Male,19.0,Electrique,2,98.6,1.0,74.3,61.6,63.5,1.0,3.5,10.9,Yes,No,Middle,2.0,No,Salle 27,185.0,64.5,1.0
ENSPD002447,Male,24.0,Chimie,3,74.0,26.0,68.2,75.1,54.4,2.0,3.9,15.1,Yes,No,Middle,1.0,Yes,Salle 18,130.0,60.2,1.0
ENSPD002448,Male,24.0,Informatique,4,92.5,8.0,46.8,82.0,33.5,1.0,1.8,12.4,Yes,Yes,Low,1.0,Yes,Salle 26,230.0,46.5,0.0
ENSPD002449,Male,18.0,Electrique,3,100.0,0.0,35.8,80.2,66.3,4.0,2.4,12.0,No,No,High,2.0,Yes,Salle 10,188.0,63.0,1.0
ENSPD002450,Male,22.0,Telecom,4,86.3,14.0,93.2,69.3,63.5,2.0,0.6,9.4,Yes,No,Middle,3.0,No,Salle 19,121.0,75.4,1.0
ENSPD002451,Male,19.0,Chimie,4,92.3,8.0,46.7,67.9,45.7,1.0,1.4,12.2,No,No,Low,1.0,Yes,Salle 11,93.0,51.3,1.0
ENSPD002452,Female,21.0,Chimie,3,90.3,10.0,65.1,66.6,99.7,1.0,1.5,11.5,Yes,No,Middle,1.0,Yes,Salle 30,130.0,82.1,1.0
ENSPD002453,Male,20.0,Telecom,2,64.9,35.0,87.7,50.7,59.1,0.0,0.0,2.6,Yes,No,Middle,0.0,Yes,Salle 18,161.0,64.0,1.0
ENSPD002454,Male,24.0,Energetique,4,89.0,11.0,67.2,43.5,69.7,1.0,1.3,11.5,No,No,Low,2.0,Yes,Salle 26,70.0,57.6,1.0
ENSPD002455,Female,22.0,GenieCivil,1,85.7,14.0,56.0,49.6,51.2,0.0,0.2,8.5,Yes,No,High,1.0,Yes,Salle 30,149.0,47.5,0.0
ENSPD002456,Male,19.0,Electrique,4,78.9,21.0,43.6,56.1,55.7,0.0,0.2,9.5,Yes,No,Middle,2.0,No,Salle 15,157.0,47.8,0.0
ENSPD002457,Male,24.0,Chimie,4,71.4,29.0,43.4,50.2,70.5,2.0,4.1,24.8,Yes,No,High,3.0,Yes,Salle 4,93.0,53.4,1.0
ENSPD002458,Female,19.0,Electrique,4,90.3,10.0,70.7,69.4,57.4,2.0,2.0,12.0,Yes,No,Low,1.0,Yes,Salle 1,157.0,63.8,1.0
ENSPD002459,Male,23.0,Energetique,3,70.3,30.0,86.8,65.6,64.1,1.0,2.1,11.9,Yes,No,Middle,2.0,Yes,Salle 22,104.0,63.3,1.0
ENSPD002460,Male,20.0,Informatique,1,100.0,0.0,59.1,67.6,80.1,1.0,1.0,5.2,Yes,No,Middle,1.0,No,Salle 26,248.0,71.4,1.0
ENSPD002461,Other,22.0,Mecanique,1,83.4,17.0,56.7,68.3,53.6,2.0,1.4,12.3,Yes,No,Middle,2.0,Yes,Salle 26,186.0,58.7,1.0
ENSPD002462,Female,23.0,Mecanique,4,67.3,33.0,75.5,83.5,37.4,1.0,1.4,9.3,Yes,Yes,Middle,1.0,Yes,Salle 30,178.0,60.1,1.0
ENSPD002463,Female,23.0,Mecanique,4,75.8,24.0,54.7,61.8,33.5,1.0,1.1,12.0,Yes,No,Middle,1.0,No,Salle 12,178.0,43.7,0.0
ENSPD002464,Male,25.0,Mecanique,3,78.7,21.0,69.1,61.6,92.8,1.0,1.8,4.7,Yes,No,Middle,0.0,Yes,Salle 24,212.0,83.8,1.0
ENSPD002465,Female,22.0,Electrique,1,100.0,0.0,65.6,71.3,82.6,1.0,0.4,10.3,Yes,No,Middle,1.0,No,Salle 7,143.0,72.6,1.0
ENSPD002466,Male,23.0,Informatique,5,71.4,29.0,58.9,82.3,77.1,2.0,0.6,5.6,No,No,Middle,1.0,Yes,Salle 1,109.0,67.0,1.0
ENSPD002467,Male,21.0,Chimie,5,80.6,19.0,64.8,91.1,55.3,1.0,1.4,11.5,Yes,No,Low,2.0,Yes,Salle 26,48.0,70.0,1.0
ENSPD002468,Male,22.0,Electrique,2,75.5,24.0,65.1,61.6,37.3,2.0,1.0,3.8,Yes,No,Low,0.0,Yes,Salle 12,185.0,61.4,1.0
ENSPD002469,Male,23.0,Mecanique,3,88.0,12.0,74.1,63.9,58.4,2.0,3.4,16.6,Yes,No,Middle,2.0,Yes,Salle 5,212.0,53.4,1.0
ENSPD002470,Male,22.0,Mecanique,4,75.7,24.0,81.4,63.8,62.1,0.0,3.4,15.7,No,No,Middle,1.0,Yes,Salle 14,178.0,66.1,1.0
ENSPD002471,Male,18.0,Electrique,4,68.3,32.0,51.2,53.5,41.4,1.0,0.8,8.3,Yes,No,Middle,1.0,Yes,Salle 17,157.0,43.4,0.0
ENSPD002472,Female,23.0,Chimie,5,79.7,20.0,81.4,52.9,63.5,2.0,1.2,11.6,Yes,No,Middle,0.0,Yes,Salle 9,48.0,48.2,0.0
ENSPD002473,Female,23.0,Telecom,1,78.4,22.0,74.6,78.2,29.4,0.0,7.5,34.5,No,No,Low,2.0,Yes,Salle 29,121.0,54.5,1.0
ENSPD002474,Female,21.0,Telecom,3,74.9,25.0,42.5,44.7,77.1,2.0,3.5,17.1,Yes,Yes,High,0.0,Yes,Salle 15,154.0,52.0,1.0
ENSPD002475,Male,19.0,Energetique,3,75.5,24.0,73.1,91.1,39.9,2.0,0.5,7.6,Yes,Yes,Middle,2.0,Yes,Salle 10,104.0,60.0,1.0
ENSPD002476,Female,25.0,Electrique,4,96.2,4.0,57.3,59.3,70.2,1.0,0.7,8.4,No,No,Middle,0.0,Yes,Salle 24,157.0,63.3,1.0
ENSPD002477,Male,23.0,Telecom,4,78.2,22.0,65.1,100.0,56.0,1.0,0.2,10.9,Yes,No,Middle,1.0,No,Salle 26,121.0,65.9,1.0
ENSPD002478,Female,22.0,Chimie,5,68.4,32.0,66.9,49.5,75.8,1.0,2.3,11.8,Yes,Yes,Low,1.0,Yes,Salle 10,48.0,56.7,1.0
ENSPD002479,Male,20.0,Telecom,3,76.5,24.0,73.1,66.5,63.5,3.0,0.8,7.8,Yes,No,Middle,3.0,Yes,Salle 26,154.0,71.0,1.0
ENSPD002480,Female,20.0,Informatique,4,82.7,17.0,67.3,55.7,59.4,2.0,1.5,11.5,Yes,No,High,0.0,Yes,Salle 4,230.0,58.6,1.0
ENSPD002481,Male,25.0,Energetique,2,66.0,34.0,63.4,47.7,66.6,1.0,2.9,11.5,No,Yes,Low,1.0,Yes,Salle 4,71.0,62.0,1.0
ENSPD002482,Female,22.0,GenieCivil,2,100.0,0.0,60.0,61.6,61.8,1.0,3.6,17.9,No,Yes,Middle,3.0,Yes,Salle 27,177.0,69.9,1.0
ENSPD002483,Female,21.0,Chimie,2,92.4,8.0,100.0,42.1,51.7,4.0,0.8,4.5,Yes,Yes,Middle,1.0,Yes,Salle 15,119.0,56.8,1.0
ENSPD002484,Male,23.0,Informatique,4,99.2,1.0,47.3,61.6,83.6,1.0,0.5,2.0,No,No,High,1.0,Yes,Salle 15,230.0,63.3,1.0
ENSPD002485,Male,20.0,Mecanique,5,86.7,13.0,78.1,72.6,55.5,2.0,3.8,21.1,Yes,No,Low,0.0,Yes,Salle 25,67.0,68.0,1.0
ENSPD002486,Other,25.0,Mecanique,2,56.9,43.0,65.2,75.4,62.3,1.0,1.0,14.3,No,No,Low,1.0,Yes,Salle 12,231.0,60.2,1.0
ENSPD002487,Male,25.0,Mecanique,1,100.0,0.0,52.2,36.9,35.7,0.0,3.5,27.4,Yes,Yes,Middle,1.0,Yes,Salle 17,186.0,43.9,0.0
ENSPD002488,Female,21.0,Informatique,4,71.6,28.0,64.3,72.5,69.5,1.0,0.3,6.0,Yes,No,Middle,0.0,No,Salle 10,230.0,68.1,1.0
ENSPD002489,Female,21.0,Chimie,3,72.6,27.0,44.1,64.3,63.5,3.0,4.9,26.6,Yes,No,Middle,1.0,Yes,Salle 30,130.0,50.4,1.0
ENSPD002490,Male,17.0,Informatique,5,83.9,16.0,56.1,45.5,54.5,1.0,1.4,12.4,Yes,Yes,Middle,0.0,Yes,Salle 12,109.0,50.9,1.0
ENSPD002491,Male,19.0,Mecanique,2,98.5,2.0,64.3,47.8,47.2,2.0,0.4,5.8,Yes,No,Middle,1.0,Yes,Salle 3,231.0,51.6,1.0
ENSPD002492,Male,19.0,Informatique,1,94.6,5.0,41.7,25.4,61.5,0.0,1.5,16.1,Yes,Yes,High,1.0,Yes,Salle 10,248.0,45.6,0.0
ENSPD002493,Female,22.0,Electrique,3,92.9,7.0,72.6,92.9,23.9,0.0,4.1,20.7,Yes,No,Middle,0.0,Yes,Salle 21,188.0,62.1,1.0
ENSPD002494,Male,21.0,Mecanique,1,78.3,22.0,50.5,80.3,77.6,3.0,1.0,13.3,Yes,No,Middle,1.0,Yes,Salle 20,186.0,66.9,1.0
ENSPD002495,Male,22.0,Mecanique,2,78.1,22.0,43.2,38.8,63.2,0.0,0.4,5.2,No,Yes,Low,0.0,Yes,Salle 17,231.0,49.4,0.0
ENSPD002496,Male,21.0,GenieCivil,1,86.2,14.0,48.8,76.4,54.7,1.0,1.7,7.2,Yes,No,Middle,0.0,Yes,Salle 27,149.0,60.5,1.0
ENSPD002497,Male,23.0,Electrique,2,80.4,20.0,97.6,51.7,33.0,1.0,3.6,15.0,No,No,Middle,2.0,No,Salle 23,185.0,62.3,0.0
ENSPD002498,Female,23.0,Informatique,1,92.7,7.0,35.3,78.5,72.7,1.0,0.3,0.0,Yes,Yes,High,1.0,Yes,Salle 24,248.0,60.0,1.0
ENSPD002499,Other,18.0,Informatique,5,92.0,8.0,71.5,53.1,51.3,1.0,0.1,11.5,No,No,Middle,1.0,Yes,Salle 16,109.0,53.1,1.0
ENSPD002500,Male,22.0,Mecanique,2,89.1,11.0,53.7,55.5,90.1,1.0,0.1,10.5,Yes,No,High,1.0,Yes,Salle 3,231.0,66.7,1.0
ENSPD002501,Female,19.0,Energetique,2,51.7,48.0,59.7,56.8,73.7,2.0,0.5,4.1,No,No,Middle,0.0,Yes,Salle 7,71.0,62.9,1.0
ENSPD002502,Female,24.0,Mecanique,4,83.5,16.0,74.1,50.2,94.7,4.0,0.0,0.7,No,No,High,1.0,Yes,Salle 16,178.0,68.4,1.0
ENSPD002503,Male,24.0,Electrique,3,80.7,19.0,73.3,87.2,66.7,1.0,1.1,6.3,Yes,No,High,0.0,Yes,Salle 3,188.0,73.9,1.0
ENSPD002504,Female,20.0,Mecanique,3,84.0,16.0,65.1,78.2,85.6,0.0,2.4,11.5,No,No,Low,3.0,Yes,Salle 26,212.0,69.9,1.0
ENSPD002505,Male,20.0,GenieCivil,3,72.9,27.0,44.6,64.0,73.3,3.0,1.4,11.3,Yes,No,Middle,3.0,Yes,Salle 15,185.0,57.8,1.0
ENSPD002506,Male,21.0,Informatique,4,66.1,34.0,74.3,80.4,55.0,0.0,2.0,15.2,Yes,No,Middle,1.0,Yes,Salle 2,230.0,64.6,1.0
ENSPD002507,Female,17.0,Informatique,4,87.6,12.0,73.3,32.7,67.7,1.0,0.7,6.6,Yes,No,Low,1.0,Yes,Salle 23,230.0,57.9,1.0
ENSPD002508,Male,23.0,GenieCivil,3,77.7,22.0,60.7,39.9,47.3,0.0,2.7,20.1,Yes,Yes,Middle,0.0,Yes,Salle 12,185.0,43.3,0.0
ENSPD002509,Female,21.0,Mecanique,4,88.9,11.0,71.6,70.5,100.0,3.0,1.7,14.5,No,Yes,Low,1.0,Yes,Salle 22,178.0,78.1,1.0
ENSPD002510,Female,24.0,Informatique,3,73.9,26.0,58.3,75.2,62.0,2.0,3.9,16.1,No,No,Low,3.0,Yes,Salle 26,263.0,62.5,1.0
ENSPD002511,Male,20.0,Electrique,2,99.0,1.0,52.6,67.0,64.5,1.0,1.3,5.2,Yes,No,Middle,1.0,Yes,Salle 7,185.0,65.1,1.0
ENSPD002512,Female,21.0,Energetique,4,94.0,6.0,65.1,28.1,71.8,2.0,0.4,7.4,Yes,Yes,Middle,0.0,Yes,Salle 15,70.0,61.1,1.0
ENSPD002513,Male,19.0,Mecanique,3,85.6,14.0,72.8,42.9,42.3,1.0,2.0,12.3,Yes,No,Middle,1.0,No,Salle 26,212.0,54.3,1.0
ENSPD002514,Male,20.0,Electrique,4,79.4,21.0,69.6,69.5,90.4,2.0,0.3,11.3,Yes,No,Middle,1.0,Yes,Salle 21,157.0,71.7,1.0
ENSPD002515,Female,20.0,Energetique,1,92.2,8.0,72.6,100.0,43.5,1.0,6.6,33.0,Yes,No,High,0.0,Yes,Salle 18,83.0,67.4,1.0
ENSPD002516,Female,24.0,Telecom,2,86.7,13.0,53.6,83.9,39.0,2.0,2.4,12.8,Yes,No,High,0.0,Yes,Salle 22,161.0,55.0,1.0
ENSPD002517,Male,21.0,GenieCivil,5,84.9,15.0,88.7,90.4,60.7,3.0,2.8,22.9,Yes,Yes,Middle,1.0,Yes,Salle 27,70.0,79.2,1.0
ENSPD002518,Male,22.0,Chimie,2,94.5,6.0,59.9,68.1,38.4,2.0,2.3,12.5,No,Yes,Middle,1.0,No,Salle 15,119.0,57.1,1.0
ENSPD002519,Female,21.0,Informatique,5,99.1,1.0,63.2,68.0,95.2,1.0,0.2,0.4,Yes,No,Middle,1.0,Yes,Salle 19,109.0,78.2,1.0
ENSPD002520,Female,19.0,GenieCivil,5,67.0,33.0,45.2,43.4,59.4,0.0,1.3,9.4,Yes,No,Low,4.0,No,Salle 25,70.0,51.1,1.0
ENSPD002521,Female,22.0,Mecanique,4,69.4,31.0,62.1,61.6,0.0,1.0,2.1,10.2,No,Yes,Middle,0.0,Yes,Salle 26,178.0,49.9,0.0
ENSPD002522,Male,23.0,Informatique,3,72.6,27.0,73.0,60.7,68.0,2.0,0.5,10.9,Yes,No,Middle,0.0,Yes,Salle 5,263.0,68.3,1.0
ENSPD002523,Male,20.0,GenieCivil,3,64.0,36.0,76.4,74.5,75.1,0.0,2.3,9.7,Yes,No,Middle,1.0,No,Salle 20,185.0,70.2,1.0
ENSPD002524,Male,24.0,Informatique,4,81.2,19.0,88.4,62.6,55.6,1.0,3.4,22.0,Yes,No,Middle,1.0,Yes,Salle 20,230.0,62.2,1.0
ENSPD002525,Female,20.0,Electrique,4,89.2,11.0,72.8,67.0,36.9,1.0,0.6,6.4,Yes,No,Low,2.0,No,Salle 16,157.0,54.9,1.0
ENSPD002526,Male,21.0,GenieCivil,3,81.7,18.0,69.2,60.4,61.9,1.0,1.4,0.3,Yes,No,Low,5.0,Yes,Salle 14,185.0,69.9,1.0
ENSPD002527,Male,23.0,GenieCivil,5,75.6,24.0,58.3,66.0,54.4,0.0,4.3,23.9,Yes,Yes,Middle,2.0,Yes,Salle 26,70.0,51.8,1.0
ENSPD002528,Female,21.0,Informatique,3,95.5,4.0,55.1,80.0,44.5,1.0,0.0,9.7,Yes,No,Middle,1.0,Yes,Salle 21,263.0,56.2,1.0
ENSPD002529,Male,22.0,Informatique,5,82.2,16.0,79.6,39.2,42.7,3.0,0.6,7.8,Yes,No,Middle,1.0,Yes,Salle 6,109.0,55.8,1.0
ENSPD002530,Other,21.0,Electrique,1,86.1,14.0,79.3,35.1,67.1,1.0,1.0,8.2,No,No,Middle,1.0,Yes,Salle 7,143.0,56.6,1.0
ENSPD002531,Female,22.0,Energetique,1,95.9,4.0,48.8,61.6,82.1,0.0,2.2,21.2,Yes,No,Low,1.0,Yes,Salle 10,83.0,69.9,1.0
ENSPD002532,Female,17.0,Informatique,2,80.5,20.0,75.8,87.9,73.2,1.0,11.7,56.6,No,No,Middle,2.0,Yes,Salle 26,298.0,78.8,1.0
ENSPD002533,Male,18.0,Mecanique,2,100.0,0.0,74.8,92.5,29.4,1.0,0.9,11.7,No,No,Low,0.0,Yes,Salle 9,231.0,55.6,1.0
ENSPD002534,Male,23.0,Telecom,4,76.6,23.0,48.3,40.0,76.3,2.0,5.9,20.6,Yes,No,Middle,2.0,No,Salle 4,121.0,51.6,1.0
ENSPD002535,Female,24.0,Informatique,1,100.0,0.0,73.1,54.7,79.4,4.0,0.9,5.8,No,No,Middle,1.0,Yes,Salle 22,248.0,66.9,1.0
ENSPD002536,Female,20.0,Telecom,5,70.3,30.0,49.3,35.4,91.9,1.0,2.4,13.7,Yes,No,Middle,2.0,Yes,Salle 23,60.0,61.0,1.0
ENSPD002537,Female,22.0,GenieCivil,2,88.2,12.0,28.6,52.1,45.0,2.0,0.4,8.5,No,No,Middle,1.0,Yes,Salle 11,177.0,41.3,0.0
ENSPD002538,Male,23.0,GenieCivil,2,82.2,26.0,62.6,82.2,62.9,3.0,1.2,11.5,Yes,Yes,Middle,1.0,No,Salle 25,177.0,65.7,1.0
ENSPD002539,Female,23.0,Mecanique,2,95.4,5.0,68.9,61.8,75.4,1.0,4.1,17.2,Yes,No,High,1.0,Yes,Salle 1,231.0,67.5,1.0
ENSPD002540,Female,18.0,Mecanique,3,76.3,24.0,63.3,55.3,63.5,0.0,0.8,10.5,Yes,No,Middle,1.0,Yes,Salle 8,212.0,52.2,1.0
ENSPD002541,Female,20.0,Mecanique,1,82.2,14.0,100.0,71.8,75.0,1.0,0.2,1.1,No,No,Middle,1.0,Yes,Salle 11,186.0,83.9,1.0
ENSPD002542,Female,21.0,Telecom,1,74.2,26.0,65.1,47.7,63.5,1.0,1.5,11.5,Yes,Yes,Middle,1.0,Yes,Salle 30,121.0,65.6,1.0
ENSPD002543,Male,23.0,Chimie,4,93.2,7.0,67.2,90.7,47.1,2.0,1.2,5.4,No,No,Low,2.0,Yes,Salle 22,93.0,66.2,1.0
ENSPD002544,Female,27.0,Electrique,1,74.1,26.0,71.4,62.1,48.8,1.0,0.5,12.0,Yes,Yes,High,2.0,No,Salle 21,143.0,55.9,1.0
ENSPD002545,Male,22.0,Chimie,2,100.0,0.0,58.4,54.8,89.0,1.0,4.7,24.8,Yes,No,Middle,2.0,No,Salle 3,119.0,67.5,1.0
ENSPD002546,Male,19.0,Mecanique,4,70.0,30.0,78.9,72.6,44.1,2.0,1.8,10.7,Yes,Yes,Middle,0.0,Yes,Salle 3,178.0,55.3,1.0
ENSPD002547,Male,23.0,Electrique,1,65.9,34.0,70.4,78.9,40.6,1.0,0.9,11.5,No,No,Middle,1.0,Yes,Salle 19,143.0,57.7,1.0
ENSPD002548,Male,25.0,GenieCivil,2,93.4,7.0,69.7,61.6,70.9,1.0,11.1,46.8,No,No,Low,1.0,Yes,Salle 19,177.0,68.8,1.0
ENSPD002549,Male,22.0,Chimie,1,74.9,25.0,55.6,58.2,63.4,1.0,0.3,6.3,No,Yes,Middle,1.0,Yes,Salle 6,96.0,58.4,1.0
ENSPD002550,Male,20.0,Mecanique,2,81.9,18.0,41.5,81.5,63.5,0.0,3.8,16.2,Yes,No,High,2.0,Yes,Salle 6,231.0,49.3,0.0
ENSPD002551,Male,24.0,Electrique,3,78.1,22.0,57.5,63.8,53.6,3.0,0.5,8.2,Yes,No,Low,1.0,Yes,Salle 20,188.0,60.6,1.0
ENSPD002552,Male,23.0,Telecom,1,66.2,34.0,69.2,51.0,63.5,0.0,0.5,6.0,No,No,Middle,1.0,Yes,Salle 12,121.0,53.3,1.0
ENSPD002553,Female,20.0,GenieCivil,4,81.1,19.0,65.1,48.0,51.2,3.0,1.4,9.8,Yes,No,Low,2.0,No,Salle 9,173.0,47.8,0.0
ENSPD002554,Female,23.0,Informatique,4,97.2,3.0,69.4,42.3,100.0,1.0,2.2,13.6,Yes,No,Low,0.0,Yes,Salle 25,230.0,75.9,1.0
ENSPD002555,Male,24.0,GenieCivil,1,94.0,6.0,61.5,48.6,63.5,3.0,2.3,10.6,No,No,Middle,2.0,Yes,Salle 13,149.0,52.2,1.0
ENSPD002556,Female,24.0,Mecanique,5,84.8,15.0,71.5,82.1,46.4,2.0,0.0,13.3,Yes,No,High,2.0,Yes,Salle 27,67.0,63.3,1.0
ENSPD002557,Male,22.0,Electrique,2,95.3,5.0,50.3,74.7,100.0,2.0,0.7,7.0,Yes,No,Middle,0.0,Yes,Salle 29,185.0,75.0,1.0
ENSPD002558,Male,21.0,Energetique,1,69.3,31.0,67.9,61.6,81.8,1.0,1.4,18.2,Yes,No,Middle,1.0,Yes,Salle 5,83.0,63.9,1.0
ENSPD002559,Male,24.0,GenieCivil,1,78.1,22.0,55.4,30.6,78.5,3.0,4.4,17.9,Yes,No,High,0.0,Yes,Salle 30,149.0,54.6,1.0
ENSPD002560,Male,20.0,GenieCivil,2,86.7,13.0,41.9,42.0,47.3,1.0,2.2,4.8,Yes,Yes,Middle,1.0,Yes,Salle 7,177.0,40.4,0.0
ENSPD002561,Female,23.0,Electrique,3,80.4,20.0,62.5,48.0,87.8,3.0,0.6,8.4,No,No,Low,2.0,Yes,Salle 21,188.0,67.9,1.0
ENSPD002562,Female,19.0,Informatique,2,79.0,21.0,88.0,56.5,80.3,0.0,1.4,14.9,Yes,No,Low,1.0,Yes,Salle 29,298.0,74.4,1.0
ENSPD002563,Male,24.0,Mecanique,4,67.6,32.0,43.1,83.1,66.9,3.0,2.1,18.3,No,No,Low,1.0,Yes,Salle 20,178.0,64.7,1.0
ENSPD002564,Male,21.0,Telecom,4,57.0,43.0,66.8,52.1,29.7,1.0,1.4,11.5,Yes,No,Middle,1.0,Yes,Salle 19,121.0,44.3,0.0
ENSPD002565,Male,25.0,Electrique,2,91.8,8.0,77.0,92.2,63.6,2.0,1.6,10.6,No,No,Middle,2.0,No,Salle 25,185.0,76.0,1.0
ENSPD002566,Male,23.0,Informatique,4,84.9,15.0,99.5,31.8,98.6,1.0,1.3,12.5,No,No,Middle,1.0,Yes,Salle 2,230.0,79.8,1.0
ENSPD002567,Male,20.0,Informatique,5,92.8,7.0,57.6,55.7,68.4,0.0,0.8,5.7,No,No,Low,0.0,Yes,Salle 8,109.0,64.4,1.0
ENSPD002568,Male,25.0,Electrique,1,76.8,23.0,55.5,76.1,56.5,1.0,2.0,10.6,No,No,Middle,1.0,Yes,Salle 4,143.0,57.5,1.0
ENSPD002569,Female,25.0,Chimie,2,73.4,27.0,47.5,77.2,59.4,2.0,2.0,13.9,No,No,Low,1.0,Yes,Salle 13,119.0,57.6,1.0
ENSPD002570,Female,24.0,Telecom,2,82.1,18.0,82.1,56.0,60.8,4.0,7.1,34.3,No,No,Low,2.0,No,Salle 30,161.0,70.1,1.0
ENSPD002571,Male,20.0,Mecanique,3,92.3,8.0,52.0,80.0,48.0,0.0,1.1,7.3,No,No,Low,0.0,Yes,Salle 24,212.0,60.1,1.0
ENSPD002572,Female,21.0,Energetique,3,79.2,21.0,65.1,76.6,63.2,1.0,1.5,11.7,Yes,Yes,High,1.0,No,Salle 18,104.0,65.7,1.0
ENSPD002573,Male,22.0,Electrique,2,91.6,8.0,37.3,49.7,92.9,0.0,0.3,10.8,Yes,No,Middle,0.0,No,Salle 23,185.0,55.1,1.0
ENSPD002574,Male,21.0,Electrique,3,82.2,30.0,78.3,67.7,90.6,0.0,1.6,7.9,No,No,High,3.0,No,Salle 3,188.0,72.5,1.0
ENSPD002575,Male,25.0,Electrique,3,80.1,20.0,82.4,74.7,48.9,1.0,0.1,8.1,Yes,No,Middle,1.0,Yes,Salle 11,188.0,64.8,1.0
ENSPD002576,Female,22.0,Informatique,3,81.2,19.0,77.7,51.0,89.5,2.0,0.3,0.7,No,No,Middle,0.0,Yes,Salle 5,263.0,75.2,1.0
ENSPD002577,Female,17.0,Energetique,1,96.7,3.0,40.9,92.5,79.2,1.0,0.4,0.0,Yes,No,Middle,1.0,No,Salle 16,83.0,66.9,1.0
ENSPD002578,Female,23.0,Informatique,3,84.5,16.0,74.1,47.0,76.7,1.0,2.0,14.2,Yes,No,Middle,0.0,No,Salle 20,263.0,62.5,1.0
ENSPD002579,Male,21.0,Mecanique,2,100.0,0.0,39.9,64.6,72.6,1.0,1.7,11.5,No,No,Middle,1.0,No,Salle 2,231.0,58.3,1.0
ENSPD002580,Female,22.0,Telecom,3,65.8,34.0,65.9,39.5,45.4,0.0,3.2,18.3,Yes,No,Middle,0.0,Yes,Salle 29,154.0,47.7,0.0
ENSPD002581,Male,21.0,Electrique,5,83.6,16.0,68.1,63.9,55.9,1.0,1.2,10.2,Yes,Yes,High,1.0,No,Salle 8,80.0,61.3,1.0
ENSPD002582,Female,24.0,Telecom,3,84.2,16.0,69.7,42.8,80.7,1.0,1.3,11.5,Yes,Yes,Middle,0.0,Yes,Salle 24,154.0,67.2,1.0
ENSPD002583,Male,24.0,GenieCivil,1,89.4,11.0,73.0,56.7,39.9,1.0,0.4,8.7,Yes,No,High,2.0,No,Salle 14,149.0,51.6,1.0
ENSPD002584,Male,23.0,Mecanique,2,72.2,28.0,64.9,33.4,43.2,1.0,2.7,11.5,No,No,High,1.0,Yes,Salle 10,231.0,41.9,0.0
ENSPD002585,Female,21.0,Telecom,4,100.0,0.0,35.6,61.6,70.1,1.0,0.0,10.5,Yes,Yes,Middle,0.0,Yes,Salle 23,121.0,58.4,1.0
ENSPD002586,Female,22.0,Informatique,4,82.2,18.0,73.0,68.4,48.2,1.0,1.1,13.0,No,No,High,1.0,Yes,Salle 28,230.0,56.9,1.0
ENSPD002587,Male,22.0,Telecom,3,69.0,31.0,66.5,81.6,80.5,3.0,0.4,7.3,No,No,Middle,3.0,No,Salle 30,154.0,70.7,1.0
ENSPD002588,Female,20.0,Mecanique,2,81.8,18.0,51.5,55.7,48.9,0.0,2.9,11.5,No,No,Middle,0.0,Yes,Salle 26,231.0,52.3,1.0
ENSPD002589,Male,23.0,Telecom,2,78.2,22.0,41.5,82.4,68.9,2.0,2.2,12.7,Yes,No,Middle,2.0,Yes,Salle 8,161.0,62.1,1.0
ENSPD002590,Female,23.0,Informatique,3,82.2,0.0,88.1,62.7,63.5,2.0,2.5,14.0,Yes,Yes,Middle,3.0,Yes,Salle 23,263.0,71.6,1.0
ENSPD002591,Female,25.0,Electrique,5,94.6,5.0,83.5,64.0,54.4,2.0,0.3,11.5,Yes,No,Low,5.0,No,Salle 14,80.0,64.8,1.0
ENSPD002592,Female,25.0,Telecom,3,82.6,17.0,75.6,100.0,59.2,1.0,2.2,11.5,Yes,No,High,1.0,Yes,Salle 26,154.0,74.7,1.0
ENSPD002593,Male,21.0,GenieCivil,3,80.7,19.0,54.9,53.3,50.4,3.0,2.3,15.8,Yes,No,Low,1.0,No,Salle 24,185.0,52.4,1.0
ENSPD002594,Male,24.0,Chimie,3,93.4,7.0,27.2,84.1,63.6,2.0,1.4,11.5,Yes,No,Middle,0.0,No,Salle 22,130.0,55.0,1.0
ENSPD002595,Male,20.0,Chimie,2,94.0,6.0,76.5,70.6,44.8,3.0,0.8,8.8,Yes,No,Middle,2.0,No,Salle 22,119.0,61.0,1.0
ENSPD002596,Female,23.0,Chimie,4,47.1,53.0,70.5,51.7,59.5,1.0,0.2,13.0,Yes,No,Middle,0.0,Yes,Salle 26,93.0,57.5,1.0
ENSPD002597,Male,21.0,Telecom,3,89.7,10.0,59.4,38.3,79.0,2.0,1.4,13.7,Yes,No,High,1.0,Yes,Salle 11,154.0,63.1,1.0
ENSPD002598,Male,20.0,GenieCivil,5,82.3,18.0,81.9,43.4,41.3,2.0,0.5,14.1,No,No,Middle,3.0,Yes,Salle 14,70.0,51.4,1.0
ENSPD002599,Male,23.0,Informatique,2,66.3,34.0,77.7,82.4,54.3,1.0,0.6,3.1,Yes,No,Middle,1.0,Yes,Salle 18,298.0,65.4,1.0
ENSPD002600,Male,17.0,Informatique,1,92.6,7.0,67.6,93.2,74.4,0.0,0.2,5.6,Yes,No,High,2.0,No,Salle 8,248.0,76.0,1.0
ENSPD002601,Female,18.0,Mecanique,3,100.0,0.0,65.5,63.6,22.4,0.0,1.3,9.2,Yes,No,Middle,1.0,Yes,Salle 22,212.0,48.3,0.0
ENSPD002602,Male,22.0,Informatique,1,88.7,11.0,65.8,64.6,100.0,3.0,1.4,8.5,Yes,No,Middle,3.0,Yes,Salle 18,248.0,81.2,1.0
ENSPD002603,Female,22.0,Electrique,2,95.2,5.0,75.2,76.0,84.9,0.0,3.7,14.4,No,Yes,Low,1.0,Yes,Salle 11,185.0,74.2,1.0
ENSPD002604,Male,21.0,Informatique,2,100.0,0.0,52.1,63.3,33.2,1.0,0.1,6.9,Yes,No,High,0.0,Yes,Salle 11,298.0,50.6,1.0
ENSPD002605,Male,19.0,Informatique,4,72.0,28.0,71.4,81.8,21.9,1.0,1.4,11.5,Yes,No,Middle,0.0,No,Salle 2,230.0,56.1,1.0
ENSPD002606,Male,20.0,Informatique,3,59.7,40.0,51.2,67.2,64.6,0.0,2.0,11.7,No,No,Middle,0.0,Yes,Salle 2,263.0,58.0,1.0
ENSPD002607,Male,23.0,Telecom,1,89.9,10.0,85.0,64.4,41.6,1.0,5.0,22.5,Yes,Yes,Low,1.0,Yes,Salle 18,121.0,60.4,1.0
ENSPD002608,Male,23.0,Electrique,3,79.0,21.0,73.0,49.4,83.2,0.0,4.5,20.5,Yes,No,Middle,1.0,Yes,Salle 12,188.0,68.4,1.0
ENSPD002609,Female,22.0,Mecanique,2,65.5,34.0,54.7,45.0,71.9,0.0,0.2,7.8,Yes,No,Middle,0.0,Yes,Salle 3,231.0,54.4,1.0
ENSPD002610,Male,24.0,Telecom,5,81.1,19.0,66.2,5.1,66.5,1.0,0.7,1.5,Yes,No,Low,2.0,No,Salle 22,60.0,43.5,0.0
ENSPD002611,Female,23.0,Informatique,3,90.7,9.0,52.2,84.2,52.6,1.0,1.5,5.8,Yes,No,Middle,0.0,Yes,Salle 21,263.0,57.3,1.0
ENSPD002612,Male,21.0,Energetique,3,82.2,20.0,87.6,59.4,96.0,0.0,1.4,5.7,Yes,No,Middle,1.0,Yes,Salle 19,104.0,76.0,1.0
ENSPD002613,Male,21.0,Electrique,1,72.6,27.0,89.3,54.8,79.1,1.0,1.5,13.3,Yes,No,Low,1.0,No,Salle 23,143.0,72.7,1.0
ENSPD002614,Female,19.0,Informatique,4,79.3,21.0,75.4,26.9,76.1,1.0,1.2,11.5,Yes,No,Middle,1.0,Yes,Salle 4,230.0,54.3,1.0
ENSPD002615,Male,22.0,Electrique,4,81.8,18.0,88.3,50.5,88.0,1.0,1.8,14.6,Yes,No,Middle,3.0,Yes,Salle 2,157.0,76.4,1.0
ENSPD002616,Male,24.0,Chimie,4,58.8,41.0,67.3,48.1,43.6,5.0,1.4,21.2,Yes,No,Middle,2.0,No,Salle 14,93.0,49.1,0.0
ENSPD002617,Male,23.0,GenieCivil,1,82.2,20.0,76.5,47.7,63.5,0.0,1.4,11.5,Yes,No,Middle,1.0,No,Salle 16,149.0,74.9,1.0
ENSPD002618,Male,25.0,Telecom,2,65.9,34.0,83.4,68.0,58.7,2.0,2.0,16.5,Yes,No,Middle,1.0,No,Salle 26,161.0,58.6,1.0
ENSPD002619,Female,21.0,Informatique,3,89.9,10.0,64.9,64.2,70.7,4.0,1.1,4.3,No,No,Low,1.0,Yes,Salle 28,263.0,66.6,1.0
ENSPD002620,Male,25.0,Mecanique,1,63.3,37.0,66.1,37.5,60.9,1.0,1.1,11.5,Yes,No,Low,0.0,Yes,Salle 17,186.0,49.7,0.0
ENSPD002621,Female,22.0,Informatique,2,94.2,6.0,79.0,38.6,26.4,2.0,2.1,6.1,Yes,No,Middle,0.0,No,Salle 20,298.0,49.9,0.0
ENSPD002622,Female,25.0,Informatique,5,77.1,23.0,74.7,38.6,83.1,1.0,6.0,11.5,Yes,No,High,2.0,No,Salle 16,109.0,62.7,1.0
ENSPD002623,Male,22.0,Mecanique,2,75.5,24.0,53.7,94.6,27.5,0.0,4.0,21.0,Yes,No,High,5.0,Yes,Salle 24,231.0,50.5,1.0
ENSPD002624,Female,23.0,Telecom,5,85.5,14.0,32.2,88.9,44.7,1.0,2.0,17.2,Yes,No,Middle,1.0,No,Salle 18,60.0,53.0,1.0
ENSPD002625,Male,25.0,Informatique,1,71.6,28.0,62.4,46.7,54.9,0.0,1.2,13.0,Yes,No,Middle,2.0,Yes,Salle 27,248.0,50.3,1.0
ENSPD002626,Female,22.0,GenieCivil,4,85.3,15.0,33.5,26.4,24.9,1.0,1.1,8.0,Yes,Yes,Low,1.0,Yes,Salle 19,173.0,27.8,0.0
ENSPD002627,Male,22.0,GenieCivil,3,73.2,27.0,65.1,64.3,42.0,0.0,3.1,11.5,No,No,Middle,1.0,Yes,Salle 22,185.0,52.2,1.0
ENSPD002628,Female,25.0,Telecom,3,75.3,25.0,51.9,62.8,68.9,2.0,0.5,8.3,No,No,Low,3.0,Yes,Salle 3,154.0,57.3,1.0
ENSPD002629,Male,22.0,Energetique,5,86.9,13.0,56.5,67.7,57.1,1.0,1.8,10.2,Yes,No,Middle,0.0,Yes,Salle 25,40.0,61.9,1.0
ENSPD002630,Male,19.0,Chimie,1,68.3,32.0,77.3,75.3,63.5,1.0,1.4,0.0,No,No,High,0.0,No,Salle 13,96.0,66.6,1.0
ENSPD002631,Female,26.0,Energetique,4,66.8,33.0,80.6,61.6,45.7,1.0,2.1,12.3,No,No,Low,1.0,No,Salle 13,70.0,62.4,1.0
ENSPD002632,Female,21.0,Chimie,3,85.0,15.0,72.6,41.9,64.9,0.0,1.4,3.2,Yes,Yes,High,2.0,Yes,Salle 26,130.0,57.8,1.0
ENSPD002633,Male,22.0,Energetique,2,81.7,18.0,74.5,67.3,57.5,2.0,2.4,12.5,Yes,No,Middle,0.0,No,Salle 3,71.0,65.0,1.0
ENSPD002634,Male,24.0,Electrique,4,84.0,16.0,74.8,77.4,31.2,2.0,2.0,14.2,No,No,Middle,3.0,No,Salle 19,157.0,56.5,1.0
ENSPD002635,Female,21.0,Informatique,2,85.9,14.0,65.1,49.0,63.5,1.0,0.4,11.6,Yes,Yes,Middle,0.0,Yes,Salle 11,298.0,47.5,0.0
ENSPD002636,Female,20.0,GenieCivil,4,82.7,17.0,65.2,67.4,39.2,4.0,1.2,11.5,No,No,Middle,1.0,No,Salle 23,173.0,56.1,1.0
ENSPD002637,Female,23.0,Electrique,2,89.3,11.0,38.1,52.0,82.0,1.0,2.3,16.2,Yes,No,High,0.0,Yes,Salle 14,185.0,59.7,1.0
ENSPD002638,Female,18.0,Mecanique,4,83.2,17.0,72.6,97.9,56.2,1.0,4.6,21.0,Yes,Yes,Middle,0.0,Yes,Salle 26,178.0,75.9,1.0
ENSPD002639,Female,21.0,Mecanique,3,57.9,42.0,33.6,38.1,100.0,0.0,0.3,10.1,Yes,No,Middle,0.0,Yes,Salle 20,212.0,53.2,1.0
ENSPD002640,Female,22.0,Electrique,1,61.0,39.0,62.3,82.8,83.3,0.0,0.0,0.0,No,No,Middle,2.0,Yes,Salle 10,143.0,67.3,1.0
ENSPD002641,Male,21.0,Energetique,3,100.0,0.0,73.2,31.9,61.4,1.0,0.4,3.8,No,No,Middle,1.0,Yes,Salle 20,104.0,56.7,1.0
ENSPD002642,Male,19.0,Informatique,1,82.0,18.0,48.2,94.3,75.6,0.0,9.1,40.5,Yes,No,High,2.0,Yes,Salle 23,248.0,62.7,1.0
ENSPD002643,Female,25.0,Chimie,2,93.4,7.0,79.4,41.5,22.2,1.0,2.9,8.9,No,No,Middle,0.0,No,Salle 9,119.0,41.5,0.0
ENSPD002644,Female,22.0,Chimie,1,77.9,22.0,72.6,65.4,83.2,1.0,1.9,13.6,Yes,No,High,1.0,Yes,Salle 22,96.0,76.5,1.0
ENSPD002645,Male,25.0,Energetique,1,81.3,19.0,70.7,32.7,47.6,1.0,0.3,2.9,No,No,Middle,1.0,Yes,Salle 26,83.0,45.3,0.0
ENSPD002646,Male,21.0,Energetique,1,76.6,23.0,75.5,37.7,65.8,0.0,1.1,10.4,No,No,Middle,1.0,No,Salle 11,83.0,61.9,1.0
ENSPD002647,Female,20.0,Chimie,3,100.0,0.0,59.6,78.2,49.4,1.0,2.5,13.9,Yes,No,Low,0.0,No,Salle 24,130.0,66.7,1.0
ENSPD002648,Male,23.0,GenieCivil,3,85.0,15.0,67.3,80.5,51.6,1.0,1.4,19.6,Yes,No,Middle,0.0,Yes,Salle 23,185.0,66.1,1.0
ENSPD002649,Male,22.0,Informatique,3,75.6,24.0,65.2,66.3,60.4,1.0,1.0,5.0,No,No,Middle,0.0,Yes,Salle 16,263.0,64.0,1.0
ENSPD002650,Male,20.0,GenieCivil,2,62.2,38.0,64.8,75.3,65.5,1.0,16.2,69.6,Yes,No,Middle,3.0,Yes,Salle 11,177.0,57.7,1.0
ENSPD002651,Male,25.0,Chimie,3,100.0,0.0,54.9,61.6,63.5,0.0,0.3,9.1,No,Yes,Middle,3.0,No,Salle 20,130.0,66.1,1.0
ENSPD002652,Male,21.0,Telecom,3,80.0,20.0,46.4,49.7,64.0,0.0,1.0,11.8,Yes,No,Middle,1.0,No,Salle 21,154.0,51.7,1.0
ENSPD002653,Male,18.0,Chimie,2,90.9,9.0,59.9,36.8,31.5,1.0,4.2,23.0,Yes,No,Low,0.0,Yes,Salle 12,119.0,39.4,0.0
ENSPD002654,Male,25.0,Informatique,4,92.3,8.0,59.1,61.8,63.5,3.0,2.1,15.7,Yes,Yes,Middle,0.0,Yes,Salle 5,230.0,78.1,1.0
ENSPD002655,Female,21.0,Electrique,3,76.4,24.0,53.9,51.6,68.6,3.0,3.3,18.5,No,No,Middle,2.0,No,Salle 26,188.0,59.6,1.0
ENSPD002656,Male,21.0,Mecanique,4,90.1,10.0,77.8,69.0,72.8,3.0,4.8,21.6,Yes,No,Low,1.0,Yes,Salle 10,178.0,69.8,1.0
ENSPD002657,Female,18.0,Informatique,2,82.2,25.0,47.4,61.6,57.2,3.0,1.4,16.2,Yes,No,Middle,0.0,Yes,Salle 2,298.0,53.5,1.0
ENSPD002658,Female,25.0,Informatique,1,70.1,30.0,62.4,49.7,46.5,1.0,1.4,4.4,No,No,Middle,2.0,Yes,Salle 16,248.0,45.1,0.0
ENSPD002659,Male,19.0,Informatique,4,96.0,4.0,82.5,74.7,67.0,0.0,2.4,11.5,Yes,No,Middle,1.0,Yes,Salle 8,230.0,75.5,1.0
ENSPD002660,Female,22.0,Telecom,4,80.1,20.0,78.6,73.8,63.5,2.0,1.7,14.3,Yes,No,Middle,1.0,No,Salle 17,121.0,69.3,1.0
ENSPD002661,Male,24.0,Mecanique,1,88.2,12.0,83.2,75.0,90.0,1.0,3.0,16.0,Yes,No,Low,1.0,Yes,Salle 26,186.0,82.6,1.0
ENSPD002662,Female,23.0,Mecanique,2,86.9,13.0,65.1,54.7,63.5,1.0,1.4,5.5,Yes,No,Low,0.0,Yes,Salle 18,231.0,69.4,1.0
ENSPD002663,Male,22.0,Energetique,3,89.7,10.0,76.8,76.0,63.5,2.0,3.3,19.5,No,No,Middle,1.0,Yes,Salle 6,104.0,80.9,1.0
ENSPD002664,Female,19.0,Mecanique,3,63.3,37.0,49.1,71.4,28.7,1.0,4.6,23.2,Yes,No,Middle,0.0,No,Salle 28,212.0,46.1,0.0
ENSPD002665,Female,20.0,Informatique,4,75.0,25.0,60.9,73.5,54.8,1.0,2.8,21.1,Yes,No,Middle,1.0,Yes,Salle 4,230.0,64.8,1.0
ENSPD002666,Male,22.0,Mecanique,1,78.1,22.0,62.3,92.2,70.7,2.0,2.7,11.6,Yes,No,Middle,1.0,Yes,Salle 13,186.0,69.4,1.0
ENSPD002667,Male,20.0,Informatique,2,72.0,28.0,56.4,61.6,56.0,2.0,1.8,16.4,Yes,No,Middle,0.0,Yes,Salle 24,298.0,54.3,1.0
ENSPD002668,Female,22.0,Informatique,1,87.1,13.0,59.6,51.1,63.1,0.0,1.3,11.5,Yes,No,Middle,2.0,Yes,Salle 16,248.0,55.5,1.0
ENSPD002669,Female,23.0,Informatique,2,96.2,4.0,57.6,42.0,21.1,0.0,7.2,30.9,No,No,High,3.0,Yes,Salle 10,298.0,38.9,0.0
ENSPD002670,Male,24.0,Electrique,1,98.1,2.0,50.3,82.3,82.3,0.0,2.1,16.4,Yes,No,Middle,1.0,Yes,Salle 24,143.0,74.2,1.0
ENSPD002671,Female,20.0,Informatique,4,82.2,22.0,77.8,68.4,26.5,1.0,3.7,25.4,Yes,No,Middle,0.0,Yes,Salle 6,230.0,52.3,1.0
ENSPD002672,Male,26.0,Mecanique,3,85.5,14.0,62.3,92.1,32.6,3.0,1.4,16.0,No,No,Middle,0.0,No,Salle 13,212.0,58.0,1.0
ENSPD002673,Female,24.0,Telecom,4,87.3,13.0,68.0,25.5,43.7,1.0,1.6,15.6,Yes,No,Middle,1.0,Yes,Salle 12,121.0,38.0,0.0
ENSPD002674,Male,22.0,GenieCivil,1,89.5,10.0,67.5,78.4,62.0,1.0,2.2,20.7,No,No,Middle,1.0,Yes,Salle 3,149.0,65.8,1.0
ENSPD002675,Female,24.0,Telecom,2,71.5,28.0,65.8,57.3,31.5,1.0,2.6,15.7,Yes,No,Middle,1.0,No,Salle 18,161.0,46.5,0.0
ENSPD002676,Male,22.0,GenieCivil,2,100.0,0.0,66.4,55.6,42.8,3.0,1.2,9.6,No,No,Middle,2.0,Yes,Salle 23,177.0,53.7,1.0
ENSPD002677,Male,19.0,Mecanique,2,93.1,7.0,60.4,48.2,87.0,1.0,0.9,14.9,Yes,No,Low,3.0,No,Salle 22,231.0,59.4,1.0
ENSPD002678,Male,22.0,Chimie,4,93.4,7.0,86.3,78.2,61.8,3.0,0.5,0.0,Yes,No,Middle,1.0,Yes,Salle 16,93.0,76.1,1.0
ENSPD002679,Male,17.0,Informatique,2,96.4,4.0,76.4,73.0,72.7,0.0,1.1,8.3,No,No,Low,2.0,Yes,Salle 30,298.0,70.0,1.0
ENSPD002680,Male,22.0,Informatique,1,88.4,12.0,65.3,41.4,39.3,1.0,0.5,3.7,Yes,No,Middle,1.0,No,Salle 30,248.0,49.6,0.0
ENSPD002681,Male,23.0,Electrique,1,69.7,30.0,58.3,65.0,62.9,1.0,1.4,9.6,Yes,No,Low,0.0,Yes,Salle 15,143.0,60.7,1.0
ENSPD002682,Female,22.0,GenieCivil,1,80.3,20.0,63.2,74.7,61.3,1.0,4.2,23.5,Yes,No,High,1.0,Yes,Salle 25,149.0,60.9,1.0
ENSPD002683,Male,21.0,Chimie,4,62.2,38.0,71.3,65.2,48.1,0.0,7.6,37.7,Yes,No,Middle,1.0,Yes,Salle 1,93.0,52.5,1.0
ENSPD002684,Male,18.0,Telecom,2,87.0,13.0,87.5,81.9,63.0,2.0,1.7,12.1,Yes,Yes,Low,2.0,No,Salle 19,161.0,78.1,1.0
ENSPD002685,Male,23.0,Mecanique,4,80.0,20.0,44.4,56.8,26.2,2.0,0.3,6.9,Yes,Yes,Middle,1.0,Yes,Salle 6,178.0,40.6,0.0
ENSPD002686,Male,25.0,Electrique,3,81.5,18.0,74.9,21.4,72.8,3.0,1.1,13.3,No,No,Middle,1.0,Yes,Salle 15,188.0,54.1,1.0
ENSPD002687,Male,21.0,GenieCivil,1,96.4,4.0,81.9,65.4,56.0,0.0,1.8,11.5,No,No,Middle,5.0,Yes,Salle 29,149.0,62.2,1.0
ENSPD002688,Male,23.0,Energetique,1,76.5,24.0,42.7,65.3,58.9,2.0,0.9,7.2,No,No,Middle,1.0,Yes,Salle 5,83.0,53.4,1.0
ENSPD002689,Male,19.0,Telecom,4,79.0,21.0,62.3,67.6,81.0,2.0,0.5,3.3,Yes,No,Middle,1.0,Yes,Salle 13,121.0,73.6,1.0
ENSPD002690,Male,23.0,Telecom,4,82.3,18.0,49.0,81.9,72.6,1.0,0.5,6.9,Yes,No,Middle,0.0,Yes,Salle 2,121.0,64.9,1.0
ENSPD002691,Male,21.0,Mecanique,2,59.9,40.0,71.5,26.9,57.6,2.0,1.3,3.7,No,No,Middle,1.0,Yes,Salle 21,231.0,50.4,1.0
ENSPD002692,Female,20.0,Chimie,1,78.8,21.0,59.6,57.7,41.7,1.0,0.5,12.2,Yes,No,Middle,1.0,No,Salle 24,96.0,47.3,0.0
ENSPD002693,Male,20.0,Mecanique,1,52.2,48.0,63.0,45.4,90.6,2.0,0.6,10.6,No,No,Middle,0.0,Yes,Salle 15,186.0,63.6,1.0
ENSPD002694,Male,21.0,Informatique,2,75.0,25.0,58.8,40.3,37.2,2.0,4.1,17.5,Yes,Yes,Low,1.0,Yes,Salle 14,298.0,41.8,0.0
ENSPD002695,Female,23.0,Energetique,1,92.3,8.0,75.8,60.7,76.6,0.0,3.0,11.5,No,No,Middle,0.0,No,Salle 9,83.0,68.5,1.0
ENSPD002696,Male,19.0,Informatique,2,87.4,13.0,68.4,74.6,32.1,0.0,0.1,4.3,No,No,High,1.0,No,Salle 9,298.0,51.1,1.0
ENSPD002697,Female,21.0,Energetique,2,74.9,25.0,68.5,67.4,82.4,2.0,0.8,5.4,Yes,No,Middle,4.0,No,Salle 6,71.0,66.5,1.0
ENSPD002698,Male,22.0,Informatique,1,82.5,18.0,67.4,49.6,84.2,1.0,1.5,11.5,Yes,Yes,Middle,1.0,Yes,Salle 9,248.0,70.8,1.0
ENSPD002699,Female,20.0,Telecom,1,69.1,31.0,73.6,59.4,25.7,0.0,0.1,0.0,Yes,No,Middle,1.0,Yes,Salle 14,121.0,50.3,1.0
ENSPD002700,Female,26.0,Mecanique,4,82.0,18.0,61.1,78.7,73.0,1.0,2.3,12.8,Yes,Yes,Middle,0.0,Yes,Salle 30,178.0,66.3,1.0
ENSPD002701,Male,20.0,Mecanique,3,100.0,0.0,90.5,74.3,71.3,1.0,1.0,10.5,Yes,No,Middle,0.0,Yes,Salle 5,212.0,84.5,1.0
ENSPD002702,Female,21.0,Informatique,5,100.0,0.0,46.5,52.1,78.1,2.0,1.0,11.5,No,No,Middle,0.0,Yes,Salle 2,109.0,63.0,1.0
ENSPD002703,Male,20.0,Electrique,2,82.6,17.0,39.1,50.9,71.3,1.0,0.6,2.3,No,No,Middle,0.0,Yes,Salle 6,185.0,49.8,0.0
ENSPD002704,Male,26.0,Mecanique,3,83.9,16.0,37.9,31.1,44.8,0.0,0.8,3.4,Yes,No,Middle,1.0,Yes,Salle 25,212.0,35.7,0.0
ENSPD002705,Female,23.0,Electrique,1,70.2,30.0,33.8,54.3,59.7,1.0,4.0,20.0,Yes,Yes,Middle,1.0,No,Salle 12,143.0,46.0,0.0
ENSPD002706,Female,20.0,Informatique,3,72.4,28.0,75.1,30.8,97.3,1.0,3.1,16.1,Yes,No,Middle,2.0,No,Salle 25,263.0,68.6,1.0
ENSPD002707,Male,24.0,Informatique,1,86.3,14.0,73.3,99.2,41.8,1.0,1.4,30.1,Yes,No,High,0.0,No,Salle 26,248.0,64.7,1.0
ENSPD002708,Male,22.0,Informatique,1,75.7,24.0,65.1,46.6,70.5,1.0,2.4,20.7,Yes,No,Low,1.0,Yes,Salle 1,248.0,65.5,1.0
ENSPD002709,Male,23.0,GenieCivil,5,92.8,7.0,49.2,82.0,87.0,1.0,1.7,15.9,Yes,No,Low,0.0,No,Salle 26,70.0,75.8,1.0
ENSPD002710,Male,21.0,Telecom,3,100.0,0.0,76.2,94.7,44.2,2.0,0.6,5.6,Yes,No,Low,3.0,No,Salle 26,154.0,67.5,1.0
ENSPD002711,Female,21.0,Telecom,5,86.0,14.0,65.9,65.9,35.7,2.0,2.2,19.6,Yes,No,Middle,1.0,Yes,Salle 27,60.0,47.2,0.0
ENSPD002712,Male,23.0,Mecanique,2,83.2,17.0,67.5,60.2,38.7,2.0,4.7,23.5,Yes,Yes,Middle,3.0,Yes,Salle 19,231.0,58.8,1.0
ENSPD002713,Male,21.0,Electrique,2,61.8,38.0,74.4,38.2,71.9,2.0,0.1,7.5,No,Yes,Middle,0.0,Yes,Salle 25,185.0,61.2,1.0
ENSPD002714,Male,26.0,Chimie,2,91.0,9.0,53.7,52.9,38.5,1.0,1.2,11.5,Yes,No,Middle,1.0,No,Salle 6,119.0,44.8,0.0
ENSPD002715,Male,19.0,Mecanique,3,68.3,32.0,100.0,90.9,61.3,2.0,0.3,8.0,Yes,No,Low,1.0,Yes,Salle 2,212.0,79.5,1.0
ENSPD002716,Male,25.0,GenieCivil,3,77.0,23.0,65.1,68.3,91.4,3.0,3.3,21.7,No,No,Low,1.0,Yes,Salle 23,185.0,86.5,1.0
ENSPD002717,Female,22.0,GenieCivil,5,93.5,6.0,57.0,62.5,63.0,0.0,1.9,15.8,Yes,No,Middle,1.0,Yes,Salle 23,70.0,57.9,1.0
ENSPD002718,Female,23.0,Informatique,1,94.4,6.0,65.1,85.6,48.4,1.0,4.2,24.7,Yes,No,Low,1.0,Yes,Salle 23,248.0,55.8,1.0
ENSPD002719,Female,24.0,Informatique,3,76.4,24.0,63.7,74.5,66.5,1.0,0.1,3.3,No,No,High,1.0,Yes,Salle 13,263.0,67.8,1.0
ENSPD002720,Male,21.0,Informatique,2,77.1,23.0,67.7,59.3,62.6,0.0,1.4,20.3,No,Yes,Middle,1.0,Yes,Salle 18,298.0,57.1,1.0
ENSPD002721,Female,24.0,Electrique,1,73.6,26.0,81.0,65.9,73.1,3.0,0.1,8.4,No,No,Middle,1.0,No,Salle 28,143.0,67.0,1.0
ENSPD002722,Female,17.0,Informatique,3,67.6,32.0,47.5,48.2,96.4,2.0,1.4,9.1,Yes,No,Low,2.0,Yes,Salle 22,263.0,65.2,1.0
ENSPD002723,Female,21.0,Informatique,3,74.4,26.0,65.1,51.9,71.9,1.0,0.3,9.7,Yes,No,High,1.0,No,Salle 4,263.0,63.0,1.0
ENSPD002724,Male,20.0,Mecanique,1,62.6,37.0,42.1,58.3,100.0,0.0,0.3,4.4,No,No,Middle,1.0,Yes,Salle 2,186.0,62.2,1.0
ENSPD002725,Male,19.0,Informatique,1,90.2,10.0,71.5,72.0,73.1,1.0,0.4,9.6,No,No,Middle,0.0,Yes,Salle 17,248.0,75.0,1.0
ENSPD002726,Male,22.0,Informatique,2,86.7,13.0,63.4,39.5,48.7,2.0,1.3,9.0,Yes,No,Middle,3.0,No,Salle 3,298.0,44.0,0.0
ENSPD002727,Male,23.0,Telecom,2,88.7,11.0,94.1,63.4,100.0,0.0,3.1,15.9,Yes,No,Middle,1.0,Yes,Salle 15,161.0,83.2,1.0
ENSPD002728,Male,23.0,Informatique,2,70.5,30.0,65.1,55.0,61.5,1.0,4.6,28.1,Yes,No,Low,0.0,No,Salle 11,298.0,50.8,1.0
ENSPD002729,Male,22.0,Electrique,1,67.7,32.0,85.6,45.8,42.9,1.0,1.7,16.2,Yes,No,Low,1.0,No,Salle 22,143.0,55.1,1.0
ENSPD002730,Male,21.0,Mecanique,1,82.6,17.0,39.4,55.1,100.0,0.0,0.3,7.1,Yes,Yes,Low,1.0,No,Salle 21,186.0,67.0,1.0
ENSPD002731,Female,23.0,Electrique,5,82.8,17.0,45.1,20.2,49.3,2.0,0.2,4.4,Yes,No,Middle,3.0,No,Salle 9,80.0,35.7,0.0
ENSPD002732,Male,22.0,Electrique,5,80.2,20.0,39.8,61.6,48.6,1.0,1.4,10.3,Yes,Yes,Low,0.0,Yes,Salle 21,80.0,42.5,0.0
ENSPD002733,Male,24.0,Mecanique,3,78.5,22.0,68.8,42.2,53.0,0.0,2.9,17.2,Yes,Yes,Middle,2.0,No,Salle 2,212.0,51.2,1.0
ENSPD002734,Female,24.0,Telecom,5,100.0,0.0,47.4,57.0,67.3,0.0,1.9,11.0,No,Yes,Middle,0.0,No,Salle 23,60.0,60.5,1.0
ENSPD002735,Female,22.0,GenieCivil,3,87.1,13.0,44.8,21.0,82.6,2.0,1.7,13.1,Yes,No,Middle,2.0,Yes,Salle 6,185.0,47.9,0.0
ENSPD002736,Female,20.0,Telecom,1,100.0,0.0,68.0,65.4,11.0,0.0,0.1,3.4,No,No,Middle,1.0,Yes,Salle 5,121.0,42.7,0.0
ENSPD002737,Other,21.0,GenieCivil,1,97.2,3.0,71.8,78.4,82.5,2.0,1.1,15.6,Yes,No,Middle,1.0,No,Salle 12,149.0,75.3,1.0
ENSPD002738,Male,21.0,Energetique,5,100.0,0.0,65.6,59.9,52.9,2.0,1.6,3.5,No,Yes,Middle,0.0,Yes,Salle 26,40.0,65.2,1.0
ENSPD002739,Female,21.0,Chimie,3,69.1,31.0,62.6,71.0,55.7,1.0,1.8,9.7,No,No,Low,2.0,Yes,Salle 11,130.0,55.4,1.0
ENSPD002740,Male,23.0,Energetique,4,89.1,11.0,92.4,52.8,98.3,0.0,0.0,8.1,No,No,Middle,0.0,Yes,Salle 28,70.0,79.3,1.0
ENSPD002741,Male,23.0,GenieCivil,4,76.8,23.0,67.2,34.0,68.3,2.0,0.4,12.9,No,No,Middle,0.0,No,Salle 11,173.0,53.0,1.0
ENSPD002742,Male,22.0,GenieCivil,2,62.0,38.0,77.1,62.0,73.0,1.0,6.0,26.6,Yes,No,Middle,3.0,Yes,Salle 10,177.0,63.0,1.0
ENSPD002743,Male,22.0,Chimie,1,100.0,0.0,67.1,74.2,63.0,0.0,1.4,9.7,No,No,Middle,0.0,Yes,Salle 21,96.0,70.4,1.0
ENSPD002744,Male,22.0,Telecom,1,78.5,22.0,48.5,38.2,79.3,0.0,2.4,16.4,Yes,No,Middle,0.0,Yes,Salle 22,121.0,54.0,1.0
ENSPD002745,Female,21.0,Energetique,1,69.3,31.0,73.2,53.6,96.4,0.0,0.7,9.8,No,No,Middle,1.0,Yes,Salle 5,83.0,82.2,1.0
ENSPD002746,Female,20.0,Mecanique,1,77.0,23.0,55.2,57.6,14.5,1.0,1.8,12.7,Yes,No,Low,1.0,No,Salle 5,186.0,35.8,0.0
ENSPD002747,Male,18.0,Chimie,2,72.4,28.0,63.6,100.0,85.7,1.0,0.9,11.7,Yes,No,Middle,1.0,Yes,Salle 25,119.0,79.8,1.0
ENSPD002748,Male,21.0,Informatique,1,73.7,26.0,69.6,66.0,94.9,1.0,0.7,9.0,No,Yes,Middle,0.0,Yes,Salle 6,248.0,74.3,1.0
ENSPD002749,Female,23.0,GenieCivil,1,79.3,21.0,35.9,27.7,74.0,0.0,1.1,11.5,No,No,Middle,1.0,No,Salle 9,149.0,44.5,0.0
ENSPD002750,Female,21.0,Informatique,2,100.0,0.0,40.9,23.2,50.5,2.0,1.4,16.1,Yes,Yes,Middle,2.0,No,Salle 12,298.0,35.7,0.0
ENSPD002751,Male,22.0,Mecanique,2,74.0,26.0,78.6,75.1,41.0,0.0,0.8,7.5,No,Yes,Middle,0.0,Yes,Salle 3,231.0,65.9,1.0
ENSPD002752,Female,23.0,Energetique,2,100.0,0.0,55.0,100.0,100.0,1.0,0.6,6.4,Yes,No,Low,0.0,Yes,Salle 23,71.0,85.7,1.0
ENSPD002753,Male,23.0,Informatique,2,92.2,8.0,55.8,56.9,45.9,1.0,2.0,11.8,Yes,No,Low,1.0,Yes,Salle 24,298.0,52.1,1.0
ENSPD002754,Male,20.0,Electrique,3,86.8,13.0,67.5,55.9,94.4,5.0,1.0,6.6,No,Yes,Middle,1.0,Yes,Salle 26,188.0,71.2,1.0
ENSPD002755,Female,24.0,Electrique,5,91.0,9.0,59.2,69.8,71.8,1.0,0.5,11.5,Yes,No,High,0.0,No,Salle 17,80.0,69.2,1.0
ENSPD002756,Male,24.0,Informatique,1,82.2,18.0,71.3,47.6,100.0,0.0,2.8,11.5,Yes,No,Middle,0.0,Yes,Salle 26,248.0,72.0,1.0
ENSPD002757,Male,20.0,Mecanique,1,97.4,3.0,64.2,61.6,57.6,3.0,2.6,17.2,No,Yes,Low,1.0,Yes,Salle 3,186.0,47.3,0.0
ENSPD002758,Female,20.0,Electrique,4,88.8,11.0,68.0,80.7,31.8,1.0,4.4,24.5,Yes,Yes,Middle,0.0,Yes,Salle 29,157.0,59.5,1.0
ENSPD002759,Female,24.0,Informatique,3,62.0,38.0,54.5,51.0,64.0,1.0,1.6,12.4,Yes,No,Middle,2.0,Yes,Salle 29,263.0,56.2,1.0
ENSPD002760,Male,22.0,Chimie,4,85.6,14.0,67.9,80.9,34.3,0.0,0.7,9.4,Yes,No,Low,0.0,No,Salle 23,93.0,64.2,1.0
ENSPD002761,Male,18.0,Energetique,1,91.4,9.0,81.6,48.3,100.0,1.0,4.0,11.5,No,No,Middle,1.0,Yes,Salle 19,83.0,78.1,1.0
ENSPD002762,Male,19.0,Informatique,4,78.5,22.0,56.5,64.2,76.6,2.0,0.7,3.7,No,Yes,Middle,0.0,Yes,Salle 8,230.0,70.2,1.0
ENSPD002763,Female,22.0,Informatique,5,83.5,16.0,78.7,77.4,79.6,2.0,1.4,14.5,No,No,Middle,0.0,Yes,Salle 5,109.0,76.6,1.0
ENSPD002764,Male,20.0,GenieCivil,3,74.6,25.0,64.2,81.3,79.6,1.0,0.4,13.0,No,No,Middle,0.0,Yes,Salle 6,185.0,71.5,1.0
ENSPD002765,Male,21.0,Chimie,1,65.5,34.0,76.0,66.2,50.1,0.0,2.0,10.9,Yes,No,Low,0.0,Yes,Salle 1,96.0,58.3,1.0
ENSPD002766,Female,22.0,Mecanique,4,63.4,37.0,66.9,65.3,61.4,0.0,3.7,29.8,Yes,No,Middle,1.0,Yes,Salle 10,178.0,63.9,1.0
ENSPD002767,Male,25.0,Informatique,4,63.6,36.0,64.5,73.2,66.2,1.0,1.6,10.2,Yes,No,High,1.0,Yes,Salle 9,230.0,61.4,1.0
ENSPD002768,Male,21.0,GenieCivil,4,90.0,10.0,70.2,70.4,100.0,0.0,1.3,11.2,Yes,No,Middle,1.0,Yes,Salle 13,173.0,77.9,1.0
ENSPD002769,Male,24.0,Energetique,1,52.1,48.0,83.2,38.8,40.9,2.0,10.1,11.5,Yes,No,Middle,1.0,No,Salle 10,83.0,48.4,0.0
ENSPD002770,Female,25.0,Mecanique,4,82.2,26.0,68.5,61.6,49.4,2.0,0.0,0.0,No,Yes,Middle,1.0,No,Salle 26,178.0,47.5,0.0
ENSPD002771,Male,25.0,GenieCivil,1,72.8,27.0,72.2,24.0,56.7,1.0,1.4,5.0,Yes,No,Middle,1.0,Yes,Salle 15,149.0,49.1,0.0
ENSPD002772,Male,23.0,Energetique,2,78.6,21.0,59.5,75.8,50.5,1.0,5.0,27.6,Yes,No,Low,1.0,Yes,Salle 21,71.0,61.3,1.0
ENSPD002773,Female,18.0,Electrique,3,59.7,40.0,88.6,54.9,34.8,1.0,2.1,12.5,Yes,No,Middle,1.0,No,Salle 10,188.0,49.9,0.0
ENSPD002774,Male,23.0,Chimie,2,86.8,13.0,74.6,76.8,9.9,0.0,1.6,7.9,No,Yes,Low,2.0,Yes,Salle 28,119.0,52.8,1.0
ENSPD002775,Male,24.0,Electrique,3,66.7,33.0,66.2,69.3,27.5,0.0,2.0,17.9,Yes,Yes,Middle,2.0,No,Salle 21,188.0,47.7,0.0
ENSPD002776,Male,22.0,Energetique,3,95.6,4.0,63.2,44.0,86.0,1.0,1.4,9.4,No,No,Low,1.0,Yes,Salle 20,104.0,65.4,1.0
ENSPD002777,Male,25.0,Electrique,1,74.5,26.0,79.7,59.8,63.8,1.0,0.1,4.8,No,Yes,Low,1.0,Yes,Salle 17,143.0,57.3,1.0
ENSPD002778,Male,24.0,Telecom,3,80.9,19.0,55.9,53.8,80.7,1.0,0.6,16.5,Yes,No,Middle,0.0,Yes,Salle 1,154.0,60.7,1.0
ENSPD002779,Male,23.0,Electrique,5,82.0,18.0,38.3,51.0,52.3,0.0,0.8,4.2,Yes,No,Middle,0.0,Yes,Salle 16,80.0,40.7,0.0
ENSPD002780,Male,24.0,Chimie,1,84.9,15.0,66.1,78.5,62.0,1.0,1.3,6.1,Yes,No,Middle,2.0,Yes,Salle 1,96.0,70.9,1.0
ENSPD002781,Male,23.0,Mecanique,3,82.4,18.0,82.9,100.0,96.3,0.0,1.0,7.4,Yes,No,Low,0.0,Yes,Salle 13,212.0,95.2,1.0
ENSPD002782,Female,17.0,Mecanique,2,76.9,23.0,88.9,82.1,95.1,3.0,1.5,12.1,Yes,No,Low,1.0,Yes,Salle 3,231.0,85.5,1.0
ENSPD002783,Other,22.0,Chimie,2,82.2,14.0,63.4,61.5,82.8,0.0,0.4,8.4,No,No,Low,1.0,Yes,Salle 4,119.0,68.4,1.0
ENSPD002784,Female,24.0,Mecanique,2,87.6,12.0,65.7,84.7,68.0,1.0,1.4,3.7,Yes,No,Middle,0.0,Yes,Salle 20,231.0,68.0,1.0
ENSPD002785,Female,20.0,Electrique,2,72.8,27.0,72.8,92.8,74.4,1.0,0.9,3.0,No,Yes,Low,1.0,Yes,Salle 28,185.0,77.1,1.0
ENSPD002786,Male,22.0,Mecanique,1,87.1,13.0,61.0,36.9,71.4,1.0,1.3,11.5,No,No,High,1.0,No,Salle 14,186.0,57.7,1.0
ENSPD002787,Female,20.0,Telecom,5,96.3,4.0,72.7,84.0,60.7,3.0,0.8,6.4,Yes,Yes,Middle,3.0,Yes,Salle 21,60.0,70.6,1.0
ENSPD002788,Male,26.0,Informatique,3,90.5,10.0,63.7,75.9,55.9,1.0,1.7,11.8,Yes,No,High,1.0,Yes,Salle 28,263.0,59.9,1.0
ENSPD002789,Female,25.0,Telecom,3,93.2,7.0,80.2,83.4,86.4,1.0,0.7,8.1,Yes,No,High,1.0,Yes,Salle 12,154.0,82.7,1.0
ENSPD002790,Other,20.0,Electrique,2,82.2,16.0,75.8,76.6,38.1,0.0,0.4,10.4,Yes,No,Middle,3.0,Yes,Salle 4,185.0,60.4,1.0
ENSPD002791,Female,22.0,Informatique,3,70.8,29.0,77.2,57.9,93.7,1.0,1.4,18.9,No,No,Middle,0.0,Yes,Salle 21,263.0,73.8,1.0
ENSPD002792,Other,21.0,GenieCivil,2,72.3,28.0,61.9,98.6,58.5,3.0,0.4,13.0,Yes,No,Middle,0.0,Yes,Salle 5,177.0,70.6,1.0
ENSPD002793,Male,23.0,Mecanique,2,85.8,14.0,93.9,68.1,37.7,1.0,6.8,31.6,Yes,No,Middle,3.0,Yes,Salle 14,231.0,58.8,1.0
ENSPD002794,Male,23.0,Mecanique,2,93.3,7.0,72.3,61.6,53.1,0.0,1.4,34.4,Yes,Yes,Middle,0.0,Yes,Salle 19,231.0,62.7,1.0
ENSPD002795,Male,24.0,Mecanique,2,100.0,0.0,68.7,71.1,46.5,2.0,2.4,10.6,Yes,No,Middle,0.0,Yes,Salle 12,231.0,56.4,1.0
ENSPD002796,Female,23.0,Informatique,1,93.8,6.0,53.6,79.5,52.5,2.0,1.4,6.4,No,No,Low,0.0,Yes,Salle 6,248.0,61.9,1.0
ENSPD002797,Male,28.0,Energetique,3,68.0,32.0,63.5,63.7,52.1,1.0,3.2,14.9,Yes,No,Middle,2.0,No,Salle 27,104.0,56.7,1.0
ENSPD002798,Female,20.0,Informatique,4,72.8,27.0,66.7,69.1,51.3,1.0,4.1,22.4,Yes,No,Middle,0.0,No,Salle 4,230.0,65.8,1.0
ENSPD002799,Other,19.0,Electrique,1,100.0,0.0,53.2,63.6,57.8,0.0,2.5,19.0,Yes,No,Middle,1.0,Yes,Salle 12,143.0,55.5,1.0
ENSPD002800,Male,21.0,Mecanique,1,79.4,21.0,60.6,50.1,62.7,1.0,0.2,0.0,No,No,Middle,2.0,Yes,Salle 1,186.0,50.5,1.0
ENSPD002801,Female,19.0,Electrique,2,82.6,17.0,62.5,47.2,79.3,2.0,0.0,8.6,No,No,Middle,0.0,Yes,Salle 6,185.0,54.9,1.0
ENSPD002802,Female,19.0,Mecanique,5,70.5,30.0,65.8,36.7,59.1,1.0,0.4,11.5,No,Yes,Middle,0.0,Yes,Salle 24,67.0,51.9,1.0
ENSPD002803,Female,20.0,Electrique,4,100.0,0.0,38.6,89.3,63.5,0.0,0.4,14.8,Yes,No,Middle,3.0,Yes,Salle 17,157.0,70.3,1.0
ENSPD002804,Female,20.0,Chimie,3,88.0,12.0,63.0,58.0,64.2,1.0,0.4,8.3,Yes,No,Middle,0.0,No,Salle 3,130.0,64.3,1.0
ENSPD002805,Male,20.0,Electrique,5,82.2,27.0,59.3,0.3,74.8,1.0,1.4,3.5,Yes,Yes,Low,1.0,Yes,Salle 5,80.0,47.9,0.0
ENSPD002806,Female,23.0,Informatique,2,70.1,30.0,64.7,69.1,64.9,1.0,1.5,5.6,Yes,No,Low,0.0,No,Salle 7,298.0,65.0,1.0
ENSPD002807,Female,21.0,Electrique,5,85.7,14.0,80.5,68.8,51.1,2.0,2.6,19.0,No,No,Middle,0.0,Yes,Salle 27,80.0,64.7,1.0
ENSPD002808,Male,22.0,Mecanique,2,82.5,18.0,95.8,28.4,45.6,1.0,0.4,7.0,Yes,No,Low,1.0,Yes,Salle 9,231.0,61.2,1.0
ENSPD002809,Male,24.0,Informatique,2,82.2,8.0,75.2,47.0,68.2,2.0,0.2,3.3,No,No,High,2.0,Yes,Salle 10,298.0,63.8,1.0
ENSPD002810,Female,20.0,GenieCivil,3,88.6,11.0,46.5,46.2,89.5,0.0,2.2,7.8,Yes,No,High,1.0,No,Salle 16,185.0,65.6,1.0
ENSPD002811,Male,21.0,GenieCivil,2,78.8,21.0,59.8,48.6,59.4,0.0,1.3,5.9,No,No,Middle,1.0,No,Salle 29,177.0,53.7,1.0
ENSPD002812,Female,22.0,GenieCivil,3,75.5,24.0,73.9,83.8,50.0,0.0,1.4,15.9,Yes,No,High,2.0,Yes,Salle 8,185.0,62.7,1.0
ENSPD002813,Female,18.0,Electrique,2,80.1,20.0,72.2,59.3,58.9,2.0,1.0,10.9,Yes,No,Middle,1.0,Yes,Salle 18,185.0,59.1,1.0
ENSPD002814,Male,17.0,Mecanique,3,75.4,25.0,79.8,54.3,52.8,1.0,2.8,20.1,Yes,No,Low,1.0,Yes,Salle 29,212.0,64.0,1.0
ENSPD002815,Male,23.0,Mecanique,2,80.4,20.0,63.5,82.2,50.7,0.0,2.3,19.5,No,No,Middle,1.0,No,Salle 25,231.0,61.6,1.0
ENSPD002816,Female,23.0,Informatique,1,82.2,18.0,59.5,70.9,35.1,0.0,2.1,9.9,Yes,No,Middle,0.0,Yes,Salle 18,248.0,56.0,1.0
ENSPD002817,Male,26.0,Electrique,5,71.2,29.0,91.3,30.7,59.1,0.0,0.1,9.1,Yes,No,Middle,0.0,Yes,Salle 14,80.0,52.9,1.0
ENSPD002818,Male,22.0,Electrique,4,89.6,10.0,65.9,50.9,68.7,1.0,3.9,17.6,Yes,No,Middle,2.0,Yes,Salle 15,157.0,58.0,1.0
ENSPD002819,Male,24.0,Mecanique,5,77.6,22.0,49.7,67.8,63.5,2.0,0.9,8.1,Yes,Yes,Low,0.0,Yes,Salle 26,67.0,49.8,0.0
ENSPD002820,Male,22.0,Electrique,4,71.9,28.0,87.1,45.2,46.4,2.0,0.3,3.3,Yes,No,Middle,1.0,Yes,Salle 22,157.0,49.9,0.0
ENSPD002821,Female,23.0,GenieCivil,3,77.8,22.0,42.6,98.5,45.0,1.0,1.4,11.5,Yes,No,Middle,1.0,Yes,Salle 20,185.0,60.5,1.0
ENSPD002822,Male,25.0,GenieCivil,3,84.9,15.0,12.6,64.0,36.3,1.0,1.3,7.9,Yes,No,Middle,0.0,Yes,Salle 26,185.0,37.2,0.0
ENSPD002823,Female,18.0,GenieCivil,1,83.0,17.0,76.5,48.4,44.9,1.0,0.1,8.0,Yes,Yes,Middle,4.0,No,Salle 24,149.0,51.5,1.0
ENSPD002824,Male,23.0,Electrique,1,87.1,13.0,78.7,41.8,60.0,2.0,1.4,18.9,Yes,No,Middle,2.0,Yes,Salle 20,143.0,61.0,1.0
ENSPD002825,Male,26.0,Electrique,2,82.2,7.0,71.2,78.7,37.2,3.0,1.1,14.0,Yes,No,Low,2.0,Yes,Salle 25,185.0,53.6,1.0
ENSPD002826,Female,23.0,Mecanique,4,97.7,2.0,45.5,50.3,61.2,3.0,2.8,18.5,Yes,No,Middle,0.0,Yes,Salle 18,178.0,51.7,1.0
ENSPD002827,Female,25.0,Informatique,1,85.4,15.0,64.1,68.8,49.9,1.0,2.8,23.7,Yes,Yes,Low,2.0,No,Salle 20,248.0,60.8,1.0
ENSPD002828,Male,21.0,Informatique,5,69.2,31.0,60.8,41.3,45.4,3.0,0.2,3.2,No,No,Middle,1.0,No,Salle 23,109.0,42.9,0.0
ENSPD002829,Male,22.0,Electrique,3,78.8,21.0,56.9,63.3,71.5,1.0,1.9,15.8,No,No,Middle,1.0,Yes,Salle 18,188.0,59.4,1.0
ENSPD002830,Male,22.0,Telecom,4,69.9,30.0,86.2,50.6,51.2,1.0,0.9,10.2,Yes,No,Middle,0.0,Yes,Salle 17,121.0,58.0,1.0
ENSPD002831,Male,18.0,GenieCivil,1,100.0,0.0,49.3,56.3,54.6,1.0,1.4,8.4,No,No,Middle,2.0,No,Salle 2,149.0,62.4,1.0
ENSPD002832,Female,20.0,Informatique,2,100.0,0.0,69.7,47.7,90.0,0.0,0.2,9.6,No,No,Low,1.0,Yes,Salle 14,298.0,73.1,1.0
ENSPD002833,Male,20.0,Chimie,5,89.8,10.0,65.1,80.5,45.6,3.0,1.8,15.6,Yes,No,Middle,1.0,Yes,Salle 2,48.0,67.8,1.0
ENSPD002834,Male,24.0,Telecom,2,92.3,8.0,70.7,53.2,95.3,2.0,3.0,14.4,Yes,Yes,High,1.0,Yes,Salle 6,161.0,71.8,1.0
ENSPD002835,Male,24.0,Telecom,2,85.0,15.0,83.6,59.4,63.5,1.0,8.7,33.1,Yes,No,High,1.0,Yes,Salle 19,161.0,65.0,1.0
ENSPD002836,Female,23.0,Electrique,1,86.4,14.0,73.5,60.3,41.3,2.0,0.8,7.8,Yes,No,Middle,0.0,Yes,Salle 16,143.0,52.8,0.0
ENSPD002837,Other,24.0,Telecom,1,62.8,37.0,71.4,91.0,52.9,0.0,0.3,3.5,No,No,High,1.0,Yes,Salle 7,121.0,69.3,1.0
ENSPD002838,Male,22.0,Informatique,2,81.1,19.0,70.5,78.0,65.4,0.0,0.9,9.3,Yes,No,Middle,2.0,No,Salle 27,298.0,70.3,1.0
ENSPD002839,Female,24.0,Informatique,3,71.4,29.0,74.2,76.2,89.1,0.0,0.0,11.5,No,Yes,Low,1.0,Yes,Salle 30,263.0,78.3,1.0
ENSPD002840,Male,22.0,Informatique,2,85.4,15.0,59.2,33.6,80.0,1.0,1.1,16.5,Yes,No,Middle,1.0,Yes,Salle 4,298.0,60.8,1.0
ENSPD002841,Male,22.0,Chimie,3,81.3,19.0,45.5,50.2,65.3,2.0,4.9,11.5,No,No,High,0.0,Yes,Salle 26,130.0,57.9,1.0
ENSPD002842,Female,21.0,Informatique,1,100.0,0.0,79.3,83.4,89.2,1.0,1.4,9.0,Yes,No,Middle,2.0,Yes,Salle 18,248.0,87.6,1.0
ENSPD002843,Female,23.0,GenieCivil,4,93.0,7.0,82.4,40.9,26.4,0.0,1.4,4.8,Yes,No,Low,2.0,Yes,Salle 10,173.0,54.0,1.0
ENSPD002844,Female,21.0,GenieCivil,4,85.4,15.0,68.8,63.5,69.0,2.0,1.7,7.9,Yes,No,High,2.0,Yes,Salle 2,173.0,67.5,1.0
ENSPD002845,Male,24.0,Mecanique,1,82.2,21.0,56.8,42.8,70.2,0.0,0.4,4.8,No,No,Middle,2.0,No,Salle 27,186.0,57.0,1.0
ENSPD002846,Male,20.0,Telecom,2,100.0,0.0,41.6,44.6,70.4,2.0,0.8,4.8,No,No,Middle,1.0,Yes,Salle 18,161.0,55.8,1.0
ENSPD002847,Female,20.0,Informatique,1,81.6,18.0,66.3,92.3,31.8,3.0,4.8,25.9,Yes,No,Middle,1.0,Yes,Salle 4,248.0,61.9,1.0
ENSPD002848,Male,23.0,Mecanique,4,86.0,14.0,44.8,74.9,43.7,1.0,0.7,7.7,Yes,No,Middle,0.0,Yes,Salle 8,178.0,49.3,0.0
ENSPD002849,Male,22.0,Chimie,4,82.5,18.0,42.7,79.7,60.7,1.0,2.0,16.3,Yes,Yes,Low,1.0,Yes,Salle 26,93.0,59.1,1.0
ENSPD002850,Male,21.0,Informatique,4,77.2,23.0,64.7,76.1,86.3,1.0,0.3,2.1,No,No,Middle,1.0,Yes,Salle 11,230.0,71.5,1.0
ENSPD002851,Female,24.0,Electrique,2,82.4,18.0,53.5,59.5,100.0,0.0,2.2,14.5,Yes,No,Middle,1.0,No,Salle 12,185.0,67.1,1.0
ENSPD002852,Male,21.0,Telecom,2,58.5,42.0,70.2,49.6,50.7,1.0,0.7,4.8,Yes,No,Middle,0.0,Yes,Salle 3,161.0,49.6,0.0
ENSPD002853,Male,22.0,Energetique,1,63.4,37.0,62.6,54.8,37.8,2.0,0.5,11.5,No,No,Low,1.0,No,Salle 6,83.0,44.3,0.0
ENSPD002854,Female,25.0,Telecom,2,86.2,14.0,55.9,58.5,80.3,5.0,0.3,2.1,Yes,No,High,2.0,Yes,Salle 30,161.0,66.3,1.0
ENSPD002855,Male,25.0,Mecanique,3,100.0,0.0,39.4,94.0,100.0,2.0,0.1,0.0,Yes,No,Middle,1.0,Yes,Salle 4,212.0,78.3,1.0
ENSPD002856,Male,25.0,Electrique,1,86.2,14.0,52.2,37.9,63.5,1.0,6.9,30.3,No,No,Middle,3.0,No,Salle 28,143.0,65.6,1.0
ENSPD002857,Male,21.0,Informatique,4,73.4,27.0,52.8,52.0,49.0,1.0,1.1,4.9,No,Yes,Low,0.0,No,Salle 18,230.0,48.0,0.0
ENSPD002858,Male,24.0,Mecanique,3,64.7,35.0,46.6,45.6,100.0,0.0,3.0,17.6,Yes,Yes,High,1.0,No,Salle 13,212.0,60.0,1.0
ENSPD002859,Male,20.0,Informatique,4,91.4,9.0,60.1,81.0,77.7,2.0,5.1,27.7,No,No,Middle,1.0,Yes,Salle 3,230.0,76.2,1.0
ENSPD002860,Male,20.0,Mecanique,2,75.2,25.0,47.8,95.4,48.2,0.0,0.5,9.9,Yes,No,Middle,0.0,Yes,Salle 4,231.0,58.1,1.0
ENSPD002861,Female,17.0,Telecom,4,89.7,10.0,62.5,67.6,100.0,2.0,4.1,12.9,Yes,No,Low,1.0,Yes,Salle 12,121.0,80.8,1.0
ENSPD002862,Male,25.0,Mecanique,5,86.7,13.0,68.6,69.0,46.6,1.0,2.5,17.9,Yes,Yes,Low,1.0,Yes,Salle 15,67.0,60.1,1.0
ENSPD002863,Female,20.0,Electrique,5,87.7,12.0,52.6,63.6,51.6,2.0,1.7,12.7,No,No,Middle,0.0,Yes,Salle 11,80.0,49.9,0.0
ENSPD002864,Female,22.0,GenieCivil,4,82.4,18.0,71.4,69.9,78.5,0.0,3.3,21.0,No,No,Middle,0.0,Yes,Salle 11,173.0,70.2,1.0
ENSPD002865,Male,20.0,GenieCivil,4,86.6,13.0,44.6,75.9,63.5,0.0,0.2,9.3,Yes,No,Middle,3.0,Yes,Salle 25,173.0,58.6,1.0
ENSPD002866,Female,23.0,Energetique,3,80.6,19.0,48.3,61.6,64.7,3.0,0.6,4.9,Yes,No,High,1.0,No,Salle 11,104.0,56.1,1.0
ENSPD002867,Male,21.0,Mecanique,1,74.4,26.0,63.3,71.0,64.8,1.0,0.3,11.5,Yes,No,Low,2.0,Yes,Salle 13,186.0,60.9,1.0
ENSPD002868,Female,19.0,Electrique,3,70.4,30.0,75.3,76.0,86.3,1.0,4.5,24.3,No,No,High,0.0,Yes,Salle 15,188.0,75.2,1.0
ENSPD002869,Male,23.0,GenieCivil,4,53.4,47.0,78.0,30.0,17.5,1.0,0.2,9.7,Yes,No,Middle,1.0,Yes,Salle 21,173.0,34.4,0.0
ENSPD002870,Male,19.0,Informatique,5,79.8,20.0,89.2,62.0,69.7,2.0,7.8,31.2,No,Yes,Middle,2.0,Yes,Salle 23,109.0,71.6,1.0
ENSPD002871,Female,20.0,GenieCivil,3,100.0,0.0,59.4,67.5,58.2,0.0,0.2,6.1,Yes,No,Middle,1.0,No,Salle 29,185.0,53.9,1.0
ENSPD002872,Female,18.0,Telecom,2,90.8,9.0,65.1,61.6,63.5,3.0,2.2,11.7,Yes,No,Low,0.0,Yes,Salle 15,177.0,58.6,1.0
ENSPD002873,Female,19.0,Informatique,3,84.7,15.0,49.5,61.6,48.9,1.0,2.2,11.7,Yes,No,Low,1.0,No,Salle 17,263.0,49.2,0.0
ENSPD002874,Male,22.0,Informatique,5,73.2,27.0,46.2,64.9,11.3,0.0,5.4,25.0,Yes,Yes,Low,0.0,Yes,Salle 1,109.0,38.2,0.0
ENSPD002875,Female,18.0,Informatique,1,94.0,6.0,68.4,61.6,48.0,2.0,0.8,10.8,No,No,Middle,1.0,Yes,Salle 6,248.0,50.9,1.0
ENSPD002876,Male,19.0,Chimie,2,80.6,19.0,53.4,30.1,89.8,1.0,0.8,10.5,No,No,High,0.0,No,Salle 7,119.0,59.7,1.0
ENSPD002877,Male,22.0,Chimie,3,100.0,0.0,83.5,79.7,80.6,2.0,3.7,16.2,No,No,Middle,1.0,Yes,Salle 14,130.0,78.3,1.0
ENSPD002878,Male,21.0,Electrique,1,70.2,30.0,43.1,41.6,60.2,0.0,7.7,30.3,Yes,No,Middle,1.0,Yes,Salle 1,143.0,50.8,1.0
ENSPD002879,Female,26.0,GenieCivil,1,73.0,27.0,72.3,59.1,35.8,1.0,1.4,9.7,Yes,Yes,Middle,0.0,Yes,Salle 20,149.0,56.0,1.0
ENSPD002880,Male,26.0,Telecom,2,71.8,28.0,49.9,48.5,80.4,2.0,2.0,16.2,No,No,Middle,1.0,Yes,Salle 6,161.0,58.7,1.0
ENSPD002881,Male,20.0,Chimie,4,64.2,36.0,52.7,90.6,90.2,4.0,0.6,12.4,Yes,No,Middle,1.0,Yes,Salle 18,93.0,72.2,1.0
ENSPD002882,Female,23.0,Telecom,1,70.8,29.0,73.1,60.6,84.7,3.0,2.6,17.6,No,No,Low,2.0,Yes,Salle 9,121.0,70.4,1.0
ENSPD002883,Male,23.0,Telecom,2,83.2,17.0,54.9,56.4,44.6,1.0,3.0,22.3,Yes,No,Middle,1.0,No,Salle 30,161.0,47.1,0.0
ENSPD002884,Male,21.0,Electrique,4,73.5,26.0,57.3,75.5,46.7,2.0,2.9,7.3,No,No,Low,0.0,No,Salle 26,157.0,53.0,1.0
ENSPD002885,Male,19.0,GenieCivil,5,35.7,64.0,52.8,100.0,97.1,0.0,1.4,8.9,Yes,No,Low,1.0,Yes,Salle 2,70.0,79.3,1.0
ENSPD002886,Female,22.0,Telecom,5,94.9,5.0,91.8,69.3,39.8,1.0,0.3,3.4,Yes,No,Middle,1.0,No,Salle 26,60.0,65.8,1.0
ENSPD002887,Male,22.0,Telecom,2,61.8,38.0,55.7,55.2,73.6,2.0,1.8,20.1,No,No,Middle,1.0,Yes,Salle 21,161.0,53.0,1.0
ENSPD002888,Male,21.0,Informatique,5,89.1,11.0,65.8,61.6,28.4,2.0,3.1,12.6,Yes,No,Middle,0.0,Yes,Salle 17,109.0,53.8,1.0
ENSPD002889,Female,23.0,Informatique,1,82.4,18.0,62.0,61.6,58.0,2.0,4.9,19.2,No,No,Middle,0.0,Yes,Salle 22,248.0,55.8,1.0
ENSPD002890,Female,20.0,Energetique,4,100.0,0.0,68.3,62.8,75.7,0.0,1.2,7.3,Yes,No,Low,1.0,Yes,Salle 11,70.0,65.8,1.0
ENSPD002891,Male,20.0,Mecanique,3,94.0,6.0,55.8,97.9,63.4,2.0,0.6,5.3,No,No,High,2.0,Yes,Salle 19,212.0,67.4,1.0
ENSPD002892,Female,22.0,Telecom,2,75.9,24.0,62.0,64.8,74.5,0.0,1.4,4.7,No,Yes,Middle,1.0,Yes,Salle 30,161.0,66.8,1.0
ENSPD002893,Female,23.0,Mecanique,3,73.6,26.0,70.9,63.9,39.5,2.0,3.2,21.4,No,No,High,2.0,Yes,Salle 13,212.0,62.5,1.0
ENSPD002894,Female,20.0,Informatique,1,100.0,0.0,52.1,62.4,47.6,1.0,1.5,16.9,No,No,Middle,0.0,Yes,Salle 16,248.0,53.5,1.0
ENSPD002895,Male,24.0,Informatique,4,64.3,36.0,81.3,54.9,73.6,0.0,2.2,17.7,Yes,No,Low,1.0,Yes,Salle 26,230.0,65.9,1.0
ENSPD002896,Female,18.0,Informatique,2,84.3,16.0,82.8,67.7,77.9,2.0,0.3,16.1,Yes,No,Middle,1.0,Yes,Salle 22,298.0,79.4,1.0
ENSPD002897,Male,21.0,Mecanique,3,80.4,20.0,74.1,76.0,68.4,1.0,0.0,10.1,No,No,High,0.0,Yes,Salle 28,212.0,70.8,1.0
ENSPD002898,Male,21.0,GenieCivil,1,77.9,22.0,65.1,56.0,82.9,4.0,6.9,30.1,Yes,No,Low,1.0,Yes,Salle 9,149.0,68.9,1.0
ENSPD002899,Male,21.0,Electrique,1,86.2,14.0,20.1,17.2,63.5,1.0,3.3,17.8,No,No,Low,3.0,Yes,Salle 27,143.0,24.9,0.0
ENSPD002900,Male,21.0,Energetique,5,84.3,16.0,71.4,70.4,54.7,1.0,1.0,12.2,Yes,No,High,3.0,Yes,Salle 8,40.0,67.7,1.0
ENSPD002901,Male,26.0,GenieCivil,4,87.5,12.0,59.1,100.0,100.0,0.0,1.2,5.2,Yes,Yes,Middle,1.0,Yes,Salle 14,173.0,84.9,1.0
ENSPD002902,Female,20.0,GenieCivil,5,83.7,16.0,61.3,55.2,89.7,1.0,5.3,25.0,Yes,No,Middle,1.0,Yes,Salle 18,70.0,72.1,1.0
ENSPD002903,Male,27.0,GenieCivil,2,87.0,13.0,36.5,35.5,76.7,1.0,0.5,9.6,No,No,Low,1.0,Yes,Salle 9,177.0,45.5,0.0
ENSPD002904,Male,23.0,GenieCivil,1,83.1,17.0,72.4,74.2,60.9,1.0,3.2,25.4,Yes,No,Middle,2.0,Yes,Salle 12,149.0,62.7,1.0
ENSPD002905,Male,22.0,GenieCivil,3,74.1,26.0,43.3,93.4,84.7,3.0,0.0,5.1,Yes,No,Middle,1.0,No,Salle 17,185.0,77.0,1.0
ENSPD002906,Male,23.0,Informatique,3,82.0,18.0,66.8,71.5,72.6,0.0,4.2,22.6,Yes,No,High,2.0,Yes,Salle 15,263.0,61.7,1.0
ENSPD002907,Female,27.0,Informatique,1,73.4,27.0,78.6,93.0,33.7,1.0,1.8,14.3,Yes,No,Middle,0.0,Yes,Salle 19,248.0,60.7,1.0
ENSPD002908,Male,20.0,Informatique,4,72.6,27.0,58.0,76.3,83.9,2.0,1.3,3.3,Yes,No,Middle,1.0,No,Salle 10,230.0,70.5,1.0
ENSPD002909,Male,20.0,Informatique,2,78.0,22.0,83.2,74.7,46.7,1.0,1.4,13.6,Yes,No,Middle,1.0,Yes,Salle 26,298.0,60.9,1.0
ENSPD002910,Male,20.0,Electrique,1,80.6,19.0,53.8,52.7,79.2,0.0,0.1,2.0,No,No,Middle,0.0,Yes,Salle 28,143.0,69.2,1.0
ENSPD002911,Male,22.0,Informatique,2,82.2,18.0,74.0,67.1,31.7,1.0,0.4,9.7,Yes,No,Middle,1.0,Yes,Salle 4,298.0,57.3,1.0
ENSPD002912,Male,19.0,Telecom,3,93.0,7.0,45.4,61.5,96.0,0.0,1.0,7.2,Yes,No,Middle,0.0,Yes,Salle 5,154.0,67.9,1.0
ENSPD002913,Female,22.0,Telecom,4,76.0,24.0,80.5,60.9,58.5,0.0,1.9,11.5,Yes,No,Low,7.0,Yes,Salle 7,121.0,60.5,1.0
ENSPD002914,Female,25.0,Energetique,3,84.4,16.0,78.1,57.4,41.8,1.0,0.3,7.9,No,No,Middle,1.0,No,Salle 19,104.0,59.4,1.0
ENSPD002915,Male,22.0,Energetique,3,83.4,17.0,72.0,66.1,63.5,1.0,1.0,8.4,Yes,No,Middle,1.0,Yes,Salle 22,104.0,57.6,1.0
ENSPD002916,Female,21.0,Mecanique,1,74.7,25.0,59.1,38.7,57.3,1.0,0.6,5.2,Yes,No,High,2.0,Yes,Salle 12,186.0,53.4,1.0
ENSPD002917,Female,21.0,GenieCivil,5,82.9,17.0,44.0,76.6,63.9,3.0,2.1,10.5,No,No,Middle,2.0,No,Salle 24,70.0,62.0,1.0
ENSPD002918,Female,24.0,Informatique,5,94.0,6.0,59.1,46.2,90.4,0.0,5.0,31.4,Yes,No,Middle,2.0,Yes,Salle 27,109.0,65.4,1.0
ENSPD002919,Male,20.0,Chimie,3,84.2,16.0,65.1,57.5,65.4,1.0,0.4,0.0,Yes,No,Middle,1.0,No,Salle 5,130.0,66.6,1.0
ENSPD002920,Male,26.0,Telecom,1,84.7,15.0,66.9,68.0,20.6,0.0,0.4,6.3,Yes,No,Middle,0.0,Yes,Salle 1,121.0,48.3,0.0
ENSPD002921,Male,26.0,Telecom,3,73.5,26.0,41.7,45.3,39.4,1.0,1.8,12.5,Yes,No,Middle,1.0,Yes,Salle 5,154.0,42.2,0.0
ENSPD002922,Female,23.0,GenieCivil,3,100.0,0.0,48.1,26.6,100.0,1.0,1.2,0.8,Yes,Yes,Middle,0.0,Yes,Salle 19,185.0,54.3,1.0
ENSPD002923,Female,22.0,Chimie,5,74.2,26.0,83.8,55.1,66.7,1.0,2.5,20.2,Yes,Yes,Middle,2.0,Yes,Salle 16,48.0,67.3,1.0
ENSPD002924,Male,24.0,Informatique,5,62.0,38.0,72.3,36.2,83.0,1.0,0.7,8.6,Yes,No,Middle,2.0,Yes,Salle 20,109.0,61.5,1.0
ENSPD002925,Male,24.0,Informatique,4,92.3,8.0,46.5,74.8,57.8,3.0,1.6,14.3,Yes,No,Middle,1.0,Yes,Salle 26,230.0,59.8,1.0
ENSPD002926,Female,20.0,Chimie,1,80.6,19.0,38.5,41.2,43.9,0.0,1.0,12.0,Yes,No,Low,2.0,Yes,Salle 26,96.0,40.7,0.0
ENSPD002927,Female,21.0,GenieCivil,5,78.4,22.0,55.6,88.7,63.5,1.0,0.7,11.4,Yes,No,Middle,2.0,Yes,Salle 7,70.0,63.8,1.0
ENSPD002928,Other,19.0,Energetique,3,75.5,24.0,37.2,61.9,66.6,2.0,2.6,18.6,Yes,No,Middle,1.0,Yes,Salle 3,104.0,56.2,1.0
ENSPD002929,Female,23.0,Informatique,4,100.0,0.0,62.7,63.1,54.8,3.0,3.2,21.0,Yes,Yes,Middle,1.0,Yes,Salle 12,230.0,58.8,1.0
ENSPD002930,Male,23.0,Telecom,2,86.3,14.0,100.0,26.3,100.0,1.0,0.8,9.8,Yes,No,Middle,1.0,No,Salle 1,161.0,71.7,1.0
ENSPD002931,Female,19.0,GenieCivil,2,88.6,11.0,41.0,64.6,51.7,1.0,2.0,17.0,Yes,No,Low,3.0,Yes,Salle 24,177.0,50.4,1.0
ENSPD002932,Female,21.0,Telecom,2,84.0,16.0,65.1,60.6,42.9,1.0,0.4,17.5,No,No,Low,0.0,Yes,Salle 20,161.0,58.7,1.0
ENSPD002933,Male,19.0,Telecom,1,85.2,15.0,84.7,38.6,80.2,1.0,3.1,14.0,No,No,Middle,0.0,Yes,Salle 19,121.0,61.4,1.0
ENSPD002934,Male,20.0,Telecom,2,98.8,1.0,76.2,63.6,82.6,0.0,0.7,9.9,No,No,Middle,0.0,Yes,Salle 22,161.0,70.2,1.0
ENSPD002935,Female,23.0,Mecanique,4,79.0,21.0,62.8,54.8,64.6,1.0,0.4,10.0,Yes,No,Low,0.0,No,Salle 26,178.0,57.9,1.0
ENSPD002936,Male,21.0,Energetique,1,64.5,36.0,62.8,58.1,63.5,1.0,5.6,21.2,Yes,No,High,0.0,Yes,Salle 28,83.0,50.5,1.0
ENSPD002937,Female,21.0,Informatique,1,92.4,8.0,47.7,62.5,26.0,0.0,1.1,17.0,Yes,No,Low,0.0,No,Salle 15,248.0,47.6,0.0
ENSPD002938,Female,19.0,Informatique,1,88.0,12.0,61.0,53.5,88.4,0.0,2.1,16.0,No,Yes,Middle,1.0,Yes,Salle 20,248.0,68.7,1.0
ENSPD002939,Female,22.0,GenieCivil,2,83.3,17.0,68.7,66.4,81.4,1.0,3.3,19.4,No,No,High,1.0,No,Salle 26,177.0,69.6,1.0
ENSPD002940,Male,22.0,Telecom,5,87.6,12.0,81.6,60.4,63.5,2.0,2.3,12.8,Yes,Yes,Low,0.0,Yes,Salle 27,60.0,59.1,1.0
ENSPD002941,Male,21.0,GenieCivil,1,77.6,22.0,55.7,70.5,65.2,1.0,1.7,15.2,Yes,Yes,High,1.0,No,Salle 23,149.0,57.7,1.0
ENSPD002942,Female,22.0,Telecom,1,82.2,18.0,62.2,52.5,59.5,2.0,0.9,4.1,Yes,No,Middle,1.0,No,Salle 19,121.0,58.7,1.0
ENSPD002943,Male,22.0,Chimie,5,80.4,20.0,50.8,61.6,96.6,1.0,5.0,31.9,No,No,Middle,2.0,Yes,Salle 18,48.0,63.3,1.0
ENSPD002944,Female,20.0,Informatique,4,74.9,25.0,68.4,49.2,43.2,1.0,0.3,10.4,Yes,No,Middle,2.0,No,Salle 20,230.0,43.5,0.0
ENSPD002945,Female,19.0,Energetique,1,96.3,4.0,76.8,88.0,51.6,3.0,4.3,21.7,Yes,No,Middle,0.0,Yes,Salle 10,83.0,71.1,1.0
ENSPD002946,Male,26.0,Informatique,4,65.1,35.0,74.4,79.2,49.7,0.0,2.5,20.8,Yes,No,Middle,2.0,No,Salle 22,230.0,65.1,1.0
ENSPD002947,Male,21.0,Telecom,3,100.0,0.0,47.4,83.8,70.2,2.0,1.7,4.8,Yes,No,Low,1.0,Yes,Salle 27,154.0,59.9,1.0
ENSPD002948,Male,22.0,Mecanique,4,92.5,8.0,67.2,85.1,65.1,2.0,0.8,4.2,No,No,Middle,1.0,No,Salle 26,178.0,68.3,1.0
ENSPD002949,Male,24.0,GenieCivil,3,60.7,39.0,54.8,53.6,68.0,1.0,0.3,6.5,Yes,Yes,High,2.0,No,Salle 30,185.0,59.0,1.0
ENSPD002950,Female,29.0,GenieCivil,5,79.3,21.0,80.2,67.3,46.4,0.0,1.2,10.2,Yes,Yes,Middle,0.0,Yes,Salle 19,70.0,61.3,1.0
ENSPD002951,Female,20.0,Informatique,1,80.0,20.0,62.6,63.4,93.7,0.0,3.1,19.2,Yes,No,Low,1.0,Yes,Salle 25,248.0,73.3,1.0
ENSPD002952,Female,23.0,Mecanique,2,86.7,13.0,42.2,73.9,54.9,0.0,1.4,16.6,Yes,No,Low,1.0,Yes,Salle 26,231.0,59.4,1.0
ENSPD002953,Female,21.0,Informatique,2,70.1,30.0,61.7,56.8,87.8,1.0,2.1,18.4,No,No,Middle,0.0,Yes,Salle 23,298.0,68.9,1.0
ENSPD002954,Male,21.0,Informatique,2,82.4,18.0,71.9,63.7,100.0,2.0,9.8,38.4,Yes,No,Low,0.0,Yes,Salle 12,298.0,81.6,1.0
ENSPD002955,Female,21.0,Informatique,5,80.5,20.0,68.7,63.3,46.5,0.0,7.2,26.2,Yes,No,Low,2.0,No,Salle 22,109.0,55.5,1.0
ENSPD002956,Female,20.0,GenieCivil,3,73.1,27.0,57.3,71.6,70.8,0.0,1.0,3.4,Yes,No,Middle,1.0,Yes,Salle 20,185.0,68.1,1.0
ENSPD002957,Female,22.0,Chimie,1,71.5,28.0,56.2,73.8,61.4,2.0,1.4,1.4,Yes,No,Middle,3.0,Yes,Salle 4,96.0,61.9,1.0
ENSPD002958,Female,19.0,Electrique,2,93.0,7.0,50.2,61.6,100.0,0.0,1.2,11.5,Yes,Yes,High,1.0,No,Salle 20,185.0,73.4,1.0
ENSPD002959,Male,24.0,Telecom,2,61.6,38.0,59.1,64.2,58.4,1.0,3.7,19.3,Yes,No,Middle,2.0,Yes,Salle 9,161.0,57.7,1.0
ENSPD002960,Female,22.0,Electrique,5,87.7,12.0,52.2,66.1,69.0,1.0,1.4,11.1,Yes,No,Low,1.0,Yes,Salle 12,80.0,59.2,1.0
ENSPD002961,Male,23.0,Electrique,3,91.6,8.0,65.1,91.6,68.5,1.0,0.8,9.7,Yes,No,Low,2.0,Yes,Salle 26,188.0,77.8,1.0
ENSPD002962,Male,21.0,Electrique,3,79.4,21.0,51.5,30.9,62.0,2.0,2.7,11.5,Yes,No,Middle,0.0,No,Salle 19,188.0,42.2,0.0
ENSPD002963,Male,21.0,GenieCivil,4,82.6,17.0,66.8,44.5,63.5,2.0,2.1,7.3,Yes,No,Middle,1.0,No,Salle 19,173.0,63.3,1.0
ENSPD002964,Female,23.0,Electrique,4,96.0,4.0,65.8,74.1,65.9,0.0,6.9,31.8,Yes,No,Middle,2.0,Yes,Salle 27,157.0,70.9,1.0
ENSPD002965,Female,20.0,Informatique,3,73.5,26.0,79.2,66.9,73.6,0.0,1.6,9.5,Yes,Yes,Middle,1.0,Yes,Salle 7,263.0,70.8,1.0
ENSPD002966,Female,21.0,Telecom,2,74.8,25.0,81.3,66.7,68.3,1.0,6.9,37.6,Yes,Yes,High,2.0,Yes,Salle 19,161.0,66.6,1.0
ENSPD002967,Female,20.0,Chimie,4,76.1,24.0,75.4,74.0,51.9,0.0,0.7,9.3,No,No,Low,0.0,No,Salle 15,93.0,62.8,1.0
ENSPD002968,Male,20.0,Mecanique,4,96.0,4.0,70.3,65.9,58.6,1.0,4.0,28.6,No,No,Low,1.0,Yes,Salle 10,178.0,64.3,1.0
ENSPD002969,Female,18.0,Chimie,4,97.5,2.0,49.3,51.9,75.1,0.0,0.9,4.8,Yes,No,Middle,1.0,Yes,Salle 4,93.0,60.8,1.0
ENSPD002970,Male,25.0,Informatique,5,65.2,35.0,49.0,73.3,75.0,2.0,3.3,17.1,Yes,No,Middle,1.0,Yes,Salle 24,109.0,64.9,1.0
ENSPD002971,Male,21.0,Informatique,4,94.1,6.0,52.3,62.4,88.9,0.0,5.2,29.6,Yes,No,Middle,1.0,Yes,Salle 5,230.0,68.0,1.0
ENSPD002972,Male,24.0,Informatique,4,91.8,8.0,76.3,53.9,100.0,0.0,2.0,11.1,Yes,No,Low,0.0,Yes,Salle 4,230.0,76.1,1.0
ENSPD002973,Female,24.0,Chimie,5,100.0,0.0,66.1,74.4,53.6,0.0,2.6,17.0,Yes,Yes,Low,0.0,Yes,Salle 21,48.0,63.7,1.0
ENSPD002974,Female,19.0,Chimie,1,86.6,13.0,78.0,73.7,66.7,3.0,6.4,28.3,Yes,No,Low,1.0,Yes,Salle 9,96.0,71.0,1.0
ENSPD002975,Male,20.0,Telecom,3,81.5,18.0,65.1,65.9,60.1,1.0,0.9,13.4,Yes,Yes,Middle,1.0,Yes,Salle 19,154.0,67.8,1.0
ENSPD002976,Male,27.0,Informatique,3,95.7,4.0,54.1,92.9,41.9,0.0,1.4,5.1,No,No,Middle,2.0,Yes,Salle 9,263.0,60.4,1.0
ENSPD002977,Female,26.0,GenieCivil,2,90.4,10.0,65.5,85.9,75.3,2.0,4.6,31.2,No,No,Middle,3.0,Yes,Salle 19,177.0,74.2,1.0
ENSPD002978,Male,22.0,Electrique,4,100.0,0.0,64.8,80.0,79.6,0.0,2.2,17.0,Yes,No,Middle,2.0,Yes,Salle 24,157.0,74.2,1.0
ENSPD002979,Female,23.0,Informatique,4,93.5,6.0,60.1,100.0,42.5,1.0,4.1,23.5,Yes,No,Low,2.0,Yes,Salle 14,230.0,66.2,1.0
ENSPD002980,Female,21.0,Electrique,4,83.8,16.0,57.0,59.4,56.5,2.0,1.9,14.3,Yes,Yes,Middle,1.0,Yes,Salle 6,157.0,59.8,1.0
ENSPD002981,Male,23.0,Informatique,5,67.9,32.0,82.8,53.6,63.5,0.0,2.7,13.2,Yes,No,Low,0.0,No,Salle 15,109.0,60.1,1.0
ENSPD002982,Male,21.0,Informatique,2,75.0,25.0,65.8,77.5,33.8,1.0,0.0,8.0,Yes,No,Middle,3.0,Yes,Salle 21,298.0,51.2,1.0
ENSPD002983,Female,18.0,GenieCivil,4,64.8,35.0,65.2,57.5,63.3,0.0,1.4,6.3,No,No,Middle,1.0,Yes,Salle 27,173.0,62.5,1.0
ENSPD002984,Female,19.0,Electrique,3,79.4,21.0,53.0,62.2,41.1,1.0,2.9,8.3,Yes,No,Middle,0.0,No,Salle 11,188.0,50.3,1.0
ENSPD002985,Male,22.0,Informatique,2,93.1,7.0,65.1,44.3,67.2,2.0,1.0,11.5,No,No,Low,1.0,Yes,Salle 12,298.0,64.8,1.0
ENSPD002986,Female,20.0,Informatique,1,82.0,18.0,49.9,72.9,69.4,1.0,0.9,5.8,Yes,Yes,Middle,0.0,Yes,Salle 15,248.0,64.2,1.0
ENSPD002987,Male,22.0,Informatique,4,94.3,6.0,71.8,35.5,71.9,2.0,6.1,30.1,Yes,No,High,0.0,No,Salle 22,230.0,57.3,1.0
ENSPD002988,Male,20.0,Mecanique,3,82.2,14.0,72.2,60.3,72.8,3.0,1.6,11.5,Yes,No,Middle,1.0,No,Salle 4,212.0,68.1,1.0
ENSPD002989,Female,20.0,Mecanique,4,77.2,23.0,58.8,61.7,63.5,1.0,0.4,1.1,Yes,No,Low,0.0,Yes,Salle 20,178.0,73.6,1.0
ENSPD002990,Female,24.0,Mecanique,3,82.2,17.0,69.8,54.2,47.8,1.0,1.3,16.7,No,No,Middle,2.0,Yes,Salle 25,212.0,58.9,1.0
ENSPD002991,Male,22.0,Electrique,1,87.7,12.0,67.8,30.4,48.8,1.0,1.5,8.5,Yes,No,Middle,1.0,Yes,Salle 24,143.0,51.3,1.0
ENSPD002992,Female,22.0,GenieCivil,2,83.7,16.0,64.4,30.2,77.1,1.0,9.0,11.5,Yes,No,Middle,0.0,No,Salle 26,177.0,56.3,1.0
ENSPD002993,Male,24.0,Chimie,2,83.8,16.0,65.1,48.6,61.4,0.0,1.4,12.3,Yes,Yes,Middle,2.0,No,Salle 5,119.0,58.3,1.0
ENSPD002994,Male,23.0,Chimie,5,72.8,27.0,65.9,71.7,86.5,2.0,1.5,11.2,No,Yes,Low,5.0,No,Salle 6,48.0,74.5,1.0
ENSPD002995,Male,25.0,Informatique,1,76.8,23.0,66.9,67.2,75.2,1.0,1.1,10.7,No,No,Middle,2.0,Yes,Salle 25,248.0,62.0,1.0
ENSPD002996,Female,21.0,Informatique,5,100.0,0.0,65.1,61.7,100.0,1.0,4.9,16.6,No,No,Middle,1.0,No,Salle 12,109.0,77.8,1.0
ENSPD002997,Male,21.0,Telecom,5,96.7,3.0,48.4,61.6,62.2,2.0,2.1,11.1,Yes,No,Low,1.0,Yes,Salle 20,60.0,54.8,1.0
ENSPD002998,Male,19.0,Informatique,5,82.2,36.0,65.1,68.1,63.5,4.0,0.9,9.8,Yes,No,Middle,1.0,No,Salle 2,109.0,48.7,0.0
ENSPD002999,Male,21.0,Informatique,3,53.6,46.0,69.0,29.6,70.8,0.0,1.2,10.2,Yes,No,Middle,0.0,Yes,Salle 6,263.0,57.7,1.0
ENSPD003000,Female,24.0,Informatique,5,82.9,17.0,66.5,18.9,62.6,0.0,0.7,11.5,No,No,Middle,1.0,Yes,Salle 25,109.0,53.5,1.0
ENSPD003001,Female,25.0,Electrique,2,92.7,7.0,79.3,57.6,74.7,0.0,6.5,34.8,No,No,Low,0.0,Yes,Salle 22,185.0,70.9,1.0
ENSPD003002,Female,24.0,Electrique,1,75.8,24.0,74.3,52.2,77.3,2.0,2.4,11.5,Yes,No,Low,0.0,Yes,Salle 7,143.0,62.2,1.0
ENSPD003003,Male,18.0,Energetique,2,94.3,6.0,51.9,80.2,53.3,2.0,1.0,9.4,Yes,No,Low,1.0,Yes,Salle 30,71.0,60.3,1.0
ENSPD003004,Female,24.0,Telecom,5,82.7,17.0,62.5,64.8,43.8,1.0,0.4,1.3,Yes,No,High,1.0,No,Salle 28,60.0,55.1,1.0
ENSPD003005,Male,18.0,GenieCivil,1,80.0,20.0,60.3,61.6,61.1,3.0,0.4,11.5,Yes,No,Middle,1.0,No,Salle 11,149.0,71.1,1.0
ENSPD003006,Female,24.0,Mecanique,3,91.1,9.0,65.1,52.1,16.4,0.0,1.3,15.2,Yes,No,Middle,1.0,No,Salle 5,212.0,41.5,0.0
ENSPD003007,Female,21.0,Mecanique,1,75.6,24.0,65.1,70.8,65.6,2.0,1.3,10.4,No,No,Low,2.0,Yes,Salle 9,186.0,65.4,1.0
ENSPD003008,Male,23.0,Informatique,2,78.6,21.0,74.2,57.5,55.9,1.0,1.1,7.6,Yes,No,Low,1.0,Yes,Salle 27,298.0,62.0,1.0
ENSPD003009,Female,19.0,Informatique,1,90.0,10.0,67.7,86.9,81.2,2.0,3.8,17.0,No,No,Middle,2.0,Yes,Salle 8,248.0,81.3,1.0
ENSPD003010,Male,24.0,Informatique,4,81.6,18.0,83.5,58.3,24.3,1.0,7.7,30.4,Yes,No,Low,2.0,Yes,Salle 9,230.0,48.7,0.0
ENSPD003011,Male,19.0,Informatique,3,100.0,0.0,68.6,77.4,64.1,1.0,0.9,12.5,No,No,High,1.0,Yes,Salle 1,263.0,78.3,1.0
ENSPD003012,Male,21.0,Mecanique,4,90.3,10.0,52.5,42.6,95.5,1.0,0.7,16.3,No,No,Middle,3.0,No,Salle 14,178.0,63.6,1.0
ENSPD003013,Male,20.0,Mecanique,3,89.5,10.0,58.0,54.5,77.5,1.0,2.9,15.0,No,No,Low,0.0,Yes,Salle 12,212.0,67.2,1.0
ENSPD003014,Male,18.0,Energetique,5,81.4,19.0,74.1,60.5,83.6,1.0,1.2,2.6,Yes,No,Low,0.0,Yes,Salle 10,40.0,73.3,1.0
ENSPD003015,Female,22.0,Electrique,3,92.5,8.0,40.8,84.7,70.8,1.0,0.5,13.2,No,No,Low,4.0,No,Salle 19,188.0,60.2,1.0
ENSPD003016,Male,26.0,Energetique,3,78.1,22.0,44.8,22.5,30.8,1.0,0.4,3.0,No,No,Middle,2.0,Yes,Salle 28,104.0,30.8,0.0
ENSPD003017,Female,27.0,Mecanique,3,85.4,15.0,65.2,56.0,67.3,0.0,0.7,9.4,Yes,No,Low,2.0,No,Salle 13,212.0,62.9,1.0
ENSPD003018,Male,22.0,GenieCivil,3,71.0,29.0,79.3,55.4,72.2,1.0,0.0,7.1,Yes,No,Middle,1.0,No,Salle 14,185.0,66.5,1.0
ENSPD003019,Male,24.0,Mecanique,4,94.5,6.0,84.6,24.6,42.4,1.0,5.7,32.3,No,No,High,1.0,Yes,Salle 23,178.0,51.9,1.0
ENSPD003020,Female,22.0,Informatique,3,85.5,14.0,61.7,53.6,61.5,3.0,1.4,8.5,No,No,Low,0.0,Yes,Salle 4,263.0,51.2,1.0
ENSPD003021,Male,23.0,Informatique,4,100.0,0.0,80.9,34.3,6.0,1.0,0.2,7.7,Yes,No,Middle,1.0,Yes,Salle 17,230.0,31.0,0.0
ENSPD003022,Male,21.0,Energetique,4,100.0,0.0,66.1,20.0,57.3,2.0,0.4,5.3,Yes,Yes,Middle,0.0,Yes,Salle 30,70.0,49.1,0.0
ENSPD003023,Female,22.0,Energetique,1,91.2,9.0,42.0,57.3,55.3,1.0,0.8,0.2,Yes,No,High,1.0,Yes,Salle 19,83.0,50.3,1.0
ENSPD003024,Male,23.0,Informatique,3,82.8,17.0,64.9,56.7,92.0,1.0,1.6,9.7,Yes,No,Middle,1.0,Yes,Salle 5,263.0,70.1,1.0
ENSPD003025,Male,21.0,Informatique,1,70.6,29.0,65.1,57.6,51.9,3.0,2.4,16.1,No,No,Low,3.0,Yes,Salle 12,248.0,55.8,1.0
ENSPD003026,Male,22.0,GenieCivil,3,92.9,7.0,78.8,66.6,58.7,2.0,0.7,3.8,Yes,No,High,1.0,Yes,Salle 7,185.0,65.3,1.0
ENSPD003027,Female,22.0,Informatique,3,84.5,16.0,64.6,46.2,62.4,2.0,1.4,30.6,Yes,No,Low,1.0,Yes,Salle 1,263.0,55.6,1.0
ENSPD003028,Female,24.0,Mecanique,5,88.5,12.0,45.8,94.2,52.2,1.0,2.9,17.7,Yes,No,Middle,1.0,Yes,Salle 22,67.0,68.4,1.0
ENSPD003029,Female,20.0,Informatique,1,100.0,0.0,42.5,61.4,78.4,1.0,3.5,11.5,No,No,High,2.0,Yes,Salle 21,248.0,58.4,1.0
ENSPD003030,Female,22.0,GenieCivil,1,72.1,28.0,64.7,85.2,24.2,2.0,0.8,4.5,No,Yes,Middle,0.0,Yes,Salle 25,149.0,53.2,1.0
ENSPD003031,Male,26.0,Mecanique,1,70.9,29.0,28.7,31.8,86.7,4.0,1.0,10.0,Yes,Yes,Middle,2.0,Yes,Salle 24,186.0,52.5,1.0
ENSPD003032,Male,24.0,Mecanique,2,79.2,21.0,57.2,47.0,63.8,1.0,1.5,6.6,Yes,No,High,1.0,Yes,Salle 28,231.0,54.8,1.0
ENSPD003033,Female,25.0,Informatique,4,91.9,8.0,68.5,74.4,90.0,2.0,1.2,1.1,No,No,Middle,1.0,Yes,Salle 23,230.0,79.1,1.0
ENSPD003034,Male,22.0,GenieCivil,4,88.7,11.0,49.1,57.9,9.1,2.0,0.6,11.5,Yes,No,Middle,0.0,Yes,Salle 30,173.0,33.0,0.0
ENSPD003035,Male,23.0,Energetique,4,71.3,29.0,79.9,61.6,15.3,0.0,11.8,50.0,Yes,No,Middle,1.0,No,Salle 4,70.0,39.0,0.0
ENSPD003036,Male,24.0,Mecanique,4,91.1,9.0,82.9,28.9,58.2,1.0,3.8,21.6,Yes,No,Middle,2.0,Yes,Salle 9,178.0,53.8,1.0
ENSPD003037,Male,25.0,Telecom,2,67.6,32.0,49.7,75.2,74.1,2.0,0.5,11.6,Yes,No,High,1.0,Yes,Salle 19,161.0,61.1,1.0
ENSPD003038,Other,18.0,Telecom,1,82.2,28.0,65.1,61.6,52.9,2.0,4.5,23.4,Yes,No,Middle,0.0,Yes,Salle 15,121.0,59.9,1.0
ENSPD003039,Male,19.0,Energetique,1,80.6,19.0,79.9,66.4,75.7,2.0,1.8,9.6,No,No,Middle,1.0,Yes,Salle 19,83.0,67.4,1.0
ENSPD003040,Male,25.0,Chimie,4,75.4,25.0,65.0,53.1,63.5,1.0,1.4,1.7,No,No,Middle,1.0,Yes,Salle 26,93.0,62.0,1.0
ENSPD003041,Male,21.0,Electrique,4,92.7,7.0,44.1,42.0,77.3,0.0,0.8,12.9,Yes,No,Middle,0.0,Yes,Salle 20,157.0,50.3,1.0
ENSPD003042,Female,21.0,Telecom,3,85.4,15.0,62.9,61.0,66.1,0.0,0.1,8.1,Yes,No,High,1.0,Yes,Salle 7,154.0,60.8,1.0
ENSPD003043,Male,19.0,Informatique,2,100.0,0.0,52.2,38.3,63.5,2.0,1.4,2.3,Yes,No,Low,0.0,Yes,Salle 30,298.0,56.2,1.0
ENSPD003044,Male,21.0,GenieCivil,2,79.0,21.0,81.6,48.5,51.7,0.0,0.4,1.1,Yes,No,Middle,4.0,No,Salle 27,177.0,55.7,1.0
ENSPD003045,Female,19.0,Energetique,5,80.5,20.0,74.1,84.7,62.9,0.0,1.3,6.7,Yes,No,Middle,3.0,Yes,Salle 25,40.0,71.4,1.0
ENSPD003046,Female,26.0,Chimie,1,96.5,4.0,60.3,28.7,43.5,1.0,1.0,13.0,Yes,No,Low,0.0,Yes,Salle 23,96.0,43.4,0.0
ENSPD003047,Male,22.0,Energetique,4,80.9,19.0,67.1,74.2,48.3,0.0,0.3,2.4,Yes,No,High,0.0,Yes,Salle 27,70.0,65.6,1.0
ENSPD003048,Male,22.0,Chimie,2,99.9,0.0,45.4,88.9,74.3,4.0,1.0,10.8,Yes,No,Middle,0.0,Yes,Salle 5,119.0,68.5,1.0
ENSPD003049,Male,23.0,Telecom,1,88.5,12.0,53.7,76.7,54.7,2.0,0.7,14.6,Yes,No,Low,0.0,Yes,Salle 23,121.0,64.3,1.0
ENSPD003050,Male,24.0,Electrique,4,53.8,46.0,88.3,69.2,49.2,1.0,1.1,6.2,Yes,No,Middle,1.0,Yes,Salle 29,157.0,63.3,1.0
ENSPD003051,Male,24.0,Chimie,2,96.1,4.0,65.8,53.7,73.0,0.0,0.4,5.1,Yes,Yes,Middle,0.0,Yes,Salle 17,119.0,65.7,1.0
ENSPD003052,Male,24.0,GenieCivil,4,93.0,7.0,79.0,50.4,71.6,0.0,1.9,12.5,Yes,No,Middle,1.0,Yes,Salle 7,173.0,67.4,1.0
ENSPD003053,Male,21.0,Telecom,3,93.4,7.0,68.5,21.5,59.7,3.0,0.1,0.0,Yes,No,Middle,0.0,Yes,Salle 17,154.0,56.3,1.0
ENSPD003054,Male,21.0,Telecom,3,59.1,41.0,84.7,62.7,61.0,0.0,1.0,6.2,Yes,No,Low,0.0,No,Salle 4,154.0,69.9,1.0
ENSPD003055,Female,24.0,Telecom,4,74.0,26.0,35.0,54.8,72.3,1.0,4.5,23.7,Yes,No,Middle,0.0,Yes,Salle 13,121.0,53.9,1.0
ENSPD003056,Female,21.0,Electrique,3,74.9,25.0,62.2,49.4,83.4,1.0,1.1,5.5,Yes,No,Middle,3.0,Yes,Salle 3,188.0,64.0,1.0
ENSPD003057,Female,22.0,Mecanique,2,71.9,28.0,89.7,61.6,68.0,2.0,1.2,18.3,Yes,No,Middle,1.0,Yes,Salle 18,231.0,65.1,1.0
ENSPD003058,Male,23.0,Informatique,4,100.0,0.0,79.3,63.1,40.2,1.0,0.1,11.5,Yes,No,Low,0.0,No,Salle 8,230.0,58.5,1.0
ENSPD003059,Male,24.0,Energetique,3,81.9,18.0,84.9,61.6,59.6,0.0,1.4,11.9,Yes,No,High,2.0,Yes,Salle 17,104.0,68.4,1.0
ENSPD003060,Female,18.0,Electrique,1,81.6,18.0,64.9,91.0,55.9,2.0,5.5,24.7,No,No,Middle,2.0,Yes,Salle 5,143.0,70.9,1.0
ENSPD003061,Male,23.0,Mecanique,4,88.6,11.0,56.9,75.2,42.9,2.0,0.7,6.8,No,No,Middle,2.0,Yes,Salle 1,178.0,56.7,1.0
ENSPD003062,Male,22.0,Informatique,3,88.8,11.0,49.6,78.1,63.5,1.0,1.0,6.1,Yes,Yes,Low,1.0,Yes,Salle 7,263.0,62.1,1.0
ENSPD003063,Female,23.0,Telecom,4,42.0,58.0,48.5,60.1,75.5,4.0,1.8,3.9,Yes,No,Middle,0.0,Yes,Salle 11,121.0,56.5,1.0
ENSPD003064,Female,24.0,Telecom,4,74.2,26.0,77.1,71.2,78.5,2.0,0.2,4.4,Yes,No,Low,2.0,Yes,Salle 19,121.0,69.5,1.0
ENSPD003065,Female,25.0,Telecom,2,65.0,35.0,72.7,45.9,44.2,1.0,6.0,36.2,Yes,No,Middle,1.0,No,Salle 29,161.0,48.5,0.0
ENSPD003066,Male,25.0,Electrique,3,86.8,13.0,65.1,61.6,67.1,0.0,1.3,16.7,Yes,Yes,High,1.0,No,Salle 22,188.0,65.4,1.0
ENSPD003067,Male,25.0,Mecanique,2,78.5,22.0,65.1,58.3,63.9,0.0,0.2,1.6,Yes,No,Middle,1.0,Yes,Salle 26,231.0,64.5,1.0
ENSPD003068,Female,25.0,Mecanique,2,82.2,18.0,67.1,43.6,70.1,1.0,1.4,1.8,Yes,No,Low,3.0,Yes,Salle 23,231.0,62.9,1.0
ENSPD003069,Male,23.0,Informatique,4,57.1,43.0,79.4,61.6,66.6,0.0,0.9,0.4,No,No,Low,1.0,Yes,Salle 12,230.0,66.0,1.0
ENSPD003070,Female,22.0,Telecom,4,78.3,22.0,79.3,56.7,63.7,0.0,0.8,4.3,Yes,No,Low,0.0,Yes,Salle 26,121.0,65.4,1.0
ENSPD003071,Female,24.0,Informatique,1,95.4,5.0,49.0,100.0,61.3,0.0,2.4,12.4,Yes,No,High,2.0,No,Salle 27,248.0,73.0,1.0
ENSPD003072,Female,23.0,Electrique,3,98.9,1.0,69.1,69.8,86.1,1.0,0.8,9.8,Yes,No,Low,3.0,No,Salle 1,188.0,74.2,1.0
ENSPD003073,Male,21.0,GenieCivil,5,90.6,9.0,40.0,90.4,46.8,0.0,1.4,11.5,Yes,No,Low,1.0,Yes,Salle 11,70.0,54.3,1.0
ENSPD003074,Male,23.0,GenieCivil,3,66.0,34.0,67.0,82.4,60.5,0.0,0.8,11.7,No,Yes,High,0.0,No,Salle 13,185.0,68.0,1.0
ENSPD003075,Female,22.0,Telecom,4,97.1,3.0,74.1,62.7,85.6,1.0,3.0,19.4,Yes,No,Middle,0.0,Yes,Salle 10,121.0,76.4,1.0
ENSPD003076,Female,20.0,Informatique,4,90.7,9.0,45.3,54.0,47.8,1.0,0.7,9.2,No,No,Middle,2.0,Yes,Salle 23,230.0,48.9,0.0
ENSPD003077,Female,25.0,Chimie,2,80.6,19.0,58.8,30.7,48.8,3.0,0.0,11.5,Yes,No,Middle,2.0,Yes,Salle 12,119.0,41.7,0.0
ENSPD003078,Male,22.0,Informatique,2,57.7,42.0,65.1,46.3,78.7,0.0,0.9,12.6,No,No,Middle,2.0,Yes,Salle 28,298.0,64.4,1.0
ENSPD003079,Male,26.0,Informatique,4,93.4,7.0,68.5,73.9,35.5,2.0,0.7,10.3,Yes,No,Low,0.0,Yes,Salle 27,230.0,58.4,1.0
ENSPD003080,Female,19.0,GenieCivil,3,74.9,25.0,60.8,56.6,77.2,1.0,4.8,18.4,Yes,No,Middle,1.0,Yes,Salle 15,185.0,68.7,1.0
ENSPD003081,Female,21.0,Informatique,3,86.2,14.0,47.4,68.8,54.2,0.0,1.3,12.3,No,No,Low,1.0,Yes,Salle 15,263.0,53.5,1.0
ENSPD003082,Female,22.0,Chimie,4,82.8,17.0,64.2,25.5,72.2,1.0,0.5,4.7,No,No,Middle,2.0,Yes,Salle 12,93.0,56.9,1.0
ENSPD003083,Male,24.0,GenieCivil,4,100.0,0.0,40.2,70.2,39.6,0.0,8.0,40.7,No,No,Middle,1.0,Yes,Salle 24,173.0,48.2,0.0
ENSPD003084,Female,23.0,Informatique,2,80.5,20.0,61.5,81.7,87.7,1.0,0.6,10.0,Yes,No,High,0.0,Yes,Salle 17,298.0,72.2,1.0
ENSPD003085,Female,23.0,Informatique,1,81.8,18.0,58.4,30.0,39.7,3.0,2.9,23.5,Yes,No,Middle,1.0,No,Salle 26,248.0,38.9,0.0
ENSPD003086,Female,20.0,Electrique,2,100.0,0.0,63.0,68.7,63.5,0.0,2.1,5.4,Yes,No,Middle,5.0,Yes,Salle 16,185.0,71.6,1.0
ENSPD003087,Male,20.0,Chimie,3,74.1,26.0,56.6,86.2,40.5,2.0,1.4,11.0,Yes,No,Low,0.0,Yes,Salle 3,130.0,54.5,1.0
ENSPD003088,Male,23.0,GenieCivil,2,91.8,8.0,42.4,92.2,63.5,1.0,1.0,6.4,Yes,No,Middle,0.0,Yes,Salle 16,177.0,77.8,1.0
ENSPD003089,Female,19.0,Electrique,3,79.6,20.0,65.1,52.9,62.6,2.0,4.1,29.9,Yes,No,Middle,0.0,Yes,Salle 8,188.0,59.2,1.0
ENSPD003090,Male,21.0,Chimie,1,70.0,30.0,79.0,76.0,100.0,2.0,1.3,0.0,Yes,No,Middle,1.0,Yes,Salle 16,96.0,85.6,1.0
ENSPD003091,Male,23.0,Electrique,3,82.0,18.0,83.9,87.7,47.6,3.0,0.9,10.3,Yes,No,Middle,1.0,Yes,Salle 22,188.0,66.7,1.0
ENSPD003092,Female,20.0,Mecanique,2,90.3,10.0,100.0,69.2,55.1,4.0,0.9,10.8,Yes,No,Middle,0.0,Yes,Salle 18,231.0,78.4,1.0
ENSPD003093,Male,25.0,Electrique,3,82.2,2.0,65.1,61.6,88.2,0.0,0.6,0.0,Yes,Yes,Low,0.0,No,Salle 18,188.0,90.5,1.0
ENSPD003094,Female,24.0,Electrique,2,99.7,0.0,47.0,61.6,63.5,0.0,1.4,11.5,No,Yes,Middle,2.0,Yes,Salle 22,185.0,38.2,0.0
ENSPD003095,Male,19.0,Chimie,2,78.5,22.0,58.9,69.1,50.0,1.0,0.3,0.0,Yes,No,Low,1.0,Yes,Salle 16,119.0,57.6,1.0
ENSPD003096,Female,20.0,Electrique,4,70.2,30.0,64.7,50.8,73.9,2.0,0.1,2.5,Yes,No,Low,1.0,Yes,Salle 15,157.0,65.0,1.0
ENSPD003097,Female,17.0,Energetique,1,78.2,22.0,63.7,59.0,43.6,1.0,1.6,13.0,Yes,No,Low,0.0,No,Salle 23,83.0,49.9,0.0
ENSPD003098,Male,20.0,Informatique,3,67.8,32.0,66.0,69.8,63.5,1.0,1.2,5.9,Yes,No,High,0.0,Yes,Salle 3,263.0,69.7,1.0
ENSPD003099,Male,24.0,Energetique,5,79.4,21.0,100.0,49.5,67.4,0.0,0.4,6.9,Yes,No,Middle,1.0,No,Salle 26,40.0,76.4,1.0
ENSPD003100,Male,21.0,GenieCivil,3,77.9,22.0,48.8,58.0,33.7,1.0,0.2,5.8,Yes,No,High,1.0,Yes,Salle 8,185.0,42.8,0.0
ENSPD003101,Male,23.0,Electrique,4,90.7,9.0,54.3,75.7,83.4,0.0,0.3,8.3,Yes,No,Middle,0.0,No,Salle 30,157.0,72.0,1.0
ENSPD003102,Female,19.0,Informatique,1,55.5,44.0,89.7,98.9,38.8,1.0,0.8,3.9,No,No,Low,3.0,Yes,Salle 20,248.0,61.4,1.0
ENSPD003103,Female,24.0,Mecanique,3,73.2,27.0,55.8,25.1,79.4,3.0,1.2,13.5,No,No,Low,2.0,No,Salle 18,212.0,55.0,1.0
ENSPD003104,Male,21.0,Chimie,2,73.3,27.0,70.9,97.6,66.6,1.0,0.4,0.0,No,No,Middle,1.0,Yes,Salle 5,119.0,77.8,1.0
ENSPD003105,Male,22.0,Electrique,1,96.2,4.0,80.5,57.3,54.9,0.0,2.8,22.3,Yes,No,Middle,0.0,Yes,Salle 29,143.0,67.2,1.0
ENSPD003106,Male,22.0,Informatique,2,68.6,31.0,72.3,61.6,41.9,1.0,0.4,5.6,No,No,Low,0.0,Yes,Salle 28,298.0,53.2,1.0
ENSPD003107,Female,19.0,GenieCivil,2,84.7,15.0,67.9,82.9,70.6,0.0,0.3,5.6,No,No,Low,2.0,Yes,Salle 30,177.0,75.8,1.0
ENSPD003108,Male,20.0,Informatique,3,80.5,20.0,79.1,90.2,46.5,2.0,10.4,47.8,Yes,Yes,High,1.0,Yes,Salle 5,263.0,68.9,1.0
ENSPD003109,Female,24.0,Energetique,5,94.5,6.0,51.6,48.9,88.2,1.0,1.2,10.6,No,No,Low,4.0,Yes,Salle 26,40.0,66.8,1.0
ENSPD003110,Female,23.0,Telecom,1,89.1,11.0,57.6,57.9,88.9,1.0,0.4,6.6,Yes,No,Middle,0.0,Yes,Salle 13,121.0,71.5,1.0
ENSPD003111,Female,24.0,Informatique,2,83.5,16.0,73.0,61.0,63.5,1.0,4.5,28.0,No,No,Middle,1.0,Yes,Salle 9,298.0,77.1,1.0
ENSPD003112,Male,23.0,Telecom,2,75.3,25.0,34.0,55.6,69.6,1.0,0.5,0.9,Yes,No,Middle,0.0,Yes,Salle 13,161.0,51.7,1.0
ENSPD003113,Female,22.0,Telecom,2,59.8,40.0,86.2,85.7,55.9,0.0,1.4,11.5,Yes,No,Middle,1.0,No,Salle 17,161.0,75.1,1.0
ENSPD003114,Male,19.0,Mecanique,4,85.0,15.0,69.6,60.6,58.1,3.0,0.3,11.5,Yes,No,Middle,0.0,Yes,Salle 14,178.0,55.8,1.0
ENSPD003115,Male,21.0,Chimie,2,88.4,12.0,67.3,32.9,56.6,2.0,3.7,18.3,No,No,High,1.0,Yes,Salle 13,119.0,56.6,1.0
ENSPD003116,Female,22.0,GenieCivil,1,63.1,37.0,40.5,50.6,69.0,1.0,0.4,11.8,Yes,Yes,Middle,1.0,Yes,Salle 2,149.0,56.2,1.0
ENSPD003117,Female,26.0,Electrique,4,67.2,33.0,45.7,33.6,72.7,1.0,5.6,36.4,No,No,Middle,1.0,No,Salle 29,157.0,48.1,0.0
ENSPD003118,Male,23.0,Mecanique,4,85.0,15.0,59.0,57.9,88.6,0.0,1.7,11.8,Yes,No,High,1.0,Yes,Salle 29,178.0,62.9,1.0
ENSPD003119,Male,25.0,Mecanique,3,86.1,14.0,77.1,74.1,64.4,1.0,0.4,11.5,Yes,No,Low,1.0,Yes,Salle 26,212.0,69.6,1.0
ENSPD003120,Male,23.0,GenieCivil,3,82.2,30.0,33.9,50.2,35.9,0.0,3.7,16.3,Yes,No,Low,1.0,Yes,Salle 10,185.0,38.2,0.0
ENSPD003121,Male,21.0,Informatique,1,75.1,25.0,76.8,54.7,55.9,1.0,1.0,0.8,Yes,Yes,Middle,1.0,Yes,Salle 26,248.0,56.0,1.0
ENSPD003122,Male,22.0,Telecom,2,60.0,40.0,59.6,57.1,95.1,2.0,2.6,17.9,Yes,No,Middle,1.0,Yes,Salle 14,161.0,61.6,1.0
ENSPD003123,Male,22.0,Mecanique,2,82.2,2.0,65.1,64.5,32.9,0.0,2.1,9.6,Yes,No,High,2.0,Yes,Salle 4,231.0,49.2,0.0
ENSPD003124,Male,20.0,GenieCivil,2,66.4,34.0,68.8,71.3,78.8,1.0,2.5,14.4,Yes,No,Low,1.0,Yes,Salle 16,177.0,64.6,1.0
ENSPD003125,Female,21.0,Telecom,5,88.5,12.0,69.0,76.5,56.2,0.0,0.8,7.0,No,No,Middle,0.0,No,Salle 15,60.0,63.9,1.0
ENSPD003126,Female,22.0,GenieCivil,3,81.6,18.0,54.3,100.0,46.3,1.0,5.6,31.9,Yes,No,Middle,1.0,Yes,Salle 8,185.0,62.3,1.0
ENSPD003127,Female,25.0,GenieCivil,1,97.5,2.0,74.4,64.2,71.9,2.0,1.6,11.6,No,No,Middle,1.0,Yes,Salle 7,149.0,71.2,1.0
ENSPD003128,Male,18.0,Energetique,2,72.5,28.0,30.2,75.2,95.2,1.0,0.2,4.7,Yes,No,Low,1.0,No,Salle 14,71.0,66.4,1.0
ENSPD003129,Female,24.0,Telecom,2,82.7,17.0,58.2,61.6,70.8,1.0,1.4,1.7,No,No,Low,2.0,Yes,Salle 4,161.0,57.6,1.0
ENSPD003130,Female,20.0,Informatique,3,61.6,38.0,67.3,55.2,58.7,1.0,2.7,18.2,No,No,Low,1.0,Yes,Salle 1,263.0,52.8,1.0
ENSPD003131,Female,19.0,GenieCivil,2,58.7,41.0,59.8,57.1,38.1,1.0,3.8,15.8,Yes,No,Middle,1.0,Yes,Salle 13,177.0,48.4,0.0
ENSPD003132,Female,24.0,Energetique,2,89.2,11.0,37.6,43.7,62.0,0.0,1.4,9.6,Yes,No,Middle,1.0,Yes,Salle 26,71.0,47.9,0.0
ENSPD003133,Female,23.0,Mecanique,3,60.6,39.0,76.4,52.4,37.4,0.0,0.7,5.4,No,No,Low,0.0,Yes,Salle 11,212.0,54.1,1.0
ENSPD003134,Male,25.0,Mecanique,2,79.3,21.0,46.3,60.1,57.8,1.0,0.5,15.3,Yes,No,Middle,2.0,Yes,Salle 6,231.0,52.4,1.0
ENSPD003135,Male,24.0,Informatique,1,94.1,6.0,64.0,52.9,62.7,2.0,1.7,11.4,Yes,No,Middle,1.0,Yes,Salle 1,248.0,62.4,1.0
ENSPD003136,Female,26.0,Informatique,1,91.0,9.0,67.3,100.0,16.8,1.0,0.4,6.4,Yes,No,Low,3.0,Yes,Salle 23,248.0,56.7,1.0
ENSPD003137,Female,23.0,Chimie,2,74.0,26.0,65.3,71.2,91.8,0.0,1.0,10.3,Yes,Yes,Middle,0.0,Yes,Salle 3,119.0,73.7,1.0
ENSPD003138,Female,22.0,Chimie,1,62.9,37.0,82.5,98.0,39.2,0.0,2.0,13.9,Yes,No,Middle,0.0,Yes,Salle 7,96.0,62.1,1.0
ENSPD003139,Male,23.0,Energetique,2,88.1,12.0,64.2,88.9,60.3,2.0,0.7,6.9,Yes,Yes,High,0.0,Yes,Salle 6,71.0,65.8,1.0
ENSPD003140,Male,24.0,Chimie,4,98.1,2.0,71.4,50.5,74.7,2.0,0.9,4.7,Yes,No,High,1.0,Yes,Salle 10,93.0,65.7,1.0
ENSPD003141,Male,20.0,Mecanique,4,74.1,26.0,64.2,62.7,90.2,1.0,0.9,6.8,No,No,Low,0.0,Yes,Salle 15,178.0,70.8,1.0
ENSPD003142,Female,21.0,Informatique,3,72.4,28.0,74.2,54.2,48.2,0.0,1.2,9.0,Yes,No,Middle,0.0,Yes,Salle 5,263.0,56.9,1.0
ENSPD003143,Female,21.0,Energetique,4,75.7,24.0,85.9,59.1,13.8,4.0,2.2,11.5,Yes,No,Low,2.0,No,Salle 12,70.0,50.9,1.0
ENSPD003144,Male,18.0,Mecanique,2,88.9,11.0,67.1,44.4,85.6,1.0,3.0,16.1,Yes,No,Middle,1.0,Yes,Salle 23,231.0,71.5,1.0
ENSPD003145,Male,22.0,Mecanique,4,96.7,3.0,76.7,54.1,39.0,0.0,2.2,14.6,Yes,No,Middle,0.0,Yes,Salle 5,178.0,55.8,1.0
ENSPD003146,Male,18.0,Telecom,2,67.1,33.0,86.8,68.5,71.2,0.0,0.1,3.3,Yes,Yes,Middle,0.0,Yes,Salle 10,161.0,66.9,1.0
ENSPD003147,Female,22.0,Electrique,2,64.0,36.0,85.4,68.0,72.4,1.0,4.5,28.0,No,No,Middle,1.0,Yes,Salle 2,185.0,68.3,1.0
ENSPD003148,Female,24.0,Informatique,2,100.0,0.0,59.2,66.6,0.0,2.0,1.7,12.9,Yes,No,Middle,1.0,No,Salle 9,298.0,34.8,0.0
ENSPD003149,Female,21.0,Telecom,1,79.9,20.0,80.5,60.9,31.7,1.0,5.1,22.4,Yes,No,Middle,1.0,Yes,Salle 1,121.0,47.9,0.0
ENSPD003150,Male,25.0,Energetique,5,85.0,15.0,68.7,77.5,54.8,0.0,6.6,29.7,Yes,Yes,Middle,1.0,Yes,Salle 10,40.0,70.8,1.0
ENSPD003151,Female,19.0,Informatique,1,73.7,26.0,81.8,57.4,12.3,2.0,1.4,15.1,No,Yes,Middle,1.0,Yes,Salle 6,248.0,39.2,0.0
ENSPD003152,Male,24.0,Telecom,2,87.9,12.0,73.5,87.0,37.2,2.0,5.0,22.5,No,No,Middle,1.0,Yes,Salle 26,161.0,57.8,1.0
ENSPD003153,Female,23.0,Mecanique,2,93.5,6.0,69.1,61.6,63.5,4.0,0.9,5.4,No,No,Middle,6.0,No,Salle 26,231.0,52.9,1.0
ENSPD003154,Male,19.0,GenieCivil,1,85.6,14.0,71.5,73.8,62.2,0.0,0.6,4.0,No,Yes,Middle,5.0,Yes,Salle 8,149.0,69.9,1.0
ENSPD003155,Male,27.0,Telecom,1,100.0,0.0,68.8,70.8,70.1,2.0,0.2,6.1,No,No,Middle,1.0,Yes,Salle 25,121.0,72.1,1.0
ENSPD003156,Female,22.0,Energetique,1,78.1,22.0,69.4,49.9,73.0,2.0,1.2,10.7,Yes,No,Low,0.0,No,Salle 23,83.0,57.6,1.0
ENSPD003157,Female,20.0,Mecanique,2,78.8,21.0,62.6,55.6,30.4,1.0,2.3,16.9,No,No,Middle,0.0,Yes,Salle 6,231.0,43.1,0.0
ENSPD003158,Male,19.0,Informatique,4,84.8,15.0,61.2,70.4,38.3,0.0,7.5,32.1,Yes,Yes,Middle,1.0,Yes,Salle 17,230.0,52.9,1.0
ENSPD003159,Female,22.0,Informatique,2,87.6,12.0,91.4,78.5,79.2,1.0,1.5,11.5,Yes,No,Low,1.0,Yes,Salle 26,298.0,77.2,1.0
ENSPD003160,Male,22.0,Electrique,1,84.7,15.0,72.2,30.5,94.5,0.0,2.7,17.8,Yes,No,Middle,0.0,Yes,Salle 19,143.0,69.2,1.0
ENSPD003161,Male,22.0,Informatique,3,66.6,33.0,56.4,73.3,44.7,0.0,4.5,21.3,Yes,No,Middle,1.0,Yes,Salle 16,263.0,46.3,0.0
ENSPD003162,Male,21.0,GenieCivil,5,85.8,14.0,60.8,53.8,69.2,4.0,1.6,14.7,Yes,No,Middle,0.0,Yes,Salle 13,70.0,63.2,1.0
ENSPD003163,Male,23.0,Informatique,2,77.5,22.0,80.8,82.3,80.1,0.0,0.4,14.2,No,No,Middle,1.0,No,Salle 14,298.0,80.0,1.0
ENSPD003164,Male,21.0,GenieCivil,2,75.0,25.0,54.0,28.9,63.5,3.0,3.8,22.1,Yes,No,Middle,0.0,No,Salle 27,177.0,51.9,1.0
ENSPD003165,Male,18.0,Informatique,5,82.4,18.0,65.1,100.0,59.0,2.0,1.7,18.8,No,Yes,Middle,1.0,Yes,Salle 25,109.0,63.6,1.0
ENSPD003166,Male,22.0,Telecom,1,70.5,30.0,43.9,46.0,51.2,1.0,1.4,12.2,No,No,Middle,1.0,Yes,Salle 25,121.0,50.3,1.0
ENSPD003167,Female,17.0,Informatique,3,68.4,32.0,39.1,87.7,100.0,1.0,2.1,5.7,Yes,No,Middle,1.0,No,Salle 19,263.0,69.2,1.0
ENSPD003168,Male,23.0,Mecanique,2,50.6,49.0,45.5,60.8,65.9,3.0,0.1,7.5,Yes,No,Middle,0.0,No,Salle 8,231.0,49.0,0.0
ENSPD003169,Female,20.0,Telecom,5,100.0,0.0,47.3,47.3,71.8,0.0,0.4,11.1,Yes,No,High,0.0,Yes,Salle 19,60.0,64.3,1.0
ENSPD003170,Male,22.0,Chimie,5,88.7,11.0,85.8,66.8,70.5,1.0,0.7,2.5,Yes,No,Low,1.0,Yes,Salle 14,48.0,72.8,1.0
ENSPD003171,Female,25.0,Informatique,4,80.6,19.0,64.3,61.6,47.8,2.0,1.4,12.8,No,No,Middle,1.0,Yes,Salle 28,230.0,64.3,1.0
ENSPD003172,Male,20.0,Informatique,2,74.0,26.0,59.6,34.1,65.0,0.0,3.7,18.1,Yes,No,Middle,1.0,Yes,Salle 22,298.0,49.3,0.0
ENSPD003173,Male,24.0,Chimie,2,47.5,52.0,43.3,74.6,57.6,4.0,1.8,14.6,Yes,No,Middle,1.0,No,Salle 19,119.0,52.0,1.0
ENSPD003174,Male,21.0,Mecanique,2,73.3,27.0,62.9,61.8,57.2,0.0,0.2,6.9,No,No,Middle,0.0,Yes,Salle 11,231.0,64.2,1.0
ENSPD003175,Male,26.0,Chimie,4,90.6,9.0,38.9,72.4,70.3,2.0,1.0,10.9,No,Yes,Middle,2.0,No,Salle 22,93.0,62.2,1.0
ENSPD003176,Male,21.0,GenieCivil,5,93.3,7.0,65.1,62.2,45.7,1.0,1.6,13.7,Yes,No,Middle,1.0,Yes,Salle 20,70.0,56.3,1.0
ENSPD003177,Female,20.0,Mecanique,2,89.7,10.0,96.0,51.7,39.9,2.0,0.6,7.1,Yes,No,Middle,1.0,Yes,Salle 15,231.0,58.9,1.0
ENSPD003178,Female,23.0,GenieCivil,3,83.9,16.0,75.0,42.0,74.1,2.0,0.1,3.7,Yes,No,High,3.0,Yes,Salle 16,185.0,60.8,1.0
ENSPD003179,Female,21.0,Chimie,1,97.6,2.0,61.9,74.1,53.4,1.0,1.0,10.4,No,Yes,Low,1.0,Yes,Salle 13,96.0,65.0,1.0
ENSPD003180,Female,20.0,Telecom,2,78.1,22.0,65.1,74.0,57.1,0.0,1.4,8.7,Yes,No,Middle,1.0,No,Salle 11,161.0,64.1,1.0
ENSPD003181,Male,21.0,Informatique,3,95.0,5.0,57.2,73.9,25.4,1.0,4.7,21.0,No,No,Low,3.0,Yes,Salle 11,263.0,47.9,0.0
ENSPD003182,Male,22.0,GenieCivil,2,77.4,23.0,53.0,69.7,83.3,1.0,4.8,25.5,Yes,Yes,Middle,1.0,No,Salle 15,177.0,66.9,1.0
ENSPD003183,Male,25.0,Informatique,2,71.4,29.0,90.6,79.0,74.5,1.0,1.4,8.2,No,No,Low,2.0,Yes,Salle 6,298.0,77.6,1.0
ENSPD003184,Male,18.0,GenieCivil,1,69.9,30.0,47.9,87.3,78.2,1.0,1.3,9.4,Yes,Yes,Middle,2.0,Yes,Salle 9,149.0,66.2,1.0
ENSPD003185,Male,22.0,Telecom,4,69.2,31.0,59.7,28.2,71.7,2.0,2.0,10.9,No,No,Middle,1.0,Yes,Salle 29,121.0,49.7,0.0
ENSPD003186,Male,23.0,Mecanique,4,89.9,10.0,69.6,19.8,33.7,1.0,0.6,13.6,No,No,Low,1.0,Yes,Salle 3,178.0,37.9,0.0
ENSPD003187,Male,22.0,Energetique,5,73.1,27.0,51.0,92.9,68.6,0.0,0.7,8.2,Yes,No,High,0.0,Yes,Salle 30,40.0,65.7,1.0
ENSPD003188,Male,25.0,Electrique,4,69.6,30.0,74.8,37.9,51.8,1.0,1.4,0.0,No,No,Low,0.0,No,Salle 22,157.0,43.6,0.0
ENSPD003189,Female,22.0,Energetique,3,90.6,9.0,60.4,42.4,63.5,0.0,0.2,10.8,No,No,Middle,1.0,Yes,Salle 19,104.0,52.8,1.0
ENSPD003190,Female,22.0,Chimie,2,85.9,14.0,75.0,56.8,74.0,1.0,0.4,11.5,Yes,No,Low,3.0,Yes,Salle 27,119.0,68.4,1.0
ENSPD003191,Male,23.0,Informatique,5,93.6,6.0,73.8,32.2,97.2,1.0,1.4,21.6,No,No,Middle,2.0,Yes,Salle 10,109.0,68.0,1.0
ENSPD003192,Female,22.0,Mecanique,3,88.2,12.0,61.4,55.1,93.9,1.0,0.5,7.2,Yes,No,Middle,1.0,Yes,Salle 10,212.0,74.7,1.0
ENSPD003193,Female,21.0,Mecanique,3,73.0,27.0,90.7,44.9,76.4,0.0,0.3,3.7,No,No,Middle,1.0,No,Salle 21,212.0,63.4,1.0
ENSPD003194,Male,23.0,Informatique,3,82.9,17.0,55.0,57.8,63.5,1.0,1.4,11.1,No,No,Middle,0.0,No,Salle 26,263.0,59.4,1.0
ENSPD003195,Male,21.0,GenieCivil,4,83.5,16.0,85.2,67.0,59.7,2.0,2.1,7.0,No,No,Middle,1.0,Yes,Salle 14,173.0,67.3,1.0
ENSPD003196,Male,21.0,GenieCivil,1,71.0,29.0,82.6,55.8,45.9,4.0,0.1,5.0,No,No,Middle,0.0,No,Salle 25,149.0,56.4,1.0
ENSPD003197,Female,21.0,Energetique,2,68.7,31.0,91.6,61.6,58.6,3.0,3.0,15.2,Yes,No,High,0.0,Yes,Salle 5,71.0,62.7,1.0
ENSPD003198,Female,25.0,GenieCivil,3,73.8,26.0,67.6,61.6,82.2,2.0,1.9,12.3,No,Yes,Low,3.0,Yes,Salle 4,185.0,73.3,1.0
ENSPD003199,Male,17.0,Chimie,4,100.0,0.0,65.1,80.8,100.0,1.0,1.0,12.6,Yes,Yes,Middle,1.0,Yes,Salle 27,93.0,79.3,1.0
ENSPD003200,Male,23.0,Energetique,3,77.0,23.0,96.2,90.9,47.7,1.0,8.2,39.0,Yes,No,High,2.0,Yes,Salle 13,104.0,72.7,1.0
ENSPD003201,Male,22.0,Telecom,2,96.8,3.0,60.0,58.1,24.1,0.0,0.0,0.4,No,No,Low,0.0,No,Salle 3,161.0,50.2,1.0
ENSPD003202,Male,19.0,Informatique,2,76.4,24.0,52.8,94.8,53.4,2.0,1.6,7.4,No,No,Low,0.0,No,Salle 13,298.0,63.8,1.0
ENSPD003203,Male,23.0,GenieCivil,4,92.7,7.0,62.2,77.8,82.1,2.0,0.3,7.2,No,No,Low,0.0,Yes,Salle 7,173.0,73.0,0.0
ENSPD003204,Female,23.0,Mecanique,4,92.8,7.0,50.3,39.8,100.0,0.0,1.4,10.2,Yes,No,Middle,0.0,Yes,Salle 12,178.0,66.5,1.0
ENSPD003205,Female,23.0,Mecanique,3,93.4,7.0,72.9,39.3,90.2,1.0,0.3,5.9,Yes,No,Middle,2.0,Yes,Salle 11,212.0,71.1,1.0
ENSPD003206,Female,17.0,Mecanique,2,86.7,13.0,55.9,51.6,89.7,0.0,2.2,16.0,Yes,No,Low,1.0,No,Salle 23,231.0,63.6,1.0
ENSPD003207,Female,25.0,Telecom,5,98.5,2.0,60.7,88.0,63.5,1.0,1.0,9.6,Yes,No,Low,2.0,Yes,Salle 26,60.0,65.9,1.0
ENSPD003208,Female,21.0,GenieCivil,3,86.5,14.0,79.5,53.0,47.6,0.0,8.6,40.1,Yes,No,Middle,0.0,Yes,Salle 3,185.0,56.3,1.0
ENSPD003209,Male,23.0,GenieCivil,4,100.0,0.0,65.1,27.9,63.5,1.0,2.1,16.8,Yes,No,Low,1.0,No,Salle 18,173.0,47.1,0.0
ENSPD003210,Female,22.0,Energetique,1,62.6,37.0,65.2,57.9,50.7,1.0,5.0,32.7,No,No,Middle,1.0,Yes,Salle 17,83.0,55.3,1.0
ENSPD003211,Male,20.0,Informatique,2,86.2,14.0,67.6,26.3,82.3,2.0,0.6,8.6,Yes,No,Middle,2.0,No,Salle 26,298.0,59.3,1.0
ENSPD003212,Female,23.0,GenieCivil,4,85.4,15.0,65.2,43.0,96.5,1.0,0.8,20.5,No,No,Middle,0.0,Yes,Salle 22,173.0,71.2,1.0
ENSPD003213,Male,21.0,Chimie,1,70.8,29.0,58.5,51.4,70.9,1.0,0.9,9.2,Yes,No,Low,1.0,No,Salle 14,96.0,60.8,1.0
ENSPD003214,Female,18.0,Informatique,3,89.0,11.0,65.0,64.7,58.9,1.0,3.6,19.9,Yes,Yes,Middle,1.0,Yes,Salle 29,263.0,58.9,1.0
ENSPD003215,Male,24.0,Electrique,3,64.1,36.0,72.4,80.4,63.5,1.0,0.5,14.8,Yes,No,High,0.0,No,Salle 27,188.0,56.9,1.0
ENSPD003216,Male,20.0,Mecanique,4,74.1,26.0,63.1,74.5,61.7,2.0,5.9,27.9,No,No,Low,0.0,Yes,Salle 11,178.0,66.3,1.0
ENSPD003217,Male,20.0,Telecom,2,58.0,42.0,71.3,40.8,68.1,1.0,0.1,0.0,Yes,No,Low,1.0,No,Salle 21,161.0,58.3,1.0
ENSPD003218,Male,21.0,Mecanique,1,100.0,0.0,52.4,55.3,34.7,2.0,4.4,18.2,No,Yes,Middle,1.0,Yes,Salle 7,186.0,43.4,0.0
ENSPD003219,Female,23.0,Mecanique,5,79.2,21.0,55.9,63.4,82.4,1.0,1.4,13.4,No,No,Low,1.0,Yes,Salle 19,67.0,67.2,1.0
ENSPD003220,Female,22.0,Electrique,3,100.0,0.0,54.0,57.3,55.5,3.0,1.5,13.0,No,No,Middle,1.0,No,Salle 4,188.0,52.3,1.0
ENSPD003221,Male,23.0,Informatique,1,91.6,8.0,56.5,57.2,63.5,1.0,11.9,48.9,Yes,Yes,Middle,0.0,No,Salle 11,248.0,65.9,1.0
ENSPD003222,Male,19.0,Mecanique,1,87.4,13.0,84.3,31.0,63.8,1.0,4.1,13.6,No,No,Low,1.0,No,Salle 11,186.0,54.9,1.0
ENSPD003223,Male,21.0,GenieCivil,5,75.0,25.0,75.9,41.3,69.9,1.0,4.7,22.3,No,No,Middle,1.0,Yes,Salle 1,70.0,55.0,1.0
ENSPD003224,Male,22.0,Mecanique,1,69.4,31.0,48.8,54.7,50.0,1.0,1.8,17.0,No,No,High,1.0,Yes,Salle 3,186.0,48.7,0.0
ENSPD003225,Male,26.0,GenieCivil,3,88.3,12.0,71.6,6.3,57.1,0.0,6.3,29.7,Yes,No,High,0.0,Yes,Salle 27,185.0,51.4,1.0
ENSPD003226,Female,22.0,Electrique,2,81.1,19.0,59.1,73.5,76.8,2.0,1.4,12.8,Yes,Yes,Middle,1.0,No,Salle 28,185.0,67.7,1.0
ENSPD003227,Male,24.0,Electrique,4,65.9,34.0,54.8,37.3,61.4,0.0,3.4,14.2,Yes,Yes,Middle,0.0,Yes,Salle 18,157.0,48.4,0.0
ENSPD003228,Male,22.0,Electrique,4,63.8,36.0,42.7,74.4,41.9,0.0,2.6,14.1,Yes,No,Middle,1.0,No,Salle 6,157.0,50.8,1.0
ENSPD003229,Male,21.0,Mecanique,3,70.5,30.0,79.6,72.8,66.2,0.0,3.0,19.1,No,No,Middle,2.0,Yes,Salle 23,212.0,72.8,1.0
ENSPD003230,Male,22.0,Informatique,1,100.0,0.0,44.5,52.2,71.7,0.0,2.0,12.2,Yes,No,Middle,2.0,Yes,Salle 2,248.0,58.6,1.0
ENSPD003231,Male,22.0,Chimie,4,100.0,0.0,64.2,80.0,63.5,3.0,2.6,14.7,Yes,No,High,0.0,No,Salle 16,93.0,82.5,1.0
ENSPD003232,Female,23.0,Telecom,2,84.5,16.0,50.8,75.4,87.1,1.0,1.1,13.9,Yes,No,Middle,0.0,Yes,Salle 23,161.0,72.0,1.0
ENSPD003233,Male,25.0,Mecanique,5,83.8,16.0,76.6,56.4,62.7,0.0,2.5,11.9,Yes,No,Middle,3.0,No,Salle 3,67.0,66.2,1.0
ENSPD003234,Male,23.0,GenieCivil,3,78.0,22.0,60.0,54.4,53.1,3.0,0.6,9.3,No,No,Middle,1.0,No,Salle 6,185.0,53.2,1.0
ENSPD003235,Male,24.0,GenieCivil,3,70.8,29.0,63.0,81.8,59.4,0.0,2.0,12.4,No,No,Middle,2.0,Yes,Salle 24,185.0,67.8,1.0
ENSPD003236,Male,20.0,GenieCivil,1,98.5,2.0,63.5,66.2,53.5,1.0,1.5,17.6,No,No,Low,0.0,Yes,Salle 15,149.0,61.8,1.0
ENSPD003237,Male,21.0,Electrique,4,100.0,0.0,69.5,80.8,74.1,2.0,4.6,26.9,Yes,No,Middle,1.0,No,Salle 18,157.0,69.6,1.0
ENSPD003238,Female,21.0,Informatique,2,71.3,29.0,65.2,19.0,84.8,0.0,1.4,19.1,Yes,Yes,Low,0.0,No,Salle 9,298.0,58.6,1.0
ENSPD003239,Female,23.0,Chimie,2,81.0,19.0,64.4,63.8,88.8,0.0,1.8,14.7,Yes,Yes,Low,1.0,Yes,Salle 14,119.0,76.9,1.0
ENSPD003240,Male,21.0,Informatique,1,76.6,23.0,57.2,33.6,55.8,1.0,0.8,6.2,Yes,No,Middle,1.0,No,Salle 8,248.0,49.3,0.0
ENSPD003241,Male,23.0,GenieCivil,1,77.0,23.0,41.4,61.5,53.8,3.0,4.0,26.7,Yes,No,High,2.0,No,Salle 1,149.0,49.3,0.0
ENSPD003242,Male,20.0,Telecom,1,96.2,4.0,48.2,74.8,55.6,2.0,0.1,6.8,Yes,No,Middle,1.0,No,Salle 26,121.0,64.9,1.0
ENSPD003243,Male,22.0,GenieCivil,2,66.3,34.0,65.1,93.3,25.4,0.0,4.6,24.3,Yes,No,Low,1.0,Yes,Salle 17,177.0,58.0,1.0
ENSPD003244,Female,23.0,Informatique,4,87.6,12.0,60.4,61.6,39.9,0.0,2.1,10.2,Yes,No,High,1.0,Yes,Salle 11,230.0,45.7,0.0
ENSPD003245,Female,18.0,Energetique,2,90.7,9.0,55.0,52.5,63.3,1.0,0.4,11.5,Yes,No,Middle,0.0,Yes,Salle 26,71.0,57.8,1.0
ENSPD003246,Male,26.0,Telecom,4,80.3,20.0,43.9,60.3,71.6,0.0,4.7,22.1,Yes,No,Middle,1.0,Yes,Salle 4,121.0,61.1,1.0
ENSPD003247,Male,21.0,Chimie,1,92.7,7.0,39.2,44.5,73.8,2.0,0.8,6.1,Yes,No,Middle,0.0,No,Salle 8,96.0,52.7,1.0
ENSPD003248,Male,18.0,GenieCivil,3,83.8,16.0,54.5,79.6,48.4,2.0,0.4,7.8,Yes,No,Middle,1.0,Yes,Salle 24,185.0,58.2,1.0
ENSPD003249,Female,22.0,Informatique,3,96.6,3.0,78.3,61.6,54.2,1.0,0.8,5.7,No,No,Middle,1.0,Yes,Salle 23,263.0,65.9,1.0
ENSPD003250,Female,22.0,Energetique,5,63.7,36.0,56.6,64.2,58.6,5.0,6.5,28.0,Yes,No,Low,0.0,Yes,Salle 14,40.0,55.2,1.0
ENSPD003251,Male,22.0,GenieCivil,4,77.8,22.0,71.0,73.2,56.4,0.0,2.8,12.5,Yes,Yes,Low,1.0,Yes,Salle 7,173.0,64.8,1.0
ENSPD003252,Male,24.0,Telecom,2,81.1,19.0,56.0,60.7,77.8,4.0,5.0,29.1,No,No,Middle,0.0,Yes,Salle 27,161.0,63.0,1.0
ENSPD003253,Female,23.0,Mecanique,4,49.9,50.0,74.6,47.3,37.8,1.0,0.7,13.5,Yes,No,Middle,1.0,Yes,Salle 11,178.0,48.9,0.0
ENSPD003254,Male,23.0,Mecanique,1,69.0,31.0,59.7,60.9,41.0,2.0,0.2,13.4,Yes,No,Middle,0.0,Yes,Salle 19,186.0,45.0,0.0
ENSPD003255,Male,23.0,Energetique,3,72.2,28.0,46.5,46.6,58.0,1.0,1.7,15.5,Yes,No,Middle,2.0,Yes,Salle 2,104.0,45.9,0.0
ENSPD003256,Male,22.0,GenieCivil,1,93.4,7.0,61.0,63.9,36.7,0.0,1.3,0.9,Yes,No,High,2.0,No,Salle 4,149.0,48.8,0.0
ENSPD003257,Female,26.0,Informatique,2,73.5,26.0,92.5,79.9,26.0,0.0,2.6,11.5,Yes,No,Middle,1.0,Yes,Salle 12,298.0,60.8,1.0
ENSPD003258,Male,19.0,Informatique,2,72.2,28.0,91.8,40.9,34.1,0.0,1.6,11.5,Yes,No,Middle,0.0,Yes,Salle 20,298.0,53.5,1.0
ENSPD003259,Male,22.0,GenieCivil,4,91.8,8.0,72.3,34.4,59.1,1.0,1.0,18.6,Yes,No,Middle,2.0,Yes,Salle 23,173.0,54.6,1.0
ENSPD003260,Female,22.0,Informatique,3,62.6,37.0,62.9,62.9,76.6,2.0,0.0,6.6,Yes,No,Middle,0.0,Yes,Salle 26,263.0,60.1,1.0
ENSPD003261,Male,24.0,GenieCivil,4,57.1,43.0,69.6,48.2,77.0,0.0,1.3,6.9,Yes,No,High,1.0,Yes,Salle 17,173.0,67.2,1.0
ENSPD003262,Male,20.0,GenieCivil,3,77.7,22.0,69.8,62.6,95.8,2.0,0.3,3.3,Yes,No,Middle,0.0,Yes,Salle 11,185.0,75.7,1.0
ENSPD003263,Male,19.0,Chimie,1,64.6,35.0,64.4,67.8,66.0,1.0,5.1,18.4,Yes,No,Low,2.0,Yes,Salle 19,96.0,66.0,1.0
ENSPD003264,Male,22.0,Mecanique,4,65.1,35.0,71.6,23.4,68.7,1.0,5.1,25.1,Yes,Yes,Low,2.0,Yes,Salle 25,178.0,56.6,1.0
ENSPD003265,Female,23.0,Energetique,4,88.9,11.0,68.1,74.4,59.0,0.0,3.3,11.9,No,No,Middle,1.0,Yes,Salle 30,70.0,61.2,1.0
ENSPD003266,Male,25.0,Informatique,4,92.5,8.0,60.3,40.9,60.0,1.0,0.3,0.0,Yes,No,Middle,2.0,Yes,Salle 18,230.0,52.0,1.0
ENSPD003267,Male,19.0,Electrique,3,91.5,8.0,47.1,61.6,100.0,2.0,0.3,2.5,Yes,Yes,Low,1.0,Yes,Salle 20,188.0,76.6,1.0
ENSPD003268,Male,24.0,Informatique,4,95.3,5.0,58.1,50.1,69.2,0.0,1.7,11.5,No,No,Middle,2.0,Yes,Salle 18,230.0,59.8,1.0
ENSPD003269,Female,27.0,Chimie,4,96.9,3.0,77.0,52.1,71.0,2.0,2.6,15.7,Yes,No,Middle,1.0,Yes,Salle 30,93.0,67.7,1.0
ENSPD003270,Female,21.0,Energetique,1,56.5,44.0,64.5,92.5,41.1,2.0,4.7,25.4,No,No,Low,1.0,No,Salle 23,83.0,60.9,1.0
ENSPD003271,Male,19.0,Telecom,1,82.2,13.0,69.5,67.7,72.2,2.0,4.5,23.0,Yes,No,Low,0.0,Yes,Salle 1,121.0,70.2,1.0
ENSPD003272,Male,21.0,Electrique,1,75.6,24.0,60.8,78.3,77.2,0.0,0.3,5.8,Yes,No,Middle,1.0,No,Salle 21,143.0,69.6,1.0
ENSPD003273,Female,22.0,GenieCivil,2,73.0,27.0,49.1,64.7,86.2,2.0,10.8,49.8,Yes,No,Middle,1.0,Yes,Salle 13,177.0,63.6,1.0
ENSPD003274,Male,23.0,Telecom,3,88.7,11.0,61.4,73.2,76.6,1.0,0.3,10.8,Yes,No,Middle,0.0,Yes,Salle 25,154.0,68.3,1.0
ENSPD003275,Female,21.0,Energetique,5,61.2,39.0,49.7,69.5,61.5,1.0,3.7,15.8,Yes,No,Middle,5.0,No,Salle 9,40.0,58.7,1.0
ENSPD003276,Female,25.0,Energetique,2,61.0,39.0,48.7,66.6,60.6,2.0,1.8,13.5,Yes,No,Middle,0.0,Yes,Salle 20,71.0,51.9,1.0
ENSPD003277,Female,20.0,Mecanique,4,89.6,10.0,83.1,81.9,62.6,0.0,2.3,14.3,No,Yes,High,0.0,Yes,Salle 3,178.0,70.0,1.0
ENSPD003278,Male,19.0,Energetique,3,87.9,12.0,58.7,64.8,66.1,2.0,1.9,14.2,Yes,No,Middle,0.0,Yes,Salle 15,104.0,61.3,1.0
ENSPD003279,Male,24.0,Informatique,1,83.6,16.0,53.9,100.0,89.4,1.0,4.1,20.6,No,Yes,High,1.0,Yes,Salle 30,248.0,78.1,1.0
ENSPD003280,Female,17.0,Mecanique,1,82.2,29.0,89.3,79.3,85.5,1.0,2.0,9.4,No,No,Middle,3.0,Yes,Salle 4,186.0,82.4,1.0
ENSPD003281,Male,22.0,Informatique,3,90.9,9.0,65.1,41.5,79.1,1.0,3.8,19.6,Yes,No,Middle,0.0,No,Salle 11,263.0,72.7,1.0
ENSPD003282,Male,28.0,Mecanique,3,90.2,10.0,59.4,58.8,100.0,1.0,0.3,3.3,Yes,No,Middle,1.0,No,Salle 4,212.0,76.3,1.0
ENSPD003283,Female,22.0,Chimie,5,83.0,17.0,71.4,69.1,10.9,2.0,4.0,17.0,No,Yes,Middle,2.0,Yes,Salle 10,48.0,44.7,0.0
ENSPD003284,Female,20.0,Telecom,2,67.9,32.0,61.5,62.8,54.8,2.0,9.9,49.3,No,No,Middle,1.0,Yes,Salle 11,161.0,48.4,0.0
ENSPD003285,Male,22.0,Chimie,4,76.9,23.0,54.6,74.4,63.8,4.0,2.2,14.4,Yes,No,Middle,0.0,No,Salle 28,93.0,61.9,1.0
ENSPD003286,Male,22.0,Electrique,2,92.1,8.0,72.1,76.3,50.6,1.0,7.5,27.1,Yes,No,Middle,1.0,Yes,Salle 7,185.0,61.9,1.0
ENSPD003287,Male,22.0,GenieCivil,3,97.9,2.0,60.1,37.5,45.4,0.0,0.5,0.0,Yes,No,Middle,0.0,Yes,Salle 17,185.0,50.1,1.0
ENSPD003288,Male,23.0,Electrique,3,78.1,22.0,66.1,85.1,29.7,1.0,3.5,18.4,Yes,No,Middle,3.0,Yes,Salle 24,188.0,52.9,1.0
ENSPD003289,Female,20.0,Mecanique,1,79.0,21.0,80.3,53.1,57.8,1.0,0.4,4.1,Yes,No,Middle,4.0,Yes,Salle 28,186.0,58.4,1.0
ENSPD003290,Male,25.0,Telecom,1,80.1,20.0,78.7,61.6,81.9,4.0,1.5,11.1,Yes,No,Middle,0.0,Yes,Salle 30,121.0,71.6,1.0
ENSPD003291,Male,22.0,Electrique,1,85.3,15.0,56.7,51.2,79.5,0.0,2.2,14.8,Yes,No,Low,0.0,Yes,Salle 16,143.0,61.6,1.0
ENSPD003292,Female,23.0,Electrique,2,75.0,25.0,72.3,76.6,49.0,2.0,1.4,13.7,Yes,No,Middle,0.0,No,Salle 22,185.0,61.3,1.0
ENSPD003293,Male,21.0,GenieCivil,4,47.3,53.0,48.1,57.2,68.4,2.0,2.2,10.7,Yes,No,Middle,0.0,Yes,Salle 2,173.0,52.2,1.0
ENSPD003294,Male,25.0,Telecom,1,96.3,4.0,71.8,50.1,91.2,2.0,0.8,12.1,No,No,High,0.0,Yes,Salle 16,121.0,75.0,1.0
ENSPD003295,Female,21.0,Mecanique,3,100.0,0.0,67.2,54.4,33.6,2.0,7.3,29.5,Yes,No,High,2.0,Yes,Salle 14,212.0,47.4,0.0
ENSPD003296,Male,23.0,Mecanique,2,74.7,25.0,70.7,29.7,60.8,0.0,1.4,9.9,Yes,No,Middle,0.0,Yes,Salle 30,231.0,53.3,1.0
ENSPD003297,Female,20.0,Chimie,4,69.2,31.0,60.5,46.8,69.7,1.0,1.9,14.9,No,No,Middle,1.0,Yes,Salle 23,93.0,52.1,1.0
ENSPD003298,Male,20.0,GenieCivil,4,80.4,20.0,96.3,39.7,64.2,1.0,4.0,18.4,No,No,Middle,1.0,Yes,Salle 25,173.0,62.4,1.0
ENSPD003299,Male,23.0,Telecom,4,79.7,20.0,65.1,57.2,81.0,1.0,4.4,24.4,No,No,Middle,0.0,Yes,Salle 23,121.0,65.0,1.0
ENSPD003300,Female,21.0,Mecanique,3,93.9,6.0,79.6,74.0,34.0,3.0,2.5,13.6,Yes,No,Middle,1.0,Yes,Salle 19,212.0,61.0,1.0
ENSPD003301,Male,20.0,Mecanique,2,82.7,17.0,49.5,61.6,43.9,2.0,1.7,17.3,Yes,No,Low,1.0,No,Salle 1,231.0,51.3,1.0
ENSPD003302,Other,21.0,Telecom,4,72.5,28.0,72.6,84.6,77.6,1.0,1.2,7.3,Yes,Yes,High,0.0,Yes,Salle 28,121.0,76.8,1.0
ENSPD003303,Male,23.0,GenieCivil,1,66.2,34.0,73.6,80.6,30.0,3.0,1.2,13.0,No,No,Middle,1.0,Yes,Salle 10,149.0,56.3,1.0
ENSPD003304,Male,21.0,GenieCivil,2,92.4,8.0,65.8,52.5,80.2,1.0,1.1,4.3,Yes,No,Middle,1.0,No,Salle 4,177.0,67.8,1.0
ENSPD003305,Male,22.0,Mecanique,1,89.2,11.0,57.6,62.3,73.0,2.0,1.4,16.0,No,No,Low,1.0,Yes,Salle 8,186.0,61.9,1.0
ENSPD003306,Male,22.0,Mecanique,3,94.7,5.0,67.1,61.6,78.8,2.0,2.6,16.6,Yes,No,Middle,1.0,Yes,Salle 4,212.0,67.1,1.0
ENSPD003307,Male,18.0,Electrique,3,70.4,30.0,69.0,23.3,54.6,1.0,1.4,13.1,Yes,No,High,1.0,Yes,Salle 29,188.0,46.2,0.0
ENSPD003308,Male,19.0,Informatique,3,100.0,0.0,91.8,40.1,74.2,2.0,2.7,11.5,Yes,No,Middle,4.0,Yes,Salle 10,263.0,68.1,1.0
ENSPD003309,Male,23.0,Telecom,2,61.1,39.0,51.9,59.0,40.6,2.0,1.5,9.8,Yes,No,Middle,2.0,Yes,Salle 22,161.0,46.2,0.0
ENSPD003310,Male,21.0,Chimie,1,90.5,10.0,56.7,58.9,63.5,3.0,0.2,0.0,No,No,Middle,0.0,No,Salle 17,96.0,57.6,1.0
ENSPD003311,Female,24.0,Informatique,5,59.1,41.0,69.3,71.2,64.7,1.0,3.8,14.8,Yes,No,Low,1.0,Yes,Salle 13,109.0,63.6,1.0
ENSPD003312,Female,24.0,Electrique,3,72.5,28.0,61.2,70.3,46.0,0.0,4.1,13.1,Yes,No,Middle,0.0,Yes,Salle 16,188.0,54.7,1.0
ENSPD003313,Male,23.0,Electrique,2,82.2,0.0,65.1,30.1,68.4,1.0,0.6,11.5,Yes,No,Middle,1.0,Yes,Salle 26,185.0,55.9,1.0
ENSPD003314,Male,26.0,Informatique,3,92.0,8.0,81.1,71.3,41.1,0.0,3.1,21.9,Yes,Yes,Middle,3.0,No,Salle 6,263.0,67.7,1.0
ENSPD003315,Male,22.0,Mecanique,1,75.4,25.0,22.7,65.2,69.4,1.0,1.4,7.6,Yes,No,Middle,2.0,Yes,Salle 1,186.0,51.2,1.0
ENSPD003316,Female,23.0,GenieCivil,1,75.8,24.0,56.0,73.2,98.8,2.0,0.3,4.6,Yes,No,Low,1.0,Yes,Salle 17,149.0,73.8,1.0
ENSPD003317,Male,21.0,Electrique,2,83.2,17.0,38.9,81.2,38.9,0.0,1.4,6.6,Yes,No,Middle,2.0,Yes,Salle 11,185.0,51.2,1.0
ENSPD003318,Male,27.0,Electrique,2,88.2,12.0,47.1,59.4,63.5,3.0,1.4,6.8,Yes,No,High,1.0,Yes,Salle 19,185.0,56.9,1.0
ENSPD003319,Female,26.0,GenieCivil,2,97.0,3.0,100.0,84.4,31.6,2.0,3.1,18.1,No,No,Middle,2.0,Yes,Salle 26,177.0,69.2,1.0
ENSPD003320,Female,22.0,Chimie,4,76.5,24.0,74.0,46.0,47.3,2.0,0.4,4.9,Yes,Yes,Middle,0.0,Yes,Salle 30,93.0,56.0,1.0
ENSPD003321,Male,23.0,Chimie,3,62.7,37.0,79.3,45.0,78.0,2.0,0.4,2.7,No,No,Middle,1.0,No,Salle 26,130.0,59.0,1.0
ENSPD003322,Male,25.0,Electrique,3,83.9,16.0,63.8,69.7,55.4,2.0,0.5,9.5,No,No,Low,1.0,Yes,Salle 4,188.0,67.6,1.0
ENSPD003323,Female,22.0,Chimie,3,76.5,24.0,76.4,55.4,78.8,1.0,0.5,11.4,No,Yes,High,0.0,Yes,Salle 2,130.0,70.2,1.0
ENSPD003324,Female,21.0,Mecanique,5,66.4,34.0,38.5,66.7,71.1,0.0,2.2,17.0,Yes,No,Low,2.0,Yes,Salle 6,67.0,58.8,1.0
ENSPD003325,Female,24.0,Telecom,1,85.6,14.0,80.6,97.9,62.7,1.0,2.0,8.4,Yes,No,Middle,1.0,Yes,Salle 26,121.0,77.0,1.0
ENSPD003326,Female,22.0,Electrique,4,79.4,21.0,52.7,69.1,43.4,1.0,0.3,0.0,Yes,Yes,Middle,2.0,Yes,Salle 15,157.0,51.1,1.0
ENSPD003327,Female,22.0,Telecom,3,85.7,14.0,57.0,65.8,77.7,1.0,2.6,14.4,Yes,No,Middle,1.0,Yes,Salle 30,154.0,67.8,1.0
ENSPD003328,Male,20.0,GenieCivil,1,71.3,29.0,72.6,46.4,70.1,0.0,0.9,14.1,Yes,No,Middle,1.0,Yes,Salle 27,149.0,59.3,1.0
ENSPD003329,Male,19.0,Informatique,2,87.8,12.0,69.7,31.4,33.4,0.0,1.2,11.5,Yes,No,Middle,0.0,Yes,Salle 5,298.0,43.1,0.0
ENSPD003330,Female,22.0,GenieCivil,3,66.2,34.0,66.3,60.7,44.7,1.0,0.3,4.6,No,No,Middle,2.0,Yes,Salle 8,185.0,49.1,0.0
ENSPD003331,Female,24.0,Mecanique,3,72.1,28.0,65.1,61.6,8.6,0.0,2.5,21.4,Yes,No,Low,1.0,Yes,Salle 11,212.0,36.4,0.0
ENSPD003332,Female,22.0,Electrique,2,79.1,21.0,66.5,61.6,36.7,0.0,0.9,12.5,Yes,No,Low,1.0,Yes,Salle 18,185.0,54.7,1.0
ENSPD003333,Male,25.0,GenieCivil,3,100.0,0.0,79.4,69.2,57.7,0.0,2.0,13.9,Yes,No,Middle,0.0,Yes,Salle 7,185.0,69.5,1.0
ENSPD003334,Male,21.0,Telecom,3,91.4,9.0,57.0,87.7,42.9,1.0,1.1,4.6,Yes,No,Middle,0.0,Yes,Salle 30,154.0,60.5,1.0
ENSPD003335,Female,20.0,Electrique,2,94.9,5.0,84.7,87.2,47.4,0.0,0.1,11.4,No,No,Middle,0.0,No,Salle 20,185.0,67.1,1.0
ENSPD003336,Female,22.0,Electrique,4,99.0,1.0,51.9,69.7,91.8,1.0,2.4,13.9,Yes,No,Middle,1.0,Yes,Salle 16,157.0,76.6,1.0
ENSPD003337,Female,22.0,Informatique,4,100.0,0.0,65.1,65.1,84.6,0.0,1.6,2.4,No,No,Low,3.0,No,Salle 15,230.0,68.9,1.0
ENSPD003338,Female,24.0,Energetique,3,82.5,18.0,88.0,34.7,50.1,1.0,1.1,15.2,Yes,No,Middle,2.0,Yes,Salle 26,104.0,51.8,1.0
ENSPD003339,Female,20.0,Telecom,5,99.0,1.0,54.8,61.6,79.9,0.0,0.5,2.9,No,Yes,Middle,0.0,No,Salle 4,60.0,60.8,1.0
ENSPD003340,Female,25.0,Chimie,1,94.2,6.0,80.8,56.9,88.3,1.0,2.0,25.7,Yes,No,Middle,1.0,Yes,Salle 27,96.0,75.8,1.0
ENSPD003341,Female,26.0,Mecanique,1,94.0,6.0,94.6,46.7,76.4,0.0,0.6,6.7,No,No,Middle,1.0,No,Salle 4,186.0,73.1,1.0
ENSPD003342,Male,22.0,GenieCivil,2,100.0,0.0,67.6,66.5,63.5,1.0,1.1,11.1,Yes,No,Low,0.0,Yes,Salle 2,177.0,68.9,1.0
ENSPD003343,Female,24.0,Informatique,3,77.0,23.0,57.1,96.4,86.0,0.0,0.1,5.8,Yes,No,Low,2.0,Yes,Salle 19,263.0,75.5,1.0
ENSPD003344,Male,20.0,GenieCivil,3,76.0,24.0,53.4,89.3,79.4,0.0,3.0,15.9,Yes,No,Middle,1.0,Yes,Salle 8,185.0,73.6,1.0
ENSPD003345,Male,24.0,Informatique,3,85.8,14.0,84.6,66.4,39.7,0.0,0.2,9.0,Yes,Yes,Low,1.0,No,Salle 14,263.0,69.0,1.0
ENSPD003346,Female,24.0,Electrique,1,79.8,20.0,84.2,76.0,60.2,1.0,4.4,23.4,Yes,No,Middle,1.0,Yes,Salle 16,143.0,62.3,1.0
ENSPD003347,Male,24.0,Electrique,1,85.8,14.0,86.7,48.9,63.5,0.0,4.0,21.2,No,Yes,Low,1.0,Yes,Salle 26,143.0,59.1,1.0
ENSPD003348,Male,22.0,Mecanique,4,100.0,0.0,64.5,88.4,87.0,1.0,7.1,29.3,No,No,Middle,0.0,No,Salle 21,178.0,77.2,1.0
ENSPD003349,Male,17.0,GenieCivil,4,76.3,24.0,80.6,33.9,52.4,0.0,4.8,23.6,Yes,Yes,Low,1.0,Yes,Salle 10,173.0,50.3,1.0
ENSPD003350,Male,21.0,Telecom,3,78.3,22.0,64.3,78.4,49.0,0.0,7.1,28.7,Yes,No,High,0.0,No,Salle 21,154.0,57.8,1.0
ENSPD003351,Male,21.0,Informatique,3,84.1,16.0,51.8,70.9,63.5,0.0,4.4,24.2,Yes,Yes,Low,2.0,No,Salle 21,263.0,63.9,1.0
ENSPD003352,Male,20.0,Chimie,3,79.3,21.0,81.9,48.4,69.2,0.0,0.2,7.2,Yes,No,Middle,2.0,Yes,Salle 23,130.0,62.1,1.0
ENSPD003353,Female,22.0,Informatique,1,59.0,41.0,89.5,58.2,100.0,3.0,1.2,10.5,Yes,No,Middle,0.0,Yes,Salle 25,248.0,79.7,1.0
ENSPD003354,Male,21.0,Informatique,2,75.0,25.0,49.7,41.6,46.8,1.0,1.4,10.8,No,No,Middle,1.0,Yes,Salle 17,298.0,46.3,0.0
ENSPD003355,Male,20.0,Informatique,3,90.2,10.0,49.4,42.4,53.6,2.0,1.6,14.6,No,No,Low,2.0,Yes,Salle 18,263.0,43.1,0.0
ENSPD003356,Male,20.0,Chimie,3,99.3,1.0,65.6,33.4,86.4,0.0,1.5,19.3,Yes,Yes,Low,1.0,Yes,Salle 24,130.0,69.3,1.0
ENSPD003357,Female,21.0,GenieCivil,1,68.1,32.0,79.3,75.8,63.5,1.0,5.1,29.3,No,Yes,Middle,1.0,No,Salle 8,149.0,52.7,1.0
ENSPD003358,Male,24.0,Telecom,5,68.1,32.0,48.0,83.7,90.4,2.0,7.0,33.6,No,No,Middle,2.0,No,Salle 29,60.0,66.3,1.0
ENSPD003359,Female,21.0,GenieCivil,4,82.2,18.0,68.4,23.1,39.9,0.0,0.6,6.2,No,No,Middle,1.0,Yes,Salle 11,173.0,43.4,0.0
ENSPD003360,Female,21.0,Informatique,2,57.1,43.0,56.1,95.1,76.2,1.0,1.7,6.2,Yes,No,Middle,0.0,No,Salle 27,298.0,76.3,1.0
ENSPD003361,Female,21.0,Chimie,3,76.7,23.0,75.5,61.6,27.1,2.0,1.2,15.3,Yes,Yes,Middle,0.0,No,Salle 4,130.0,52.9,1.0
ENSPD003362,Male,23.0,Informatique,5,61.2,39.0,53.0,67.2,64.9,1.0,1.6,13.7,Yes,No,Middle,1.0,Yes,Salle 28,109.0,56.3,1.0
ENSPD003363,Female,23.0,Chimie,1,98.4,2.0,76.6,35.5,36.6,3.0,1.5,9.2,Yes,No,Low,1.0,Yes,Salle 19,96.0,51.6,1.0
ENSPD003364,Male,17.0,Informatique,3,72.8,27.0,62.6,85.8,100.0,0.0,4.9,25.8,Yes,Yes,High,3.0,Yes,Salle 17,263.0,80.4,1.0
ENSPD003365,Female,24.0,Mecanique,2,100.0,0.0,50.9,65.6,42.6,1.0,4.5,23.5,No,No,Middle,4.0,Yes,Salle 29,231.0,47.6,0.0
ENSPD003366,Female,25.0,Chimie,2,95.4,5.0,66.0,82.5,47.4,2.0,0.3,5.8,No,No,Middle,0.0,No,Salle 2,119.0,57.2,1.0
ENSPD003367,Male,20.0,Energetique,4,74.2,26.0,35.9,61.6,74.7,0.0,0.8,11.5,Yes,No,Middle,0.0,Yes,Salle 3,70.0,68.0,1.0
ENSPD003368,Male,20.0,Mecanique,2,69.1,31.0,56.6,86.0,52.0,2.0,2.8,10.0,Yes,No,Middle,1.0,Yes,Salle 19,231.0,56.9,1.0
ENSPD003369,Male,21.0,Telecom,1,79.7,20.0,70.1,50.3,78.0,1.0,2.3,17.6,Yes,No,Middle,1.0,No,Salle 17,121.0,61.9,1.0
ENSPD003370,Female,20.0,Informatique,1,80.7,19.0,38.4,58.3,49.8,1.0,2.0,18.3,No,Yes,Middle,0.0,Yes,Salle 20,248.0,46.9,0.0
ENSPD003371,Male,22.0,Chimie,1,86.2,14.0,26.4,51.0,48.2,0.0,1.4,41.4,Yes,No,Low,1.0,Yes,Salle 16,96.0,37.4,0.0
ENSPD003372,Female,18.0,Electrique,2,72.7,27.0,29.9,78.1,63.4,2.0,0.8,0.4,Yes,No,Middle,2.0,Yes,Salle 5,185.0,59.2,1.0
ENSPD003373,Male,20.0,Informatique,4,91.0,9.0,84.9,68.0,39.7,2.0,1.4,12.5,Yes,No,High,0.0,Yes,Salle 2,230.0,59.5,1.0
ENSPD003374,Female,25.0,Mecanique,1,85.2,15.0,63.8,81.2,71.9,3.0,7.7,39.7,No,No,Middle,0.0,No,Salle 24,186.0,71.1,1.0
ENSPD003375,Female,20.0,Informatique,3,77.9,22.0,57.0,82.0,81.5,0.0,2.4,11.1,Yes,No,Low,0.0,Yes,Salle 7,263.0,70.9,1.0
ENSPD003376,Female,24.0,Mecanique,3,73.5,26.0,79.2,30.9,75.1,1.0,2.1,7.8,No,No,Middle,1.0,Yes,Salle 7,212.0,63.6,1.0
ENSPD003377,Female,23.0,Informatique,2,79.8,20.0,58.9,86.3,76.9,2.0,0.3,0.0,Yes,Yes,High,5.0,No,Salle 9,298.0,69.3,1.0
ENSPD003378,Male,18.0,Electrique,3,72.2,28.0,69.0,79.1,25.5,1.0,0.6,11.7,No,No,Low,4.0,Yes,Salle 14,188.0,54.1,1.0
ENSPD003379,Male,23.0,Energetique,3,82.7,17.0,65.4,55.4,54.8,1.0,0.9,8.2,Yes,No,Middle,0.0,Yes,Salle 16,104.0,59.4,1.0
ENSPD003380,Female,22.0,Informatique,2,83.0,17.0,57.9,68.3,59.5,0.0,1.3,11.5,No,No,Middle,0.0,Yes,Salle 12,298.0,59.5,1.0
ENSPD003381,Male,21.0,GenieCivil,2,85.1,15.0,69.4,61.6,93.1,0.0,1.4,0.0,No,Yes,Middle,2.0,Yes,Salle 24,177.0,76.6,1.0
ENSPD003382,Male,22.0,Electrique,3,100.0,0.0,76.6,73.1,52.4,2.0,4.6,23.7,Yes,No,Middle,3.0,Yes,Salle 18,188.0,65.6,1.0
ENSPD003383,Male,23.0,Telecom,5,80.4,20.0,62.2,55.3,18.0,2.0,0.2,10.3,Yes,No,High,2.0,No,Salle 8,60.0,44.6,0.0
ENSPD003384,Male,23.0,GenieCivil,2,94.1,6.0,58.1,70.6,43.9,2.0,0.6,3.6,Yes,No,Low,1.0,Yes,Salle 15,177.0,50.5,1.0
ENSPD003385,Male,24.0,GenieCivil,2,84.8,15.0,59.9,63.2,50.8,1.0,0.3,9.2,Yes,No,Middle,2.0,Yes,Salle 26,177.0,52.8,1.0
ENSPD003386,Female,23.0,GenieCivil,2,79.1,21.0,30.5,54.2,20.9,3.0,2.7,11.6,No,No,Low,1.0,No,Salle 17,177.0,32.2,0.0
ENSPD003387,Male,19.0,Mecanique,1,80.6,19.0,69.2,61.6,83.4,0.0,7.1,29.6,No,No,Low,0.0,Yes,Salle 26,186.0,64.9,1.0
ENSPD003388,Male,21.0,Informatique,3,81.3,19.0,46.9,100.0,32.6,1.0,4.5,23.3,No,No,Low,1.0,Yes,Salle 12,263.0,54.5,1.0
ENSPD003389,Male,28.0,GenieCivil,2,85.4,15.0,74.4,49.7,72.9,0.0,2.6,13.0,Yes,Yes,Middle,1.0,Yes,Salle 11,177.0,63.9,1.0
ENSPD003390,Female,23.0,Informatique,1,70.5,30.0,63.6,57.5,42.2,0.0,0.0,10.5,Yes,No,High,3.0,No,Salle 12,248.0,46.9,0.0
ENSPD003391,Male,27.0,Electrique,2,64.4,36.0,66.6,50.0,94.1,0.0,0.9,8.6,No,No,Middle,0.0,Yes,Salle 25,185.0,65.8,1.0
ENSPD003392,Female,25.0,Mecanique,1,89.9,10.0,75.5,51.9,58.5,2.0,4.0,26.6,No,No,High,1.0,Yes,Salle 10,186.0,58.1,1.0
ENSPD003393,Female,22.0,GenieCivil,2,92.8,7.0,51.1,76.7,54.4,2.0,2.1,16.1,Yes,No,Middle,0.0,Yes,Salle 3,177.0,60.6,1.0
ENSPD003394,Male,23.0,Informatique,1,90.9,9.0,70.5,74.9,74.6,1.0,0.5,3.4,Yes,No,Low,1.0,Yes,Salle 7,248.0,74.1,1.0
ENSPD003395,Female,22.0,Energetique,1,83.9,16.0,69.0,61.9,43.9,3.0,1.4,11.1,Yes,No,Middle,0.0,Yes,Salle 5,83.0,52.2,1.0
ENSPD003396,Other,19.0,Telecom,4,91.2,9.0,62.2,80.5,75.5,0.0,0.2,2.5,Yes,Yes,Middle,2.0,Yes,Salle 20,121.0,76.3,1.0
ENSPD003397,Female,22.0,Informatique,5,90.6,9.0,51.1,76.3,54.4,0.0,1.5,15.6,Yes,No,Low,1.0,No,Salle 6,109.0,61.0,1.0
ENSPD003398,Female,24.0,Mecanique,1,91.5,8.0,73.9,59.1,52.1,1.0,4.6,29.2,Yes,No,High,1.0,Yes,Salle 8,186.0,56.1,1.0
ENSPD003399,Male,21.0,Electrique,3,71.7,28.0,75.6,34.4,62.2,0.0,0.1,0.0,Yes,No,Middle,1.0,No,Salle 5,188.0,58.3,1.0
ENSPD003400,Male,23.0,Informatique,2,68.8,31.0,66.7,76.9,42.2,0.0,1.4,11.5,Yes,No,Middle,1.0,Yes,Salle 30,298.0,54.6,1.0
ENSPD003401,Male,24.0,Mecanique,3,77.3,23.0,65.1,65.1,60.2,1.0,0.5,11.8,Yes,No,High,2.0,No,Salle 25,212.0,59.0,1.0
ENSPD003402,Male,20.0,Mecanique,2,81.8,18.0,57.1,62.4,70.8,1.0,9.3,45.8,No,No,Middle,1.0,Yes,Salle 9,231.0,62.3,1.0
ENSPD003403,Other,22.0,Telecom,2,79.1,21.0,64.1,53.6,17.8,1.0,1.4,5.0,Yes,No,Middle,0.0,Yes,Salle 26,161.0,40.7,0.0
ENSPD003404,Male,20.0,Telecom,3,59.5,40.0,75.3,75.4,85.8,0.0,1.9,23.6,No,Yes,Low,0.0,Yes,Salle 13,154.0,77.5,1.0
ENSPD003405,Female,20.0,Electrique,1,100.0,0.0,41.2,68.3,63.5,0.0,0.6,8.3,Yes,No,Low,2.0,Yes,Salle 14,143.0,65.4,1.0
ENSPD003406,Female,19.0,GenieCivil,1,78.7,21.0,56.5,57.7,26.9,1.0,4.3,16.3,Yes,No,Middle,1.0,No,Salle 11,149.0,44.7,0.0
ENSPD003407,Female,20.0,Energetique,4,84.1,16.0,59.0,39.9,23.8,0.0,0.3,9.0,No,No,High,2.0,Yes,Salle 18,70.0,35.8,0.0
ENSPD003408,Other,25.0,Energetique,3,96.9,3.0,63.8,81.2,63.5,1.0,1.1,13.8,No,No,High,2.0,No,Salle 14,104.0,76.1,1.0
ENSPD003409,Male,20.0,Energetique,3,53.9,46.0,45.5,72.9,79.3,1.0,0.4,9.0,No,No,Low,1.0,Yes,Salle 21,104.0,60.3,1.0
ENSPD003410,Male,22.0,Informatique,2,75.9,24.0,61.7,66.6,76.5,1.0,3.2,18.6,Yes,No,High,1.0,No,Salle 24,298.0,65.0,1.0
ENSPD003411,Male,21.0,Informatique,3,77.4,23.0,60.3,14.2,35.5,1.0,0.9,3.0,Yes,No,Low,3.0,Yes,Salle 6,263.0,34.5,0.0
ENSPD003412,Male,24.0,Electrique,2,78.0,22.0,49.4,61.3,100.0,1.0,0.4,0.0,No,No,Middle,1.0,Yes,Salle 3,185.0,70.5,1.0
ENSPD003413,Male,25.0,GenieCivil,2,79.9,20.0,63.2,57.7,48.9,0.0,2.6,11.5,Yes,No,Low,2.0,Yes,Salle 10,177.0,53.1,1.0
ENSPD003414,Male,24.0,Informatique,3,99.4,1.0,56.9,50.9,68.8,0.0,3.4,9.0,No,Yes,Low,0.0,No,Salle 21,263.0,58.4,1.0
ENSPD003415,Female,23.0,Informatique,3,90.1,10.0,72.4,75.6,69.0,0.0,1.2,15.9,Yes,No,Middle,2.0,No,Salle 29,263.0,72.2,1.0
ENSPD003416,Male,22.0,Telecom,3,93.5,6.0,51.7,74.9,63.5,0.0,1.0,9.3,No,Yes,Middle,1.0,No,Salle 9,154.0,75.5,1.0
ENSPD003417,Male,20.0,Telecom,4,82.6,17.0,66.3,69.9,66.5,1.0,2.0,11.7,No,No,Middle,1.0,No,Salle 9,121.0,66.9,1.0
ENSPD003418,Female,26.0,Mecanique,2,65.2,35.0,52.9,80.7,72.3,0.0,1.4,7.6,No,No,High,1.0,Yes,Salle 28,231.0,71.3,1.0
ENSPD003419,Male,20.0,Telecom,2,82.2,43.0,56.0,43.6,62.5,1.0,2.2,8.7,Yes,No,High,1.0,Yes,Salle 30,161.0,55.0,1.0
ENSPD003420,Male,23.0,Electrique,2,63.6,36.0,69.5,53.8,40.1,2.0,0.6,11.5,Yes,No,Low,0.0,Yes,Salle 18,185.0,48.5,0.0
ENSPD003421,Female,24.0,Chimie,3,86.3,14.0,68.5,63.3,17.6,2.0,5.7,26.6,No,No,Middle,0.0,Yes,Salle 2,130.0,43.9,0.0
ENSPD003422,Female,21.0,GenieCivil,2,82.4,18.0,58.7,50.8,64.7,3.0,0.5,7.5,Yes,No,Low,1.0,Yes,Salle 18,177.0,57.1,1.0
ENSPD003423,Female,24.0,Informatique,4,79.5,20.0,61.0,75.1,35.8,0.0,0.9,3.3,Yes,No,Middle,2.0,No,Salle 14,230.0,57.5,1.0
ENSPD003424,Male,24.0,GenieCivil,3,77.6,22.0,43.2,52.6,71.0,0.0,0.7,9.3,Yes,No,Middle,0.0,Yes,Salle 3,185.0,57.6,1.0
ENSPD003425,Female,25.0,GenieCivil,4,100.0,0.0,86.0,85.4,67.0,2.0,5.4,31.7,Yes,No,Middle,3.0,No,Salle 5,173.0,81.7,1.0
ENSPD003426,Female,21.0,Electrique,3,72.1,28.0,75.3,45.2,66.5,0.0,3.5,17.9,Yes,No,Middle,1.0,Yes,Salle 28,188.0,57.3,1.0
ENSPD003427,Male,19.0,Informatique,5,93.1,7.0,74.8,100.0,42.9,1.0,3.3,21.3,Yes,No,Middle,0.0,Yes,Salle 10,109.0,69.6,1.0
ENSPD003428,Female,21.0,Energetique,3,82.0,18.0,41.1,98.5,84.7,2.0,0.0,4.3,Yes,No,Middle,0.0,Yes,Salle 14,104.0,80.3,1.0
ENSPD003429,Female,22.0,Mecanique,5,81.3,19.0,56.1,60.3,73.5,0.0,2.3,12.7,No,No,High,0.0,Yes,Salle 23,67.0,60.9,1.0
ENSPD003430,Female,22.0,Informatique,1,96.1,4.0,60.0,82.6,40.4,1.0,0.5,11.5,Yes,No,Middle,1.0,No,Salle 12,248.0,56.8,1.0
ENSPD003431,Female,21.0,GenieCivil,1,99.6,0.0,36.0,54.8,100.0,3.0,6.9,30.7,Yes,No,Middle,3.0,Yes,Salle 19,149.0,64.8,1.0
ENSPD003432,Other,18.0,GenieCivil,3,79.1,21.0,65.1,80.2,59.8,2.0,1.5,8.5,No,No,Middle,1.0,No,Salle 17,185.0,73.3,1.0
ENSPD003433,Female,23.0,GenieCivil,5,91.6,8.0,86.8,58.8,37.3,1.0,1.7,16.1,No,No,Middle,1.0,Yes,Salle 4,70.0,53.3,1.0
ENSPD003434,Male,26.0,Chimie,2,86.4,14.0,95.9,61.6,48.8,3.0,0.9,1.3,Yes,No,Middle,1.0,Yes,Salle 7,119.0,57.5,1.0
ENSPD003435,Female,23.0,GenieCivil,1,82.1,18.0,49.3,0.0,33.8,0.0,1.5,11.4,Yes,No,Low,2.0,No,Salle 13,149.0,29.1,0.0
ENSPD003436,Male,23.0,Electrique,3,84.5,16.0,66.8,57.2,91.2,2.0,2.8,12.0,No,No,Middle,0.0,Yes,Salle 3,188.0,70.9,1.0
ENSPD003437,Male,23.0,Chimie,3,73.7,26.0,84.8,67.0,85.6,1.0,1.7,19.0,Yes,Yes,Middle,2.0,Yes,Salle 24,130.0,76.5,1.0
ENSPD003438,Female,23.0,Informatique,2,78.3,22.0,61.2,85.9,78.8,2.0,2.1,17.0,Yes,No,Low,1.0,No,Salle 27,298.0,74.5,1.0
ENSPD003439,Female,24.0,Electrique,4,75.0,25.0,56.5,62.7,75.0,3.0,1.3,15.3,Yes,Yes,Middle,1.0,Yes,Salle 20,157.0,64.6,1.0
ENSPD003440,Female,23.0,Telecom,5,92.8,7.0,37.0,80.1,89.0,3.0,2.5,15.8,No,No,Middle,1.0,Yes,Salle 10,60.0,71.3,1.0
ENSPD003441,Male,21.0,Informatique,4,80.9,19.0,82.0,53.8,59.2,1.0,4.6,25.9,Yes,No,Middle,0.0,No,Salle 11,230.0,64.3,1.0
ENSPD003442,Male,20.0,GenieCivil,2,66.4,34.0,64.7,55.9,72.5,1.0,0.1,6.2,Yes,No,Middle,2.0,Yes,Salle 14,177.0,63.3,1.0
ENSPD003443,Male,22.0,Telecom,2,73.3,27.0,54.1,61.6,63.5,1.0,0.2,11.5,No,No,Middle,0.0,Yes,Salle 25,161.0,61.4,1.0
ENSPD003444,Other,23.0,Mecanique,2,43.6,56.0,69.3,17.6,60.9,0.0,2.3,21.3,Yes,No,Middle,1.0,No,Salle 19,231.0,43.3,0.0
ENSPD003445,Other,21.0,GenieCivil,2,76.1,24.0,67.3,62.2,73.0,1.0,0.9,11.4,Yes,No,Middle,1.0,Yes,Salle 30,177.0,66.0,1.0
ENSPD003446,Female,23.0,Energetique,1,82.5,18.0,67.5,54.8,2.4,1.0,0.7,4.5,Yes,No,Middle,1.0,Yes,Salle 21,83.0,32.5,0.0
ENSPD003447,Female,23.0,Informatique,4,80.4,20.0,61.7,86.5,51.6,2.0,0.4,0.3,Yes,No,Middle,1.0,Yes,Salle 9,230.0,59.9,1.0
ENSPD003448,Female,22.0,Informatique,2,100.0,0.0,89.3,52.5,67.3,1.0,1.7,7.7,Yes,No,Middle,1.0,Yes,Salle 28,298.0,70.7,1.0
ENSPD003449,Female,25.0,Telecom,4,88.9,11.0,63.0,71.3,62.4,3.0,1.4,8.8,Yes,No,High,2.0,Yes,Salle 26,121.0,63.8,1.0
ENSPD003450,Male,22.0,Telecom,5,88.4,12.0,89.3,78.6,55.0,2.0,1.4,8.0,No,Yes,Middle,2.0,No,Salle 25,60.0,71.3,1.0
ENSPD003451,Male,19.0,GenieCivil,1,62.3,38.0,73.5,35.1,75.8,1.0,6.4,34.3,No,Yes,Middle,1.0,Yes,Salle 30,149.0,63.0,1.0
ENSPD003452,Female,21.0,GenieCivil,5,77.6,22.0,70.3,61.6,49.8,1.0,2.8,17.3,No,No,Middle,0.0,Yes,Salle 7,70.0,59.0,1.0
ENSPD003453,Female,22.0,Telecom,4,76.2,24.0,63.3,54.2,39.6,1.0,3.2,16.8,Yes,No,Low,0.0,No,Salle 12,121.0,47.4,0.0
ENSPD003454,Male,18.0,Chimie,3,72.6,27.0,79.6,79.0,87.7,0.0,0.3,6.2,Yes,No,Low,1.0,No,Salle 25,130.0,78.3,1.0
ENSPD003455,Female,25.0,Mecanique,2,72.4,28.0,66.7,61.6,84.9,1.0,0.8,7.7,Yes,No,Middle,0.0,No,Salle 8,231.0,75.1,1.0
ENSPD003456,Male,22.0,Informatique,3,60.3,40.0,51.0,57.8,52.0,1.0,0.2,4.9,No,Yes,High,0.0,No,Salle 10,263.0,44.5,0.0
ENSPD003457,Male,23.0,GenieCivil,2,66.7,33.0,50.5,43.1,62.6,4.0,6.9,34.1,No,No,Middle,1.0,Yes,Salle 30,177.0,47.8,0.0
ENSPD003458,Female,25.0,Telecom,3,92.5,8.0,71.3,61.6,80.9,0.0,2.3,12.1,No,No,Low,1.0,Yes,Salle 13,154.0,77.4,1.0
ENSPD003459,Female,21.0,Telecom,1,82.2,20.0,65.1,60.8,64.9,2.0,0.0,0.3,Yes,No,Middle,0.0,Yes,Salle 24,121.0,58.8,1.0
ENSPD003460,Female,23.0,Energetique,3,75.9,24.0,64.1,32.9,74.6,1.0,1.3,13.2,Yes,No,Low,1.0,Yes,Salle 30,104.0,58.2,1.0
ENSPD003461,Male,22.0,Telecom,2,81.9,18.0,80.9,34.4,73.5,2.0,0.6,4.2,No,No,Low,2.0,Yes,Salle 3,161.0,64.8,1.0
ENSPD003462,Male,22.0,Electrique,1,82.2,4.0,69.6,69.9,57.6,1.0,1.6,16.4,Yes,No,Middle,1.0,No,Salle 3,143.0,68.7,1.0
ENSPD003463,Female,20.0,GenieCivil,3,82.1,18.0,54.2,39.0,74.3,2.0,0.4,5.9,Yes,No,Middle,0.0,Yes,Salle 10,185.0,56.7,1.0
ENSPD003464,Female,25.0,Chimie,3,88.5,12.0,86.1,95.5,44.7,1.0,1.4,11.5,Yes,No,High,1.0,Yes,Salle 2,130.0,68.5,1.0
ENSPD003465,Male,21.0,Chimie,2,71.8,28.0,73.2,45.1,71.9,0.0,0.8,4.5,No,Yes,Low,4.0,Yes,Salle 1,119.0,61.3,1.0
ENSPD003466,Female,23.0,GenieCivil,1,74.6,25.0,80.3,62.0,62.5,0.0,0.7,6.6,Yes,No,Middle,0.0,Yes,Salle 27,149.0,63.0,1.0
ENSPD003467,Male,18.0,Informatique,4,86.2,14.0,31.0,64.9,56.8,0.0,2.5,16.4,Yes,No,Middle,1.0,No,Salle 3,230.0,49.2,0.0
ENSPD003468,Female,24.0,Telecom,3,82.2,0.0,70.0,48.9,39.1,3.0,1.4,11.5,Yes,No,High,1.0,Yes,Salle 14,154.0,51.8,1.0
ENSPD003469,Female,24.0,GenieCivil,1,99.2,1.0,77.6,21.7,66.6,1.0,0.7,10.7,Yes,No,Middle,0.0,Yes,Salle 26,149.0,62.2,1.0
ENSPD003470,Male,22.0,Mecanique,3,89.0,11.0,90.5,65.4,64.8,0.0,1.7,7.4,Yes,No,Middle,0.0,Yes,Salle 30,212.0,71.8,1.0
ENSPD003471,Male,22.0,Electrique,3,83.8,16.0,43.0,48.4,47.2,0.0,0.1,9.1,No,No,Low,5.0,Yes,Salle 14,188.0,41.1,0.0
ENSPD003472,Female,23.0,Electrique,1,98.8,1.0,83.1,64.1,32.1,2.0,2.2,14.2,Yes,No,Low,0.0,No,Salle 4,143.0,53.7,1.0
ENSPD003473,Female,27.0,Informatique,3,91.5,8.0,89.7,59.8,31.1,0.0,0.3,4.4,No,No,High,1.0,Yes,Salle 20,263.0,61.9,1.0
ENSPD003474,Female,18.0,Telecom,4,54.5,46.0,34.7,66.7,58.9,1.0,0.7,9.3,Yes,No,Middle,2.0,Yes,Salle 5,121.0,55.3,1.0
ENSPD003475,Female,22.0,Mecanique,4,82.2,31.0,65.1,61.6,63.5,1.0,1.4,14.2,Yes,Yes,Middle,0.0,Yes,Salle 26,178.0,69.1,1.0
ENSPD003476,Female,20.0,Informatique,1,86.1,14.0,74.3,61.6,63.5,0.0,1.3,14.8,Yes,No,Middle,0.0,Yes,Salle 8,248.0,81.8,1.0
ENSPD003477,Female,22.0,GenieCivil,4,60.6,39.0,60.1,53.6,63.1,1.0,6.1,11.5,Yes,No,Low,0.0,Yes,Salle 30,173.0,58.5,1.0
ENSPD003478,Male,22.0,Chimie,2,71.2,29.0,57.6,32.0,31.5,1.0,0.8,11.5,Yes,No,Middle,0.0,Yes,Salle 15,119.0,31.3,0.0
ENSPD003479,Male,21.0,Energetique,5,73.6,26.0,75.0,58.5,59.9,1.0,0.7,6.1,Yes,No,Low,1.0,No,Salle 14,40.0,62.4,1.0
ENSPD003480,Male,22.0,Chimie,1,78.9,21.0,55.8,69.4,89.0,0.0,0.4,4.1,No,No,Middle,2.0,Yes,Salle 7,96.0,67.3,1.0
ENSPD003481,Male,20.0,Energetique,3,78.6,21.0,61.7,53.3,50.3,1.0,1.0,11.8,Yes,No,High,2.0,No,Salle 22,104.0,49.3,0.0
ENSPD003482,Male,24.0,Informatique,3,78.5,22.0,77.2,69.5,86.4,1.0,0.4,7.6,Yes,No,High,0.0,Yes,Salle 5,263.0,76.0,1.0
ENSPD003483,Male,18.0,Informatique,2,91.9,8.0,91.3,58.8,67.5,2.0,0.3,5.0,No,No,Low,0.0,Yes,Salle 30,298.0,69.2,1.0
ENSPD003484,Female,23.0,Electrique,4,78.8,21.0,73.1,61.6,76.9,2.0,3.9,23.8,Yes,No,Middle,0.0,Yes,Salle 26,157.0,60.7,1.0
ENSPD003485,Female,21.0,Mecanique,3,77.4,23.0,67.0,67.6,100.0,2.0,0.1,5.6,Yes,No,Middle,1.0,Yes,Salle 26,212.0,83.1,1.0
ENSPD003486,Female,20.0,Telecom,1,65.8,34.0,57.3,58.3,27.3,0.0,2.5,20.1,No,No,Middle,1.0,Yes,Salle 26,121.0,42.2,0.0
ENSPD003487,Male,22.0,Electrique,3,94.3,6.0,49.8,64.2,81.9,1.0,0.5,0.0,Yes,Yes,Low,3.0,No,Salle 27,188.0,64.6,1.0
ENSPD003488,Male,19.0,Energetique,3,73.9,26.0,81.6,51.8,62.1,2.0,0.0,3.0,Yes,No,Low,2.0,Yes,Salle 30,104.0,61.0,1.0
ENSPD003489,Male,22.0,Mecanique,1,69.0,31.0,62.7,50.2,45.0,2.0,3.2,21.5,Yes,No,High,2.0,No,Salle 16,186.0,55.1,1.0
ENSPD003490,Male,19.0,GenieCivil,5,84.6,15.0,82.3,64.8,62.0,1.0,2.4,21.2,Yes,Yes,Low,4.0,Yes,Salle 22,70.0,69.6,1.0
ENSPD003491,Male,23.0,GenieCivil,4,72.8,27.0,60.1,57.8,97.8,1.0,0.8,13.5,Yes,No,Middle,1.0,Yes,Salle 14,173.0,71.8,1.0
ENSPD003492,Female,20.0,Mecanique,2,75.7,24.0,65.1,93.0,90.7,1.0,0.2,3.3,Yes,No,Middle,1.0,Yes,Salle 11,231.0,79.4,1.0
ENSPD003493,Female,21.0,Electrique,3,85.1,15.0,71.3,76.4,24.0,1.0,0.9,13.7,No,No,Middle,1.0,Yes,Salle 13,188.0,49.6,0.0
ENSPD003494,Female,23.0,GenieCivil,2,78.1,22.0,63.9,71.8,48.6,1.0,0.4,0.0,Yes,No,Middle,1.0,No,Salle 25,177.0,65.9,1.0
ENSPD003495,Female,20.0,GenieCivil,4,100.0,0.0,46.9,58.8,82.9,2.0,1.4,22.9,Yes,No,Middle,4.0,Yes,Salle 24,173.0,64.2,1.0
ENSPD003496,Male,22.0,Mecanique,5,81.1,19.0,92.3,25.5,63.6,0.0,1.5,10.0,No,No,Low,4.0,No,Salle 24,67.0,64.6,1.0
ENSPD003497,Female,19.0,Informatique,2,89.4,11.0,55.6,47.5,63.6,0.0,6.6,33.2,Yes,No,High,0.0,Yes,Salle 22,298.0,57.2,1.0
ENSPD003498,Female,23.0,GenieCivil,4,58.7,41.0,78.9,50.3,32.6,3.0,0.9,4.7,Yes,No,Middle,2.0,Yes,Salle 14,173.0,48.7,0.0
ENSPD003499,Male,26.0,Mecanique,3,71.7,28.0,77.6,61.6,49.1,0.0,1.6,10.8,Yes,No,Low,2.0,Yes,Salle 1,212.0,58.2,1.0
ENSPD003500,Female,28.0,Informatique,2,82.2,31.0,46.1,61.6,36.8,5.0,0.4,12.1,Yes,No,Low,1.0,Yes,Salle 26,177.0,44.8,0.0
ENSPD003501,Male,22.0,Mecanique,5,70.5,30.0,50.0,73.8,30.9,0.0,3.3,13.5,Yes,Yes,High,1.0,Yes,Salle 21,67.0,49.7,0.0
ENSPD003502,Female,24.0,Mecanique,3,87.0,13.0,60.5,66.9,38.8,0.0,0.1,0.4,Yes,Yes,Low,1.0,Yes,Salle 8,212.0,53.1,1.0
ENSPD003503,Other,18.0,Mecanique,2,94.4,6.0,52.0,82.9,45.4,1.0,2.4,11.4,Yes,No,Middle,1.0,Yes,Salle 16,231.0,56.5,1.0
ENSPD003504,Male,25.0,Informatique,3,86.1,14.0,90.9,61.6,48.8,3.0,1.0,18.6,No,No,High,2.0,Yes,Salle 21,263.0,63.3,1.0
ENSPD003505,Female,24.0,GenieCivil,2,79.3,21.0,62.0,66.6,47.2,1.0,1.7,13.5,Yes,No,Low,4.0,Yes,Salle 7,177.0,57.2,1.0
ENSPD003506,Female,21.0,Electrique,2,74.4,26.0,78.3,68.2,84.4,1.0,1.8,8.8,No,No,Middle,2.0,Yes,Salle 18,185.0,75.1,1.0
ENSPD003507,Female,24.0,Electrique,5,82.2,5.0,72.7,66.4,45.9,0.0,2.5,11.5,Yes,No,Low,1.0,Yes,Salle 13,80.0,56.1,1.0
ENSPD003508,Male,21.0,Chimie,3,100.0,0.0,69.0,85.1,92.5,3.0,0.5,0.0,Yes,No,Middle,1.0,Yes,Salle 27,130.0,79.1,1.0
ENSPD003509,Female,21.0,GenieCivil,4,83.6,16.0,65.6,76.5,54.3,5.0,1.5,10.5,Yes,No,Middle,2.0,Yes,Salle 7,173.0,62.9,1.0
ENSPD003510,Male,23.0,GenieCivil,2,93.3,7.0,83.6,38.3,72.8,2.0,1.1,9.9,No,No,Middle,1.0,No,Salle 21,177.0,62.0,1.0
ENSPD003511,Male,20.0,Telecom,3,86.1,14.0,52.6,61.6,73.4,1.0,0.7,12.2,No,No,Low,2.0,Yes,Salle 28,154.0,64.8,1.0
ENSPD003512,Male,24.0,GenieCivil,5,91.1,9.0,90.9,61.7,46.0,3.0,1.4,4.8,Yes,No,Middle,1.0,Yes,Salle 30,70.0,61.1,1.0
ENSPD003513,Female,20.0,Electrique,2,68.0,32.0,45.7,100.0,57.4,0.0,6.1,34.5,No,Yes,Middle,1.0,Yes,Salle 10,185.0,65.5,1.0
ENSPD003514,Female,20.0,GenieCivil,1,76.1,24.0,65.1,56.1,53.9,1.0,5.9,32.7,No,No,Low,1.0,Yes,Salle 3,149.0,56.7,1.0
ENSPD003515,Female,20.0,GenieCivil,3,86.7,13.0,43.9,44.3,71.4,2.0,0.7,13.1,No,No,Middle,3.0,Yes,Salle 1,185.0,55.9,1.0
ENSPD003516,Female,24.0,Chimie,2,96.5,4.0,60.3,69.9,61.4,1.0,4.3,17.4,No,No,Middle,2.0,Yes,Salle 28,119.0,62.9,1.0
ENSPD003517,Male,21.0,Informatique,1,72.2,28.0,66.4,70.9,49.0,0.0,4.2,28.7,Yes,No,Low,3.0,Yes,Salle 29,248.0,61.1,1.0
ENSPD003518,Male,19.0,Mecanique,4,57.6,42.0,57.7,60.7,66.4,1.0,0.6,0.0,Yes,No,Middle,0.0,Yes,Salle 12,178.0,58.7,1.0
ENSPD003519,Male,21.0,Mecanique,5,76.0,24.0,62.3,58.0,70.8,1.0,1.8,7.2,No,No,Low,1.0,Yes,Salle 26,67.0,61.3,1.0
ENSPD003520,Male,22.0,Mecanique,3,94.1,6.0,44.2,79.1,100.0,1.0,4.1,22.1,Yes,Yes,Middle,2.0,No,Salle 10,212.0,77.3,1.0
ENSPD003521,Male,20.0,Mecanique,4,63.0,37.0,50.2,46.6,65.4,1.0,1.4,9.1,No,No,Middle,1.0,Yes,Salle 7,178.0,48.5,0.0
ENSPD003522,Male,20.0,Electrique,4,67.9,32.0,72.5,55.9,64.2,0.0,0.9,11.5,Yes,No,Middle,2.0,Yes,Salle 24,157.0,65.5,1.0
ENSPD003523,Male,26.0,Chimie,3,83.9,16.0,65.4,52.6,72.6,0.0,2.1,22.9,Yes,No,High,0.0,Yes,Salle 26,130.0,61.4,1.0
ENSPD003524,Male,20.0,Chimie,1,80.6,19.0,54.6,81.7,45.0,1.0,0.4,0.0,Yes,No,Middle,1.0,Yes,Salle 10,96.0,56.9,1.0
ENSPD003525,Male,21.0,Mecanique,1,89.1,11.0,84.9,67.1,29.5,1.0,0.4,0.0,Yes,No,Low,4.0,No,Salle 4,186.0,54.9,1.0
ENSPD003526,Male,21.0,Energetique,1,67.3,33.0,46.7,61.6,57.8,0.0,3.6,20.7,No,No,High,1.0,Yes,Salle 19,83.0,49.7,0.0
ENSPD003527,Female,21.0,Electrique,1,78.1,22.0,59.6,44.6,85.4,1.0,0.1,5.2,Yes,No,Middle,0.0,Yes,Salle 21,143.0,64.7,1.0
ENSPD003528,Female,23.0,Mecanique,2,96.3,4.0,57.4,95.7,88.7,1.0,3.3,12.4,Yes,Yes,Middle,1.0,Yes,Salle 17,231.0,85.3,1.0
ENSPD003529,Female,24.0,Telecom,2,67.7,32.0,74.2,81.5,26.4,0.0,0.7,16.5,Yes,No,Middle,0.0,Yes,Salle 6,161.0,51.7,1.0
ENSPD003530,Male,21.0,Chimie,2,99.7,0.0,65.7,77.1,77.3,1.0,1.3,10.6,No,No,Low,1.0,No,Salle 28,119.0,72.2,1.0
ENSPD003531,Male,20.0,Chimie,1,69.2,31.0,63.4,62.2,20.3,1.0,1.6,9.1,Yes,No,High,1.0,Yes,Salle 1,96.0,42.2,0.0
ENSPD003532,Female,25.0,Informatique,3,92.2,8.0,37.3,89.2,63.5,5.0,2.9,16.6,Yes,No,Middle,0.0,No,Salle 28,263.0,69.3,1.0
ENSPD003533,Male,22.0,GenieCivil,2,77.5,22.0,78.0,42.1,72.0,1.0,4.3,15.9,Yes,No,Middle,1.0,Yes,Salle 24,177.0,63.8,1.0
ENSPD003534,Male,25.0,Telecom,4,68.3,32.0,61.7,61.6,29.5,1.0,3.3,22.6,Yes,Yes,Low,1.0,No,Salle 21,121.0,46.6,0.0
ENSPD003535,Male,18.0,GenieCivil,1,76.0,24.0,66.7,54.0,84.0,3.0,1.7,12.8,Yes,No,Middle,0.0,Yes,Salle 16,149.0,70.8,1.0
ENSPD003536,Male,22.0,Electrique,4,88.5,12.0,53.8,57.5,98.9,2.0,0.9,7.6,No,Yes,High,1.0,Yes,Salle 16,157.0,70.3,1.0
ENSPD003537,Male,26.0,Electrique,5,82.2,18.0,51.4,75.1,62.8,2.0,1.5,11.0,Yes,No,Middle,3.0,Yes,Salle 12,80.0,60.0,1.0
ENSPD003538,Male,21.0,Telecom,4,95.4,5.0,87.5,59.4,66.8,2.0,0.1,1.8,Yes,No,Low,1.0,Yes,Salle 26,121.0,71.3,1.0
ENSPD003539,Female,22.0,Mecanique,4,99.2,1.0,38.4,54.2,93.6,1.0,0.6,11.9,No,No,Middle,3.0,Yes,Salle 12,178.0,67.3,1.0
ENSPD003540,Male,23.0,Electrique,5,67.8,32.0,49.2,53.1,41.5,2.0,0.9,6.0,Yes,No,Low,0.0,Yes,Salle 7,80.0,46.6,0.0
ENSPD003541,Male,21.0,Informatique,1,66.9,33.0,87.2,26.2,42.0,0.0,0.8,6.0,Yes,No,Low,3.0,Yes,Salle 20,248.0,46.2,0.0
ENSPD003542,Female,21.0,Electrique,5,66.3,34.0,74.6,75.7,63.5,1.0,0.2,6.6,Yes,No,Middle,2.0,Yes,Salle 5,80.0,61.1,1.0
ENSPD003543,Male,21.0,Chimie,4,71.2,29.0,60.1,43.9,64.7,1.0,0.1,0.0,Yes,No,Middle,3.0,Yes,Salle 16,93.0,59.1,1.0
ENSPD003544,Male,21.0,Informatique,4,95.3,5.0,83.7,95.5,64.7,1.0,1.1,11.6,Yes,No,Middle,3.0,Yes,Salle 2,230.0,78.8,1.0
ENSPD003545,Female,24.0,Electrique,2,88.7,11.0,71.7,56.8,52.9,2.0,0.2,5.7,Yes,No,Middle,2.0,Yes,Salle 16,185.0,61.1,1.0
ENSPD003546,Male,23.0,GenieCivil,3,75.5,24.0,65.1,85.6,58.0,1.0,0.7,9.9,No,No,Middle,0.0,Yes,Salle 23,185.0,63.1,1.0
ENSPD003547,Male,23.0,Informatique,3,81.9,18.0,68.4,29.4,53.2,2.0,1.3,9.2,Yes,Yes,Low,4.0,Yes,Salle 13,263.0,51.7,1.0
ENSPD003548,Male,24.0,GenieCivil,3,98.9,1.0,72.0,75.2,54.2,0.0,0.5,3.6,Yes,No,Middle,1.0,Yes,Salle 9,185.0,64.5,1.0
ENSPD003549,Male,21.0,Informatique,3,100.0,0.0,72.6,61.6,48.6,3.0,0.2,6.3,Yes,No,Middle,2.0,Yes,Salle 7,263.0,63.8,1.0
ENSPD003550,Male,20.0,GenieCivil,1,85.1,15.0,97.9,85.5,48.8,0.0,1.1,13.4,Yes,No,Middle,2.0,Yes,Salle 4,149.0,72.5,1.0
ENSPD003551,Female,21.0,Mecanique,2,50.1,50.0,62.1,34.5,24.0,2.0,1.2,7.6,Yes,No,Middle,1.0,Yes,Salle 29,231.0,34.0,0.0
ENSPD003552,Male,22.0,Chimie,2,85.6,14.0,62.5,49.4,59.5,2.0,4.9,27.9,No,Yes,Middle,1.0,Yes,Salle 8,119.0,56.4,1.0
ENSPD003553,Female,20.0,Chimie,2,93.2,7.0,46.4,72.4,63.5,0.0,0.3,11.5,Yes,No,Middle,1.0,Yes,Salle 11,119.0,45.2,0.0
ENSPD003554,Male,21.0,Electrique,1,84.7,15.0,64.2,64.7,79.0,1.0,1.9,11.5,No,No,Middle,1.0,Yes,Salle 11,143.0,64.1,1.0
ENSPD003555,Male,21.0,Informatique,1,90.7,9.0,92.9,67.3,52.8,2.0,1.4,11.7,Yes,Yes,Middle,1.0,Yes,Salle 15,248.0,66.3,1.0
ENSPD003556,Female,26.0,Energetique,2,86.3,14.0,79.8,55.5,61.6,1.0,0.3,7.6,Yes,No,Middle,0.0,Yes,Salle 14,71.0,67.0,1.0
ENSPD003557,Male,17.0,Electrique,3,67.2,33.0,56.8,89.9,56.5,1.0,1.0,3.5,Yes,Yes,Middle,0.0,Yes,Salle 22,188.0,61.5,1.0
ENSPD003558,Male,22.0,Informatique,1,71.4,29.0,65.5,100.0,59.1,1.0,1.1,8.6,Yes,No,High,2.0,Yes,Salle 6,248.0,69.1,1.0
ENSPD003559,Male,25.0,Telecom,5,78.1,22.0,45.6,63.9,89.3,1.0,1.4,4.0,No,No,Middle,0.0,Yes,Salle 19,60.0,69.1,1.0
ENSPD003560,Male,22.0,Informatique,4,94.8,5.0,50.5,70.2,37.0,1.0,2.9,18.7,Yes,No,Middle,0.0,Yes,Salle 26,230.0,57.9,1.0
ENSPD003561,Male,24.0,Electrique,4,72.8,27.0,67.2,63.0,31.5,3.0,3.7,16.2,Yes,No,Low,2.0,No,Salle 12,157.0,44.1,0.0
ENSPD003562,Female,22.0,GenieCivil,1,87.5,12.0,57.6,85.1,66.4,1.0,0.3,6.8,No,No,Middle,2.0,Yes,Salle 27,149.0,67.1,1.0
ENSPD003563,Male,21.0,GenieCivil,3,85.6,14.0,49.3,76.9,54.1,4.0,0.4,8.7,Yes,Yes,Middle,1.0,Yes,Salle 2,185.0,60.9,1.0
ENSPD003564,Male,18.0,Telecom,3,100.0,0.0,72.3,42.8,63.5,2.0,1.4,11.5,Yes,No,Middle,2.0,Yes,Salle 19,154.0,64.8,1.0
ENSPD003565,Male,22.0,GenieCivil,5,81.5,18.0,63.8,51.0,78.3,3.0,0.8,6.0,Yes,No,Middle,2.0,Yes,Salle 11,70.0,61.4,1.0
ENSPD003566,Female,20.0,Informatique,4,60.9,39.0,41.5,61.6,41.9,3.0,3.4,18.8,Yes,Yes,Middle,1.0,Yes,Salle 28,230.0,40.5,0.0
ENSPD003567,Male,20.0,Energetique,3,89.8,10.0,33.9,100.0,76.1,1.0,11.5,48.2,No,No,Middle,1.0,Yes,Salle 7,104.0,67.5,0.0
ENSPD003568,Female,21.0,Telecom,4,100.0,0.0,56.4,73.4,43.6,1.0,0.4,4.9,Yes,No,High,1.0,Yes,Salle 3,121.0,53.9,1.0
ENSPD003569,Female,25.0,Electrique,1,90.5,10.0,41.2,51.3,65.5,1.0,2.9,12.8,No,No,High,1.0,Yes,Salle 23,143.0,48.8,0.0
ENSPD003570,Female,27.0,GenieCivil,1,72.5,28.0,37.0,49.8,39.3,1.0,1.9,12.8,Yes,No,Middle,1.0,Yes,Salle 3,149.0,36.1,0.0
ENSPD003571,Male,22.0,Informatique,3,69.0,31.0,81.9,76.5,66.6,0.0,1.4,15.3,Yes,No,Middle,3.0,Yes,Salle 20,263.0,71.0,1.0
ENSPD003572,Male,21.0,Chimie,1,70.6,29.0,63.5,78.3,63.6,0.0,0.6,11.5,No,No,Middle,3.0,No,Salle 11,96.0,65.4,1.0
ENSPD003573,Female,20.0,Informatique,1,100.0,0.0,61.0,76.4,41.9,0.0,1.4,2.4,No,No,Low,0.0,Yes,Salle 21,248.0,54.3,1.0
ENSPD003574,Other,23.0,Informatique,4,78.1,22.0,62.2,54.3,36.8,2.0,1.6,17.8,No,No,Middle,0.0,No,Salle 2,230.0,46.2,0.0
ENSPD003575,Female,26.0,GenieCivil,2,74.0,26.0,47.9,67.5,79.0,0.0,1.9,9.2,Yes,No,Middle,2.0,Yes,Salle 21,177.0,63.9,1.0
ENSPD003576,Male,22.0,Informatique,3,80.1,20.0,71.2,64.0,54.9,2.0,6.6,34.3,Yes,Yes,High,0.0,No,Salle 27,263.0,62.5,1.0
ENSPD003577,Male,17.0,Informatique,5,78.2,22.0,63.0,45.1,84.2,1.0,2.2,17.8,No,No,Middle,2.0,Yes,Salle 10,109.0,69.2,1.0
ENSPD003578,Male,23.0,GenieCivil,2,100.0,0.0,53.6,45.3,53.1,1.0,1.2,10.9,Yes,No,Low,1.0,No,Salle 22,177.0,53.9,1.0
ENSPD003579,Female,24.0,Informatique,1,69.8,30.0,55.9,69.4,90.0,1.0,10.2,47.3,Yes,No,High,2.0,Yes,Salle 25,248.0,74.6,1.0
ENSPD003580,Male,19.0,Informatique,1,96.2,4.0,46.6,65.5,63.5,3.0,0.9,8.9,Yes,No,Low,3.0,No,Salle 26,248.0,55.5,1.0
ENSPD003581,Male,22.0,Informatique,1,83.5,16.0,58.9,72.0,93.5,1.0,0.4,1.1,Yes,No,Middle,0.0,Yes,Salle 4,248.0,70.6,1.0
ENSPD003582,Female,23.0,Informatique,1,96.5,4.0,61.4,76.2,67.5,2.0,1.4,16.9,Yes,No,Low,1.0,Yes,Salle 26,248.0,70.1,1.0
ENSPD003583,Male,22.0,Chimie,1,82.2,0.0,58.5,89.0,72.0,1.0,0.6,5.6,Yes,No,Middle,2.0,Yes,Salle 16,96.0,68.9,1.0
ENSPD003584,Female,20.0,Chimie,2,83.0,17.0,65.8,48.0,43.9,2.0,5.1,28.7,No,Yes,Middle,1.0,Yes,Salle 16,119.0,52.7,1.0
ENSPD003585,Male,24.0,GenieCivil,2,78.2,22.0,63.8,73.3,78.6,1.0,1.1,9.3,Yes,No,Middle,1.0,Yes,Salle 5,177.0,69.8,1.0
ENSPD003586,Male,21.0,GenieCivil,3,82.8,17.0,68.5,75.5,79.3,0.0,0.3,8.1,No,No,Middle,1.0,Yes,Salle 20,185.0,75.4,1.0
ENSPD003587,Male,19.0,Informatique,4,80.9,19.0,79.1,56.4,57.5,1.0,0.3,7.3,Yes,No,Middle,1.0,Yes,Salle 21,230.0,61.7,1.0
ENSPD003588,Female,18.0,Informatique,4,62.1,38.0,73.9,64.2,21.3,2.0,2.1,11.5,No,No,Low,1.0,Yes,Salle 29,230.0,49.7,0.0
ENSPD003589,Male,25.0,Mecanique,3,100.0,0.0,79.3,56.8,41.7,0.0,0.9,11.8,No,No,High,2.0,No,Salle 1,212.0,58.0,1.0
ENSPD003590,Male,23.0,GenieCivil,1,84.9,15.0,65.1,100.0,41.7,0.0,0.9,3.3,Yes,No,Middle,0.0,Yes,Salle 27,149.0,63.7,1.0
ENSPD003591,Female,22.0,Chimie,3,68.0,32.0,57.4,63.9,73.0,0.0,1.9,17.5,No,No,Middle,1.0,No,Salle 24,130.0,58.9,1.0
ENSPD003592,Male,21.0,Electrique,2,57.2,43.0,74.8,70.1,54.7,0.0,0.5,11.5,Yes,Yes,Middle,0.0,Yes,Salle 9,185.0,59.2,1.0
ENSPD003593,Male,21.0,Mecanique,1,54.1,46.0,75.1,57.2,63.5,0.0,0.3,5.1,Yes,No,Middle,1.0,Yes,Salle 3,186.0,54.1,1.0
ENSPD003594,Male,20.0,Informatique,4,91.2,9.0,54.8,53.4,52.7,1.0,2.1,14.4,Yes,No,High,0.0,No,Salle 30,230.0,51.5,1.0
ENSPD003595,Male,21.0,Chimie,2,74.6,25.0,74.2,38.6,63.5,0.0,0.0,4.0,No,No,Middle,0.0,Yes,Salle 13,119.0,68.5,1.0
ENSPD003596,Female,18.0,Mecanique,1,76.5,24.0,50.8,81.8,63.5,1.0,4.8,20.9,Yes,No,Middle,2.0,Yes,Salle 26,186.0,63.4,1.0
ENSPD003597,Male,21.0,Chimie,4,87.9,12.0,72.2,75.8,68.0,3.0,0.4,6.3,Yes,No,Middle,1.0,Yes,Salle 3,93.0,64.4,1.0
ENSPD003598,Male,21.0,GenieCivil,4,75.8,24.0,64.6,56.6,51.6,1.0,1.2,10.9,Yes,No,Low,1.0,Yes,Salle 9,173.0,55.5,1.0
ENSPD003599,Male,23.0,Chimie,2,88.6,11.0,44.2,45.8,63.4,1.0,0.5,12.3,No,No,High,1.0,Yes,Salle 28,119.0,55.0,1.0
ENSPD003600,Female,22.0,Telecom,2,83.1,17.0,58.5,65.2,44.5,1.0,0.5,6.2,Yes,No,Low,3.0,No,Salle 9,161.0,54.8,1.0
ENSPD003601,Male,24.0,Telecom,3,81.0,19.0,97.7,53.0,70.9,1.0,3.6,19.4,Yes,Yes,Middle,1.0,Yes,Salle 13,154.0,67.6,1.0
ENSPD003602,Male,25.0,GenieCivil,4,63.1,37.0,68.0,58.0,41.1,1.0,1.8,17.4,Yes,No,High,0.0,Yes,Salle 23,173.0,52.9,1.0
ENSPD003603,Male,24.0,GenieCivil,1,72.2,28.0,99.5,39.3,78.9,2.0,0.7,9.8,Yes,No,Middle,0.0,Yes,Salle 21,149.0,72.0,1.0
ENSPD003604,Male,23.0,Mecanique,3,89.2,11.0,43.3,65.9,49.3,1.0,0.6,1.8,Yes,No,Low,1.0,Yes,Salle 17,212.0,49.0,0.0
ENSPD003605,Male,22.0,Energetique,5,73.8,26.0,76.3,66.3,83.0,1.0,0.5,6.9,No,No,Middle,1.0,Yes,Salle 9,40.0,74.4,1.0
ENSPD003606,Male,20.0,GenieCivil,2,96.5,4.0,27.0,81.7,100.0,1.0,1.6,14.7,Yes,No,Middle,1.0,Yes,Salle 12,177.0,74.7,1.0
ENSPD003607,Female,23.0,Informatique,4,100.0,0.0,65.0,59.3,64.0,2.0,2.6,25.2,Yes,No,Middle,1.0,No,Salle 6,230.0,62.1,1.0
ENSPD003608,Male,25.0,GenieCivil,5,89.9,10.0,74.5,56.0,90.2,1.0,0.6,8.1,No,No,Middle,0.0,Yes,Salle 3,70.0,72.2,1.0
ENSPD003609,Female,23.0,Informatique,2,99.9,0.0,77.6,61.6,79.0,1.0,0.8,0.0,Yes,No,Middle,0.0,No,Salle 21,298.0,68.5,1.0
ENSPD003610,Female,26.0,GenieCivil,4,90.6,9.0,53.0,61.6,35.3,3.0,2.5,7.7,Yes,Yes,High,0.0,Yes,Salle 11,173.0,56.8,1.0
ENSPD003611,Male,19.0,Electrique,2,75.6,24.0,80.6,78.1,66.2,0.0,2.7,13.1,No,No,Low,1.0,Yes,Salle 29,185.0,65.8,1.0
ENSPD003612,Male,20.0,Mecanique,4,84.4,16.0,57.0,62.5,74.0,0.0,0.5,3.2,No,No,Low,0.0,Yes,Salle 13,178.0,62.9,1.0
ENSPD003613,Male,24.0,Informatique,4,100.0,0.0,65.1,61.6,76.0,1.0,1.0,12.3,Yes,No,Middle,3.0,Yes,Salle 25,230.0,59.6,1.0
ENSPD003614,Female,23.0,Energetique,2,75.7,24.0,58.5,40.1,67.6,1.0,4.1,28.9,No,Yes,Low,1.0,Yes,Salle 14,71.0,52.2,1.0
ENSPD003615,Male,25.0,Chimie,4,69.5,30.0,48.0,52.2,67.3,1.0,1.4,18.9,No,No,Middle,0.0,Yes,Salle 15,93.0,57.6,1.0
ENSPD003616,Male,22.0,Telecom,4,68.4,32.0,88.5,79.4,64.1,1.0,0.4,10.2,Yes,Yes,Middle,2.0,Yes,Salle 15,121.0,73.4,1.0
ENSPD003617,Male,20.0,Mecanique,2,79.4,21.0,65.7,67.2,66.7,0.0,1.0,11.6,No,No,Middle,0.0,No,Salle 17,231.0,63.8,1.0
ENSPD003618,Female,22.0,Chimie,1,70.0,30.0,81.3,35.1,39.5,1.0,7.2,35.3,No,Yes,Low,2.0,Yes,Salle 14,96.0,48.1,0.0
ENSPD003619,Female,19.0,GenieCivil,1,100.0,0.0,80.7,69.3,59.3,1.0,1.5,8.0,Yes,No,Middle,1.0,Yes,Salle 16,149.0,69.0,1.0
ENSPD003620,Male,20.0,Informatique,3,84.6,15.0,50.5,46.9,34.9,2.0,2.5,18.2,Yes,No,Middle,1.0,Yes,Salle 10,263.0,43.3,0.0
ENSPD003621,Female,24.0,Informatique,5,93.7,6.0,83.2,52.6,54.0,0.0,0.2,4.3,Yes,No,Middle,0.0,No,Salle 17,109.0,60.5,1.0
ENSPD003622,Male,24.0,Mecanique,4,78.4,22.0,72.6,79.5,52.2,0.0,3.6,22.7,No,No,Middle,0.0,Yes,Salle 26,178.0,62.5,1.0
ENSPD003623,Male,23.0,Informatique,2,68.3,32.0,49.4,75.8,50.9,2.0,1.4,14.3,Yes,Yes,Middle,2.0,Yes,Salle 16,298.0,56.5,1.0
ENSPD003624,Female,19.0,Energetique,3,66.3,34.0,71.7,81.7,43.0,3.0,0.4,6.6,Yes,Yes,Middle,1.0,No,Salle 14,104.0,59.8,1.0
ENSPD003625,Male,21.0,Informatique,2,71.1,29.0,49.7,61.6,69.4,2.0,1.0,6.0,No,No,Middle,1.0,Yes,Salle 13,298.0,57.9,1.0
ENSPD003626,Male,20.0,GenieCivil,1,82.2,14.0,89.1,77.9,57.6,0.0,0.2,5.5,Yes,No,Low,1.0,No,Salle 4,149.0,68.7,1.0
ENSPD003627,Male,24.0,GenieCivil,3,88.2,12.0,65.1,51.4,63.5,1.0,3.0,14.7,No,No,High,3.0,Yes,Salle 22,185.0,60.3,1.0
ENSPD003628,Female,21.0,Mecanique,2,89.2,11.0,63.9,57.4,35.8,1.0,2.7,8.9,No,No,Middle,0.0,Yes,Salle 3,231.0,49.8,0.0
ENSPD003629,Female,20.0,Electrique,3,64.1,36.0,84.0,61.6,63.5,1.0,1.3,5.8,Yes,No,Low,2.0,Yes,Salle 3,188.0,61.3,1.0
ENSPD003630,Female,22.0,Informatique,5,82.0,18.0,41.3,62.4,86.9,3.0,1.2,11.0,Yes,No,High,2.0,Yes,Salle 15,109.0,59.9,1.0
ENSPD003631,Female,21.0,Chimie,3,69.7,30.0,53.8,38.8,87.2,1.0,1.2,0.0,No,Yes,Middle,2.0,Yes,Salle 4,130.0,63.8,1.0
ENSPD003632,Male,25.0,Mecanique,3,86.8,13.0,61.2,57.9,71.5,0.0,0.1,14.9,No,No,Middle,3.0,Yes,Salle 16,212.0,63.6,1.0
ENSPD003633,Male,21.0,Electrique,1,87.7,12.0,98.5,88.1,58.1,0.0,0.9,11.5,Yes,No,Middle,0.0,Yes,Salle 28,143.0,78.5,1.0
ENSPD003634,Male,19.0,Chimie,5,67.9,32.0,48.9,42.3,75.2,0.0,0.3,9.6,Yes,No,Low,2.0,No,Salle 30,48.0,58.8,1.0
ENSPD003635,Male,18.0,Telecom,4,93.6,6.0,39.4,38.1,50.7,3.0,0.4,0.0,Yes,Yes,Middle,2.0,Yes,Salle 1,121.0,43.4,0.0
ENSPD003636,Male,22.0,Telecom,4,100.0,0.0,43.3,39.5,58.0,0.0,6.5,27.1,Yes,No,Middle,0.0,Yes,Salle 5,121.0,48.3,0.0
ENSPD003637,Female,21.0,Electrique,2,92.0,8.0,78.6,61.6,49.1,0.0,0.6,11.6,Yes,No,Middle,1.0,Yes,Salle 8,185.0,73.8,1.0
ENSPD003638,Male,19.0,Mecanique,3,80.0,20.0,56.1,70.4,82.2,3.0,1.3,11.9,Yes,No,Middle,2.0,No,Salle 30,212.0,72.2,1.0
ENSPD003639,Male,24.0,GenieCivil,3,78.2,22.0,62.6,57.1,79.6,2.0,4.4,21.0,Yes,No,Middle,1.0,Yes,Salle 6,185.0,62.6,1.0
ENSPD003640,Male,23.0,Chimie,1,79.5,20.0,65.1,63.2,63.3,2.0,1.1,17.4,Yes,Yes,Middle,2.0,No,Salle 3,96.0,72.3,1.0
ENSPD003641,Male,22.0,Telecom,3,72.9,27.0,62.6,66.1,98.6,1.0,1.5,5.3,No,No,Middle,2.0,Yes,Salle 20,154.0,74.7,1.0
ENSPD003642,Female,25.0,Informatique,4,85.0,15.0,68.1,50.5,72.3,1.0,0.4,11.0,No,No,Middle,0.0,Yes,Salle 5,230.0,60.5,1.0
ENSPD003643,Male,23.0,Mecanique,1,68.3,32.0,73.0,52.7,71.1,0.0,0.7,6.1,Yes,No,High,4.0,Yes,Salle 14,186.0,60.7,1.0
ENSPD003644,Male,22.0,Chimie,1,59.3,41.0,58.5,59.2,69.0,1.0,1.4,7.2,Yes,No,Low,1.0,Yes,Salle 11,96.0,65.5,1.0
ENSPD003645,Female,20.0,GenieCivil,4,84.6,15.0,62.5,49.0,38.8,1.0,0.9,0.7,Yes,Yes,Middle,1.0,Yes,Salle 5,173.0,43.4,0.0
ENSPD003646,Male,24.0,Mecanique,2,82.3,18.0,68.6,54.9,46.1,0.0,0.1,0.0,No,No,Low,2.0,No,Salle 2,231.0,52.7,1.0
ENSPD003647,Male,23.0,GenieCivil,3,75.1,25.0,78.0,68.4,62.9,3.0,1.0,11.5,No,No,Low,2.0,Yes,Salle 19,185.0,62.9,1.0
ENSPD003648,Male,22.0,Electrique,3,66.6,33.0,53.1,44.1,63.1,1.0,3.4,18.9,Yes,No,Middle,1.0,No,Salle 26,188.0,50.0,1.0
ENSPD003649,Female,20.0,Energetique,2,85.5,14.0,19.7,100.0,75.8,1.0,0.2,2.8,Yes,Yes,Middle,1.0,Yes,Salle 16,71.0,65.4,1.0
ENSPD003650,Other,23.0,GenieCivil,4,70.1,30.0,75.2,75.6,50.6,1.0,0.0,4.2,Yes,No,Low,1.0,No,Salle 30,173.0,61.4,1.0
ENSPD003651,Female,20.0,Informatique,3,82.2,20.0,78.9,39.1,65.4,0.0,0.3,5.6,Yes,No,Middle,1.0,Yes,Salle 8,263.0,60.2,1.0
ENSPD003652,Male,22.0,Informatique,4,100.0,0.0,68.0,17.4,65.8,2.0,2.3,12.3,Yes,No,Low,0.0,Yes,Salle 29,230.0,57.7,1.0
ENSPD003653,Female,25.0,Informatique,4,89.8,10.0,69.0,49.6,66.6,0.0,3.2,13.8,No,No,High,0.0,Yes,Salle 17,230.0,61.9,1.0
ENSPD003654,Male,21.0,Electrique,4,65.6,34.0,56.5,74.3,64.3,3.0,0.1,11.5,No,No,Middle,1.0,No,Salle 20,157.0,59.5,1.0
ENSPD003655,Male,19.0,GenieCivil,1,66.7,33.0,72.5,70.8,35.9,0.0,4.4,27.6,Yes,No,Low,0.0,Yes,Salle 2,149.0,53.0,1.0
ENSPD003656,Male,20.0,Informatique,2,83.8,16.0,77.8,60.0,63.5,0.0,2.0,11.5,Yes,No,Low,1.0,Yes,Salle 9,298.0,49.5,0.0
ENSPD003657,Male,24.0,Electrique,1,65.5,34.0,65.8,61.6,45.2,4.0,1.5,12.7,No,No,Low,0.0,Yes,Salle 27,143.0,46.9,0.0
ENSPD003658,Male,23.0,Chimie,2,58.0,42.0,100.0,45.7,53.4,3.0,0.6,10.4,Yes,No,Low,1.0,No,Salle 12,119.0,65.0,1.0
ENSPD003659,Female,22.0,Mecanique,4,88.4,12.0,41.5,54.8,40.4,2.0,0.9,7.7,No,Yes,Middle,1.0,Yes,Salle 13,178.0,45.2,0.0
ENSPD003660,Female,21.0,Mecanique,2,85.9,14.0,65.1,43.8,62.9,0.0,5.9,26.0,Yes,No,Low,0.0,No,Salle 15,231.0,58.1,1.0
ENSPD003661,Male,23.0,Energetique,4,87.4,18.0,47.4,54.8,63.5,1.0,1.4,16.6,Yes,Yes,Middle,1.0,Yes,Salle 26,70.0,63.3,1.0
ENSPD003662,Male,20.0,Mecanique,2,85.2,15.0,78.2,86.0,78.5,1.0,2.0,10.8,Yes,No,Low,2.0,Yes,Salle 22,231.0,80.6,1.0
ENSPD003663,Male,23.0,Chimie,2,81.2,19.0,41.3,48.1,73.3,2.0,1.7,9.3,Yes,No,Middle,1.0,Yes,Salle 20,119.0,57.4,1.0
ENSPD003664,Male,21.0,GenieCivil,4,74.1,26.0,45.0,73.0,83.7,1.0,0.5,2.8,No,No,Middle,0.0,No,Salle 1,173.0,64.4,1.0
ENSPD003665,Male,20.0,Chimie,2,88.2,12.0,55.5,75.7,45.5,0.0,6.1,30.3,Yes,No,Middle,2.0,Yes,Salle 25,119.0,60.2,1.0
ENSPD003666,Male,21.0,Chimie,4,100.0,0.0,69.0,42.6,54.9,0.0,2.8,15.4,Yes,Yes,High,1.0,Yes,Salle 3,93.0,49.4,0.0
ENSPD003667,Female,21.0,Electrique,2,76.0,24.0,56.1,46.8,76.3,0.0,1.4,10.7,No,No,Middle,0.0,No,Salle 29,185.0,56.5,1.0
ENSPD003668,Male,22.0,Telecom,5,69.8,30.0,56.2,81.2,54.5,2.0,3.4,14.1,Yes,No,Low,1.0,Yes,Salle 19,60.0,56.3,1.0
ENSPD003669,Male,22.0,Energetique,3,68.4,32.0,62.3,45.3,55.6,2.0,0.5,0.9,Yes,No,High,1.0,Yes,Salle 22,104.0,50.3,1.0
ENSPD003670,Male,17.0,Electrique,4,71.6,28.0,61.4,61.0,100.0,0.0,0.5,9.7,No,No,Middle,3.0,Yes,Salle 29,157.0,74.9,1.0
ENSPD003671,Male,20.0,Mecanique,1,84.4,16.0,65.1,98.7,65.9,2.0,3.1,20.7,No,No,Middle,2.0,No,Salle 30,186.0,87.3,1.0
ENSPD003672,Male,21.0,Mecanique,3,56.3,44.0,75.3,79.6,99.3,1.0,1.6,8.0,No,No,Low,0.0,Yes,Salle 22,212.0,83.9,1.0
ENSPD003673,Female,25.0,Chimie,4,87.3,13.0,60.1,63.5,27.5,0.0,1.6,11.5,Yes,Yes,Middle,0.0,No,Salle 11,93.0,48.5,0.0
ENSPD003674,Male,20.0,Electrique,4,89.7,10.0,96.5,77.1,51.4,1.0,1.7,12.9,No,No,Middle,1.0,Yes,Salle 20,157.0,69.2,1.0
ENSPD003675,Female,22.0,Informatique,1,60.4,40.0,72.4,61.0,72.2,1.0,0.3,8.5,Yes,No,Middle,0.0,Yes,Salle 21,248.0,66.7,1.0
ENSPD003676,Male,25.0,Informatique,2,70.2,30.0,65.1,80.3,65.9,1.0,0.9,1.6,Yes,No,Middle,2.0,Yes,Salle 21,298.0,59.8,1.0
ENSPD003677,Male,19.0,Electrique,2,82.2,17.0,68.8,25.2,22.9,1.0,1.7,15.7,Yes,Yes,Low,2.0,No,Salle 13,185.0,41.3,0.0
ENSPD003678,Male,23.0,Mecanique,1,80.3,20.0,73.0,59.5,59.4,1.0,0.6,2.1,Yes,No,Middle,1.0,Yes,Salle 11,186.0,57.2,1.0
ENSPD003679,Female,20.0,GenieCivil,4,88.2,12.0,54.7,24.4,100.0,3.0,1.4,5.0,Yes,Yes,Low,1.0,Yes,Salle 22,173.0,63.4,1.0
ENSPD003680,Male,21.0,Chimie,1,80.3,20.0,49.2,64.9,68.9,2.0,1.6,9.7,No,No,Low,0.0,Yes,Salle 19,96.0,60.1,1.0
ENSPD003681,Female,20.0,Electrique,2,97.2,3.0,66.3,57.7,76.1,1.0,5.7,26.1,No,No,Low,1.0,Yes,Salle 14,185.0,67.0,1.0
ENSPD003682,Male,21.0,Informatique,3,78.1,22.0,59.6,86.5,51.1,3.0,0.6,7.5,Yes,No,Low,0.0,Yes,Salle 11,263.0,61.4,1.0
ENSPD003683,Female,27.0,Informatique,3,70.2,30.0,87.2,74.8,68.9,2.0,1.2,10.4,Yes,Yes,Middle,2.0,Yes,Salle 9,263.0,77.2,1.0
ENSPD003684,Male,24.0,Informatique,4,69.2,31.0,76.1,52.5,63.5,2.0,8.0,43.8,No,No,High,1.0,Yes,Salle 7,230.0,62.7,1.0
ENSPD003685,Female,24.0,Mecanique,5,90.8,9.0,55.4,54.7,86.4,0.0,0.4,3.0,No,No,Middle,1.0,Yes,Salle 4,67.0,64.9,1.0
ENSPD003686,Male,23.0,Electrique,1,82.4,18.0,71.4,68.9,85.7,2.0,3.0,21.3,No,Yes,Middle,0.0,No,Salle 3,143.0,73.3,1.0
ENSPD003687,Female,19.0,GenieCivil,3,89.6,10.0,84.0,51.7,72.2,2.0,0.4,0.7,Yes,No,Middle,2.0,Yes,Salle 12,185.0,67.2,1.0
ENSPD003688,Male,23.0,Informatique,2,89.4,11.0,44.1,61.4,65.4,0.0,3.8,15.3,Yes,No,High,3.0,Yes,Salle 10,298.0,58.1,1.0
ENSPD003689,Male,24.0,Informatique,2,57.8,42.0,49.7,85.7,30.4,4.0,1.3,6.4,No,Yes,Low,1.0,Yes,Salle 26,298.0,43.3,0.0
ENSPD003690,Male,20.0,Informatique,1,68.3,32.0,64.8,47.1,29.7,3.0,7.2,26.1,No,No,Middle,0.0,Yes,Salle 27,248.0,40.9,0.0
ENSPD003691,Female,24.0,Energetique,1,69.8,30.0,65.5,53.9,65.6,0.0,0.4,8.4,No,No,Low,1.0,Yes,Salle 5,83.0,58.5,1.0
ENSPD003692,Male,23.0,GenieCivil,2,72.2,28.0,64.2,56.5,81.5,1.0,2.3,19.1,Yes,No,Middle,1.0,No,Salle 29,177.0,61.0,1.0
ENSPD003693,Female,26.0,Telecom,2,77.0,23.0,60.3,100.0,90.6,0.0,1.4,18.2,No,No,Low,1.0,Yes,Salle 16,161.0,81.1,1.0
ENSPD003694,Male,21.0,Telecom,4,94.0,6.0,60.1,72.9,46.2,0.0,2.5,8.8,No,No,Low,0.0,Yes,Salle 18,121.0,56.7,1.0
ENSPD003695,Male,20.0,GenieCivil,4,96.4,4.0,70.8,82.4,33.8,4.0,0.2,14.9,Yes,No,Low,1.0,Yes,Salle 22,173.0,66.0,1.0
ENSPD003696,Male,21.0,Electrique,5,78.5,22.0,82.0,75.8,82.7,1.0,0.7,8.2,No,No,High,1.0,No,Salle 19,80.0,80.3,1.0
ENSPD003697,Female,25.0,Informatique,3,79.0,21.0,57.8,77.0,47.7,1.0,0.8,14.4,Yes,No,Middle,1.0,Yes,Salle 13,263.0,51.8,1.0
ENSPD003698,Female,18.0,Electrique,2,73.5,26.0,100.0,70.5,32.5,0.0,0.8,7.6,Yes,Yes,Middle,1.0,Yes,Salle 7,185.0,67.8,1.0
ENSPD003699,Female,18.0,Mecanique,2,83.1,17.0,94.4,68.6,54.1,0.0,2.2,13.3,Yes,No,High,1.0,Yes,Salle 29,231.0,66.3,1.0
ENSPD003700,Male,22.0,Telecom,2,84.4,16.0,84.9,35.9,53.8,2.0,0.1,3.9,Yes,No,Middle,2.0,No,Salle 30,161.0,56.9,1.0
ENSPD003701,Female,21.0,Informatique,2,91.7,8.0,74.3,68.4,90.4,2.0,2.6,23.7,Yes,No,Middle,1.0,Yes,Salle 10,298.0,78.4,1.0
ENSPD003702,Female,22.0,Chimie,3,91.6,8.0,95.1,60.0,81.3,1.0,1.5,16.6,No,No,Middle,1.0,Yes,Salle 5,130.0,79.4,1.0
ENSPD003703,Male,24.0,Informatique,3,54.4,46.0,60.6,71.8,49.3,0.0,0.4,6.4,No,Yes,Middle,0.0,No,Salle 26,263.0,50.7,1.0
ENSPD003704,Female,21.0,Telecom,2,80.2,20.0,52.5,60.7,92.0,1.0,0.5,5.7,Yes,No,High,1.0,No,Salle 30,161.0,68.6,1.0
ENSPD003705,Female,18.0,Mecanique,1,98.6,1.0,57.1,75.7,66.5,0.0,0.2,8.8,Yes,No,Low,4.0,Yes,Salle 4,186.0,70.4,1.0
ENSPD003706,Female,26.0,Electrique,1,76.7,23.0,50.0,78.9,85.2,0.0,1.2,2.3,Yes,No,Low,1.0,No,Salle 14,143.0,66.3,1.0
ENSPD003707,Female,20.0,GenieCivil,1,95.7,4.0,66.8,9.6,90.5,1.0,1.8,11.5,No,Yes,Low,0.0,No,Salle 26,149.0,60.1,1.0
ENSPD003708,Male,20.0,Mecanique,1,78.3,22.0,69.5,54.2,58.7,2.0,1.7,7.7,Yes,No,Middle,1.0,No,Salle 1,186.0,59.9,1.0
ENSPD003709,Male,24.0,Electrique,4,84.1,16.0,68.0,28.6,75.4,1.0,6.6,32.9,Yes,Yes,Middle,0.0,Yes,Salle 15,157.0,57.8,1.0
ENSPD003710,Female,21.0,Energetique,1,68.4,32.0,64.8,66.3,55.9,3.0,0.7,12.0,Yes,No,High,0.0,Yes,Salle 26,83.0,55.3,1.0
ENSPD003711,Male,22.0,Informatique,4,82.2,31.0,67.0,56.6,82.6,1.0,2.9,11.6,Yes,No,Low,0.0,Yes,Salle 14,230.0,69.8,1.0
ENSPD003712,Female,23.0,Telecom,2,90.7,9.0,91.0,86.4,65.8,0.0,2.6,21.6,No,Yes,Low,1.0,Yes,Salle 23,161.0,81.7,1.0
ENSPD003713,Female,24.0,Electrique,1,92.6,7.0,74.3,65.7,83.2,1.0,0.1,3.3,Yes,No,Low,1.0,No,Salle 11,143.0,72.0,1.0
ENSPD003714,Female,21.0,Chimie,4,82.3,18.0,65.1,53.3,94.5,2.0,5.3,27.9,Yes,No,High,0.0,Yes,Salle 25,93.0,75.2,1.0
ENSPD003715,Other,25.0,Mecanique,3,67.3,33.0,67.9,78.9,74.9,3.0,5.4,24.4,Yes,No,Middle,1.0,Yes,Salle 29,212.0,75.8,1.0
ENSPD003716,Male,18.0,GenieCivil,2,82.5,18.0,40.8,56.3,62.1,3.0,1.0,8.5,Yes,Yes,Low,1.0,Yes,Salle 6,177.0,54.6,1.0
ENSPD003717,Male,24.0,Telecom,4,97.1,3.0,37.8,53.0,62.5,3.0,1.1,16.6,No,Yes,Middle,0.0,Yes,Salle 16,121.0,52.2,1.0
ENSPD003718,Male,20.0,GenieCivil,1,100.0,0.0,96.2,69.1,63.5,1.0,3.4,16.5,Yes,Yes,Middle,2.0,Yes,Salle 13,149.0,49.2,0.0
ENSPD003719,Male,25.0,GenieCivil,1,78.2,22.0,57.0,91.0,49.7,0.0,1.4,6.8,No,No,Middle,1.0,Yes,Salle 3,149.0,62.7,1.0
ENSPD003720,Male,22.0,Informatique,4,62.1,38.0,55.7,77.4,82.7,2.0,3.2,20.5,Yes,Yes,Low,2.0,No,Salle 25,230.0,65.0,1.0
ENSPD003721,Male,21.0,Informatique,3,92.1,8.0,68.7,72.2,83.4,1.0,0.1,9.3,Yes,No,High,1.0,No,Salle 9,263.0,77.3,1.0
ENSPD003722,Female,23.0,Electrique,2,78.7,21.0,73.3,100.0,49.3,2.0,1.4,1.4,No,No,Low,3.0,Yes,Salle 29,185.0,71.1,1.0
ENSPD003723,Female,24.0,Chimie,1,93.3,7.0,75.2,48.8,67.3,1.0,0.2,7.3,Yes,No,Low,4.0,Yes,Salle 12,96.0,60.4,1.0
ENSPD003724,Male,23.0,Electrique,4,85.4,15.0,65.1,48.4,60.2,3.0,1.2,11.9,Yes,No,Middle,0.0,No,Salle 17,157.0,60.9,1.0
ENSPD003725,Male,20.0,Informatique,2,71.4,29.0,87.5,64.6,77.8,1.0,3.9,27.6,Yes,No,Middle,1.0,No,Salle 10,298.0,72.3,0.0
ENSPD003726,Female,21.0,GenieCivil,1,82.7,17.0,52.8,89.3,100.0,1.0,1.7,10.2,Yes,Yes,Middle,2.0,No,Salle 5,149.0,84.6,1.0
ENSPD003727,Male,22.0,Mecanique,3,97.7,2.0,79.5,45.0,78.2,1.0,1.5,16.4,Yes,No,Middle,1.0,Yes,Salle 3,212.0,70.4,1.0
ENSPD003728,Male,22.0,GenieCivil,5,80.2,20.0,59.2,93.6,50.6,0.0,0.9,9.2,Yes,No,Low,3.0,Yes,Salle 25,70.0,64.3,1.0
ENSPD003729,Male,23.0,Telecom,1,69.6,30.0,62.9,36.1,62.4,1.0,0.1,4.2,Yes,No,Middle,1.0,No,Salle 23,121.0,52.3,1.0
ENSPD003730,Female,18.0,Chimie,4,62.9,37.0,48.6,59.8,92.0,1.0,2.9,13.6,Yes,No,High,1.0,Yes,Salle 4,93.0,67.1,1.0
ENSPD003731,Male,23.0,Informatique,3,72.7,27.0,39.6,65.1,35.8,2.0,1.7,13.8,Yes,No,Middle,0.0,Yes,Salle 5,263.0,39.9,0.0
ENSPD003732,Female,21.0,Telecom,2,77.1,23.0,64.5,46.1,51.7,0.0,5.3,21.5,Yes,No,Middle,1.0,No,Salle 25,161.0,51.2,1.0
ENSPD003733,Male,20.0,GenieCivil,4,91.8,8.0,50.7,50.8,78.2,3.0,1.1,5.0,Yes,No,High,0.0,Yes,Salle 28,173.0,57.1,1.0
ENSPD003734,Male,21.0,Chimie,5,68.5,32.0,78.9,76.3,89.9,1.0,1.0,11.4,Yes,Yes,Middle,1.0,No,Salle 14,48.0,82.2,1.0
ENSPD003735,Male,22.0,Informatique,2,100.0,0.0,60.8,87.9,76.2,0.0,7.3,41.6,Yes,Yes,Middle,0.0,Yes,Salle 16,298.0,76.7,1.0
ENSPD003736,Male,17.0,Electrique,1,66.0,34.0,69.6,23.9,51.9,2.0,0.3,0.5,Yes,No,Middle,1.0,Yes,Salle 20,143.0,43.2,0.0
ENSPD003737,Female,21.0,Mecanique,5,100.0,0.0,85.5,65.2,63.5,0.0,0.6,4.5,Yes,No,Middle,1.0,Yes,Salle 7,67.0,71.4,1.0
ENSPD003738,Female,20.0,GenieCivil,3,100.0,0.0,42.7,60.0,72.3,0.0,1.3,11.4,Yes,No,Middle,0.0,Yes,Salle 5,185.0,61.4,1.0
ENSPD003739,Female,23.0,Informatique,2,83.7,16.0,54.1,63.9,71.0,1.0,1.5,8.8,No,No,Middle,0.0,Yes,Salle 17,298.0,59.0,1.0
ENSPD003740,Male,20.0,Informatique,3,62.2,38.0,67.7,61.6,62.1,1.0,1.6,3.9,Yes,No,Low,0.0,No,Salle 11,263.0,61.2,1.0
ENSPD003741,Female,22.0,Informatique,4,81.3,19.0,69.7,38.8,63.5,1.0,0.5,3.6,No,No,Low,0.0,Yes,Salle 17,230.0,57.9,1.0
ENSPD003742,Female,25.0,Mecanique,4,77.4,23.0,81.6,89.8,45.9,4.0,5.2,27.8,Yes,Yes,High,1.0,No,Salle 22,178.0,69.8,1.0
ENSPD003743,Female,24.0,Informatique,5,66.7,33.0,78.0,82.9,100.0,0.0,2.4,13.5,Yes,No,Middle,2.0,Yes,Salle 18,109.0,84.9,1.0
ENSPD003744,Male,24.0,Electrique,2,85.5,14.0,66.5,60.1,67.1,0.0,0.6,8.9,Yes,No,Low,1.0,Yes,Salle 27,185.0,65.1,1.0
ENSPD003745,Male,21.0,Informatique,2,72.1,28.0,65.1,53.2,75.0,2.0,0.7,2.3,No,No,Low,1.0,Yes,Salle 21,298.0,67.7,1.0
ENSPD003746,Male,23.0,Electrique,3,73.4,27.0,70.0,51.0,59.6,1.0,4.2,23.1,Yes,No,Middle,0.0,No,Salle 2,188.0,56.5,1.0
ENSPD003747,Female,22.0,Informatique,2,79.6,20.0,43.0,15.5,80.9,2.0,1.0,0.6,Yes,Yes,Middle,1.0,Yes,Salle 26,298.0,52.9,1.0
ENSPD003748,Male,22.0,Energetique,3,75.1,25.0,62.7,68.4,38.0,1.0,1.6,14.5,No,Yes,Middle,3.0,No,Salle 17,104.0,55.4,1.0
ENSPD003749,Male,23.0,Energetique,2,100.0,0.0,68.7,76.0,29.1,0.0,0.3,11.7,Yes,No,Middle,2.0,Yes,Salle 8,71.0,49.8,0.0
ENSPD003750,Female,21.0,Mecanique,1,75.6,24.0,71.9,64.5,63.4,2.0,1.4,1.8,No,No,Low,0.0,Yes,Salle 20,186.0,63.4,1.0
ENSPD003751,Female,25.0,Electrique,2,87.3,13.0,65.1,60.4,100.0,0.0,1.1,7.1,No,No,Middle,1.0,No,Salle 10,185.0,72.5,1.0
ENSPD003752,Female,22.0,Informatique,3,83.7,16.0,46.0,64.4,88.2,1.0,2.1,7.5,No,No,High,1.0,Yes,Salle 30,263.0,66.0,1.0
ENSPD003753,Male,23.0,Energetique,4,86.2,14.0,61.5,46.6,47.8,1.0,0.7,8.2,Yes,No,Middle,1.0,Yes,Salle 13,70.0,54.1,1.0
ENSPD003754,Male,25.0,GenieCivil,3,87.1,13.0,94.5,53.0,74.3,3.0,6.0,29.6,No,Yes,Low,2.0,Yes,Salle 21,185.0,72.2,1.0
ENSPD003755,Male,24.0,Informatique,1,92.6,7.0,52.7,59.0,51.3,1.0,0.5,1.6,Yes,No,Middle,3.0,No,Salle 6,248.0,55.4,1.0
ENSPD003756,Male,19.0,Mecanique,2,85.2,15.0,82.6,74.5,72.5,4.0,3.0,14.7,Yes,No,Low,0.0,Yes,Salle 22,231.0,74.1,1.0
ENSPD003757,Male,23.0,Informatique,4,84.7,15.0,88.8,86.8,74.1,1.0,0.9,11.5,Yes,No,Middle,1.0,Yes,Salle 15,230.0,77.4,1.0
ENSPD003758,Male,24.0,Mecanique,2,82.7,17.0,65.7,61.6,63.5,1.0,1.4,21.6,Yes,No,Low,0.0,Yes,Salle 4,231.0,62.3,1.0
ENSPD003759,Male,24.0,Electrique,3,80.3,20.0,54.8,61.6,32.7,0.0,5.1,26.2,Yes,No,Middle,1.0,Yes,Salle 18,188.0,37.3,0.0
ENSPD003760,Female,20.0,GenieCivil,3,71.1,29.0,72.7,62.6,38.7,2.0,0.4,11.0,No,No,Middle,1.0,Yes,Salle 28,185.0,57.0,1.0
ENSPD003761,Male,21.0,Mecanique,2,81.3,19.0,67.9,98.2,62.5,1.0,1.4,17.8,Yes,No,Middle,1.0,Yes,Salle 2,231.0,70.3,1.0
ENSPD003762,Female,24.0,Informatique,4,84.9,15.0,52.1,44.8,43.4,0.0,0.3,6.8,No,No,Middle,2.0,Yes,Salle 1,230.0,43.1,0.0
ENSPD003763,Male,20.0,Mecanique,1,86.8,13.0,55.1,77.9,41.8,1.0,1.4,15.8,Yes,No,Middle,1.0,No,Salle 5,186.0,51.8,1.0
ENSPD003764,Male,21.0,Informatique,3,84.2,16.0,65.1,86.0,69.4,1.0,3.6,18.3,Yes,No,Low,0.0,Yes,Salle 26,263.0,72.7,1.0
ENSPD003765,Male,25.0,Chimie,1,79.2,21.0,79.0,55.5,45.7,1.0,1.0,9.7,Yes,No,Middle,0.0,Yes,Salle 28,96.0,56.0,1.0
ENSPD003766,Male,22.0,Informatique,1,81.3,19.0,60.2,49.4,100.0,0.0,1.0,6.2,Yes,Yes,High,0.0,Yes,Salle 10,248.0,71.6,1.0
ENSPD003767,Female,21.0,Electrique,3,75.4,25.0,64.0,72.3,53.3,2.0,0.5,0.3,No,No,High,1.0,No,Salle 16,188.0,61.7,1.0
ENSPD003768,Male,20.0,Mecanique,3,85.8,14.0,65.1,68.4,58.6,0.0,1.4,11.0,No,No,Middle,4.0,Yes,Salle 18,212.0,62.7,1.0
ENSPD003769,Male,23.0,Mecanique,3,79.3,21.0,62.4,74.5,70.0,0.0,0.8,11.0,Yes,No,Low,0.0,Yes,Salle 14,212.0,62.4,1.0
ENSPD003770,Male,19.0,Electrique,4,84.2,16.0,60.5,99.3,33.8,1.0,0.3,6.5,Yes,No,Middle,2.0,Yes,Salle 19,157.0,59.1,1.0
ENSPD003771,Male,22.0,GenieCivil,4,94.0,6.0,53.7,65.0,74.2,0.0,0.7,8.3,Yes,Yes,Middle,1.0,Yes,Salle 27,173.0,64.7,1.0
ENSPD003772,Female,23.0,GenieCivil,2,73.5,26.0,53.4,40.5,63.5,1.0,1.4,21.4,Yes,No,High,0.0,Yes,Salle 3,177.0,56.5,1.0
ENSPD003773,Male,25.0,Electrique,3,89.2,11.0,100.0,63.2,57.0,2.0,0.8,13.0,No,No,Middle,1.0,No,Salle 27,188.0,68.7,1.0
ENSPD003774,Female,23.0,GenieCivil,3,82.4,18.0,62.1,66.3,69.5,1.0,0.6,2.5,No,No,Middle,1.0,Yes,Salle 11,185.0,66.6,1.0
ENSPD003775,Female,21.0,Mecanique,2,100.0,0.0,85.5,84.8,72.6,1.0,1.0,14.6,Yes,No,Middle,1.0,Yes,Salle 7,231.0,82.2,1.0
ENSPD003776,Female,24.0,Electrique,3,79.4,21.0,90.3,58.5,92.7,2.0,6.5,33.3,Yes,No,Low,2.0,Yes,Salle 8,188.0,75.5,1.0
ENSPD003777,Female,21.0,Electrique,5,90.3,10.0,62.2,54.6,100.0,2.0,2.9,17.8,Yes,No,High,1.0,No,Salle 11,80.0,66.3,1.0
ENSPD003778,Male,20.0,Informatique,1,82.2,18.0,70.5,37.3,42.8,1.0,0.5,8.4,Yes,No,Middle,2.0,No,Salle 29,248.0,46.0,0.0
ENSPD003779,Female,22.0,GenieCivil,4,65.3,35.0,66.5,71.9,38.1,1.0,2.8,20.3,No,Yes,Middle,1.0,Yes,Salle 2,173.0,51.9,1.0
ENSPD003780,Female,25.0,Informatique,1,75.8,24.0,40.8,100.0,66.1,1.0,2.9,14.4,No,No,Middle,0.0,Yes,Salle 5,248.0,64.2,1.0
ENSPD003781,Male,22.0,Informatique,2,92.6,7.0,41.7,58.0,22.4,2.0,6.0,11.5,Yes,No,High,1.0,No,Salle 26,298.0,42.6,0.0
ENSPD003782,Male,22.0,Electrique,2,76.8,23.0,65.7,70.1,63.5,3.0,4.4,21.0,Yes,No,Middle,1.0,Yes,Salle 24,185.0,64.8,1.0
ENSPD003783,Male,25.0,Telecom,3,55.4,45.0,58.6,52.1,66.3,0.0,0.2,7.7,No,No,Middle,1.0,Yes,Salle 26,154.0,55.4,1.0
ENSPD003784,Female,19.0,Telecom,1,81.6,18.0,93.4,38.9,71.3,0.0,1.2,3.5,Yes,No,Middle,1.0,Yes,Salle 3,121.0,64.9,1.0
ENSPD003785,Female,19.0,Informatique,4,68.9,31.0,61.5,69.8,57.9,1.0,2.4,11.9,Yes,No,Middle,0.0,No,Salle 14,230.0,58.2,1.0
ENSPD003786,Male,19.0,GenieCivil,4,83.6,16.0,94.3,62.5,69.1,2.0,7.3,41.2,Yes,No,Middle,1.0,Yes,Salle 22,173.0,77.5,1.0
ENSPD003787,Male,23.0,Electrique,3,100.0,0.0,57.9,19.1,73.4,2.0,0.2,11.1,Yes,No,Middle,2.0,Yes,Salle 9,188.0,49.9,0.0
ENSPD003788,Male,22.0,Informatique,2,91.2,9.0,93.7,91.0,63.5,4.0,0.9,15.2,No,No,High,1.0,No,Salle 4,298.0,82.1,1.0
ENSPD003789,Male,25.0,Chimie,5,100.0,0.0,72.6,69.5,37.1,0.0,1.4,15.2,Yes,No,Middle,1.0,Yes,Salle 6,48.0,54.4,1.0
ENSPD003790,Other,22.0,Chimie,4,75.3,25.0,73.4,63.3,67.4,1.0,1.1,6.9,No,Yes,Low,1.0,Yes,Salle 20,93.0,66.8,1.0
ENSPD003791,Male,21.0,Telecom,3,80.3,20.0,57.3,54.4,100.0,1.0,1.2,7.8,Yes,No,Middle,1.0,Yes,Salle 5,154.0,75.0,1.0
ENSPD003792,Male,22.0,Informatique,3,69.5,30.0,73.7,69.3,68.8,1.0,0.9,12.6,Yes,No,Middle,1.0,No,Salle 3,263.0,67.4,1.0
ENSPD003793,Female,22.0,Informatique,3,73.8,26.0,90.4,70.1,66.7,1.0,7.1,37.7,No,No,Middle,1.0,No,Salle 29,263.0,71.0,1.0
ENSPD003794,Female,19.0,Telecom,3,70.9,29.0,62.8,69.2,95.2,3.0,3.3,23.7,No,No,Low,1.0,Yes,Salle 4,154.0,70.6,1.0
ENSPD003795,Male,27.0,Electrique,2,66.3,34.0,59.9,81.2,49.1,0.0,2.7,16.6,Yes,No,Middle,1.0,Yes,Salle 19,185.0,58.9,1.0
ENSPD003796,Female,23.0,Telecom,2,98.4,2.0,61.3,85.3,81.8,1.0,1.1,9.1,No,No,Low,0.0,Yes,Salle 4,161.0,77.8,1.0
ENSPD003797,Male,22.0,Informatique,1,56.9,43.0,89.3,98.1,63.5,1.0,4.3,27.0,No,No,Middle,0.0,Yes,Salle 6,248.0,70.7,1.0
ENSPD003798,Male,23.0,Electrique,2,98.4,2.0,77.8,46.9,85.7,1.0,0.2,0.0,No,No,Low,1.0,Yes,Salle 18,185.0,72.1,1.0
ENSPD003799,Male,23.0,Electrique,3,97.0,3.0,86.7,51.7,80.0,1.0,0.3,5.5,Yes,Yes,Middle,2.0,No,Salle 12,188.0,78.6,1.0
ENSPD003800,Male,22.0,Informatique,5,88.0,12.0,69.7,68.5,55.8,0.0,6.2,28.8,Yes,No,Middle,1.0,Yes,Salle 26,109.0,62.4,1.0
ENSPD003801,Male,21.0,GenieCivil,5,82.2,31.0,65.1,48.0,58.7,1.0,1.7,10.8,No,Yes,Middle,2.0,Yes,Salle 1,70.0,57.2,1.0
ENSPD003802,Female,23.0,Electrique,3,63.0,37.0,71.4,50.9,83.6,0.0,0.3,11.5,No,No,Middle,0.0,Yes,Salle 24,188.0,60.8,1.0
ENSPD003803,Female,22.0,Informatique,3,75.4,25.0,81.1,70.6,26.9,1.0,6.0,31.5,Yes,Yes,Middle,1.0,Yes,Salle 26,263.0,50.7,1.0
ENSPD003804,Other,20.0,Mecanique,1,89.5,10.0,61.3,78.2,55.2,1.0,7.4,11.5,Yes,No,Middle,1.0,Yes,Salle 4,186.0,63.7,1.0
ENSPD003805,Male,25.0,Electrique,3,82.0,18.0,85.5,85.0,63.5,0.0,4.3,16.1,Yes,No,Middle,2.0,Yes,Salle 4,188.0,80.4,1.0
ENSPD003806,Female,23.0,GenieCivil,1,69.5,30.0,70.5,58.5,57.8,1.0,0.5,2.5,Yes,No,Low,1.0,Yes,Salle 20,149.0,63.8,1.0
ENSPD003807,Male,23.0,Telecom,2,95.8,4.0,28.9,70.3,66.7,3.0,0.7,11.5,Yes,No,Middle,0.0,Yes,Salle 24,161.0,54.5,1.0
ENSPD003808,Male,25.0,Mecanique,3,100.0,0.0,78.3,66.4,63.5,1.0,1.0,10.0,Yes,No,Low,1.0,Yes,Salle 14,212.0,48.2,0.0
ENSPD003809,Male,22.0,Mecanique,2,79.3,21.0,45.9,62.3,46.9,1.0,1.7,16.7,No,No,Middle,0.0,No,Salle 4,231.0,49.2,0.0
ENSPD003810,Male,23.0,Energetique,1,83.3,17.0,65.1,47.3,77.6,0.0,9.7,41.0,Yes,No,Low,1.0,Yes,Salle 3,83.0,68.2,1.0
ENSPD003811,Female,24.0,Telecom,4,63.9,36.0,78.5,45.0,49.0,0.0,1.4,30.4,No,No,Low,1.0,Yes,Salle 28,121.0,54.1,1.0
ENSPD003812,Male,21.0,Informatique,2,77.0,23.0,69.9,61.6,38.0,0.0,5.1,24.7,Yes,Yes,Middle,1.0,Yes,Salle 22,298.0,55.8,1.0
ENSPD003813,Male,22.0,Chimie,1,88.1,12.0,73.2,47.0,85.2,4.0,0.2,11.5,Yes,No,Middle,1.0,No,Salle 29,96.0,69.3,1.0
ENSPD003814,Female,22.0,Informatique,1,86.3,14.0,81.5,30.0,74.3,0.0,2.8,24.4,No,No,Middle,2.0,Yes,Salle 18,248.0,60.6,1.0
ENSPD003815,Male,20.0,Informatique,2,75.9,24.0,57.6,61.4,42.2,1.0,4.2,19.5,Yes,Yes,Middle,0.0,No,Salle 10,298.0,49.9,0.0
ENSPD003816,Male,27.0,Mecanique,1,78.7,21.0,76.9,88.2,66.8,0.0,0.8,0.1,Yes,No,Middle,0.0,Yes,Salle 12,186.0,80.8,1.0
ENSPD003817,Male,19.0,Mecanique,4,76.6,23.0,82.4,11.7,42.9,3.0,0.5,11.5,Yes,No,Low,1.0,Yes,Salle 25,178.0,38.9,0.0
ENSPD003818,Female,19.0,Telecom,2,78.7,21.0,91.4,56.8,61.0,1.0,2.8,17.9,Yes,No,Low,0.0,Yes,Salle 13,161.0,68.3,1.0
ENSPD003819,Female,25.0,Chimie,4,87.1,13.0,48.4,74.2,67.5,3.0,0.2,0.0,Yes,No,Middle,0.0,No,Salle 5,93.0,62.2,1.0
ENSPD003820,Male,23.0,Energetique,1,58.4,42.0,71.1,29.2,47.8,0.0,1.4,23.9,No,No,Low,2.0,No,Salle 30,83.0,46.9,0.0
ENSPD003821,Male,20.0,Chimie,3,81.1,19.0,50.6,58.2,78.8,1.0,0.3,4.4,Yes,No,Middle,1.0,Yes,Salle 23,130.0,61.2,1.0
ENSPD003822,Male,23.0,GenieCivil,3,86.2,14.0,49.9,41.5,81.9,2.0,1.2,14.4,Yes,No,Middle,1.0,No,Salle 1,185.0,64.3,1.0
ENSPD003823,Female,25.0,Electrique,3,75.2,25.0,70.4,43.9,69.3,0.0,8.1,33.3,Yes,No,Middle,1.0,No,Salle 2,188.0,53.4,1.0
ENSPD003824,Male,22.0,Energetique,3,76.2,24.0,66.2,54.8,72.3,0.0,8.9,39.5,Yes,Yes,Middle,0.0,Yes,Salle 30,104.0,64.1,1.0
ENSPD003825,Male,27.0,Chimie,5,76.6,23.0,82.2,41.8,34.9,2.0,3.0,9.1,No,Yes,Middle,0.0,Yes,Salle 3,48.0,44.2,0.0
ENSPD003826,Male,19.0,Chimie,2,76.3,24.0,59.8,40.3,91.2,4.0,3.7,21.7,Yes,No,Middle,0.0,Yes,Salle 30,119.0,60.7,1.0
ENSPD003827,Male,23.0,Energetique,3,82.1,18.0,63.0,60.9,63.5,4.0,6.8,27.2,No,No,Low,1.0,No,Salle 20,104.0,66.3,1.0
ENSPD003828,Male,24.0,Informatique,4,83.5,16.0,68.2,100.0,45.3,1.0,5.2,34.5,Yes,Yes,Low,0.0,No,Salle 26,230.0,71.7,1.0
ENSPD003829,Female,24.0,Electrique,1,82.2,43.0,52.1,75.6,66.9,1.0,1.9,9.2,No,No,Middle,1.0,Yes,Salle 19,143.0,60.3,1.0
ENSPD003830,Male,22.0,Telecom,1,89.8,10.0,54.2,80.2,78.9,1.0,2.7,19.6,No,No,Middle,0.0,Yes,Salle 2,121.0,68.7,1.0
ENSPD003831,Male,21.0,Energetique,2,78.5,22.0,81.7,76.4,74.2,0.0,1.8,14.3,Yes,Yes,Middle,1.0,Yes,Salle 14,71.0,74.3,1.0
ENSPD003832,Female,23.0,Informatique,3,100.0,0.0,56.8,49.4,42.3,2.0,1.4,7.1,No,No,Middle,1.0,Yes,Salle 22,263.0,51.2,1.0
ENSPD003833,Female,24.0,GenieCivil,2,67.7,32.0,82.7,67.6,79.2,0.0,4.3,26.6,No,No,Middle,1.0,Yes,Salle 17,177.0,71.2,1.0
ENSPD003834,Male,23.0,Electrique,1,71.6,28.0,74.1,81.8,62.8,2.0,2.7,7.7,No,No,Low,1.0,Yes,Salle 24,143.0,68.2,1.0
ENSPD003835,Male,24.0,Mecanique,2,79.6,20.0,41.8,76.9,74.0,2.0,3.9,20.5,No,No,Middle,1.0,No,Salle 17,231.0,64.2,1.0
ENSPD003836,Male,20.0,Electrique,3,87.0,13.0,73.0,65.5,48.0,1.0,0.2,8.6,Yes,No,Middle,1.0,Yes,Salle 26,188.0,63.2,1.0
ENSPD003837,Female,22.0,Mecanique,2,58.6,41.0,72.8,71.4,63.5,1.0,1.7,10.8,Yes,No,Low,1.0,Yes,Salle 2,231.0,71.5,1.0
ENSPD003838,Male,20.0,Mecanique,2,72.1,28.0,71.3,100.0,67.7,0.0,1.4,3.6,No,Yes,High,2.0,Yes,Salle 14,231.0,71.6,1.0
ENSPD003839,Female,21.0,GenieCivil,3,89.1,11.0,62.9,77.1,87.8,1.0,1.4,16.9,Yes,No,Low,2.0,Yes,Salle 19,185.0,73.1,1.0
ENSPD003840,Female,24.0,GenieCivil,5,70.6,29.0,50.9,56.3,33.3,1.0,1.9,12.1,Yes,No,Low,1.0,Yes,Salle 20,70.0,46.2,0.0
ENSPD003841,Male,22.0,GenieCivil,3,98.4,2.0,85.2,60.7,36.0,0.0,3.7,11.5,Yes,Yes,Low,1.0,No,Salle 5,185.0,66.9,1.0
ENSPD003842,Male,27.0,GenieCivil,4,76.6,23.0,63.5,43.0,59.2,1.0,0.1,1.0,Yes,No,Low,0.0,Yes,Salle 20,173.0,50.9,1.0
ENSPD003843,Male,22.0,Mecanique,2,71.2,29.0,51.7,61.6,93.4,2.0,0.4,7.0,No,No,Low,3.0,No,Salle 6,231.0,81.0,1.0
ENSPD003844,Male,22.0,Informatique,2,89.3,11.0,65.1,90.9,100.0,3.0,5.1,24.5,No,No,Middle,1.0,Yes,Salle 3,298.0,92.5,1.0
ENSPD003845,Male,22.0,Informatique,2,100.0,0.0,53.9,63.5,46.2,1.0,6.8,31.0,No,Yes,Middle,1.0,Yes,Salle 8,298.0,49.9,0.0
ENSPD003846,Female,21.0,Informatique,4,87.0,13.0,50.8,100.0,65.1,0.0,0.1,12.0,Yes,No,Middle,1.0,Yes,Salle 27,230.0,69.4,1.0
ENSPD003847,Female,22.0,Electrique,2,97.1,3.0,65.1,73.4,67.1,1.0,1.4,14.7,Yes,No,Middle,1.0,Yes,Salle 16,185.0,63.6,1.0
ENSPD003848,Male,24.0,Chimie,4,100.0,0.0,65.1,54.2,78.4,1.0,0.0,6.0,Yes,No,Middle,0.0,Yes,Salle 26,93.0,59.5,1.0
ENSPD003849,Female,22.0,Informatique,5,70.9,29.0,51.3,78.3,81.7,4.0,2.8,18.9,No,No,Middle,0.0,Yes,Salle 9,109.0,69.2,1.0
ENSPD003850,Male,20.0,Informatique,1,93.3,7.0,77.1,61.6,41.7,1.0,2.3,8.2,No,No,High,1.0,Yes,Salle 23,248.0,61.9,1.0
ENSPD003851,Male,20.0,Chimie,1,63.7,36.0,63.3,77.1,65.3,0.0,1.7,12.2,No,No,Middle,1.0,Yes,Salle 24,96.0,66.8,1.0
ENSPD003852,Male,21.0,Mecanique,1,87.1,13.0,83.8,37.4,23.8,2.0,2.4,11.5,No,No,Middle,1.0,Yes,Salle 22,186.0,54.2,1.0
ENSPD003853,Female,22.0,Energetique,2,81.1,19.0,52.2,47.4,80.2,0.0,1.5,10.1,No,No,Low,1.0,Yes,Salle 14,71.0,56.6,1.0
ENSPD003854,Female,24.0,Chimie,1,96.9,3.0,39.1,88.8,57.2,1.0,0.5,5.3,No,No,Middle,1.0,Yes,Salle 21,96.0,63.0,1.0
ENSPD003855,Female,19.0,Mecanique,4,96.1,4.0,67.2,92.5,39.9,0.0,2.8,13.0,Yes,No,Low,1.0,Yes,Salle 12,178.0,68.6,0.0
ENSPD003856,Male,21.0,Mecanique,1,88.8,11.0,92.8,87.5,70.7,1.0,3.1,17.5,Yes,No,Middle,2.0,No,Salle 21,186.0,75.3,1.0
ENSPD003857,Male,22.0,GenieCivil,2,85.6,14.0,73.0,100.0,56.6,3.0,3.9,11.5,No,No,High,1.0,No,Salle 28,177.0,71.4,1.0
ENSPD003858,Male,18.0,Informatique,1,88.1,12.0,100.0,72.4,89.2,1.0,6.2,35.0,No,No,Low,2.0,Yes,Salle 30,248.0,85.4,1.0
ENSPD003859,Male,20.0,Informatique,5,82.7,17.0,70.0,71.1,46.1,1.0,1.4,16.2,No,No,Middle,1.0,Yes,Salle 7,109.0,55.9,1.0
ENSPD003860,Female,21.0,Informatique,3,81.3,19.0,65.1,45.6,100.0,0.0,0.1,9.7,No,No,Low,0.0,No,Salle 4,263.0,71.5,1.0
ENSPD003861,Female,20.0,Chimie,5,99.3,1.0,32.7,51.6,81.1,0.0,0.0,1.3,Yes,Yes,Middle,0.0,Yes,Salle 1,48.0,57.8,1.0
ENSPD003862,Female,22.0,GenieCivil,5,100.0,0.0,71.4,26.2,89.8,2.0,2.7,18.1,No,No,Middle,1.0,Yes,Salle 22,70.0,69.7,1.0
ENSPD003863,Male,22.0,Informatique,3,80.3,20.0,67.5,56.2,43.4,0.0,0.1,11.5,No,No,Middle,0.0,Yes,Salle 21,263.0,52.6,1.0
ENSPD003864,Male,21.0,Electrique,2,84.9,15.0,58.9,24.9,99.8,0.0,0.8,5.5,Yes,No,High,1.0,Yes,Salle 23,185.0,64.6,1.0
ENSPD003865,Male,23.0,GenieCivil,1,83.0,17.0,62.9,81.5,39.7,1.0,0.3,14.8,Yes,No,Middle,2.0,No,Salle 1,149.0,54.9,1.0
ENSPD003866,Male,25.0,GenieCivil,2,62.7,37.0,64.0,69.0,59.8,2.0,6.9,30.7,Yes,No,High,0.0,Yes,Salle 23,177.0,55.3,1.0
ENSPD003867,Male,25.0,Informatique,3,78.0,22.0,62.3,25.5,90.1,1.0,1.4,6.7,Yes,Yes,Middle,1.0,Yes,Salle 11,263.0,62.5,1.0
ENSPD003868,Female,18.0,Electrique,1,100.0,0.0,65.1,58.6,74.1,0.0,0.1,3.6,No,Yes,High,3.0,Yes,Salle 26,143.0,79.1,1.0
ENSPD003869,Female,23.0,Energetique,1,73.0,27.0,59.4,97.4,39.2,2.0,6.0,30.4,No,No,Low,2.0,No,Salle 18,83.0,62.4,1.0
ENSPD003870,Male,22.0,Informatique,3,100.0,0.0,67.5,59.7,86.7,2.0,1.9,18.0,Yes,No,High,1.0,Yes,Salle 23,263.0,72.3,1.0
ENSPD003871,Male,22.0,Mecanique,3,96.1,4.0,58.9,44.0,70.8,1.0,0.1,0.8,Yes,No,Middle,0.0,No,Salle 26,212.0,65.3,1.0
ENSPD003872,Male,21.0,Mecanique,3,86.8,13.0,76.8,29.9,55.7,1.0,1.4,21.3,Yes,No,Middle,0.0,Yes,Salle 27,212.0,55.4,1.0
ENSPD003873,Male,22.0,Mecanique,2,88.7,11.0,67.7,30.4,33.2,0.0,0.3,7.6,No,No,High,0.0,Yes,Salle 18,231.0,43.9,0.0
ENSPD003874,Female,22.0,Mecanique,4,71.0,29.0,65.1,71.6,72.7,1.0,3.2,11.4,Yes,No,High,1.0,Yes,Salle 3,177.0,61.7,1.0
ENSPD003875,Male,21.0,Telecom,3,78.8,21.0,36.1,54.2,60.7,0.0,1.4,17.6,Yes,No,Middle,0.0,No,Salle 23,154.0,49.5,0.0
ENSPD003876,Male,20.0,Telecom,1,99.3,1.0,68.6,55.7,67.1,3.0,0.4,7.7,Yes,No,Middle,1.0,Yes,Salle 18,121.0,60.5,1.0
ENSPD003877,Male,21.0,Informatique,4,74.6,25.0,60.4,54.3,32.3,1.0,2.8,19.1,No,No,Middle,2.0,Yes,Salle 20,230.0,43.9,0.0
ENSPD003878,Female,22.0,GenieCivil,5,94.7,5.0,64.1,59.5,55.6,2.0,1.2,1.5,Yes,No,Middle,1.0,Yes,Salle 30,70.0,59.2,1.0
ENSPD003879,Male,23.0,Electrique,1,65.5,34.0,47.3,39.9,73.6,0.0,2.0,18.9,Yes,No,Middle,1.0,No,Salle 14,143.0,55.1,1.0
ENSPD003880,Male,24.0,GenieCivil,2,67.6,32.0,86.5,67.7,100.0,0.0,4.1,29.6,Yes,No,Middle,1.0,Yes,Salle 9,177.0,80.0,1.0
ENSPD003881,Male,21.0,GenieCivil,3,82.2,0.0,77.9,36.4,59.9,1.0,0.6,6.8,No,No,Low,1.0,Yes,Salle 22,185.0,61.2,1.0
ENSPD003882,Female,23.0,Informatique,1,81.9,18.0,86.5,48.4,92.9,0.0,1.4,5.7,Yes,No,Middle,1.0,No,Salle 11,248.0,78.7,1.0
ENSPD003883,Female,24.0,GenieCivil,4,75.5,24.0,82.2,80.2,79.7,4.0,11.8,42.4,Yes,No,Middle,5.0,Yes,Salle 24,173.0,74.5,1.0
ENSPD003884,Male,24.0,GenieCivil,2,98.4,2.0,73.9,68.8,68.7,1.0,1.4,5.4,No,Yes,Low,0.0,Yes,Salle 30,177.0,73.3,1.0
ENSPD003885,Female,22.0,Chimie,4,96.9,3.0,47.9,74.3,43.8,1.0,1.6,14.7,Yes,No,Low,1.0,Yes,Salle 15,93.0,50.2,1.0
ENSPD003886,Female,22.0,Chimie,3,93.0,7.0,92.7,100.0,44.6,4.0,0.7,11.5,No,No,Middle,1.0,No,Salle 30,130.0,73.8,1.0
ENSPD003887,Female,22.0,Informatique,3,75.2,25.0,51.1,60.9,76.4,2.0,1.1,3.3,Yes,Yes,Middle,2.0,Yes,Salle 27,263.0,60.1,1.0
ENSPD003888,Female,20.0,Informatique,1,78.6,21.0,61.0,62.4,53.5,3.0,1.4,16.7,No,No,Middle,1.0,Yes,Salle 15,248.0,56.4,1.0
ENSPD003889,Female,22.0,Telecom,2,85.7,14.0,75.6,61.6,51.7,1.0,0.6,4.7,Yes,No,High,1.0,Yes,Salle 16,161.0,59.1,1.0
ENSPD003890,Male,23.0,GenieCivil,1,82.2,10.0,76.3,54.0,60.4,1.0,1.4,11.5,Yes,No,Low,0.0,Yes,Salle 25,149.0,58.9,1.0
ENSPD003891,Female,23.0,Telecom,2,75.9,24.0,73.6,43.8,60.7,0.0,1.8,12.4,Yes,No,Middle,0.0,Yes,Salle 28,161.0,62.2,1.0
ENSPD003892,Male,21.0,Informatique,2,84.0,16.0,59.0,63.5,82.0,0.0,0.4,8.6,No,No,Middle,1.0,Yes,Salle 25,298.0,66.7,1.0
ENSPD003893,Female,22.0,GenieCivil,4,85.2,15.0,55.9,68.4,53.9,2.0,1.6,6.0,No,No,Middle,0.0,No,Salle 23,173.0,48.9,0.0
ENSPD003894,Male,20.0,GenieCivil,2,97.4,3.0,100.0,69.4,80.0,3.0,2.4,13.4,Yes,No,Middle,2.0,Yes,Salle 11,177.0,84.8,1.0
ENSPD003895,Female,23.0,Telecom,4,91.1,9.0,65.1,63.2,72.8,0.0,0.4,12.8,Yes,No,Middle,1.0,Yes,Salle 14,121.0,65.2,1.0
ENSPD003896,Female,22.0,Informatique,2,63.9,36.0,62.6,78.7,30.5,0.0,2.7,11.5,No,No,High,3.0,Yes,Salle 10,298.0,49.5,0.0
ENSPD003897,Male,21.0,Mecanique,4,79.4,21.0,54.3,62.5,69.9,0.0,0.9,10.0,No,No,Middle,1.0,No,Salle 2,178.0,59.5,1.0
ENSPD003898,Female,21.0,GenieCivil,5,70.9,29.0,68.7,54.6,10.6,1.0,9.8,42.9,Yes,No,Middle,0.0,Yes,Salle 12,70.0,39.7,0.0
ENSPD003899,Male,22.0,Telecom,2,88.8,11.0,68.0,45.3,46.1,0.0,7.7,37.9,Yes,No,Middle,0.0,Yes,Salle 27,161.0,48.9,0.0
ENSPD003900,Female,21.0,Energetique,4,93.1,7.0,64.8,34.1,63.5,1.0,3.2,11.5,No,No,Middle,0.0,No,Salle 27,70.0,57.1,1.0
ENSPD003901,Male,23.0,Energetique,3,83.2,17.0,70.7,88.3,63.8,4.0,0.8,9.1,Yes,Yes,Low,1.0,Yes,Salle 22,104.0,71.0,1.0
ENSPD003902,Male,21.0,Energetique,4,78.8,21.0,91.5,49.4,28.6,2.0,5.5,11.5,Yes,No,Low,2.0,Yes,Salle 24,70.0,49.7,0.0
ENSPD003903,Female,25.0,Informatique,3,82.8,17.0,56.1,45.3,41.6,3.0,13.4,50.6,Yes,No,Middle,2.0,Yes,Salle 12,263.0,47.8,0.0
ENSPD003904,Male,25.0,Informatique,2,84.5,16.0,65.6,61.6,11.8,1.0,1.2,4.2,No,No,Middle,0.0,No,Salle 13,298.0,34.5,0.0
ENSPD003905,Female,20.0,Informatique,2,74.3,26.0,55.3,57.0,37.1,1.0,1.9,11.7,Yes,No,Middle,0.0,Yes,Salle 20,298.0,46.4,0.0
ENSPD003906,Male,22.0,Mecanique,1,67.4,33.0,69.4,91.5,75.6,2.0,0.0,5.9,Yes,No,Middle,2.0,No,Salle 9,186.0,73.2,1.0
ENSPD003907,Male,21.0,Telecom,3,57.4,43.0,56.5,56.1,52.9,1.0,0.1,10.2,Yes,No,Low,0.0,Yes,Salle 8,154.0,52.9,1.0
ENSPD003908,Male,21.0,Telecom,5,97.2,3.0,57.1,100.0,67.4,4.0,1.4,12.0,No,No,Middle,3.0,Yes,Salle 17,60.0,73.3,1.0
ENSPD003909,Male,26.0,Informatique,4,88.0,12.0,43.1,63.1,64.3,1.0,1.9,18.8,Yes,No,Middle,1.0,Yes,Salle 24,230.0,59.5,1.0
ENSPD003910,Male,21.0,Electrique,2,86.4,14.0,66.5,99.0,64.7,1.0,0.7,7.0,Yes,No,Middle,1.0,Yes,Salle 13,185.0,76.6,1.0
ENSPD003911,Male,23.0,Telecom,4,97.2,3.0,71.4,78.1,84.5,1.0,0.2,8.0,No,No,Middle,1.0,Yes,Salle 9,121.0,79.1,1.0
ENSPD003912,Male,23.0,GenieCivil,4,66.9,33.0,92.9,68.5,59.9,1.0,3.0,13.1,Yes,No,High,0.0,Yes,Salle 28,173.0,65.1,1.0
ENSPD003913,Male,20.0,Informatique,2,61.2,39.0,72.0,90.4,82.2,3.0,1.1,10.7,No,No,Middle,1.0,Yes,Salle 1,298.0,77.2,1.0
ENSPD003914,Female,20.0,GenieCivil,1,86.6,13.0,58.3,61.6,63.5,1.0,1.4,11.9,Yes,Yes,Middle,0.0,Yes,Salle 26,149.0,42.3,0.0
ENSPD003915,Female,20.0,Mecanique,1,85.5,14.0,44.6,73.4,63.5,2.0,2.1,11.5,Yes,Yes,Middle,1.0,Yes,Salle 25,186.0,67.5,1.0
ENSPD003916,Male,20.0,Electrique,4,61.2,39.0,46.7,100.0,38.2,1.0,1.6,11.7,No,Yes,Low,0.0,Yes,Salle 1,157.0,59.7,1.0
ENSPD003917,Female,17.0,GenieCivil,4,86.3,14.0,45.6,53.0,42.5,2.0,0.4,11.5,Yes,No,Middle,2.0,Yes,Salle 10,173.0,43.4,0.0
ENSPD003918,Male,23.0,Informatique,2,77.2,23.0,93.2,44.1,49.9,1.0,1.9,13.9,Yes,No,Middle,0.0,No,Salle 23,298.0,55.9,1.0
ENSPD003919,Female,26.0,Energetique,2,72.3,28.0,69.3,49.8,85.7,0.0,0.8,11.0,No,Yes,Middle,1.0,Yes,Salle 2,71.0,71.2,1.0
ENSPD003920,Female,22.0,GenieCivil,4,78.0,22.0,56.3,93.5,46.2,2.0,3.4,15.8,Yes,No,Middle,1.0,Yes,Salle 4,173.0,61.2,1.0
ENSPD003921,Female,19.0,GenieCivil,5,52.7,47.0,65.1,88.1,50.9,1.0,0.4,7.3,Yes,No,Low,1.0,Yes,Salle 15,70.0,58.9,1.0
ENSPD003922,Male,21.0,Energetique,4,74.9,25.0,52.2,52.5,44.8,1.0,0.7,12.8,No,No,Low,1.0,Yes,Salle 29,70.0,47.9,0.0
ENSPD003923,Female,21.0,Informatique,3,82.2,26.0,55.9,19.6,69.1,0.0,1.2,12.8,Yes,No,Middle,4.0,Yes,Salle 15,263.0,52.1,1.0
ENSPD003924,Male,20.0,Informatique,2,88.7,11.0,84.7,58.3,78.9,0.0,2.7,11.5,No,No,Middle,0.0,Yes,Salle 24,298.0,76.1,1.0
ENSPD003925,Other,24.0,Chimie,3,80.1,20.0,64.6,43.8,98.1,3.0,2.6,11.5,Yes,No,Middle,0.0,Yes,Salle 24,130.0,73.7,0.0
ENSPD003926,Male,24.0,Mecanique,2,89.7,10.0,43.3,53.1,100.0,0.0,0.8,14.2,Yes,No,Middle,2.0,Yes,Salle 26,231.0,68.7,1.0
ENSPD003927,Female,20.0,Chimie,4,51.4,49.0,99.7,43.0,77.0,0.0,1.4,11.6,No,No,Middle,0.0,No,Salle 26,93.0,71.0,1.0
ENSPD003928,Female,23.0,Mecanique,2,71.9,28.0,47.9,33.0,71.3,1.0,0.5,10.8,No,Yes,Middle,1.0,No,Salle 20,231.0,48.2,0.0
ENSPD003929,Female,25.0,Informatique,4,88.7,11.0,56.1,61.6,39.7,1.0,2.9,19.8,Yes,No,Low,1.0,No,Salle 4,230.0,61.3,1.0
ENSPD003930,Male,26.0,GenieCivil,2,78.3,22.0,84.7,49.7,100.0,0.0,0.4,7.0,Yes,No,Middle,1.0,No,Salle 22,177.0,72.8,1.0
ENSPD003931,Female,28.0,Informatique,4,92.1,8.0,71.2,87.4,68.3,3.0,3.4,23.8,No,No,Middle,2.0,Yes,Salle 26,230.0,75.0,1.0
ENSPD003932,Male,20.0,Chimie,2,60.3,40.0,58.0,58.0,58.2,2.0,5.5,23.0,Yes,No,High,1.0,Yes,Salle 14,119.0,52.5,1.0
ENSPD003933,Female,28.0,Electrique,2,90.8,9.0,46.5,41.6,63.5,1.0,9.6,45.1,Yes,No,High,0.0,Yes,Salle 21,185.0,55.7,1.0
ENSPD003934,Male,21.0,Telecom,3,74.3,26.0,50.5,71.2,51.3,2.0,3.9,18.4,Yes,No,Middle,2.0,Yes,Salle 25,154.0,56.8,1.0
ENSPD003935,Male,21.0,Chimie,1,73.2,27.0,51.4,55.0,63.5,2.0,0.5,11.5,Yes,No,Low,2.0,Yes,Salle 21,96.0,33.6,0.0
ENSPD003936,Male,23.0,Informatique,5,93.9,6.0,65.1,58.3,75.4,2.0,1.1,9.3,No,No,Middle,1.0,Yes,Salle 6,109.0,66.2,1.0
ENSPD003937,Male,21.0,Chimie,3,95.9,4.0,67.9,64.6,90.8,1.0,0.2,9.6,Yes,No,Middle,1.0,No,Salle 8,130.0,73.7,1.0
ENSPD003938,Male,23.0,Electrique,3,94.4,6.0,62.8,47.4,75.1,0.0,0.4,11.5,No,No,Low,1.0,No,Salle 26,188.0,67.6,1.0
ENSPD003939,Male,19.0,Electrique,4,100.0,0.0,64.4,32.8,63.9,2.0,1.4,11.5,Yes,No,Middle,0.0,Yes,Salle 14,157.0,51.2,1.0
ENSPD003940,Male,22.0,Telecom,4,97.2,3.0,49.2,61.6,64.3,1.0,2.0,15.1,No,No,Low,1.0,Yes,Salle 20,121.0,57.3,1.0
ENSPD003941,Female,25.0,Electrique,3,72.5,28.0,69.4,79.4,67.4,1.0,1.5,12.8,Yes,No,Middle,2.0,No,Salle 10,188.0,61.3,1.0
ENSPD003942,Female,22.0,GenieCivil,5,83.7,16.0,84.2,45.8,66.8,0.0,5.0,24.2,Yes,No,Middle,1.0,Yes,Salle 10,70.0,62.8,1.0
ENSPD003943,Male,22.0,Electrique,1,77.7,22.0,62.6,64.8,62.8,1.0,1.2,13.3,Yes,No,Middle,2.0,Yes,Salle 2,143.0,61.4,1.0
ENSPD003944,Male,23.0,Mecanique,1,100.0,0.0,62.3,89.1,64.5,3.0,2.1,13.0,Yes,No,Middle,0.0,Yes,Salle 18,186.0,64.3,1.0
ENSPD003945,Male,24.0,Informatique,3,95.3,5.0,66.2,60.4,95.1,1.0,1.0,5.9,Yes,No,High,1.0,Yes,Salle 13,263.0,74.2,1.0
ENSPD003946,Male,19.0,Electrique,2,82.2,20.0,81.8,61.6,73.4,1.0,1.4,20.1,Yes,No,Middle,2.0,Yes,Salle 16,185.0,75.5,1.0
ENSPD003947,Female,23.0,Mecanique,2,82.2,8.0,51.6,63.0,66.1,1.0,5.2,27.6,Yes,Yes,Middle,5.0,Yes,Salle 27,231.0,59.4,1.0
ENSPD003948,Female,21.0,Informatique,2,67.2,33.0,86.8,61.6,77.2,1.0,1.1,0.0,No,No,Low,2.0,Yes,Salle 10,298.0,67.0,1.0
ENSPD003949,Male,22.0,Informatique,2,85.0,15.0,71.3,44.1,77.2,0.0,1.4,15.4,Yes,No,Low,1.0,Yes,Salle 29,298.0,63.2,1.0
ENSPD003950,Male,24.0,Electrique,4,70.7,29.0,65.4,44.2,82.9,2.0,0.4,17.9,Yes,Yes,Middle,4.0,Yes,Salle 21,157.0,62.2,1.0
ENSPD003951,Male,20.0,Mecanique,3,61.7,38.0,83.2,68.6,48.9,0.0,2.5,11.7,No,No,Low,2.0,Yes,Salle 16,212.0,61.1,1.0
ENSPD003952,Female,20.0,Chimie,5,91.4,9.0,47.3,75.6,54.4,1.0,0.8,10.7,No,No,Middle,0.0,Yes,Salle 18,48.0,58.2,1.0
ENSPD003953,Female,18.0,Mecanique,4,92.9,7.0,72.8,76.5,47.7,1.0,3.1,13.1,Yes,No,Low,1.0,Yes,Salle 29,178.0,60.4,1.0
ENSPD003954,Male,21.0,GenieCivil,2,87.5,12.0,71.5,55.2,79.3,1.0,2.8,9.6,Yes,No,Middle,0.0,Yes,Salle 18,177.0,71.6,1.0
ENSPD003955,Male,25.0,GenieCivil,2,79.8,20.0,51.0,81.7,78.4,1.0,2.4,12.8,Yes,No,Middle,3.0,Yes,Salle 4,177.0,69.7,1.0
ENSPD003956,Female,22.0,Electrique,2,66.8,33.0,71.9,67.5,38.5,0.0,3.4,13.1,Yes,No,Low,2.0,No,Salle 23,185.0,56.8,1.0
ENSPD003957,Female,19.0,Mecanique,4,68.1,32.0,69.2,63.3,71.8,0.0,2.8,18.3,No,No,Middle,3.0,Yes,Salle 17,178.0,66.1,1.0
ENSPD003958,Male,21.0,Energetique,1,70.4,30.0,62.3,1.9,91.4,1.0,2.0,16.5,Yes,No,Middle,2.0,No,Salle 5,83.0,59.4,1.0
ENSPD003959,Male,19.0,Energetique,2,79.2,21.0,77.9,61.6,59.3,0.0,0.0,12.0,No,No,Middle,0.0,No,Salle 19,71.0,60.9,1.0
ENSPD003960,Male,20.0,Telecom,4,94.9,5.0,56.4,61.6,63.5,1.0,1.4,11.2,No,Yes,Middle,1.0,Yes,Salle 3,121.0,54.2,1.0
ENSPD003961,Male,23.0,Telecom,3,94.7,5.0,69.1,73.3,78.6,2.0,1.8,15.7,Yes,No,Low,1.0,Yes,Salle 24,154.0,73.7,1.0
ENSPD003962,Male,20.0,GenieCivil,2,62.2,38.0,63.0,63.7,37.6,1.0,6.5,32.6,Yes,No,Middle,2.0,Yes,Salle 12,177.0,49.9,0.0
ENSPD003963,Male,24.0,GenieCivil,1,73.7,26.0,65.1,42.7,67.0,1.0,2.1,11.5,No,No,Middle,5.0,Yes,Salle 29,149.0,52.6,1.0
ENSPD003964,Female,22.0,Chimie,4,73.4,27.0,72.5,67.5,63.5,2.0,1.7,7.8,Yes,No,High,4.0,Yes,Salle 4,93.0,74.3,1.0
ENSPD003965,Male,22.0,Electrique,4,51.6,48.0,61.9,36.4,63.5,3.0,1.6,10.4,Yes,Yes,Middle,1.0,No,Salle 27,157.0,42.0,0.0
ENSPD003966,Female,21.0,Telecom,2,88.8,11.0,42.9,43.2,80.6,2.0,0.2,4.3,Yes,No,Low,0.0,No,Salle 28,161.0,61.1,1.0
ENSPD003967,Male,24.0,Chimie,2,79.0,21.0,65.1,49.2,64.5,1.0,1.1,11.8,Yes,Yes,Low,1.0,Yes,Salle 22,119.0,56.5,1.0
ENSPD003968,Male,24.0,Energetique,4,80.6,19.0,76.8,71.7,50.5,1.0,0.3,0.0,Yes,No,Middle,1.0,Yes,Salle 10,70.0,61.1,1.0
ENSPD003969,Female,23.0,Mecanique,4,98.2,2.0,46.7,87.2,62.1,1.0,1.4,9.6,Yes,Yes,Low,2.0,Yes,Salle 17,178.0,64.9,1.0
ENSPD003970,Male,23.0,Telecom,4,83.1,17.0,69.2,51.5,53.5,4.0,0.8,7.1,Yes,Yes,Middle,0.0,Yes,Salle 18,121.0,54.6,1.0
ENSPD003971,Female,22.0,Electrique,3,76.8,23.0,65.8,85.8,46.2,3.0,2.1,10.7,Yes,Yes,Middle,0.0,Yes,Salle 24,188.0,60.3,1.0
ENSPD003972,Male,23.0,Electrique,5,88.9,11.0,59.5,62.9,58.9,3.0,1.4,11.5,Yes,Yes,Middle,2.0,Yes,Salle 6,80.0,60.0,1.0
ENSPD003973,Male,21.0,Mecanique,2,94.7,5.0,65.1,66.3,65.4,0.0,3.3,18.1,Yes,No,Low,2.0,No,Salle 24,231.0,79.0,1.0
ENSPD003974,Female,22.0,Chimie,1,85.6,14.0,67.7,60.9,60.7,0.0,0.7,8.4,Yes,No,High,2.0,Yes,Salle 23,96.0,61.7,1.0
ENSPD003975,Male,21.0,Telecom,3,90.3,10.0,76.3,58.4,58.7,0.0,0.1,10.6,Yes,No,Middle,0.0,Yes,Salle 29,154.0,60.3,1.0
ENSPD003976,Female,21.0,Informatique,3,80.3,20.0,69.3,69.9,68.5,0.0,1.0,1.8,No,No,High,0.0,Yes,Salle 22,263.0,65.3,1.0
ENSPD003977,Male,21.0,Electrique,4,81.0,19.0,61.5,75.3,74.6,0.0,0.8,2.6,No,No,High,1.0,Yes,Salle 3,157.0,72.1,1.0
ENSPD003978,Male,23.0,Mecanique,1,83.4,17.0,64.7,46.1,41.1,1.0,0.9,6.4,No,No,Middle,1.0,Yes,Salle 5,186.0,50.5,1.0
ENSPD003979,Male,25.0,Energetique,4,73.0,27.0,86.9,58.6,59.0,2.0,1.6,17.0,No,No,Low,1.0,Yes,Salle 23,70.0,60.2,1.0
ENSPD003980,Male,24.0,GenieCivil,2,75.2,25.0,81.3,92.0,24.5,1.0,0.1,8.6,No,No,Middle,3.0,Yes,Salle 4,177.0,57.9,1.0
ENSPD003981,Female,19.0,Mecanique,3,98.5,2.0,94.3,65.2,60.8,0.0,0.9,8.1,No,No,Middle,1.0,No,Salle 6,212.0,72.2,1.0
ENSPD003982,Female,25.0,Mecanique,1,100.0,0.0,68.3,67.2,67.0,4.0,1.6,13.8,No,No,Middle,2.0,Yes,Salle 17,186.0,69.5,1.0
ENSPD003983,Male,21.0,Electrique,3,100.0,0.0,51.8,83.0,75.4,3.0,1.1,12.8,No,No,Middle,1.0,No,Salle 2,188.0,75.9,1.0
ENSPD003984,Male,23.0,Informatique,4,66.1,34.0,58.4,53.0,67.1,1.0,2.2,15.9,Yes,Yes,Middle,0.0,Yes,Salle 24,230.0,57.0,1.0
ENSPD003985,Female,20.0,Electrique,2,65.0,35.0,47.2,61.4,75.0,0.0,0.4,10.9,Yes,No,Low,1.0,No,Salle 22,185.0,58.4,1.0
ENSPD003986,Female,22.0,Energetique,1,67.7,32.0,76.5,76.7,65.3,1.0,0.3,6.9,Yes,No,Middle,3.0,Yes,Salle 10,83.0,70.5,1.0
ENSPD003987,Male,23.0,Telecom,3,83.6,16.0,56.2,84.3,50.5,1.0,0.7,9.8,No,No,Low,1.0,Yes,Salle 15,154.0,60.9,1.0
ENSPD003988,Male,19.0,Informatique,4,48.3,52.0,19.2,19.4,41.7,1.0,0.2,7.8,Yes,No,Middle,1.0,No,Salle 6,230.0,26.4,0.0
ENSPD003989,Male,23.0,Energetique,2,74.9,25.0,65.1,48.7,58.7,0.0,0.5,5.4,No,No,Middle,1.0,Yes,Salle 24,71.0,67.3,1.0
ENSPD003990,Female,25.0,Electrique,2,98.9,1.0,56.4,44.0,48.7,1.0,0.2,5.3,Yes,No,Middle,2.0,Yes,Salle 24,185.0,50.9,1.0
ENSPD003991,Male,22.0,Informatique,2,93.8,6.0,56.4,59.8,61.6,0.0,1.0,11.0,Yes,No,Middle,1.0,No,Salle 16,298.0,57.2,1.0
ENSPD003992,Male,25.0,Informatique,5,75.9,24.0,90.1,45.4,54.2,0.0,2.5,11.1,Yes,No,Middle,1.0,No,Salle 17,109.0,61.7,1.0
ENSPD003993,Female,22.0,Informatique,2,76.8,23.0,46.9,74.0,72.4,1.0,0.7,4.9,No,No,Low,0.0,Yes,Salle 25,298.0,59.1,1.0
ENSPD003994,Male,24.0,Telecom,1,88.8,11.0,82.0,65.1,65.0,0.0,0.0,4.0,Yes,No,High,1.0,Yes,Salle 4,121.0,70.7,1.0
ENSPD003995,Male,18.0,Informatique,4,93.2,7.0,56.2,78.0,72.9,0.0,1.6,11.6,Yes,No,Middle,1.0,No,Salle 2,230.0,69.1,1.0
ENSPD003996,Male,27.0,Mecanique,3,82.2,24.0,45.1,79.2,72.8,3.0,2.4,14.5,No,No,Middle,1.0,Yes,Salle 19,212.0,59.9,1.0
ENSPD003997,Male,25.0,Chimie,1,79.2,21.0,90.6,74.2,60.4,3.0,1.0,8.9,No,No,Low,0.0,Yes,Salle 7,96.0,73.6,1.0
ENSPD003998,Male,21.0,Electrique,5,75.2,25.0,78.8,61.6,61.6,0.0,0.7,8.3,Yes,Yes,Middle,3.0,No,Salle 9,80.0,60.7,1.0
ENSPD003999,Male,18.0,Chimie,3,66.0,34.0,78.8,63.9,74.0,0.0,1.3,11.5,Yes,No,Low,2.0,Yes,Salle 23,130.0,72.8,1.0
ENSPD004000,Male,23.0,Chimie,3,79.4,21.0,70.5,53.7,100.0,2.0,0.2,3.1,No,No,Middle,1.0,Yes,Salle 28,130.0,75.5,1.0
ENSPD004001,Male,19.0,Informatique,2,78.4,22.0,74.0,37.4,44.2,0.0,2.1,13.5,No,Yes,Middle,1.0,Yes,Salle 17,298.0,47.8,0.0
ENSPD004002,Female,23.0,Telecom,4,66.9,33.0,46.5,79.2,64.8,1.0,2.6,18.0,Yes,No,High,1.0,Yes,Salle 22,121.0,59.8,1.0
ENSPD004003,Female,23.0,Mecanique,2,89.8,10.0,66.7,60.5,40.1,2.0,2.4,18.0,Yes,No,Low,3.0,Yes,Salle 22,231.0,52.3,1.0
ENSPD004004,Male,20.0,Electrique,2,87.8,12.0,51.1,35.0,63.6,1.0,0.8,0.2,No,No,Low,0.0,Yes,Salle 15,185.0,47.9,0.0
ENSPD004005,Male,22.0,Electrique,1,82.2,10.0,65.1,71.7,50.5,1.0,3.7,15.8,No,No,Middle,1.0,Yes,Salle 21,143.0,55.1,1.0
ENSPD004006,Male,24.0,Informatique,4,72.8,27.0,71.2,58.0,61.6,2.0,5.9,32.4,Yes,Yes,Middle,1.0,Yes,Salle 17,230.0,57.3,1.0
ENSPD004007,Male,24.0,Energetique,3,58.2,42.0,82.4,24.9,67.1,1.0,0.7,6.7,Yes,No,High,0.0,No,Salle 21,104.0,54.1,1.0
ENSPD004008,Male,22.0,GenieCivil,3,87.6,12.0,59.2,37.3,54.2,1.0,0.6,0.1,Yes,No,Middle,0.0,No,Salle 21,185.0,50.8,1.0
ENSPD004009,Female,19.0,Informatique,1,74.0,26.0,61.8,49.4,28.3,1.0,1.4,19.5,No,No,Middle,0.0,Yes,Salle 27,248.0,43.7,0.0
ENSPD004010,Male,24.0,Energetique,3,71.3,29.0,47.9,65.8,92.5,1.0,2.5,19.0,Yes,No,Middle,1.0,No,Salle 13,104.0,68.1,1.0
ENSPD004011,Male,21.0,Electrique,4,66.9,33.0,65.1,76.2,63.5,0.0,1.4,5.9,Yes,No,Middle,1.0,Yes,Salle 24,157.0,67.1,1.0
ENSPD004012,Male,19.0,Electrique,2,78.7,21.0,65.1,75.6,61.4,3.0,5.1,20.7,Yes,No,High,0.0,Yes,Salle 5,185.0,69.6,1.0
ENSPD004013,Female,25.0,GenieCivil,4,100.0,0.0,76.9,72.9,46.1,1.0,0.3,11.5,No,No,Middle,0.0,Yes,Salle 21,173.0,59.5,1.0
ENSPD004014,Male,26.0,Telecom,2,75.9,24.0,73.2,61.4,65.7,3.0,1.3,11.5,Yes,No,Low,3.0,Yes,Salle 9,161.0,67.6,1.0
ENSPD004015,Female,22.0,Informatique,4,68.9,31.0,55.7,93.0,71.2,1.0,0.1,10.3,Yes,No,Low,1.0,No,Salle 22,230.0,76.0,1.0
ENSPD004016,Male,26.0,Mecanique,1,89.8,10.0,55.2,74.6,79.4,0.0,0.1,11.6,No,No,High,1.0,Yes,Salle 14,186.0,73.7,1.0
ENSPD004017,Female,22.0,GenieCivil,3,84.1,16.0,76.9,66.0,81.2,1.0,0.1,0.0,No,No,Middle,1.0,Yes,Salle 9,185.0,72.6,1.0
ENSPD004018,Female,21.0,Informatique,5,56.6,43.0,77.2,72.2,85.0,2.0,1.4,7.0,No,No,Middle,0.0,No,Salle 28,109.0,70.3,1.0
ENSPD004019,Male,21.0,Electrique,5,89.9,10.0,62.4,54.8,29.2,0.0,1.8,16.3,Yes,No,Middle,1.0,Yes,Salle 26,80.0,49.4,0.0
ENSPD004020,Male,25.0,Mecanique,2,100.0,0.0,58.6,61.6,57.9,1.0,0.0,0.0,No,No,Low,0.0,No,Salle 11,231.0,59.5,1.0
ENSPD004021,Male,20.0,Mecanique,2,50.8,49.0,82.5,24.5,83.9,2.0,2.0,8.7,No,Yes,Middle,3.0,Yes,Salle 25,231.0,62.6,1.0
ENSPD004022,Male,23.0,Informatique,1,67.2,33.0,59.6,55.0,45.5,2.0,1.3,9.4,No,No,Middle,1.0,Yes,Salle 4,248.0,53.1,1.0
ENSPD004023,Female,21.0,Chimie,4,47.8,52.0,76.2,93.7,88.4,3.0,0.5,6.5,Yes,No,Middle,0.0,Yes,Salle 12,93.0,77.4,1.0
ENSPD004024,Female,21.0,Telecom,3,81.1,19.0,62.9,64.7,100.0,0.0,0.0,11.5,Yes,No,High,1.0,Yes,Salle 3,154.0,78.0,1.0
ENSPD004025,Female,24.0,Mecanique,2,93.9,6.0,49.3,63.9,87.8,1.0,0.3,8.5,No,No,Middle,0.0,Yes,Salle 7,231.0,64.9,1.0
ENSPD004026,Female,21.0,Electrique,1,83.3,17.0,89.2,80.0,77.2,0.0,1.8,13.0,Yes,No,Middle,1.0,Yes,Salle 20,143.0,75.2,1.0
ENSPD004027,Male,21.0,Mecanique,5,98.7,1.0,65.1,68.4,55.0,0.0,2.2,13.2,No,Yes,Middle,2.0,Yes,Salle 6,67.0,68.4,1.0
ENSPD004028,Male,24.0,Electrique,3,92.0,8.0,54.3,47.8,69.6,0.0,2.1,9.2,No,No,Middle,1.0,Yes,Salle 22,188.0,55.0,1.0
ENSPD004029,Female,25.0,Informatique,2,100.0,0.0,44.1,62.4,37.1,0.0,0.3,11.1,No,No,Middle,1.0,Yes,Salle 24,298.0,43.6,0.0
ENSPD004030,Male,23.0,GenieCivil,2,95.9,4.0,45.6,41.6,48.4,0.0,4.8,24.8,No,No,Middle,3.0,Yes,Salle 30,177.0,38.0,0.0
ENSPD004031,Female,21.0,Electrique,2,77.2,23.0,59.4,61.6,49.8,1.0,1.1,12.0,Yes,No,Low,1.0,Yes,Salle 25,185.0,59.2,1.0
ENSPD004032,Male,21.0,Telecom,3,82.8,17.0,93.9,46.9,65.2,1.0,2.9,11.5,Yes,No,Middle,0.0,No,Salle 15,154.0,67.7,1.0
ENSPD004033,Male,22.0,Mecanique,5,71.6,28.0,56.2,78.7,63.5,3.0,0.4,7.1,No,Yes,Middle,1.0,Yes,Salle 26,67.0,66.6,1.0
ENSPD004034,Other,23.0,Chimie,4,79.2,21.0,86.7,52.8,69.2,1.0,1.4,10.6,No,Yes,Middle,1.0,Yes,Salle 22,93.0,64.9,1.0
ENSPD004035,Male,20.0,Electrique,2,82.2,17.0,63.0,47.2,63.5,1.0,1.5,11.5,Yes,No,Middle,1.0,Yes,Salle 30,185.0,64.3,1.0
ENSPD004036,Other,23.0,Telecom,4,81.0,19.0,47.3,60.0,49.8,1.0,2.9,16.0,Yes,No,Middle,3.0,Yes,Salle 29,121.0,50.6,1.0
ENSPD004037,Female,22.0,Mecanique,2,98.1,2.0,57.9,68.6,67.0,1.0,1.9,10.2,Yes,Yes,Low,0.0,No,Salle 1,231.0,64.8,1.0
ENSPD004038,Female,19.0,Mecanique,2,78.0,22.0,45.8,61.6,55.7,2.0,1.0,11.1,Yes,No,High,2.0,Yes,Salle 4,231.0,48.6,0.0
ENSPD004039,Female,22.0,Telecom,5,70.8,29.0,52.2,52.6,67.8,4.0,0.7,12.3,Yes,No,Middle,1.0,Yes,Salle 2,60.0,56.9,1.0
ENSPD004040,Male,21.0,Informatique,2,71.6,28.0,51.7,63.9,77.7,2.0,7.2,34.8,Yes,No,Middle,0.0,No,Salle 6,298.0,63.7,1.0
ENSPD004041,Female,22.0,Informatique,2,89.9,10.0,65.1,86.1,82.4,1.0,0.7,14.2,Yes,Yes,Middle,3.0,Yes,Salle 2,298.0,69.4,1.0
ENSPD004042,Male,26.0,Informatique,5,65.2,35.0,87.7,16.5,77.4,1.0,1.4,4.4,No,No,Low,0.0,Yes,Salle 15,109.0,59.9,1.0
ENSPD004043,Male,22.0,Telecom,1,79.6,20.0,68.2,73.1,72.3,1.0,0.7,16.4,Yes,No,Middle,0.0,Yes,Salle 5,121.0,64.7,1.0
ENSPD004044,Female,20.0,Informatique,4,97.9,2.0,54.7,55.1,35.6,0.0,0.8,10.0,Yes,No,Middle,3.0,Yes,Salle 23,230.0,48.1,0.0
ENSPD004045,Male,22.0,Telecom,5,85.5,14.0,68.3,53.1,42.4,1.0,0.3,0.0,Yes,No,High,3.0,Yes,Salle 22,60.0,56.5,1.0
ENSPD004046,Male,21.0,GenieCivil,3,81.1,19.0,52.5,61.6,47.5,1.0,2.5,22.6,No,No,Middle,1.0,Yes,Salle 20,185.0,48.3,0.0
ENSPD004047,Male,23.0,Informatique,1,81.6,18.0,24.9,55.4,71.2,3.0,1.9,8.8,Yes,No,Low,0.0,Yes,Salle 21,248.0,52.0,1.0
ENSPD004048,Male,23.0,GenieCivil,2,69.6,30.0,100.0,73.2,38.2,1.0,0.8,9.0,Yes,No,Middle,1.0,No,Salle 14,177.0,64.1,1.0
ENSPD004049,Female,24.0,Informatique,1,71.7,28.0,67.8,52.3,70.8,2.0,9.9,46.6,Yes,Yes,High,0.0,No,Salle 13,248.0,62.2,1.0
ENSPD004050,Male,22.0,Electrique,2,79.7,20.0,56.2,91.9,69.3,0.0,2.1,13.7,Yes,No,Middle,3.0,Yes,Salle 13,185.0,69.6,1.0
ENSPD004051,Female,25.0,Electrique,4,85.3,15.0,65.1,73.2,25.3,2.0,2.4,14.1,Yes,No,Middle,1.0,Yes,Salle 22,157.0,44.7,0.0
ENSPD004052,Female,24.0,GenieCivil,2,93.4,7.0,42.6,65.6,42.2,1.0,1.6,8.8,Yes,No,Low,2.0,Yes,Salle 8,177.0,47.4,0.0
ENSPD004053,Female,21.0,Informatique,2,83.1,17.0,89.8,59.0,84.9,1.0,1.6,9.3,No,No,Middle,0.0,Yes,Salle 26,298.0,80.3,0.0
ENSPD004054,Male,26.0,Electrique,3,82.2,2.0,87.5,83.4,63.5,1.0,0.0,9.8,No,No,Middle,1.0,No,Salle 27,188.0,81.5,1.0
ENSPD004055,Female,23.0,Telecom,3,100.0,0.0,76.3,86.0,47.0,3.0,1.4,12.5,No,Yes,Middle,2.0,No,Salle 15,154.0,70.0,1.0
ENSPD004056,Male,20.0,Chimie,4,91.5,8.0,48.3,41.1,43.3,1.0,4.8,24.4,Yes,No,Low,1.0,Yes,Salle 20,93.0,44.1,0.0
ENSPD004057,Female,25.0,Telecom,2,96.7,3.0,87.6,49.4,15.0,1.0,0.3,9.0,Yes,No,Low,1.0,Yes,Salle 13,161.0,49.1,0.0
ENSPD004058,Male,26.0,Informatique,4,70.1,30.0,71.7,73.4,93.4,1.0,3.2,13.6,Yes,No,Middle,1.0,Yes,Salle 6,230.0,77.2,1.0
ENSPD004059,Female,22.0,Telecom,3,68.2,32.0,74.8,78.9,64.8,0.0,1.5,12.9,Yes,No,Middle,1.0,Yes,Salle 29,154.0,69.3,1.0
ENSPD004060,Other,21.0,Mecanique,2,88.2,12.0,71.7,56.6,100.0,2.0,0.7,12.0,Yes,No,Low,0.0,Yes,Salle 25,231.0,76.3,1.0
ENSPD004061,Male,22.0,Informatique,2,65.9,34.0,42.4,48.6,60.2,0.0,5.1,26.8,Yes,No,Low,0.0,Yes,Salle 25,298.0,46.7,0.0
ENSPD004062,Male,23.0,Telecom,2,78.5,22.0,47.0,63.4,69.7,2.0,0.0,9.5,Yes,No,Middle,1.0,Yes,Salle 25,161.0,56.9,1.0
ENSPD004063,Female,25.0,Energetique,3,91.3,9.0,57.3,61.6,81.8,3.0,1.4,7.2,Yes,No,Middle,1.0,Yes,Salle 26,104.0,75.8,1.0
ENSPD004064,Male,23.0,Electrique,2,99.0,1.0,74.7,62.7,96.8,0.0,4.3,18.8,Yes,Yes,Middle,1.0,Yes,Salle 7,185.0,79.2,1.0
ENSPD004065,Female,22.0,Mecanique,5,78.9,21.0,44.3,39.2,74.0,1.0,1.3,9.6,Yes,No,Low,0.0,No,Salle 11,67.0,48.8,0.0
ENSPD004066,Male,25.0,Mecanique,3,74.2,26.0,62.4,64.0,64.0,1.0,1.8,6.7,No,No,Middle,1.0,Yes,Salle 28,212.0,64.6,1.0
ENSPD004067,Male,21.0,GenieCivil,5,85.8,14.0,62.4,76.1,64.6,1.0,2.8,25.7,No,No,Middle,0.0,No,Salle 22,70.0,63.7,1.0
ENSPD004068,Female,24.0,Telecom,1,69.1,31.0,65.1,60.2,43.1,0.0,0.3,6.2,Yes,No,Low,1.0,Yes,Salle 4,121.0,58.3,1.0
ENSPD004069,Female,21.0,Informatique,2,79.9,20.0,75.1,61.6,56.4,0.0,0.5,0.0,No,No,Low,2.0,Yes,Salle 14,298.0,68.9,1.0
ENSPD004070,Male,23.0,Telecom,1,81.9,18.0,49.8,77.6,65.0,2.0,13.2,55.2,No,No,Middle,2.0,No,Salle 10,121.0,60.7,1.0
ENSPD004071,Male,22.0,Mecanique,2,81.7,18.0,86.7,60.9,91.6,1.0,0.5,6.2,Yes,No,Middle,0.0,Yes,Salle 8,231.0,77.0,1.0
ENSPD004072,Female,22.0,Chimie,4,83.1,17.0,47.6,62.8,55.4,2.0,1.5,5.9,No,No,Middle,1.0,No,Salle 23,93.0,48.0,0.0
ENSPD004073,Female,21.0,Telecom,1,72.0,28.0,81.4,28.8,85.3,3.0,0.7,2.6,Yes,No,Middle,0.0,Yes,Salle 12,121.0,62.6,1.0
ENSPD004074,Female,25.0,GenieCivil,2,73.3,27.0,56.7,83.8,62.4,0.0,3.8,18.8,No,No,Middle,1.0,Yes,Salle 9,177.0,64.3,1.0
ENSPD004075,Female,21.0,Mecanique,1,73.0,27.0,67.5,56.1,88.9,1.0,6.5,33.2,Yes,No,Low,2.0,No,Salle 25,186.0,68.0,1.0
ENSPD004076,Male,21.0,Chimie,2,62.6,37.0,68.4,54.8,77.5,0.0,0.3,10.0,No,No,Low,3.0,Yes,Salle 29,119.0,64.3,1.0
ENSPD004077,Male,26.0,GenieCivil,4,86.1,14.0,68.0,52.1,76.2,0.0,1.8,16.7,Yes,No,Low,2.0,No,Salle 6,173.0,66.9,1.0
ENSPD004078,Male,24.0,Electrique,3,92.7,7.0,75.1,70.2,83.6,2.0,3.3,15.8,Yes,No,Middle,1.0,No,Salle 6,188.0,73.6,1.0
ENSPD004079,Female,17.0,Electrique,4,91.6,8.0,70.9,41.7,80.7,1.0,3.5,8.3,Yes,No,High,1.0,Yes,Salle 13,157.0,65.4,1.0
ENSPD004080,Male,21.0,Informatique,2,78.9,21.0,76.8,44.3,85.3,0.0,1.2,16.9,Yes,No,Low,1.0,No,Salle 25,298.0,69.6,1.0
ENSPD004081,Female,18.0,Telecom,5,72.3,28.0,72.0,61.1,63.5,1.0,0.5,6.1,No,No,Low,1.0,Yes,Salle 12,60.0,80.5,1.0
ENSPD004082,Male,20.0,Informatique,3,90.9,9.0,46.0,50.7,96.3,0.0,1.0,7.3,No,No,Middle,1.0,Yes,Salle 8,263.0,61.8,1.0
ENSPD004083,Female,17.0,Energetique,2,89.7,10.0,69.0,68.0,63.5,0.0,2.8,21.2,Yes,No,Low,1.0,Yes,Salle 8,71.0,69.1,1.0
ENSPD004084,Female,22.0,Mecanique,2,84.6,15.0,56.5,51.4,55.2,0.0,10.2,44.6,Yes,No,Low,1.0,Yes,Salle 28,231.0,49.6,0.0
ENSPD004085,Male,20.0,Chimie,5,82.2,0.0,48.4,90.7,71.3,1.0,1.6,13.4,No,No,Low,1.0,Yes,Salle 22,48.0,73.5,1.0
ENSPD004086,Male,22.0,Mecanique,3,81.7,18.0,65.1,74.5,25.5,1.0,0.4,7.6,Yes,No,Middle,3.0,Yes,Salle 3,212.0,53.3,1.0
ENSPD004087,Male,19.0,Mecanique,3,78.9,21.0,67.7,74.3,80.6,2.0,0.1,0.5,No,No,Middle,1.0,Yes,Salle 28,212.0,71.7,1.0
ENSPD004088,Female,22.0,Mecanique,2,77.2,23.0,68.7,51.1,42.8,1.0,5.8,23.9,Yes,No,Low,2.0,Yes,Salle 18,231.0,52.8,1.0
ENSPD004089,Female,21.0,Chimie,2,63.3,37.0,80.8,100.0,86.4,0.0,1.3,9.3,No,No,Middle,1.0,Yes,Salle 10,119.0,83.3,1.0
ENSPD004090,Male,25.0,Electrique,4,89.9,10.0,65.1,54.1,100.0,2.0,2.5,14.9,No,No,Middle,2.0,Yes,Salle 4,157.0,78.5,1.0
ENSPD004091,Female,25.0,Telecom,3,80.7,19.0,65.1,49.2,35.0,0.0,2.2,11.3,Yes,No,Middle,1.0,Yes,Salle 21,154.0,48.4,0.0
ENSPD004092,Male,24.0,Mecanique,3,88.1,12.0,72.8,74.7,63.0,1.0,4.4,20.1,No,No,Middle,2.0,Yes,Salle 29,212.0,68.3,1.0
ENSPD004093,Male,21.0,Electrique,3,100.0,0.0,66.4,65.5,42.7,2.0,0.6,7.1,Yes,Yes,Middle,0.0,Yes,Salle 29,188.0,58.6,1.0
ENSPD004094,Female,26.0,Chimie,1,77.3,23.0,76.5,47.3,29.4,2.0,1.2,7.0,No,No,Middle,0.0,Yes,Salle 2,96.0,50.2,1.0
ENSPD004095,Male,19.0,Informatique,4,53.9,46.0,72.3,100.0,61.9,0.0,4.9,28.2,Yes,No,Low,0.0,Yes,Salle 9,230.0,75.0,1.0
ENSPD004096,Male,19.0,GenieCivil,5,87.8,12.0,64.2,79.6,76.7,0.0,1.8,13.4,No,No,Low,0.0,Yes,Salle 22,70.0,73.0,1.0
ENSPD004097,Male,22.0,GenieCivil,4,84.0,16.0,97.3,62.1,79.1,1.0,0.1,3.3,Yes,Yes,Low,0.0,Yes,Salle 11,173.0,77.6,1.0
ENSPD004098,Male,27.0,Mecanique,2,73.2,27.0,56.8,100.0,67.1,1.0,0.4,9.0,Yes,Yes,Middle,0.0,Yes,Salle 16,231.0,73.8,1.0
ENSPD004099,Male,22.0,Mecanique,2,86.8,13.0,86.8,76.6,30.7,2.0,0.5,12.3,Yes,No,Middle,1.0,Yes,Salle 14,231.0,58.8,1.0
ENSPD004100,Male,22.0,Electrique,4,91.4,9.0,44.7,61.8,66.5,1.0,10.2,46.5,No,No,High,2.0,Yes,Salle 13,157.0,61.4,1.0
ENSPD004101,Female,19.0,Informatique,3,70.6,29.0,65.1,100.0,34.1,1.0,0.5,1.2,Yes,No,Middle,0.0,No,Salle 12,263.0,63.2,1.0
ENSPD004102,Male,24.0,Electrique,3,78.4,22.0,86.5,73.9,35.5,2.0,4.1,27.7,No,No,High,1.0,Yes,Salle 1,188.0,55.6,1.0
ENSPD004103,Male,24.0,Energetique,5,99.7,0.0,36.4,73.1,44.1,1.0,0.2,12.5,Yes,Yes,High,0.0,No,Salle 3,40.0,48.6,0.0
ENSPD004104,Male,24.0,Electrique,3,73.3,27.0,67.1,55.0,85.0,0.0,0.4,11.5,No,No,Middle,0.0,Yes,Salle 17,188.0,63.5,1.0
ENSPD004105,Male,21.0,Electrique,3,82.8,17.0,75.7,62.9,74.9,0.0,4.1,23.9,Yes,No,Middle,2.0,Yes,Salle 4,188.0,66.5,1.0
ENSPD004106,Female,21.0,Informatique,1,50.5,50.0,65.1,54.6,70.5,0.0,4.6,11.5,No,No,Middle,1.0,Yes,Salle 9,248.0,61.8,1.0
ENSPD004107,Female,19.0,Telecom,1,64.2,36.0,70.7,87.9,46.7,2.0,0.4,7.2,No,No,Middle,0.0,Yes,Salle 27,121.0,64.3,1.0
ENSPD004108,Male,22.0,Mecanique,1,83.9,16.0,67.0,33.0,56.2,1.0,0.5,7.4,Yes,No,Middle,0.0,Yes,Salle 20,186.0,52.1,1.0
ENSPD004109,Female,20.0,Electrique,5,96.7,3.0,48.6,86.6,63.5,0.0,1.5,6.4,No,Yes,Middle,0.0,No,Salle 7,80.0,55.8,1.0
ENSPD004110,Male,20.0,Energetique,2,65.7,34.0,65.1,46.2,63.5,2.0,0.1,0.8,Yes,No,High,3.0,Yes,Salle 8,71.0,76.0,1.0
ENSPD004111,Male,21.0,Electrique,2,82.9,17.0,65.1,61.0,100.0,2.0,5.8,24.7,Yes,No,Middle,0.0,Yes,Salle 26,185.0,75.7,1.0
ENSPD004112,Male,21.0,Chimie,4,82.2,22.0,71.5,56.7,75.1,0.0,0.9,0.6,Yes,No,Low,1.0,No,Salle 24,93.0,71.5,1.0
ENSPD004113,Male,21.0,GenieCivil,3,93.4,7.0,55.3,52.6,78.6,0.0,1.3,11.5,Yes,No,Middle,3.0,Yes,Salle 25,185.0,65.6,1.0
ENSPD004114,Male,23.0,Informatique,3,67.4,33.0,30.9,74.4,60.8,1.0,0.2,5.8,Yes,No,Middle,1.0,Yes,Salle 12,263.0,52.7,1.0
ENSPD004115,Female,22.0,Chimie,2,87.2,13.0,51.1,61.9,31.6,1.0,0.1,0.0,Yes,No,Middle,2.0,No,Salle 17,119.0,47.5,0.0
ENSPD004116,Male,21.0,Informatique,4,74.2,26.0,43.3,50.0,47.1,1.0,1.3,6.4,Yes,Yes,Low,2.0,Yes,Salle 12,230.0,47.5,0.0
ENSPD004117,Female,22.0,Electrique,1,84.7,15.0,81.4,64.8,54.7,1.0,0.3,5.3,Yes,No,Middle,1.0,Yes,Salle 23,143.0,61.2,1.0
ENSPD004118,Male,20.0,Informatique,1,82.8,17.0,55.9,49.5,56.3,1.0,2.0,9.9,No,No,Middle,0.0,Yes,Salle 21,248.0,50.3,1.0
ENSPD004119,Male,22.0,Telecom,1,79.0,21.0,57.3,52.3,51.7,0.0,3.2,16.5,Yes,Yes,Middle,1.0,Yes,Salle 9,121.0,51.6,1.0
ENSPD004120,Female,22.0,Informatique,2,87.7,12.0,49.0,35.0,65.0,3.0,0.1,6.5,Yes,No,Middle,0.0,Yes,Salle 5,298.0,49.1,0.0
ENSPD004121,Male,19.0,GenieCivil,2,82.5,18.0,66.4,61.6,47.0,2.0,1.4,16.4,Yes,No,Middle,1.0,Yes,Salle 13,177.0,54.2,1.0
ENSPD004122,Male,24.0,Electrique,3,80.4,20.0,54.3,70.9,100.0,2.0,3.4,15.7,No,No,Middle,1.0,Yes,Salle 18,188.0,76.3,1.0
ENSPD004123,Female,20.0,GenieCivil,1,77.7,22.0,79.9,62.7,36.7,1.0,1.2,8.6,No,Yes,Middle,2.0,Yes,Salle 15,149.0,60.1,1.0
ENSPD004124,Female,22.0,Mecanique,3,82.9,17.0,69.5,94.7,81.7,3.0,6.4,21.8,No,No,High,2.0,Yes,Salle 5,212.0,81.4,1.0
ENSPD004125,Female,24.0,GenieCivil,1,84.7,15.0,56.4,100.0,58.8,3.0,0.2,8.2,Yes,No,Middle,2.0,Yes,Salle 16,149.0,74.9,1.0
ENSPD004126,Female,24.0,Mecanique,1,70.1,30.0,77.8,53.6,63.5,1.0,0.8,4.8,No,No,Low,1.0,Yes,Salle 9,186.0,64.5,1.0
ENSPD004127,Female,22.0,GenieCivil,3,77.8,22.0,65.1,47.0,74.2,1.0,0.5,8.4,No,No,Middle,2.0,No,Salle 1,185.0,57.7,1.0
ENSPD004128,Female,21.0,Mecanique,5,69.3,31.0,65.3,82.3,67.1,0.0,1.4,48.1,No,No,High,1.0,Yes,Salle 7,67.0,68.5,1.0
ENSPD004129,Male,24.0,Electrique,4,81.5,18.0,43.1,61.6,41.3,1.0,0.7,16.7,Yes,Yes,Low,3.0,Yes,Salle 19,157.0,47.7,0.0
ENSPD004130,Male,23.0,Mecanique,5,74.9,25.0,63.9,82.4,63.5,1.0,1.0,16.3,Yes,Yes,Middle,1.0,Yes,Salle 29,67.0,65.0,1.0
ENSPD004131,Male,21.0,Energetique,3,91.2,9.0,69.8,69.2,67.4,0.0,3.8,22.7,Yes,No,Middle,1.0,Yes,Salle 30,104.0,69.7,1.0
ENSPD004132,Male,20.0,GenieCivil,3,90.1,10.0,85.0,58.5,66.1,3.0,5.3,27.9,No,No,Middle,2.0,Yes,Salle 10,185.0,64.7,1.0
ENSPD004133,Female,18.0,Informatique,3,70.9,29.0,53.7,58.6,43.5,1.0,5.6,28.4,No,No,High,1.0,Yes,Salle 4,263.0,49.5,0.0
ENSPD004134,Female,22.0,GenieCivil,3,82.0,18.0,99.2,69.8,89.8,4.0,1.6,9.6,Yes,No,Middle,1.0,Yes,Salle 20,185.0,87.9,1.0
ENSPD004135,Female,22.0,Telecom,1,89.7,10.0,65.1,58.2,14.1,2.0,1.4,10.7,Yes,No,Middle,1.0,Yes,Salle 12,121.0,41.5,0.0
ENSPD004136,Male,24.0,Informatique,3,79.9,20.0,42.2,84.0,59.0,1.0,1.4,4.8,No,No,Middle,3.0,Yes,Salle 16,263.0,56.6,1.0
ENSPD004137,Female,23.0,Electrique,2,73.3,27.0,52.3,38.6,45.6,2.0,1.4,10.1,Yes,No,Middle,0.0,No,Salle 26,185.0,44.4,0.0
ENSPD004138,Male,25.0,GenieCivil,2,68.9,31.0,86.3,83.9,67.6,2.0,0.7,9.5,Yes,No,Middle,2.0,Yes,Salle 18,177.0,70.3,1.0
ENSPD004139,Female,21.0,Informatique,3,92.3,8.0,83.6,28.3,84.3,0.0,2.7,14.8,Yes,Yes,Middle,2.0,Yes,Salle 3,263.0,67.1,1.0
ENSPD004140,Male,24.0,Telecom,1,92.8,7.0,65.3,64.6,35.9,0.0,0.7,11.5,No,No,Middle,0.0,Yes,Salle 3,121.0,52.2,1.0
ENSPD004141,Male,21.0,Mecanique,2,79.5,20.0,67.2,56.0,100.0,0.0,4.2,32.1,Yes,No,Middle,1.0,Yes,Salle 28,231.0,78.3,1.0
ENSPD004142,Male,24.0,Mecanique,1,91.2,9.0,47.5,34.7,68.0,0.0,0.3,5.5,No,No,Low,0.0,Yes,Salle 13,186.0,53.6,1.0
ENSPD004143,Male,19.0,Telecom,5,46.4,54.0,84.8,24.9,71.6,1.0,1.7,20.4,Yes,No,Low,0.0,No,Salle 7,60.0,58.1,1.0
ENSPD004144,Female,22.0,Electrique,1,97.9,2.0,50.2,42.2,35.2,0.0,1.5,9.4,No,No,Middle,1.0,Yes,Salle 26,143.0,43.2,0.0
ENSPD004145,Female,18.0,Telecom,2,80.1,20.0,77.7,62.8,63.1,3.0,0.6,6.4,Yes,No,Low,2.0,No,Salle 13,161.0,61.5,1.0
ENSPD004146,Female,21.0,Electrique,4,83.7,16.0,85.3,51.2,83.4,2.0,0.1,9.1,No,No,Middle,2.0,Yes,Salle 27,157.0,72.9,1.0
ENSPD004147,Male,23.0,Chimie,3,78.2,22.0,65.7,43.3,63.5,1.0,0.3,11.5,Yes,No,Middle,1.0,No,Salle 29,130.0,59.6,1.0
ENSPD004148,Male,21.0,Telecom,1,98.7,1.0,79.5,86.3,66.8,2.0,6.9,34.2,No,No,High,1.0,Yes,Salle 8,121.0,75.0,1.0
ENSPD004149,Female,20.0,Informatique,2,82.2,31.0,92.7,39.8,63.0,1.0,5.7,26.5,Yes,No,Middle,1.0,No,Salle 24,298.0,58.0,1.0
ENSPD004150,Female,24.0,Chimie,1,99.7,0.0,69.0,74.2,36.4,2.0,0.3,4.3,No,No,Middle,1.0,Yes,Salle 9,96.0,57.0,1.0
ENSPD004151,Male,22.0,Electrique,1,86.8,13.0,62.4,46.0,36.3,0.0,0.9,14.7,Yes,Yes,Low,3.0,Yes,Salle 2,143.0,47.5,0.0
ENSPD004152,Male,21.0,Informatique,1,89.5,10.0,64.0,41.8,87.4,0.0,1.3,5.4,Yes,No,Low,2.0,Yes,Salle 26,248.0,66.5,1.0
ENSPD004153,Female,22.0,GenieCivil,2,78.0,22.0,65.1,51.1,81.6,2.0,1.3,11.5,Yes,No,Middle,2.0,Yes,Salle 8,177.0,63.7,1.0
ENSPD004154,Male,27.0,Informatique,4,66.3,34.0,53.5,73.2,84.6,0.0,0.7,15.1,Yes,No,Middle,0.0,Yes,Salle 12,230.0,68.9,1.0
ENSPD004155,Male,24.0,Chimie,3,93.2,7.0,71.6,37.3,47.5,2.0,1.4,23.3,Yes,Yes,High,1.0,No,Salle 22,130.0,49.5,0.0
ENSPD004156,Male,24.0,GenieCivil,3,85.7,14.0,62.5,67.2,60.8,1.0,4.8,18.3,Yes,No,Middle,6.0,Yes,Salle 20,185.0,56.7,1.0
ENSPD004157,Male,23.0,Energetique,1,98.3,2.0,69.9,44.7,88.6,1.0,0.0,7.5,Yes,Yes,Low,1.0,No,Salle 15,83.0,74.6,1.0
ENSPD004158,Female,22.0,Informatique,2,79.7,20.0,42.7,47.9,39.4,1.0,2.1,13.3,Yes,No,Middle,0.0,No,Salle 20,298.0,39.0,0.0
ENSPD004159,Female,17.0,Electrique,4,77.0,23.0,63.6,69.2,86.6,2.0,0.2,7.6,Yes,No,Middle,1.0,Yes,Salle 25,157.0,70.1,1.0
ENSPD004160,Male,21.0,Informatique,1,98.7,1.0,80.5,100.0,52.3,2.0,1.8,12.5,Yes,No,High,1.0,No,Salle 26,248.0,76.3,1.0
ENSPD004161,Male,21.0,Electrique,4,100.0,0.0,48.2,61.6,46.9,1.0,4.0,16.6,Yes,No,Middle,1.0,No,Salle 20,157.0,48.5,0.0
ENSPD004162,Male,18.0,Chimie,3,82.1,18.0,65.2,75.0,63.4,0.0,2.1,14.4,No,Yes,Middle,4.0,Yes,Salle 2,130.0,72.7,1.0
ENSPD004163,Male,20.0,Chimie,4,73.0,27.0,37.2,56.4,41.7,0.0,1.3,11.5,Yes,Yes,Middle,2.0,Yes,Salle 14,93.0,44.8,0.0
ENSPD004164,Male,18.0,Telecom,2,91.7,8.0,45.4,53.5,26.1,1.0,6.3,28.2,No,No,Middle,2.0,Yes,Salle 5,161.0,42.1,0.0
ENSPD004165,Female,22.0,Telecom,2,79.0,21.0,77.1,81.3,65.5,3.0,2.7,12.3,No,No,Middle,1.0,Yes,Salle 26,161.0,66.5,1.0
ENSPD004166,Male,24.0,Informatique,4,89.2,11.0,60.4,46.8,74.7,3.0,0.6,6.7,Yes,No,Middle,3.0,Yes,Salle 21,230.0,61.0,1.0
ENSPD004167,Male,24.0,Mecanique,4,78.9,21.0,92.3,41.2,88.3,0.0,1.0,8.2,Yes,Yes,Middle,1.0,Yes,Salle 26,178.0,75.5,1.0
ENSPD004168,Male,23.0,Electrique,2,100.0,0.0,71.5,70.3,76.1,4.0,2.9,15.3,No,No,Low,1.0,Yes,Salle 2,185.0,69.5,1.0
ENSPD004169,Male,20.0,GenieCivil,5,73.6,26.0,73.0,90.7,100.0,3.0,0.0,9.9,Yes,No,High,1.0,No,Salle 9,70.0,82.7,1.0
ENSPD004170,Male,18.0,Informatique,1,87.8,12.0,48.9,75.5,91.2,2.0,0.1,6.4,Yes,No,Middle,0.0,Yes,Salle 16,248.0,72.7,1.0
ENSPD004171,Male,18.0,Electrique,1,76.1,24.0,59.2,36.7,78.8,1.0,3.9,27.2,Yes,No,Middle,2.0,Yes,Salle 29,143.0,55.0,1.0
ENSPD004172,Other,19.0,GenieCivil,3,78.6,21.0,54.0,50.9,73.4,1.0,0.1,6.3,Yes,No,High,0.0,Yes,Salle 1,185.0,58.8,1.0
ENSPD004173,Male,20.0,Mecanique,4,77.1,23.0,49.0,61.6,88.6,2.0,2.3,15.6,No,No,Middle,1.0,Yes,Salle 16,178.0,70.6,1.0
ENSPD004174,Male,22.0,Chimie,5,90.9,9.0,75.0,90.5,19.7,1.0,0.8,16.9,Yes,No,Middle,1.0,Yes,Salle 26,48.0,55.3,1.0
ENSPD004175,Female,20.0,GenieCivil,2,93.0,7.0,78.0,66.1,54.4,2.0,3.5,20.4,Yes,Yes,Middle,0.0,Yes,Salle 16,177.0,68.4,1.0
ENSPD004176,Other,23.0,Informatique,1,88.7,11.0,71.0,51.6,26.8,3.0,3.8,19.2,Yes,No,Low,0.0,No,Salle 27,248.0,47.1,0.0
ENSPD004177,Female,22.0,Informatique,3,80.7,19.0,52.6,91.6,77.3,1.0,6.1,25.6,Yes,No,Middle,2.0,Yes,Salle 9,263.0,72.5,1.0
ENSPD004178,Female,22.0,Telecom,2,83.7,16.0,70.0,60.7,63.5,3.0,0.2,2.4,Yes,Yes,Low,0.0,Yes,Salle 4,161.0,58.6,1.0
ENSPD004179,Male,24.0,Energetique,2,92.8,7.0,36.3,51.1,100.0,3.0,1.1,7.7,Yes,No,Low,3.0,Yes,Salle 19,71.0,67.7,1.0
ENSPD004180,Male,20.0,Electrique,3,93.2,7.0,84.8,48.1,53.6,2.0,1.7,10.8,Yes,No,High,0.0,Yes,Salle 26,188.0,59.4,1.0
ENSPD004181,Male,23.0,Mecanique,1,49.7,18.0,65.1,40.5,66.1,2.0,5.0,11.5,Yes,No,Middle,1.0,Yes,Salle 19,177.0,44.7,0.0
ENSPD004182,Female,22.0,Energetique,3,78.7,21.0,48.2,100.0,63.5,1.0,0.6,7.3,Yes,No,Middle,1.0,Yes,Salle 25,104.0,59.2,1.0
ENSPD004183,Female,21.0,Electrique,2,79.3,21.0,66.7,87.6,54.2,3.0,0.1,0.0,Yes,No,Middle,1.0,Yes,Salle 11,185.0,66.2,1.0
ENSPD004184,Male,24.0,Telecom,4,90.0,10.0,68.1,50.2,39.1,2.0,0.5,12.1,Yes,Yes,Middle,0.0,Yes,Salle 7,121.0,53.6,1.0
ENSPD004185,Male,24.0,Chimie,3,81.2,19.0,63.9,61.6,63.5,1.0,1.4,3.0,No,No,Middle,1.0,Yes,Salle 2,130.0,57.4,1.0
ENSPD004186,Female,20.0,Mecanique,1,90.6,9.0,48.3,71.6,20.4,3.0,2.3,14.9,No,Yes,Middle,1.0,No,Salle 19,186.0,42.6,0.0
ENSPD004187,Male,22.0,GenieCivil,1,69.1,31.0,82.0,70.5,74.9,1.0,2.3,14.8,No,No,Middle,2.0,Yes,Salle 17,149.0,77.2,1.0
ENSPD004188,Male,23.0,Informatique,2,85.1,15.0,39.7,49.1,55.5,2.0,0.2,11.2,No,Yes,Middle,3.0,Yes,Salle 21,298.0,46.4,0.0
ENSPD004189,Female,21.0,Mecanique,1,92.8,7.0,42.8,52.7,100.0,2.0,2.9,17.1,Yes,No,High,1.0,No,Salle 21,186.0,71.0,1.0
ENSPD004190,Female,23.0,Chimie,3,64.3,36.0,63.4,61.2,39.1,1.0,2.2,13.4,Yes,Yes,Middle,0.0,No,Salle 30,130.0,52.3,1.0
ENSPD004191,Female,23.0,Telecom,5,100.0,0.0,46.0,26.6,93.5,0.0,1.0,10.3,Yes,No,Middle,1.0,Yes,Salle 30,60.0,57.1,1.0
ENSPD004192,Female,26.0,Chimie,3,96.3,4.0,83.3,53.2,95.4,1.0,1.7,9.7,Yes,No,Middle,2.0,Yes,Salle 9,130.0,82.5,1.0
ENSPD004193,Male,19.0,GenieCivil,3,82.0,18.0,47.3,62.1,89.5,1.0,2.9,11.5,Yes,Yes,Middle,1.0,No,Salle 15,185.0,66.0,1.0
ENSPD004194,Female,22.0,Informatique,2,72.1,28.0,88.4,85.6,63.5,1.0,0.6,8.3,Yes,No,Middle,1.0,Yes,Salle 10,298.0,79.3,1.0
ENSPD004195,Female,20.0,Informatique,2,79.9,20.0,80.5,50.9,63.5,0.0,5.6,11.5,Yes,No,Middle,0.0,Yes,Salle 3,298.0,61.7,1.0
ENSPD004196,Male,23.0,Mecanique,5,83.0,17.0,83.5,76.6,89.5,0.0,0.3,11.5,No,No,Middle,1.0,Yes,Salle 12,67.0,84.6,1.0
ENSPD004197,Male,19.0,GenieCivil,5,87.3,13.0,93.3,24.9,48.2,0.0,4.7,20.3,Yes,No,Middle,1.0,Yes,Salle 16,70.0,53.2,1.0
ENSPD004198,Male,23.0,Electrique,3,100.0,0.0,66.2,83.0,69.4,2.0,2.7,19.6,Yes,No,Middle,2.0,Yes,Salle 6,188.0,68.7,1.0
ENSPD004199,Male,21.0,Informatique,2,76.3,24.0,49.8,45.8,63.1,4.0,2.2,15.7,No,No,Middle,1.0,Yes,Salle 15,298.0,51.4,1.0
ENSPD004200,Female,21.0,Energetique,4,88.8,11.0,63.5,64.3,46.2,0.0,0.2,5.9,Yes,No,High,0.0,Yes,Salle 9,70.0,54.4,1.0
ENSPD004201,Female,19.0,Mecanique,1,66.5,34.0,56.5,69.3,69.6,1.0,5.0,18.8,Yes,No,Low,1.0,Yes,Salle 3,186.0,63.9,1.0
ENSPD004202,Male,21.0,Telecom,4,77.0,23.0,54.4,65.8,78.8,3.0,0.7,11.2,Yes,No,High,0.0,Yes,Salle 23,121.0,63.7,0.0
ENSPD004203,Male,24.0,GenieCivil,4,86.5,14.0,67.3,60.1,45.4,1.0,2.7,23.7,No,No,Middle,2.0,Yes,Salle 18,173.0,55.0,1.0
ENSPD004204,Female,22.0,Informatique,1,90.3,10.0,60.3,39.7,73.2,1.0,4.3,20.3,Yes,No,Middle,1.0,Yes,Salle 6,248.0,58.5,1.0
ENSPD004205,Male,23.0,Chimie,5,73.0,27.0,53.7,46.0,19.4,0.0,0.6,10.8,No,No,Middle,2.0,Yes,Salle 27,48.0,41.4,0.0
ENSPD004206,Male,25.0,Electrique,5,76.7,23.0,61.3,79.9,43.0,0.0,4.9,24.1,Yes,No,Middle,1.0,Yes,Salle 7,80.0,58.4,1.0
ENSPD004207,Female,23.0,GenieCivil,5,99.5,0.0,73.2,51.2,54.9,2.0,1.9,8.2,Yes,No,Low,1.0,Yes,Salle 24,70.0,57.6,1.0
ENSPD004208,Male,21.0,GenieCivil,3,95.9,4.0,79.3,60.1,71.1,0.0,2.2,10.7,Yes,No,High,3.0,Yes,Salle 18,185.0,70.3,1.0
ENSPD004209,Male,23.0,Informatique,2,84.5,16.0,41.0,35.1,81.4,1.0,4.9,24.2,Yes,No,Low,0.0,No,Salle 15,298.0,52.7,1.0
ENSPD004210,Male,21.0,Electrique,3,55.2,45.0,60.5,77.5,65.7,0.0,1.4,12.8,No,No,Middle,2.0,Yes,Salle 1,188.0,59.4,1.0
ENSPD004211,Male,21.0,Telecom,2,100.0,0.0,62.9,38.2,75.3,3.0,1.2,4.0,Yes,No,Middle,1.0,Yes,Salle 24,161.0,59.8,1.0
ENSPD004212,Female,19.0,Informatique,1,81.8,18.0,47.3,78.5,60.8,1.0,2.0,10.2,Yes,No,Middle,0.0,Yes,Salle 23,248.0,53.1,1.0
ENSPD004213,Male,24.0,Mecanique,2,78.2,22.0,63.2,42.9,72.1,1.0,1.6,11.5,Yes,No,Middle,0.0,Yes,Salle 24,231.0,59.1,1.0
ENSPD004214,Male,21.0,Telecom,3,75.7,24.0,67.2,80.3,71.0,3.0,0.1,0.4,No,No,Low,0.0,Yes,Salle 19,154.0,69.3,1.0
ENSPD004215,Female,22.0,Mecanique,1,86.5,14.0,72.8,62.2,53.8,2.0,0.4,8.2,Yes,Yes,Middle,1.0,Yes,Salle 23,186.0,62.4,1.0
ENSPD004216,Female,20.0,Electrique,2,86.6,13.0,66.2,51.9,56.9,0.0,0.0,11.9,No,No,Low,0.0,No,Salle 28,185.0,57.2,1.0
ENSPD004217,Male,23.0,GenieCivil,1,93.4,7.0,51.8,90.8,76.0,3.0,1.4,5.4,Yes,No,Low,1.0,No,Salle 23,149.0,69.5,1.0
ENSPD004218,Male,20.0,Electrique,4,70.9,29.0,95.2,60.8,100.0,2.0,2.6,18.3,No,No,Middle,2.0,No,Salle 14,157.0,80.3,1.0
ENSPD004219,Female,22.0,GenieCivil,3,78.3,22.0,77.4,55.5,88.1,0.0,0.0,0.0,No,No,Middle,1.0,Yes,Salle 4,185.0,74.3,1.0
ENSPD004220,Male,24.0,Mecanique,1,100.0,0.0,73.3,78.4,41.4,1.0,0.7,5.3,Yes,No,Low,1.0,Yes,Salle 11,186.0,56.0,1.0
ENSPD004221,Male,24.0,Informatique,5,84.7,15.0,80.1,35.4,41.5,1.0,1.2,13.8,No,No,Low,3.0,Yes,Salle 16,109.0,46.8,0.0
ENSPD004222,Female,22.0,Chimie,1,79.9,20.0,68.7,16.5,53.3,1.0,5.6,21.9,Yes,No,Middle,2.0,Yes,Salle 25,96.0,42.2,0.0
ENSPD004223,Male,18.0,Chimie,3,70.7,29.0,84.3,82.8,66.0,3.0,0.8,5.4,No,No,Middle,4.0,Yes,Salle 15,130.0,78.1,1.0
ENSPD004224,Female,28.0,Electrique,4,88.1,12.0,65.9,46.9,65.0,1.0,3.1,11.5,No,No,Middle,0.0,No,Salle 5,157.0,58.8,1.0
ENSPD004225,Female,25.0,Electrique,4,94.4,6.0,65.0,77.6,63.5,0.0,1.1,7.0,No,No,Low,0.0,Yes,Salle 24,157.0,77.0,1.0
ENSPD004226,Female,23.0,Mecanique,1,92.5,8.0,74.5,62.8,89.9,1.0,0.2,0.0,No,No,Middle,1.0,No,Salle 26,186.0,71.9,1.0
ENSPD004227,Male,20.0,Informatique,4,78.9,21.0,88.6,41.0,64.1,0.0,0.2,3.5,Yes,No,Low,2.0,Yes,Salle 5,230.0,57.2,1.0
ENSPD004228,Female,22.0,Chimie,5,86.3,14.0,87.7,72.9,59.4,1.0,1.1,16.4,Yes,No,Middle,0.0,Yes,Salle 18,48.0,72.9,1.0
ENSPD004229,Male,21.0,GenieCivil,3,100.0,0.0,73.9,54.6,74.3,0.0,0.1,11.2,Yes,No,Middle,2.0,Yes,Salle 2,185.0,65.3,1.0
ENSPD004230,Male,25.0,Mecanique,3,94.9,5.0,72.7,42.6,85.3,0.0,1.7,11.5,Yes,Yes,Middle,1.0,Yes,Salle 10,212.0,66.5,1.0
ENSPD004231,Female,23.0,Informatique,1,72.6,27.0,75.4,43.1,63.5,1.0,1.4,9.7,No,No,Middle,0.0,Yes,Salle 21,248.0,66.0,1.0
ENSPD004232,Male,20.0,Informatique,3,51.4,49.0,79.8,30.8,63.5,0.0,2.4,24.0,Yes,No,High,4.0,Yes,Salle 12,263.0,50.9,1.0
ENSPD004233,Male,21.0,Mecanique,2,85.6,14.0,84.5,69.3,51.8,2.0,0.4,2.9,Yes,No,Low,1.0,Yes,Salle 20,231.0,63.9,1.0
ENSPD004234,Female,24.0,Chimie,4,91.6,8.0,61.5,61.6,41.8,1.0,1.4,9.6,Yes,No,Low,0.0,Yes,Salle 12,93.0,44.6,0.0
ENSPD004235,Male,25.0,Telecom,2,68.9,31.0,84.8,61.4,67.9,3.0,0.4,10.8,Yes,No,High,1.0,Yes,Salle 9,161.0,71.3,1.0
ENSPD004236,Male,25.0,Telecom,3,81.9,18.0,70.1,58.7,76.5,0.0,2.6,11.9,No,No,High,1.0,Yes,Salle 5,154.0,62.4,1.0
ENSPD004237,Male,24.0,Telecom,1,78.8,21.0,74.8,45.1,78.7,0.0,0.7,9.3,Yes,No,Middle,1.0,No,Salle 18,121.0,72.7,1.0
ENSPD004238,Female,21.0,Telecom,1,83.3,17.0,85.7,34.6,63.5,0.0,1.9,7.7,No,No,Middle,1.0,Yes,Salle 7,121.0,68.3,1.0
ENSPD004239,Female,17.0,GenieCivil,1,82.2,24.0,76.2,100.0,93.6,1.0,4.3,28.2,Yes,No,Low,1.0,No,Salle 25,149.0,88.5,1.0
ENSPD004240,Male,23.0,Informatique,1,97.5,2.0,78.7,61.1,36.5,1.0,1.3,8.5,No,No,High,3.0,No,Salle 1,248.0,55.8,1.0
ENSPD004241,Female,22.0,Chimie,3,83.8,16.0,59.2,94.8,72.1,1.0,0.4,4.0,Yes,No,Middle,0.0,Yes,Salle 29,130.0,79.1,1.0
ENSPD004242,Male,22.0,Informatique,4,71.5,28.0,87.5,61.6,72.8,1.0,4.3,18.8,Yes,No,Middle,2.0,Yes,Salle 27,230.0,73.8,1.0
ENSPD004243,Female,22.0,Mecanique,3,93.0,7.0,75.4,56.2,62.5,0.0,0.9,4.0,No,Yes,Low,1.0,No,Salle 22,212.0,59.7,1.0
ENSPD004244,Male,19.0,Mecanique,3,66.8,33.0,66.9,65.3,47.4,3.0,2.6,14.0,Yes,No,Middle,0.0,No,Salle 8,212.0,54.1,1.0
ENSPD004245,Male,23.0,GenieCivil,3,97.4,3.0,81.5,64.7,92.9,1.0,0.8,0.0,No,No,Middle,2.0,Yes,Salle 3,185.0,80.2,1.0
ENSPD004246,Female,23.0,Mecanique,2,93.9,6.0,100.0,95.2,52.2,1.0,0.7,3.4,Yes,No,Low,2.0,Yes,Salle 20,231.0,74.0,1.0
ENSPD004247,Male,23.0,Informatique,2,98.7,1.0,47.5,76.9,20.1,3.0,2.1,13.5,Yes,Yes,High,3.0,Yes,Salle 20,298.0,45.4,0.0
ENSPD004248,Male,24.0,GenieCivil,2,80.1,20.0,52.9,47.5,64.4,1.0,0.3,6.6,Yes,No,Low,0.0,Yes,Salle 28,177.0,53.0,1.0
ENSPD004249,Female,23.0,Telecom,4,76.0,24.0,100.0,68.3,59.2,1.0,4.0,20.7,Yes,No,High,1.0,Yes,Salle 27,121.0,71.0,1.0
ENSPD004250,Female,21.0,Electrique,1,82.2,17.0,71.4,76.5,100.0,1.0,1.0,11.5,Yes,No,Middle,1.0,No,Salle 22,143.0,85.9,1.0
ENSPD004251,Male,22.0,Telecom,1,81.0,19.0,67.9,40.8,73.8,1.0,0.0,11.1,Yes,No,Middle,1.0,Yes,Salle 9,121.0,61.7,1.0
ENSPD004252,Male,22.0,Informatique,3,74.2,26.0,63.3,70.9,57.9,1.0,0.7,11.3,No,No,Middle,0.0,Yes,Salle 25,263.0,57.1,1.0
ENSPD004253,Male,22.0,Informatique,5,75.4,25.0,83.1,86.2,60.1,2.0,3.1,17.0,No,No,Middle,0.0,Yes,Salle 9,109.0,69.5,1.0
ENSPD004254,Male,24.0,Electrique,3,77.6,22.0,100.0,46.6,59.8,1.0,3.9,20.1,Yes,No,Middle,0.0,Yes,Salle 8,188.0,63.1,1.0
ENSPD004255,Male,23.0,GenieCivil,4,68.0,32.0,55.0,49.1,100.0,0.0,1.7,9.9,Yes,No,Middle,1.0,No,Salle 12,173.0,75.0,1.0
ENSPD004256,Female,26.0,Electrique,3,90.1,10.0,63.5,82.9,77.5,1.0,0.7,5.2,No,No,Low,1.0,Yes,Salle 6,188.0,74.5,1.0
ENSPD004257,Other,26.0,Chimie,3,81.4,19.0,59.7,55.6,35.9,1.0,1.5,10.4,Yes,No,Middle,1.0,Yes,Salle 3,130.0,42.8,0.0
ENSPD004258,Male,22.0,Chimie,4,78.3,22.0,76.0,44.3,59.1,2.0,3.6,23.2,No,No,Low,0.0,No,Salle 6,93.0,58.6,1.0
ENSPD004259,Male,17.0,Energetique,4,68.7,31.0,83.3,77.9,63.5,1.0,0.8,6.4,Yes,No,Middle,0.0,No,Salle 22,70.0,71.3,1.0
ENSPD004260,Male,24.0,Mecanique,2,68.1,32.0,89.3,72.4,41.8,1.0,1.0,11.5,Yes,No,Middle,0.0,Yes,Salle 4,231.0,63.5,1.0
ENSPD004261,Male,21.0,Informatique,2,100.0,0.0,76.5,63.7,28.3,2.0,1.6,8.8,Yes,No,Low,0.0,Yes,Salle 26,298.0,49.3,0.0
ENSPD004262,Female,20.0,Electrique,2,74.5,26.0,100.0,82.2,75.9,0.0,4.4,11.5,Yes,Yes,Middle,1.0,No,Salle 20,185.0,86.1,1.0
ENSPD004263,Male,21.0,Informatique,2,89.3,11.0,56.4,83.5,47.9,1.0,1.7,10.6,No,No,Middle,0.0,Yes,Salle 7,298.0,63.7,1.0
ENSPD004264,Male,21.0,Mecanique,4,84.0,16.0,52.5,60.5,89.0,0.0,0.5,9.7,Yes,Yes,Low,0.0,No,Salle 2,178.0,65.3,1.0
ENSPD004265,Female,23.0,Informatique,2,48.7,51.0,87.0,97.5,63.5,0.0,0.2,14.9,Yes,No,Middle,1.0,Yes,Salle 30,298.0,75.0,1.0
ENSPD004266,Male,19.0,Mecanique,2,100.0,0.0,66.8,61.6,54.5,1.0,0.2,15.5,No,No,Low,1.0,No,Salle 16,231.0,71.0,1.0
ENSPD004267,Female,20.0,Informatique,4,90.2,10.0,44.4,61.6,15.7,1.0,6.0,11.5,No,Yes,Middle,1.0,No,Salle 2,230.0,27.1,0.0
ENSPD004268,Male,23.0,Informatique,3,72.8,27.0,60.3,43.5,88.4,3.0,3.5,23.1,Yes,No,Middle,1.0,Yes,Salle 11,263.0,61.0,1.0
ENSPD004269,Female,23.0,Electrique,3,81.7,18.0,68.8,21.4,69.9,1.0,2.9,12.8,Yes,No,Low,1.0,Yes,Salle 14,188.0,56.7,1.0
ENSPD004270,Female,23.0,Electrique,4,68.2,32.0,55.3,56.2,55.0,3.0,1.4,12.1,Yes,No,Low,0.0,No,Salle 25,157.0,47.2,0.0
ENSPD004271,Female,20.0,Electrique,3,100.0,0.0,49.8,40.2,63.5,2.0,1.4,15.8,Yes,No,High,0.0,Yes,Salle 29,188.0,45.2,0.0
ENSPD004272,Female,20.0,Electrique,3,71.1,29.0,61.9,47.3,96.0,1.0,0.3,9.6,No,No,Middle,3.0,Yes,Salle 20,188.0,70.9,1.0
ENSPD004273,Male,21.0,Informatique,1,75.7,24.0,49.0,81.6,42.7,1.0,1.9,11.5,Yes,No,Low,1.0,No,Salle 15,248.0,54.1,1.0
ENSPD004274,Male,22.0,Mecanique,1,73.2,27.0,74.5,30.4,56.6,0.0,3.3,13.5,No,No,Middle,1.0,Yes,Salle 3,186.0,56.0,1.0
ENSPD004275,Female,25.0,Informatique,2,83.0,17.0,35.8,64.3,75.4,2.0,0.1,11.5,No,No,Middle,1.0,Yes,Salle 12,298.0,58.5,1.0
ENSPD004276,Female,18.0,Telecom,3,98.4,2.0,66.4,64.2,93.0,0.0,0.7,10.1,Yes,No,Middle,1.0,Yes,Salle 18,154.0,78.1,1.0
ENSPD004277,Male,22.0,Chimie,5,100.0,0.0,72.8,61.6,59.7,2.0,0.2,6.8,Yes,Yes,High,2.0,Yes,Salle 8,48.0,62.8,1.0
ENSPD004278,Male,19.0,Informatique,5,77.2,23.0,63.6,64.4,49.3,3.0,0.6,9.0,Yes,No,Middle,0.0,Yes,Salle 17,109.0,61.5,1.0
ENSPD004279,Male,19.0,Mecanique,4,86.5,14.0,81.4,21.8,61.9,0.0,3.0,12.3,Yes,No,Middle,1.0,Yes,Salle 17,178.0,59.0,1.0
ENSPD004280,Male,24.0,Energetique,2,83.0,17.0,44.4,47.4,82.1,0.0,0.8,8.9,Yes,No,Middle,0.0,Yes,Salle 5,71.0,57.1,1.0
ENSPD004281,Male,23.0,Electrique,5,70.2,30.0,54.5,89.8,86.6,0.0,2.3,11.6,No,No,Middle,2.0,Yes,Salle 24,80.0,72.0,1.0
ENSPD004282,Female,23.0,Chimie,3,100.0,0.0,60.0,40.5,36.5,1.0,3.0,14.5,No,No,Low,2.0,Yes,Salle 10,130.0,46.9,0.0
ENSPD004283,Male,24.0,Mecanique,2,98.4,2.0,75.7,92.0,66.3,0.0,3.4,18.1,Yes,No,Middle,1.0,No,Salle 29,231.0,76.5,1.0
ENSPD004284,Male,21.0,Informatique,3,84.3,16.0,68.3,36.7,35.3,2.0,4.1,15.3,No,No,High,0.0,Yes,Salle 20,263.0,44.5,0.0
ENSPD004285,Male,21.0,Chimie,1,100.0,0.0,97.2,34.5,81.7,1.0,1.8,14.3,No,No,Middle,3.0,Yes,Salle 24,96.0,72.0,1.0
ENSPD004286,Female,26.0,Electrique,1,96.5,4.0,52.9,44.9,72.4,0.0,0.7,2.1,Yes,No,High,1.0,No,Salle 25,143.0,58.1,1.0
ENSPD004287,Female,22.0,Electrique,4,83.0,17.0,44.1,82.3,45.6,3.0,0.3,4.6,Yes,No,Low,3.0,Yes,Salle 17,157.0,57.2,1.0
ENSPD004288,Male,23.0,Electrique,3,85.9,14.0,91.8,52.2,94.7,1.0,1.4,13.6,No,No,Middle,0.0,Yes,Salle 5,188.0,71.5,1.0
ENSPD004289,Male,22.0,Electrique,2,82.2,0.0,43.5,68.2,70.7,3.0,0.2,0.0,Yes,No,High,0.0,Yes,Salle 22,185.0,63.8,1.0
ENSPD004290,Female,18.0,Chimie,3,70.6,29.0,75.2,63.3,68.5,0.0,4.8,18.6,Yes,Yes,Low,4.0,Yes,Salle 30,130.0,65.0,1.0
ENSPD004291,Male,18.0,Mecanique,4,100.0,0.0,50.3,61.0,60.4,4.0,1.2,13.9,No,No,Middle,1.0,Yes,Salle 7,178.0,58.7,1.0
ENSPD004292,Male,21.0,Mecanique,3,79.3,21.0,34.0,84.9,63.8,2.0,4.1,17.1,Yes,No,Low,1.0,No,Salle 30,212.0,59.3,1.0
ENSPD004293,Male,24.0,Telecom,2,100.0,0.0,59.4,75.9,56.4,2.0,2.5,18.9,Yes,No,High,0.0,Yes,Salle 26,161.0,61.2,1.0
ENSPD004294,Female,24.0,Mecanique,1,81.9,18.0,78.5,41.4,49.2,1.0,3.9,22.4,Yes,Yes,Middle,1.0,No,Salle 25,186.0,53.5,1.0
ENSPD004295,Male,24.0,GenieCivil,2,86.1,14.0,46.7,57.0,88.6,1.0,4.3,16.8,No,No,Middle,2.0,Yes,Salle 3,177.0,67.6,1.0
ENSPD004296,Male,20.0,Electrique,5,81.6,18.0,73.6,93.4,54.1,1.0,0.1,6.1,No,No,Low,1.0,Yes,Salle 14,80.0,70.9,1.0
ENSPD004297,Male,25.0,Energetique,2,75.6,24.0,76.4,67.8,53.5,0.0,2.6,17.2,Yes,No,Low,0.0,Yes,Salle 19,71.0,63.3,1.0
ENSPD004298,Male,20.0,GenieCivil,3,78.8,21.0,45.9,34.9,61.4,1.0,0.5,1.4,Yes,No,High,3.0,No,Salle 8,185.0,46.9,0.0
ENSPD004299,Male,22.0,GenieCivil,3,98.5,2.0,61.6,36.1,92.5,1.0,9.1,41.6,Yes,No,Low,3.0,Yes,Salle 18,185.0,66.9,1.0
ENSPD004300,Female,22.0,Telecom,4,54.2,46.0,88.7,61.6,86.6,0.0,3.0,20.3,Yes,No,Middle,2.0,No,Salle 26,121.0,81.0,1.0
ENSPD004301,Male,22.0,Chimie,3,67.1,33.0,74.8,74.6,56.1,0.0,0.0,11.5,No,Yes,High,0.0,Yes,Salle 6,130.0,64.1,1.0
ENSPD004302,Female,25.0,Chimie,3,73.3,27.0,61.1,45.4,88.5,1.0,5.2,26.4,No,No,High,2.0,No,Salle 21,130.0,61.5,1.0
ENSPD004303,Female,21.0,GenieCivil,2,69.1,31.0,71.2,75.5,66.2,4.0,0.7,7.2,Yes,No,High,1.0,Yes,Salle 2,177.0,66.0,1.0
ENSPD004304,Female,19.0,Mecanique,1,100.0,0.0,54.7,90.8,47.1,2.0,1.4,13.5,No,No,High,1.0,Yes,Salle 13,186.0,60.9,1.0
ENSPD004305,Female,22.0,Electrique,5,97.1,3.0,81.7,88.2,54.5,2.0,1.9,12.2,Yes,No,Low,0.0,No,Salle 18,80.0,72.7,1.0
ENSPD004306,Male,21.0,Telecom,5,89.1,11.0,81.7,90.9,91.5,1.0,5.0,22.2,Yes,No,High,1.0,No,Salle 11,60.0,85.3,1.0
ENSPD004307,Male,29.0,Telecom,5,74.3,26.0,66.8,72.0,100.0,2.0,5.2,24.9,Yes,No,Low,1.0,Yes,Salle 17,60.0,82.0,1.0
ENSPD004308,Female,23.0,Informatique,5,98.0,2.0,68.5,58.8,70.4,0.0,1.7,5.5,Yes,No,Low,0.0,Yes,Salle 2,109.0,59.2,1.0
ENSPD004309,Female,21.0,GenieCivil,4,82.2,37.0,50.0,54.8,52.7,2.0,0.8,0.0,Yes,No,Low,0.0,Yes,Salle 26,173.0,43.9,0.0
ENSPD004310,Female,20.0,GenieCivil,3,100.0,0.0,44.7,61.7,61.5,2.0,0.7,4.5,No,Yes,Middle,1.0,Yes,Salle 2,185.0,65.0,1.0
ENSPD004311,Male,18.0,Energetique,4,73.8,26.0,59.4,46.2,48.8,2.0,0.9,14.7,No,No,Middle,1.0,Yes,Salle 22,70.0,48.5,0.0
ENSPD004312,Female,20.0,Electrique,3,78.9,21.0,63.7,55.5,51.7,1.0,0.4,10.7,Yes,No,Low,4.0,Yes,Salle 16,188.0,53.5,1.0
ENSPD004313,Male,22.0,GenieCivil,1,76.8,23.0,80.9,85.0,49.7,1.0,2.2,7.2,Yes,No,Middle,0.0,Yes,Salle 2,149.0,65.8,1.0
ENSPD004314,Female,25.0,Informatique,2,69.1,31.0,78.8,33.0,62.4,1.0,1.5,6.8,Yes,Yes,Middle,1.0,Yes,Salle 3,298.0,57.0,1.0
ENSPD004315,Female,24.0,Electrique,5,100.0,0.0,67.8,34.3,66.4,0.0,3.0,14.5,Yes,Yes,Middle,1.0,Yes,Salle 20,80.0,59.7,1.0
ENSPD004316,Male,22.0,Informatique,2,91.5,8.0,82.9,76.9,61.0,1.0,0.2,5.0,No,No,Middle,2.0,Yes,Salle 26,298.0,74.9,1.0
ENSPD004317,Female,21.0,Telecom,4,96.6,3.0,50.8,61.6,59.6,0.0,1.0,4.9,No,No,Middle,1.0,No,Salle 3,121.0,57.8,1.0
ENSPD004318,Male,23.0,Chimie,1,82.2,33.0,81.2,27.3,79.2,1.0,1.4,4.5,No,No,Middle,1.0,Yes,Salle 17,96.0,59.6,1.0
ENSPD004319,Male,21.0,GenieCivil,2,84.2,16.0,53.1,60.9,59.4,0.0,1.5,15.1,Yes,Yes,Middle,1.0,Yes,Salle 19,177.0,50.8,1.0
ENSPD004320,Male,25.0,GenieCivil,2,82.2,12.0,83.6,58.3,60.7,1.0,1.3,6.2,Yes,No,High,1.0,Yes,Salle 26,177.0,67.6,1.0
ENSPD004321,Female,22.0,Telecom,1,85.2,15.0,64.8,54.2,60.5,0.0,1.2,12.0,Yes,Yes,High,3.0,Yes,Salle 9,121.0,59.1,1.0
ENSPD004322,Female,22.0,Mecanique,1,68.1,32.0,35.0,74.3,94.9,1.0,0.8,11.2,Yes,No,Low,0.0,Yes,Salle 22,186.0,63.9,1.0
ENSPD004323,Female,18.0,Mecanique,1,94.9,5.0,76.0,38.0,54.2,1.0,2.6,11.5,No,No,Low,2.0,Yes,Salle 3,186.0,50.5,1.0
ENSPD004324,Male,22.0,Energetique,4,83.5,16.0,77.1,62.2,75.9,2.0,1.3,7.5,Yes,No,High,0.0,Yes,Salle 13,70.0,70.0,1.0
ENSPD004325,Female,24.0,Chimie,1,70.5,30.0,58.2,61.6,49.0,0.0,1.4,2.5,Yes,No,Middle,1.0,Yes,Salle 2,96.0,56.5,1.0
ENSPD004326,Female,20.0,Telecom,2,59.7,40.0,59.4,62.7,71.0,0.0,1.6,4.5,Yes,No,Middle,0.0,Yes,Salle 12,161.0,64.2,1.0
ENSPD004327,Male,20.0,Informatique,1,89.3,11.0,62.6,30.8,74.9,1.0,1.8,14.8,Yes,Yes,Middle,2.0,Yes,Salle 27,248.0,62.9,1.0
ENSPD004328,Other,24.0,Informatique,3,100.0,0.0,65.1,61.6,85.7,1.0,0.0,6.7,Yes,No,Middle,0.0,Yes,Salle 15,263.0,62.8,1.0
ENSPD004329,Male,19.0,Informatique,3,69.8,30.0,29.5,62.4,56.3,2.0,0.5,6.6,No,No,Low,1.0,No,Salle 12,263.0,49.0,0.0
ENSPD004330,Female,24.0,Mecanique,3,84.0,16.0,84.5,71.7,41.7,2.0,0.6,8.7,Yes,No,Middle,2.0,Yes,Salle 27,212.0,61.3,1.0
ENSPD004331,Male,21.0,Chimie,2,95.3,5.0,52.6,95.2,63.5,1.0,0.6,7.7,Yes,No,High,0.0,No,Salle 9,119.0,64.3,1.0
ENSPD004332,Male,21.0,Mecanique,1,66.8,33.0,92.8,76.5,83.3,1.0,0.5,5.4,No,Yes,Low,1.0,Yes,Salle 12,186.0,79.4,1.0
ENSPD004333,Male,20.0,Chimie,4,76.2,24.0,85.6,70.3,100.0,1.0,0.6,6.1,No,No,Middle,0.0,No,Salle 22,93.0,89.1,1.0
ENSPD004334,Female,23.0,Mecanique,4,71.7,28.0,88.5,84.9,80.7,0.0,0.6,7.0,No,No,Middle,2.0,Yes,Salle 26,178.0,80.1,1.0
ENSPD004335,Male,27.0,Mecanique,1,93.8,6.0,55.2,61.6,38.8,0.0,4.3,32.0,Yes,No,Middle,0.0,Yes,Salle 28,186.0,51.5,1.0
ENSPD004336,Male,24.0,Energetique,3,97.9,2.0,40.9,90.0,80.0,1.0,0.8,11.8,No,No,High,2.0,Yes,Salle 18,104.0,67.9,1.0
ENSPD004337,Female,20.0,Mecanique,2,83.9,16.0,48.7,82.1,45.1,1.0,0.9,3.9,Yes,No,Middle,0.0,Yes,Salle 9,231.0,56.5,1.0
ENSPD004338,Female,24.0,Mecanique,1,71.9,28.0,58.3,54.0,57.0,0.0,0.6,9.0,Yes,No,Middle,1.0,Yes,Salle 14,186.0,57.2,1.0
ENSPD004339,Male,21.0,Mecanique,4,76.7,23.0,29.4,96.6,67.7,2.0,6.9,32.6,Yes,No,High,1.0,Yes,Salle 6,178.0,62.0,1.0
ENSPD004340,Male,25.0,Informatique,3,74.4,26.0,57.9,70.0,71.1,1.0,1.5,18.2,Yes,No,Low,0.0,Yes,Salle 26,263.0,66.5,1.0
ENSPD004341,Male,24.0,GenieCivil,1,70.3,30.0,62.0,100.0,65.3,2.0,1.9,17.6,No,No,Middle,1.0,Yes,Salle 16,149.0,67.0,1.0
ENSPD004342,Male,17.0,Mecanique,2,80.8,19.0,45.6,67.5,63.5,1.0,2.7,15.4,No,No,Low,0.0,No,Salle 27,231.0,55.5,1.0
ENSPD004343,Female,20.0,Electrique,5,88.9,11.0,49.4,51.9,85.2,0.0,0.8,8.1,No,Yes,Middle,1.0,No,Salle 2,80.0,62.7,1.0
ENSPD004344,Female,24.0,Telecom,4,87.9,12.0,61.7,48.2,53.4,1.0,6.9,28.1,Yes,No,Middle,1.0,Yes,Salle 12,121.0,52.7,1.0
ENSPD004345,Female,22.0,GenieCivil,4,81.9,18.0,70.3,55.6,89.1,3.0,0.3,8.8,Yes,Yes,Middle,3.0,No,Salle 23,173.0,73.5,1.0
ENSPD004346,Male,20.0,Informatique,2,82.2,17.0,51.6,51.7,36.8,1.0,1.2,14.4,Yes,No,Middle,1.0,Yes,Salle 28,298.0,44.3,0.0
ENSPD004347,Female,21.0,Electrique,3,81.0,19.0,69.4,84.9,68.3,0.0,0.3,6.7,Yes,No,High,1.0,No,Salle 15,188.0,69.8,1.0
ENSPD004348,Male,18.0,Informatique,2,66.4,34.0,67.1,61.5,39.5,1.0,3.1,18.5,Yes,No,Middle,3.0,No,Salle 11,298.0,50.8,1.0
ENSPD004349,Female,22.0,Electrique,1,83.9,16.0,65.7,32.9,47.3,4.0,0.2,4.5,No,No,Low,0.0,Yes,Salle 16,143.0,44.0,0.0
ENSPD004350,Female,26.0,Electrique,2,75.0,25.0,55.2,65.8,53.7,0.0,1.4,14.9,Yes,No,Low,1.0,Yes,Salle 10,185.0,55.1,1.0
ENSPD004351,Female,24.0,Informatique,3,65.8,34.0,45.0,64.3,94.4,2.0,0.2,0.4,Yes,No,Low,0.0,Yes,Salle 26,263.0,67.9,1.0
ENSPD004352,Female,26.0,Telecom,2,86.4,14.0,90.4,53.6,90.2,0.0,1.4,5.3,Yes,No,Low,1.0,No,Salle 15,161.0,84.3,1.0
ENSPD004353,Male,24.0,Telecom,4,74.7,25.0,74.5,66.8,81.5,0.0,1.4,11.5,Yes,No,Middle,1.0,No,Salle 18,121.0,71.5,1.0
ENSPD004354,Female,24.0,Telecom,1,84.7,15.0,80.1,61.2,64.7,1.0,4.7,18.2,Yes,No,Middle,1.0,Yes,Salle 7,121.0,66.3,1.0
ENSPD004355,Male,26.0,Mecanique,2,92.2,8.0,63.7,73.4,67.8,0.0,0.1,2.9,Yes,No,Middle,0.0,Yes,Salle 13,231.0,67.6,1.0
ENSPD004356,Female,23.0,Electrique,1,70.6,29.0,62.5,72.3,89.3,3.0,2.1,12.3,Yes,No,Middle,0.0,Yes,Salle 6,143.0,74.9,1.0
ENSPD004357,Male,22.0,Telecom,2,83.1,17.0,72.4,68.6,78.0,1.0,2.4,16.5,Yes,No,Low,1.0,No,Salle 7,161.0,71.3,1.0
ENSPD004358,Female,24.0,Mecanique,1,60.3,40.0,37.5,38.6,64.4,0.0,4.4,23.2,Yes,Yes,Low,2.0,Yes,Salle 29,186.0,42.4,0.0
ENSPD004359,Male,25.0,Telecom,2,100.0,0.0,48.3,100.0,93.7,4.0,4.2,9.5,No,No,Low,0.0,Yes,Salle 22,161.0,86.6,1.0
ENSPD004360,Male,21.0,Informatique,2,65.7,34.0,53.0,34.0,80.3,1.0,7.5,37.3,Yes,No,High,0.0,Yes,Salle 4,298.0,58.1,1.0
ENSPD004361,Male,21.0,Informatique,3,75.8,24.0,58.2,59.7,68.8,0.0,1.4,11.5,Yes,No,Low,1.0,No,Salle 30,263.0,61.4,1.0
ENSPD004362,Female,22.0,Chimie,3,98.1,2.0,51.8,42.3,54.8,1.0,0.6,11.7,No,No,Middle,0.0,No,Salle 12,130.0,48.4,0.0
ENSPD004363,Female,24.0,Chimie,2,79.2,21.0,70.0,69.1,53.0,1.0,1.0,5.1,Yes,No,Middle,1.0,Yes,Salle 17,119.0,59.2,1.0
ENSPD004364,Male,24.0,Chimie,3,67.6,32.0,66.2,64.5,57.3,1.0,1.5,17.3,Yes,Yes,High,1.0,Yes,Salle 26,130.0,62.9,1.0
ENSPD004365,Male,19.0,Energetique,3,90.6,9.0,85.9,59.0,73.1,3.0,0.9,3.9,No,No,Middle,3.0,No,Salle 4,104.0,69.6,1.0
ENSPD004366,Female,26.0,Informatique,2,90.3,10.0,100.0,89.3,80.7,2.0,2.7,13.9,Yes,No,Low,0.0,Yes,Salle 1,298.0,88.6,1.0
ENSPD004367,Male,21.0,Mecanique,4,74.4,26.0,46.1,82.0,63.5,2.0,0.0,10.0,Yes,No,Low,0.0,Yes,Salle 6,178.0,52.4,1.0
ENSPD004368,Male,21.0,Telecom,3,75.7,24.0,67.2,56.1,25.1,3.0,0.0,14.0,Yes,No,Low,1.0,Yes,Salle 5,154.0,43.1,0.0
ENSPD004369,Male,20.0,Informatique,2,76.8,23.0,67.2,76.5,45.0,1.0,2.5,10.3,Yes,No,Middle,0.0,Yes,Salle 4,298.0,59.3,1.0
ENSPD004370,Male,27.0,Electrique,5,79.5,20.0,64.8,61.6,55.8,2.0,4.3,32.2,No,No,Middle,1.0,Yes,Salle 8,80.0,72.7,1.0
ENSPD004371,Male,22.0,GenieCivil,4,59.3,41.0,48.7,81.8,87.9,0.0,3.0,7.5,Yes,No,Middle,1.0,Yes,Salle 18,173.0,77.1,1.0
ENSPD004372,Male,20.0,Informatique,5,79.8,20.0,51.2,59.5,63.5,0.0,0.2,8.8,Yes,No,Middle,1.0,Yes,Salle 7,109.0,54.9,1.0
ENSPD004373,Male,24.0,Mecanique,3,100.0,0.0,68.6,33.4,69.1,2.0,5.5,11.5,No,Yes,Middle,0.0,No,Salle 6,212.0,58.7,1.0
ENSPD004374,Male,24.0,GenieCivil,2,71.2,29.0,50.8,67.8,72.4,0.0,1.5,6.9,Yes,No,Low,2.0,Yes,Salle 12,177.0,65.1,1.0
ENSPD004375,Male,22.0,Telecom,2,75.0,25.0,67.4,74.0,43.5,3.0,1.4,20.7,Yes,No,Middle,0.0,No,Salle 5,161.0,59.0,1.0
ENSPD004376,Male,24.0,Electrique,3,67.8,32.0,61.3,48.1,93.2,3.0,0.4,4.6,No,No,High,3.0,No,Salle 24,188.0,67.0,1.0
ENSPD004377,Male,20.0,Electrique,5,89.3,11.0,67.1,62.4,50.7,1.0,1.6,8.4,No,No,Middle,1.0,No,Salle 1,80.0,54.7,1.0
ENSPD004378,Female,21.0,GenieCivil,3,96.4,4.0,50.7,60.5,95.2,1.0,0.8,2.8,No,No,Low,1.0,Yes,Salle 15,185.0,71.6,1.0
ENSPD004379,Male,18.0,Mecanique,4,96.2,4.0,67.4,87.0,61.5,2.0,7.4,34.3,Yes,No,High,1.0,Yes,Salle 25,178.0,74.1,1.0
ENSPD004380,Male,19.0,Informatique,2,67.0,33.0,51.8,95.4,57.2,3.0,1.3,10.8,Yes,No,Middle,2.0,Yes,Salle 25,298.0,62.6,1.0
ENSPD004381,Male,26.0,GenieCivil,2,88.0,12.0,67.4,83.2,41.8,2.0,2.8,11.4,Yes,Yes,Low,1.0,Yes,Salle 14,177.0,59.1,1.0
ENSPD004382,Male,25.0,Informatique,4,99.2,1.0,85.1,60.5,67.9,1.0,1.8,17.9,No,No,Middle,2.0,No,Salle 26,230.0,73.5,1.0
ENSPD004383,Male,22.0,Informatique,4,88.1,12.0,68.9,82.7,100.0,2.0,0.2,3.4,Yes,No,Low,2.0,Yes,Salle 12,230.0,81.6,1.0
ENSPD004384,Male,25.0,GenieCivil,5,87.7,12.0,69.8,73.7,72.3,1.0,1.6,11.2,No,No,Low,1.0,No,Salle 8,70.0,75.6,1.0
ENSPD004385,Female,22.0,GenieCivil,4,76.3,24.0,77.3,61.6,69.4,2.0,1.6,12.3,Yes,No,Low,4.0,Yes,Salle 12,173.0,67.3,1.0
ENSPD004386,Male,22.0,Informatique,2,84.6,15.0,43.9,99.7,50.7,1.0,2.5,27.0,Yes,No,Middle,2.0,No,Salle 16,298.0,56.6,1.0
ENSPD004387,Female,22.0,Electrique,3,96.8,3.0,90.8,48.7,75.8,2.0,0.8,13.3,Yes,No,Low,1.0,Yes,Salle 25,188.0,75.8,1.0
ENSPD004388,Male,22.0,GenieCivil,4,85.9,14.0,49.2,72.9,67.2,2.0,3.9,23.9,Yes,No,Middle,0.0,Yes,Salle 11,173.0,62.0,1.0
ENSPD004389,Male,22.0,Informatique,3,67.0,33.0,78.2,77.1,62.7,2.0,1.9,10.8,Yes,No,Low,1.0,Yes,Salle 5,263.0,64.9,1.0
ENSPD004390,Male,24.0,Energetique,2,76.5,24.0,76.2,56.8,73.9,1.0,0.1,6.9,Yes,No,Low,1.0,No,Salle 14,71.0,70.4,1.0
ENSPD004391,Male,22.0,Informatique,2,96.5,4.0,51.5,72.1,27.7,0.0,2.5,16.9,Yes,Yes,Middle,3.0,Yes,Salle 12,298.0,49.1,0.0
ENSPD004392,Male,23.0,Telecom,3,85.9,14.0,80.1,79.0,62.0,2.0,4.7,23.7,Yes,No,Middle,0.0,Yes,Salle 29,154.0,74.8,1.0
ENSPD004393,Female,24.0,Informatique,1,83.4,17.0,72.5,66.4,40.1,0.0,2.3,18.0,Yes,No,Middle,0.0,No,Salle 2,248.0,59.5,1.0
ENSPD004394,Male,23.0,Telecom,4,75.4,25.0,93.3,70.5,64.6,1.0,1.0,21.5,Yes,No,Low,1.0,Yes,Salle 20,121.0,70.6,1.0
ENSPD004395,Female,20.0,Informatique,1,96.3,4.0,67.9,63.9,49.5,3.0,1.8,11.5,No,No,Middle,1.0,Yes,Salle 2,248.0,57.5,1.0
ENSPD004396,Female,19.0,Chimie,2,82.2,0.0,63.4,76.4,63.5,0.0,0.4,8.3,Yes,No,Middle,1.0,No,Salle 18,119.0,61.9,1.0
ENSPD004397,Male,22.0,Mecanique,4,97.2,3.0,57.3,57.9,37.3,1.0,1.4,13.8,Yes,No,Middle,0.0,Yes,Salle 12,178.0,48.8,0.0
ENSPD004398,Male,22.0,Chimie,2,99.3,1.0,38.8,56.4,86.3,0.0,1.4,9.7,Yes,No,Middle,1.0,Yes,Salle 5,119.0,66.1,1.0
ENSPD004399,Male,22.0,GenieCivil,4,77.7,22.0,60.2,62.4,50.4,1.0,0.1,2.7,Yes,No,Middle,0.0,Yes,Salle 12,173.0,56.8,1.0
ENSPD004400,Male,22.0,Informatique,2,76.0,24.0,60.9,83.3,51.5,1.0,0.8,5.3,Yes,No,Low,1.0,No,Salle 1,298.0,60.8,1.0
ENSPD004401,Male,27.0,Chimie,5,80.1,20.0,68.9,30.5,63.5,1.0,0.4,15.6,No,No,Low,1.0,No,Salle 26,48.0,67.0,1.0
ENSPD004402,Male,19.0,Informatique,1,82.5,18.0,43.7,45.6,75.4,1.0,1.0,9.6,Yes,No,Middle,1.0,Yes,Salle 10,248.0,58.1,1.0
ENSPD004403,Male,18.0,Telecom,1,99.2,1.0,61.4,100.0,23.3,1.0,0.6,11.5,Yes,No,Low,1.0,No,Salle 26,121.0,63.6,1.0
ENSPD004404,Male,23.0,Informatique,4,96.0,4.0,73.6,67.0,91.7,1.0,3.6,18.3,Yes,No,High,0.0,Yes,Salle 17,230.0,77.3,1.0
ENSPD004405,Other,21.0,GenieCivil,4,82.2,12.0,75.1,54.7,97.0,2.0,2.4,16.3,Yes,No,Middle,1.0,Yes,Salle 3,173.0,79.8,1.0
ENSPD004406,Female,23.0,Chimie,2,64.8,35.0,37.1,76.3,95.1,0.0,1.4,17.9,Yes,No,Low,1.0,No,Salle 13,119.0,68.8,1.0
ENSPD004407,Female,23.0,Mecanique,5,61.7,38.0,65.1,47.9,77.4,2.0,0.9,7.6,Yes,No,High,0.0,Yes,Salle 7,67.0,66.6,1.0
ENSPD004408,Male,25.0,Informatique,3,84.9,15.0,61.3,24.1,42.0,3.0,0.0,6.1,Yes,Yes,Middle,1.0,Yes,Salle 8,263.0,44.9,0.0
ENSPD004409,Male,19.0,Chimie,5,92.6,7.0,62.2,68.4,63.0,2.0,0.5,12.1,Yes,No,Middle,0.0,Yes,Salle 11,48.0,65.3,1.0
ENSPD004410,Male,21.0,Chimie,3,81.0,19.0,29.5,48.8,35.0,0.0,2.8,11.7,Yes,No,Middle,1.0,Yes,Salle 17,130.0,33.2,0.0
ENSPD004411,Male,23.0,Telecom,3,100.0,0.0,87.4,63.8,46.7,1.0,1.8,13.1,Yes,No,Middle,1.0,Yes,Salle 10,154.0,68.6,1.0
ENSPD004412,Male,24.0,Mecanique,2,69.0,31.0,67.7,67.9,41.8,1.0,1.5,11.5,No,No,Low,2.0,Yes,Salle 26,231.0,54.5,1.0
ENSPD004413,Female,26.0,GenieCivil,2,67.5,32.0,42.0,64.6,51.5,0.0,0.7,11.0,Yes,No,High,3.0,No,Salle 15,177.0,49.6,0.0
ENSPD004414,Female,24.0,Mecanique,3,74.0,26.0,70.6,31.2,67.3,1.0,0.2,9.6,Yes,Yes,Low,1.0,No,Salle 6,212.0,45.9,0.0
ENSPD004415,Male,22.0,Mecanique,2,73.6,26.0,70.2,62.5,55.1,0.0,3.1,20.3,Yes,No,Middle,2.0,Yes,Salle 9,231.0,60.2,1.0
ENSPD004416,Male,20.0,Chimie,1,88.3,12.0,83.3,70.0,54.2,3.0,1.4,10.2,Yes,No,Middle,2.0,Yes,Salle 26,96.0,66.3,1.0
ENSPD004417,Male,21.0,Mecanique,2,76.9,23.0,60.4,36.8,58.2,0.0,0.1,3.8,No,Yes,High,0.0,Yes,Salle 26,231.0,53.0,1.0
ENSPD004418,Male,21.0,GenieCivil,1,63.4,37.0,65.1,34.7,94.0,1.0,0.7,13.6,Yes,No,Middle,0.0,No,Salle 2,149.0,64.4,1.0
ENSPD004419,Male,23.0,GenieCivil,4,92.7,7.0,55.4,42.8,100.0,1.0,1.7,12.3,Yes,No,Middle,0.0,Yes,Salle 2,173.0,69.8,1.0
ENSPD004420,Male,23.0,Chimie,3,60.9,39.0,65.1,75.4,55.0,3.0,9.7,47.3,Yes,No,Low,4.0,No,Salle 22,130.0,64.5,1.0
ENSPD004421,Male,19.0,Telecom,4,69.1,31.0,53.2,26.0,70.7,2.0,0.2,0.6,Yes,No,Middle,1.0,No,Salle 12,121.0,59.2,1.0
ENSPD004422,Female,21.0,Electrique,5,62.5,38.0,51.6,76.9,47.2,2.0,1.3,12.9,No,No,Middle,2.0,No,Salle 17,80.0,55.3,1.0
ENSPD004423,Female,24.0,GenieCivil,3,84.5,16.0,64.0,61.6,79.4,0.0,1.8,12.8,Yes,Yes,Middle,0.0,Yes,Salle 18,185.0,67.9,1.0
ENSPD004424,Female,23.0,Chimie,5,84.2,16.0,46.6,57.4,54.5,1.0,3.5,17.8,Yes,Yes,Middle,1.0,No,Salle 12,48.0,54.7,1.0
ENSPD004425,Male,23.0,Electrique,2,100.0,0.0,89.0,35.3,49.8,1.0,2.3,19.4,No,No,Middle,1.0,Yes,Salle 21,185.0,56.8,1.0
ENSPD004426,Male,23.0,Informatique,1,93.0,7.0,93.9,47.7,100.0,1.0,3.3,19.1,No,No,Low,1.0,Yes,Salle 30,248.0,79.8,1.0
ENSPD004427,Male,25.0,Informatique,2,99.3,1.0,58.2,76.1,36.9,1.0,1.5,11.8,No,No,Middle,1.0,Yes,Salle 22,298.0,51.7,1.0
ENSPD004428,Male,22.0,Informatique,3,85.5,14.0,44.2,84.6,14.9,1.0,1.1,3.7,Yes,No,High,1.0,Yes,Salle 28,263.0,43.8,0.0
ENSPD004429,Male,21.0,GenieCivil,4,70.3,30.0,70.0,43.4,78.7,0.0,1.9,11.5,Yes,No,Middle,0.0,Yes,Salle 14,173.0,65.1,1.0
ENSPD004430,Female,20.0,Telecom,3,82.2,16.0,57.8,82.6,56.6,0.0,4.6,24.1,Yes,No,Middle,1.0,Yes,Salle 21,154.0,65.8,1.0
ENSPD004431,Female,22.0,Mecanique,2,89.1,11.0,82.6,74.3,51.1,3.0,1.6,8.7,No,No,Middle,1.0,Yes,Salle 3,231.0,63.7,1.0
ENSPD004432,Male,17.0,Mecanique,4,90.4,10.0,65.1,61.9,100.0,2.0,1.9,18.4,Yes,No,Middle,1.0,Yes,Salle 6,178.0,76.9,1.0
ENSPD004433,Male,22.0,Telecom,3,76.3,24.0,73.2,48.7,63.5,1.0,0.8,7.0,Yes,No,Middle,1.0,Yes,Salle 25,154.0,61.7,1.0
ENSPD004434,Female,22.0,Telecom,1,87.9,12.0,66.7,51.5,62.8,1.0,1.8,8.3,No,No,Middle,1.0,Yes,Salle 4,121.0,59.5,1.0
ENSPD004435,Male,19.0,Electrique,3,70.8,29.0,54.9,94.8,49.8,0.0,1.4,8.5,Yes,No,Middle,1.0,Yes,Salle 26,188.0,63.7,1.0
ENSPD004436,Male,20.0,Mecanique,5,69.5,30.0,65.1,61.6,72.9,0.0,2.8,15.7,No,No,High,0.0,No,Salle 19,67.0,65.9,1.0
ENSPD004437,Male,24.0,Informatique,4,68.6,31.0,65.1,85.9,29.3,2.0,1.7,15.2,Yes,No,High,1.0,Yes,Salle 15,230.0,57.4,1.0
ENSPD004438,Female,22.0,Informatique,3,82.3,18.0,66.3,61.6,53.7,0.0,0.4,11.5,Yes,No,High,1.0,No,Salle 10,263.0,59.3,0.0
ENSPD004439,Other,22.0,Informatique,2,67.9,32.0,66.5,53.9,63.3,1.0,1.7,7.6,No,No,Low,2.0,Yes,Salle 7,298.0,61.2,1.0
ENSPD004440,Male,23.0,Mecanique,1,76.9,23.0,51.9,72.5,68.3,0.0,0.7,5.5,No,No,Middle,0.0,Yes,Salle 26,186.0,60.9,1.0
ENSPD004441,Female,22.0,Electrique,2,92.8,7.0,82.2,100.0,61.2,3.0,0.2,5.5,Yes,No,Middle,2.0,Yes,Salle 11,185.0,80.3,1.0
ENSPD004442,Female,24.0,Informatique,4,69.7,30.0,80.7,50.4,50.1,4.0,3.5,14.8,Yes,No,Middle,1.0,Yes,Salle 24,230.0,56.6,1.0
ENSPD004443,Male,22.0,Informatique,2,75.9,24.0,58.8,78.4,82.4,2.0,0.1,5.9,Yes,No,Middle,0.0,Yes,Salle 26,298.0,73.5,1.0
ENSPD004444,Male,19.0,Informatique,2,82.9,17.0,63.1,65.4,31.0,1.0,1.4,19.2,Yes,Yes,Middle,1.0,Yes,Salle 13,298.0,53.5,1.0
ENSPD004445,Male,25.0,Electrique,5,85.0,15.0,86.2,35.9,58.4,0.0,8.9,40.5,Yes,No,Middle,1.0,Yes,Salle 9,80.0,55.7,1.0
ENSPD004446,Female,23.0,Electrique,4,76.0,24.0,48.0,35.5,53.6,0.0,0.2,4.2,Yes,No,Middle,0.0,Yes,Salle 27,157.0,47.6,0.0
ENSPD004447,Male,21.0,Electrique,3,91.4,9.0,74.1,53.9,84.2,1.0,0.5,11.5,Yes,No,Middle,1.0,Yes,Salle 16,188.0,75.5,1.0
ENSPD004448,Female,19.0,Mecanique,1,89.1,11.0,56.6,68.3,54.8,0.0,2.9,12.0,Yes,No,Middle,0.0,Yes,Salle 7,186.0,52.7,1.0
ENSPD004449,Male,23.0,Mecanique,1,95.7,4.0,91.7,77.8,72.8,2.0,0.2,7.9,Yes,No,Middle,1.0,Yes,Salle 6,186.0,77.2,1.0
ENSPD004450,Female,22.0,Informatique,1,81.0,19.0,66.0,33.7,70.7,2.0,3.6,11.5,Yes,No,Middle,2.0,Yes,Salle 16,248.0,59.8,1.0
ENSPD004451,Male,25.0,Mecanique,3,75.8,24.0,83.9,73.7,27.3,1.0,0.0,11.5,No,No,High,0.0,Yes,Salle 5,212.0,58.8,1.0
ENSPD004452,Male,21.0,Telecom,1,73.8,26.0,53.6,59.9,62.7,1.0,4.4,27.6,Yes,No,Low,0.0,No,Salle 5,121.0,49.7,0.0
ENSPD004453,Female,20.0,Energetique,4,85.7,14.0,46.3,62.1,29.1,1.0,0.1,0.0,No,No,Middle,0.0,No,Salle 13,70.0,41.1,0.0
ENSPD004454,Female,24.0,Electrique,5,77.5,22.0,61.5,72.6,63.5,0.0,5.1,26.2,No,No,Middle,2.0,Yes,Salle 26,80.0,66.9,1.0
ENSPD004455,Female,24.0,Telecom,2,75.2,25.0,68.9,93.4,49.4,1.0,4.0,15.2,Yes,No,Middle,1.0,No,Salle 15,161.0,62.7,1.0
ENSPD004456,Male,22.0,Electrique,2,76.6,23.0,65.1,67.5,87.7,5.0,1.6,16.0,Yes,No,High,1.0,Yes,Salle 17,185.0,68.5,1.0
ENSPD004457,Female,23.0,Informatique,4,73.8,26.0,76.4,37.6,60.4,1.0,3.0,13.2,Yes,Yes,Middle,0.0,Yes,Salle 11,230.0,55.9,1.0
ENSPD004458,Male,22.0,Energetique,5,84.4,16.0,61.9,58.6,48.6,1.0,0.2,8.9,Yes,No,Low,1.0,No,Salle 14,40.0,53.9,1.0
ENSPD004459,Male,22.0,Informatique,4,65.0,35.0,33.8,77.3,88.0,2.0,0.3,10.8,Yes,No,Middle,0.0,Yes,Salle 23,230.0,64.1,1.0
ENSPD004460,Male,24.0,Electrique,1,82.2,14.0,73.3,77.9,46.6,5.0,0.9,1.3,Yes,No,High,0.0,No,Salle 22,143.0,63.8,1.0
ENSPD004461,Male,23.0,Mecanique,1,90.1,10.0,51.8,74.0,81.9,0.0,1.5,16.9,Yes,No,Middle,0.0,Yes,Salle 7,186.0,72.4,1.0
ENSPD004462,Male,22.0,Mecanique,4,75.0,25.0,59.6,52.8,73.4,0.0,4.1,25.9,No,No,Middle,0.0,No,Salle 26,178.0,62.3,1.0
ENSPD004463,Other,25.0,Electrique,3,100.0,0.0,88.3,37.4,56.7,1.0,1.6,11.5,Yes,No,Middle,0.0,Yes,Salle 25,188.0,59.8,1.0
ENSPD004464,Male,17.0,GenieCivil,1,82.2,18.0,91.6,72.6,63.5,1.0,2.2,18.4,No,Yes,Middle,0.0,No,Salle 9,149.0,67.6,1.0
ENSPD004465,Female,26.0,Mecanique,3,63.3,37.0,56.4,40.1,88.8,1.0,2.3,11.5,Yes,No,Low,3.0,Yes,Salle 18,212.0,59.9,1.0
ENSPD004466,Male,19.0,Mecanique,4,78.6,21.0,73.7,74.5,74.0,1.0,4.2,25.4,Yes,No,Middle,0.0,Yes,Salle 3,178.0,73.2,1.0
ENSPD004467,Male,21.0,Mecanique,1,82.8,17.0,65.1,74.5,48.6,0.0,3.0,16.6,Yes,Yes,Middle,0.0,Yes,Salle 26,186.0,52.0,1.0
ENSPD004468,Male,22.0,Energetique,4,87.4,13.0,60.7,53.6,68.9,1.0,7.5,29.3,Yes,No,Middle,1.0,Yes,Salle 9,70.0,53.8,1.0
ENSPD004469,Female,22.0,Chimie,1,78.9,21.0,55.9,60.0,84.1,2.0,0.0,10.9,Yes,Yes,Low,1.0,Yes,Salle 3,96.0,63.2,1.0
ENSPD004470,Female,24.0,GenieCivil,4,69.9,30.0,39.1,65.6,66.2,1.0,0.5,12.9,Yes,Yes,Middle,1.0,Yes,Salle 14,173.0,52.3,1.0
ENSPD004471,Female,20.0,Informatique,3,68.9,31.0,65.1,50.9,68.8,1.0,5.3,27.0,Yes,No,Middle,1.0,Yes,Salle 29,263.0,58.5,1.0
ENSPD004472,Other,23.0,Telecom,2,74.2,26.0,69.3,37.1,63.5,3.0,3.1,17.5,Yes,No,Middle,0.0,Yes,Salle 29,161.0,68.4,1.0
ENSPD004473,Male,21.0,Informatique,4,75.3,25.0,54.9,61.3,94.7,1.0,1.4,5.8,Yes,Yes,Middle,1.0,Yes,Salle 28,230.0,76.5,1.0
ENSPD004474,Male,23.0,Informatique,4,68.4,32.0,81.3,63.2,61.6,0.0,7.3,36.4,No,Yes,Middle,2.0,No,Salle 20,230.0,64.5,1.0
ENSPD004475,Female,22.0,Mecanique,5,73.2,27.0,58.5,86.5,37.3,1.0,4.1,23.0,Yes,No,Middle,1.0,No,Salle 26,67.0,60.2,1.0
ENSPD004476,Male,22.0,Telecom,2,89.9,10.0,55.4,47.9,37.9,2.0,0.1,11.5,No,Yes,Middle,1.0,Yes,Salle 16,161.0,46.6,0.0
ENSPD004477,Male,21.0,Informatique,3,100.0,0.0,72.9,81.2,63.5,1.0,3.3,19.0,Yes,Yes,Middle,0.0,Yes,Salle 26,263.0,68.3,1.0
ENSPD004478,Male,21.0,Informatique,3,91.1,9.0,41.9,41.4,45.3,1.0,3.1,11.5,Yes,Yes,Middle,2.0,Yes,Salle 28,263.0,39.1,0.0
ENSPD004479,Female,23.0,GenieCivil,3,97.7,2.0,78.6,37.8,30.4,1.0,0.5,11.5,Yes,Yes,Low,3.0,Yes,Salle 22,185.0,50.0,1.0
ENSPD004480,Male,24.0,Mecanique,4,93.7,6.0,59.0,56.6,100.0,1.0,2.2,17.0,Yes,No,Middle,1.0,Yes,Salle 28,178.0,72.6,1.0
ENSPD004481,Male,21.0,Electrique,1,92.0,8.0,79.8,45.1,63.5,2.0,7.0,33.7,No,No,Middle,1.0,Yes,Salle 27,143.0,64.4,1.0
ENSPD004482,Male,22.0,GenieCivil,2,77.9,22.0,84.3,37.5,53.5,2.0,2.3,15.6,Yes,No,Middle,1.0,Yes,Salle 26,177.0,55.7,1.0
ENSPD004483,Male,23.0,GenieCivil,3,83.7,16.0,74.6,97.0,63.3,2.0,3.4,25.9,Yes,No,Middle,1.0,Yes,Salle 26,185.0,82.0,1.0
ENSPD004484,Male,22.0,Informatique,1,77.0,23.0,52.8,53.9,28.3,1.0,0.2,10.2,No,No,Middle,3.0,Yes,Salle 18,248.0,43.8,0.0
ENSPD004485,Male,24.0,Informatique,4,79.4,21.0,46.2,100.0,87.1,1.0,2.6,14.0,No,Yes,Middle,4.0,Yes,Salle 27,230.0,74.7,1.0
ENSPD004486,Female,20.0,Telecom,3,82.8,17.0,43.5,44.1,25.0,0.0,0.5,3.6,Yes,Yes,Low,2.0,Yes,Salle 28,154.0,34.7,0.0
ENSPD004487,Male,18.0,Telecom,3,90.6,9.0,81.5,31.2,74.2,1.0,0.1,0.0,Yes,No,Middle,1.0,Yes,Salle 6,154.0,63.4,1.0
ENSPD004488,Male,21.0,Mecanique,4,87.1,13.0,63.0,85.2,27.2,1.0,1.6,13.2,Yes,No,Middle,1.0,Yes,Salle 19,178.0,59.1,1.0
ENSPD004489,Female,20.0,Informatique,2,80.1,20.0,56.0,48.9,55.7,1.0,1.4,21.1,Yes,No,Low,0.0,No,Salle 13,298.0,50.4,1.0
ENSPD004490,Male,22.0,Informatique,3,82.7,17.0,63.0,64.5,88.9,1.0,1.6,16.5,No,No,Middle,2.0,Yes,Salle 7,263.0,70.3,1.0
ENSPD004491,Male,21.0,Electrique,1,87.2,13.0,81.2,37.6,31.3,3.0,5.4,25.0,No,No,Low,1.0,No,Salle 9,143.0,41.6,0.0
ENSPD004492,Female,23.0,Chimie,2,90.0,10.0,76.7,61.3,61.0,1.0,2.4,19.6,No,Yes,Low,1.0,Yes,Salle 29,119.0,66.2,1.0
ENSPD004493,Male,21.0,Mecanique,1,63.8,36.0,71.6,37.3,76.6,0.0,0.3,11.3,Yes,No,Middle,0.0,Yes,Salle 21,186.0,56.7,0.0
ENSPD004494,Female,22.0,Electrique,3,69.1,31.0,74.6,60.7,73.3,2.0,5.5,30.9,Yes,No,High,2.0,Yes,Salle 24,188.0,70.7,1.0
ENSPD004495,Female,22.0,Chimie,3,95.3,5.0,67.7,53.5,65.4,0.0,0.3,6.4,No,No,Low,1.0,No,Salle 22,130.0,60.0,1.0
ENSPD004496,Female,22.0,Energetique,2,81.3,19.0,69.5,66.1,73.9,1.0,2.8,16.0,Yes,No,Low,2.0,No,Salle 8,71.0,68.1,1.0
ENSPD004497,Male,22.0,Informatique,2,76.9,23.0,68.3,73.3,51.8,3.0,0.3,8.3,No,No,Middle,1.0,Yes,Salle 20,298.0,60.2,1.0
ENSPD004498,Male,23.0,Informatique,1,78.8,21.0,65.0,66.3,100.0,1.0,13.1,60.1,Yes,No,Low,2.0,No,Salle 23,248.0,76.8,1.0
ENSPD004499,Male,20.0,Informatique,5,78.8,21.0,76.3,70.1,31.8,0.0,0.8,6.3,Yes,No,Middle,0.0,Yes,Salle 12,109.0,50.6,1.0
ENSPD004500,Male,25.0,Telecom,1,88.7,11.0,70.4,60.0,87.2,0.0,1.4,9.2,Yes,No,High,0.0,No,Salle 9,121.0,69.7,1.0
ENSPD004501,Female,22.0,Chimie,4,68.7,31.0,51.8,54.2,67.8,3.0,1.3,11.3,No,No,Middle,0.0,Yes,Salle 28,93.0,58.5,1.0
ENSPD004502,Male,19.0,Electrique,3,82.3,18.0,72.9,70.5,76.3,4.0,0.2,11.5,Yes,Yes,Middle,1.0,Yes,Salle 23,188.0,73.8,1.0
ENSPD004503,Male,22.0,Informatique,3,85.0,15.0,68.7,60.0,79.9,1.0,1.4,8.6,Yes,No,Low,0.0,Yes,Salle 18,263.0,70.1,1.0
ENSPD004504,Male,20.0,Mecanique,2,86.8,13.0,74.2,60.7,75.1,2.0,0.3,0.0,Yes,No,Low,1.0,No,Salle 21,231.0,68.9,1.0
ENSPD004505,Male,23.0,Mecanique,5,84.7,15.0,63.4,69.2,47.8,3.0,1.4,11.5,Yes,No,Middle,2.0,Yes,Salle 25,67.0,55.5,1.0
ENSPD004506,Male,26.0,Electrique,2,82.2,12.0,77.2,43.4,58.3,0.0,6.4,11.5,No,No,Middle,1.0,Yes,Salle 1,185.0,56.9,1.0
ENSPD004507,Female,20.0,Mecanique,3,82.2,25.0,64.1,87.7,35.0,0.0,3.3,22.2,No,No,Middle,0.0,No,Salle 4,212.0,57.4,1.0
ENSPD004508,Male,23.0,Informatique,5,70.7,29.0,75.9,57.5,63.5,2.0,1.1,9.2,No,No,Low,0.0,Yes,Salle 9,109.0,64.5,1.0
ENSPD004509,Female,18.0,Chimie,4,100.0,0.0,58.2,64.2,70.5,1.0,1.4,8.2,Yes,No,Middle,1.0,Yes,Salle 9,93.0,63.2,1.0
ENSPD004510,Female,23.0,Mecanique,3,78.4,22.0,59.2,61.2,76.1,2.0,0.1,0.0,Yes,No,Middle,1.0,Yes,Salle 26,212.0,61.2,1.0
ENSPD004511,Male,20.0,GenieCivil,5,79.8,20.0,74.0,61.6,71.8,2.0,1.4,12.3,No,No,High,2.0,Yes,Salle 21,70.0,71.7,1.0
ENSPD004512,Male,21.0,Informatique,3,90.1,10.0,60.0,68.1,28.9,1.0,2.3,11.5,No,No,Middle,0.0,Yes,Salle 16,263.0,47.5,0.0
ENSPD004513,Male,20.0,Chimie,1,100.0,0.0,98.1,61.1,52.8,4.0,1.4,15.2,No,No,Middle,1.0,Yes,Salle 1,96.0,77.5,1.0
ENSPD004514,Female,23.0,Electrique,2,75.5,24.0,73.5,88.1,50.8,2.0,1.8,14.8,Yes,No,High,0.0,Yes,Salle 25,185.0,65.8,1.0
ENSPD004515,Male,24.0,Telecom,2,70.0,30.0,65.4,4.3,63.5,0.0,7.7,39.1,Yes,Yes,Middle,1.0,Yes,Salle 17,161.0,35.0,0.0
ENSPD004516,Male,22.0,GenieCivil,2,67.1,33.0,77.3,84.4,47.3,1.0,1.4,3.0,No,No,Middle,0.0,No,Salle 30,177.0,62.8,1.0
ENSPD004517,Male,20.0,Energetique,4,100.0,0.0,57.8,78.6,64.0,1.0,1.8,5.5,No,No,Middle,1.0,Yes,Salle 11,70.0,64.1,1.0
ENSPD004518,Female,25.0,Telecom,3,69.5,30.0,78.8,29.0,92.3,3.0,0.5,4.3,No,No,Middle,2.0,Yes,Salle 14,154.0,64.6,1.0
ENSPD004519,Male,20.0,Electrique,1,81.7,18.0,65.1,78.7,44.9,2.0,0.8,1.0,No,No,Middle,0.0,Yes,Salle 26,143.0,66.6,1.0
ENSPD004520,Male,18.0,Energetique,4,70.3,30.0,83.8,81.1,41.4,3.0,2.3,12.5,Yes,Yes,Middle,0.0,Yes,Salle 14,70.0,62.4,1.0
ENSPD004521,Female,23.0,Mecanique,2,64.6,35.0,58.4,72.1,52.0,0.0,1.8,15.7,Yes,Yes,Middle,1.0,Yes,Salle 21,231.0,54.3,1.0
ENSPD004522,Male,20.0,Mecanique,5,78.5,22.0,46.7,33.9,70.7,3.0,1.4,2.4,No,Yes,Middle,2.0,Yes,Salle 3,67.0,49.9,0.0
ENSPD004523,Female,24.0,Informatique,5,70.7,29.0,55.8,74.3,88.5,1.0,0.2,13.9,Yes,No,Middle,1.0,Yes,Salle 17,109.0,71.7,1.0
ENSPD004524,Female,21.0,Electrique,5,73.7,26.0,60.8,80.1,62.3,2.0,0.8,7.2,No,No,Middle,2.0,Yes,Salle 4,80.0,66.1,1.0
ENSPD004525,Female,23.0,Chimie,4,100.0,0.0,90.0,51.7,35.1,1.0,0.1,6.9,Yes,Yes,Middle,0.0,No,Salle 1,93.0,58.7,1.0
ENSPD004526,Male,25.0,Chimie,2,87.1,13.0,97.9,69.9,39.3,1.0,1.7,7.7,Yes,No,Middle,0.0,Yes,Salle 10,119.0,59.7,1.0
ENSPD004527,Male,20.0,Informatique,3,93.2,7.0,70.2,55.6,67.8,1.0,0.8,12.4,Yes,No,Middle,1.0,Yes,Salle 17,263.0,64.6,1.0
ENSPD004528,Female,21.0,GenieCivil,2,91.9,8.0,65.1,77.9,83.9,1.0,1.0,9.9,Yes,Yes,Middle,3.0,Yes,Salle 22,177.0,73.0,1.0
ENSPD004529,Male,22.0,Informatique,2,82.2,19.0,59.8,56.4,100.0,0.0,1.7,12.8,No,Yes,Low,2.0,Yes,Salle 26,298.0,71.9,1.0
ENSPD004530,Male,25.0,Electrique,3,76.7,23.0,77.4,51.6,40.4,1.0,1.7,13.3,No,No,Middle,1.0,Yes,Salle 7,188.0,53.7,1.0
ENSPD004531,Male,21.0,Informatique,1,85.0,15.0,97.8,61.3,63.5,0.0,1.8,7.0,Yes,No,High,1.0,Yes,Salle 20,248.0,73.4,1.0
ENSPD004532,Male,21.0,Telecom,5,84.0,16.0,91.8,37.9,43.4,0.0,1.4,12.2,Yes,Yes,Middle,2.0,Yes,Salle 23,60.0,58.6,1.0
ENSPD004533,Male,23.0,Mecanique,5,75.2,25.0,82.1,59.5,46.0,1.0,1.3,13.0,Yes,No,Middle,1.0,Yes,Salle 19,67.0,56.9,1.0
ENSPD004534,Male,21.0,Mecanique,2,83.6,16.0,65.1,68.5,44.3,0.0,3.4,12.5,Yes,Yes,Low,1.0,Yes,Salle 26,231.0,59.5,1.0
ENSPD004535,Male,22.0,Telecom,3,73.5,26.0,77.5,77.7,57.3,1.0,1.3,9.1,Yes,No,Middle,3.0,Yes,Salle 11,154.0,66.5,1.0
ENSPD004536,Female,19.0,GenieCivil,2,79.9,20.0,64.3,66.5,46.4,2.0,1.5,9.8,No,No,High,0.0,Yes,Salle 4,177.0,59.1,1.0
ENSPD004537,Male,26.0,Informatique,4,78.0,22.0,54.0,36.2,63.5,1.0,8.9,40.8,No,No,Middle,1.0,Yes,Salle 5,230.0,61.9,1.0
ENSPD004538,Female,19.0,GenieCivil,3,66.8,33.0,64.7,86.3,54.8,0.0,0.4,9.5,Yes,Yes,Middle,1.0,Yes,Salle 19,185.0,61.3,1.0
ENSPD004539,Male,21.0,Informatique,2,53.8,46.0,71.3,87.9,83.8,2.0,2.6,18.7,Yes,Yes,Middle,0.0,No,Salle 22,298.0,79.7,1.0
ENSPD004540,Male,22.0,Energetique,2,70.7,29.0,43.2,64.0,50.8,0.0,1.3,9.8,No,Yes,Middle,1.0,Yes,Salle 27,71.0,48.7,0.0
ENSPD004541,Male,26.0,Electrique,2,100.0,0.0,62.7,48.5,100.0,5.0,3.6,23.2,Yes,Yes,Middle,0.0,Yes,Salle 17,185.0,76.0,1.0
ENSPD004542,Male,19.0,Mecanique,5,78.3,22.0,52.6,52.4,70.8,4.0,1.0,3.5,Yes,No,Low,2.0,Yes,Salle 18,67.0,57.5,1.0
ENSPD004543,Male,26.0,Electrique,1,91.3,9.0,80.2,58.3,80.7,2.0,0.7,8.8,No,No,Middle,2.0,Yes,Salle 7,143.0,73.7,1.0
ENSPD004544,Male,24.0,Informatique,1,56.5,44.0,56.8,67.0,52.2,0.0,0.5,0.0,Yes,No,Middle,0.0,No,Salle 10,248.0,55.3,1.0
ENSPD004545,Male,23.0,Chimie,4,69.9,30.0,69.9,56.5,83.5,2.0,4.1,19.4,Yes,No,Middle,2.0,Yes,Salle 21,93.0,63.8,1.0
ENSPD004546,Female,20.0,Telecom,4,65.7,34.0,54.5,46.5,70.7,0.0,2.5,11.5,Yes,No,Low,1.0,Yes,Salle 14,121.0,54.2,1.0
ENSPD004547,Male,23.0,Telecom,4,79.6,20.0,89.0,80.4,56.4,0.0,0.2,8.7,Yes,No,Middle,2.0,No,Salle 5,121.0,71.8,1.0
ENSPD004548,Female,21.0,Mecanique,3,100.0,0.0,65.1,66.6,42.4,2.0,2.5,16.2,No,No,Middle,0.0,Yes,Salle 23,212.0,48.6,0.0
ENSPD004549,Female,25.0,Mecanique,3,87.5,12.0,72.1,43.1,59.2,4.0,0.1,11.7,Yes,No,Middle,0.0,No,Salle 11,212.0,60.5,1.0
ENSPD004550,Female,20.0,Informatique,3,100.0,0.0,45.8,67.2,57.5,3.0,0.4,7.0,Yes,Yes,Middle,1.0,Yes,Salle 5,263.0,52.5,1.0
ENSPD004551,Female,22.0,Electrique,1,78.9,21.0,65.1,64.9,81.4,4.0,1.8,5.4,No,Yes,High,1.0,No,Salle 10,143.0,68.5,1.0
ENSPD004552,Male,21.0,GenieCivil,3,98.4,2.0,68.1,61.6,59.4,0.0,1.2,0.7,Yes,No,High,1.0,Yes,Salle 16,185.0,64.4,1.0
ENSPD004553,Male,20.0,GenieCivil,1,100.0,0.0,65.1,83.5,25.6,0.0,3.7,11.5,Yes,No,Middle,1.0,Yes,Salle 26,149.0,58.0,1.0
ENSPD004554,Female,23.0,Telecom,2,80.7,19.0,68.4,64.4,76.9,2.0,1.9,8.6,Yes,No,Low,1.0,Yes,Salle 11,161.0,70.9,1.0
ENSPD004555,Male,23.0,Informatique,5,75.5,24.0,67.3,58.1,89.9,3.0,6.7,32.0,No,No,Middle,1.0,Yes,Salle 27,109.0,70.1,1.0
ENSPD004556,Male,24.0,Informatique,2,66.2,34.0,55.4,60.5,30.7,1.0,3.9,18.4,No,No,Low,0.0,Yes,Salle 20,298.0,46.7,0.0
ENSPD004557,Female,18.0,Informatique,5,78.3,22.0,62.5,70.0,100.0,0.0,0.8,11.5,Yes,No,Middle,2.0,No,Salle 14,109.0,81.4,1.0
ENSPD004558,Female,24.0,Mecanique,2,83.0,17.0,65.5,61.6,91.9,0.0,3.6,17.1,Yes,No,Middle,1.0,Yes,Salle 7,231.0,73.9,1.0
ENSPD004559,Female,27.0,Informatique,2,100.0,0.0,67.9,60.6,51.4,1.0,4.1,20.0,No,No,Low,1.0,No,Salle 10,298.0,60.7,1.0
ENSPD004560,Other,21.0,GenieCivil,3,66.5,34.0,64.0,81.2,41.7,1.0,7.0,29.7,Yes,Yes,Middle,1.0,Yes,Salle 7,185.0,57.0,1.0
ENSPD004561,Female,26.0,Mecanique,4,82.7,17.0,75.9,36.5,85.1,0.0,0.0,5.2,Yes,Yes,Middle,0.0,Yes,Salle 5,178.0,66.3,1.0
ENSPD004562,Male,21.0,Informatique,3,60.2,40.0,66.4,39.5,36.6,0.0,4.2,25.6,No,No,Middle,0.0,Yes,Salle 14,263.0,47.2,0.0
ENSPD004563,Female,19.0,Chimie,4,76.9,23.0,68.0,76.0,50.6,2.0,0.1,2.8,Yes,No,Middle,2.0,Yes,Salle 8,93.0,61.3,1.0
ENSPD004564,Male,21.0,Informatique,1,85.7,14.0,59.3,100.0,37.7,0.0,1.5,11.3,No,No,Low,1.0,No,Salle 26,248.0,58.0,1.0
ENSPD004565,Male,24.0,Electrique,5,88.2,12.0,49.2,77.8,64.1,1.0,1.1,17.7,Yes,No,Middle,1.0,No,Salle 9,80.0,61.3,1.0
ENSPD004566,Female,20.0,Mecanique,1,89.1,11.0,67.3,95.6,93.3,2.0,5.0,26.0,Yes,No,Low,0.0,No,Salle 30,186.0,80.8,1.0
ENSPD004567,Male,21.0,GenieCivil,4,86.8,13.0,83.1,54.2,71.5,1.0,1.0,13.4,Yes,No,Middle,0.0,Yes,Salle 5,173.0,70.8,1.0
ENSPD004568,Male,23.0,Energetique,2,89.0,11.0,71.7,50.5,84.4,0.0,1.8,10.3,No,No,High,2.0,No,Salle 1,71.0,67.5,1.0
ENSPD004569,Male,22.0,Informatique,4,82.5,18.0,52.7,70.2,57.0,5.0,2.4,19.3,No,No,Middle,1.0,Yes,Salle 20,230.0,59.8,1.0
ENSPD004570,Female,23.0,GenieCivil,3,69.4,31.0,77.2,79.2,65.9,1.0,1.4,11.5,No,No,Middle,0.0,Yes,Salle 24,185.0,65.3,1.0
ENSPD004571,Male,22.0,Telecom,1,59.8,40.0,60.0,38.4,39.5,0.0,1.8,14.6,Yes,No,Middle,1.0,Yes,Salle 26,121.0,36.1,0.0
ENSPD004572,Female,23.0,Electrique,5,75.4,25.0,75.7,58.2,62.1,1.0,1.5,15.3,No,Yes,Middle,0.0,No,Salle 7,80.0,58.6,1.0
ENSPD004573,Male,21.0,Mecanique,2,80.4,20.0,59.5,61.5,49.1,0.0,1.8,18.4,Yes,No,High,1.0,Yes,Salle 26,231.0,59.5,1.0
ENSPD004574,Female,22.0,Mecanique,2,97.0,3.0,70.3,49.8,60.8,1.0,0.2,6.3,No,No,Low,0.0,Yes,Salle 25,231.0,58.5,1.0
ENSPD004575,Female,20.0,Electrique,4,80.8,19.0,57.2,51.9,59.4,0.0,0.1,4.3,Yes,No,Low,1.0,Yes,Salle 2,157.0,59.7,1.0
ENSPD004576,Male,25.0,Telecom,1,79.6,20.0,57.6,77.2,57.7,0.0,0.4,1.1,Yes,No,High,1.0,Yes,Salle 3,121.0,60.2,1.0
ENSPD004577,Male,21.0,Informatique,2,86.6,13.0,65.1,61.6,100.0,1.0,4.1,21.1,Yes,No,Middle,1.0,Yes,Salle 24,298.0,80.1,1.0
ENSPD004578,Male,24.0,Informatique,3,78.8,21.0,72.7,76.4,99.4,2.0,0.9,11.8,Yes,No,Middle,0.0,Yes,Salle 7,263.0,82.8,1.0
ENSPD004579,Female,22.0,Mecanique,4,91.7,8.0,70.6,68.1,92.3,1.0,1.1,12.2,Yes,Yes,Low,2.0,No,Salle 14,178.0,79.8,1.0
ENSPD004580,Female,22.0,Mecanique,1,100.0,0.0,71.4,46.3,99.9,0.0,1.0,8.9,Yes,No,Middle,0.0,Yes,Salle 28,186.0,80.4,1.0
ENSPD004581,Female,21.0,Mecanique,3,100.0,0.0,69.1,69.6,92.4,0.0,2.5,16.5,Yes,No,High,2.0,No,Salle 13,212.0,81.9,1.0
ENSPD004582,Male,20.0,Mecanique,4,83.2,17.0,53.6,44.9,63.6,2.0,1.4,14.1,Yes,No,Low,1.0,No,Salle 28,178.0,53.2,1.0
ENSPD004583,Female,19.0,Informatique,4,86.0,14.0,65.1,56.4,61.5,1.0,0.1,8.1,Yes,No,Middle,1.0,No,Salle 7,230.0,63.4,1.0
ENSPD004584,Female,20.0,Informatique,5,100.0,0.0,79.9,43.3,68.7,1.0,1.0,8.1,Yes,No,Middle,0.0,Yes,Salle 14,109.0,65.7,1.0
ENSPD004585,Female,21.0,Energetique,4,80.2,20.0,53.2,51.0,59.8,2.0,2.6,15.4,Yes,No,Middle,1.0,No,Salle 9,70.0,55.8,1.0
ENSPD004586,Female,22.0,Informatique,3,90.2,10.0,73.0,63.6,43.2,1.0,4.9,27.3,No,No,Middle,1.0,Yes,Salle 15,263.0,58.7,1.0
ENSPD004587,Male,24.0,Informatique,2,68.4,32.0,78.1,53.8,69.9,2.0,0.1,7.8,No,No,Middle,0.0,No,Salle 23,298.0,70.5,1.0
ENSPD004588,Male,21.0,Mecanique,1,78.3,22.0,57.9,46.1,32.7,1.0,3.3,27.2,Yes,No,Low,1.0,No,Salle 9,186.0,39.0,0.0
ENSPD004589,Female,20.0,Energetique,3,95.9,4.0,60.6,82.5,66.8,1.0,0.1,12.0,No,No,Low,2.0,Yes,Salle 26,104.0,70.6,1.0
ENSPD004590,Female,19.0,Chimie,5,73.4,27.0,73.0,59.8,44.1,3.0,0.8,4.1,Yes,No,Middle,1.0,Yes,Salle 25,48.0,55.6,1.0
ENSPD004591,Male,23.0,Chimie,4,80.5,20.0,42.3,52.5,62.4,1.0,0.0,2.4,No,No,High,2.0,No,Salle 5,93.0,56.4,1.0
ENSPD004592,Male,25.0,Informatique,1,63.1,37.0,48.7,42.5,67.8,2.0,4.9,29.7,No,Yes,High,1.0,Yes,Salle 4,248.0,51.2,1.0
ENSPD004593,Male,25.0,Telecom,3,100.0,0.0,50.2,28.3,56.9,0.0,2.5,11.5,Yes,No,Low,0.0,Yes,Salle 29,154.0,47.4,0.0
ENSPD004594,Male,23.0,GenieCivil,3,82.2,3.0,38.1,58.0,31.2,0.0,0.9,11.5,No,No,High,1.0,No,Salle 20,185.0,37.3,0.0
ENSPD004595,Male,23.0,Mecanique,3,84.3,16.0,81.3,37.2,40.2,0.0,0.9,15.1,No,No,Low,2.0,Yes,Salle 6,212.0,45.8,0.0
ENSPD004596,Female,25.0,Electrique,4,88.1,12.0,35.2,74.8,73.2,3.0,2.0,11.5,Yes,No,High,3.0,Yes,Salle 14,157.0,60.4,1.0
ENSPD004597,Female,23.0,Telecom,3,86.8,13.0,70.1,62.5,52.9,0.0,0.2,9.7,No,No,Middle,0.0,No,Salle 18,154.0,59.8,1.0
ENSPD004598,Male,23.0,Chimie,2,98.6,1.0,77.2,90.1,75.2,0.0,0.3,7.1,No,No,High,0.0,No,Salle 9,119.0,79.5,1.0
ENSPD004599,Male,21.0,Telecom,5,75.8,24.0,60.6,61.6,64.2,0.0,3.8,19.9,Yes,No,Middle,1.0,No,Salle 4,60.0,62.9,1.0
ENSPD004600,Male,19.0,Telecom,3,90.8,9.0,55.0,48.9,60.0,3.0,0.5,0.0,Yes,No,Middle,2.0,No,Salle 27,154.0,56.0,1.0
ENSPD004601,Male,21.0,Mecanique,2,94.9,5.0,68.5,28.2,71.0,3.0,1.4,16.4,Yes,No,Middle,0.0,Yes,Salle 3,231.0,53.4,1.0
ENSPD004602,Female,22.0,GenieCivil,2,96.6,3.0,65.0,76.5,50.5,1.0,0.5,4.9,Yes,Yes,Middle,0.0,No,Salle 22,177.0,61.1,1.0
ENSPD004603,Female,22.0,Informatique,5,54.9,45.0,80.1,38.6,72.0,1.0,0.2,11.2,Yes,No,High,2.0,Yes,Salle 19,109.0,59.6,1.0
ENSPD004604,Male,26.0,Telecom,4,74.8,25.0,25.6,54.7,55.6,0.0,1.4,13.3,No,No,Low,1.0,Yes,Salle 27,121.0,46.3,0.0
ENSPD004605,Female,22.0,Informatique,2,69.8,30.0,51.2,92.1,100.0,1.0,4.6,21.4,Yes,No,High,1.0,Yes,Salle 30,298.0,82.8,1.0
ENSPD004606,Female,24.0,Telecom,1,83.8,16.0,73.4,73.0,41.3,1.0,1.9,18.2,No,No,Middle,2.0,Yes,Salle 22,121.0,54.3,1.0
ENSPD004607,Female,21.0,Mecanique,1,57.8,42.0,65.8,69.0,56.9,1.0,1.2,17.6,No,No,Middle,1.0,Yes,Salle 13,186.0,53.3,1.0
ENSPD004608,Male,21.0,Mecanique,2,82.2,42.0,76.3,61.6,57.7,1.0,1.6,16.0,No,No,Low,1.0,Yes,Salle 1,231.0,63.0,1.0
ENSPD004609,Female,19.0,Informatique,3,100.0,0.0,68.9,78.3,37.0,0.0,1.0,11.7,No,No,Low,0.0,Yes,Salle 4,263.0,56.0,1.0
ENSPD004610,Male,21.0,Mecanique,3,89.4,11.0,63.0,61.6,78.5,1.0,2.8,9.3,Yes,No,Middle,1.0,Yes,Salle 22,212.0,71.4,1.0
ENSPD004611,Male,23.0,Telecom,3,83.5,16.0,60.5,51.2,55.4,1.0,2.8,12.0,No,No,Middle,0.0,No,Salle 3,154.0,52.3,1.0
ENSPD004612,Male,22.0,Informatique,4,82.2,14.0,99.9,55.2,16.4,1.0,3.4,22.3,Yes,No,High,1.0,Yes,Salle 19,230.0,49.6,0.0
ENSPD004613,Male,24.0,GenieCivil,1,83.8,16.0,88.0,45.4,77.9,2.0,1.5,5.8,Yes,No,Middle,2.0,Yes,Salle 12,149.0,74.6,1.0
ENSPD004614,Male,22.0,Informatique,1,94.0,6.0,72.4,61.4,51.3,2.0,3.2,16.9,Yes,No,High,1.0,No,Salle 7,248.0,58.1,1.0
ENSPD004615,Male,21.0,Mecanique,2,74.4,26.0,66.2,59.6,61.9,1.0,0.3,5.0,No,Yes,High,2.0,Yes,Salle 10,231.0,59.7,1.0
ENSPD004616,Male,26.0,Informatique,1,84.2,16.0,65.1,30.4,63.5,1.0,0.1,7.1,Yes,Yes,High,4.0,No,Salle 13,248.0,62.7,1.0
ENSPD004617,Female,22.0,Mecanique,1,84.7,15.0,77.4,50.2,56.7,2.0,2.1,16.1,No,Yes,Middle,1.0,No,Salle 23,186.0,65.4,1.0
ENSPD004618,Female,24.0,Telecom,3,82.2,31.0,71.3,87.9,56.5,1.0,0.2,0.0,Yes,No,Middle,0.0,No,Salle 5,154.0,66.9,1.0
ENSPD004619,Male,21.0,GenieCivil,4,97.3,3.0,53.7,66.4,100.0,0.0,1.6,12.5,Yes,No,Low,1.0,Yes,Salle 17,173.0,83.6,1.0
ENSPD004620,Female,23.0,Mecanique,4,76.7,23.0,91.8,74.9,20.9,2.0,2.6,12.7,Yes,Yes,Middle,0.0,Yes,Salle 24,178.0,54.0,1.0
ENSPD004621,Female,24.0,Electrique,4,94.2,6.0,68.7,59.8,38.3,0.0,1.0,11.2,No,No,Middle,1.0,Yes,Salle 3,157.0,51.2,1.0
ENSPD004622,Female,22.0,Informatique,3,83.4,17.0,95.2,28.0,42.2,1.0,0.1,0.0,Yes,No,Middle,0.0,Yes,Salle 17,263.0,52.2,1.0
ENSPD004623,Male,17.0,Mecanique,4,100.0,0.0,67.8,59.7,99.8,1.0,4.4,26.7,Yes,No,Low,0.0,Yes,Salle 17,178.0,76.3,1.0
ENSPD004624,Female,22.0,GenieCivil,2,69.5,30.0,65.1,80.8,51.1,1.0,0.1,2.5,Yes,No,Middle,1.0,No,Salle 25,177.0,60.4,1.0
ENSPD004625,Female,24.0,Mecanique,5,69.0,31.0,85.8,40.7,68.8,1.0,4.7,22.3,No,No,Middle,1.0,Yes,Salle 9,67.0,63.3,1.0
ENSPD004626,Female,23.0,Electrique,1,71.1,29.0,69.5,75.4,54.5,0.0,0.1,11.9,Yes,No,Middle,1.0,Yes,Salle 8,143.0,60.5,1.0
ENSPD004627,Male,23.0,GenieCivil,1,83.6,16.0,67.0,31.4,76.1,2.0,2.7,15.3,Yes,No,Middle,2.0,Yes,Salle 20,149.0,65.7,1.0
ENSPD004628,Male,19.0,Chimie,2,100.0,0.0,47.0,62.4,63.7,1.0,5.2,29.8,Yes,No,Middle,1.0,No,Salle 28,119.0,52.8,1.0
ENSPD004629,Female,21.0,Energetique,5,100.0,0.0,74.9,71.8,69.1,0.0,4.7,23.7,Yes,Yes,Low,2.0,Yes,Salle 14,40.0,73.2,1.0
ENSPD004630,Male,23.0,Informatique,5,54.3,46.0,57.6,56.4,89.7,0.0,4.5,29.7,No,No,Middle,2.0,Yes,Salle 28,109.0,62.5,1.0
ENSPD004631,Male,23.0,Mecanique,4,85.0,15.0,58.3,100.0,72.8,3.0,1.4,23.6,Yes,No,Low,1.0,Yes,Salle 25,178.0,74.6,1.0
ENSPD004632,Male,24.0,Mecanique,3,43.4,57.0,57.6,53.1,49.3,0.0,1.4,12.7,Yes,No,Middle,0.0,Yes,Salle 19,212.0,47.9,0.0
ENSPD004633,Female,22.0,Informatique,3,91.5,8.0,71.6,51.6,70.2,3.0,1.6,11.5,No,No,Middle,1.0,Yes,Salle 13,263.0,62.2,1.0
ENSPD004634,Female,23.0,Telecom,5,95.4,5.0,42.0,65.7,100.0,1.0,1.9,11.4,No,No,Middle,2.0,Yes,Salle 30,60.0,73.3,1.0
ENSPD004635,Male,22.0,Chimie,3,81.5,18.0,61.8,48.4,75.3,1.0,4.5,26.5,No,No,Middle,1.0,Yes,Salle 19,130.0,62.5,1.0
ENSPD004636,Female,20.0,GenieCivil,5,83.0,17.0,79.7,36.1,67.0,1.0,3.6,16.4,Yes,No,Low,3.0,Yes,Salle 8,70.0,63.4,1.0
ENSPD004637,Male,17.0,GenieCivil,2,82.9,17.0,46.3,42.2,36.6,0.0,3.1,11.5,Yes,No,Low,1.0,Yes,Salle 9,177.0,44.2,0.0
ENSPD004638,Female,23.0,Informatique,2,72.6,27.0,67.6,75.6,78.5,0.0,2.3,18.0,No,No,Middle,3.0,Yes,Salle 30,298.0,72.4,1.0
ENSPD004639,Female,22.0,Electrique,4,87.2,13.0,55.5,56.5,81.4,0.0,1.9,14.7,Yes,No,Middle,1.0,No,Salle 26,157.0,61.9,1.0
ENSPD004640,Female,21.0,Chimie,1,79.2,21.0,58.9,92.6,70.3,0.0,5.1,21.6,No,Yes,High,0.0,Yes,Salle 22,96.0,74.4,1.0
ENSPD004641,Female,19.0,Electrique,5,93.2,7.0,89.8,54.1,66.3,0.0,0.4,8.4,Yes,No,Low,0.0,Yes,Salle 12,80.0,66.1,1.0
ENSPD004642,Male,23.0,Mecanique,3,80.6,19.0,40.2,74.8,100.0,0.0,0.4,10.8,Yes,No,Middle,1.0,Yes,Salle 30,212.0,75.2,1.0
ENSPD004643,Female,21.0,Electrique,5,71.7,28.0,76.5,61.6,81.1,0.0,8.1,32.3,No,No,Middle,2.0,Yes,Salle 3,80.0,68.9,1.0
ENSPD004644,Male,23.0,Mecanique,2,63.6,36.0,57.8,53.8,88.8,1.0,1.6,5.3,Yes,No,High,1.0,Yes,Salle 28,231.0,65.2,1.0
ENSPD004645,Female,26.0,GenieCivil,4,59.6,40.0,57.1,46.2,65.3,2.0,1.3,11.5,Yes,No,Low,0.0,Yes,Salle 27,173.0,50.0,1.0
ENSPD004646,Female,18.0,GenieCivil,3,97.8,2.0,48.3,30.8,61.4,1.0,3.8,17.6,Yes,No,Low,0.0,No,Salle 2,185.0,50.1,1.0
ENSPD004647,Female,21.0,Mecanique,3,76.5,24.0,76.3,72.0,76.6,1.0,3.8,11.5,Yes,No,Middle,0.0,No,Salle 16,212.0,71.4,1.0
ENSPD004648,Male,22.0,Chimie,3,86.1,14.0,62.1,61.6,63.5,1.0,1.4,13.4,Yes,No,Middle,0.0,Yes,Salle 23,130.0,65.1,1.0
ENSPD004649,Female,25.0,Telecom,5,100.0,0.0,60.2,33.4,63.0,4.0,0.4,0.7,No,No,High,0.0,Yes,Salle 24,60.0,56.1,1.0
ENSPD004650,Male,19.0,Informatique,3,75.2,25.0,66.6,55.3,73.3,1.0,3.2,11.5,Yes,No,Middle,2.0,Yes,Salle 16,263.0,62.4,1.0
ENSPD004651,Male,26.0,Energetique,2,74.5,26.0,62.4,50.0,53.7,1.0,3.1,11.5,Yes,No,Low,1.0,Yes,Salle 30,71.0,49.9,0.0
ENSPD004652,Female,22.0,GenieCivil,4,80.4,20.0,35.0,71.9,68.4,0.0,0.5,12.2,Yes,Yes,Middle,1.0,Yes,Salle 27,173.0,61.9,1.0
ENSPD004653,Male,22.0,Electrique,2,82.4,18.0,57.6,56.1,65.6,1.0,3.7,26.7,No,No,Middle,0.0,No,Salle 4,185.0,55.4,1.0
ENSPD004654,Female,22.0,Telecom,2,100.0,0.0,78.4,85.8,63.5,1.0,1.3,13.4,Yes,No,High,0.0,Yes,Salle 10,161.0,80.3,1.0
ENSPD004655,Male,21.0,GenieCivil,1,100.0,0.0,42.4,55.1,51.8,2.0,1.3,9.7,Yes,No,Middle,0.0,No,Salle 4,149.0,52.0,1.0
ENSPD004656,Male,24.0,Telecom,4,89.5,10.0,48.7,39.7,24.0,3.0,8.5,39.4,Yes,No,Middle,2.0,No,Salle 23,121.0,35.4,0.0
ENSPD004657,Female,20.0,Informatique,2,99.4,1.0,58.6,53.6,63.5,1.0,1.5,12.3,Yes,No,Middle,1.0,Yes,Salle 29,298.0,58.8,1.0
ENSPD004658,Male,23.0,Informatique,2,79.9,20.0,65.1,55.5,71.9,1.0,0.3,12.9,Yes,No,High,3.0,Yes,Salle 25,298.0,62.8,1.0
ENSPD004659,Male,21.0,Electrique,5,85.6,14.0,65.1,71.5,83.3,2.0,0.7,9.0,No,Yes,Middle,1.0,Yes,Salle 13,80.0,71.3,1.0
ENSPD004660,Female,20.0,Telecom,4,78.4,22.0,48.6,61.6,50.1,1.0,0.8,5.4,Yes,No,Middle,0.0,Yes,Salle 8,121.0,43.2,0.0
ENSPD004661,Male,27.0,Telecom,1,82.2,34.0,59.2,69.9,74.8,3.0,6.4,31.5,No,No,Middle,3.0,No,Salle 17,121.0,67.4,1.0
ENSPD004662,Female,23.0,Electrique,4,96.4,4.0,64.3,47.8,86.7,2.0,0.6,1.1,No,No,Middle,1.0,No,Salle 17,157.0,66.1,1.0
ENSPD004663,Male,23.0,GenieCivil,5,88.4,12.0,74.7,56.7,79.0,0.0,1.1,7.2,Yes,Yes,Middle,2.0,No,Salle 5,70.0,74.2,1.0
ENSPD004664,Female,24.0,Mecanique,1,82.2,18.0,83.7,47.9,48.2,0.0,2.8,15.0,No,No,Low,1.0,Yes,Salle 2,186.0,56.7,1.0
ENSPD004665,Female,19.0,Energetique,4,82.0,18.0,61.1,46.8,50.3,1.0,0.6,5.8,Yes,No,High,1.0,Yes,Salle 25,70.0,50.3,1.0
ENSPD004666,Female,26.0,Mecanique,3,63.9,36.0,93.3,84.9,72.7,2.0,2.4,8.3,No,No,Low,0.0,Yes,Salle 27,212.0,76.4,1.0
ENSPD004667,Male,17.0,Chimie,3,70.3,30.0,62.2,49.1,96.5,2.0,0.5,2.3,Yes,No,Middle,1.0,Yes,Salle 24,130.0,69.3,1.0
ENSPD004668,Female,20.0,GenieCivil,3,86.0,14.0,77.4,61.6,64.3,1.0,0.6,11.5,No,No,High,1.0,Yes,Salle 13,185.0,61.9,1.0
ENSPD004669,Female,21.0,Electrique,3,75.7,24.0,94.0,80.8,60.7,1.0,1.4,42.8,No,No,Middle,0.0,No,Salle 11,188.0,76.6,1.0
ENSPD004670,Female,23.0,Mecanique,1,79.4,21.0,67.1,75.5,36.6,1.0,0.9,6.9,Yes,No,Middle,2.0,Yes,Salle 8,186.0,57.8,1.0
ENSPD004671,Male,22.0,Energetique,4,80.7,19.0,44.4,91.5,56.7,0.0,2.6,15.7,Yes,No,Middle,1.0,No,Salle 18,70.0,58.7,1.0
ENSPD004672,Female,22.0,Electrique,1,73.8,26.0,66.4,70.7,49.7,3.0,3.7,23.3,Yes,No,Middle,0.0,Yes,Salle 2,143.0,57.6,1.0
ENSPD004673,Female,22.0,Energetique,2,70.4,30.0,55.8,61.6,64.5,1.0,0.9,19.3,Yes,No,Middle,1.0,Yes,Salle 26,71.0,51.8,1.0
ENSPD004674,Male,20.0,Informatique,1,62.7,37.0,60.9,99.0,33.7,1.0,0.9,7.3,No,No,Middle,0.0,No,Salle 14,248.0,54.8,1.0
ENSPD004675,Male,19.0,Electrique,4,80.2,20.0,94.8,72.5,57.4,3.0,1.4,13.6,Yes,No,Low,1.0,No,Salle 26,157.0,72.8,1.0
ENSPD004676,Female,23.0,Chimie,2,89.4,11.0,46.7,59.2,43.8,1.0,1.9,15.8,Yes,No,Middle,2.0,Yes,Salle 13,119.0,49.9,0.0
ENSPD004677,Male,23.0,Chimie,2,62.3,38.0,69.5,63.0,82.8,3.0,0.9,12.0,Yes,No,Middle,1.0,Yes,Salle 11,119.0,65.8,1.0
ENSPD004678,Female,25.0,Telecom,2,81.7,18.0,51.8,65.2,46.8,2.0,2.8,11.0,Yes,No,Middle,3.0,Yes,Salle 4,161.0,49.4,0.0
ENSPD004679,Female,20.0,Informatique,4,85.4,15.0,60.4,57.7,52.6,3.0,4.0,16.5,No,No,Middle,1.0,Yes,Salle 9,230.0,57.7,1.0
ENSPD004680,Female,23.0,Informatique,3,70.1,30.0,76.2,37.2,69.6,1.0,0.5,1.5,No,No,Middle,0.0,Yes,Salle 4,263.0,60.4,1.0
ENSPD004681,Male,21.0,GenieCivil,4,82.2,1.0,69.8,91.3,54.9,1.0,0.0,2.1,Yes,No,High,1.0,No,Salle 28,173.0,66.7,1.0
ENSPD004682,Male,24.0,Informatique,1,77.4,23.0,61.6,61.6,100.0,2.0,0.6,10.9,Yes,No,Middle,1.0,Yes,Salle 24,248.0,77.5,1.0
ENSPD004683,Female,24.0,Energetique,1,80.8,19.0,55.3,65.3,82.6,1.0,2.2,15.2,Yes,Yes,Middle,0.0,Yes,Salle 16,83.0,67.1,1.0
ENSPD004684,Male,22.0,Mecanique,3,80.1,20.0,69.7,99.4,63.5,0.0,4.9,25.3,Yes,No,Middle,1.0,Yes,Salle 6,212.0,76.8,1.0
ENSPD004685,Female,21.0,GenieCivil,5,60.8,39.0,90.6,49.7,71.4,0.0,4.0,17.1,Yes,No,Low,1.0,Yes,Salle 29,70.0,68.5,1.0
ENSPD004686,Male,24.0,Informatique,1,94.1,6.0,51.5,73.8,16.9,1.0,0.5,2.8,Yes,No,Low,2.0,Yes,Salle 20,248.0,40.7,0.0
ENSPD004687,Male,23.0,GenieCivil,1,70.5,30.0,93.7,47.7,88.6,2.0,4.3,22.5,No,No,Middle,1.0,Yes,Salle 26,149.0,74.2,1.0
ENSPD004688,Male,21.0,Mecanique,1,79.2,21.0,83.0,67.8,74.2,0.0,3.3,18.0,Yes,Yes,High,2.0,Yes,Salle 16,186.0,69.9,1.0
ENSPD004689,Male,19.0,Informatique,3,89.2,11.0,85.5,65.6,62.5,3.0,2.7,17.8,Yes,No,Middle,1.0,No,Salle 16,263.0,69.7,1.0
ENSPD004690,Male,21.0,Mecanique,2,99.5,0.0,69.6,76.2,75.3,1.0,2.3,19.8,Yes,No,Middle,2.0,Yes,Salle 30,231.0,75.5,1.0
ENSPD004691,Male,25.0,Mecanique,4,69.0,31.0,82.6,83.7,77.8,1.0,3.3,13.6,Yes,No,Middle,1.0,Yes,Salle 23,178.0,78.8,1.0
ENSPD004692,Male,24.0,Energetique,1,76.6,23.0,49.9,51.6,55.7,2.0,1.4,20.4,No,Yes,Middle,2.0,Yes,Salle 20,83.0,53.1,1.0
ENSPD004693,Male,20.0,Informatique,1,98.6,1.0,55.0,87.5,63.5,0.0,3.4,19.1,No,No,Middle,4.0,No,Salle 1,248.0,72.4,1.0
ENSPD004694,Male,20.0,GenieCivil,2,87.6,12.0,76.5,88.8,85.0,0.0,0.3,7.0,Yes,No,Low,2.0,Yes,Salle 14,177.0,78.7,1.0
ENSPD004695,Male,25.0,Energetique,3,90.1,10.0,69.4,57.5,73.1,0.0,1.4,15.7,Yes,No,Middle,0.0,Yes,Salle 26,104.0,68.4,1.0
ENSPD004696,Female,20.0,Chimie,3,69.4,31.0,62.8,61.6,58.9,0.0,3.7,19.7,No,No,Middle,3.0,Yes,Salle 15,130.0,61.0,1.0
ENSPD004697,Male,23.0,Energetique,1,77.4,23.0,27.5,53.1,69.9,1.0,0.4,7.4,Yes,No,Low,0.0,No,Salle 1,83.0,51.5,1.0
ENSPD004698,Male,21.0,Energetique,5,80.0,20.0,58.5,56.5,91.6,2.0,0.5,9.1,No,No,Low,2.0,Yes,Salle 8,40.0,68.6,1.0
ENSPD004699,Male,25.0,GenieCivil,2,71.7,28.0,65.1,40.3,79.7,0.0,3.1,14.6,Yes,No,Low,2.0,Yes,Salle 23,177.0,54.9,1.0
ENSPD004700,Other,20.0,Electrique,4,61.9,38.0,72.4,76.0,40.7,2.0,0.8,11.5,Yes,Yes,Low,0.0,Yes,Salle 25,157.0,53.2,1.0
ENSPD004701,Male,24.0,Informatique,3,82.2,24.0,62.1,25.1,75.7,1.0,1.4,11.1,Yes,No,Middle,1.0,Yes,Salle 21,263.0,57.1,1.0
ENSPD004702,Male,22.0,GenieCivil,2,98.3,2.0,55.6,49.5,73.1,1.0,0.9,9.5,No,No,Middle,2.0,Yes,Salle 16,177.0,60.0,1.0
ENSPD004703,Female,23.0,Chimie,4,82.7,17.0,100.0,61.6,87.3,1.0,0.5,13.3,No,No,Middle,1.0,Yes,Salle 22,93.0,83.1,1.0
ENSPD004704,Female,18.0,GenieCivil,4,82.2,2.0,80.6,85.4,64.7,3.0,5.6,28.3,Yes,No,Middle,1.0,Yes,Salle 26,173.0,73.4,1.0
ENSPD004705,Male,18.0,Electrique,2,84.1,16.0,80.8,52.2,56.6,1.0,3.3,19.7,Yes,No,Low,3.0,Yes,Salle 24,185.0,68.1,1.0
ENSPD004706,Male,22.0,Chimie,3,72.8,27.0,98.0,69.7,36.6,1.0,0.6,3.5,No,No,Middle,0.0,Yes,Salle 3,130.0,64.4,1.0
ENSPD004707,Female,22.0,Mecanique,2,97.3,3.0,77.0,60.5,50.1,1.0,0.2,10.0,Yes,Yes,High,1.0,No,Salle 19,231.0,60.3,1.0
ENSPD004708,Male,20.0,Telecom,3,84.5,16.0,53.4,79.0,88.2,0.0,0.9,16.3,No,No,Middle,0.0,No,Salle 12,154.0,68.7,1.0
ENSPD004709,Female,20.0,GenieCivil,2,93.5,6.0,51.7,68.8,68.0,1.0,1.1,10.0,Yes,No,Low,2.0,Yes,Salle 13,177.0,64.4,1.0
ENSPD004710,Female,23.0,Informatique,4,69.2,31.0,79.5,76.9,62.0,1.0,0.0,0.0,No,No,Middle,1.0,Yes,Salle 16,230.0,68.3,1.0
ENSPD004711,Male,23.0,Telecom,1,94.5,6.0,34.1,52.1,89.9,0.0,4.4,26.9,Yes,Yes,Middle,1.0,Yes,Salle 26,121.0,54.0,1.0
ENSPD004712,Male,22.0,GenieCivil,1,94.8,5.0,63.8,43.7,85.8,0.0,3.8,25.7,Yes,No,High,2.0,Yes,Salle 29,149.0,63.0,1.0
ENSPD004713,Male,24.0,Chimie,2,85.5,14.0,32.4,68.6,49.3,1.0,3.8,11.5,Yes,No,Low,3.0,No,Salle 10,119.0,47.6,0.0
ENSPD004714,Female,20.0,GenieCivil,1,72.3,28.0,66.5,53.2,88.0,3.0,3.3,16.1,No,Yes,Middle,1.0,Yes,Salle 26,149.0,72.6,1.0
ENSPD004715,Male,21.0,Mecanique,3,81.4,19.0,77.8,62.5,30.8,1.0,2.6,20.5,Yes,No,Middle,0.0,No,Salle 17,212.0,53.1,1.0
ENSPD004716,Male,25.0,Chimie,1,89.3,11.0,69.2,67.7,73.2,1.0,2.0,17.8,No,No,Low,1.0,No,Salle 18,96.0,72.4,1.0
ENSPD004717,Female,22.0,Electrique,4,84.8,15.0,79.1,84.4,70.8,1.0,1.4,32.0,Yes,No,Low,0.0,Yes,Salle 18,157.0,76.7,1.0
ENSPD004718,Other,22.0,Mecanique,2,89.2,11.0,94.5,76.2,87.0,1.0,2.5,19.6,No,No,Low,0.0,No,Salle 16,231.0,87.1,1.0
ENSPD004719,Male,27.0,Informatique,3,94.1,6.0,65.1,49.7,71.6,1.0,2.0,10.1,No,No,Middle,1.0,Yes,Salle 11,263.0,64.3,1.0
ENSPD004720,Female,19.0,Telecom,3,74.2,26.0,100.0,41.4,59.1,2.0,3.1,22.6,Yes,Yes,Low,1.0,No,Salle 7,154.0,69.3,1.0
ENSPD004721,Male,24.0,Informatique,5,68.1,32.0,68.2,92.7,60.7,1.0,0.6,8.5,No,Yes,Middle,2.0,Yes,Salle 24,109.0,62.2,1.0
ENSPD004722,Male,25.0,Telecom,5,81.5,18.0,79.2,33.5,100.0,1.0,6.8,31.0,No,No,Middle,3.0,Yes,Salle 12,60.0,71.6,1.0
ENSPD004723,Male,21.0,Mecanique,4,78.0,22.0,55.8,53.9,65.7,1.0,0.0,5.5,Yes,No,Middle,1.0,No,Salle 16,178.0,58.9,1.0
ENSPD004724,Male,24.0,Electrique,4,82.2,9.0,89.3,73.6,75.9,3.0,2.1,16.6,No,No,Middle,0.0,No,Salle 11,157.0,81.7,1.0
ENSPD004725,Male,20.0,Telecom,2,69.1,31.0,80.6,91.5,23.6,1.0,0.2,7.0,No,No,Low,0.0,Yes,Salle 30,161.0,59.1,1.0
ENSPD004726,Male,21.0,Informatique,4,94.2,6.0,87.1,58.6,47.5,2.0,3.8,27.5,Yes,No,Low,1.0,Yes,Salle 1,230.0,60.2,1.0
ENSPD004727,Female,23.0,Electrique,5,82.2,2.0,65.8,62.5,74.4,1.0,6.9,37.5,Yes,No,Middle,0.0,No,Salle 1,80.0,65.8,1.0
ENSPD004728,Female,24.0,Chimie,1,82.0,18.0,46.2,46.2,31.7,1.0,1.1,11.5,Yes,No,Middle,1.0,Yes,Salle 5,96.0,38.3,0.0
ENSPD004729,Female,24.0,Chimie,3,82.7,17.0,71.9,64.3,75.0,0.0,3.9,24.3,Yes,Yes,Low,2.0,Yes,Salle 17,130.0,70.3,1.0
ENSPD004730,Male,25.0,GenieCivil,1,72.8,27.0,39.5,41.3,49.5,1.0,0.8,12.2,Yes,No,Middle,0.0,Yes,Salle 28,149.0,42.2,0.0
ENSPD004731,Male,22.0,Electrique,3,75.5,24.0,60.0,48.5,43.3,4.0,0.3,8.7,No,No,Middle,1.0,Yes,Salle 2,188.0,47.2,0.0
ENSPD004732,Male,24.0,Chimie,2,77.1,23.0,67.9,75.8,49.4,1.0,0.6,3.6,Yes,No,Middle,1.0,No,Salle 16,119.0,60.4,1.0
ENSPD004733,Female,21.0,Telecom,3,99.3,1.0,100.0,54.2,94.6,1.0,0.7,12.3,No,No,Middle,0.0,No,Salle 19,154.0,88.0,1.0
ENSPD004734,Female,24.0,Chimie,3,81.1,19.0,69.8,78.5,70.7,1.0,2.0,14.0,Yes,No,Middle,1.0,No,Salle 13,130.0,67.0,1.0
ENSPD004735,Male,22.0,Mecanique,5,66.1,34.0,67.1,61.6,45.8,0.0,3.2,13.8,Yes,No,Middle,0.0,Yes,Salle 17,67.0,55.5,1.0
ENSPD004736,Male,23.0,Energetique,3,85.1,15.0,65.1,37.4,79.5,1.0,0.5,8.4,Yes,No,Low,1.0,Yes,Salle 9,104.0,56.7,1.0
ENSPD004737,Male,23.0,GenieCivil,4,91.9,8.0,44.9,83.0,63.5,3.0,1.4,10.3,No,No,Middle,0.0,Yes,Salle 4,173.0,69.2,1.0
ENSPD004738,Male,19.0,Informatique,2,81.7,18.0,66.3,38.3,56.4,0.0,0.5,3.6,No,No,Low,0.0,No,Salle 27,298.0,50.9,1.0
ENSPD004739,Male,20.0,Mecanique,2,99.6,0.0,66.5,51.2,83.2,1.0,0.7,4.4,Yes,Yes,Middle,1.0,No,Salle 14,231.0,63.9,1.0
ENSPD004740,Female,22.0,Informatique,3,91.3,9.0,50.5,58.4,84.1,1.0,0.7,10.7,Yes,No,Middle,0.0,No,Salle 16,263.0,62.7,1.0
ENSPD004741,Female,19.0,Informatique,2,69.4,31.0,47.2,80.1,81.0,1.0,0.5,8.5,No,Yes,Low,0.0,No,Salle 13,298.0,73.8,1.0
ENSPD004742,Male,24.0,Mecanique,2,75.4,25.0,57.8,52.5,50.5,1.0,1.4,13.5,Yes,No,High,1.0,Yes,Salle 30,231.0,50.9,1.0
ENSPD004743,Male,24.0,Informatique,3,84.7,15.0,66.0,45.3,40.4,0.0,3.9,20.9,No,No,Middle,0.0,Yes,Salle 30,263.0,39.4,0.0
ENSPD004744,Other,23.0,Electrique,3,62.0,38.0,58.1,64.9,30.1,3.0,0.2,11.5,Yes,No,Low,0.0,Yes,Salle 15,188.0,46.1,0.0
ENSPD004745,Male,20.0,Informatique,3,86.0,14.0,49.2,58.1,50.9,1.0,4.0,19.6,No,No,Middle,2.0,No,Salle 27,263.0,54.3,1.0
ENSPD004746,Male,25.0,Informatique,2,60.9,39.0,69.3,53.6,56.6,0.0,1.4,13.3,No,Yes,Middle,1.0,Yes,Salle 22,298.0,57.3,1.0
ENSPD004747,Male,26.0,Informatique,2,94.3,6.0,73.1,65.9,58.3,0.0,2.2,12.0,Yes,No,Low,2.0,Yes,Salle 22,298.0,60.7,1.0
ENSPD004748,Male,22.0,Informatique,3,92.9,7.0,66.8,61.6,63.1,2.0,3.4,13.0,No,No,Low,1.0,Yes,Salle 19,263.0,49.0,0.0
ENSPD004749,Male,23.0,Mecanique,1,88.1,12.0,56.6,31.0,98.7,2.0,0.7,7.3,No,No,Low,0.0,No,Salle 24,186.0,63.6,1.0
ENSPD004750,Female,22.0,Electrique,2,73.9,26.0,73.9,100.0,57.2,0.0,6.2,11.5,Yes,No,Middle,1.0,Yes,Salle 14,185.0,71.9,0.0
ENSPD004751,Male,23.0,Energetique,1,84.0,16.0,62.1,63.9,63.0,0.0,0.2,12.9,No,No,High,0.0,Yes,Salle 6,83.0,57.3,1.0
ENSPD004752,Male,22.0,Telecom,1,75.8,24.0,65.1,65.1,27.6,2.0,1.5,12.8,Yes,No,Middle,2.0,No,Salle 6,121.0,41.0,0.0
ENSPD004753,Female,22.0,Telecom,2,69.6,30.0,80.5,47.9,100.0,1.0,1.4,4.3,Yes,No,Middle,2.0,Yes,Salle 13,161.0,70.5,1.0
ENSPD004754,Male,24.0,Informatique,1,77.9,22.0,70.3,78.2,37.7,0.0,1.0,9.3,Yes,No,Middle,2.0,No,Salle 17,248.0,64.9,1.0
ENSPD004755,Female,27.0,Mecanique,2,90.4,10.0,63.2,52.4,49.9,2.0,1.2,6.2,Yes,No,Middle,1.0,Yes,Salle 28,231.0,54.1,1.0
ENSPD004756,Female,19.0,Informatique,3,82.5,18.0,41.4,11.8,77.9,0.0,4.9,23.6,Yes,No,Middle,1.0,Yes,Salle 23,263.0,43.0,0.0
ENSPD004757,Male,22.0,Chimie,1,99.4,1.0,53.8,51.8,68.9,1.0,1.2,14.0,Yes,No,Low,1.0,No,Salle 28,96.0,58.2,1.0
ENSPD004758,Female,20.0,Informatique,2,91.2,9.0,95.3,56.9,96.9,2.0,2.4,16.5,No,No,Middle,3.0,No,Salle 20,298.0,83.7,1.0
ENSPD004759,Male,25.0,Electrique,5,89.9,10.0,42.4,58.9,78.4,2.0,6.1,22.8,No,No,Middle,1.0,Yes,Salle 24,80.0,58.0,1.0
ENSPD004760,Other,21.0,Mecanique,4,62.7,37.0,61.2,58.4,62.4,1.0,1.4,7.5,Yes,No,Middle,1.0,No,Salle 13,178.0,57.9,1.0
ENSPD004761,Male,19.0,Mecanique,2,78.6,21.0,64.8,50.4,84.9,2.0,1.0,5.7,Yes,No,Middle,0.0,No,Salle 19,231.0,68.5,1.0
ENSPD004762,Other,23.0,Energetique,5,69.2,31.0,65.1,48.7,87.2,2.0,1.4,31.1,Yes,No,Middle,2.0,Yes,Salle 15,40.0,68.5,1.0
ENSPD004763,Female,25.0,Chimie,2,79.8,20.0,42.5,56.6,50.8,0.0,3.5,20.2,Yes,No,Low,1.0,No,Salle 20,119.0,50.1,1.0
ENSPD004764,Male,23.0,Telecom,1,82.2,26.0,67.6,32.4,83.3,0.0,5.6,31.6,No,No,Middle,2.0,Yes,Salle 28,121.0,61.9,1.0
ENSPD004765,Male,22.0,Electrique,5,77.5,22.0,39.7,26.8,59.6,1.0,1.0,7.7,Yes,No,Middle,0.0,Yes,Salle 14,80.0,34.3,0.0
ENSPD004766,Other,23.0,Telecom,4,94.7,5.0,66.5,63.8,61.9,1.0,2.4,12.1,Yes,No,Middle,0.0,No,Salle 11,121.0,56.0,1.0
ENSPD004767,Female,25.0,Electrique,2,87.7,12.0,55.2,64.1,66.9,2.0,0.6,10.7,No,No,Middle,2.0,Yes,Salle 1,185.0,63.7,1.0
ENSPD004768,Male,20.0,Energetique,3,94.1,6.0,52.0,77.8,56.4,1.0,4.0,22.3,No,No,Middle,1.0,Yes,Salle 17,104.0,62.1,1.0
ENSPD004769,Female,22.0,Mecanique,3,62.8,37.0,77.5,57.4,55.3,1.0,5.4,24.5,No,No,Low,0.0,No,Salle 12,212.0,58.1,1.0
ENSPD004770,Male,21.0,Electrique,1,82.7,17.0,61.5,40.5,83.7,1.0,1.4,5.8,Yes,No,Middle,1.0,No,Salle 19,143.0,58.2,1.0
ENSPD004771,Male,20.0,Electrique,1,93.6,6.0,72.1,27.1,33.4,0.0,1.4,4.6,Yes,No,Middle,4.0,Yes,Salle 25,143.0,40.2,0.0
ENSPD004772,Male,21.0,Mecanique,2,100.0,0.0,72.6,46.0,42.8,1.0,0.4,11.0,Yes,No,Low,1.0,Yes,Salle 22,231.0,55.6,1.0
ENSPD004773,Male,24.0,Telecom,5,63.4,37.0,84.0,69.6,77.5,1.0,2.0,14.8,No,No,Middle,2.0,Yes,Salle 2,60.0,72.5,1.0
ENSPD004774,Female,23.0,Energetique,1,77.8,22.0,46.9,87.9,62.5,2.0,0.6,14.7,Yes,Yes,Low,1.0,Yes,Salle 2,83.0,61.4,1.0
ENSPD004775,Male,23.0,GenieCivil,4,94.4,6.0,78.8,63.0,83.8,1.0,1.4,15.2,No,No,Middle,1.0,No,Salle 7,173.0,75.6,1.0
ENSPD004776,Female,22.0,Mecanique,1,79.7,20.0,65.2,40.2,71.2,1.0,0.9,5.1,Yes,No,Low,2.0,No,Salle 26,186.0,58.9,1.0
ENSPD004777,Male,23.0,GenieCivil,3,71.1,29.0,59.3,46.2,37.3,0.0,5.0,18.3,No,No,High,1.0,Yes,Salle 15,185.0,43.7,0.0
ENSPD004778,Male,20.0,Telecom,3,63.4,37.0,47.8,46.7,65.3,1.0,1.2,7.3,Yes,No,Low,2.0,No,Salle 13,154.0,52.1,1.0
ENSPD004779,Male,21.0,Electrique,3,70.6,29.0,74.1,54.7,74.7,0.0,1.4,4.1,Yes,No,High,2.0,Yes,Salle 12,188.0,68.7,1.0
ENSPD004780,Male,22.0,Informatique,1,61.7,38.0,51.2,82.2,68.7,0.0,0.9,5.5,Yes,No,Middle,1.0,No,Salle 11,248.0,63.9,1.0
ENSPD004781,Male,23.0,GenieCivil,2,82.7,17.0,72.8,83.6,54.6,0.0,1.4,5.9,Yes,No,Low,2.0,Yes,Salle 29,177.0,67.4,1.0
ENSPD004782,Male,23.0,Informatique,3,92.8,7.0,93.9,61.6,58.5,1.0,1.4,5.4,Yes,Yes,Middle,0.0,No,Salle 11,263.0,68.9,1.0
ENSPD004783,Male,22.0,Chimie,1,66.9,33.0,79.7,65.3,52.8,3.0,3.0,20.1,Yes,No,High,2.0,Yes,Salle 26,96.0,65.3,1.0
ENSPD004784,Male,21.0,Mecanique,1,85.1,15.0,85.9,47.6,63.5,2.0,6.1,11.5,Yes,No,Middle,1.0,Yes,Salle 19,186.0,57.0,1.0
ENSPD004785,Male,28.0,GenieCivil,3,92.1,8.0,54.2,31.2,34.7,1.0,1.4,9.0,Yes,Yes,Low,0.0,Yes,Salle 4,185.0,39.4,0.0
ENSPD004786,Male,24.0,Chimie,3,82.0,18.0,76.4,94.2,71.8,1.0,3.2,14.0,Yes,No,Low,1.0,Yes,Salle 1,130.0,80.2,1.0
ENSPD004787,Female,23.0,Informatique,1,62.7,37.0,65.1,20.2,46.6,1.0,0.6,10.3,Yes,No,Low,1.0,Yes,Salle 13,248.0,39.0,0.0
ENSPD004788,Female,22.0,Informatique,3,86.6,13.0,61.5,29.0,75.5,0.0,1.4,17.0,Yes,No,Low,2.0,Yes,Salle 27,263.0,55.8,1.0
ENSPD004789,Male,21.0,Mecanique,5,81.3,19.0,91.1,94.3,52.1,3.0,0.8,7.3,No,No,Middle,2.0,No,Salle 12,67.0,73.9,1.0
ENSPD004790,Male,22.0,Mecanique,1,80.1,20.0,55.9,62.3,37.7,2.0,0.2,3.3,Yes,No,Middle,0.0,Yes,Salle 3,186.0,44.8,0.0
ENSPD004791,Male,23.0,Mecanique,3,75.4,25.0,81.7,41.7,55.8,3.0,1.9,12.0,Yes,No,Middle,3.0,Yes,Salle 28,212.0,52.8,1.0
ENSPD004792,Female,18.0,Energetique,1,83.0,17.0,80.2,74.3,100.0,1.0,4.5,25.3,No,Yes,Middle,1.0,No,Salle 20,83.0,86.7,1.0
ENSPD004793,Male,19.0,Telecom,1,88.1,12.0,81.1,75.9,62.1,2.0,1.4,1.1,Yes,Yes,Middle,2.0,Yes,Salle 13,121.0,76.4,1.0
ENSPD004794,Male,21.0,Telecom,1,100.0,0.0,46.0,38.0,76.9,0.0,0.0,13.9,Yes,No,High,2.0,Yes,Salle 14,121.0,57.2,1.0
ENSPD004795,Male,22.0,Energetique,2,83.3,17.0,72.9,52.4,67.4,1.0,4.3,31.1,No,No,Middle,2.0,Yes,Salle 25,71.0,62.3,1.0
ENSPD004796,Male,22.0,Mecanique,4,100.0,0.0,62.7,77.8,35.9,2.0,2.4,12.6,Yes,No,Middle,1.0,Yes,Salle 11,178.0,57.0,1.0
ENSPD004797,Male,25.0,Mecanique,2,86.3,14.0,81.3,47.3,93.0,2.0,3.3,22.2,Yes,No,Middle,3.0,Yes,Salle 10,231.0,74.5,1.0
ENSPD004798,Female,19.0,Mecanique,3,80.8,19.0,40.2,67.1,59.0,1.0,0.1,11.5,Yes,No,Low,1.0,No,Salle 5,212.0,50.0,1.0
ENSPD004799,Male,20.0,Telecom,2,83.8,16.0,70.5,87.6,37.8,1.0,4.4,16.0,Yes,No,Middle,1.0,Yes,Salle 8,161.0,63.0,1.0
ENSPD004800,Female,25.0,Electrique,2,67.3,33.0,68.4,18.9,53.8,3.0,1.1,17.1,Yes,No,Middle,0.0,Yes,Salle 16,185.0,46.5,0.0
ENSPD004801,Male,22.0,Mecanique,3,85.7,14.0,35.1,61.6,59.9,1.0,4.6,11.5,Yes,No,Middle,2.0,Yes,Salle 5,212.0,44.6,0.0
ENSPD004802,Male,24.0,Mecanique,4,58.1,42.0,51.7,66.7,79.0,1.0,0.1,6.0,Yes,No,Middle,0.0,No,Salle 21,178.0,64.2,1.0
ENSPD004803,Female,26.0,GenieCivil,4,71.6,28.0,37.5,29.7,50.4,0.0,4.3,25.2,Yes,No,Low,0.0,Yes,Salle 8,173.0,40.4,0.0
ENSPD004804,Male,21.0,GenieCivil,4,83.3,17.0,54.1,52.5,100.0,3.0,2.2,11.5,Yes,No,Middle,2.0,Yes,Salle 3,173.0,65.8,1.0
ENSPD004805,Female,22.0,Telecom,2,96.3,4.0,73.2,80.8,45.3,2.0,1.6,11.8,Yes,Yes,Middle,0.0,Yes,Salle 5,161.0,66.5,1.0
ENSPD004806,Male,21.0,Mecanique,4,99.2,1.0,65.1,49.3,76.2,0.0,0.1,6.4,Yes,No,High,2.0,No,Salle 13,178.0,64.3,1.0
ENSPD004807,Male,18.0,Telecom,1,79.2,21.0,67.5,35.3,24.5,0.0,2.3,8.4,No,No,Middle,0.0,Yes,Salle 13,121.0,41.8,0.0
ENSPD004808,Female,21.0,GenieCivil,4,83.9,16.0,49.4,82.4,61.5,1.0,1.8,16.8,Yes,No,Middle,0.0,Yes,Salle 5,173.0,62.1,1.0
ENSPD004809,Male,24.0,Chimie,5,93.8,6.0,81.8,70.0,71.3,1.0,2.6,13.6,Yes,Yes,Middle,0.0,Yes,Salle 1,48.0,78.6,0.0
ENSPD004810,Female,23.0,Energetique,1,66.0,34.0,64.7,61.6,41.6,5.0,1.4,10.3,No,Yes,Middle,1.0,Yes,Salle 16,83.0,51.0,1.0
ENSPD004811,Male,23.0,Telecom,2,86.9,13.0,65.5,60.2,94.0,1.0,1.2,16.6,Yes,No,Middle,1.0,Yes,Salle 19,161.0,74.9,1.0
ENSPD004812,Female,21.0,Informatique,3,72.1,28.0,79.1,80.5,72.7,2.0,0.5,12.0,No,Yes,Middle,1.0,Yes,Salle 20,263.0,67.4,1.0
ENSPD004813,Male,21.0,Informatique,3,79.9,20.0,50.1,67.3,57.6,0.0,5.0,24.2,Yes,Yes,Middle,0.0,Yes,Salle 10,263.0,53.6,1.0
ENSPD004814,Male,25.0,GenieCivil,1,76.5,24.0,68.4,73.6,72.5,1.0,5.2,20.8,Yes,No,Low,3.0,No,Salle 6,149.0,70.9,1.0
ENSPD004815,Female,21.0,GenieCivil,5,87.2,13.0,71.4,49.5,52.1,2.0,0.5,9.1,No,No,Middle,2.0,Yes,Salle 28,70.0,59.2,1.0
ENSPD004816,Female,23.0,Electrique,3,88.6,11.0,56.8,27.5,89.0,1.0,2.0,13.3,Yes,No,Middle,0.0,No,Salle 22,188.0,54.6,0.0
ENSPD004817,Female,22.0,Energetique,1,92.7,7.0,74.8,73.2,84.3,4.0,0.5,15.8,Yes,No,Middle,0.0,Yes,Salle 16,83.0,76.3,1.0
ENSPD004818,Female,25.0,Informatique,1,86.2,14.0,72.2,81.8,71.5,3.0,3.9,26.0,No,Yes,Low,0.0,Yes,Salle 21,248.0,77.5,1.0
ENSPD004819,Female,24.0,GenieCivil,4,84.1,16.0,63.5,58.0,76.2,2.0,0.2,4.0,Yes,No,Middle,1.0,No,Salle 11,173.0,64.5,1.0
ENSPD004820,Male,19.0,Informatique,1,100.0,0.0,63.0,78.0,34.5,4.0,9.3,48.1,Yes,Yes,Low,0.0,Yes,Salle 2,248.0,54.3,1.0
ENSPD004821,Male,20.0,Telecom,1,63.7,36.0,72.9,56.0,93.3,1.0,1.9,18.0,No,No,Middle,1.0,Yes,Salle 4,121.0,67.1,1.0
ENSPD004822,Male,23.0,Energetique,3,100.0,0.0,76.8,60.4,62.0,1.0,0.0,0.0,Yes,No,Low,1.0,No,Salle 27,104.0,65.3,1.0
ENSPD004823,Male,22.0,GenieCivil,3,78.5,22.0,65.9,93.5,84.5,1.0,4.3,24.6,Yes,Yes,Middle,1.0,No,Salle 13,185.0,82.0,1.0
ENSPD004824,Male,21.0,Informatique,3,88.9,11.0,81.8,61.6,79.0,2.0,2.3,19.1,Yes,No,Middle,1.0,Yes,Salle 5,263.0,73.7,1.0
ENSPD004825,Male,24.0,Chimie,2,78.1,22.0,74.9,55.7,84.2,2.0,2.4,13.0,Yes,Yes,High,0.0,Yes,Salle 7,119.0,71.5,1.0
ENSPD004826,Male,22.0,Electrique,4,73.6,26.0,38.2,28.3,43.0,1.0,0.6,2.5,Yes,No,Middle,2.0,Yes,Salle 13,157.0,40.1,0.0
ENSPD004827,Female,22.0,Mecanique,5,87.8,12.0,43.9,74.4,45.6,1.0,0.8,20.3,Yes,Yes,Low,1.0,Yes,Salle 22,67.0,55.1,1.0
ENSPD004828,Male,24.0,Telecom,2,94.5,6.0,82.7,49.2,100.0,1.0,4.9,31.0,Yes,No,Middle,2.0,Yes,Salle 2,161.0,78.7,1.0
ENSPD004829,Male,21.0,Energetique,3,87.7,12.0,61.3,64.7,33.6,1.0,2.0,14.2,Yes,No,Low,1.0,Yes,Salle 8,104.0,50.4,1.0
ENSPD004830,Male,25.0,Electrique,5,75.5,24.0,67.5,56.3,42.0,0.0,0.0,0.0,No,No,Low,1.0,Yes,Salle 26,80.0,48.9,0.0
ENSPD004831,Female,20.0,Electrique,3,100.0,0.0,82.1,54.0,64.9,1.0,0.8,6.7,Yes,No,High,2.0,Yes,Salle 29,188.0,65.1,1.0
ENSPD004832,Male,23.0,Mecanique,3,96.4,4.0,64.9,59.9,64.9,1.0,1.8,20.2,No,No,Low,3.0,Yes,Salle 30,212.0,57.4,1.0
ENSPD004833,Female,25.0,Electrique,2,93.2,7.0,65.6,61.3,63.5,2.0,1.4,11.7,No,No,Middle,1.0,Yes,Salle 26,185.0,61.9,1.0
ENSPD004834,Male,19.0,GenieCivil,3,77.8,22.0,52.0,83.2,76.3,0.0,0.2,4.9,No,No,Middle,1.0,Yes,Salle 8,185.0,74.3,1.0
ENSPD004835,Male,21.0,Mecanique,3,74.5,26.0,70.5,89.4,82.0,2.0,0.1,3.6,Yes,No,Low,0.0,No,Salle 20,212.0,83.5,1.0
ENSPD004836,Male,24.0,Informatique,3,78.6,21.0,73.8,73.7,63.6,0.0,2.0,19.0,No,No,High,0.0,Yes,Salle 17,263.0,66.9,1.0
ENSPD004837,Male,24.0,Mecanique,5,95.0,5.0,56.3,84.9,58.6,2.0,0.8,7.4,Yes,No,Middle,2.0,Yes,Salle 3,67.0,64.5,1.0
ENSPD004838,Male,22.0,Informatique,1,82.2,30.0,51.2,77.4,63.6,0.0,0.9,8.3,Yes,No,Middle,1.0,Yes,Salle 9,248.0,61.8,1.0
ENSPD004839,Male,21.0,GenieCivil,1,69.2,31.0,100.0,70.9,54.1,2.0,0.1,11.5,Yes,No,Low,1.0,Yes,Salle 6,149.0,72.0,1.0
ENSPD004840,Male,24.0,Electrique,1,88.5,12.0,65.1,88.2,30.0,2.0,2.7,18.4,Yes,No,Middle,2.0,No,Salle 1,143.0,51.4,1.0
ENSPD004841,Female,24.0,Electrique,4,85.8,14.0,54.7,38.4,70.0,2.0,2.9,12.4,Yes,No,Middle,2.0,No,Salle 19,157.0,50.3,1.0
ENSPD004842,Female,20.0,Mecanique,1,72.8,27.0,75.6,49.7,79.3,1.0,3.5,21.7,Yes,No,Middle,2.0,No,Salle 8,186.0,61.8,1.0
ENSPD004843,Male,20.0,GenieCivil,3,68.9,31.0,64.2,47.2,60.9,1.0,2.1,9.6,Yes,No,Middle,1.0,No,Salle 12,185.0,53.7,1.0
ENSPD004844,Male,22.0,Telecom,2,99.3,1.0,48.7,61.6,18.7,1.0,3.0,22.4,Yes,No,Middle,0.0,Yes,Salle 2,161.0,37.4,0.0
ENSPD004845,Male,23.0,GenieCivil,2,86.3,14.0,72.2,74.3,52.6,1.0,1.7,10.7,No,No,Low,2.0,Yes,Salle 9,177.0,66.6,1.0
ENSPD004846,Male,21.0,Energetique,1,65.6,34.0,52.2,41.9,82.1,2.0,1.4,12.0,Yes,No,Middle,1.0,No,Salle 25,83.0,55.0,1.0
ENSPD004847,Female,23.0,GenieCivil,4,66.5,34.0,88.6,71.1,35.2,1.0,0.6,0.0,Yes,Yes,Middle,0.0,Yes,Salle 4,173.0,54.8,1.0
ENSPD004848,Male,21.0,Electrique,3,77.7,22.0,72.4,51.4,77.9,0.0,0.1,9.0,No,Yes,Middle,0.0,No,Salle 20,188.0,64.8,1.0
ENSPD004849,Female,18.0,Informatique,5,90.8,9.0,60.8,55.8,55.1,1.0,0.7,11.9,No,No,Middle,0.0,Yes,Salle 5,109.0,56.5,1.0
ENSPD004850,Male,21.0,Electrique,3,82.2,11.0,66.6,65.6,63.6,0.0,2.3,12.3,Yes,No,High,1.0,Yes,Salle 26,188.0,61.9,1.0
ENSPD004851,Other,22.0,Telecom,1,95.6,4.0,78.5,92.3,50.3,2.0,5.2,20.5,No,Yes,Low,1.0,No,Salle 8,121.0,72.1,0.0
ENSPD004852,Male,21.0,Energetique,1,64.1,36.0,67.8,61.6,41.3,0.0,0.6,2.0,No,Yes,Middle,3.0,Yes,Salle 20,83.0,44.8,0.0
ENSPD004853,Female,20.0,Energetique,5,84.7,15.0,96.8,60.6,92.7,0.0,2.2,14.0,Yes,Yes,High,0.0,No,Salle 9,40.0,76.4,1.0
ENSPD004854,Male,18.0,Mecanique,4,99.1,1.0,82.0,42.6,63.5,3.0,1.3,6.0,No,Yes,Middle,0.0,Yes,Salle 3,178.0,71.1,1.0
ENSPD004855,Female,21.0,Electrique,1,98.0,2.0,72.3,49.0,76.9,1.0,2.0,13.0,No,No,Middle,1.0,Yes,Salle 9,143.0,65.9,1.0
ENSPD004856,Male,24.0,GenieCivil,3,86.3,14.0,50.9,42.4,82.2,1.0,0.0,5.7,No,No,Middle,3.0,Yes,Salle 13,185.0,55.1,1.0
ENSPD004857,Male,25.0,Electrique,2,82.2,0.0,62.8,66.4,74.1,0.0,0.3,7.3,No,No,High,0.0,Yes,Salle 17,185.0,64.7,1.0
ENSPD004858,Female,24.0,Informatique,2,89.3,11.0,72.2,69.7,82.9,1.0,0.5,13.0,Yes,Yes,High,0.0,Yes,Salle 8,298.0,70.8,1.0
ENSPD004859,Female,20.0,Telecom,1,94.5,6.0,52.7,74.4,50.7,0.0,4.5,28.5,No,No,Low,1.0,Yes,Salle 23,121.0,58.3,1.0
ENSPD004860,Female,20.0,Telecom,4,82.5,18.0,84.4,48.4,91.6,2.0,0.1,6.3,Yes,Yes,High,0.0,Yes,Salle 26,121.0,76.4,1.0
ENSPD004861,Female,23.0,GenieCivil,1,72.6,27.0,50.4,71.1,89.8,0.0,1.7,14.7,Yes,Yes,Middle,2.0,No,Salle 8,149.0,66.2,1.0
ENSPD004862,Female,23.0,Mecanique,2,71.5,28.0,65.1,64.0,71.6,3.0,1.4,28.0,No,No,Middle,1.0,No,Salle 15,231.0,63.4,1.0
ENSPD004863,Male,23.0,Informatique,2,84.2,16.0,56.6,61.0,58.2,2.0,2.1,19.5,No,No,Middle,1.0,Yes,Salle 18,298.0,52.7,1.0
ENSPD004864,Male,18.0,Electrique,1,79.5,20.0,76.2,39.7,39.5,1.0,1.3,11.0,No,No,Middle,1.0,No,Salle 10,143.0,47.2,0.0
ENSPD004865,Male,20.0,Mecanique,3,60.8,39.0,52.9,64.8,68.6,0.0,1.0,13.0,Yes,Yes,Middle,1.0,Yes,Salle 23,212.0,58.8,1.0
ENSPD004866,Female,22.0,Telecom,1,69.7,30.0,38.0,65.3,97.7,1.0,2.0,22.1,Yes,No,Middle,1.0,No,Salle 4,121.0,69.2,1.0
ENSPD004867,Male,23.0,Electrique,2,78.2,22.0,81.3,63.8,40.8,0.0,1.3,12.2,No,No,Middle,3.0,Yes,Salle 17,185.0,57.9,1.0
ENSPD004868,Male,24.0,Electrique,5,90.7,9.0,58.3,69.2,84.4,2.0,2.4,13.0,Yes,Yes,Middle,2.0,No,Salle 19,80.0,73.6,1.0
ENSPD004869,Female,22.0,Electrique,2,81.8,18.0,49.0,74.5,54.6,0.0,1.9,11.1,No,No,Middle,2.0,Yes,Salle 5,185.0,62.7,1.0
ENSPD004870,Female,23.0,Informatique,2,81.1,19.0,53.7,42.2,56.3,2.0,1.4,9.1,No,No,Middle,3.0,Yes,Salle 12,298.0,52.8,1.0
ENSPD004871,Male,22.0,Energetique,3,70.2,30.0,90.8,58.1,40.5,1.0,6.3,33.5,Yes,No,Low,1.0,Yes,Salle 20,104.0,58.9,1.0
ENSPD004872,Male,23.0,Electrique,3,82.3,18.0,55.1,71.3,49.0,2.0,1.4,21.1,Yes,No,Middle,0.0,Yes,Salle 24,188.0,53.6,1.0
ENSPD004873,Male,23.0,Energetique,4,97.8,2.0,63.1,57.2,76.9,0.0,1.9,11.5,Yes,No,Middle,1.0,No,Salle 18,70.0,69.7,1.0
ENSPD004874,Male,22.0,GenieCivil,1,83.9,16.0,58.3,79.3,79.4,1.0,1.5,17.5,Yes,No,Low,1.0,Yes,Salle 24,149.0,69.1,1.0
ENSPD004875,Male,21.0,Chimie,4,63.9,36.0,46.5,63.6,68.7,1.0,2.6,14.1,Yes,Yes,Low,1.0,Yes,Salle 26,93.0,60.2,1.0
ENSPD004876,Female,22.0,Informatique,4,82.2,33.0,65.1,26.8,54.0,1.0,3.3,11.5,No,No,Middle,1.0,Yes,Salle 26,230.0,42.8,0.0
ENSPD004877,Female,23.0,Electrique,4,89.1,11.0,45.5,77.1,41.9,0.0,0.7,5.0,No,No,Middle,0.0,Yes,Salle 26,157.0,48.5,0.0
ENSPD004878,Female,23.0,Chimie,1,79.3,21.0,79.3,59.9,65.2,1.0,2.2,13.7,Yes,No,Middle,2.0,Yes,Salle 30,96.0,63.1,1.0
ENSPD004879,Male,23.0,Chimie,1,81.1,19.0,66.5,30.1,56.7,0.0,0.3,3.3,Yes,No,Middle,1.0,Yes,Salle 18,96.0,40.8,0.0
ENSPD004880,Female,25.0,Chimie,3,74.6,25.0,100.0,57.5,68.2,0.0,1.1,9.3,No,No,Middle,0.0,Yes,Salle 28,130.0,72.8,1.0
ENSPD004881,Male,23.0,Mecanique,4,88.0,12.0,54.4,39.2,57.6,1.0,5.6,23.5,Yes,No,High,1.0,No,Salle 10,178.0,47.6,0.0
ENSPD004882,Male,21.0,Energetique,3,78.4,22.0,52.1,75.6,58.1,0.0,0.8,6.4,Yes,No,Low,1.0,Yes,Salle 12,104.0,52.8,1.0
ENSPD004883,Female,24.0,Energetique,1,79.8,20.0,88.0,61.4,67.2,0.0,0.3,3.6,Yes,Yes,Middle,1.0,Yes,Salle 8,83.0,69.2,1.0
ENSPD004884,Male,19.0,Informatique,1,71.8,28.0,65.1,45.4,71.0,1.0,0.3,3.8,No,No,Low,0.0,Yes,Salle 30,248.0,63.6,1.0
ENSPD004885,Male,20.0,Energetique,3,93.1,7.0,70.8,76.6,88.5,1.0,1.0,11.5,Yes,No,Low,1.0,No,Salle 1,104.0,76.4,1.0
ENSPD004886,Female,23.0,Mecanique,4,79.3,21.0,48.3,70.3,57.3,3.0,0.5,5.9,Yes,No,Low,1.0,Yes,Salle 14,178.0,54.5,1.0
ENSPD004887,Male,23.0,Electrique,1,89.3,11.0,91.2,57.8,74.9,2.0,1.4,0.0,Yes,No,Low,1.0,Yes,Salle 21,143.0,76.9,1.0
ENSPD004888,Female,20.0,Mecanique,1,67.7,32.0,63.9,39.6,100.0,2.0,2.5,17.9,No,No,Low,1.0,Yes,Salle 1,186.0,67.9,1.0
ENSPD004889,Male,22.0,Energetique,2,100.0,0.0,58.5,46.8,75.4,2.0,4.4,24.0,No,No,Middle,1.0,Yes,Salle 1,71.0,56.0,1.0
ENSPD004890,Female,21.0,Informatique,3,97.3,3.0,82.1,46.6,87.3,1.0,0.2,7.2,Yes,No,Low,1.0,Yes,Salle 27,263.0,72.6,1.0
ENSPD004891,Male,21.0,GenieCivil,3,82.2,41.0,64.7,75.4,51.6,2.0,2.9,16.1,No,No,Middle,1.0,Yes,Salle 27,185.0,57.9,1.0
ENSPD004892,Male,24.0,GenieCivil,4,72.4,28.0,47.5,31.7,49.6,2.0,0.2,11.0,No,Yes,Middle,0.0,Yes,Salle 2,173.0,36.4,0.0
ENSPD004893,Female,23.0,Mecanique,3,87.7,12.0,65.1,61.1,60.8,0.0,1.0,6.3,Yes,No,Middle,2.0,Yes,Salle 8,212.0,59.4,1.0
ENSPD004894,Male,22.0,Electrique,1,66.2,34.0,53.3,57.5,62.9,3.0,11.3,43.6,Yes,No,Low,0.0,Yes,Salle 10,143.0,49.1,0.0
ENSPD004895,Male,21.0,Informatique,3,80.4,20.0,19.9,80.6,85.4,2.0,0.1,6.6,No,Yes,Middle,0.0,Yes,Salle 20,263.0,57.2,1.0
ENSPD004896,Male,19.0,Chimie,5,87.1,13.0,51.8,66.2,63.5,1.0,0.0,12.8,Yes,No,Middle,2.0,Yes,Salle 28,48.0,47.8,0.0
ENSPD004897,Male,25.0,Energetique,4,79.8,20.0,57.1,71.6,62.2,0.0,0.8,14.1,Yes,No,Middle,1.0,No,Salle 26,70.0,58.2,1.0
ENSPD004898,Male,23.0,Chimie,4,88.5,12.0,47.7,52.5,85.5,0.0,6.0,32.8,Yes,No,Middle,0.0,Yes,Salle 1,93.0,67.6,1.0
ENSPD004899,Male,21.0,Telecom,2,73.7,26.0,73.6,39.8,68.3,1.0,0.0,14.2,Yes,No,Low,1.0,Yes,Salle 30,161.0,60.4,1.0
ENSPD004900,Female,23.0,Mecanique,4,55.1,45.0,53.3,56.1,63.8,1.0,0.5,5.5,Yes,No,Low,0.0,No,Salle 25,178.0,56.0,1.0
ENSPD004901,Male,22.0,Mecanique,4,82.2,6.0,72.2,76.0,68.8,1.0,1.8,10.5,No,No,Middle,0.0,Yes,Salle 21,178.0,70.1,1.0
ENSPD004902,Male,21.0,GenieCivil,3,93.7,6.0,46.5,75.9,41.4,0.0,0.5,6.1,No,Yes,Middle,2.0,Yes,Salle 30,185.0,51.9,1.0
ENSPD004903,Male,23.0,Informatique,2,100.0,0.0,78.6,54.2,41.1,0.0,0.1,0.0,Yes,Yes,Middle,1.0,Yes,Salle 26,298.0,59.0,1.0
ENSPD004904,Male,21.0,Energetique,5,55.5,44.0,45.9,46.5,32.2,1.0,0.1,11.4,Yes,No,Middle,1.0,Yes,Salle 30,40.0,39.0,0.0
ENSPD004905,Female,21.0,Informatique,2,91.0,9.0,29.9,43.0,68.1,3.0,1.6,11.5,No,No,Middle,2.0,Yes,Salle 18,298.0,51.5,1.0
ENSPD004906,Male,22.0,Telecom,1,58.4,42.0,83.6,59.5,82.4,4.0,1.7,9.4,No,No,Middle,2.0,Yes,Salle 10,121.0,67.8,1.0
ENSPD004907,Female,21.0,Informatique,1,100.0,0.0,52.2,64.5,79.3,0.0,2.5,14.3,No,No,Low,1.0,Yes,Salle 7,248.0,69.0,1.0
ENSPD004908,Male,23.0,Telecom,3,87.9,12.0,91.4,88.5,86.9,0.0,0.3,2.5,Yes,No,Low,0.0,Yes,Salle 10,154.0,93.2,1.0
ENSPD004909,Female,26.0,Informatique,2,70.6,29.0,73.5,64.2,93.1,0.0,1.4,10.9,Yes,Yes,Middle,2.0,Yes,Salle 6,298.0,73.6,1.0
ENSPD004910,Male,20.0,Informatique,1,91.4,9.0,76.9,73.0,66.9,0.0,1.8,10.2,No,No,Middle,1.0,No,Salle 4,248.0,69.6,1.0
ENSPD004911,Female,19.0,Chimie,4,75.4,25.0,80.7,48.0,62.7,1.0,0.5,5.2,No,No,Middle,1.0,Yes,Salle 8,93.0,63.1,1.0
ENSPD004912,Male,18.0,Mecanique,4,85.6,14.0,66.7,62.8,93.5,1.0,1.6,7.9,No,No,Middle,0.0,Yes,Salle 10,178.0,78.3,1.0
ENSPD004913,Male,22.0,Chimie,4,84.5,16.0,66.9,64.5,50.0,4.0,2.5,15.2,No,No,High,1.0,Yes,Salle 26,93.0,56.8,1.0
ENSPD004914,Male,21.0,Electrique,1,100.0,0.0,84.2,59.5,40.4,1.0,9.4,40.6,Yes,No,Middle,0.0,Yes,Salle 9,143.0,54.0,1.0
ENSPD004915,Male,22.0,Informatique,3,100.0,0.0,65.1,61.6,63.5,2.0,1.4,17.6,Yes,No,Middle,4.0,Yes,Salle 27,263.0,59.3,1.0
ENSPD004916,Female,22.0,Energetique,1,74.8,25.0,54.1,64.3,54.9,1.0,3.9,22.8,Yes,Yes,Middle,1.0,Yes,Salle 29,83.0,52.3,1.0
ENSPD004917,Male,19.0,GenieCivil,2,94.7,5.0,65.1,70.7,65.0,2.0,3.6,14.2,Yes,No,Low,1.0,Yes,Salle 23,177.0,60.6,1.0
ENSPD004918,Male,22.0,Chimie,2,86.3,14.0,65.1,83.0,47.0,1.0,5.6,29.9,No,No,High,1.0,Yes,Salle 6,119.0,54.9,1.0
ENSPD004919,Female,23.0,GenieCivil,4,65.0,35.0,84.8,21.2,71.4,0.0,2.6,16.8,No,No,Middle,0.0,Yes,Salle 29,173.0,54.6,1.0
ENSPD004920,Male,22.0,Electrique,2,73.6,26.0,85.1,82.0,52.6,3.0,0.5,7.3,Yes,No,Middle,0.0,No,Salle 7,185.0,69.2,1.0
ENSPD004921,Female,21.0,Mecanique,1,82.2,0.0,83.0,31.2,88.6,0.0,0.7,11.5,Yes,Yes,Middle,1.0,Yes,Salle 21,186.0,74.9,1.0
ENSPD004922,Female,19.0,Informatique,2,86.3,14.0,82.4,67.6,40.1,3.0,3.1,11.5,No,No,Middle,0.0,Yes,Salle 19,298.0,53.4,1.0
ENSPD004923,Female,23.0,GenieCivil,3,94.0,6.0,63.7,100.0,61.2,1.0,1.5,6.6,Yes,No,Middle,1.0,Yes,Salle 23,185.0,72.5,1.0
ENSPD004924,Female,25.0,GenieCivil,5,82.2,20.0,63.4,61.2,57.3,0.0,0.6,11.5,No,No,Middle,2.0,Yes,Salle 4,70.0,59.6,1.0
ENSPD004925,Male,23.0,Mecanique,5,75.5,24.0,46.6,65.2,68.6,0.0,2.1,6.7,Yes,No,Low,0.0,No,Salle 24,67.0,57.1,1.0
ENSPD004926,Male,20.0,Electrique,1,82.3,18.0,91.2,56.4,82.5,2.0,4.7,25.9,Yes,No,Low,0.0,Yes,Salle 29,143.0,75.0,1.0
ENSPD004927,Male,22.0,Electrique,1,78.8,21.0,57.7,74.0,69.3,1.0,0.9,8.3,Yes,No,Middle,1.0,Yes,Salle 5,143.0,64.5,1.0
ENSPD004928,Male,19.0,Informatique,1,64.1,36.0,70.1,68.5,63.5,1.0,1.4,8.3,Yes,No,Middle,0.0,No,Salle 5,248.0,57.8,1.0
ENSPD004929,Female,24.0,Mecanique,4,70.0,30.0,68.8,49.8,77.8,1.0,1.7,12.5,Yes,No,Middle,0.0,Yes,Salle 5,178.0,66.7,1.0
ENSPD004930,Female,22.0,GenieCivil,1,90.5,10.0,44.9,59.9,80.9,0.0,0.3,11.7,Yes,No,Middle,0.0,Yes,Salle 6,149.0,63.5,1.0
ENSPD004931,Male,18.0,Informatique,1,77.4,23.0,38.8,41.9,69.4,2.0,0.2,6.2,Yes,No,Middle,2.0,Yes,Salle 20,248.0,48.5,0.0
ENSPD004932,Male,21.0,Mecanique,3,82.3,18.0,65.1,59.9,71.8,1.0,4.4,16.3,Yes,No,High,1.0,Yes,Salle 18,212.0,61.6,1.0
ENSPD004933,Female,23.0,Informatique,2,84.8,15.0,58.2,54.5,76.9,1.0,5.4,26.5,No,No,Middle,2.0,Yes,Salle 6,298.0,58.8,1.0
ENSPD004934,Male,21.0,Energetique,1,85.8,14.0,63.7,64.5,31.1,0.0,4.7,11.5,Yes,Yes,Middle,2.0,Yes,Salle 28,83.0,50.7,1.0
ENSPD004935,Male,21.0,Chimie,2,95.8,4.0,65.1,49.2,57.0,1.0,1.0,6.2,No,No,Middle,1.0,No,Salle 12,119.0,62.5,1.0
ENSPD004936,Male,20.0,Informatique,2,68.8,31.0,68.4,58.1,71.5,4.0,0.7,16.7,No,No,High,1.0,No,Salle 1,298.0,65.2,1.0
ENSPD004937,Female,23.0,Informatique,3,88.8,11.0,76.4,62.2,58.2,0.0,5.7,22.0,Yes,No,Middle,2.0,No,Salle 14,263.0,68.9,1.0
ENSPD004938,Male,21.0,Chimie,5,91.1,9.0,71.7,63.4,58.2,1.0,4.3,12.0,Yes,Yes,Middle,1.0,No,Salle 4,48.0,62.9,1.0
ENSPD004939,Female,18.0,GenieCivil,1,93.8,6.0,60.3,66.9,71.5,1.0,3.4,14.9,Yes,No,Middle,2.0,Yes,Salle 22,149.0,65.6,1.0
ENSPD004940,Female,21.0,Chimie,2,65.0,35.0,50.0,58.9,72.0,0.0,0.8,0.4,Yes,Yes,Middle,2.0,Yes,Salle 30,119.0,55.5,1.0
ENSPD004941,Male,24.0,Telecom,5,85.1,15.0,69.0,47.8,73.3,1.0,1.4,16.8,Yes,No,Low,1.0,Yes,Salle 1,60.0,67.5,1.0
ENSPD004942,Male,21.0,Electrique,4,100.0,0.0,66.3,63.5,48.2,1.0,2.8,20.4,Yes,No,High,0.0,Yes,Salle 12,157.0,64.0,1.0
ENSPD004943,Female,25.0,Informatique,2,80.8,19.0,78.7,58.8,35.6,0.0,1.7,5.4,Yes,No,Low,2.0,No,Salle 22,298.0,48.0,0.0
ENSPD004944,Male,23.0,Chimie,3,87.8,12.0,62.7,80.4,80.1,0.0,1.8,7.8,Yes,No,Low,0.0,Yes,Salle 6,130.0,71.6,1.0
ENSPD004945,Female,23.0,Energetique,1,91.4,9.0,60.5,82.7,49.2,1.0,2.8,11.3,Yes,No,Middle,5.0,No,Salle 14,83.0,69.6,1.0
ENSPD004946,Female,22.0,Electrique,4,69.7,30.0,61.6,37.3,47.8,3.0,2.9,16.5,No,No,Low,0.0,Yes,Salle 19,157.0,39.6,0.0
ENSPD004947,Female,22.0,Electrique,5,100.0,0.0,51.2,73.1,46.0,0.0,0.5,8.9,Yes,No,Middle,3.0,Yes,Salle 17,80.0,53.1,1.0
ENSPD004948,Female,21.0,Mecanique,3,88.0,12.0,86.7,76.7,87.0,1.0,1.0,15.0,No,No,High,3.0,Yes,Salle 3,212.0,83.8,1.0
ENSPD004949,Female,21.0,Mecanique,3,88.2,12.0,82.1,37.8,68.2,0.0,1.4,18.7,Yes,No,High,2.0,No,Salle 28,212.0,67.5,1.0
ENSPD004950,Female,23.0,Chimie,1,62.1,38.0,46.8,72.4,70.9,2.0,0.6,6.1,Yes,No,Middle,1.0,Yes,Salle 27,96.0,65.6,1.0
ENSPD004951,Male,20.0,Telecom,3,91.5,8.0,77.1,78.1,77.8,1.0,4.9,23.1,No,No,Low,1.0,Yes,Salle 28,154.0,77.8,1.0
ENSPD004952,Male,20.0,Electrique,3,88.1,12.0,37.3,44.9,63.2,1.0,3.7,20.2,Yes,No,Middle,2.0,Yes,Salle 17,188.0,48.7,0.0
ENSPD004953,Male,20.0,Chimie,3,100.0,0.0,79.8,57.7,84.3,1.0,4.5,23.6,No,No,Middle,1.0,Yes,Salle 24,130.0,77.6,1.0
ENSPD004954,Female,26.0,Informatique,1,78.3,22.0,54.6,65.4,40.1,2.0,0.7,7.3,No,No,Low,1.0,No,Salle 7,248.0,53.4,1.0
ENSPD004955,Male,23.0,Informatique,3,70.1,30.0,70.4,72.3,42.3,2.0,0.2,6.2,Yes,No,Middle,3.0,Yes,Salle 3,263.0,56.0,1.0
ENSPD004956,Female,23.0,GenieCivil,3,73.8,26.0,36.1,44.2,41.2,2.0,0.2,5.7,Yes,No,Middle,2.0,Yes,Salle 16,185.0,41.5,0.0
ENSPD004957,Male,20.0,Informatique,1,75.9,24.0,47.0,82.8,72.4,0.0,1.6,5.6,No,No,Low,1.0,No,Salle 24,248.0,64.5,1.0
ENSPD004958,Female,23.0,Electrique,1,68.6,31.0,72.0,25.5,74.1,1.0,0.7,8.4,No,No,Middle,1.0,Yes,Salle 16,143.0,51.8,1.0
ENSPD004959,Male,22.0,Mecanique,2,97.5,2.0,54.5,85.8,54.5,1.0,0.6,3.9,Yes,No,Middle,0.0,Yes,Salle 26,231.0,67.4,1.0
ENSPD004960,Female,22.0,Chimie,4,97.9,2.0,52.4,71.9,59.4,2.0,1.4,7.8,No,Yes,Low,4.0,No,Salle 10,93.0,67.2,1.0
ENSPD004961,Male,20.0,Chimie,3,79.7,20.0,85.9,50.8,89.4,1.0,1.7,13.8,Yes,No,Middle,0.0,Yes,Salle 18,130.0,72.3,1.0
ENSPD004962,Male,22.0,GenieCivil,4,77.3,23.0,98.2,77.6,50.1,0.0,1.6,16.1,No,No,Middle,2.0,Yes,Salle 12,173.0,67.7,1.0
ENSPD004963,Male,21.0,Informatique,2,60.2,40.0,79.1,43.1,69.9,5.0,1.1,9.3,No,No,High,0.0,Yes,Salle 22,298.0,50.6,1.0
ENSPD004964,Female,20.0,Electrique,5,90.4,10.0,48.6,64.1,63.5,1.0,0.3,3.6,Yes,No,Middle,1.0,Yes,Salle 26,80.0,54.8,1.0
ENSPD004965,Male,23.0,Energetique,4,100.0,0.0,91.5,66.3,85.9,2.0,5.3,29.6,No,No,Middle,0.0,Yes,Salle 9,70.0,85.6,1.0
ENSPD004966,Male,19.0,Electrique,2,74.4,26.0,41.6,66.3,76.6,1.0,1.1,11.5,No,No,Middle,1.0,Yes,Salle 7,185.0,59.0,1.0
ENSPD004967,Female,23.0,Informatique,1,80.6,19.0,60.4,46.9,36.0,1.0,0.3,14.1,Yes,No,Middle,1.0,Yes,Salle 5,248.0,48.0,0.0
ENSPD004968,Female,23.0,Informatique,2,87.2,13.0,65.8,53.1,58.8,1.0,0.1,11.5,Yes,No,Middle,3.0,Yes,Salle 26,298.0,54.6,1.0
ENSPD004969,Female,20.0,Mecanique,5,100.0,0.0,93.9,64.3,63.5,3.0,1.4,3.9,Yes,No,Middle,0.0,Yes,Salle 21,67.0,53.9,1.0
ENSPD004970,Male,20.0,Informatique,2,84.4,16.0,78.7,48.9,82.0,0.0,0.7,4.9,Yes,Yes,Middle,2.0,Yes,Salle 23,298.0,62.3,1.0
ENSPD004971,Male,22.0,Telecom,2,84.3,16.0,58.0,66.9,100.0,2.0,2.0,20.4,No,No,Middle,0.0,Yes,Salle 19,161.0,75.6,1.0
ENSPD004972,Female,23.0,Telecom,1,84.2,16.0,50.8,50.9,20.4,1.0,7.1,35.2,Yes,No,High,0.0,No,Salle 27,121.0,37.9,0.0
ENSPD004973,Male,22.0,Mecanique,4,64.9,35.0,80.0,80.0,35.5,2.0,0.6,0.0,No,No,Middle,1.0,Yes,Salle 2,178.0,58.4,1.0
ENSPD004974,Female,23.0,Mecanique,2,64.6,35.0,57.0,90.1,67.3,0.0,3.1,10.2,Yes,No,Middle,0.0,Yes,Salle 22,231.0,69.6,1.0
ENSPD004975,Male,26.0,Mecanique,2,72.3,28.0,68.3,56.6,63.6,1.0,4.8,27.6,Yes,Yes,Middle,2.0,Yes,Salle 27,231.0,64.8,1.0
ENSPD004976,Male,21.0,Telecom,2,94.2,6.0,44.5,78.6,55.8,1.0,1.4,4.8,Yes,No,High,2.0,Yes,Salle 8,161.0,57.7,1.0
ENSPD004977,Male,19.0,GenieCivil,2,78.0,22.0,73.5,58.2,29.2,5.0,0.6,7.4,No,No,High,2.0,Yes,Salle 15,177.0,55.2,1.0
ENSPD004978,Male,24.0,Electrique,2,75.6,24.0,65.1,45.1,63.5,1.0,1.4,9.8,Yes,No,Middle,1.0,No,Salle 23,185.0,60.3,1.0
ENSPD004979,Male,22.0,GenieCivil,3,82.2,25.0,46.4,54.3,81.8,3.0,4.5,30.9,No,Yes,Middle,1.0,Yes,Salle 4,185.0,59.7,1.0
ENSPD004980,Male,23.0,Electrique,4,80.3,20.0,65.1,61.6,100.0,1.0,0.0,4.1,No,No,Middle,0.0,Yes,Salle 14,157.0,80.2,1.0
ENSPD004981,Female,20.0,Mecanique,4,100.0,0.0,73.3,29.8,90.1,0.0,1.3,11.5,Yes,No,Low,1.0,No,Salle 27,178.0,72.9,1.0
ENSPD004982,Male,22.0,Mecanique,4,80.2,20.0,76.1,73.3,38.0,3.0,2.8,18.5,Yes,No,Low,1.0,Yes,Salle 20,178.0,56.1,1.0
ENSPD004983,Female,20.0,Electrique,1,72.6,27.0,59.3,63.5,63.8,0.0,1.8,16.6,Yes,No,Low,0.0,Yes,Salle 4,143.0,61.9,1.0
ENSPD004984,Female,23.0,Electrique,4,82.3,18.0,67.7,80.0,75.8,2.0,1.4,11.5,No,No,Low,0.0,Yes,Salle 5,157.0,72.7,1.0
ENSPD004985,Male,19.0,Mecanique,1,100.0,0.0,66.0,72.9,50.2,3.0,1.6,2.2,Yes,Yes,Middle,0.0,Yes,Salle 7,186.0,63.0,1.0
ENSPD004986,Male,21.0,Informatique,1,76.0,24.0,62.8,64.2,79.6,1.0,1.9,15.8,Yes,No,Middle,1.0,No,Salle 30,248.0,64.9,1.0
ENSPD004987,Female,20.0,Mecanique,5,67.8,32.0,67.6,55.6,78.1,1.0,2.3,8.8,No,No,Middle,2.0,Yes,Salle 26,67.0,61.0,1.0
ENSPD004988,Female,22.0,GenieCivil,4,76.0,24.0,83.8,89.4,63.5,1.0,0.9,2.5,Yes,Yes,Low,0.0,Yes,Salle 25,173.0,87.4,1.0
ENSPD004989,Female,21.0,Electrique,3,83.5,16.0,81.1,100.0,80.0,2.0,1.5,9.0,Yes,Yes,Middle,0.0,Yes,Salle 8,188.0,84.7,1.0
ENSPD004990,Female,22.0,Telecom,4,90.3,10.0,47.3,55.9,69.7,1.0,0.6,7.9,No,No,Middle,1.0,No,Salle 1,121.0,55.9,1.0
ENSPD004991,Female,22.0,Informatique,5,94.1,6.0,79.8,80.8,51.2,1.0,1.4,44.0,Yes,No,Middle,0.0,Yes,Salle 8,109.0,62.5,1.0
ENSPD004992,Male,20.0,Mecanique,3,69.5,30.0,82.9,49.3,38.1,2.0,0.4,0.0,Yes,No,Low,1.0,Yes,Salle 1,212.0,50.7,1.0
ENSPD004993,Male,23.0,Informatique,3,70.6,29.0,62.7,51.4,68.4,1.0,0.3,6.8,No,No,Middle,1.0,Yes,Salle 30,263.0,57.5,1.0
ENSPD004994,Female,22.0,GenieCivil,4,78.1,22.0,65.1,55.0,55.9,1.0,0.6,13.3,No,No,Low,3.0,Yes,Salle 12,173.0,62.8,1.0
ENSPD004995,Male,20.0,GenieCivil,2,90.2,10.0,72.4,74.3,57.9,1.0,5.1,25.0,Yes,No,Middle,0.0,Yes,Salle 11,177.0,61.9,1.0
ENSPD004996,Female,26.0,Chimie,1,66.9,33.0,52.3,42.7,86.4,0.0,2.2,16.9,Yes,No,Middle,1.0,Yes,Salle 15,96.0,62.0,1.0
ENSPD004997,Male,23.0,Mecanique,4,74.7,25.0,59.3,89.9,91.4,1.0,1.2,12.5,No,No,Low,1.0,Yes,Salle 5,178.0,82.3,1.0
ENSPD004998,Male,22.0,Electrique,2,74.9,25.0,76.3,78.9,39.3,2.0,1.4,23.5,No,No,High,3.0,Yes,Salle 12,185.0,57.6,1.0
ENSPD004999,Female,25.0,Telecom,1,93.3,7.0,57.6,73.9,59.8,1.0,4.6,25.8,Yes,No,Low,1.0,No,Salle 28,121.0,57.3,1.0
ENSPD005000,Female,26.0,Telecom,2,88.3,12.0,79.6,56.7,55.3,0.0,1.0,9.5,Yes,No,Middle,1.0,Yes,Salle 25,161.0,65.6,1.0
