student_id,gender,age,year_of_study,attendance_rate,num_absences,assignments_avg,midterm_score,final_score,project_participation,lab_hours_per_week,infra_usage_hours_month,supervisor_assigned,scholarship,socioeconomic_status,extracurricular_count,lab_access,classroom_allocated,promotion_size,overall_grade,ratio_presence_note,participation_projets_ponderee,moyenne_filiere,gender_encoded,scholarship_encoded,lab_access_encoded,supervisor_assigned_encoded,filiere_Electrique,filiere_Energetique,filiere_GenieCivil,filiere_Informatique,filiere_Mecanique,filiere_Telecom
ENSPD004372,Male,20.0,5,0.6858475894245722,20.0,0.45657015590200445,0.595,0.635,0.0,0.2,8.8,Yes,No,Middle,1.0,Yes,Salle 7,109.0,0.44027777777777777,0.32668335445478947,0.0,0.5818364233587374,1,0,1,1,False,False,False,True,False,False
ENSPD002854,Female,25.0,2,0.7853810264385693,14.0,0.5089086859688196,0.585,0.8029999999999999,5.0,0.3,2.1,Yes,No,High,2.0,Yes,Salle 30,161.0,0.5986111111111111,0.27673774110792226,0.862,0.7508690441401171,0,0,1,1,False,False,False,False,False,True
ENSPD001804,Male,23.0,1,0.8087091757387247,12.0,0.7951002227171492,0.47200000000000003,0.988,2.0,0.6,9.4,Yes,No,Low,0.0,Yes,Salle 23,248.0,0.7625,0.21903321310605664,0.3508,0.5818364233587374,1,0,1,1,False,False,False,True,False,False
ENSPD002407,Male,20.0,1,0.8880248833592533,7.0,0.6347438752783965,0.645,0.45799999999999996,2.0,0.5,11.5,No,No,Middle,0.0,Yes,Salle 18,248.0,0.4902777777777778,0.3699126793987878,0.3712,0.5818364233587374,1,0,1,0,False,False,False,True,False,False
ENSPD001534,Male,25.0,5,0.5241057542768274,31.0,0.7706013363028954,0.634,0.775,0.0,0.4,2.2,No,Yes,Low,0.0,Yes,Salle 20,109.0,0.7069444444444444,0.1583607260476734,0.0,0.5818364233587374,1,1,1,0,False,False,False,True,False,False
ENSPD003477,Female,22.0,4,0.38724727838258166,39.0,0.5556792873051225,0.536,0.631,1.0,6.1,11.5,Yes,No,Low,0.0,Yes,Salle 30,173.0,0.4902777777777778,0.190699868855946,0.1212,0.6476742668343078,0,0,1,1,False,False,True,False,False,False
ENSPD002052,Male,23.0,5,0.6998444790046657,19.0,0.7516703786191538,0.578,0.635,1.0,2.1,12.6,Yes,No,Middle,1.0,No,Salle 4,80.0,0.6027777777777776,0.2479429818524365,0.16140000000000002,0.900740336465212,1,0,0,1,True,False,False,False,False,False
ENSPD003891,Female,23.0,2,0.625194401244168,24.0,0.7060133630289532,0.438,0.6070000000000001,0.0,1.8,12.4,Yes,No,Middle,0.0,Yes,Salle 28,161.0,0.5416666666666667,0.2507253016353119,0.0,0.7508690441401171,0,0,1,1,False,False,False,False,False,True
ENSPD000971,Female,24.0,2,0.6127527216174183,25.0,0.7817371937639199,0.383,0.559,1.0,2.0,10.5,No,No,Low,1.0,Yes,Salle 18,71.0,0.4125,0.3156484485511397,0.1502,0.0,0,0,1,0,False,True,False,False,False,False
ENSPD003088,Male,23.0,2,0.8724727838258165,8.0,0.3585746102449889,0.922,0.635,1.0,1.0,6.4,Yes,No,Middle,0.0,Yes,Salle 16,177.0,0.7583333333333333,0.23760128180371773,0.18359999999999999,0.6476742668343078,1,0,1,1,False,False,True,False,False,False
ENSPD000757,Female,22.0,4,0.7278382581648523,18.0,0.6570155902004455,0.435,1.0,2.0,1.0,16.4,No,Yes,Middle,1.0,Yes,Salle 26,230.0,0.6347222222222223,0.24327919113754268,0.33,0.5818364233587374,0,1,1,0,False,False,False,True,False,False
ENSPD001283,Male,28.0,1,0.7884914463452567,14.0,0.4142538975501113,0.48600000000000004,0.397,2.0,1.9,18.4,Yes,Yes,Middle,0.0,Yes,Salle 19,121.0,0.2958333333333333,0.485577386270422,0.3456,0.7508690441401171,1,1,1,1,False,False,False,False,False,True
ENSPD001365,Female,22.0,1,0.5132192846034215,31.0,0.5278396436525613,0.599,0.873,4.0,1.9,20.5,Yes,No,Middle,3.0,Yes,Salle 20,143.0,0.6569444444444444,0.1706991884477824,0.5496000000000001,0.900740336465212,0,0,1,1,True,False,False,False,False,False
ENSPD003470,Male,22.0,3,0.8289269051321929,11.0,0.8942093541202674,0.654,0.648,0.0,1.7,7.4,Yes,No,Middle,0.0,Yes,Salle 30,212.0,0.6749999999999999,0.2570082184552934,0.0,0.9860656366780134,1,0,1,1,False,False,False,False,True,False
ENSPD001282,Female,20.0,3,0.6500777604976672,22.0,0.6269487750556793,0.8270000000000001,0.622,0.0,1.4,8.3,Yes,No,Middle,1.0,Yes,Salle 13,212.0,0.5944444444444444,0.2357434123033406,0.0,0.9860656366780134,0,0,1,1,False,False,False,False,True,False
ENSPD000494,Male,23.0,1,0.457231726283048,35.0,0.4755011135857461,0.386,0.7120000000000001,1.0,3.7,16.3,Yes,No,Middle,2.0,No,Salle 23,149.0,0.3944444444444445,0.2641951029638099,0.13019999999999998,0.6476742668343078,1,0,0,1,False,False,True,False,False,False
ENSPD003059,Male,24.0,3,0.7185069984447902,18.0,0.8318485523385302,0.616,0.596,0.0,1.4,11.9,Yes,No,High,2.0,Yes,Salle 17,104.0,0.6277777777777779,0.24327297293118147,0.0,0.0,1,0,1,1,False,True,False,False,False,False
ENSPD001331,Male,20.0,3,0.8491446345256609,10.0,0.3752783964365256,0.87,0.635,1.0,0.3,7.8,No,No,High,2.0,Yes,Salle 16,212.0,0.4027777777777778,0.4166542398583042,0.1806,0.9860656366780134,1,0,1,0,False,False,False,False,True,False
ENSPD003350,Male,21.0,3,0.6625194401244167,22.0,0.6024498886414253,0.784,0.49,0.0,7.1,28.7,Yes,No,High,0.0,No,Salle 21,154.0,0.4805555555555555,0.29448896296950533,0.0,0.7508690441401171,1,0,0,1,False,False,False,False,False,True
ENSPD003573,Female,20.0,1,0.9999999999999999,0.0,0.5657015590200446,0.7640000000000001,0.419,0.0,1.4,2.4,No,No,Low,0.0,Yes,Salle 21,248.0,0.43194444444444435,0.45303405877038405,0.0,0.5818364233587374,0,0,1,0,False,False,False,True,False,False
ENSPD001943,Female,19.0,3,0.514774494556765,31.0,0.643652561247216,0.589,0.635,0.0,0.9,3.1,No,No,Middle,1.0,No,Salle 10,188.0,0.5361111111111111,0.21589103548690267,0.0,0.900740336465212,0,0,0,0,True,False,False,False,False,False
ENSPD000134,Male,22.0,5,0.7231726283048211,5.0,0.6748329621380846,0.8290000000000001,0.644,2.0,9.4,49.4,No,Yes,Middle,2.0,No,Salle 12,109.0,0.6611111111111111,0.23143735362276727,0.32880000000000004,0.5818364233587374,1,1,0,0,False,False,False,True,False,False
ENSPD001556,Male,21.0,2,0.8087091757387247,12.0,0.6815144766146994,0.355,0.278,0.0,1.5,9.3,Yes,Yes,Middle,0.0,No,Salle 7,185.0,0.3291666666666666,0.4622532119142473,0.0,0.900740336465212,1,1,0,1,True,False,False,False,False,False
ENSPD001059,Male,21.0,4,0.7682737169517885,15.0,0.5545657015590201,0.405,0.622,0.0,0.6,11.2,No,No,High,1.0,Yes,Salle 23,178.0,0.4902777777777778,0.3270574420950647,0.0,0.9860656366780134,1,0,1,0,False,False,False,False,True,False
ENSPD002891,Male,20.0,3,0.906687402799378,6.0,0.5077951002227171,0.9790000000000001,0.634,2.0,0.6,5.3,No,No,High,2.0,Yes,Salle 19,212.0,0.6138888888888889,0.30750843527419736,0.376,0.9860656366780134,1,0,1,0,False,False,False,False,True,False
ENSPD004724,Male,24.0,4,0.7231726283048211,9.0,0.8808463251670379,0.736,0.7590000000000001,3.0,2.1,16.6,No,No,Middle,0.0,No,Salle 11,157.0,0.8125,0.18100467839066284,0.4932000000000001,0.900740336465212,1,0,0,0,True,False,False,False,False,False
ENSPD002483,Female,21.0,2,0.8818040435458788,8.0,1.0,0.42100000000000004,0.517,4.0,0.8,4.5,Yes,Yes,Middle,1.0,Yes,Salle 15,119.0,0.46666666666666656,0.38307810033113154,0.7392000000000001,1.0,0,1,1,1,False,False,False,False,False,False
ENSPD002878,Male,21.0,1,0.5365474339035771,30.0,0.36636971046770606,0.41600000000000004,0.6020000000000001,0.0,7.7,30.3,Yes,No,Middle,1.0,Yes,Salle 1,143.0,0.3833333333333333,0.30335097720138404,0.0,0.900740336465212,1,0,1,1,True,False,False,False,False,False
ENSPD000712,Female,23.0,4,0.7791601866251944,14.0,0.7906458797327395,0.8840000000000001,0.735,0.0,2.4,14.1,Yes,No,Middle,2.0,Yes,Salle 29,173.0,0.7041666666666668,0.23144108958994555,0.0,0.6476742668343078,0,0,1,1,False,False,True,False,False,False
ENSPD003859,Male,20.0,5,0.7309486780715396,17.0,0.6659242761692651,0.711,0.461,1.0,1.4,16.2,No,No,Middle,1.0,Yes,Salle 7,109.0,0.4541666666666666,0.3351081654181316,0.16540000000000002,0.5818364233587374,1,0,1,0,False,False,False,True,False,False
ENSPD000224,Male,24.0,3,0.6547433903576981,22.0,0.7661469933184856,0.593,0.97,0.0,6.7,28.5,No,No,Middle,2.0,Yes,Salle 9,185.0,0.7472222222222222,0.18239482794582826,0.0,0.6476742668343078,1,0,1,0,False,False,True,False,False,False
ENSPD004820,Male,19.0,1,0.9999999999999999,0.0,0.5879732739420935,0.78,0.34500000000000003,4.0,9.3,48.1,Yes,Yes,Low,0.0,Yes,Salle 2,248.0,0.43194444444444435,0.45303405877038405,0.8,0.5818364233587374,1,1,1,1,False,False,False,True,False,False
ENSPD004834,Male,19.0,3,0.6547433903576981,22.0,0.4654788418708241,0.8320000000000001,0.763,0.0,0.2,4.9,No,No,Middle,1.0,Yes,Salle 8,185.0,0.7097222222222221,0.19434936676985562,0.0,0.6476742668343078,1,0,1,0,False,False,True,False,False,False
ENSPD002823,Female,18.0,1,0.7356143079315708,17.0,0.7383073496659243,0.484,0.449,1.0,0.1,8.0,Yes,Yes,Middle,4.0,No,Salle 24,149.0,0.3930555555555556,0.37815842336938044,0.166,0.6476742668343078,0,1,0,1,False,False,True,False,False,False
ENSPD003173,Male,24.0,2,0.18351477449455667,52.0,0.3685968819599109,0.746,0.5760000000000001,4.0,1.8,14.6,Yes,No,Middle,1.0,No,Salle 19,119.0,0.4,0.15083614338566406,0.38,1.0,1,0,0,1,False,False,False,False,False,False
ENSPD000621,Male,20.0,2,0.37947122861586313,40.0,0.690423162583519,0.551,0.961,1.0,0.2,6.2,Yes,No,Middle,1.0,Yes,Salle 23,231.0,0.6069444444444445,0.14591788672661035,0.1202,0.9860656366780134,1,0,1,1,False,False,False,False,True,False
ENSPD001710,Female,22.0,3,0.7045101088646967,19.0,0.6258351893095769,0.792,0.6950000000000001,1.0,0.3,2.6,No,No,Middle,1.0,No,Salle 2,212.0,0.6666666666666667,0.2238262344190388,0.162,0.9860656366780134,0,0,0,0,False,False,False,False,True,False
ENSPD004255,Male,23.0,4,0.5023328149300156,32.0,0.49888641425389757,0.49100000000000005,1.0,0.0,1.7,9.9,Yes,No,Middle,1.0,No,Salle 12,173.0,0.7194444444444443,0.14862382878656358,0.0,0.6476742668343078,1,0,0,1,False,False,True,False,False,False
ENSPD000120,Male,23.0,2,0.9999999999999999,0.0,0.8162583518930958,0.741,0.28500000000000003,0.0,1.1,9.4,Yes,No,Middle,1.0,Yes,Salle 5,177.0,0.4722222222222222,0.42263423240638653,0.0,0.6476742668343078,1,0,1,1,False,False,True,False,False,False
ENSPD002610,Male,24.0,5,0.7060653188180402,19.0,0.623608017817372,0.051,0.665,1.0,0.7,1.5,Yes,No,Low,2.0,No,Salle 22,60.0,0.28194444444444444,0.4604402541698378,0.16219999999999998,0.7508690441401171,1,0,0,1,False,False,False,False,False,True
ENSPD002008,Female,19.0,3,0.6547433903576981,22.0,0.7071269487750558,0.499,0.266,0.0,1.4,22.1,No,Yes,Middle,1.0,Yes,Salle 1,104.0,0.3597222222222223,0.36932549577589846,0.0,0.0,0,1,1,0,False,True,False,False,False,False
ENSPD001169,Male,21.0,5,0.8693623639191289,8.0,0.5412026726057906,0.44700000000000006,0.635,2.0,1.0,14.3,No,No,Middle,0.0,No,Salle 4,48.0,0.31805555555555554,0.5003629440760438,0.3664,1.0,1,0,0,0,False,False,False,False,False,False
ENSPD000732,Female,20.0,1,0.8538102643856921,9.0,0.655902004454343,0.684,0.245,0.0,0.8,5.3,No,No,High,1.0,Yes,Salle 25,96.0,0.3375,0.47444076745667785,0.0,1.0,0,0,1,0,False,False,False,False,False,False
ENSPD002976,Male,27.0,3,0.9331259720062209,4.0,0.4888641425389756,0.929,0.419,0.0,1.4,5.1,No,No,Middle,2.0,Yes,Salle 9,263.0,0.5166666666666666,0.36929806870237236,0.0,0.5818364233587374,1,0,1,0,False,False,False,True,False,False
ENSPD004447,Male,21.0,3,0.8662519440124418,9.0,0.7115812917594654,0.539,0.8420000000000001,1.0,0.5,11.5,Yes,No,Middle,1.0,Yes,Salle 16,188.0,0.726388888888889,0.24757973455340213,0.18280000000000002,0.900740336465212,1,0,1,1,True,False,False,False,False,False
ENSPD003662,Male,20.0,2,0.7698289269051323,15.0,0.757238307349666,0.86,0.785,1.0,2.0,10.8,Yes,No,Low,2.0,Yes,Salle 22,231.0,0.797222222222222,0.19759406643890956,0.1704,0.9860656366780134,1,0,1,1,False,False,False,False,True,False
ENSPD001931,Male,23.0,3,0.8118195956454123,12.0,0.7438752783964365,0.946,0.16899999999999998,1.0,1.4,5.4,No,Yes,Middle,2.0,Yes,Salle 4,212.0,0.4722222222222222,0.35375974415012357,0.1758,0.9860656366780134,1,1,1,0,False,False,False,False,True,False
ENSPD003737,Female,21.0,5,0.9999999999999999,0.0,0.8385300668151447,0.652,0.635,0.0,0.6,4.5,Yes,No,Middle,1.0,Yes,Salle 7,67.0,0.6694444444444445,0.30942988994491005,0.0,0.9860656366780134,0,0,1,1,False,False,False,False,True,False
ENSPD001354,Female,22.0,3,0.7185069984447902,18.0,0.8207126948775056,0.62,0.493,3.0,1.9,17.1,No,No,Middle,0.0,Yes,Salle 20,130.0,0.5388888888888889,0.28351548383614633,0.49140000000000006,1.0,0,0,1,0,False,False,False,False,False,False
ENSPD004448,Female,19.0,1,0.8304821150855365,11.0,0.5167037861915368,0.6829999999999999,0.5479999999999999,0.0,2.9,12.0,Yes,No,Middle,0.0,Yes,Salle 7,186.0,0.4097222222222222,0.40389671697869445,0.0,0.9860656366780134,0,0,1,1,False,False,False,False,True,False
ENSPD004534,Male,21.0,2,0.7449455676516329,16.0,0.6113585746102449,0.685,0.443,0.0,3.4,12.5,Yes,Yes,Low,1.0,Yes,Salle 26,231.0,0.5041666666666667,0.31088909730446224,0.0,0.9860656366780134,1,1,1,1,False,False,False,False,True,False
ENSPD003035,Male,23.0,4,0.5536547433903577,29.0,0.7761692650334077,0.616,0.153,0.0,11.8,50.0,Yes,No,Middle,1.0,No,Salle 4,70.0,0.21944444444444444,0.4486660840880031,0.0,0.0,1,0,0,1,False,True,False,False,False,False
ENSPD004762,Other,23.0,5,0.52099533437014,31.0,0.6113585746102449,0.48700000000000004,0.872,2.0,1.4,31.1,Yes,No,Middle,2.0,Yes,Salle 15,40.0,0.6291666666666667,0.1823392667339698,0.2768,0.0,2,0,1,1,False,True,False,False,False,False
ENSPD003097,Female,17.0,1,0.6609642301710731,22.0,0.5957683741648108,0.59,0.436,1.0,1.6,13.0,Yes,No,Low,0.0,No,Salle 23,83.0,0.37083333333333335,0.36366445263485536,0.1564,0.0,0,0,0,1,False,True,False,False,False,False
ENSPD000445,Female,21.0,3,0.9284603421461898,5.0,0.6124721603563474,0.443,0.7000000000000001,0.0,4.0,19.8,Yes,No,Middle,1.0,Yes,Salle 27,212.0,0.42361111111111116,0.4318433544913919,0.0,0.9860656366780134,0,0,1,1,False,False,False,False,True,False
ENSPD004889,Male,22.0,2,0.9999999999999999,0.0,0.5378619153674833,0.46799999999999997,0.7540000000000001,2.0,4.4,24.0,No,No,Middle,1.0,Yes,Salle 1,71.0,0.4555555555555555,0.43483160122998443,0.4,0.0,1,0,1,0,False,True,False,False,False,False
ENSPD001655,Male,23.0,3,0.5520995334370139,29.0,0.9654788418708242,0.579,0.488,1.0,0.1,3.4,No,No,Low,0.0,Yes,Salle 25,263.0,0.5847222222222221,0.20842972633964083,0.1424,0.5818364233587374,1,0,1,0,False,False,False,True,False,False
ENSPD000010,Female,20.0,3,0.500777604976672,32.0,0.6135857461024499,0.657,1.0,1.0,0.9,16.6,Yes,No,Middle,1.0,Yes,Salle 17,263.0,0.6930555555555555,0.1558512095660425,0.1358,0.5818364233587374,0,0,1,1,False,False,False,True,False,False
ENSPD002754,Male,20.0,3,0.7947122861586314,13.0,0.6380846325167038,0.559,0.9440000000000001,5.0,1.0,6.6,No,Yes,Middle,1.0,Yes,Salle 26,188.0,0.6666666666666667,0.2503488932190392,0.868,0.900740336465212,1,1,1,0,True,False,False,False,False,False
ENSPD000162,Female,24.0,2,0.6920684292379472,20.0,0.7928730512249444,0.46799999999999997,0.8740000000000001,1.0,1.4,5.4,No,Yes,Middle,0.0,Yes,Salle 16,185.0,0.6833333333333333,0.2140893018412924,0.16040000000000001,0.900740336465212,0,1,1,0,True,False,False,False,False,False
ENSPD002736,Female,20.0,1,0.9999999999999999,0.0,0.643652561247216,0.654,0.11,0.0,0.1,3.4,No,No,Middle,1.0,Yes,Salle 5,121.0,0.27083333333333337,0.6159258587506576,0.0,0.7508690441401171,0,0,1,0,False,False,False,False,False,True
ENSPD003151,Female,19.0,1,0.5909797822706065,26.0,0.7973273942093541,0.574,0.12300000000000001,2.0,1.4,15.1,No,Yes,Middle,1.0,Yes,Salle 6,248.0,0.22222222222222232,0.4655631209198282,0.2948,0.5818364233587374,0,1,1,0,False,False,False,True,False,False
ENSPD004083,Female,17.0,2,0.8398133748055988,10.0,0.6547884187082406,0.68,0.635,0.0,2.8,21.2,Yes,No,Low,1.0,Yes,Salle 8,71.0,0.6375,0.27607609545484835,0.0,0.0,0,0,1,1,False,True,False,False,False,False
ENSPD004190,Female,23.0,3,0.4447900466562985,36.0,0.5924276169265034,0.612,0.391,1.0,2.2,13.4,Yes,Yes,Middle,0.0,No,Salle 30,130.0,0.4041666666666667,0.2537168850896606,0.1286,1.0,0,1,0,1,False,False,False,False,False,False
ENSPD003588,Female,18.0,4,0.41057542768273714,38.0,0.7093541202672606,0.642,0.21300000000000002,2.0,2.1,11.5,No,No,Low,1.0,Yes,Salle 29,230.0,0.3680555555555556,0.2602454104445764,0.2484,0.5818364233587374,0,0,1,0,False,False,False,True,False,False
ENSPD004561,Female,26.0,4,0.7309486780715396,17.0,0.7316258351893097,0.365,0.851,0.0,0.0,5.2,Yes,Yes,Middle,0.0,Yes,Salle 5,178.0,0.5986111111111111,0.25954981136237365,0.0,0.9860656366780134,0,1,1,1,False,False,False,False,True,False
ENSPD003661,Male,23.0,4,0.8040435458786938,18.0,0.4142538975501113,0.5479999999999999,0.635,1.0,1.4,16.6,Yes,Yes,Middle,1.0,Yes,Salle 26,70.0,0.5569444444444444,0.30297231393933644,0.1748,0.0,1,1,1,1,False,True,False,False,False,False
ENSPD000296,Male,21.0,2,0.838258164852255,10.0,0.23942093541202675,0.745,0.414,0.0,0.7,10.8,No,No,Low,0.0,Yes,Salle 14,298.0,0.3222222222222222,0.48214616133732857,0.0,0.5818364233587374,1,0,1,0,False,False,False,True,False,False
ENSPD001501,Male,20.0,3,0.8164852255054432,12.0,0.9142538975501113,0.43200000000000005,0.36700000000000005,5.0,1.2,9.6,Yes,No,Low,0.0,No,Salle 13,263.0,0.37222222222222223,0.42776166745341604,0.882,0.5818364233587374,1,0,0,1,False,False,False,True,False,False
ENSPD004488,Male,21.0,4,0.7993779160186624,13.0,0.5879732739420935,0.8520000000000001,0.272,1.0,1.6,13.2,Yes,No,Middle,1.0,Yes,Salle 19,178.0,0.4986111111111111,0.33326720043281677,0.1742,0.9860656366780134,1,0,1,1,False,False,False,False,True,False
ENSPD004674,Male,20.0,1,0.41990668740279935,37.0,0.5645879732739421,0.99,0.337,1.0,0.9,7.3,No,No,Middle,0.0,No,Salle 14,248.0,0.4388888888888889,0.22594909958106776,0.1254,0.5818364233587374,1,0,0,0,False,False,False,True,False,False
ENSPD003239,Female,23.0,2,0.7045101088646967,19.0,0.6035634743875279,0.638,0.888,0.0,1.8,14.7,Yes,Yes,Low,1.0,Yes,Salle 14,119.0,0.7458333333333333,0.19637116519441608,0.0,1.0,0,1,1,1,False,False,False,False,False,False
ENSPD001078,Female,23.0,5,0.6827371695178849,20.0,0.6447661469933185,0.589,0.6990000000000001,0.0,1.4,11.5,Yes,No,Middle,0.0,No,Salle 13,67.0,0.5791666666666667,0.2527586293689885,0.0,0.9860656366780134,0,0,0,1,False,False,False,False,True,False
ENSPD002130,Male,19.0,3,0.5396578538102644,30.0,0.5033407572383074,0.6920000000000001,0.766,1.0,1.4,8.3,No,Yes,Low,0.0,Yes,Salle 23,188.0,0.5819444444444444,0.20551928731894079,0.1408,0.900740336465212,1,1,1,0,True,False,False,False,False,False
ENSPD000906,Female,21.0,4,0.5863141524105754,27.0,1.0,0.5910000000000001,0.67,1.0,1.0,15.4,No,No,Middle,3.0,Yes,Salle 2,230.0,0.65,0.19482638459581966,0.1468,0.5818364233587374,0,0,1,0,False,False,False,True,False,False
ENSPD001160,Male,23.0,4,0.7729393468118196,15.0,0.8173719376391981,1.0,0.716,1.0,1.4,14.1,No,No,Middle,0.0,No,Salle 27,121.0,0.8111111111111109,0.194174302502526,0.1708,0.7508690441401171,1,0,0,0,False,False,False,False,False,True
ENSPD003083,Male,24.0,4,0.9999999999999999,0.0,0.334075723830735,0.7020000000000001,0.396,0.0,8.0,40.7,No,No,Middle,1.0,Yes,Salle 24,173.0,0.3472222222222222,0.5289183560137006,0.0,0.6476742668343078,1,0,1,0,False,False,True,False,False,False
ENSPD004093,Male,21.0,3,0.9999999999999999,0.0,0.6258351893095769,0.655,0.42700000000000005,2.0,0.6,7.1,Yes,Yes,Middle,0.0,Yes,Salle 29,188.0,0.4916666666666667,0.40903534555561016,0.4,0.900740336465212,1,1,1,1,True,False,False,False,False,False
ENSPD002641,Male,21.0,3,0.9999999999999999,0.0,0.7015590200445435,0.319,0.614,1.0,0.4,3.8,No,No,Middle,1.0,Yes,Salle 20,104.0,0.4652777777777778,0.4276537257604969,0.2,0.0,1,0,1,0,False,True,False,False,False,False
ENSPD001713,Female,20.0,4,0.42923794712286145,37.0,0.5868596881959911,0.684,0.237,1.0,0.2,4.3,No,No,Middle,1.0,No,Salle 30,230.0,0.29027777777777775,0.32076486327515485,0.1266,0.5818364233587374,0,0,0,0,False,False,False,True,False,False
ENSPD004011,Male,21.0,4,0.48522550544323495,33.0,0.6113585746102449,0.762,0.635,0.0,1.4,5.9,Yes,No,Middle,1.0,Yes,Salle 24,157.0,0.6097222222222222,0.17804162647617452,0.0,0.900740336465212,1,0,1,1,True,False,False,False,False,False
ENSPD002039,Male,20.0,1,0.3188180404354588,44.0,0.9120267260579065,0.49600000000000005,0.536,2.0,0.1,15.7,Yes,No,Middle,1.0,Yes,Salle 18,186.0,0.5277777777777778,0.152411712190434,0.22480000000000003,0.9860656366780134,1,0,1,1,False,False,False,False,True,False
ENSPD001182,Male,22.0,1,0.5396578538102644,30.0,0.7895322939866369,0.794,0.624,1.0,0.7,11.5,Yes,Yes,Low,1.0,No,Salle 11,143.0,0.5958333333333332,0.2001925755429739,0.1408,0.900740336465212,1,1,0,1,True,False,False,False,False,False
ENSPD003529,Female,24.0,2,0.4976671850699844,32.0,0.7126948775055679,0.8150000000000001,0.264,0.0,0.7,16.5,Yes,No,Middle,0.0,Yes,Salle 6,161.0,0.39583333333333337,0.2797744630085186,0.0,0.7508690441401171,0,0,1,1,False,False,False,False,False,True
ENSPD001183,Female,23.0,3,0.7993779160186624,13.0,0.6158129175946548,0.5660000000000001,0.7440000000000001,1.0,6.7,29.3,Yes,No,Low,0.0,No,Salle 13,212.0,0.6625000000000001,0.25340607411824523,0.1742,0.9860656366780134,0,0,0,1,False,False,False,False,True,False
ENSPD004946,Female,22.0,4,0.5287713841368585,30.0,0.5723830734966593,0.373,0.478,3.0,2.9,16.5,No,No,Low,0.0,Yes,Salle 19,157.0,0.22777777777777786,0.4264921711513101,0.41820000000000007,0.900740336465212,0,0,1,0,True,False,False,False,False,False
ENSPD004485,Male,24.0,4,0.6796267496111975,21.0,0.40089086859688206,1.0,0.871,1.0,2.6,14.0,No,Yes,Middle,4.0,Yes,Salle 27,230.0,0.7152777777777779,0.19949757709180663,0.15880000000000002,0.5818364233587374,1,1,1,0,False,False,False,True,False,False
ENSPD003975,Male,21.0,3,0.8491446345256609,10.0,0.7360801781737194,0.584,0.5870000000000001,0.0,0.1,10.6,Yes,No,Middle,0.0,Yes,Salle 29,154.0,0.5152777777777777,0.3409964033338504,0.0,0.7508690441401171,1,0,1,1,False,False,False,False,False,True
ENSPD001920,Male,24.0,2,0.864696734059098,9.0,0.6503340757238307,0.927,0.625,1.0,4.3,15.3,Yes,Yes,Middle,0.0,Yes,Salle 2,298.0,0.6180555555555556,0.29251117705509966,0.18259999999999998,0.5818364233587374,1,1,1,1,False,False,False,True,False,False
ENSPD000278,Female,18.0,4,0.76049766718507,15.0,0.25501113585746105,0.49600000000000005,0.605,2.0,6.7,30.8,Yes,No,Middle,1.0,Yes,Salle 22,157.0,0.37777777777777777,0.3999471094520912,0.3384,0.900740336465212,0,0,1,1,True,False,False,False,False,False
ENSPD000669,Male,22.0,1,0.7620528771384137,15.0,0.48106904231625836,0.9990000000000001,0.528,1.0,0.1,0.0,Yes,No,Low,1.0,No,Salle 14,248.0,0.6097222222222222,0.26441234585615336,0.16940000000000002,0.5818364233587374,1,0,0,1,False,False,False,True,False,False
ENSPD002224,Male,21.0,3,0.5085536547433903,32.0,0.46659242761692654,0.564,0.551,1.0,1.5,4.2,Yes,No,High,0.0,No,Salle 30,188.0,0.4,0.2816976687847753,0.1368,0.900740336465212,1,0,0,1,True,False,False,False,False,False
ENSPD001204,Male,22.0,3,0.7791601866251944,14.0,0.7015590200445435,0.473,0.379,2.0,0.7,1.1,No,Yes,Low,1.0,No,Salle 8,188.0,0.3555555555555555,0.42587218394077275,0.3432,0.900740336465212,1,1,0,0,True,False,False,False,False,False
ENSPD003145,Male,22.0,4,0.948678071539658,3.0,0.7405345211581292,0.541,0.39,0.0,2.2,14.6,Yes,No,Middle,0.0,Yes,Salle 5,178.0,0.4527777777777777,0.41766026736242245,0.0,0.9860656366780134,1,0,1,1,False,False,False,False,True,False
ENSPD002533,Male,18.0,2,0.9999999999999999,0.0,0.7193763919821826,0.925,0.294,1.0,0.9,11.7,No,No,Low,0.0,Yes,Salle 9,231.0,0.45000000000000007,0.43901439195660175,0.2,0.9860656366780134,1,0,1,0,False,False,False,False,True,False
ENSPD002379,Male,24.0,2,0.7713841368584758,15.0,0.7160356347438753,0.637,0.63,3.0,0.2,2.9,No,No,Low,0.0,Yes,Salle 26,71.0,0.5944444444444444,0.2742220529203063,0.5117999999999999,0.0,1,0,1,0,False,True,False,False,False,False
ENSPD001408,Female,22.0,3,0.6780715396578537,21.0,0.5100222717149221,0.8540000000000001,0.7220000000000001,0.0,2.3,17.2,No,No,Middle,2.0,Yes,Salle 13,212.0,0.5791666666666667,0.25125359779722245,0.0,0.9860656366780134,0,0,1,0,False,False,False,False,True,False
ENSPD004426,Male,23.0,1,0.8911353032659409,7.0,0.9320712694877507,0.47700000000000004,1.0,1.0,3.3,19.1,No,No,Low,1.0,Yes,Salle 30,248.0,0.786111111111111,0.2328688370827848,0.186,0.5818364233587374,1,0,1,0,False,False,False,True,False,False
ENSPD004285,Male,21.0,1,0.9999999999999999,0.0,0.9688195991091315,0.34500000000000003,0.8170000000000001,1.0,1.8,14.3,No,No,Middle,3.0,Yes,Salle 24,96.0,0.6777777777777778,0.30562983793699083,0.2,1.0,1,0,1,0,False,False,False,False,False,False
ENSPD003722,Female,23.0,2,0.6687402799377916,21.0,0.7026726057906458,1.0,0.493,2.0,1.4,1.4,No,No,Low,3.0,Yes,Salle 29,185.0,0.6652777777777776,0.21381479570191927,0.3148,0.900740336465212,0,0,1,0,True,False,False,False,False,False
ENSPD001409,Female,23.0,3,0.5972006220839813,26.0,0.5935412026726058,0.488,0.866,0.0,0.7,10.6,No,No,Middle,1.0,Yes,Salle 18,263.0,0.5208333333333334,0.2508882866103518,0.0,0.5818364233587374,0,0,1,0,False,False,False,True,False,False
ENSPD002450,Male,22.0,4,0.7869362363919129,14.0,0.9242761692650334,0.693,0.635,2.0,0.6,9.4,Yes,No,Middle,3.0,No,Salle 19,121.0,0.7250000000000001,0.22607992342478964,0.3452,0.7508690441401171,1,0,0,1,False,False,False,False,False,True
ENSPD000275,Male,26.0,1,0.47278382581648504,34.0,0.8285077951002227,0.324,0.89,3.0,2.8,11.5,Yes,No,Middle,0.0,Yes,Salle 15,149.0,0.65,0.16087215527390566,0.39659999999999995,0.6476742668343078,1,0,1,1,False,False,True,False,False,False
ENSPD001003,Female,25.0,3,0.5847589424572316,27.0,0.42873051224944325,0.716,0.563,1.0,0.9,7.2,No,No,Low,1.0,Yes,Salle 3,263.0,0.4541666666666666,0.2803580438979071,0.1466,0.5818364233587374,0,0,1,0,False,False,False,True,False,False
ENSPD001421,Male,22.0,3,0.2566096423017107,48.0,0.6302895322939867,0.5529999999999999,0.41100000000000003,1.0,8.0,35.1,No,No,Middle,0.0,Yes,Salle 28,185.0,0.4208333333333333,0.17110057574096657,0.1044,0.6476742668343078,1,0,1,0,False,False,True,False,False,False
ENSPD001296,Male,24.0,3,0.6811819595645411,20.0,0.534521158129176,0.8420000000000001,0.336,2.0,2.2,15.8,Yes,Yes,Low,1.0,Yes,Salle 24,263.0,0.3833333333333333,0.3629567427474103,0.318,0.5818364233587374,1,1,1,1,False,False,False,True,False,False
ENSPD000639,Male,22.0,3,0.984447900466563,1.0,0.7884187082405345,0.7440000000000001,0.551,1.0,0.8,6.2,Yes,No,Low,1.0,Yes,Salle 10,104.0,0.6833333333333333,0.2986343824422969,0.198,0.0,1,0,1,1,False,True,False,False,False,False
ENSPD000849,Male,21.0,2,0.6049766718506998,25.0,0.46993318485523383,0.8290000000000001,0.6970000000000001,5.0,1.0,16.2,Yes,No,Middle,0.0,Yes,Salle 24,231.0,0.6666666666666667,0.19455985229490028,0.746,0.9860656366780134,1,0,1,1,False,False,False,False,True,False
ENSPD000968,Male,20.0,3,0.7200622083981337,18.0,0.7472160356347438,0.615,0.773,0.0,3.7,22.2,No,Yes,Middle,1.0,Yes,Salle 30,263.0,0.6319444444444444,0.24204450205475428,0.0,0.5818364233587374,1,1,1,0,False,False,False,True,False,False
ENSPD000459,Male,23.0,2,0.5381026438569206,30.0,0.6113585746102449,0.684,0.655,0.0,4.5,24.7,Yes,Yes,Low,2.0,Yes,Salle 6,231.0,0.45972222222222214,0.2599754645009533,0.0,0.9860656366780134,1,1,1,1,False,False,False,False,True,False
ENSPD000232,Male,20.0,5,0.7293934681181958,17.0,0.7761692650334077,0.669,0.633,0.0,2.5,15.9,Yes,Yes,Middle,1.0,Yes,Salle 5,80.0,0.5847222222222221,0.2652705971787309,0.0,0.900740336465212,1,1,1,1,True,False,False,False,False,False
ENSPD002107,Female,19.0,2,0.9657853810264384,2.0,0.6247216035634744,0.337,0.515,2.0,1.2,8.6,Yes,No,Middle,1.0,Yes,Salle 9,231.0,0.35277777777777775,0.5086201562554538,0.3912,0.9860656366780134,0,0,1,1,False,False,False,False,True,False
ENSPD003507,Female,24.0,5,0.7231726283048211,5.0,0.6959910913140313,0.664,0.459,0.0,2.5,11.5,Yes,No,Low,1.0,Yes,Salle 13,80.0,0.4569444444444445,0.33048907195662547,0.0,0.900740336465212,0,0,1,1,True,False,False,False,False,False
ENSPD002929,Female,23.0,4,0.9999999999999999,0.0,0.5846325167037862,0.631,0.5479999999999999,3.0,3.2,21.0,Yes,Yes,Middle,1.0,Yes,Salle 12,230.0,0.49444444444444435,0.4071455099589999,0.6,0.5818364233587374,0,1,1,1,False,False,False,True,False,False
ENSPD002311,Male,27.0,4,0.8724727838258165,8.0,0.5701559020044543,0.49100000000000005,0.658,1.0,3.7,16.0,Yes,No,Middle,0.0,No,Salle 16,230.0,0.47638888888888886,0.37323268833232726,0.18359999999999999,0.5818364233587374,1,0,0,1,False,False,False,True,False,False
ENSPD003844,Male,22.0,2,0.8335925349922239,11.0,0.6113585746102449,0.909,1.0,3.0,5.1,24.5,No,No,Middle,1.0,Yes,Salle 3,298.0,0.9624999999999999,0.16774849475584594,0.5357999999999999,0.5818364233587374,1,0,1,0,False,False,False,True,False,False
ENSPD001249,Female,21.0,5,0.8926905132192845,7.0,0.45991091314031185,0.615,0.308,0.0,1.6,10.6,Yes,No,High,0.0,No,Salle 21,40.0,0.3416666666666667,0.48757185702361583,0.0,0.0,0,0,0,1,False,True,False,False,False,False
ENSPD004760,Other,21.0,4,0.41990668740279935,37.0,0.5679287305122495,0.584,0.624,1.0,1.4,7.5,Yes,No,Middle,1.0,No,Salle 13,178.0,0.4819444444444444,0.2060038682563403,0.1254,0.9860656366780134,2,0,0,1,False,False,False,False,True,False
ENSPD001565,Female,20.0,2,0.505443234836703,32.0,0.8719376391982183,0.452,0.9400000000000001,0.0,1.8,9.0,No,No,Middle,1.0,Yes,Salle 26,231.0,0.7472222222222222,0.14180197542731918,0.0,0.9860656366780134,0,0,1,0,False,False,False,False,True,False
ENSPD001023,Female,21.0,2,0.6438569206842922,23.0,0.4855233853006682,0.836,0.381,2.0,0.6,8.3,No,Yes,High,1.0,Yes,Salle 7,177.0,0.4111111111111111,0.3288567714285142,0.3084,0.6476742668343078,0,1,1,0,False,False,True,False,False,False
ENSPD002158,Male,21.0,3,0.7138413685847588,18.0,0.5913140311804008,0.44,0.542,0.0,2.3,16.4,Yes,No,Middle,0.0,Yes,Salle 28,154.0,0.41527777777777775,0.35376295327553264,0.0,0.7508690441401171,1,0,1,1,False,False,False,False,False,True
ENSPD003190,Female,22.0,2,0.7807153965785382,14.0,0.7216035634743876,0.568,0.74,1.0,0.4,11.5,Yes,No,Low,3.0,Yes,Salle 27,119.0,0.6277777777777779,0.26231323604574897,0.1718,1.0,0,0,1,1,False,False,False,False,False,False
ENSPD002609,Female,22.0,2,0.46345256609642294,34.0,0.4955456570155903,0.45,0.7190000000000001,0.0,0.2,7.8,Yes,No,Middle,0.0,Yes,Salle 3,231.0,0.43333333333333335,0.24544648821712864,0.0,0.9860656366780134,0,0,1,1,False,False,False,False,True,False
ENSPD003157,Female,20.0,2,0.6702954898911352,21.0,0.5835189309576838,0.556,0.304,1.0,2.3,16.9,No,No,Middle,0.0,Yes,Salle 6,231.0,0.2763888888888889,0.4486990274189928,0.1576,0.9860656366780134,0,0,1,0,False,False,False,False,True,False
ENSPD000189,Male,22.0,4,0.6345256609642301,24.0,0.556792873051225,0.588,0.795,3.0,0.1,11.5,Yes,Yes,Middle,2.0,No,Salle 8,230.0,0.5847222222222221,0.23485574523851607,0.459,0.5818364233587374,1,1,0,1,False,False,False,True,False,False
ENSPD002066,Female,19.0,1,0.9999999999999999,0.0,0.9042316258351895,0.621,0.5970000000000001,1.0,0.6,6.3,Yes,No,Middle,1.0,No,Salle 22,248.0,0.6513888888888888,0.3178864963786302,0.2,0.5818364233587374,0,0,0,1,False,False,False,True,False,False
ENSPD001372,Male,22.0,2,0.6143079315707621,25.0,0.5011135857461025,0.78,0.7759999999999999,2.0,2.4,17.1,Yes,No,High,1.0,Yes,Salle 27,161.0,0.6013888888888889,0.22160787200644558,0.3008,0.7508690441401171,1,0,1,1,False,False,False,False,False,True
ENSPD000104,Male,21.0,3,0.5458786936236392,29.0,0.49888641425389757,0.958,0.68,1.0,1.0,10.3,Yes,No,Middle,1.0,Yes,Salle 18,212.0,0.6333333333333333,0.1884768671595156,0.1416,0.9860656366780134,1,0,1,1,False,False,False,False,True,False
ENSPD002972,Male,24.0,4,0.8724727838258165,8.0,0.7360801781737194,0.539,1.0,0.0,2.0,11.1,Yes,No,Low,0.0,Yes,Salle 4,230.0,0.734722222222222,0.24618343683160307,0.0,0.5818364233587374,1,0,1,1,False,False,False,True,False,False
ENSPD004012,Male,19.0,2,0.6687402799377916,21.0,0.6113585746102449,0.756,0.614,3.0,5.1,20.7,Yes,No,High,0.0,Yes,Salle 5,185.0,0.6444444444444444,0.2215818465265134,0.47220000000000006,0.900740336465212,1,0,1,1,True,False,False,False,False,False
ENSPD000174,Male,21.0,2,0.6329704510108866,24.0,0.4587973273942093,0.5710000000000001,1.0,1.0,1.4,15.7,No,No,Middle,1.0,Yes,Salle 29,177.0,0.6458333333333334,0.21030968912131268,0.15280000000000002,0.6476742668343078,1,0,1,0,False,False,True,False,False,False
ENSPD001403,Male,21.0,4,0.7293934681181958,17.0,0.6113585746102449,0.6559999999999999,0.838,0.0,4.4,22.3,Yes,No,Low,1.0,Yes,Salle 23,157.0,0.6875,0.2233494490903666,0.0,0.900740336465212,1,0,1,1,True,False,False,False,False,False
ENSPD001963,Female,20.0,4,0.6065318818040436,25.0,0.6703786191536749,0.551,0.997,1.0,0.0,9.2,Yes,No,Middle,0.0,Yes,Salle 10,157.0,0.7180555555555557,0.17814269384777018,0.1494,0.900740336465212,0,0,1,1,True,False,False,False,False,False
ENSPD003124,Male,20.0,2,0.4774494556765164,34.0,0.6525612472160356,0.713,0.788,1.0,2.5,14.4,Yes,No,Low,1.0,Yes,Salle 16,177.0,0.575,0.18808420740781098,0.1328,0.6476742668343078,1,0,1,1,False,False,True,False,False,False
ENSPD004997,Male,23.0,4,0.6065318818040436,25.0,0.5467706013363028,0.899,0.914,1.0,1.2,12.5,No,No,Low,1.0,Yes,Salle 5,178.0,0.8208333333333333,0.14894559653774006,0.1494,0.9860656366780134,1,0,1,0,False,False,False,False,True,False
ENSPD000463,Female,22.0,3,0.8335925349922239,11.0,0.2761692650334076,0.7759999999999999,0.544,2.0,1.4,9.1,Yes,No,Middle,1.0,Yes,Salle 23,188.0,0.3763888888888889,0.4314564177528263,0.3572,0.900740336465212,0,0,1,1,True,False,False,False,False,False
ENSPD004870,Female,23.0,2,0.7060653188180402,19.0,0.48440979955456576,0.42200000000000004,0.563,2.0,1.4,9.1,No,No,Middle,3.0,Yes,Salle 12,298.0,0.4111111111111111,0.35352256576148966,0.32439999999999997,0.5818364233587374,0,0,1,0,False,False,False,True,False,False
ENSPD003988,Male,19.0,4,0.19595645412130624,52.0,0.1002227171492205,0.19399999999999998,0.41700000000000004,1.0,0.2,7.8,Yes,No,Middle,1.0,No,Salle 6,230.0,0.04444444444444445,0.4491024059838328,0.09659999999999999,0.5818364233587374,1,0,0,1,False,False,False,True,False,False
ENSPD001492,Male,21.0,2,0.7153965785381026,18.0,0.5701559020044543,0.639,0.855,1.0,0.7,7.3,Yes,No,Middle,0.0,Yes,Salle 25,298.0,0.6833333333333333,0.2208349199743513,0.16340000000000002,0.5818364233587374,1,0,1,1,False,False,False,True,False,False
ENSPD004922,Female,19.0,2,0.7869362363919129,14.0,0.8040089086859689,0.6759999999999999,0.401,3.0,3.1,11.5,No,No,Middle,0.0,Yes,Salle 19,298.0,0.4194444444444444,0.3796087229665186,0.5177999999999999,0.5818364233587374,0,0,1,0,False,False,False,True,False,False
ENSPD001313,Male,20.0,2,0.9704510108864696,2.0,0.8173719376391981,0.187,0.459,0.0,3.9,21.4,No,No,High,0.0,Yes,Salle 26,119.0,0.3833333333333333,0.4821682738394629,0.0,1.0,1,0,1,0,False,False,False,False,False,False
ENSPD003865,Male,23.0,1,0.7356143079315708,17.0,0.5868596881959911,0.8150000000000001,0.397,1.0,0.3,14.8,Yes,No,Middle,2.0,No,Salle 1,149.0,0.44027777777777777,0.3456611897949149,0.166,0.6476742668343078,1,0,0,1,False,False,True,False,False,False
ENSPD000379,Female,22.0,4,0.9999999999999999,0.0,0.6146993318485524,0.58,0.63,1.0,1.6,17.1,Yes,No,Low,1.0,Yes,Salle 20,230.0,0.5583333333333333,0.36697010853913403,0.2,0.5818364233587374,0,0,1,1,False,False,False,True,False,False
ENSPD003760,Female,20.0,3,0.5505443234836701,29.0,0.6959910913140313,0.626,0.387,2.0,0.4,11.0,No,No,Middle,1.0,Yes,Salle 28,185.0,0.46944444444444444,0.2595523860190273,0.2844,0.6476742668343078,0,0,1,0,False,False,True,False,False,False
ENSPD003042,Female,21.0,3,0.7729393468118196,15.0,0.5868596881959911,0.61,0.6609999999999999,0.0,0.1,8.1,Yes,No,High,1.0,Yes,Salle 7,154.0,0.5222222222222221,0.31074689698591473,0.0,0.7508690441401171,0,0,1,1,False,False,False,False,False,True
ENSPD002926,Female,20.0,1,0.6982892690513217,19.0,0.3151447661469933,0.41200000000000003,0.439,0.0,1.0,12.0,Yes,No,Low,2.0,Yes,Salle 26,96.0,0.24305555555555558,0.49820074608117904,0.0,1.0,0,0,1,1,False,False,False,False,False,False
ENSPD002799,Other,19.0,1,0.9999999999999999,0.0,0.4788418708240535,0.636,0.578,0.0,2.5,19.0,Yes,No,Middle,1.0,Yes,Salle 12,143.0,0.44861111111111107,0.4400695103363934,0.0,0.900740336465212,2,0,1,1,True,False,False,False,False,False
ENSPD000686,Male,21.0,2,0.9999999999999999,0.0,0.48106904231625836,0.376,0.88,2.0,0.0,0.6,No,No,Middle,0.0,Yes,Salle 26,161.0,0.4916666666666667,0.40903534555561016,0.4,0.7508690441401171,1,0,1,0,False,False,False,False,False,True
ENSPD002666,Male,22.0,1,0.6594090202177293,22.0,0.5801781737193764,0.922,0.7070000000000001,2.0,2.7,11.6,Yes,No,Middle,1.0,Yes,Salle 13,186.0,0.6416666666666667,0.2198279350221398,0.3124,0.9860656366780134,1,0,1,1,False,False,False,False,True,False
ENSPD002462,Female,23.0,4,0.49144634525660946,33.0,0.7271714922048997,0.835,0.374,1.0,1.4,9.3,Yes,Yes,Middle,1.0,Yes,Salle 30,178.0,0.5125,0.2180176881183313,0.1346,0.9860656366780134,0,1,1,1,False,False,False,False,True,False
ENSPD002660,Female,22.0,4,0.6905132192846034,20.0,0.7616926503340756,0.738,0.635,2.0,1.7,14.3,Yes,No,Middle,1.0,No,Salle 17,121.0,0.6402777777777777,0.22975315045364839,0.32039999999999996,0.7508690441401171,0,0,0,1,False,False,False,False,False,True
ENSPD004949,Female,21.0,3,0.8164852255054432,12.0,0.8006681514476615,0.378,0.682,0.0,1.4,18.7,Yes,No,High,2.0,No,Salle 28,212.0,0.6152777777777778,0.2788592238629991,0.0,0.9860656366780134,0,0,0,1,False,False,False,False,True,False
ENSPD002054,Female,22.0,5,0.7698289269051323,15.0,0.28619153674832964,0.706,0.662,2.0,0.2,11.5,Yes,No,Low,1.0,Yes,Salle 8,80.0,0.5111111111111111,0.3157592451453308,0.3408,0.900740336465212,0,0,1,1,True,False,False,False,False,False
ENSPD002837,Other,24.0,1,0.42146189735614303,37.0,0.6815144766146994,0.91,0.529,0.0,0.3,3.5,No,No,High,1.0,Yes,Salle 7,121.0,0.6402777777777777,0.1484734816531116,0.0,0.7508690441401171,2,0,1,0,False,False,False,False,False,True
ENSPD004818,Female,25.0,1,0.7853810264385693,14.0,0.690423162583519,0.818,0.715,3.0,3.9,26.0,No,Yes,Low,0.0,Yes,Salle 21,248.0,0.7541666666666667,0.21556202589172915,0.5172000000000001,0.5818364233587374,0,1,1,0,False,False,False,True,False,False
ENSPD000329,Male,22.0,1,0.8055987558320373,12.0,0.6180400890868597,0.264,0.659,1.0,1.2,17.0,Yes,No,Low,0.0,Yes,Salle 18,186.0,0.41527777777777775,0.389939451669273,0.17500000000000002,0.9860656366780134,1,0,1,1,False,False,False,False,True,False
ENSPD001993,Female,25.0,5,0.9082426127527216,6.0,0.6091314031180401,0.838,0.635,1.0,1.4,0.0,Yes,No,Middle,1.0,Yes,Salle 15,70.0,0.5875,0.32117744187361874,0.1882,0.6476742668343078,0,0,1,1,False,False,True,False,False,False
ENSPD002645,Male,25.0,1,0.7091757387247278,19.0,0.6737193763919822,0.327,0.47600000000000003,1.0,0.3,2.9,No,No,Middle,1.0,Yes,Salle 26,83.0,0.30694444444444435,0.43775786858217436,0.1626,0.0,1,0,1,0,False,True,False,False,False,False
ENSPD004801,Male,22.0,3,0.7776049766718508,14.0,0.27728285077951004,0.616,0.599,1.0,4.6,11.5,Yes,No,Middle,2.0,Yes,Salle 5,212.0,0.2972222222222223,0.4790498683872907,0.1714,0.9860656366780134,1,0,1,1,False,False,False,False,True,False
ENSPD001979,Female,25.0,3,0.5241057542768274,31.0,0.388641425389755,0.8,0.713,2.0,3.4,21.4,Yes,Yes,Middle,0.0,Yes,Salle 16,185.0,0.5083333333333333,0.23128046481590844,0.2776,0.6476742668343078,0,1,1,1,False,False,True,False,False,False
ENSPD003728,Male,22.0,5,0.6920684292379472,20.0,0.5456570155902005,0.9359999999999999,0.506,0.0,0.9,9.2,Yes,No,Low,3.0,Yes,Salle 25,70.0,0.5708333333333333,0.2595230786177679,0.0,0.6476742668343078,1,0,1,1,False,False,True,False,False,False
ENSPD002057,Male,23.0,3,0.7231726283048211,15.0,0.46325167037861914,0.569,0.536,0.0,0.2,1.1,Yes,Yes,Middle,2.0,Yes,Salle 16,188.0,0.35138888888888886,0.4052457100655914,0.0,0.900740336465212,1,1,1,1,True,False,False,False,False,False
ENSPD004495,Female,22.0,3,0.926905132192846,5.0,0.6403118040089087,0.535,0.654,0.0,0.3,6.4,No,No,Low,1.0,No,Salle 22,130.0,0.5111111111111111,0.3705666413988248,0.0,1.0,0,0,0,0,False,False,False,False,False,False
ENSPD004589,Female,20.0,3,0.9362363919129083,4.0,0.5612472160356348,0.8250000000000001,0.668,1.0,0.1,12.0,No,No,Low,2.0,Yes,Salle 26,104.0,0.6583333333333332,0.29568898539408317,0.19180000000000003,0.0,0,0,1,0,False,True,False,False,False,False
ENSPD004789,Male,21.0,5,0.7091757387247278,19.0,0.9008908685968819,0.943,0.521,3.0,0.8,7.3,No,No,Middle,2.0,No,Salle 12,67.0,0.7041666666666668,0.2116149967265085,0.48779999999999996,0.9860656366780134,1,0,0,0,False,False,False,False,True,False
ENSPD000781,Female,22.0,3,0.9999999999999999,0.0,0.8452115812917594,0.466,0.271,2.0,1.4,6.7,No,No,Middle,0.0,Yes,Salle 28,104.0,0.32361111111111107,0.553613858436186,0.4,0.0,0,0,1,0,False,True,False,False,False,False
ENSPD004281,Male,23.0,5,0.5365474339035771,30.0,0.4933184855233853,0.898,0.866,0.0,2.3,11.6,No,No,Middle,2.0,Yes,Salle 24,80.0,0.6777777777777778,0.17087237475857017,0.0,0.900740336465212,1,0,1,0,True,False,False,False,False,False
ENSPD003579,Female,24.0,1,0.5303265940902021,30.0,0.5089086859688196,0.6940000000000001,0.9,1.0,10.2,47.3,Yes,No,High,2.0,Yes,Salle 25,248.0,0.7138888888888888,0.15806269456685015,0.1396,0.5818364233587374,0,0,1,1,False,False,False,True,False,False
ENSPD004868,Male,24.0,5,0.8553654743390359,9.0,0.5356347438752784,0.6920000000000001,0.8440000000000001,2.0,2.4,13.0,Yes,Yes,Middle,2.0,No,Salle 19,80.0,0.7,0.25465833006031646,0.3628,0.900740336465212,1,1,0,1,True,False,False,False,False,False
ENSPD002090,Male,21.0,5,0.44945567651632967,35.0,0.42538975501113585,0.682,0.517,1.0,0.7,10.1,No,No,Low,0.0,Yes,Salle 4,109.0,0.3486111111111111,0.28888975072208845,0.12919999999999998,0.5818364233587374,1,0,1,0,False,False,False,True,False,False
ENSPD001475,Male,21.0,2,0.6376360808709175,23.0,0.38975501113585753,0.49100000000000005,0.47100000000000003,1.0,0.7,11.1,No,No,Middle,1.0,No,Salle 8,161.0,0.3472222222222222,0.37152807452138426,0.1534,0.7508690441401171,1,0,0,0,False,False,False,False,False,True
ENSPD001271,Female,22.0,2,0.7465007776049767,16.0,0.6035634743875279,0.92,0.652,3.0,0.5,17.3,Yes,No,Middle,0.0,Yes,Salle 30,231.0,0.6930555555555555,0.22622464782390658,0.5022000000000001,0.9860656366780134,0,0,1,1,False,False,False,False,True,False
ENSPD003908,Male,21.0,5,0.9564541213063763,3.0,0.522271714922049,1.0,0.674,4.0,1.4,12.0,No,No,Middle,3.0,Yes,Salle 17,60.0,0.6958333333333333,0.2851725957187854,0.7776000000000001,0.7508690441401171,1,0,1,0,False,False,False,False,False,True
ENSPD001236,Male,18.0,1,0.7729393468118196,15.0,0.38975501113585753,0.616,0.358,2.0,6.0,29.7,Yes,No,High,1.0,No,Salle 2,143.0,0.2777777777777778,0.4970637584711055,0.3416,0.900740336465212,1,0,0,1,True,False,False,False,False,False
ENSPD003215,Male,24.0,3,0.44167962674961103,36.0,0.692650334075724,0.804,0.635,1.0,0.5,14.8,Yes,No,High,0.0,No,Salle 27,188.0,0.46805555555555556,0.22021132179105127,0.12819999999999998,0.900740336465212,1,0,0,1,True,False,False,False,False,False
ENSPD001812,Female,19.0,3,0.6469673405909798,23.0,0.4510022271714923,0.612,0.483,0.0,2.4,13.8,Yes,No,Middle,1.0,No,Salle 14,185.0,0.4375,0.3135330933599463,0.0,0.6476742668343078,0,0,0,1,False,False,True,False,False,False
ENSPD002907,Female,27.0,1,0.5863141524105754,27.0,0.7616926503340756,0.93,0.337,1.0,1.8,14.3,Yes,No,Middle,0.0,Yes,Salle 19,248.0,0.5208333333333334,0.24713355934091927,0.1468,0.5818364233587374,0,0,1,1,False,False,False,True,False,False
ENSPD003260,Female,22.0,3,0.41835147744945567,37.0,0.5868596881959911,0.629,0.766,2.0,0.0,6.6,Yes,No,Middle,0.0,Yes,Salle 26,263.0,0.5125,0.19255569285009624,0.2504,0.5818364233587374,0,0,1,1,False,False,False,True,False,False
ENSPD000945,Male,20.0,2,0.7838258164852253,14.0,0.579064587973274,0.514,0.52,0.0,0.1,6.7,Yes,Yes,Low,0.0,Yes,Salle 4,298.0,0.375,0.41185323307732513,0.0,0.5818364233587374,1,1,1,1,False,False,False,True,False,False
ENSPD004323,Female,18.0,1,0.9206842923794712,5.0,0.732739420935412,0.38,0.542,1.0,2.6,11.5,No,No,Low,2.0,Yes,Salle 3,186.0,0.37916666666666665,0.4652720406803502,0.18980000000000002,0.9860656366780134,0,0,1,0,False,False,False,False,True,False
ENSPD004316,Male,22.0,2,0.8678071539657853,8.0,0.8095768374164811,0.7690000000000001,0.61,1.0,0.2,5.0,No,No,Middle,2.0,Yes,Salle 26,298.0,0.7180555555555557,0.25117189086982683,0.183,0.5818364233587374,1,0,1,0,False,False,False,True,False,False
ENSPD002323,Female,21.0,4,0.7262830482115087,18.0,0.645879732739421,0.504,0.635,2.0,7.5,37.4,Yes,No,Low,0.0,No,Salle 14,157.0,0.4736111111111111,0.32163460798387045,0.3296,0.900740336465212,0,0,0,1,True,False,False,False,False,False
ENSPD002542,Female,21.0,1,0.5987558320373251,26.0,0.6113585746102449,0.47700000000000004,0.635,1.0,1.5,11.5,Yes,Yes,Middle,1.0,Yes,Salle 30,121.0,0.5888888888888888,0.22169594075600327,0.1484,0.7508690441401171,0,1,1,1,False,False,False,False,False,True
ENSPD000298,Male,22.0,5,0.37636080870917565,40.0,0.4198218262806236,0.679,0.454,0.0,2.7,14.2,Yes,No,Middle,1.0,No,Salle 14,109.0,0.37222222222222223,0.2434785867874066,0.0,0.5818364233587374,1,0,0,1,False,False,False,True,False,False
ENSPD002991,Male,22.0,1,0.8087091757387247,12.0,0.6414253897550111,0.304,0.488,1.0,1.5,8.5,Yes,No,Middle,1.0,Yes,Salle 24,143.0,0.3902777777777777,0.41003391691767954,0.1754,0.900740336465212,1,0,1,1,True,False,False,False,False,False
ENSPD000357,Male,20.0,1,0.8569206842923794,9.0,0.8530066815144766,0.269,0.41700000000000004,1.0,0.1,9.0,Yes,No,Low,0.0,Yes,Salle 3,149.0,0.37222222222222223,0.44469226850400345,0.1816,0.6476742668343078,1,0,1,1,False,False,True,False,False,False
ENSPD004381,Male,26.0,2,0.8133748055987559,12.0,0.6369710467706015,0.8320000000000001,0.418,2.0,2.8,11.4,Yes,Yes,Low,1.0,Yes,Salle 14,177.0,0.4986111111111111,0.33822540081508046,0.352,0.6476742668343078,1,1,1,1,False,False,True,False,False,False
ENSPD002051,Male,20.0,3,0.6594090202177293,22.0,0.5178173719376392,0.5660000000000001,0.932,0.0,0.9,7.0,Yes,No,Middle,0.0,No,Salle 3,263.0,0.6680555555555555,0.21006400562314984,0.0,0.5818364233587374,1,0,0,1,False,False,False,True,False,False
ENSPD001922,Male,18.0,1,0.864696734059098,9.0,0.6570155902004455,0.578,0.9450000000000001,3.0,0.1,7.7,Yes,Yes,Middle,1.0,Yes,Salle 14,143.0,0.7277777777777776,0.2466276914309836,0.5478,0.900740336465212,1,1,1,1,True,False,False,False,False,False
ENSPD002925,Male,24.0,4,0.880248833592535,8.0,0.40423162583518935,0.748,0.578,3.0,1.6,14.3,Yes,No,Middle,1.0,Yes,Salle 26,230.0,0.5083333333333333,0.3559623456899845,0.5538,0.5818364233587374,1,0,1,1,False,False,False,True,False,False
ENSPD000631,Female,24.0,3,0.7791601866251944,14.0,0.6113585746102449,0.39799999999999996,0.785,0.0,1.3,16.0,Yes,No,Low,1.0,Yes,Salle 19,263.0,0.5083333333333333,0.3205722921667752,0.0,0.5818364233587374,0,0,1,1,False,False,False,True,False,False
ENSPD002023,Female,25.0,3,0.5723172628304821,28.0,0.6982182628062361,0.8590000000000001,0.5700000000000001,2.0,0.8,6.0,Yes,No,Low,1.0,Yes,Salle 25,188.0,0.6805555555555556,0.18036494823546892,0.29,0.900740336465212,0,0,1,1,True,False,False,False,False,False
ENSPD000700,Male,22.0,2,0.7325038880248832,17.0,0.7928730512249444,0.624,0.831,1.0,1.3,9.3,Yes,No,Middle,1.0,No,Salle 9,185.0,0.6944444444444444,0.22171221950060258,0.1656,0.900740336465212,1,0,0,1,True,False,False,False,False,False
ENSPD001036,Female,22.0,2,0.8491446345256609,10.0,0.6080178173719376,0.535,0.617,1.0,3.8,15.1,Yes,No,Low,1.0,Yes,Salle 1,119.0,0.47777777777777775,0.3638513751944158,0.1806,1.0,0,0,1,1,False,False,False,False,False,False
ENSPD001224,Female,24.0,4,0.6205287713841366,24.0,0.8864142538975501,0.22899999999999998,0.635,1.0,5.7,11.5,Yes,No,Low,0.0,Yes,Salle 2,230.0,0.6861111111111111,0.1924661580043827,0.1512,0.5818364233587374,0,0,1,1,False,False,False,True,False,False
ENSPD003357,Female,21.0,1,0.5038880248833592,32.0,0.7694877505567929,0.758,0.635,1.0,5.1,29.3,No,Yes,Middle,1.0,No,Salle 8,149.0,0.4097222222222222,0.27415557491714626,0.1362,0.6476742668343078,0,1,0,0,False,False,True,False,False,False
ENSPD001766,Male,23.0,2,0.7760497667185068,14.0,0.5178173719376392,0.34299999999999997,0.74,1.0,0.5,6.7,Yes,No,Middle,2.0,Yes,Salle 11,71.0,0.4569444444444445,0.35022170764284355,0.1712,0.0,1,0,1,1,False,True,False,False,False,False
ENSPD001811,Female,25.0,2,0.7122861586314152,18.0,0.47438752783964366,0.654,0.828,1.0,6.6,39.2,Yes,Yes,Middle,0.0,Yes,Salle 14,185.0,0.5277777777777778,0.28700956986320214,0.163,0.900740336465212,0,1,1,1,True,False,False,False,False,False
ENSPD001367,Female,20.0,3,0.7293934681181958,17.0,0.6848552338530067,0.616,0.387,2.0,1.1,8.9,No,No,Middle,1.0,Yes,Salle 18,188.0,0.5208333333333334,0.2964814034534624,0.33039999999999997,0.900740336465212,0,0,1,0,True,False,False,False,False,False
ENSPD004513,Male,20.0,1,0.9999999999999999,0.0,0.9788418708240534,0.611,0.528,4.0,1.4,15.2,No,No,Middle,1.0,Yes,Salle 1,96.0,0.7541666666666667,0.2735377854647243,0.8,1.0,1,0,1,0,False,False,False,False,False,False
ENSPD000760,Female,19.0,3,0.525660964230171,30.0,0.6113585746102449,0.397,0.627,1.0,2.0,19.1,Yes,No,Low,0.0,Yes,Salle 9,188.0,0.48749999999999993,0.24156080908033004,0.139,0.900740336465212,0,0,1,1,True,False,False,False,False,False
ENSPD000647,Female,21.0,4,0.9999999999999999,0.0,0.6804008908685969,0.615,0.543,2.0,2.4,14.1,No,No,Middle,2.0,Yes,Salle 19,178.0,0.4625,0.4296863984630329,0.4,0.9860656366780134,0,0,1,0,False,False,False,False,True,False
ENSPD001901,Male,19.0,4,0.5738724727838257,27.0,0.42093541202672613,0.197,0.703,2.0,1.2,11.5,Yes,No,Middle,1.0,Yes,Salle 5,93.0,0.34444444444444444,0.3458761601915157,0.2904,1.0,1,0,1,1,False,False,False,False,False,False
ENSPD003454,Male,18.0,3,0.5738724727838257,27.0,0.7728285077951002,0.79,0.877,0.0,0.3,6.2,Yes,No,Low,1.0,No,Salle 25,130.0,0.7652777777777777,0.15531024572621152,0.0,1.0,1,0,0,1,False,False,False,False,False,False
ENSPD003917,Female,17.0,4,0.7869362363919129,14.0,0.39420935412026725,0.53,0.425,2.0,0.4,11.5,Yes,No,Middle,2.0,Yes,Salle 10,173.0,0.28055555555555556,0.5008495100783436,0.3452,0.6476742668343078,0,0,1,1,False,False,True,False,False,False
ENSPD004557,Female,18.0,5,0.6625194401244167,22.0,0.5824053452115813,0.7000000000000001,1.0,0.0,0.8,11.5,Yes,No,Middle,2.0,No,Salle 14,109.0,0.8083333333333333,0.1666125302209759,0.0,0.5818364233587374,0,0,0,1,False,False,False,True,False,False
ENSPD001967,Male,25.0,4,0.926905132192846,5.0,0.4766146993318485,0.38,0.255,3.0,0.8,8.6,No,No,Middle,0.0,Yes,Salle 26,178.0,0.22777777777777786,0.6369736028380677,0.5718,0.9860656366780134,1,0,1,0,False,False,False,False,True,False
ENSPD004529,Male,22.0,2,0.7231726283048211,19.0,0.5523385300668151,0.564,1.0,0.0,1.7,12.8,No,Yes,Low,2.0,Yes,Salle 26,298.0,0.6763888888888889,0.22565411180181902,0.0,0.5818364233587374,1,1,1,0,False,False,False,True,False,False
ENSPD001784,Female,20.0,3,0.7729393468118196,15.0,0.4866369710467706,0.924,0.36100000000000004,2.0,0.7,4.3,No,No,Middle,1.0,Yes,Salle 7,188.0,0.47916666666666674,0.33531712262554736,0.3416,0.900740336465212,0,0,1,0,True,False,False,False,False,False
ENSPD000794,Female,24.0,2,0.76049766718507,15.0,0.6636971046770601,0.7759999999999999,0.627,1.0,5.7,34.4,Yes,No,Middle,0.0,Yes,Salle 4,298.0,0.6444444444444444,0.249182021102244,0.1692,0.5818364233587374,0,0,1,1,False,False,False,True,False,False
ENSPD001019,Female,21.0,4,0.7216174183514773,18.0,0.544543429844098,0.7190000000000001,0.87,0.0,0.1,7.4,Yes,Yes,High,0.0,Yes,Salle 25,157.0,0.6486111111111111,0.2358386911401745,0.0,0.900740336465212,0,1,1,1,True,False,False,False,False,False
ENSPD000850,Female,21.0,2,0.41213063763608093,38.0,0.8318485523385302,0.741,0.8790000000000001,1.0,6.9,29.1,No,Yes,Low,0.0,Yes,Salle 5,161.0,0.7694444444444444,0.11107759377920459,0.12440000000000001,0.7508690441401171,0,1,1,0,False,False,False,False,False,True
ENSPD001791,Male,24.0,1,0.8195956454121308,12.0,0.953229398663697,0.526,0.521,0.0,2.8,18.3,Yes,No,Low,2.0,No,Salle 14,248.0,0.5611111111111111,0.3059711173731108,0.0,0.5818364233587374,1,0,0,1,False,False,False,True,False,False
ENSPD002209,Male,26.0,1,0.7729393468118196,15.0,0.6447661469933185,0.9540000000000001,0.7140000000000001,1.0,0.5,11.5,No,Yes,Middle,1.0,Yes,Salle 21,121.0,0.7611111111111111,0.20990125664819356,0.1708,0.7508690441401171,1,1,1,0,False,False,False,False,False,True
ENSPD002174,Female,20.0,4,0.405909797822706,38.0,0.5746102449888641,0.55,0.603,2.0,1.3,12.3,Yes,No,Low,1.0,Yes,Salle 8,178.0,0.513888888888889,0.18766559319385398,0.2472,0.9860656366780134,0,0,1,1,False,False,False,False,True,False
ENSPD003091,Male,23.0,3,0.7200622083981337,18.0,0.8207126948775056,0.877,0.47600000000000003,3.0,0.9,10.3,Yes,No,Middle,1.0,Yes,Salle 22,188.0,0.6041666666666667,0.2536973013989925,0.492,0.900740336465212,1,0,1,1,True,False,False,False,False,False
ENSPD000683,Male,23.0,4,0.4385692068429238,36.0,0.5868596881959911,0.8240000000000001,1.0,0.0,0.6,12.3,Yes,No,Middle,1.0,Yes,Salle 10,173.0,0.7458333333333333,0.12397112062612617,0.0,0.6476742668343078,1,0,1,1,False,False,True,False,False,False
ENSPD004595,Male,23.0,3,0.7558320373250388,16.0,0.7917594654788419,0.37200000000000005,0.402,0.0,0.9,15.1,No,No,Low,2.0,Yes,Salle 6,212.0,0.3138888888888889,0.452705430801449,0.0,0.9860656366780134,1,0,1,0,False,False,False,False,True,False
ENSPD004121,Male,19.0,2,0.7278382581648523,18.0,0.6258351893095769,0.616,0.47000000000000003,2.0,1.4,16.4,Yes,No,Middle,1.0,Yes,Salle 13,177.0,0.4305555555555556,0.34901491702604026,0.33,0.6476742668343078,1,0,1,1,False,False,True,False,False,False
ENSPD001042,Female,22.0,1,0.6811819595645411,20.0,0.5211581291759466,0.36200000000000004,0.55,0.0,1.5,16.2,No,No,Middle,3.0,Yes,Salle 22,248.0,0.36249999999999993,0.378459776836663,0.0,0.5818364233587374,0,0,1,0,False,False,False,True,False,False
ENSPD004291,Male,18.0,4,0.9999999999999999,0.0,0.44654788418708236,0.61,0.604,4.0,1.2,13.9,No,No,Middle,1.0,Yes,Salle 7,178.0,0.4930555555555556,0.4080888180168666,0.8,0.9860656366780134,1,0,1,0,False,False,False,False,True,False
ENSPD001323,Female,24.0,5,0.7231726283048211,14.0,0.6113585746102449,0.489,0.5770000000000001,1.0,0.2,7.5,Yes,No,Middle,0.0,Yes,Salle 12,67.0,0.5180555555555555,0.2957934059608126,0.16440000000000002,0.9860656366780134,0,0,1,1,False,False,False,False,True,False
ENSPD002104,Female,21.0,2,0.9999999999999999,0.0,0.534521158129176,0.616,0.44200000000000006,2.0,0.1,7.1,Yes,Yes,Middle,2.0,No,Salle 16,119.0,0.40694444444444444,0.47359212821833185,0.4,1.0,0,1,0,1,False,False,False,False,False,False
ENSPD001596,Male,21.0,4,0.4961119751166406,32.0,0.5634743875278396,0.53,0.36200000000000004,1.0,0.0,7.2,Yes,No,Low,2.0,Yes,Salle 11,157.0,0.3638888888888888,0.2989657174883188,0.1352,0.900740336465212,1,0,1,1,True,False,False,False,False,False
ENSPD003284,Female,20.0,2,0.500777604976672,32.0,0.5712694877505569,0.628,0.5479999999999999,2.0,9.9,49.3,No,No,Middle,1.0,Yes,Salle 11,161.0,0.35,0.3101892419439095,0.2716,0.7508690441401171,0,0,1,0,False,False,False,False,False,True
ENSPD001040,Male,24.0,2,0.6905132192846034,20.0,0.8964365256124722,0.816,0.613,1.0,2.2,9.9,Yes,Yes,Middle,1.0,Yes,Salle 26,231.0,0.7305555555555554,0.1974821498145187,0.16019999999999998,0.9860656366780134,1,1,1,1,False,False,False,False,True,False
ENSPD000038,Male,20.0,4,0.9097978227060654,6.0,0.4543429844097996,0.8270000000000001,0.7190000000000001,2.0,1.9,14.5,No,No,Low,1.0,Yes,Salle 22,157.0,0.6708333333333333,0.2823807440466777,0.3768,0.900740336465212,1,0,1,0,True,False,False,False,False,False
ENSPD004173,Male,20.0,4,0.6438569206842922,23.0,0.43207126948775054,0.616,0.886,2.0,2.3,15.6,No,No,Middle,1.0,Yes,Salle 16,178.0,0.6583333333333332,0.2089883647997867,0.3084,0.9860656366780134,1,0,1,0,False,False,False,False,True,False
ENSPD003201,Male,22.0,2,0.9502332814930016,3.0,0.5545657015590201,0.5810000000000001,0.24100000000000002,0.0,0.0,0.4,No,No,Low,0.0,No,Salle 3,161.0,0.375,0.4812515748585212,0.0,0.7508690441401171,1,0,0,0,False,False,False,False,False,True
ENSPD003883,Female,24.0,4,0.6189735614307931,24.0,0.801781737193764,0.802,0.797,4.0,11.8,42.4,Yes,No,Middle,5.0,Yes,Salle 24,173.0,0.7124999999999999,0.18338240429563127,0.604,0.6476742668343078,0,0,1,1,False,False,True,False,False,False
ENSPD000254,Male,21.0,5,0.7185069984447902,18.0,0.5913140311804008,0.902,0.763,1.0,1.3,5.7,No,Yes,Low,0.0,Yes,Salle 24,109.0,0.726388888888889,0.2066116446794042,0.1638,0.5818364233587374,1,1,1,0,False,False,False,True,False,False
ENSPD001445,Female,25.0,1,0.671850699844479,21.0,0.9198218262806237,0.401,0.467,0.0,10.2,35.1,Yes,No,Middle,2.0,Yes,Salle 14,143.0,0.5361111111111111,0.2691021000689894,0.0,0.900740336465212,0,0,1,1,True,False,False,False,False,False
ENSPD001415,Male,19.0,3,0.6314152410575428,24.0,0.6135857461024499,0.809,0.371,0.0,0.0,6.5,Yes,No,Middle,3.0,Yes,Salle 28,212.0,0.4569444444444445,0.2962471453246588,0.0,0.9860656366780134,1,0,1,1,False,False,False,False,True,False
ENSPD001335,Female,19.0,1,0.9999999999999999,0.0,0.7383073496659243,0.669,0.609,0.0,2.2,14.4,Yes,No,Middle,2.0,Yes,Salle 26,96.0,0.5888888888888888,0.34974751436067,0.0,1.0,0,0,1,1,False,False,False,False,False,False
ENSPD001723,Male,21.0,4,0.7947122861586314,13.0,0.6247216035634744,0.618,0.958,1.0,1.9,5.6,Yes,No,Middle,1.0,Yes,Salle 23,173.0,0.7361111111111112,0.22430392894943954,0.1736,0.6476742668343078,1,0,1,1,False,False,True,False,False,False
ENSPD004756,Female,19.0,3,0.7278382581648523,18.0,0.34743875278396436,0.11800000000000001,0.779,0.0,4.9,23.6,Yes,No,Middle,1.0,Yes,Salle 23,263.0,0.275,0.47809914075750093,0.0,0.5818364233587374,0,0,1,1,False,False,False,True,False,False
ENSPD002485,Male,20.0,5,0.7931570762052876,13.0,0.7561247216035635,0.726,0.555,2.0,3.8,21.1,Yes,No,Low,0.0,Yes,Salle 25,67.0,0.6222222222222222,0.268548921858765,0.3468,0.9860656366780134,1,0,1,1,False,False,False,False,True,False
ENSPD000599,Male,20.0,3,0.9999999999999999,0.0,0.7249443207126949,0.858,0.444,1.0,0.0,0.0,Yes,No,High,0.0,Yes,Salle 24,154.0,0.5666666666666667,0.3621556106394114,0.2,0.7508690441401171,1,0,1,1,False,False,False,False,False,True
ENSPD003639,Male,24.0,3,0.6609642301710731,22.0,0.5835189309576838,0.5710000000000001,0.7959999999999999,2.0,4.4,21.0,Yes,No,Middle,1.0,Yes,Salle 6,185.0,0.5472222222222223,0.26014914951309176,0.3128,0.6476742668343078,1,0,1,1,False,False,True,False,False,False
ENSPD003491,Male,23.0,4,0.5769828926905131,27.0,0.5556792873051225,0.578,0.978,1.0,0.8,13.5,Yes,No,Middle,1.0,Yes,Salle 14,173.0,0.6749999999999999,0.183546745969034,0.1456,0.6476742668343078,1,0,1,1,False,False,True,False,False,False
ENSPD000193,Female,22.0,4,0.7231726283048211,48.0,0.5256124721603563,0.59,0.47700000000000004,2.0,1.7,7.3,Yes,No,High,0.0,Yes,Salle 23,93.0,0.3916666666666666,0.37411178303376746,0.32880000000000004,1.0,0,0,1,1,False,False,False,False,False,False
ENSPD001216,Male,28.0,4,0.6687402799377916,21.0,0.1893095768374165,0.868,0.474,1.0,0.8,11.5,Yes,No,Middle,0.0,Yes,Salle 16,93.0,0.41388888888888886,0.3368917706260992,0.1574,1.0,1,0,1,1,False,False,False,False,False,False
ENSPD001338,Female,22.0,5,0.5443234836702956,29.0,0.39420935412026725,0.644,0.696,1.0,0.7,13.1,No,Yes,Middle,1.0,Yes,Salle 2,48.0,0.5486111111111112,0.2205544722900181,0.1414,1.0,0,1,1,0,False,False,False,False,False,False
ENSPD004981,Female,20.0,4,0.9999999999999999,0.0,0.7026726057906458,0.298,0.9009999999999999,0.0,1.3,11.5,Yes,No,Low,1.0,No,Salle 27,178.0,0.6902777777777778,0.3000470454648235,0.0,0.9860656366780134,0,0,0,1,False,False,False,False,True,False
ENSPD002527,Male,23.0,5,0.6205287713841366,24.0,0.5356347438752784,0.66,0.544,0.0,4.3,23.9,Yes,Yes,Middle,2.0,Yes,Salle 26,70.0,0.39722222222222214,0.3286067785323441,0.0,0.6476742668343078,1,1,1,1,False,False,True,False,False,False
ENSPD000326,Female,18.0,2,0.6065318818040436,25.0,0.5501113585746102,0.272,0.635,4.0,0.1,5.3,Yes,No,Middle,0.0,No,Salle 15,177.0,0.2069444444444445,0.49178206510501665,0.5976,0.6476742668343078,0,0,0,1,False,False,True,False,False,False
ENSPD004353,Male,24.0,4,0.6065318818040436,25.0,0.7160356347438753,0.668,0.8150000000000001,0.0,1.4,11.5,Yes,No,Middle,1.0,No,Salle 18,121.0,0.6708333333333333,0.19358388004952068,0.0,0.7508690441401171,1,0,0,1,False,False,False,False,False,True
ENSPD003467,Male,18.0,4,0.7853810264385693,14.0,0.23162583518930957,0.649,0.568,0.0,2.5,16.4,Yes,No,Middle,1.0,No,Salle 3,230.0,0.36111111111111116,0.4238651920607256,0.0,0.5818364233587374,1,0,0,1,False,False,False,True,False,False
ENSPD004667,Male,17.0,3,0.5381026438569206,30.0,0.579064587973274,0.49100000000000005,0.965,2.0,0.5,2.3,Yes,No,Middle,1.0,Yes,Salle 24,130.0,0.6402777777777777,0.18371033228918246,0.2812,1.0,1,0,1,1,False,False,False,False,False,False
ENSPD003650,Other,23.0,4,0.5349922239502333,30.0,0.7238307349665924,0.756,0.506,1.0,0.0,4.2,Yes,No,Low,1.0,No,Salle 30,173.0,0.5305555555555556,0.2251459540259759,0.1402,0.6476742668343078,2,0,0,1,False,False,True,False,False,False
ENSPD004430,Female,20.0,3,0.7231726283048211,16.0,0.5300668151447662,0.826,0.5660000000000001,0.0,4.6,24.1,Yes,No,Middle,1.0,Yes,Salle 21,154.0,0.5916666666666666,0.26016179971041653,0.0,0.7508690441401171,0,0,1,1,False,False,False,False,False,True
ENSPD000747,Male,19.0,4,0.8755832037325039,8.0,0.38195991091314035,0.556,0.342,1.0,5.3,11.5,Yes,No,Middle,1.0,No,Salle 28,121.0,0.3680555555555556,0.45612258534065575,0.184,0.7508690441401171,1,0,0,1,False,False,False,False,False,True
ENSPD000801,Female,22.0,1,0.9253499222395024,5.0,0.5913140311804008,0.48200000000000004,0.635,2.0,5.2,31.0,Yes,No,Middle,0.0,Yes,Salle 2,143.0,0.4986111111111111,0.37789100387318975,0.3808,0.900740336465212,0,0,1,1,True,False,False,False,False,False
ENSPD003533,Male,22.0,2,0.6500777604976672,22.0,0.755011135857461,0.42100000000000004,0.72,1.0,4.3,15.9,Yes,No,Middle,1.0,Yes,Salle 24,177.0,0.5638888888888889,0.2489268525350027,0.155,0.6476742668343078,1,0,1,1,False,False,True,False,False,False
ENSPD003480,Male,22.0,1,0.671850699844479,21.0,0.5077951002227171,0.6940000000000001,0.89,0.0,0.4,4.1,No,No,Middle,2.0,Yes,Salle 7,96.0,0.6124999999999999,0.23513134985294656,0.0,1.0,1,0,1,0,False,False,False,False,False,False
ENSPD003957,Female,19.0,4,0.5038880248833592,32.0,0.6570155902004455,0.633,0.718,0.0,2.8,18.3,No,No,Middle,3.0,Yes,Salle 17,178.0,0.5958333333333332,0.18886347502124237,0.0,0.9860656366780134,0,0,1,0,False,False,False,False,True,False
ENSPD004108,Male,22.0,1,0.749611197511664,16.0,0.6325167037861915,0.33,0.562,1.0,0.5,7.4,Yes,No,Middle,0.0,Yes,Salle 20,186.0,0.4013888888888889,0.3777397821742714,0.1678,0.9860656366780134,1,0,1,1,False,False,False,False,True,False
ENSPD002881,Male,20.0,4,0.44323483670295494,36.0,0.47327394209354123,0.9059999999999999,0.902,4.0,0.6,12.4,Yes,No,Middle,1.0,Yes,Salle 18,93.0,0.6805555555555556,0.1429357991406692,0.5136000000000001,1.0,1,0,1,1,False,False,False,False,False,False
ENSPD000772,Female,23.0,2,0.9999999999999999,0.0,0.6024498886414253,0.7240000000000001,0.752,0.0,1.9,9.5,Yes,No,High,4.0,Yes,Salle 17,161.0,0.6888888888888889,0.30066053914402013,0.0,0.7508690441401171,0,0,1,1,False,False,False,False,False,True
ENSPD002657,Female,18.0,2,0.7231726283048211,25.0,0.4142538975501113,0.616,0.5720000000000001,3.0,1.4,16.2,Yes,No,Middle,0.0,Yes,Salle 2,298.0,0.4208333333333333,0.3536735585458832,0.4932000000000001,0.5818364233587374,0,0,1,1,False,False,False,True,False,False
ENSPD000986,Male,22.0,4,0.8818040435458788,8.0,0.7661469933184856,0.534,0.44799999999999995,1.0,0.8,1.2,No,No,Middle,0.0,No,Salle 15,70.0,0.5319444444444444,0.34260044481607743,0.18480000000000002,0.0,1,0,0,0,False,True,False,False,False,False
ENSPD004646,Female,18.0,3,0.9657853810264384,2.0,0.4242761692650334,0.308,0.614,1.0,3.8,17.6,Yes,No,Low,0.0,No,Salle 2,185.0,0.3736111111111111,0.4890034963806841,0.1956,0.6476742668343078,0,0,0,1,False,False,True,False,False,False
ENSPD003262,Male,20.0,3,0.6531881804043546,22.0,0.6636971046770601,0.626,0.958,2.0,0.3,3.3,Yes,No,Middle,0.0,Yes,Salle 11,185.0,0.7291666666666667,0.18761416358772662,0.3108,0.6476742668343078,1,0,1,1,False,False,True,False,False,False
ENSPD002780,Male,24.0,1,0.7651632970451011,15.0,0.6224944320712694,0.785,0.62,1.0,1.3,6.1,Yes,No,Middle,2.0,Yes,Salle 1,96.0,0.6625000000000001,0.24330318692413241,0.1698,1.0,1,0,1,1,False,False,False,False,False,False
ENSPD001513,Female,24.0,2,0.47433903576982883,34.0,0.8385300668151447,0.616,0.5660000000000001,0.0,0.8,6.0,Yes,No,Middle,0.0,Yes,Salle 20,231.0,0.6541666666666666,0.16002328318700174,0.0,0.9860656366780134,0,0,1,1,False,False,False,False,True,False
ENSPD000713,Male,23.0,3,0.9999999999999999,0.0,0.7160356347438753,0.613,0.373,2.0,4.9,25.8,Yes,No,Middle,1.0,Yes,Salle 8,154.0,0.36944444444444435,0.5072157171474583,0.4,0.7508690441401171,1,0,1,1,False,False,False,False,False,True
ENSPD004181,Male,23.0,1,0.21772939346811815,18.0,0.6113585746102449,0.405,0.6609999999999999,2.0,5.0,11.5,Yes,No,Middle,1.0,Yes,Salle 19,177.0,0.29861111111111116,0.21543135207769396,0.1988,0.9860656366780134,1,0,1,1,False,False,False,False,True,False
ENSPD002768,Male,21.0,4,0.8444790046656298,10.0,0.6681514476614699,0.7040000000000001,1.0,0.0,1.3,11.2,Yes,No,Middle,1.0,Yes,Salle 13,173.0,0.7597222222222222,0.22958488804507884,0.0,0.6476742668343078,1,0,1,1,False,False,True,False,False,False
ENSPD003847,Female,22.0,2,0.9548989113530325,3.0,0.6113585746102449,0.7340000000000001,0.6709999999999999,1.0,1.4,14.7,Yes,No,Middle,1.0,Yes,Salle 16,185.0,0.5611111111111111,0.3505091663086366,0.19419999999999998,0.900740336465212,0,0,1,1,True,False,False,False,False,False
ENSPD002529,Male,22.0,5,0.7231726283048211,16.0,0.7728285077951002,0.392,0.42700000000000005,3.0,0.6,7.8,Yes,No,Middle,1.0,Yes,Salle 6,109.0,0.4527777777777777,0.33305393970286545,0.4932000000000001,0.5818364233587374,1,0,1,1,False,False,False,True,False,False
ENSPD003953,Female,18.0,4,0.8895800933125974,7.0,0.6971046770601336,0.765,0.47700000000000004,1.0,3.1,13.1,Yes,No,Low,1.0,Yes,Salle 29,178.0,0.5166666666666666,0.3542045624064738,0.18580000000000002,0.9860656366780134,0,0,1,1,False,False,False,False,True,False
ENSPD004906,Male,22.0,1,0.3530326594090202,42.0,0.8173719376391981,0.595,0.8240000000000001,4.0,1.7,9.4,No,No,Middle,2.0,Yes,Salle 10,121.0,0.6194444444444444,0.1338714961638188,0.4672,0.7508690441401171,1,0,1,0,False,False,False,False,False,True
ENSPD003682,Male,21.0,3,0.6594090202177293,22.0,0.5501113585746102,0.865,0.511,3.0,0.6,7.5,Yes,No,Low,0.0,Yes,Salle 11,263.0,0.5305555555555556,0.2675679076197637,0.46859999999999996,0.5818364233587374,1,0,1,1,False,False,False,True,False,False
ENSPD003280,Female,17.0,1,0.7231726283048211,29.0,0.8808463251670379,0.793,0.855,1.0,2.0,9.4,No,No,Middle,3.0,Yes,Salle 4,186.0,0.8222222222222222,0.1782218296396594,0.16440000000000002,0.9860656366780134,0,0,1,0,False,False,False,False,True,False
ENSPD002162,Female,23.0,4,0.5816485225505442,27.0,0.6258351893095769,0.342,1.0,1.0,0.3,5.1,No,Yes,Low,2.0,No,Salle 4,230.0,0.7055555555555555,0.1750522283517926,0.1462,0.5818364233587374,0,1,0,0,False,False,False,True,False,False
ENSPD001035,Male,25.0,2,0.9253499222395024,5.0,0.23942093541202675,0.507,0.601,1.0,1.2,11.1,No,Yes,Middle,1.0,No,Salle 16,161.0,0.36111111111111116,0.4834240604783918,0.1904,0.7508690441401171,1,1,0,0,False,False,False,False,False,True
ENSPD004336,Male,24.0,3,0.9673405909797824,2.0,0.3418708240534521,0.9,0.8,1.0,0.8,11.8,No,No,High,2.0,Yes,Salle 18,104.0,0.6208333333333333,0.3228656186965,0.1958,0.0,1,0,1,0,False,True,False,False,False,False
ENSPD000031,Female,23.0,1,0.47900466562986,34.0,0.7082405345211581,0.555,0.424,2.0,2.0,12.6,Yes,No,Middle,0.0,No,Salle 10,186.0,0.4,0.26980116647576513,0.266,0.9860656366780134,0,0,0,1,False,False,False,False,True,False
ENSPD003102,Female,19.0,1,0.3079315707620528,44.0,0.8853006681514477,0.9890000000000001,0.38799999999999996,1.0,0.8,3.9,No,No,Low,3.0,Yes,Salle 20,248.0,0.5305555555555556,0.14772588871731343,0.111,0.5818364233587374,0,0,1,0,False,False,False,True,False,False
ENSPD001383,Female,22.0,2,0.7231726283048211,28.0,0.7026726057906458,0.7090000000000001,0.498,1.0,1.1,11.6,No,No,High,1.0,No,Salle 6,298.0,0.5888888888888888,0.26140185505202396,0.16440000000000002,0.5818364233587374,0,0,0,0,False,False,False,True,False,False
ENSPD002187,Female,20.0,1,0.7620528771384137,15.0,0.623608017817372,0.499,0.5870000000000001,0.0,0.5,0.6,Yes,Yes,Low,1.0,Yes,Salle 5,186.0,0.4902777777777778,0.3248311960013649,0.0,0.9860656366780134,0,1,1,1,False,False,False,False,True,False
ENSPD001805,Male,21.0,3,0.7262830482115087,18.0,0.6269487750556793,0.479,0.6070000000000001,3.0,0.4,5.9,Yes,No,Middle,0.0,No,Salle 11,263.0,0.4986111111111111,0.30737437621432884,0.49440000000000006,0.5818364233587374,1,0,0,1,False,False,False,True,False,False
ENSPD000029,Female,21.0,1,0.3608087091757387,41.0,0.5902004454342985,0.498,0.633,1.0,1.0,13.2,Yes,No,Low,1.0,No,Salle 30,186.0,0.45833333333333337,0.19465422618947906,0.1178,0.9860656366780134,0,0,0,1,False,False,False,False,True,False
ENSPD003192,Female,22.0,3,0.8164852255054432,12.0,0.5701559020044543,0.551,0.9390000000000001,1.0,0.5,7.2,Yes,No,Middle,1.0,Yes,Salle 10,212.0,0.7152777777777779,0.23785338470636933,0.1764,0.9860656366780134,0,0,1,1,False,False,False,False,True,False
ENSPD003267,Male,19.0,3,0.8678071539657853,8.0,0.41091314031180404,0.616,1.0,2.0,0.3,2.5,Yes,Yes,Low,1.0,Yes,Salle 20,188.0,0.7416666666666665,0.24234457976561144,0.366,0.900740336465212,1,1,1,1,True,False,False,False,False,False
ENSPD001096,Male,21.0,2,0.7558320373250388,16.0,0.5979955456570156,0.6409999999999999,0.736,2.0,0.3,3.3,No,Yes,Low,1.0,Yes,Salle 20,185.0,0.5680555555555554,0.2816156327486721,0.3372,0.900740336465212,1,1,1,0,True,False,False,False,False,False
ENSPD003854,Female,24.0,1,0.9517884914463454,3.0,0.3218262806236081,0.888,0.5720000000000001,1.0,0.5,5.3,No,No,Middle,1.0,Yes,Salle 21,96.0,0.5527777777777778,0.35420969967390104,0.19380000000000003,1.0,0,0,1,0,False,False,False,False,False,False
ENSPD000547,Male,24.0,1,0.9673405909797824,2.0,0.9342984409799555,0.545,0.603,3.0,3.2,20.8,Yes,No,Middle,3.0,Yes,Salle 6,143.0,0.6208333333333333,0.3228656186965,0.5874000000000001,0.900740336465212,1,0,1,1,True,False,False,False,False,False
ENSPD002530,Other,21.0,1,0.7838258164852253,14.0,0.7694877505567929,0.35100000000000003,0.6709999999999999,1.0,1.0,8.2,No,No,Middle,1.0,Yes,Salle 7,143.0,0.4638888888888889,0.3487092558330058,0.1722,0.900740336465212,2,0,1,0,True,False,False,False,False,False
ENSPD001461,Male,23.0,2,0.9642301710730948,2.0,0.4621380846325167,0.498,0.833,1.0,0.7,3.8,No,Yes,Middle,1.0,Yes,Salle 28,298.0,0.6013888888888889,0.3317693938520011,0.19540000000000002,0.5818364233587374,1,1,1,0,False,False,False,True,False,False
ENSPD002273,Male,20.0,4,0.7356143079315708,17.0,0.7739420935412027,0.6729999999999999,0.541,2.0,0.5,0.0,No,No,Middle,1.0,Yes,Salle 3,173.0,0.6194444444444444,0.2520053762731308,0.332,0.6476742668343078,1,0,1,0,False,False,True,False,False,False
ENSPD001904,Male,21.0,3,0.5178849144634526,31.0,0.5846325167037862,0.37700000000000006,0.7809999999999999,2.0,2.4,16.1,Yes,No,Low,1.0,Yes,Salle 2,212.0,0.5333333333333333,0.2181249831654379,0.276,0.9860656366780134,1,0,1,1,False,False,False,False,True,False
ENSPD003300,Female,21.0,3,0.9051321928460342,6.0,0.7728285077951002,0.74,0.34,3.0,2.5,13.6,Yes,No,Middle,1.0,Yes,Salle 19,212.0,0.525,0.3546163649752294,0.5634000000000001,0.9860656366780134,0,0,1,1,False,False,False,False,True,False
ENSPD000362,Female,23.0,4,0.9999999999999999,0.0,0.38195991091314035,0.8540000000000001,0.784,1.0,2.4,8.9,No,No,Middle,0.0,Yes,Salle 27,178.0,0.6416666666666667,0.3225712801056463,0.2,0.9860656366780134,0,0,1,0,False,False,False,False,True,False
ENSPD003371,Male,22.0,1,0.7853810264385693,14.0,0.1804008908685969,0.51,0.48200000000000004,0.0,1.4,41.4,Yes,No,Low,1.0,Yes,Salle 16,96.0,0.1972222222222222,0.6038440464921472,0.0,1.0,1,0,1,1,False,False,False,False,False,False
ENSPD000761,Male,23.0,1,0.7278382581648523,18.0,0.5657015590200446,0.41600000000000004,0.541,2.0,3.0,8.0,Yes,No,Low,0.0,No,Salle 29,248.0,0.3402777777777778,0.4165483128026154,0.33,0.5818364233587374,1,0,0,1,False,False,False,True,False,False
ENSPD000822,Male,23.0,3,0.5692068429237945,28.0,0.6670378619153674,0.738,0.358,3.0,1.5,11.5,Yes,No,Middle,1.0,Yes,Salle 3,263.0,0.4569444444444445,0.27303227981146105,0.43379999999999996,0.5818364233587374,1,0,1,1,False,False,False,True,False,False
ENSPD001022,Male,23.0,2,0.9300155520995333,4.0,0.5434298440979956,0.726,0.775,2.0,0.2,0.0,No,No,Low,2.0,No,Salle 13,185.0,0.7166666666666666,0.26911478978066916,0.382,0.900740336465212,1,0,0,0,True,False,False,False,False,False
ENSPD001767,Female,20.0,2,0.6236391912908242,24.0,0.4933184855233853,0.35600000000000004,0.757,0.0,1.3,14.5,Yes,No,Low,2.0,Yes,Salle 7,185.0,0.38611111111111107,0.3373374486571048,0.0,0.900740336465212,0,0,1,1,True,False,False,False,False,False
ENSPD001434,Female,23.0,2,0.7667185069984447,15.0,0.5100222717149221,0.789,0.494,3.0,5.2,22.5,No,No,Low,0.0,No,Salle 29,161.0,0.5166666666666666,0.3116193125001886,0.51,0.7508690441401171,0,0,0,0,False,False,False,False,False,True
ENSPD004375,Male,22.0,2,0.6111975116640745,25.0,0.6369710467706015,0.74,0.435,3.0,1.4,20.7,Yes,No,Middle,0.0,No,Salle 5,161.0,0.49722222222222223,0.26730726151880846,0.45,0.7508690441401171,1,0,0,1,False,False,False,False,False,True
ENSPD000743,Female,20.0,4,0.6594090202177293,22.0,0.4265033407572383,0.659,0.613,5.0,1.4,34.3,Yes,No,Middle,4.0,Yes,Salle 12,70.0,0.4652777777777778,0.30189732507857814,0.781,0.0,0,0,1,1,False,True,False,False,False,False
ENSPD004170,Male,18.0,1,0.8102643856920683,12.0,0.4309576837416481,0.755,0.912,2.0,0.1,6.4,Yes,No,Middle,0.0,Yes,Salle 16,248.0,0.6875,0.24663776010532742,0.3512,0.5818364233587374,1,0,1,1,False,False,False,True,False,False
ENSPD002595,Male,20.0,2,0.906687402799378,6.0,0.7383073496659243,0.706,0.44799999999999995,3.0,0.8,8.8,Yes,No,Middle,2.0,No,Salle 22,119.0,0.525,0.35515011660389273,0.5640000000000001,1.0,1,0,0,1,False,False,False,False,False,False
ENSPD000065,Male,17.0,1,0.8009331259720062,13.0,0.6046770601336303,0.7440000000000001,0.8009999999999999,2.0,1.9,16.9,Yes,No,Low,1.0,Yes,Salle 21,248.0,0.6916666666666667,0.24234574178301035,0.3488,0.5818364233587374,1,0,1,1,False,False,False,True,False,False
ENSPD004802,Male,24.0,4,0.3483670295489891,42.0,0.4621380846325167,0.667,0.79,1.0,0.1,6.0,Yes,No,Middle,0.0,No,Salle 21,178.0,0.5694444444444444,0.14807610319977313,0.11620000000000001,0.9860656366780134,1,0,0,1,False,False,False,False,True,False
ENSPD001392,Male,24.0,3,0.9533437013996889,3.0,0.6302895322939867,0.34600000000000003,0.9159999999999999,1.0,1.4,14.5,Yes,No,Middle,0.0,Yes,Salle 27,188.0,0.5263888888888889,0.37031530213307584,0.194,0.900740336465212,1,0,1,1,True,False,False,False,False,False
ENSPD003864,Male,21.0,2,0.7651632970451011,15.0,0.5423162583518931,0.249,0.998,0.0,0.8,5.5,Yes,No,High,1.0,Yes,Salle 23,185.0,0.575,0.28132549509345695,0.0,0.900740336465212,1,0,1,1,True,False,False,False,False,False
ENSPD001306,Female,19.0,3,0.9860031104199066,1.0,0.576837416481069,0.674,0.635,1.0,0.2,6.9,No,No,Low,1.0,Yes,Salle 2,154.0,0.6000000000000001,0.33935461178228177,0.1982,0.7508690441401171,0,0,1,0,False,False,False,False,False,True
ENSPD004814,Male,25.0,1,0.6345256609642301,24.0,0.6481069042316259,0.736,0.725,1.0,5.2,20.8,Yes,No,Low,3.0,No,Salle 6,149.0,0.6625000000000001,0.20472852672842853,0.153,0.6476742668343078,1,0,0,1,False,False,True,False,False,False
ENSPD004994,Female,22.0,4,0.6594090202177293,22.0,0.6113585746102449,0.55,0.559,1.0,0.6,13.3,No,No,Low,3.0,Yes,Salle 12,173.0,0.5499999999999999,0.2583353923583315,0.1562,0.6476742668343078,0,0,1,0,False,False,True,False,False,False
ENSPD000863,Male,21.0,2,0.9502332814930016,3.0,0.5478841870824054,0.7290000000000001,0.593,0.0,1.8,10.0,No,No,Middle,1.0,No,Salle 28,298.0,0.625,0.3155491973139142,0.0,0.5818364233587374,1,0,0,0,False,False,False,True,False,False
ENSPD002160,Female,22.0,5,0.7589424572317262,16.0,0.6280623608017817,0.616,0.875,2.0,1.4,0.0,Yes,No,Low,1.0,Yes,Salle 8,109.0,0.8666666666666665,0.17482813000158529,0.338,0.5818364233587374,0,0,1,1,False,False,False,True,False,False
ENSPD000012,Female,23.0,5,0.7231726283048211,18.0,0.5913140311804008,0.44700000000000006,0.835,3.0,0.6,7.0,No,No,Low,2.0,Yes,Salle 7,48.0,0.5513888888888888,0.2789144329889329,0.4932000000000001,1.0,0,0,1,0,False,False,False,False,False,False
ENSPD004410,Male,21.0,3,0.7045101088646967,19.0,0.21492204899777284,0.488,0.35000000000000003,0.0,2.8,11.7,Yes,No,Middle,1.0,Yes,Salle 17,130.0,0.13888888888888895,0.6477809456624342,0.0,1.0,1,0,1,1,False,False,False,False,False,False
ENSPD003982,Female,25.0,1,0.9999999999999999,0.0,0.6469933184855233,0.672,0.67,4.0,1.6,13.8,No,No,Middle,2.0,Yes,Salle 17,186.0,0.6430555555555555,0.32189624754889523,0.8,0.9860656366780134,0,0,1,0,False,False,False,False,True,False
ENSPD003136,Female,26.0,1,0.8600311041990668,9.0,0.6358574610244989,1.0,0.168,1.0,0.4,6.4,Yes,No,Low,3.0,Yes,Salle 23,248.0,0.4652777777777778,0.3759730131514891,0.182,0.5818364233587374,0,0,1,1,False,False,False,True,False,False
ENSPD004252,Male,22.0,3,0.5987558320373251,26.0,0.5913140311804008,0.7090000000000001,0.579,1.0,0.7,11.3,No,No,Middle,0.0,Yes,Salle 25,263.0,0.4708333333333333,0.27651756019727003,0.1484,0.5818364233587374,1,0,1,0,False,False,False,True,False,False
ENSPD001962,Male,24.0,3,0.6982892690513217,19.0,0.40868596881959907,0.616,1.0,0.0,1.5,10.5,No,No,High,1.0,No,Salle 30,212.0,0.6027777777777776,0.24745411023385902,0.0,0.9860656366780134,1,0,0,0,False,False,False,False,True,False
ENSPD000578,Female,20.0,4,0.8709175738724727,8.0,0.4365256124721604,0.5650000000000001,0.30100000000000005,1.0,0.7,5.1,Yes,No,Middle,1.0,No,Salle 26,230.0,0.3763888888888889,0.44699145467356305,0.1834,0.5818364233587374,0,0,0,1,False,False,False,True,False,False
ENSPD002467,Male,21.0,5,0.6982892690513217,19.0,0.6080178173719376,0.9109999999999999,0.5529999999999999,1.0,1.4,11.5,Yes,No,Low,2.0,Yes,Salle 26,48.0,0.65,0.22831548748866612,0.16119999999999998,1.0,1,0,1,1,False,False,False,False,False,False
ENSPD004614,Male,22.0,1,0.906687402799378,6.0,0.692650334075724,0.614,0.513,2.0,3.2,16.9,Yes,No,High,1.0,No,Salle 7,248.0,0.4847222222222223,0.3801932609981208,0.376,0.5818364233587374,1,0,0,1,False,False,False,True,False,False
ENSPD003050,Male,24.0,4,0.28149300155520984,46.0,0.8697104677060133,0.6920000000000001,0.49200000000000005,1.0,1.1,6.2,Yes,No,Middle,1.0,Yes,Salle 29,157.0,0.5569444444444444,0.13014808888016158,0.1076,0.900740336465212,1,0,1,1,True,False,False,False,False,False
ENSPD003920,Female,22.0,4,0.6578538102643857,22.0,0.5133630289532294,0.935,0.462,2.0,3.4,15.8,Yes,No,Middle,1.0,Yes,Salle 4,173.0,0.5277777777777778,0.26838931287289824,0.312,0.6476742668343078,0,0,1,1,False,False,True,False,False,False
ENSPD000303,Male,22.0,3,0.8180404354587868,12.0,0.46436525612472157,0.731,0.154,1.0,0.9,11.0,Yes,No,Low,2.0,No,Salle 20,263.0,0.3138888888888889,0.48114110554123735,0.1766,0.5818364233587374,1,0,0,1,False,False,False,True,False,False
ENSPD001677,Male,23.0,3,0.7340590979782272,17.0,0.5968819599109131,0.915,0.91,0.0,1.0,15.1,No,No,Low,2.0,No,Salle 7,212.0,0.7999999999999998,0.18747416974665485,0.0,0.9860656366780134,1,0,0,0,False,False,False,False,True,False
ENSPD002156,Male,22.0,2,0.8506998444790047,10.0,0.3351893095768374,0.631,0.528,1.0,1.4,11.5,No,No,Middle,1.0,No,Salle 6,185.0,0.4180555555555555,0.40564120505902934,0.18080000000000002,0.900740336465212,1,0,0,0,True,False,False,False,False,False
ENSPD004853,Female,20.0,5,0.7620528771384137,15.0,0.9643652561247216,0.606,0.927,0.0,2.2,14.0,Yes,Yes,High,0.0,No,Salle 9,40.0,0.7388888888888889,0.21438361588844254,0.0,0.0,0,1,0,1,False,True,False,False,False,False
ENSPD000738,Female,23.0,1,0.906687402799378,6.0,0.5256124721603563,0.551,1.0,1.0,1.0,4.1,Yes,No,Low,1.0,Yes,Salle 4,143.0,0.6736111111111112,0.2802760143395381,0.188,0.900740336465212,0,0,1,1,True,False,False,False,False,False
ENSPD004662,Female,23.0,4,0.9440124416796268,4.0,0.6024498886414253,0.478,0.867,2.0,0.6,1.1,No,No,Middle,1.0,No,Salle 17,157.0,0.5958333333333332,0.32826066839732937,0.38560000000000005,0.900740336465212,0,0,0,0,True,False,False,False,False,False
ENSPD002016,Male,23.0,1,0.48055987558320357,33.0,0.623608017817372,0.439,0.501,0.0,2.9,20.6,Yes,No,Middle,1.0,No,Salle 16,186.0,0.39861111111111114,0.2712307733827294,0.0,0.9860656366780134,1,0,0,1,False,False,False,False,True,False
ENSPD002785,Female,20.0,2,0.5769828926905131,27.0,0.6971046770601336,0.9279999999999999,0.7440000000000001,1.0,0.9,3.0,No,Yes,Low,1.0,Yes,Salle 28,185.0,0.7486111111111111,0.1608534577368315,0.1456,0.900740336465212,0,1,1,0,True,False,False,False,False,False
ENSPD001395,Male,21.0,2,0.6687402799377916,21.0,0.7193763919821826,1.0,0.584,1.0,2.3,14.4,Yes,Yes,High,1.0,Yes,Salle 14,298.0,0.6833333333333333,0.20734368370823356,0.1574,0.5818364233587374,1,1,1,1,False,False,False,True,False,False
ENSPD003186,Male,23.0,4,0.8429237947122862,10.0,0.6614699331848551,0.198,0.337,1.0,0.6,13.6,No,No,Low,1.0,Yes,Salle 3,178.0,0.2041666666666666,0.6257297239092574,0.17980000000000002,0.9860656366780134,1,0,1,0,False,False,False,False,True,False
ENSPD004061,Male,22.0,2,0.4696734059097979,34.0,0.3585746102449889,0.48600000000000004,0.6020000000000001,0.0,5.1,26.8,Yes,No,Low,0.0,Yes,Salle 25,298.0,0.32638888888888895,0.3128728499765935,0.0,0.5818364233587374,1,0,1,1,False,False,False,True,False,False
ENSPD003248,Male,18.0,3,0.7480559875583203,16.0,0.4933184855233853,0.7959999999999999,0.484,2.0,0.4,7.8,Yes,No,Middle,1.0,Yes,Salle 24,185.0,0.48611111111111116,0.32222625814875105,0.3352,0.6476742668343078,1,0,1,1,False,False,True,False,False,False
ENSPD003030,Female,22.0,1,0.5660964230171072,28.0,0.6069042316258353,0.8520000000000001,0.242,2.0,0.8,4.5,No,Yes,Middle,0.0,Yes,Salle 25,149.0,0.41666666666666674,0.2946816649086835,0.2884,0.6476742668343078,0,1,1,0,False,False,True,False,False,False
ENSPD001219,Female,23.0,3,0.6391912908242613,23.0,0.6770601336302895,0.616,0.685,2.0,1.0,4.4,No,No,Middle,4.0,No,Salle 29,263.0,0.6263888888888889,0.21953188343122812,0.3072,0.5818364233587374,0,0,0,0,False,False,False,True,False,False
ENSPD001823,Female,22.0,1,0.7465007776049767,16.0,0.47772828507795106,0.908,0.626,0.0,1.3,10.2,No,Yes,High,1.0,Yes,Salle 13,248.0,0.625,0.2530094709434505,0.0,0.5818364233587374,0,1,1,0,False,False,False,True,False,False
ENSPD000096,Male,22.0,3,0.9999999999999999,0.0,0.7015590200445435,0.465,0.53,4.0,3.5,22.7,Yes,No,Middle,0.0,Yes,Salle 16,212.0,0.5083333333333333,0.3978859475559403,0.8,0.9860656366780134,1,0,1,1,False,False,False,False,True,False
ENSPD000537,Female,19.0,4,0.6143079315707621,25.0,0.7115812917594654,0.823,0.443,0.0,0.1,10.8,Yes,Yes,Middle,1.0,Yes,Salle 11,93.0,0.5805555555555555,0.2301044311534219,0.0,1.0,0,1,1,1,False,False,False,False,False,False
ENSPD002745,Female,21.0,1,0.5225505443234836,31.0,0.7015590200445435,0.536,0.9640000000000001,0.0,0.7,9.8,No,No,Middle,1.0,Yes,Salle 5,83.0,0.8194444444444444,0.12791608629856868,0.0,0.0,0,0,1,0,False,True,False,False,False,False
ENSPD004261,Male,21.0,2,0.9999999999999999,0.0,0.7383073496659243,0.637,0.28300000000000003,2.0,1.6,8.8,Yes,No,Low,0.0,Yes,Salle 26,298.0,0.36249999999999993,0.5138464676431179,0.4,0.5818364233587374,1,0,1,1,False,False,False,True,False,False
ENSPD004320,Male,25.0,2,0.7231726283048211,12.0,0.8173719376391981,0.583,0.6070000000000001,1.0,1.3,6.2,Yes,No,High,1.0,Yes,Salle 26,177.0,0.6166666666666666,0.24933149383782852,0.16440000000000002,0.6476742668343078,1,0,1,1,False,False,True,False,False,False
ENSPD002860,Male,20.0,2,0.6143079315707621,25.0,0.41870824053452116,0.9540000000000001,0.48200000000000004,0.0,0.5,9.9,Yes,No,Middle,0.0,Yes,Salle 4,231.0,0.4847222222222223,0.2748393259305789,0.0,0.9860656366780134,1,0,1,1,False,False,False,False,True,False
ENSPD004341,Male,24.0,1,0.5381026438569206,30.0,0.576837416481069,1.0,0.653,2.0,1.9,17.6,No,No,Middle,1.0,Yes,Salle 16,149.0,0.6083333333333333,0.19504853234685668,0.2812,0.6476742668343078,1,0,1,0,False,False,True,False,False,False
ENSPD003998,Male,21.0,5,0.6143079315707621,25.0,0.7639198218262806,0.616,0.616,0.0,0.7,8.3,Yes,Yes,Middle,3.0,No,Salle 9,80.0,0.5208333333333334,0.2567885723194604,0.0,0.900740336465212,1,1,0,1,True,False,False,False,False,False
ENSPD004048,Male,23.0,2,0.5272161741835147,30.0,1.0,0.7320000000000001,0.38200000000000006,1.0,0.8,9.0,Yes,No,Middle,1.0,No,Salle 14,177.0,0.5680555555555554,0.20694869215321018,0.1392,0.6476742668343078,1,0,0,1,False,False,True,False,False,False
ENSPD000236,Female,23.0,3,0.7760497667185068,14.0,0.5512249443207128,0.5970000000000001,0.574,2.0,4.3,17.5,Yes,No,Low,0.0,Yes,Salle 28,154.0,0.5333333333333333,0.3058647396666472,0.3424,0.7508690441401171,0,0,1,1,False,False,False,False,False,True
ENSPD002897,Male,21.0,3,0.6951788491446346,20.0,0.7115812917594654,0.76,0.684,1.0,0.0,10.1,No,No,High,0.0,Yes,Salle 28,212.0,0.6611111111111111,0.22315967987176685,0.16080000000000003,0.9860656366780134,1,0,1,0,False,False,False,False,True,False
ENSPD003834,Male,23.0,1,0.5583203732503886,28.0,0.7115812917594654,0.818,0.628,2.0,2.7,7.7,No,No,Low,1.0,Yes,Salle 24,143.0,0.625,0.19524376948676261,0.2864,0.900740336465212,1,0,1,0,True,False,False,False,False,False
ENSPD004607,Female,21.0,1,0.34370139968895796,42.0,0.6191536748329621,0.6900000000000001,0.569,1.0,1.2,17.6,No,No,Middle,1.0,Yes,Salle 13,186.0,0.4180555555555555,0.20650078036439498,0.1156,0.9860656366780134,0,0,1,0,False,False,False,False,True,False
ENSPD000767,Female,24.0,3,0.7931570762052876,13.0,0.8396436525612472,0.725,0.79,0.0,3.0,12.3,Yes,Yes,Middle,0.0,Yes,Salle 23,188.0,0.7083333333333333,0.23386190383235514,0.0,0.900740336465212,0,1,1,1,True,False,False,False,False,False
ENSPD002843,Female,23.0,4,0.8911353032659409,7.0,0.8040089086859689,0.409,0.264,0.0,1.4,4.8,Yes,No,Low,2.0,Yes,Salle 10,173.0,0.4277777777777778,0.4141593125233862,0.0,0.6476742668343078,0,0,1,1,False,False,True,False,False,False
ENSPD002700,Female,26.0,4,0.7200622083981337,18.0,0.566815144766147,0.787,0.73,1.0,2.3,12.8,Yes,Yes,Middle,0.0,Yes,Salle 30,178.0,0.5986111111111111,0.25611222541326395,0.164,0.9860656366780134,0,1,1,1,False,False,False,False,True,False
ENSPD002957,Female,22.0,1,0.5567651632970451,28.0,0.512249443207127,0.738,0.614,2.0,1.4,1.4,Yes,No,Middle,3.0,Yes,Salle 4,96.0,0.5375,0.229507226042263,0.28600000000000003,1.0,0,0,1,1,False,False,False,False,False,False
ENSPD001353,Male,25.0,3,0.9999999999999999,0.0,0.3385300668151448,0.593,0.516,4.0,0.2,7.9,No,No,Middle,1.0,Yes,Salle 22,212.0,0.38055555555555554,0.49687908470035713,0.8,0.9860656366780134,1,0,1,0,False,False,False,False,True,False
ENSPD003858,Male,18.0,1,0.8149300155520994,12.0,1.0,0.7240000000000001,0.892,1.0,6.2,35.0,No,No,Low,2.0,Yes,Salle 30,248.0,0.8638888888888889,0.1893058762871346,0.1762,0.5818364233587374,1,0,1,0,False,False,False,True,False,False
ENSPD002977,Female,26.0,2,0.8506998444790047,10.0,0.6158129175946548,0.8590000000000001,0.753,2.0,4.6,31.2,No,No,Middle,3.0,Yes,Salle 19,177.0,0.7083333333333333,0.25009744912919696,0.36160000000000003,0.6476742668343078,0,0,1,0,False,False,True,False,False,False
ENSPD000425,Male,21.0,4,0.9999999999999999,0.0,0.6982182628062361,0.634,0.638,1.0,0.9,4.7,Yes,No,Middle,3.0,Yes,Salle 3,230.0,0.5791666666666667,0.355100776249076,0.2,0.5818364233587374,1,0,1,1,False,False,False,True,False,False
ENSPD003247,Male,21.0,1,0.8864696734059098,7.0,0.3229398663697105,0.445,0.738,2.0,0.8,6.1,Yes,No,Middle,0.0,No,Salle 8,96.0,0.4097222222222222,0.42613805561781704,0.3708,1.0,1,0,0,1,False,False,False,False,False,False
ENSPD001439,Male,21.0,3,0.8755832037325039,8.0,0.6113585746102449,0.616,0.638,1.0,0.1,13.5,Yes,No,Low,0.0,Yes,Salle 28,263.0,0.4,0.4294647500966903,0.184,0.5818364233587374,1,0,1,1,False,False,False,True,False,False
ENSPD004321,Female,22.0,1,0.7698289269051323,15.0,0.6080178173719376,0.542,0.605,0.0,1.2,12.0,Yes,Yes,High,3.0,Yes,Salle 9,121.0,0.4986111111111111,0.32279988851470465,0.0,0.7508690441401171,0,1,1,1,False,False,False,False,False,True
ENSPD003821,Male,20.0,3,0.7060653188180402,19.0,0.44988864142538976,0.5820000000000001,0.788,1.0,0.3,4.4,Yes,No,Middle,1.0,Yes,Salle 23,130.0,0.5277777777777778,0.2848815404928817,0.16219999999999998,1.0,1,0,1,1,False,False,False,False,False,False
ENSPD003516,Female,24.0,2,0.9455676516329704,4.0,0.5579064587973274,0.6990000000000001,0.614,1.0,4.3,17.4,No,No,Middle,2.0,Yes,Salle 28,119.0,0.5513888888888888,0.3529353468185905,0.193,1.0,0,0,1,0,False,False,False,False,False,False
ENSPD002165,Male,27.0,1,0.7013996889580093,19.0,0.9354120267260579,0.473,0.841,0.0,1.5,18.2,No,No,Low,1.0,No,Salle 6,149.0,0.6402777777777777,0.23304192317968173,0.0,0.6476742668343078,1,0,0,0,False,False,True,False,False,False
ENSPD004382,Male,25.0,4,0.9875583203732504,1.0,0.8340757238307349,0.605,0.679,1.0,1.8,17.9,No,No,Middle,2.0,No,Salle 26,230.0,0.6986111111111111,0.29285731973049434,0.19840000000000002,0.5818364233587374,1,0,0,0,False,False,False,True,False,False
ENSPD004545,Male,23.0,4,0.5318818040435459,30.0,0.6648106904231627,0.5650000000000001,0.835,2.0,4.1,19.4,Yes,No,Middle,2.0,Yes,Salle 21,93.0,0.5638888888888889,0.21014201604149438,0.2796,1.0,1,0,1,1,False,False,False,False,False,False
ENSPD001027,Female,21.0,3,0.6298600311041992,24.0,0.6369710467706015,0.6809999999999999,0.68,0.0,1.3,8.8,Yes,No,Middle,2.0,Yes,Salle 21,263.0,0.6402777777777777,0.21142998812289157,0.0,0.5818364233587374,0,0,1,1,False,False,False,True,False,False
ENSPD003311,Female,24.0,5,0.3639191290824261,41.0,0.6581291759465479,0.7120000000000001,0.647,1.0,3.8,14.8,Yes,No,Low,1.0,Yes,Salle 13,109.0,0.5611111111111111,0.15597515946381116,0.1182,0.5818364233587374,0,0,1,1,False,False,False,True,False,False
ENSPD004257,Other,26.0,3,0.7107309486780716,19.0,0.5512249443207128,0.556,0.359,1.0,1.5,10.4,Yes,No,Middle,1.0,Yes,Salle 3,130.0,0.27222222222222214,0.4726502567379337,0.16280000000000003,1.0,2,0,1,1,False,False,False,False,False,False
ENSPD003963,Male,24.0,1,0.5909797822706065,26.0,0.6113585746102449,0.42700000000000005,0.67,1.0,2.1,11.5,No,No,Middle,5.0,Yes,Salle 29,149.0,0.4083333333333333,0.30961885831462743,0.1474,0.6476742668343078,1,0,1,0,False,False,True,False,False,False
ENSPD002374,Male,23.0,2,0.5925349922239501,26.0,0.7728285077951002,0.583,0.526,3.0,1.8,15.5,Yes,No,Middle,1.0,Yes,Salle 17,298.0,0.5194444444444445,0.2499323446234952,0.44279999999999997,0.5818364233587374,1,0,1,1,False,False,False,True,False,False
ENSPD001314,Female,20.0,2,0.6049766718506998,25.0,0.8697104677060133,0.579,0.5920000000000001,1.0,0.4,7.3,No,No,Middle,1.0,No,Salle 28,298.0,0.6152777777777778,0.21325917080681775,0.1492,0.5818364233587374,0,0,0,0,False,False,False,True,False,False
ENSPD004377,Male,20.0,5,0.8335925349922239,11.0,0.6336302895322939,0.624,0.507,1.0,1.6,8.4,No,No,Middle,1.0,No,Salle 1,80.0,0.4375,0.38496018381783004,0.1786,0.900740336465212,1,0,0,0,True,False,False,False,False,False
ENSPD002941,Male,21.0,1,0.6516329704510108,22.0,0.5066815144766148,0.705,0.652,1.0,1.7,15.2,Yes,Yes,High,1.0,No,Salle 23,149.0,0.47916666666666674,0.29130342721186975,0.1552,0.6476742668343078,1,1,0,1,False,False,True,False,False,False
ENSPD002086,Male,19.0,4,0.9548989113530325,3.0,0.9465478841870825,0.20600000000000002,0.763,1.0,3.3,12.7,Yes,Yes,Middle,1.0,No,Salle 15,121.0,0.5416666666666667,0.3616975859392366,0.19419999999999998,0.7508690441401171,1,1,0,1,False,False,False,False,False,True
ENSPD000825,Male,20.0,4,0.7293934681181958,17.0,0.22605790645879736,0.751,0.7640000000000001,1.0,1.9,14.4,Yes,No,Middle,2.0,No,Salle 7,230.0,0.5166666666666666,0.29868202138941835,0.16519999999999999,0.5818364233587374,1,0,0,1,False,False,False,True,False,False
ENSPD002965,Female,20.0,3,0.5878693623639192,26.0,0.7683741648106904,0.669,0.736,0.0,1.6,9.5,Yes,Yes,Middle,1.0,Yes,Salle 7,263.0,0.6611111111111111,0.19142859715959823,0.0,0.5818364233587374,0,1,1,1,False,False,False,True,False,False
ENSPD002264,Male,25.0,1,0.8164852255054432,12.0,0.6948775055679287,0.609,0.7190000000000001,0.0,2.5,11.5,Yes,No,Middle,0.0,Yes,Salle 5,248.0,0.6486111111111111,0.26425199373976715,0.0,0.5818364233587374,1,0,1,1,False,False,False,True,False,False
ENSPD003713,Female,24.0,1,0.884914463452566,7.0,0.7138084632516704,0.657,0.8320000000000001,1.0,0.1,3.3,Yes,No,Low,1.0,No,Salle 11,143.0,0.6777777777777778,0.27216657526852395,0.1852,0.900740336465212,0,0,0,1,True,False,False,False,False,False
ENSPD002254,Female,22.0,3,0.6998444790046657,19.0,0.576837416481069,0.658,0.9259999999999999,0.0,0.8,10.2,Yes,No,Middle,1.0,Yes,Salle 13,130.0,0.7,0.21042076176925747,0.0,1.0,0,0,1,1,False,False,False,False,False,False
ENSPD003222,Male,19.0,1,0.8040435458786938,13.0,0.8251670378619154,0.31,0.638,1.0,4.1,13.6,No,No,Low,1.0,No,Salle 11,186.0,0.44027777777777777,0.3717557133875874,0.1748,0.9860656366780134,1,0,0,0,False,False,False,False,True,False
ENSPD004365,Male,19.0,3,0.8538102643856921,9.0,0.8429844097995547,0.59,0.731,3.0,0.9,3.9,No,No,Middle,3.0,No,Salle 4,104.0,0.6444444444444444,0.27724999524705485,0.5436,0.0,1,0,0,0,False,True,False,False,False,False
ENSPD001685,Male,23.0,2,0.7231726283048211,8.0,0.522271714922049,0.523,0.711,0.0,2.3,19.3,No,Yes,Low,3.0,No,Salle 29,71.0,0.4388888888888889,0.3418063168291188,0.0,0.0,1,1,0,0,False,True,False,False,False,False
ENSPD002829,Male,22.0,3,0.6702954898911352,21.0,0.5200445434298441,0.633,0.715,1.0,1.9,15.8,No,No,Middle,1.0,Yes,Salle 18,188.0,0.5027777777777778,0.2853490599582993,0.1576,0.900740336465212,1,0,1,0,True,False,False,False,False,False
ENSPD002868,Female,19.0,3,0.5396578538102644,30.0,0.7249443207126949,0.76,0.863,1.0,4.5,24.3,No,No,High,0.0,Yes,Salle 15,188.0,0.7222222222222223,0.15822984431552697,0.1408,0.900740336465212,0,0,1,0,True,False,False,False,False,False
ENSPD002119,Male,22.0,2,0.7760497667185068,14.0,0.8140311804008908,0.747,0.54,2.0,6.9,33.2,Yes,No,Middle,2.0,Yes,Salle 21,231.0,0.5861111111111111,0.2795761139428331,0.3424,0.9860656366780134,1,0,1,1,False,False,False,False,True,False
ENSPD001986,Male,22.0,4,0.8102643856920683,12.0,0.7873051224944322,0.5650000000000001,0.635,0.0,6.1,25.8,No,Yes,Middle,0.0,No,Salle 7,121.0,0.6166666666666666,0.2763033221321537,0.0,0.7508690441401171,1,1,0,0,False,False,False,False,False,True
ENSPD004736,Male,23.0,3,0.7682737169517885,15.0,0.6113585746102449,0.374,0.795,1.0,0.5,8.4,Yes,No,Low,1.0,Yes,Salle 9,104.0,0.4652777777777778,0.3420934348855841,0.1702,0.0,1,0,1,1,False,True,False,False,False,False
ENSPD000486,Female,20.0,5,0.5785381026438571,27.0,0.6425389755011137,0.905,0.9440000000000001,0.0,4.5,20.7,Yes,No,Middle,1.0,No,Salle 29,109.0,0.7902777777777776,0.14974570929156558,0.0,0.5818364233587374,0,0,0,1,False,False,False,True,False,False
ENSPD001558,Male,25.0,2,0.9999999999999999,0.0,0.5,0.629,0.725,0.0,2.1,10.2,No,No,Low,0.0,Yes,Salle 21,298.0,0.6069444444444445,0.34010295515491884,0.0,0.5818364233587374,1,0,1,0,False,False,False,True,False,False
ENSPD004013,Female,25.0,4,0.9999999999999999,0.0,0.7427616926503342,0.7290000000000001,0.461,1.0,0.3,11.5,No,No,Middle,0.0,Yes,Salle 21,173.0,0.5041666666666667,0.4006311354738693,0.2,0.6476742668343078,0,0,1,0,False,False,True,False,False,False
ENSPD003950,Male,24.0,4,0.5443234836702956,29.0,0.6146993318485524,0.44200000000000006,0.8290000000000001,2.0,0.4,17.9,Yes,Yes,Middle,4.0,Yes,Salle 21,157.0,0.5416666666666667,0.22350568473057567,0.2828,0.900740336465212,1,1,1,1,True,False,False,False,False,False
ENSPD002811,Male,21.0,2,0.6702954898911352,21.0,0.5523385300668151,0.48600000000000004,0.594,0.0,1.3,5.9,No,No,Middle,1.0,No,Salle 29,177.0,0.42361111111111116,0.33119588947468037,0.0,0.6476742668343078,1,0,0,0,False,False,True,False,False,False
ENSPD004043,Male,22.0,1,0.6827371695178849,20.0,0.645879732739421,0.731,0.723,1.0,0.7,16.4,Yes,No,Middle,0.0,Yes,Salle 5,121.0,0.576388888888889,0.25399304971516334,0.15919999999999998,0.7508690441401171,1,0,1,1,False,False,False,False,False,True
ENSPD004217,Male,23.0,1,0.8973561430793159,7.0,0.46325167037861914,0.908,0.76,3.0,1.4,5.4,Yes,No,Low,1.0,No,Salle 23,149.0,0.6430555555555555,0.2909770518642554,0.5604000000000001,0.6476742668343078,1,0,0,1,False,False,True,False,False,False
ENSPD000526,Male,23.0,3,0.7760497667185068,14.0,0.5979955456570156,0.711,0.589,1.0,3.2,19.5,No,No,Middle,0.0,Yes,Salle 6,154.0,0.5194444444444445,0.3133307640782972,0.1712,0.7508690441401171,1,0,1,0,False,False,False,False,False,True
ENSPD001326,Male,21.0,4,0.8118195956454123,12.0,0.5846325167037862,0.46799999999999997,0.728,2.0,2.6,11.5,No,No,High,2.0,No,Salle 17,230.0,0.4472222222222222,0.3700161506973694,0.3516,0.5818364233587374,1,0,0,0,False,False,False,True,False,False
ENSPD003929,Female,25.0,4,0.8242612752721618,11.0,0.5111358574610245,0.616,0.397,1.0,2.9,19.8,Yes,No,Low,1.0,No,Salle 4,230.0,0.5291666666666666,0.3245442935764612,0.1774,0.5818364233587374,0,0,0,1,False,False,False,True,False,False
ENSPD002619,Female,21.0,3,0.8429237947122862,10.0,0.6091314031180401,0.642,0.7070000000000001,4.0,1.1,4.3,No,No,Low,1.0,Yes,Salle 28,263.0,0.6027777777777776,0.2929191707615645,0.7192000000000001,0.5818364233587374,0,0,1,0,False,False,False,True,False,False
ENSPD000427,Male,21.0,4,0.7573872472783826,16.0,0.6113585746102449,0.836,0.608,0.0,0.5,0.0,No,No,Middle,2.0,Yes,Salle 1,178.0,0.7583333333333333,0.20663270934772135,0.0,0.9860656366780134,1,0,1,0,False,False,False,False,True,False
ENSPD004041,Female,22.0,2,0.8429237947122862,10.0,0.6113585746102449,0.861,0.8240000000000001,1.0,0.7,14.2,Yes,Yes,Middle,3.0,Yes,Salle 2,298.0,0.6416666666666667,0.27518736296667756,0.17980000000000002,0.5818364233587374,0,1,1,1,False,False,False,True,False,False
ENSPD002791,Female,22.0,3,0.5458786936236392,29.0,0.7461024498886415,0.579,0.937,1.0,1.4,18.9,No,No,Middle,0.0,Yes,Salle 21,263.0,0.7027777777777777,0.16577678341297516,0.1416,0.5818364233587374,0,0,1,0,False,False,False,True,False,False
ENSPD001818,Female,24.0,4,0.5178849144634526,31.0,0.7505567928730512,0.616,0.527,1.0,3.0,21.5,Yes,No,Middle,1.0,No,Salle 12,230.0,0.5041666666666667,0.23099679503169737,0.138,0.5818364233587374,0,0,0,1,False,False,False,True,False,False
ENSPD002332,Male,20.0,4,0.6423017107309487,23.0,0.41759465478841873,0.721,0.9540000000000001,0.0,1.3,12.5,Yes,No,Middle,1.0,Yes,Salle 27,157.0,0.6944444444444444,0.19591422341034762,0.0,0.900740336465212,1,0,1,1,True,False,False,False,False,False
ENSPD004976,Male,21.0,2,0.9097978227060654,6.0,0.38195991091314035,0.7859999999999999,0.5579999999999999,1.0,1.4,4.8,Yes,No,High,2.0,Yes,Salle 8,161.0,0.47916666666666674,0.38497359950251686,0.1884,0.7508690441401171,1,0,1,1,False,False,False,False,False,True
ENSPD004443,Male,22.0,2,0.625194401244168,24.0,0.5412026726057906,0.784,0.8240000000000001,2.0,0.1,5.9,Yes,No,Middle,0.0,Yes,Salle 26,298.0,0.6986111111111111,0.18964354953056559,0.30360000000000004,0.5818364233587374,1,0,1,1,False,False,False,True,False,False
ENSPD004514,Female,23.0,2,0.6189735614307931,24.0,0.7048997772828508,0.881,0.508,2.0,1.8,14.8,Yes,No,High,0.0,Yes,Salle 25,185.0,0.5916666666666666,0.2270091715579222,0.302,0.900740336465212,0,0,1,1,True,False,False,False,False,False
ENSPD003320,Female,22.0,4,0.6345256609642301,24.0,0.7104677060133631,0.46,0.473,2.0,0.4,4.9,Yes,Yes,Middle,0.0,Yes,Salle 30,93.0,0.4555555555555555,0.29820071757113475,0.306,1.0,0,1,1,1,False,False,False,False,False,False
ENSPD003718,Male,20.0,1,0.9999999999999999,0.0,0.957683741648107,0.691,0.635,1.0,3.4,16.5,Yes,Yes,Middle,2.0,Yes,Salle 13,149.0,0.36111111111111116,0.5151887903011472,0.2,0.6476742668343078,1,1,1,1,False,False,True,False,False,False
ENSPD001201,Female,24.0,2,0.8958009331259719,7.0,0.6826280623608018,0.7140000000000001,0.8190000000000001,1.0,0.8,18.0,Yes,No,Middle,1.0,Yes,Salle 26,185.0,0.7250000000000001,0.25630697283789106,0.1866,0.900740336465212,0,0,1,1,True,False,False,False,False,False
ENSPD001381,Male,24.0,2,0.8087091757387247,12.0,0.8218262806236081,0.785,0.6609999999999999,2.0,3.1,26.1,No,No,High,0.0,Yes,Salle 12,119.0,0.7611111111111111,0.21950194333756004,0.3508,1.0,1,0,1,0,False,False,False,False,False,False
ENSPD003132,Female,24.0,2,0.8320373250388803,11.0,0.3051224944320713,0.43700000000000006,0.62,0.0,1.4,9.6,Yes,No,Middle,1.0,Yes,Salle 26,71.0,0.34305555555555556,0.4597386653418313,0.0,0.0,0,0,1,1,False,True,False,False,False,False
ENSPD001082,Male,19.0,4,0.7744945567651632,14.0,0.7026726057906458,0.606,0.65,3.0,3.5,18.2,Yes,No,Middle,3.0,Yes,Salle 5,178.0,0.6055555555555555,0.27015736693543946,0.513,0.9860656366780134,1,0,1,1,False,False,False,False,True,False
ENSPD001822,Male,19.0,2,0.47433903576982883,34.0,0.4342984409799555,0.64,0.773,0.0,0.5,6.1,Yes,No,Middle,1.0,Yes,Salle 13,298.0,0.5375,0.20162969745451734,0.0,0.5818364233587374,1,0,1,1,False,False,False,True,False,False
ENSPD003198,Female,25.0,3,0.5925349922239501,26.0,0.6391982182628062,0.616,0.8220000000000001,2.0,1.9,12.3,No,Yes,Low,3.0,Yes,Salle 4,185.0,0.6958333333333333,0.18123301922325089,0.2952,0.6476742668343078,0,1,1,0,False,False,True,False,False,False
ENSPD003261,Male,24.0,4,0.33281493001555207,43.0,0.6614699331848551,0.48200000000000004,0.77,0.0,1.3,6.9,Yes,No,High,1.0,Yes,Salle 17,173.0,0.6111111111111112,0.13007690796932828,0.0,0.6476742668343078,1,0,1,1,False,False,True,False,False,False
ENSPD004044,Female,20.0,4,0.9673405909797824,2.0,0.4955456570155903,0.551,0.35600000000000004,0.0,0.8,10.0,Yes,No,Middle,3.0,Yes,Salle 23,230.0,0.3458333333333333,0.5161078291266965,0.0,0.5818364233587374,0,0,1,1,False,False,False,True,False,False
ENSPD000184,Female,20.0,2,0.5334370139968895,30.0,0.6603563474387528,0.616,0.674,1.0,5.2,28.4,No,No,Middle,0.0,Yes,Salle 22,161.0,0.5319444444444444,0.22401211532379475,0.14,0.7508690441401171,0,0,1,0,False,False,False,False,False,True
ENSPD001523,Male,18.0,5,0.9766718506998445,2.0,0.455456570155902,0.461,0.8150000000000001,3.0,0.9,12.5,Yes,No,Low,1.0,No,Salle 8,70.0,0.5986111111111111,0.3371410370708502,0.591,0.6476742668343078,1,0,0,1,False,False,True,False,False,False
ENSPD004544,Male,24.0,1,0.32348367029548986,44.0,0.5189309576837416,0.67,0.522,0.0,0.5,0.0,Yes,No,Middle,0.0,No,Salle 10,248.0,0.4458333333333333,0.1860772849558832,0.0,0.5818364233587374,1,0,0,1,False,False,False,True,False,False
ENSPD004331,Male,21.0,2,0.926905132192846,5.0,0.4721603563474388,0.9520000000000001,0.635,1.0,0.6,7.7,Yes,No,High,0.0,No,Salle 9,119.0,0.5708333333333333,0.3359832075910357,0.1906,1.0,1,0,0,1,False,False,False,False,False,False
ENSPD003563,Male,21.0,3,0.7760497667185068,14.0,0.43541202672605794,0.7690000000000001,0.541,4.0,0.4,8.7,Yes,Yes,Middle,1.0,Yes,Salle 2,185.0,0.523611111111111,0.3110652118472653,0.6848,0.6476742668343078,1,1,1,1,False,False,True,False,False,False
ENSPD004226,Female,23.0,1,0.8833592534992224,8.0,0.7160356347438753,0.628,0.899,1.0,0.2,0.0,No,No,Middle,1.0,No,Salle 26,186.0,0.6763888888888889,0.27229613636698324,0.185,0.9860656366780134,0,0,0,0,False,False,False,False,True,False
ENSPD000505,Female,20.0,3,0.6827371695178849,20.0,0.5902004454342985,0.483,0.389,0.0,1.5,16.3,No,Yes,Middle,1.0,No,Salle 4,212.0,0.33333333333333337,0.4025092390328807,0.0,0.9860656366780134,0,1,0,0,False,False,False,False,True,False
ENSPD004829,Male,21.0,3,0.8087091757387247,12.0,0.5690423162583519,0.647,0.336,1.0,2.0,14.2,Yes,No,Low,1.0,Yes,Salle 8,104.0,0.37777777777777777,0.41997338514658544,0.1754,0.0,1,0,1,1,False,True,False,False,False,False
ENSPD001815,Male,23.0,4,0.3810264385692068,40.0,0.9187082405345213,0.552,0.47000000000000003,1.0,1.5,11.5,Yes,Yes,Middle,0.0,Yes,Salle 29,70.0,0.4902777777777778,0.18847362276224608,0.12040000000000001,0.0,1,1,1,1,False,True,False,False,False,False
ENSPD004192,Female,26.0,3,0.942457231726283,4.0,0.8140311804008908,0.532,0.9540000000000001,1.0,1.7,9.7,Yes,No,Middle,2.0,Yes,Salle 9,130.0,0.8236111111111111,0.23347417065543294,0.1926,1.0,0,0,1,1,False,False,False,False,False,False
ENSPD004555,Male,23.0,5,0.6189735614307931,24.0,0.6358574610244989,0.5810000000000001,0.899,3.0,6.7,32.0,No,No,Middle,1.0,Yes,Salle 27,109.0,0.6513888888888888,0.2040930832526666,0.453,0.5818364233587374,1,0,1,0,False,False,False,True,False,False
ENSPD002880,Male,26.0,2,0.5614307931570762,28.0,0.44209354120267264,0.485,0.804,2.0,2.0,16.2,No,No,Middle,1.0,Yes,Salle 6,161.0,0.4930555555555556,0.25167322249234625,0.2872,0.7508690441401171,1,0,1,0,False,False,False,False,False,True
ENSPD000297,Female,25.0,1,0.7091757387247278,19.0,0.4799554565701559,0.47200000000000003,0.668,0.0,0.0,3.6,No,No,Middle,1.0,Yes,Salle 25,121.0,0.43194444444444435,0.3409069002988192,0.0,0.7508690441401171,0,0,1,0,False,False,False,False,False,True
ENSPD000030,Male,20.0,4,0.8429237947122862,10.0,0.9120267260579065,0.218,0.636,1.0,0.4,4.8,No,No,Low,2.0,Yes,Salle 26,230.0,0.5125,0.34045196323793003,0.17980000000000002,0.5818364233587374,1,0,1,0,False,False,False,True,False,False
ENSPD001832,Female,22.0,1,0.7138413685847588,18.0,0.6681514476614699,0.797,0.8420000000000001,2.0,5.1,23.4,No,No,Low,0.0,No,Salle 5,186.0,0.8347222222222221,0.17236743000996932,0.32639999999999997,0.9860656366780134,0,0,0,0,False,False,False,False,True,False
ENSPD002435,Female,23.0,2,0.5847589424572316,27.0,0.6403118040089087,0.737,0.7590000000000001,0.0,6.3,11.5,No,No,Middle,2.0,Yes,Salle 7,231.0,0.6555555555555557,0.19242411257540168,0.0,0.9860656366780134,0,0,1,0,False,False,False,False,True,False
ENSPD000846,Male,21.0,5,0.7776049766718508,14.0,0.7405345211581292,0.73,0.78,0.0,0.2,8.2,Yes,No,High,1.0,No,Salle 2,48.0,0.7083333333333333,0.22947391861699243,0.0,1.0,1,0,0,1,False,False,False,False,False,False
ENSPD003669,Male,22.0,3,0.5085536547433903,32.0,0.5801781737193764,0.45299999999999996,0.556,2.0,0.5,0.9,Yes,No,High,1.0,Yes,Salle 22,104.0,0.3763888888888889,0.29617213790141006,0.2736,0.0,1,0,1,1,False,True,False,False,False,False
ENSPD004917,Male,19.0,2,0.9175738724727839,5.0,0.6113585746102449,0.7070000000000001,0.65,2.0,3.6,14.2,Yes,No,Low,1.0,Yes,Salle 23,177.0,0.5194444444444445,0.36222276552225474,0.3788,0.6476742668343078,1,0,1,1,False,False,True,False,False,False
ENSPD001151,Female,19.0,3,0.8740279937791603,8.0,0.6993318485523385,0.444,0.635,2.0,0.9,6.0,Yes,No,Middle,2.0,Yes,Salle 24,212.0,0.5069444444444444,0.3546226215803747,0.36760000000000004,0.9860656366780134,0,0,1,1,False,False,False,False,True,False
ENSPD002149,Male,23.0,3,0.9611197511664075,2.0,0.5489977728285078,0.616,0.635,3.0,0.1,11.4,Yes,No,Low,3.0,Yes,Salle 22,263.0,0.45000000000000007,0.42437462179919694,0.585,0.5818364233587374,1,0,1,1,False,False,False,True,False,False
ENSPD001184,Female,21.0,3,0.9984447900466563,0.0,0.7962138084632517,0.4,0.876,2.0,3.0,14.6,Yes,No,Middle,2.0,Yes,Salle 20,104.0,0.6486111111111111,0.3187496397094777,0.3996,0.0,0,0,1,1,False,True,False,False,False,False
ENSPD000585,Female,19.0,2,0.34370139968895796,42.0,0.44209354120267264,0.557,0.34600000000000003,2.0,0.9,7.7,Yes,Yes,Middle,0.0,Yes,Salle 23,119.0,0.2319444444444444,0.32507805413032587,0.2312,1.0,0,1,1,1,False,False,False,False,False,False
ENSPD000903,Male,24.0,5,0.9377916018662519,4.0,0.7149220489977729,0.721,0.502,1.0,4.8,11.5,No,No,Low,0.0,Yes,Salle 9,48.0,0.5791666666666667,0.3350336886255295,0.192,1.0,1,0,1,0,False,False,False,False,False,False
ENSPD003995,Male,18.0,4,0.8942457231726283,7.0,0.512249443207127,0.78,0.7290000000000001,0.0,1.6,11.6,Yes,No,Middle,1.0,No,Salle 2,230.0,0.6375,0.29256755347358343,0.0,0.5818364233587374,1,0,0,1,False,False,False,True,False,False
ENSPD002056,Female,20.0,3,0.7713841368584758,15.0,0.6146993318485524,0.37,0.761,0.0,2.5,19.3,Yes,No,Middle,0.0,Yes,Salle 16,104.0,0.4527777777777777,0.35114218906456385,0.0,0.0,0,0,1,1,False,True,False,False,False,False
ENSPD000060,Male,22.0,3,0.8569206842923794,9.0,0.5679287305122495,0.8240000000000001,0.569,0.0,1.4,18.7,No,No,Low,1.0,No,Salle 23,130.0,0.5111111111111111,0.34614750445419873,0.0,1.0,1,0,0,0,False,False,False,False,False,False
ENSPD002222,Male,19.0,3,0.671850699844479,21.0,0.6648106904231627,0.751,0.624,3.0,1.4,16.2,Yes,No,Middle,3.0,Yes,Salle 28,154.0,0.5736111111111111,0.2517016068147533,0.47340000000000004,0.7508690441401171,1,0,1,1,False,False,False,False,False,True
ENSPD001861,Female,21.0,1,0.9999999999999999,0.0,0.7583518930957683,0.516,0.6409999999999999,0.0,2.4,15.7,Yes,No,Middle,1.0,Yes,Salle 16,248.0,0.5986111111111111,0.34450729267608526,0.0,0.5818364233587374,0,0,1,1,False,False,False,True,False,False
ENSPD000269,Male,21.0,2,0.7076205287713843,19.0,0.5478841870824054,0.835,0.741,1.0,0.3,6.8,No,No,Low,2.0,Yes,Salle 11,177.0,0.7166666666666666,0.20686992884957286,0.16240000000000002,0.6476742668343078,1,0,1,0,False,False,True,False,False,False
ENSPD000432,Female,22.0,3,0.9082426127527216,6.0,0.6403118040089087,0.787,0.55,2.0,3.3,11.9,Yes,No,Middle,0.0,No,Salle 18,263.0,0.5694444444444444,0.3306490916923208,0.3764,0.5818364233587374,0,0,0,1,False,False,False,True,False,False
ENSPD001995,Female,24.0,1,0.6687402799377916,21.0,0.47327394209354123,0.662,0.315,2.0,0.2,6.9,Yes,No,Middle,2.0,Yes,Salle 25,248.0,0.3319444444444445,0.3974535898549605,0.3148,0.5818364233587374,0,0,1,1,False,False,False,True,False,False
ENSPD001610,Male,23.0,3,0.884914463452566,7.0,0.3919821826280624,0.545,0.449,1.0,1.3,4.1,Yes,No,Middle,1.0,Yes,Salle 20,154.0,0.3555555555555555,0.4712410705177711,0.1852,0.7508690441401171,1,0,1,1,False,False,False,False,False,True
ENSPD004832,Male,23.0,3,0.9440124416796268,4.0,0.6091314031180401,0.599,0.649,1.0,1.8,20.2,No,No,Low,3.0,Yes,Salle 30,212.0,0.475,0.40023073634350537,0.19280000000000003,0.9860656366780134,1,0,1,0,False,False,False,False,True,False
ENSPD003758,Male,24.0,2,0.7309486780715396,17.0,0.6180400890868597,0.616,0.635,1.0,1.4,21.6,Yes,No,Low,0.0,Yes,Salle 4,231.0,0.5430555555555555,0.28562532728617296,0.16540000000000002,0.9860656366780134,1,0,1,1,False,False,False,False,True,False
ENSPD000674,Male,21.0,2,0.5583203732503886,28.0,0.3752783964365256,0.679,0.762,2.0,1.4,21.5,No,No,Low,1.0,Yes,Salle 28,298.0,0.5486111111111112,0.22522799135602437,0.2864,0.5818364233587374,1,0,1,0,False,False,False,True,False,False
ENSPD000617,Male,21.0,4,0.6951788491446346,20.0,0.5256124721603563,0.545,0.831,0.0,1.4,8.2,Yes,No,Middle,1.0,No,Salle 12,230.0,0.623611111111111,0.23781881801830543,0.0,0.5818364233587374,1,0,0,1,False,False,False,True,False,False
ENSPD003592,Male,21.0,2,0.33437013996889575,43.0,0.7193763919821826,0.701,0.547,0.0,0.5,11.5,Yes,Yes,Middle,0.0,Yes,Salle 9,185.0,0.5,0.16801246631057362,0.0,0.900740336465212,1,1,1,1,True,False,False,False,False,False
ENSPD004691,Male,25.0,4,0.5178849144634526,31.0,0.8062360801781737,0.8370000000000001,0.778,1.0,3.3,13.6,Yes,No,Middle,1.0,Yes,Salle 23,178.0,0.7722222222222221,0.13852011970049097,0.138,0.9860656366780134,1,0,1,1,False,False,False,False,True,False
ENSPD001436,Male,18.0,3,0.5163297045101088,31.0,0.6636971046770601,0.6859999999999999,0.655,2.0,2.3,15.5,No,No,Middle,0.0,Yes,Salle 13,154.0,0.638888888888889,0.17760057463248866,0.2756,0.7508690441401171,1,0,1,0,False,False,False,False,False,True
ENSPD003556,Female,26.0,2,0.7869362363919129,14.0,0.7750556792873051,0.555,0.616,1.0,0.3,7.6,Yes,No,Middle,0.0,Yes,Salle 14,71.0,0.6083333333333333,0.2728010095443406,0.1726,0.0,0,0,1,1,False,True,False,False,False,False
ENSPD002276,Female,20.0,1,0.7480559875583203,16.0,0.5011135857461025,0.556,0.731,0.0,0.1,1.4,No,No,Middle,1.0,No,Salle 19,186.0,0.5180555555555555,0.30440401073551626,0.0,0.9860656366780134,0,0,0,0,False,False,False,False,True,False
ENSPD003289,Female,20.0,1,0.6734059097978228,21.0,0.7806236080178174,0.531,0.578,1.0,0.4,4.1,Yes,No,Middle,4.0,Yes,Salle 28,186.0,0.4888888888888888,0.29386007191993835,0.158,0.9860656366780134,0,0,1,1,False,False,False,False,True,False
ENSPD003540,Male,23.0,5,0.499222395023328,32.0,0.4342984409799555,0.531,0.41500000000000004,2.0,0.9,6.0,Yes,No,Low,0.0,Yes,Salle 7,80.0,0.32500000000000007,0.32713385905073666,0.2712,0.900740336465212,1,0,1,1,True,False,False,False,False,False
ENSPD003503,Other,18.0,2,0.9129082426127527,6.0,0.4654788418708241,0.8290000000000001,0.454,1.0,2.4,11.4,Yes,No,Middle,1.0,Yes,Salle 16,231.0,0.4625,0.39741568094608615,0.18880000000000002,0.9860656366780134,2,0,1,1,False,False,False,False,True,False
ENSPD000618,Male,23.0,3,0.7356143079315708,17.0,0.4933184855233853,0.616,0.643,0.0,1.0,12.1,No,No,Middle,1.0,Yes,Salle 1,185.0,0.5055555555555555,0.306843801350984,0.0,0.6476742668343078,1,0,1,0,False,False,True,False,False,False
ENSPD000637,Male,21.0,4,0.6749611197511663,21.0,0.3919821826280624,0.963,0.751,0.0,1.4,15.4,No,No,Middle,0.0,Yes,Salle 20,173.0,0.6722222222222222,0.2131170278346123,0.0,0.6476742668343078,1,0,1,0,False,False,True,False,False,False
ENSPD002524,Male,24.0,4,0.7076205287713843,19.0,0.8708240534521159,0.626,0.556,1.0,3.4,22.0,Yes,No,Middle,1.0,Yes,Salle 20,230.0,0.5416666666666667,0.2784683727112931,0.16240000000000002,0.5818364233587374,1,0,1,1,False,False,False,True,False,False
ENSPD001881,Female,20.0,5,0.8569206842923794,9.0,0.5200445434298441,0.374,0.54,1.0,0.0,8.3,Yes,No,Middle,0.0,Yes,Salle 26,80.0,0.4013888888888889,0.4208599461307151,0.1816,0.900740336465212,0,0,1,1,True,False,False,False,False,False
ENSPD004923,Female,23.0,3,0.906687402799378,6.0,0.5957683741648108,1.0,0.612,1.0,1.5,6.6,Yes,No,Middle,1.0,Yes,Salle 23,185.0,0.6847222222222222,0.27556591922447116,0.188,0.6476742668343078,0,0,1,1,False,False,True,False,False,False
ENSPD002314,Female,18.0,3,0.9253499222395024,5.0,0.7071269487750558,0.439,0.635,1.0,0.1,5.2,Yes,No,Low,1.0,Yes,Salle 24,154.0,0.7111111111111112,0.2700368315598324,0.1904,0.7508690441401171,0,0,1,1,False,False,False,False,False,True
ENSPD003240,Male,21.0,1,0.6360808709175737,23.0,0.5233853006681515,0.336,0.5579999999999999,1.0,0.8,6.2,Yes,No,Middle,1.0,No,Salle 8,248.0,0.36249999999999993,0.35930751325916443,0.1532,0.5818364233587374,1,0,0,1,False,False,False,True,False,False
ENSPD001496,Female,24.0,3,0.6578538102643857,22.0,0.6859688195991092,0.489,1.0,0.0,1.5,6.3,Yes,No,Middle,1.0,Yes,Salle 13,104.0,0.7694444444444444,0.17652668265825497,0.0,0.0,0,0,1,1,False,True,False,False,False,False
ENSPD003445,Other,21.0,2,0.6283048211508552,24.0,0.6358574610244989,0.622,0.73,1.0,0.9,11.4,Yes,No,Middle,1.0,Yes,Salle 30,177.0,0.5944444444444444,0.2288369896285005,0.1522,0.6476742668343078,2,0,1,1,False,False,True,False,False,False
ENSPD003738,Female,20.0,3,0.9999999999999999,0.0,0.3619153674832963,0.6,0.723,0.0,1.3,11.4,Yes,No,Middle,0.0,Yes,Salle 5,185.0,0.5305555555555556,0.38369800558275746,0.0,0.6476742668343078,0,0,1,1,False,False,True,False,False,False
ENSPD001670,Female,26.0,4,0.9175738724727839,5.0,0.5089086859688196,0.778,0.816,1.0,1.5,4.4,No,No,High,1.0,Yes,Salle 9,173.0,0.6736111111111112,0.2834547026382125,0.1894,0.6476742668343078,0,0,1,0,False,False,True,False,False,False
ENSPD002723,Female,21.0,3,0.6018662519440124,26.0,0.6113585746102449,0.519,0.7190000000000001,1.0,0.3,9.7,Yes,No,High,1.0,No,Salle 4,263.0,0.5527777777777778,0.23792809425281206,0.14880000000000002,0.5818364233587374,0,0,0,1,False,False,False,True,False,False
ENSPD002808,Male,22.0,2,0.7278382581648523,18.0,0.953229398663697,0.284,0.456,1.0,0.4,7.0,Yes,No,Low,1.0,Yes,Salle 9,231.0,0.5277777777777778,0.29232964328900335,0.165,0.9860656366780134,1,0,1,1,False,False,False,False,True,False
ENSPD001482,Male,22.0,2,0.9999999999999999,0.0,0.38975501113585753,0.6409999999999999,0.757,0.0,1.1,11.7,No,Yes,Middle,2.0,Yes,Salle 21,298.0,0.5305555555555556,0.38369800558275746,0.0,0.5818364233587374,1,1,1,0,False,False,False,True,False,False
ENSPD000515,Male,20.0,3,0.926905132192846,5.0,0.34855233853006684,0.24600000000000002,0.6809999999999999,0.0,0.6,8.2,Yes,No,Middle,1.0,Yes,Salle 18,188.0,0.35138888888888886,0.49318816541483546,0.0,0.900740336465212,1,0,1,1,True,False,False,False,False,False
ENSPD000114,Female,22.0,3,0.7153965785381026,18.0,0.5144766146993318,0.655,0.789,0.0,4.6,19.9,Yes,No,Middle,1.0,No,Salle 27,185.0,0.5277777777777778,0.2880735845483624,0.0,0.6476742668343078,0,0,0,1,False,False,True,False,False,False
ENSPD001380,Female,20.0,1,0.514774494556765,31.0,0.6291759465478842,0.6,0.268,1.0,1.7,10.1,Yes,No,Middle,3.0,Yes,Salle 7,186.0,0.3027777777777778,0.3512121866840925,0.1376,0.9860656366780134,0,0,1,1,False,False,False,False,True,False
ENSPD001292,Male,21.0,2,0.3825816485225505,40.0,0.8608017817371938,0.6970000000000001,1.0,1.0,7.7,34.3,Yes,No,Middle,0.0,Yes,Salle 28,231.0,0.8736111111111109,0.08144898746516929,0.1206,0.9860656366780134,1,0,1,1,False,False,False,False,True,False
ENSPD003429,Female,22.0,5,0.7091757387247278,19.0,0.5111358574610245,0.603,0.735,0.0,2.3,12.7,No,No,High,0.0,Yes,Salle 23,67.0,0.523611111111111,0.2880762049243276,0.0,0.9860656366780134,0,0,1,0,False,False,False,False,True,False
ENSPD002653,Male,18.0,2,0.8584758942457232,9.0,0.5534521158129176,0.368,0.315,1.0,4.2,23.0,Yes,No,Low,0.0,Yes,Salle 12,119.0,0.22499999999999998,0.6045908800228345,0.18180000000000002,1.0,1,0,1,1,False,False,False,False,False,False
ENSPD000607,Male,23.0,1,0.7262830482115087,18.0,0.534521158129176,0.42600000000000005,0.898,0.0,0.5,2.8,Yes,No,Low,0.0,Yes,Salle 19,149.0,0.5847222222222221,0.264273388918396,0.0,0.6476742668343078,1,0,1,1,False,False,True,False,False,False
ENSPD002826,Female,23.0,4,0.9642301710730948,2.0,0.3930957683741648,0.503,0.612,3.0,2.8,18.5,Yes,No,Middle,0.0,Yes,Salle 18,178.0,0.39583333333333337,0.46870395075509497,0.5862,0.9860656366780134,0,0,1,1,False,False,False,False,True,False
ENSPD004795,Male,22.0,2,0.7402799377916017,17.0,0.6982182628062361,0.524,0.674,1.0,4.3,31.1,No,No,Middle,2.0,Yes,Salle 25,71.0,0.5430555555555555,0.2887610110222727,0.1666,0.0,1,0,1,0,False,True,False,False,False,False
ENSPD004721,Male,24.0,5,0.5038880248833592,32.0,0.645879732739421,0.927,0.6070000000000001,1.0,0.6,8.5,No,Yes,Middle,2.0,Yes,Salle 24,109.0,0.5416666666666667,0.20989587627820747,0.1362,0.5818364233587374,1,1,1,0,False,False,False,True,False,False
ENSPD002031,Male,23.0,4,0.583203732503888,27.0,0.7048997772828508,0.616,0.706,1.0,3.7,13.1,Yes,No,Low,1.0,Yes,Salle 19,121.0,0.4361111111111111,0.28992683227400384,0.1464,0.7508690441401171,1,0,1,1,False,False,False,False,False,True
ENSPD002805,Male,20.0,5,0.7231726283048211,27.0,0.5467706013363028,0.003,0.748,1.0,1.4,3.5,Yes,Yes,Low,1.0,Yes,Salle 5,80.0,0.34305555555555556,0.41215788554620425,0.16440000000000002,0.900740336465212,1,1,1,1,True,False,False,False,False,False
ENSPD002418,Male,19.0,2,0.6500777604976672,22.0,0.6536748329621381,0.46299999999999997,0.622,1.0,0.3,9.1,No,No,High,2.0,No,Salle 19,161.0,0.4930555555555556,0.2832891407366642,0.155,0.7508690441401171,1,0,0,0,False,False,False,False,False,True
ENSPD002217,Female,22.0,2,0.8242612752721618,11.0,0.8006681514476615,0.584,0.344,1.0,0.6,0.4,No,No,Low,0.0,Yes,Salle 19,161.0,0.5583333333333333,0.30893935145383844,0.1774,0.7508690441401171,0,0,1,0,False,False,False,False,False,True
ENSPD003275,Female,21.0,5,0.3965785381026439,39.0,0.4398663697104678,0.6950000000000001,0.615,1.0,3.7,15.8,Yes,No,Middle,5.0,No,Salle 9,40.0,0.4930555555555556,0.19287870786256198,0.12240000000000001,0.0,0,0,0,1,False,True,False,False,False,False
ENSPD002639,Female,21.0,3,0.34525660964230165,42.0,0.2605790645879733,0.381,1.0,0.0,0.3,10.1,Yes,No,Middle,0.0,Yes,Salle 20,212.0,0.41666666666666674,0.20777646760874643,0.0,0.9860656366780134,0,0,1,1,False,False,False,False,True,False
ENSPD003211,Male,20.0,2,0.7853810264385693,14.0,0.6391982182628062,0.263,0.823,2.0,0.6,8.6,Yes,No,Middle,2.0,No,Salle 26,298.0,0.5013888888888889,0.3267073631726163,0.3448,0.5818364233587374,1,0,0,1,False,False,False,True,False,False
ENSPD003327,Female,22.0,3,0.7776049766718508,14.0,0.5211581291759466,0.658,0.777,1.0,2.6,14.4,Yes,No,Middle,1.0,Yes,Salle 30,154.0,0.6194444444444444,0.26497128994366514,0.1714,0.7508690441401171,0,0,1,1,False,False,False,False,False,True
ENSPD004391,Male,22.0,2,0.9455676516329704,4.0,0.45991091314031185,0.721,0.277,0.0,2.5,16.9,Yes,Yes,Middle,3.0,Yes,Salle 12,298.0,0.3597222222222223,0.49332762584221734,0.0,0.5818364233587374,1,1,1,1,False,False,False,True,False,False
ENSPD004232,Male,20.0,3,0.2441679626749611,49.0,0.7750556792873051,0.308,0.635,0.0,2.4,24.0,Yes,No,High,4.0,Yes,Salle 12,263.0,0.3847222222222222,0.18221038370999507,0.0,0.5818364233587374,1,0,1,1,False,False,False,True,False,False
ENSPD000291,Male,21.0,2,0.926905132192846,5.0,0.5701559020044543,0.5770000000000001,1.0,1.0,1.2,9.5,Yes,No,Low,1.0,Yes,Salle 10,298.0,0.6986111111111111,0.2755811951047552,0.1906,0.5818364233587374,1,0,1,1,False,False,False,True,False,False
ENSPD002313,Male,21.0,2,0.8087091757387247,12.0,0.40868596881959907,0.635,0.663,1.0,2.9,23.2,No,No,High,0.0,No,Salle 3,185.0,0.4722222222222222,0.3526213228566316,0.1754,0.900740336465212,1,0,0,0,True,False,False,False,False,False
ENSPD000208,Female,22.0,5,0.9999999999999999,0.0,0.40089086859688206,0.48,0.798,1.0,1.4,8.7,Yes,No,Middle,1.0,Yes,Salle 22,80.0,0.4472222222222222,0.4411284378071212,0.2,0.900740336465212,0,0,1,1,True,False,False,False,False,False
ENSPD004685,Female,21.0,5,0.3903576982892689,39.0,0.8953229398663696,0.49700000000000005,0.7140000000000001,0.0,4.0,17.1,Yes,No,Low,1.0,Yes,Salle 29,70.0,0.6291666666666667,0.1424130857944049,0.0,0.6476742668343078,0,0,1,1,False,False,True,False,False,False
ENSPD000386,Female,24.0,5,0.9999999999999999,0.0,0.5512249443207128,0.616,0.5710000000000001,1.0,1.1,3.8,Yes,No,Low,0.0,Yes,Salle 16,40.0,0.40694444444444444,0.47359212821833185,0.2,0.0,0,0,1,1,False,True,False,False,False,False
ENSPD002999,Male,21.0,3,0.2783825816485225,46.0,0.6547884187082406,0.29600000000000004,0.708,0.0,1.2,10.2,Yes,No,Middle,0.0,Yes,Salle 6,263.0,0.47916666666666674,0.15587667209286207,0.0,0.5818364233587374,1,0,1,1,False,False,False,True,False,False
ENSPD004704,Female,18.0,4,0.7231726283048211,2.0,0.7839643652561247,0.8540000000000001,0.647,3.0,5.6,28.3,Yes,No,Middle,1.0,Yes,Salle 26,173.0,0.6972222222222222,0.21804722197697965,0.4932000000000001,0.6476742668343078,0,0,1,1,False,False,True,False,False,False
ENSPD000746,Female,20.0,5,0.7185069984447902,18.0,0.9665924276169264,0.616,1.0,1.0,1.3,7.1,Yes,No,Middle,1.0,No,Salle 14,40.0,0.6708333333333333,0.22637041444847097,0.1638,0.0,0,0,0,1,False,True,False,False,False,False
ENSPD004669,Female,21.0,3,0.6220839813374807,24.0,0.9331848552338531,0.8079999999999999,0.6070000000000001,1.0,1.4,42.8,No,No,Middle,0.0,No,Salle 11,188.0,0.7416666666666665,0.1751866376141125,0.1514,0.900740336465212,0,0,0,0,True,False,False,False,False,False
ENSPD002581,Male,21.0,5,0.7449455676516329,16.0,0.6447661469933185,0.639,0.559,1.0,1.2,10.2,Yes,Yes,High,1.0,No,Salle 8,80.0,0.5291666666666666,0.2974561807199577,0.1672,0.900740336465212,1,1,0,1,True,False,False,False,False,False
ENSPD000920,Male,20.0,3,0.8320373250388803,11.0,0.5089086859688196,0.49,0.8009999999999999,3.0,3.0,18.3,No,No,Middle,2.0,No,Salle 9,263.0,0.5638888888888889,0.30863508766316683,0.5352,0.5818364233587374,1,0,0,0,False,False,False,True,False,False
ENSPD000888,Male,20.0,4,0.7807153965785382,14.0,0.6258351893095769,0.7440000000000001,0.783,1.0,7.1,36.4,Yes,Yes,Middle,0.0,Yes,Salle 5,178.0,0.623611111111111,0.2641145117741315,0.1718,0.9860656366780134,1,1,1,1,False,False,False,False,True,False
ENSPD003576,Male,22.0,3,0.6905132192846034,20.0,0.6792873051224945,0.64,0.549,2.0,6.6,34.3,Yes,Yes,High,0.0,No,Salle 27,263.0,0.5458333333333333,0.27069780055200854,0.32039999999999996,0.5818364233587374,1,1,0,1,False,False,False,True,False,False
ENSPD004988,Female,22.0,4,0.6267496111975116,24.0,0.8195991091314031,0.8940000000000001,0.635,1.0,0.9,2.5,Yes,Yes,Low,0.0,Yes,Salle 25,173.0,0.8916666666666666,0.1365440287969962,0.152,0.6476742668343078,0,1,1,1,False,False,True,False,False,False
ENSPD001662,Male,24.0,1,0.8600311041990668,9.0,1.0,0.644,0.698,2.0,0.7,3.1,No,No,High,0.0,Yes,Salle 15,121.0,0.7375,0.24174015028783916,0.364,0.7508690441401171,1,0,1,0,False,False,False,False,False,True
ENSPD003727,Male,22.0,3,0.9642301710730948,2.0,0.7717149220489978,0.45,0.782,1.0,1.5,16.4,Yes,No,Middle,1.0,Yes,Salle 3,212.0,0.6555555555555557,0.3052701269918514,0.19540000000000002,0.9860656366780134,1,0,1,1,False,False,False,False,True,False
ENSPD000978,Male,25.0,4,0.7325038880248832,17.0,0.5701559020044543,0.663,0.664,4.0,4.2,11.5,Yes,No,Low,1.0,Yes,Salle 18,178.0,0.5402777777777777,0.28754157823381565,0.6624,0.9860656366780134,1,0,1,1,False,False,False,False,True,False
ENSPD003023,Female,22.0,1,0.8631415241057544,9.0,0.3541202672605791,0.573,0.5529999999999999,1.0,0.8,0.2,Yes,No,High,1.0,Yes,Salle 19,83.0,0.3763888888888889,0.44375498864840957,0.1824,0.0,0,0,1,1,False,True,False,False,False,False
ENSPD000522,Male,24.0,4,0.9999999999999999,0.0,0.6959910913140313,0.6859999999999999,1.0,0.0,2.4,11.5,No,Yes,Middle,1.0,Yes,Salle 2,157.0,0.8041666666666665,0.2548890686606755,0.0,0.900740336465212,1,1,1,0,True,False,False,False,False,False
ENSPD003046,Female,26.0,1,0.9455676516329704,4.0,0.5579064587973274,0.287,0.435,1.0,1.0,13.0,Yes,No,Low,0.0,Yes,Salle 23,96.0,0.28055555555555556,0.577370302999119,0.193,1.0,0,0,1,1,False,False,False,False,False,False
ENSPD002899,Male,21.0,1,0.7853810264385693,14.0,0.11024498886414257,0.172,0.635,1.0,3.3,17.8,No,No,Low,3.0,Yes,Salle 27,143.0,0.023611111111111083,0.9805609940113129,0.1724,0.900740336465212,1,0,1,0,True,False,False,False,False,False
ENSPD000057,Male,25.0,3,0.6671850699844478,21.0,0.6169265033407572,0.789,0.823,1.0,1.1,7.1,Yes,Yes,Middle,1.0,No,Salle 24,212.0,0.6875,0.20543536369424278,0.15719999999999998,0.9860656366780134,1,1,0,1,False,False,False,False,True,False
ENSPD000725,Male,21.0,3,0.5287713841368585,30.0,0.7015590200445435,0.652,0.674,1.0,0.4,5.3,No,Yes,Middle,0.0,No,Salle 23,212.0,0.6194444444444444,0.18813624597012882,0.1394,0.9860656366780134,1,1,0,0,False,False,False,False,True,False
ENSPD001411,Male,22.0,1,0.9035769828926904,6.0,0.4855233853006682,0.313,0.934,1.0,1.9,14.4,Yes,Yes,Low,0.0,No,Salle 8,143.0,0.5583333333333333,0.3351302241206533,0.1876,0.900740336465212,1,1,0,1,True,False,False,False,False,False
ENSPD000810,Male,21.0,2,0.8600311041990668,9.0,0.4576837416481069,0.693,0.58,2.0,0.3,5.7,No,No,High,1.0,Yes,Salle 23,231.0,0.4527777777777777,0.3844012282134931,0.364,0.9860656366780134,1,0,1,0,False,False,False,False,True,False
ENSPD002304,Male,23.0,4,0.28304821150855364,46.0,0.3608017817371938,0.616,0.779,1.0,2.9,16.8,No,No,Middle,2.0,Yes,Salle 28,173.0,0.6763888888888889,0.09750175304510567,0.10779999999999999,0.6476742668343078,1,0,1,0,False,False,True,False,False,False
ENSPD001225,Male,21.0,4,0.6842923794712287,20.0,0.4688195991091314,0.623,0.635,1.0,1.4,25.9,Yes,Yes,Middle,1.0,No,Salle 8,157.0,0.5402777777777777,0.27128836836693704,0.15940000000000001,0.900740336465212,1,1,0,1,True,False,False,False,False,False
ENSPD001435,Male,27.0,4,0.7978227060653188,13.0,0.47772828507795106,0.616,0.414,2.0,0.2,12.9,Yes,No,Middle,0.0,Yes,Salle 17,178.0,0.38888888888888895,0.40666964121390314,0.34800000000000003,0.9860656366780134,1,0,1,1,False,False,False,False,True,False
ENSPD000812,Female,21.0,2,0.7231726283048211,21.0,0.6837416481069042,0.47500000000000003,0.615,1.0,1.1,4.9,Yes,No,Low,0.0,No,Salle 4,298.0,0.5111111111111111,0.2994798205155802,0.16440000000000002,0.5818364233587374,0,0,0,1,False,False,False,True,False,False
ENSPD004444,Male,19.0,2,0.7340590979782272,17.0,0.5890868596881961,0.654,0.31,1.0,1.4,19.2,Yes,Yes,Middle,1.0,Yes,Salle 13,298.0,0.4208333333333333,0.35793359481133136,0.1658,0.5818364233587374,1,1,1,1,False,False,False,True,False,False
ENSPD002779,Male,23.0,5,0.7200622083981337,18.0,0.3129175946547884,0.51,0.523,0.0,0.8,4.2,Yes,No,Middle,0.0,Yes,Salle 16,80.0,0.24305555555555558,0.5094003493639221,0.0,0.900740336465212,1,0,1,1,True,False,False,False,False,False
ENSPD001778,Male,18.0,1,0.5023328149300156,32.0,0.5746102449888641,0.336,0.311,2.0,0.7,3.6,Yes,No,Low,1.0,Yes,Salle 15,149.0,0.2069444444444445,0.4345263514198914,0.272,0.6476742668343078,1,0,1,1,False,False,True,False,False,False
ENSPD002987,Male,22.0,4,0.9113530326594089,6.0,0.6859688195991092,0.355,0.7190000000000001,2.0,6.1,30.1,Yes,No,High,0.0,No,Salle 22,230.0,0.4736111111111111,0.38925246193592333,0.3772,0.5818364233587374,1,0,0,1,False,False,False,True,False,False
ENSPD003501,Male,22.0,5,0.541213063763608,30.0,0.44320712694877507,0.738,0.309,0.0,3.3,13.5,Yes,Yes,High,1.0,Yes,Salle 21,67.0,0.3680555555555556,0.31527444954581607,0.0,0.9860656366780134,1,1,1,1,False,False,False,False,True,False
ENSPD000284,Male,23.0,3,0.6485225505443236,23.0,0.4198218262806236,0.63,0.706,1.0,0.1,0.0,No,No,Middle,0.0,Yes,Salle 26,130.0,0.5666666666666667,0.24718217299415737,0.15480000000000002,1.0,1,0,1,0,False,False,False,False,False,False
ENSPD003497,Female,19.0,2,0.8351477449455676,11.0,0.5055679287305123,0.47500000000000003,0.636,0.0,6.6,33.2,Yes,No,High,0.0,Yes,Salle 22,298.0,0.4722222222222222,0.3622979038513131,0.0,0.5818364233587374,0,0,1,1,False,False,False,True,False,False
ENSPD001667,Male,24.0,3,0.9999999999999999,0.0,0.6492204899777283,0.684,0.517,4.0,0.9,11.5,Yes,No,Middle,2.0,No,Salle 23,185.0,0.5458333333333333,0.37436517728537666,0.8,0.6476742668343078,1,0,0,1,False,False,True,False,False,False
ENSPD001437,Male,23.0,1,0.5800933125972006,27.0,0.3184855233853007,0.685,0.679,1.0,4.3,25.8,No,No,Middle,2.0,Yes,Salle 8,248.0,0.47916666666666674,0.26534663248072665,0.146,0.5818364233587374,1,0,1,0,False,False,False,True,False,False
ENSPD002949,Male,24.0,3,0.38880248833592534,39.0,0.4966592427616926,0.536,0.68,1.0,0.3,6.5,Yes,Yes,High,2.0,No,Salle 30,185.0,0.49722222222222223,0.18839344065514077,0.12140000000000001,0.6476742668343078,1,1,0,1,False,False,True,False,False,False
ENSPD001394,Male,21.0,2,0.6189735614307931,24.0,0.4710467706013364,0.8200000000000001,0.87,1.0,0.1,9.2,Yes,No,Middle,0.0,No,Salle 24,298.0,0.7333333333333334,0.17687006004787612,0.151,0.5818364233587374,1,0,0,1,False,False,False,True,False,False
ENSPD004196,Male,23.0,5,0.7356143079315708,17.0,0.8162583518930958,0.766,0.895,0.0,0.3,11.5,No,No,Middle,1.0,Yes,Salle 12,67.0,0.8527777777777776,0.17285439174849912,0.0,0.9860656366780134,1,0,1,0,False,False,False,False,True,False
ENSPD000528,Male,23.0,2,0.7356143079315708,17.0,0.7260579064587974,0.359,0.775,0.0,0.4,12.8,No,Yes,Low,0.0,Yes,Salle 14,71.0,0.523611111111111,0.29716488207990766,0.0,0.0,1,1,1,0,False,True,False,False,False,False
ENSPD001220,Male,18.0,4,0.975116640746501,2.0,0.5779510022271716,0.616,0.517,0.0,2.2,19.8,Yes,No,Middle,0.0,Yes,Salle 18,173.0,0.6722222222222222,0.30088040879494204,0.0,0.6476742668343078,1,0,1,1,False,False,True,False,False,False
ENSPD004805,Female,22.0,2,0.942457231726283,4.0,0.7015590200445435,0.8079999999999999,0.45299999999999996,2.0,1.6,11.8,Yes,Yes,Middle,0.0,Yes,Salle 5,161.0,0.6013888888888889,0.32491489915938876,0.3852,0.7508690441401171,0,1,1,1,False,False,False,False,False,True
ENSPD002383,Female,21.0,1,0.5038880248833592,32.0,0.423162583518931,0.772,0.9840000000000001,1.0,10.8,47.1,Yes,No,Middle,0.0,Yes,Salle 1,149.0,0.6055555555555555,0.1853483868864864,0.1362,0.6476742668343078,0,0,1,1,False,False,True,False,False,False
ENSPD002446,Male,19.0,2,0.9782270606531881,1.0,0.7138084632516704,0.616,0.635,1.0,3.5,10.9,Yes,No,Middle,2.0,No,Salle 27,185.0,0.5736111111111111,0.3511449150117182,0.1972,0.900740336465212,1,0,0,1,True,False,False,False,False,False
ENSPD000153,Male,24.0,4,0.5738724727838257,27.0,0.5400890868596883,0.8570000000000001,0.9400000000000001,1.0,2.5,17.5,No,No,Middle,2.0,Yes,Salle 7,157.0,0.6680555555555555,0.18494848309056253,0.1452,0.900740336465212,1,0,1,0,True,False,False,False,False,False
ENSPD002448,Male,24.0,4,0.8833592534992224,8.0,0.40757238307349664,0.8200000000000001,0.335,1.0,1.8,12.4,Yes,Yes,Low,1.0,Yes,Salle 26,230.0,0.32361111111111107,0.5010995879780029,0.185,0.5818364233587374,1,1,1,1,False,False,False,True,False,False
ENSPD001750,Male,19.0,5,0.41990668740279935,37.0,0.8875278396436526,0.531,0.321,0.0,0.9,8.8,Yes,No,High,0.0,Yes,Salle 5,60.0,0.475,0.20907512453831592,0.0,0.7508690441401171,1,0,1,1,False,False,False,False,False,True
ENSPD001976,Female,18.0,5,0.609642301710731,25.0,0.6403118040089087,0.616,0.843,4.0,0.9,9.9,Yes,No,Low,1.0,Yes,Salle 1,48.0,0.6444444444444444,0.20380546290146653,0.5992000000000001,1.0,0,0,1,1,False,False,False,False,False,False
ENSPD001280,Male,22.0,3,0.687402799377916,20.0,0.5389755011135858,0.40399999999999997,0.562,2.0,2.8,11.5,Yes,Yes,Middle,2.0,Yes,Salle 26,185.0,0.31666666666666665,0.4189566125900799,0.31960000000000005,0.6476742668343078,1,1,1,1,False,False,True,False,False,False
ENSPD000949,Female,20.0,3,0.6967340590979781,20.0,0.6124721603563474,0.773,0.63,1.0,3.0,22.1,Yes,No,Middle,0.0,No,Salle 28,154.0,0.5652777777777778,0.2635937565603984,0.161,0.7508690441401171,0,0,0,1,False,False,False,False,False,True
ENSPD000176,Male,18.0,1,0.5769828926905131,27.0,0.7494432071269488,0.533,0.541,1.0,0.5,6.6,No,No,Low,1.0,No,Salle 1,186.0,0.5194444444444445,0.24455959721207135,0.1456,0.9860656366780134,1,0,0,0,False,False,False,False,True,False
ENSPD002113,Male,23.0,4,0.822706065318818,11.0,0.7527839643652561,0.61,0.349,4.0,1.2,7.1,Yes,No,Middle,0.0,No,Salle 26,178.0,0.4013888888888889,0.4071114880576461,0.7088,0.9860656366780134,1,0,0,1,False,False,False,False,True,False
ENSPD004926,Male,20.0,1,0.7247278382581649,18.0,0.9020044543429844,0.564,0.8250000000000001,2.0,4.7,25.9,Yes,No,Low,0.0,Yes,Salle 29,143.0,0.7194444444444443,0.210702703443975,0.3292,0.900740336465212,1,0,1,1,True,False,False,False,False,False
ENSPD001018,Male,23.0,1,0.5318818040435459,30.0,0.6113585746102449,0.772,0.767,2.0,0.1,4.9,No,No,Middle,0.0,Yes,Salle 28,248.0,0.7430555555555556,0.15014635565088982,0.2796,0.5818364233587374,1,0,1,0,False,False,False,True,False,False
ENSPD004643,Female,21.0,5,0.5598755832037324,28.0,0.7383073496659243,0.616,0.8109999999999999,0.0,8.1,32.3,No,No,Middle,2.0,Yes,Salle 3,80.0,0.6347222222222223,0.19224354823871823,0.0,0.900740336465212,0,0,1,0,True,False,False,False,False,False
ENSPD000542,Female,23.0,2,0.6065318818040436,25.0,0.5467706013363028,0.5700000000000001,0.484,3.0,1.4,20.7,No,No,High,2.0,Yes,Salle 10,71.0,0.35277777777777775,0.35386513804742237,0.44820000000000004,0.0,0,0,1,0,False,True,False,False,False,False
ENSPD001258,Male,24.0,4,0.547433903576983,29.0,0.42873051224944325,0.48,0.5660000000000001,0.0,1.9,9.1,No,No,Low,1.0,No,Salle 24,230.0,0.3847222222222222,0.306944674798845,0.0,0.5818364233587374,1,0,0,0,False,False,False,True,False,False
ENSPD000477,Male,21.0,1,0.9284603421461898,5.0,0.4933184855233853,0.513,0.494,0.0,0.0,5.6,No,No,High,1.0,No,Salle 1,248.0,0.4305555555555556,0.4265073797486659,0.0,0.5818364233587374,1,0,0,0,False,False,False,True,False,False
ENSPD004094,Female,26.0,1,0.6469673405909798,23.0,0.7383073496659243,0.473,0.294,2.0,1.2,7.0,No,No,Middle,0.0,Yes,Salle 2,96.0,0.375,0.3547779613320424,0.3092,1.0,0,0,1,0,False,False,False,False,False,False
ENSPD001047,Male,22.0,3,0.80248833592535,13.0,0.7249443207126949,0.63,0.6890000000000001,2.0,1.4,10.5,Yes,No,Middle,1.0,No,Salle 7,212.0,0.5611111111111111,0.30033986980655003,0.3492,0.9860656366780134,1,0,0,1,False,False,False,False,True,False
ENSPD004476,Male,22.0,2,0.8429237947122862,10.0,0.5033407572383074,0.479,0.379,2.0,0.1,11.5,No,Yes,Middle,1.0,Yes,Salle 16,161.0,0.32500000000000007,0.4815438449198546,0.35960000000000003,0.7508690441401171,1,1,1,0,False,False,False,False,False,True
ENSPD004263,Male,21.0,2,0.8335925349922239,11.0,0.5144766146993318,0.835,0.479,1.0,1.7,10.6,No,No,Middle,0.0,Yes,Salle 7,298.0,0.5625,0.30986083323033775,0.1786,0.5818364233587374,1,0,1,0,False,False,False,True,False,False
ENSPD004110,Male,20.0,2,0.4665629860031105,34.0,0.6113585746102449,0.462,0.635,2.0,0.1,0.8,Yes,No,High,3.0,Yes,Salle 8,71.0,0.7333333333333334,0.13488627926645688,0.26280000000000003,0.0,1,0,1,1,False,True,False,False,False,False
ENSPD000582,Other,26.0,2,0.8942457231726283,7.0,0.5991091314031181,0.773,1.0,0.0,1.1,6.5,Yes,No,Middle,2.0,Yes,Salle 17,177.0,0.7930555555555554,0.23131709485586308,0.0,0.6476742668343078,2,0,1,1,False,False,True,False,False,False
ENSPD003189,Female,22.0,3,0.8538102643856921,9.0,0.5590200445434298,0.424,0.635,0.0,0.2,10.8,No,No,Middle,1.0,Yes,Salle 19,104.0,0.4111111111111111,0.41210382730230644,0.0,0.0,0,0,1,0,False,True,False,False,False,False
ENSPD001855,Female,28.0,2,0.6391912908242613,23.0,0.6035634743875279,0.7290000000000001,0.895,0.0,0.7,5.2,Yes,Yes,Middle,0.0,Yes,Salle 16,119.0,0.7416666666666665,0.17986219054871047,0.0,1.0,0,1,1,1,False,False,False,False,False,False
ENSPD003397,Female,22.0,5,0.8538102643856921,9.0,0.455456570155902,0.763,0.544,0.0,1.5,15.6,Yes,No,Low,1.0,No,Salle 6,109.0,0.525,0.33700256122934125,0.0,0.5818364233587374,0,0,0,1,False,False,False,True,False,False
ENSPD004930,Female,22.0,1,0.8522550544323483,10.0,0.38641425389755013,0.599,0.809,0.0,0.3,11.7,Yes,No,Middle,0.0,Yes,Salle 6,149.0,0.5597222222222222,0.3174512840939786,0.0,0.6476742668343078,0,0,1,1,False,False,True,False,False,False
ENSPD000471,Male,20.0,5,0.5940902021772939,26.0,0.6915367483296213,0.47500000000000003,0.644,1.0,0.5,11.5,Yes,No,High,1.0,Yes,Salle 20,40.0,0.5694444444444444,0.2282053592603913,0.14780000000000001,0.0,1,0,1,1,False,True,False,False,False,False
ENSPD001621,Male,21.0,3,0.9237947122861586,5.0,0.732739420935412,0.993,0.9620000000000001,1.0,1.4,14.7,Yes,Yes,Low,3.0,No,Salle 13,263.0,0.9402777777777778,0.1940557902813285,0.19019999999999998,0.5818364233587374,1,1,0,1,False,False,False,True,False,False
ENSPD003340,Female,25.0,1,0.9097978227060654,6.0,0.7861915367483296,0.569,0.883,1.0,2.0,25.7,Yes,No,Middle,1.0,Yes,Salle 27,96.0,0.7305555555555554,0.2580467659764777,0.1884,1.0,0,0,1,1,False,False,False,False,False,False
ENSPD000059,Male,20.0,1,0.8087091757387247,12.0,0.6503340757238307,0.474,0.8340000000000001,2.0,5.1,23.5,No,No,Middle,1.0,No,Salle 23,149.0,0.5958333333333332,0.2854071142499105,0.3508,0.6476742668343078,1,0,0,0,False,False,True,False,False,False
ENSPD000128,Female,24.0,2,0.7465007776049767,16.0,0.5545657015590201,0.731,0.665,1.0,0.5,13.8,Yes,No,Middle,2.0,Yes,Salle 16,161.0,0.6180555555555556,0.25596062180209167,0.16740000000000002,0.7508690441401171,0,0,1,1,False,False,False,False,False,True
ENSPD002656,Male,21.0,4,0.8460342146189735,10.0,0.7527839643652561,0.6900000000000001,0.728,3.0,4.8,21.6,Yes,No,Low,1.0,Yes,Salle 10,178.0,0.6472222222222221,0.2737032972545014,0.5406,0.9860656366780134,1,0,1,1,False,False,False,False,True,False
ENSPD004028,Male,24.0,3,0.8755832037325039,8.0,0.49109131403118034,0.478,0.696,0.0,2.1,9.2,No,No,Middle,1.0,Yes,Salle 22,188.0,0.44166666666666665,0.39804432865842443,0.0,0.900740336465212,1,0,1,0,True,False,False,False,False,False
ENSPD003435,Female,23.0,1,0.7216174183514773,18.0,0.43541202672605794,0.0,0.33799999999999997,0.0,1.5,11.4,Yes,No,Low,2.0,No,Salle 13,149.0,0.08194444444444449,0.7720081393147399,0.0,0.6476742668343078,0,0,0,1,False,False,True,False,False,False
ENSPD004419,Male,23.0,4,0.8864696734059098,7.0,0.5033407572383074,0.428,1.0,1.0,1.7,12.3,Yes,No,Middle,0.0,Yes,Salle 2,173.0,0.6472222222222221,0.2858312356578825,0.1854,0.6476742668343078,1,0,1,1,False,False,True,False,False,False
ENSPD001493,Male,23.0,3,0.6080870917573872,25.0,0.8095768374164811,0.16899999999999998,0.47000000000000003,1.0,3.3,20.7,Yes,No,Middle,0.0,Yes,Salle 18,263.0,0.3458333333333333,0.35974413123015725,0.1496,0.5818364233587374,1,0,1,1,False,False,False,True,False,False
ENSPD000939,Male,24.0,4,0.7278382581648523,18.0,0.6826280623608018,0.798,0.919,1.0,0.8,0.0,Yes,No,Middle,1.0,Yes,Salle 20,70.0,0.7819444444444443,0.19129845027904988,0.165,0.0,1,0,1,1,False,True,False,False,False,False
ENSPD000475,Male,23.0,1,0.9999999999999999,0.0,0.4342984409799555,0.892,0.7759999999999999,2.0,1.9,4.7,Yes,No,Middle,1.0,Yes,Salle 13,186.0,0.7597222222222222,0.27138058831004186,0.4,0.9860656366780134,1,0,1,1,False,False,False,False,True,False
ENSPD003619,Female,19.0,1,0.9999999999999999,0.0,0.7850779510022272,0.693,0.593,1.0,1.5,8.0,Yes,No,Middle,1.0,Yes,Salle 16,149.0,0.6361111111111111,0.32529097649088,0.2,0.6476742668343078,0,0,1,1,False,False,True,False,False,False
ENSPD004457,Female,23.0,4,0.5925349922239501,26.0,0.7371937639198219,0.376,0.604,1.0,3.0,13.2,Yes,Yes,Middle,0.0,Yes,Salle 11,230.0,0.4541666666666666,0.2832702844043019,0.1476,0.5818364233587374,0,1,1,1,False,False,False,True,False,False
ENSPD000105,Female,23.0,2,0.9455676516329704,4.0,0.3418708240534521,0.745,0.621,2.0,0.3,3.7,Yes,No,Middle,1.0,Yes,Salle 2,298.0,0.5805555555555555,0.3367972770177985,0.386,0.5818364233587374,0,0,1,1,False,False,False,True,False,False
ENSPD002763,Female,22.0,5,0.7433903576982893,16.0,0.7628062360801782,0.774,0.7959999999999999,2.0,1.4,14.5,No,No,Middle,0.0,Yes,Salle 5,109.0,0.7416666666666665,0.20834055842308033,0.334,0.5818364233587374,0,0,1,0,False,False,False,True,False,False
ENSPD004393,Female,24.0,1,0.7418351477449457,17.0,0.6937639198218263,0.664,0.401,0.0,2.3,18.0,Yes,No,Middle,0.0,No,Salle 2,248.0,0.5041666666666667,0.3097946822048354,0.0,0.5818364233587374,0,0,0,1,False,False,False,True,False,False
ENSPD002215,Female,22.0,1,0.9999999999999999,0.0,0.455456570155902,0.507,0.809,3.0,0.3,5.1,No,No,Middle,0.0,Yes,Salle 15,186.0,0.5444444444444444,0.3752000194458587,0.6,0.9860656366780134,0,0,1,0,False,False,False,False,True,False
ENSPD002041,Female,26.0,2,0.56298600311042,28.0,0.6469933184855233,0.845,0.7340000000000001,2.0,1.4,7.1,No,No,Middle,3.0,Yes,Salle 30,231.0,0.65,0.18784948815980992,0.2876,0.9860656366780134,0,0,1,0,False,False,False,False,True,False
ENSPD001647,Male,24.0,2,0.7542768273716952,16.0,0.6525612472160356,0.5700000000000001,0.7390000000000001,1.0,2.2,18.5,Yes,No,Middle,1.0,Yes,Salle 14,185.0,0.5986111111111111,0.2669160669676087,0.16840000000000002,0.900740336465212,1,0,1,1,True,False,False,False,False,False
ENSPD004299,Male,22.0,3,0.9766718506998445,2.0,0.5723830734966593,0.36100000000000004,0.925,1.0,9.1,41.6,Yes,No,Low,3.0,Yes,Salle 18,185.0,0.6069444444444445,0.33280276461250125,0.197,0.6476742668343078,1,0,1,1,False,False,True,False,False,False
ENSPD001418,Male,21.0,2,0.7776049766718508,14.0,1.0,0.612,0.583,0.0,2.5,22.4,No,No,High,1.0,Yes,Salle 7,119.0,0.6333333333333333,0.2589894927857396,0.0,1.0,1,0,1,0,False,False,False,False,False,False
ENSPD001748,Male,22.0,4,0.9129082426127527,6.0,0.645879732739421,0.516,0.6020000000000001,2.0,1.0,6.2,Yes,No,Middle,0.0,Yes,Salle 11,157.0,0.4277777777777778,0.42260049550842027,0.37760000000000005,0.900740336465212,1,0,1,1,True,False,False,False,False,False
ENSPD000659,Female,22.0,4,0.6889580093312596,20.0,0.532293986636971,0.737,0.658,1.0,2.5,12.6,Yes,No,Middle,0.0,Yes,Salle 4,230.0,0.5958333333333332,0.24747925598150514,0.16,0.5818364233587374,0,0,1,1,False,False,False,True,False,False
ENSPD004637,Male,17.0,2,0.7340590979782272,17.0,0.4020044543429844,0.42200000000000004,0.36600000000000005,0.0,3.1,11.5,Yes,No,Low,1.0,Yes,Salle 9,177.0,0.29166666666666674,0.46408612928142656,0.0,0.6476742668343078,1,0,1,1,False,False,True,False,False,False
ENSPD000675,Male,24.0,3,0.8491446345256609,10.0,0.9476614699331849,0.84,0.23399999999999999,1.0,4.7,28.2,Yes,No,Middle,0.0,No,Salle 14,154.0,0.5055555555555555,0.3467229287550946,0.1806,0.7508690441401171,1,0,0,1,False,False,False,False,False,True
ENSPD003986,Female,22.0,1,0.4976671850699844,32.0,0.7383073496659243,0.767,0.653,1.0,0.3,6.9,Yes,No,Middle,3.0,Yes,Salle 10,83.0,0.6569444444444444,0.16608091184243493,0.13540000000000002,0.0,0,0,1,1,False,True,False,False,False,False
ENSPD004194,Female,22.0,2,0.5660964230171072,28.0,0.8708240534521159,0.856,0.635,1.0,0.6,8.3,Yes,No,Middle,1.0,Yes,Salle 10,298.0,0.7791666666666666,0.1494504616795805,0.1442,0.5818364233587374,0,0,1,1,False,False,False,True,False,False
ENSPD003773,Male,25.0,3,0.8320373250388803,11.0,1.0,0.632,0.5700000000000001,2.0,0.8,13.0,No,No,Middle,1.0,No,Salle 27,188.0,0.6319444444444444,0.27616731422596486,0.3568,0.900740336465212,1,0,0,0,True,False,False,False,False,False
ENSPD001568,Male,22.0,4,0.5567651632970451,28.0,0.7650334075723831,0.43,0.594,2.0,0.6,8.4,Yes,No,Low,0.0,Yes,Salle 23,93.0,0.4833333333333333,0.25479560439752913,0.28600000000000003,1.0,1,0,1,1,False,False,False,False,False,False
ENSPD002011,Male,21.0,2,0.6671850699844478,21.0,0.576837416481069,0.40299999999999997,0.381,0.0,3.6,16.1,Yes,No,High,0.0,Yes,Salle 2,177.0,0.2777777777777778,0.4458137212917995,0.0,0.6476742668343078,1,0,1,1,False,False,True,False,False,False
ENSPD004238,Female,21.0,1,0.7402799377916017,17.0,0.8407572383073497,0.34600000000000003,0.635,0.0,1.9,7.7,No,No,Middle,1.0,Yes,Salle 7,121.0,0.6263888888888889,0.2505176117581852,0.0,0.7508690441401171,0,0,1,0,False,False,False,False,False,True
ENSPD000419,Female,23.0,3,0.547433903576983,29.0,0.532293986636971,0.867,0.449,2.0,5.3,34.5,Yes,No,Middle,0.0,No,Salle 20,212.0,0.4902777777777778,0.24802570576871838,0.2836,0.9860656366780134,0,0,0,1,False,False,False,False,True,False
ENSPD000866,Male,23.0,5,0.7884914463452567,14.0,0.6113585746102449,0.387,0.691,0.0,0.0,2.1,Yes,No,Middle,1.0,Yes,Salle 26,80.0,0.4472222222222222,0.3612005779151688,0.0,0.900740336465212,1,0,1,1,True,False,False,False,False,False
ENSPD003558,Male,22.0,1,0.5552099533437015,29.0,0.6158129175946548,1.0,0.5910000000000001,1.0,1.1,8.6,Yes,No,High,2.0,Yes,Salle 6,248.0,0.6375,0.18984932924260547,0.1428,0.5818364233587374,1,0,1,1,False,False,False,True,False,False
ENSPD000803,Male,25.0,3,0.7744945567651632,14.0,0.8151447661469934,0.8250000000000001,0.467,1.0,1.4,14.4,No,No,Middle,1.0,No,Salle 27,212.0,0.65,0.25110668251296464,0.171,0.9860656366780134,1,0,0,0,False,False,False,False,True,False
ENSPD002480,Female,20.0,4,0.7309486780715396,17.0,0.6358574610244989,0.557,0.594,2.0,1.5,11.5,Yes,No,High,0.0,Yes,Salle 4,230.0,0.4916666666666667,0.3129145110937408,0.33080000000000004,0.5818364233587374,0,0,1,1,False,False,False,True,False,False
ENSPD000476,Other,18.0,1,0.9284603421461898,5.0,0.5879732739420935,0.946,0.798,2.0,1.4,8.2,Yes,No,Low,1.0,Yes,Salle 1,149.0,0.7416666666666665,0.2589215401700955,0.38160000000000005,0.6476742668343078,2,0,1,1,False,False,True,False,False,False
ENSPD004602,Female,22.0,2,0.947122861586314,3.0,0.6102449888641426,0.765,0.505,1.0,0.5,4.9,Yes,Yes,Middle,0.0,No,Salle 22,177.0,0.5263888888888889,0.36818378990019884,0.19319999999999998,0.6476742668343078,0,1,0,1,False,False,True,False,False,False
ENSPD002230,Male,22.0,4,0.9362363919129083,4.0,0.5623608017817372,0.389,0.998,1.0,1.1,7.3,Yes,No,High,0.0,Yes,Salle 1,173.0,0.623611111111111,0.31192486405745157,0.19180000000000003,0.6476742668343078,1,0,1,1,False,False,True,False,False,False
ENSPD000834,Male,24.0,2,0.9968895800933125,0.0,0.5757238307349666,0.502,0.5650000000000001,2.0,1.7,8.1,Yes,No,Low,1.0,Yes,Salle 20,231.0,0.5208333333333334,0.3887404163595215,0.3992,0.9860656366780134,1,0,1,1,False,False,False,False,True,False
ENSPD002068,Male,20.0,4,0.8367029548989114,10.0,0.8296213808463252,0.516,0.543,0.0,1.4,11.5,No,No,Low,4.0,Yes,Salle 12,230.0,0.5180555555555555,0.33507929024539806,0.0,0.5818364233587374,1,0,1,0,False,False,False,True,False,False
ENSPD004120,Female,22.0,2,0.8087091757387247,12.0,0.43207126948775054,0.35000000000000003,0.65,3.0,0.1,6.5,Yes,No,Middle,0.0,Yes,Salle 5,298.0,0.3597222222222223,0.43497368228159683,0.5262,0.5818364233587374,0,0,1,1,False,False,False,True,False,False
ENSPD003565,Male,22.0,5,0.7122861586314152,18.0,0.5968819599109131,0.51,0.783,3.0,0.8,6.0,Yes,No,Middle,2.0,Yes,Salle 11,70.0,0.5305555555555556,0.28559723789712343,0.489,0.6476742668343078,1,0,1,1,False,False,True,False,False,False
ENSPD002658,Female,25.0,1,0.5349922239502333,30.0,0.5812917594654788,0.49700000000000005,0.465,1.0,1.4,4.4,No,No,Middle,2.0,Yes,Salle 16,248.0,0.3041666666666667,0.35949347644024365,0.1402,0.5818364233587374,0,0,1,0,False,False,False,True,False,False
ENSPD002494,Male,21.0,1,0.6625194401244167,22.0,0.4487750556792873,0.8029999999999999,0.7759999999999999,3.0,1.0,13.3,Yes,No,Middle,1.0,Yes,Salle 20,186.0,0.6069444444444445,0.23449353197461067,0.46979999999999994,0.9860656366780134,1,0,1,1,False,False,False,False,True,False
ENSPD001067,Male,21.0,4,0.3421461897356143,42.0,0.645879732739421,0.413,0.736,1.0,0.6,2.9,Yes,Yes,Middle,1.0,Yes,Salle 2,70.0,0.4111111111111111,0.20922766891358305,0.1154,0.0,1,1,1,1,False,True,False,False,False,False
ENSPD003615,Male,25.0,4,0.525660964230171,30.0,0.42093541202672613,0.522,0.6729999999999999,1.0,1.4,18.9,No,No,Middle,0.0,Yes,Salle 15,93.0,0.47777777777777775,0.24627775368492202,0.139,1.0,1,0,1,0,False,False,False,False,False,False
ENSPD000693,Male,21.0,2,0.7480559875583203,16.0,0.455456570155902,1.0,0.58,2.0,0.5,4.2,No,No,Middle,1.0,Yes,Salle 7,298.0,0.6333333333333333,0.24999794992065047,0.3352,0.5818364233587374,1,0,1,0,False,False,False,True,False,False
ENSPD001673,Female,21.0,4,0.6236391912908242,24.0,0.8006681514476615,0.634,0.46,0.0,4.6,18.1,No,No,High,2.0,Yes,Salle 21,178.0,0.4819444444444444,0.279668967171917,0.0,0.9860656366780134,0,0,1,0,False,False,False,False,True,False
ENSPD001917,Female,21.0,1,0.9999999999999999,0.0,0.4510022271714923,0.873,0.7320000000000001,2.0,1.1,3.3,No,No,Low,0.0,Yes,Salle 28,83.0,0.6305555555555554,0.3280423894474116,0.4,0.0,0,0,1,0,False,True,False,False,False,False
ENSPD001529,Female,25.0,4,0.5723172628304821,28.0,0.692650334075724,0.711,0.535,0.0,1.9,14.0,No,No,Low,1.0,Yes,Salle 10,178.0,0.5902777777777778,0.21271074021842099,0.0,0.9860656366780134,0,0,1,0,False,False,False,False,True,False
ENSPD003906,Male,22.0,1,0.4930015552099535,33.0,0.6592427616926504,0.915,0.756,2.0,0.0,5.9,Yes,No,Middle,2.0,No,Salle 9,186.0,0.6944444444444444,0.15321409195061528,0.2696,0.9860656366780134,1,0,0,1,False,False,False,False,True,False
ENSPD004271,Female,20.0,3,0.9999999999999999,0.0,0.4409799554565701,0.402,0.635,2.0,1.4,15.8,Yes,No,High,0.0,Yes,Salle 29,188.0,0.3055555555555556,0.5737520697907521,0.4,0.900740336465212,0,0,1,1,True,False,False,False,False,False
ENSPD001250,Female,22.0,5,0.6376360808709175,23.0,0.5389755011135858,0.47700000000000004,0.8220000000000001,0.0,0.8,9.7,Yes,No,Middle,0.0,Yes,Salle 9,60.0,0.5388888888888889,0.2562080617297504,0.0,0.7508690441401171,0,0,1,1,False,False,False,False,False,True
ENSPD002741,Male,23.0,4,0.6391912908242613,23.0,0.6347438752783965,0.34,0.6829999999999999,2.0,0.4,12.9,No,No,Middle,0.0,No,Salle 11,173.0,0.41388888888888886,0.3252197305824549,0.3072,0.6476742668343078,1,0,0,0,False,False,True,False,False,False
ENSPD001542,Male,22.0,1,0.8755832037325039,8.0,0.5478841870824054,0.498,0.369,1.0,0.9,2.5,No,Yes,Middle,1.0,No,Salle 16,149.0,0.3388888888888889,0.48271224150519265,0.184,0.6476742668343078,1,1,0,0,False,False,True,False,False,False
ENSPD002185,Female,24.0,3,0.975116640746501,2.0,0.5645879732739421,0.562,0.332,1.0,1.4,7.1,Yes,No,Low,2.0,Yes,Salle 12,188.0,0.3486111111111111,0.5167342767141117,0.1968,0.900740336465212,0,0,1,1,True,False,False,False,False,False
ENSPD004684,Male,22.0,3,0.6905132192846034,20.0,0.6625835189309577,0.9940000000000001,0.635,0.0,4.9,25.3,Yes,No,Middle,1.0,Yes,Salle 6,212.0,0.7444444444444445,0.19300222117708607,0.0,0.9860656366780134,1,0,1,1,False,False,False,False,True,False
ENSPD000054,Female,22.0,1,0.7402799377916017,17.0,0.5835189309576838,0.34700000000000003,0.444,1.0,0.3,4.0,Yes,No,Low,0.0,Yes,Salle 6,149.0,0.3402777777777778,0.4220089162173276,0.1666,0.6476742668343078,0,0,1,1,False,False,True,False,False,False
ENSPD001747,Male,19.0,3,0.7231726283048211,32.0,0.3129175946547884,0.631,0.735,1.0,0.1,5.3,Yes,No,High,2.0,No,Salle 26,154.0,0.44861111111111107,0.33564653574406855,0.16440000000000002,0.7508690441401171,1,0,0,1,False,False,False,False,False,True
ENSPD000455,Male,20.0,3,0.7869362363919129,14.0,0.7048997772828508,0.812,0.7120000000000001,1.0,1.2,14.3,Yes,No,Low,0.0,Yes,Salle 30,263.0,0.625,0.26542193571926764,0.1726,0.5818364233587374,1,0,1,1,False,False,False,True,False,False
ENSPD003008,Male,23.0,2,0.6671850699844478,21.0,0.7126948775055679,0.5750000000000001,0.559,1.0,1.1,7.6,Yes,No,Low,1.0,Yes,Salle 27,298.0,0.5388888888888889,0.26618577365324125,0.15719999999999998,0.5818364233587374,1,0,1,1,False,False,False,True,False,False
ENSPD000261,Female,20.0,3,0.6111975116640745,25.0,0.8195991091314031,0.622,0.406,2.0,2.1,15.9,Yes,No,Middle,1.0,Yes,Salle 10,154.0,0.4458333333333333,0.29499929268979863,0.3,0.7508690441401171,0,0,1,1,False,False,False,False,False,True
ENSPD000819,Male,19.0,3,0.4276827371695179,37.0,0.48106904231625836,0.6940000000000001,0.711,0.0,0.1,2.0,Yes,No,Low,2.0,No,Salle 5,188.0,0.5888888888888888,0.16710030859897482,0.0,0.900740336465212,1,0,0,1,True,False,False,False,False,False
ENSPD003498,Female,23.0,4,0.35769828926905134,41.0,0.7650334075723831,0.503,0.326,3.0,0.9,4.7,Yes,No,Middle,2.0,Yes,Salle 14,173.0,0.35416666666666674,0.24586801638369168,0.35220000000000007,0.6476742668343078,0,0,1,1,False,False,True,False,False,False
ENSPD004494,Female,22.0,3,0.5194401244167962,31.0,0.7171492204899776,0.6070000000000001,0.733,2.0,5.5,30.9,Yes,No,High,2.0,Yes,Salle 24,188.0,0.6597222222222222,0.1716437469872568,0.2764,0.900740336465212,0,0,1,1,True,False,False,False,False,False
ENSPD001139,Male,20.0,1,0.9999999999999999,0.0,0.5200445434298441,0.397,0.315,2.0,8.5,36.8,No,No,Middle,1.0,Yes,Salle 12,248.0,0.17222222222222228,0.7679978985883078,0.4,0.5818364233587374,1,0,1,0,False,False,False,True,False,False
ENSPD002114,Female,25.0,1,0.6003110419906686,26.0,0.5311804008908686,0.6809999999999999,0.8940000000000001,0.0,0.8,12.8,Yes,No,Middle,0.0,No,Salle 10,83.0,0.6597222222222222,0.19559085029984144,0.0,0.0,0,0,0,1,False,True,False,False,False,False
ENSPD004016,Male,26.0,1,0.8413685847589424,10.0,0.5011135857461025,0.746,0.794,0.0,0.1,11.6,No,No,High,1.0,Yes,Salle 14,186.0,0.7013888888888888,0.2501379349258548,0.0,0.9860656366780134,1,0,1,0,False,False,False,False,True,False
ENSPD004964,Female,20.0,5,0.8506998444790047,10.0,0.4276169265033408,0.6409999999999999,0.635,1.0,0.3,3.6,Yes,No,Middle,1.0,Yes,Salle 26,80.0,0.4388888888888889,0.3905257620308633,0.18080000000000002,0.900740336465212,0,0,1,1,True,False,False,False,False,False
ENSPD004315,Female,24.0,5,0.9999999999999999,0.0,0.6414253897550111,0.34299999999999997,0.664,0.0,3.0,14.5,Yes,Yes,Middle,1.0,Yes,Salle 20,80.0,0.5069444444444444,0.3987979446592833,0.0,0.900740336465212,0,1,1,1,True,False,False,False,False,False
ENSPD002520,Female,19.0,5,0.4867807153965785,33.0,0.38975501113585753,0.434,0.594,0.0,1.3,9.4,Yes,No,Low,4.0,No,Salle 25,70.0,0.38750000000000007,0.28032042265915336,0.0,0.6476742668343078,0,0,0,1,False,False,True,False,False,False
ENSPD001043,Male,23.0,4,0.7013996889580093,19.0,0.4020044543429844,0.5860000000000001,0.635,3.0,1.3,5.4,Yes,No,Low,1.0,No,Salle 19,157.0,0.575,0.2606612097144759,0.48479999999999995,0.900740336465212,1,0,0,1,True,False,False,False,False,False
ENSPD001285,Male,21.0,1,0.5972006220839813,26.0,0.19933184855233854,0.7340000000000001,0.6890000000000001,0.0,2.0,11.5,Yes,No,High,1.0,Yes,Salle 23,143.0,0.5472222222222223,0.238824663428744,0.0,0.900740336465212,1,0,1,1,True,False,False,False,False,False
ENSPD000447,Other,22.0,4,0.4354587869362364,36.0,0.6269487750556793,0.6759999999999999,0.16,3.0,1.2,11.5,Yes,No,High,2.0,Yes,Salle 18,230.0,0.35416666666666674,0.2792959917434259,0.38220000000000004,0.5818364233587374,2,0,1,1,False,False,False,True,False,False
ENSPD000410,Male,22.0,1,0.7262830482115087,18.0,0.44988864142538976,0.5750000000000001,0.515,1.0,3.1,20.4,No,No,Middle,0.0,No,Salle 29,248.0,0.3680555555555556,0.3932322549392391,0.1648,0.5818364233587374,1,0,0,0,False,False,False,True,False,False
ENSPD003499,Male,26.0,3,0.5598755832037324,28.0,0.7505567928730512,0.616,0.49100000000000005,0.0,1.6,10.8,Yes,No,Low,2.0,Yes,Salle 1,212.0,0.48611111111111116,0.25453518014029153,0.0,0.9860656366780134,1,0,1,1,False,False,False,False,True,False
ENSPD003935,Male,21.0,1,0.583203732503888,27.0,0.4587973273942093,0.55,0.635,2.0,0.5,11.5,Yes,No,Low,2.0,Yes,Salle 21,96.0,0.1444444444444445,0.562741280212723,0.2928,1.0,1,0,1,1,False,False,False,False,False,False
ENSPD000227,Female,24.0,3,0.5069984447900465,32.0,0.6592427616926504,0.758,0.282,0.0,1.4,15.0,No,No,Middle,2.0,No,Salle 10,185.0,0.45833333333333337,0.24911208732654586,0.0,0.6476742668343078,0,0,0,0,False,False,True,False,False,False
ENSPD003848,Male,24.0,4,0.9999999999999999,0.0,0.6113585746102449,0.542,0.784,1.0,0.0,6.0,Yes,No,Middle,0.0,Yes,Salle 26,93.0,0.5041666666666667,0.4006311354738693,0.2,1.0,1,0,1,1,False,False,False,False,False,False
ENSPD004311,Male,18.0,4,0.5925349922239501,26.0,0.5478841870824054,0.462,0.488,2.0,0.9,14.7,No,No,Middle,1.0,Yes,Salle 22,70.0,0.35138888888888886,0.3488551280095876,0.2952,0.0,1,0,1,0,False,True,False,False,False,False
ENSPD002922,Female,23.0,3,0.9999999999999999,0.0,0.42204899777282856,0.266,1.0,1.0,1.2,0.8,Yes,Yes,Middle,0.0,Yes,Salle 19,185.0,0.43194444444444435,0.45303405877038405,0.2,0.6476742668343078,0,1,1,1,False,False,True,False,False,False
ENSPD000140,Female,21.0,4,0.8569206842923794,9.0,0.779510022271715,0.7040000000000001,0.662,1.0,5.5,24.4,No,No,Middle,2.0,Yes,Salle 1,230.0,0.6916666666666667,0.2584021610724755,0.1816,0.5818364233587374,0,0,1,0,False,False,False,True,False,False
ENSPD003781,Male,22.0,2,0.884914463452566,7.0,0.35077951002227176,0.58,0.22399999999999998,2.0,6.0,11.5,Yes,No,High,1.0,No,Salle 26,298.0,0.2694444444444445,0.5611581481455845,0.3704,0.5818364233587374,1,0,0,1,False,False,False,True,False,False
ENSPD004026,Female,21.0,1,0.7402799377916017,17.0,0.8797327394209354,0.8,0.772,0.0,1.8,13.0,Yes,No,Middle,1.0,Yes,Salle 20,143.0,0.7222222222222223,0.2140821275065922,0.0,0.900740336465212,0,0,1,1,True,False,False,False,False,False
ENSPD000032,Male,22.0,5,0.541213063763608,30.0,0.455456570155902,0.418,0.856,0.0,2.2,19.7,No,No,Low,0.0,No,Salle 27,80.0,0.5180555555555555,0.23282835854579195,0.0,0.900740336465212,1,0,0,0,True,False,False,False,False,False
ENSPD001675,Female,22.0,4,0.9906687402799378,1.0,0.6113585746102449,0.593,0.953,1.0,0.5,4.8,Yes,Yes,Middle,0.0,No,Salle 7,177.0,0.7041666666666668,0.29135994802166665,0.1988,0.900740336465212,0,1,0,1,True,False,False,False,False,False
ENSPD001957,Female,22.0,1,0.7760497667185068,14.0,0.7071269487750558,0.33,0.598,0.0,0.9,6.8,Yes,No,Middle,1.0,No,Salle 3,149.0,0.47777777777777775,0.33728425879563595,0.0,0.6476742668343078,0,0,0,1,False,False,True,False,False,False
ENSPD000858,Male,23.0,4,0.7325038880248832,17.0,0.6113585746102449,0.48200000000000004,0.635,3.0,0.1,4.6,No,Yes,Low,0.0,No,Salle 21,230.0,0.2319444444444444,0.5290808519114307,0.49679999999999996,0.5818364233587374,1,1,0,0,False,False,False,True,False,False
ENSPD003771,Male,22.0,4,0.906687402799378,6.0,0.48440979955456576,0.65,0.742,0.0,0.7,8.3,Yes,Yes,Middle,1.0,Yes,Salle 27,173.0,0.576388888888889,0.32645787738335963,0.0,0.6476742668343078,1,1,1,1,False,False,True,False,False,False
ENSPD000969,Male,21.0,2,0.43701399688958,36.0,0.42873051224944325,0.7000000000000001,0.9390000000000001,1.0,0.3,9.0,No,No,Low,1.0,Yes,Salle 11,177.0,0.6166666666666666,0.16070977229933117,0.1276,0.6476742668343078,1,0,1,0,False,False,True,False,False,False
ENSPD001616,Female,24.0,2,0.16485225505443224,54.0,0.45991091314031185,0.439,0.6020000000000001,0.0,1.0,5.0,Yes,No,Middle,1.0,No,Salle 15,298.0,0.31805555555555554,0.18042459324385876,0.0,0.5818364233587374,0,0,0,1,False,False,False,True,False,False
ENSPD000194,Female,21.0,3,0.52099533437014,31.0,0.8195991091314031,0.5810000000000001,0.618,1.0,0.9,8.4,Yes,Yes,Low,1.0,Yes,Salle 11,188.0,0.5888888888888888,0.19687974432099034,0.1384,0.900740336465212,0,1,1,1,True,False,False,False,False,False
ENSPD003281,Male,22.0,3,0.8584758942457232,9.0,0.6113585746102449,0.41500000000000004,0.7909999999999999,1.0,3.8,19.6,Yes,No,Middle,0.0,No,Salle 11,263.0,0.6875,0.2605211762873234,0.18180000000000002,0.5818364233587374,1,0,0,1,False,False,False,True,False,False
ENSPD002028,Other,21.0,2,0.8087091757387247,12.0,0.6113585746102449,0.418,0.8170000000000001,1.0,0.6,3.8,No,No,High,1.0,Yes,Salle 26,177.0,0.6000000000000001,0.2834553817339537,0.1754,0.6476742668343078,2,0,1,0,False,False,True,False,False,False
ENSPD000559,Female,20.0,3,0.8786936236391912,8.0,0.6380846325167038,0.171,0.721,1.0,0.1,7.0,Yes,No,Low,0.0,Yes,Salle 12,185.0,0.4388888888888889,0.40122027439222185,0.1844,0.6476742668343078,0,0,1,1,False,False,True,False,False,False
ENSPD000584,Male,24.0,5,0.880248833592535,8.0,0.692650334075724,0.47200000000000003,0.541,0.0,0.1,3.0,No,No,Middle,1.0,Yes,Salle 22,48.0,0.5194444444444445,0.34932817173483743,0.0,1.0,1,0,1,0,False,False,False,False,False,False
ENSPD003103,Female,24.0,3,0.583203732503888,27.0,0.5077951002227171,0.251,0.794,3.0,1.2,13.5,No,No,Low,2.0,No,Salle 18,212.0,0.44166666666666665,0.28675226378491736,0.43920000000000003,0.9860656366780134,0,0,0,0,False,False,False,False,True,False
ENSPD004863,Male,23.0,2,0.7542768273716952,16.0,0.5167037861915368,0.61,0.5820000000000001,2.0,2.1,19.5,No,No,Middle,1.0,Yes,Salle 18,298.0,0.4097222222222222,0.3736237838309999,0.33680000000000004,0.5818364233587374,1,0,1,0,False,False,False,True,False,False
ENSPD002504,Female,20.0,3,0.7511664074650078,16.0,0.6113585746102449,0.782,0.856,0.0,2.4,11.5,No,No,Low,3.0,Yes,Salle 26,212.0,0.6486111111111111,0.24468873621217876,0.0,0.9860656366780134,0,0,1,0,False,False,False,False,True,False
ENSPD001511,Female,25.0,1,0.7916018662519438,13.0,0.7783964365256124,0.8200000000000001,0.552,1.0,2.5,13.7,Yes,No,Low,1.0,Yes,Salle 27,186.0,0.6583333333333332,0.25279984861073435,0.1732,0.9860656366780134,0,0,1,1,False,False,False,False,True,False
ENSPD003176,Male,21.0,5,0.8958009331259719,7.0,0.6113585746102449,0.622,0.457,1.0,1.6,13.7,Yes,No,Middle,1.0,Yes,Salle 20,70.0,0.45972222222222214,0.39298674776315057,0.1866,0.6476742668343078,1,0,1,1,False,False,True,False,False,False
ENSPD002624,Female,23.0,5,0.7744945567651632,14.0,0.244988864142539,0.8890000000000001,0.44700000000000006,1.0,2.0,17.2,Yes,No,Middle,1.0,No,Salle 18,60.0,0.41388888888888886,0.37866538762440516,0.171,0.7508690441401171,0,0,0,1,False,False,False,False,False,True
ENSPD000335,Male,21.0,3,0.31415241057542764,44.0,0.6102449888641426,0.451,0.61,1.0,0.1,4.4,Yes,No,Middle,0.0,Yes,Salle 27,104.0,0.44166666666666665,0.18433988493855194,0.1118,0.0,1,0,1,1,False,True,False,False,False,False
ENSPD004940,Female,21.0,2,0.4556765163297044,35.0,0.44320712694877507,0.589,0.72,0.0,0.8,0.4,Yes,Yes,Middle,2.0,Yes,Salle 30,119.0,0.44861111111111107,0.23474343669979966,0.0,1.0,0,1,1,1,False,False,False,False,False,False
ENSPD000318,Male,20.0,4,0.6765163297045101,21.0,0.356347438752784,0.48,0.765,2.0,0.3,6.4,Yes,No,Middle,2.0,Yes,Salle 1,173.0,0.44861111111111107,0.31804715800378913,0.3168,0.6476742668343078,1,0,1,1,False,False,True,False,False,False
ENSPD004479,Female,23.0,3,0.9642301710730948,2.0,0.7616926503340756,0.378,0.304,1.0,0.5,11.5,Yes,Yes,Low,3.0,Yes,Salle 22,185.0,0.37222222222222223,0.4896234789844086,0.19540000000000002,0.6476742668343078,0,1,1,1,False,False,True,False,False,False
ENSPD002394,Male,22.0,4,0.975116640746501,2.0,0.6113585746102449,0.616,0.71,2.0,1.1,6.2,No,No,Middle,0.0,Yes,Salle 16,230.0,0.9236111111111112,0.21059091497286772,0.3936,0.5818364233587374,1,0,1,0,False,False,False,True,False,False
ENSPD000446,Female,19.0,2,0.609642301710731,25.0,0.5167037861915368,0.43700000000000006,0.40299999999999997,0.0,2.3,1.1,No,No,Middle,1.0,Yes,Salle 20,298.0,0.2833333333333333,0.4127487362692348,0.0,0.5818364233587374,0,0,1,0,False,False,False,True,False,False
ENSPD002312,Female,23.0,4,0.6765163297045101,21.0,0.378619153674833,0.81,0.886,1.0,3.6,18.3,No,No,Middle,1.0,No,Salle 29,157.0,0.6625000000000001,0.21712752464847626,0.1584,0.900740336465212,0,0,0,0,True,False,False,False,False,False
ENSPD004967,Female,23.0,1,0.6982892690513217,19.0,0.5590200445434298,0.469,0.36,1.0,0.3,14.1,Yes,No,Middle,1.0,Yes,Salle 5,248.0,0.34444444444444444,0.4001409066963205,0.16119999999999998,0.5818364233587374,0,0,1,1,False,False,False,True,False,False
ENSPD003068,Female,25.0,2,0.7231726283048211,18.0,0.6336302895322939,0.436,0.701,1.0,1.4,1.8,Yes,No,Low,3.0,Yes,Salle 23,231.0,0.5513888888888888,0.2789144329889329,0.16440000000000002,0.9860656366780134,0,0,1,1,False,False,False,False,True,False
ENSPD000141,Female,25.0,1,0.7853810264385693,14.0,0.5512249443207128,0.561,0.563,1.0,0.9,7.0,No,No,Middle,1.0,Yes,Salle 26,143.0,0.47638888888888886,0.3415232005876353,0.1724,0.900740336465212,0,0,1,0,True,False,False,False,False,False
ENSPD001095,Male,26.0,3,0.7838258164852253,14.0,0.566815144766147,0.7640000000000001,1.0,0.0,0.9,11.5,No,Yes,Middle,1.0,Yes,Salle 21,263.0,0.7763888888888888,0.20782523345572199,0.0,0.5818364233587374,1,1,1,0,False,False,False,True,False,False
ENSPD004527,Male,20.0,3,0.8942457231726283,7.0,0.6681514476614699,0.556,0.6779999999999999,1.0,0.8,12.4,Yes,No,Middle,1.0,Yes,Salle 17,263.0,0.575,0.3231580728118819,0.1864,0.5818364233587374,1,0,1,1,False,False,False,True,False,False
ENSPD000287,Male,23.0,1,0.8569206842923794,9.0,0.5501113585746102,0.358,0.559,1.0,2.7,9.2,Yes,No,Middle,0.0,Yes,Salle 17,248.0,0.43472222222222223,0.3958719275023015,0.1816,0.5818364233587374,1,0,1,1,False,False,False,True,False,False
ENSPD000543,Male,22.0,2,0.7418351477449457,17.0,0.38195991091314035,0.49,0.588,1.0,1.1,5.1,No,No,High,1.0,No,Salle 27,119.0,0.41666666666666674,0.36383861768961945,0.1668,1.0,1,0,0,0,False,False,False,False,False,False
ENSPD004778,Male,20.0,3,0.43079315707620525,37.0,0.41870824053452116,0.467,0.653,1.0,1.2,7.3,Yes,No,Low,2.0,No,Salle 13,154.0,0.4013888888888889,0.24962915012976447,0.1268,0.7508690441401171,1,0,0,1,False,False,False,False,False,True
ENSPD002135,Female,19.0,2,0.7309486780715396,17.0,0.6158129175946548,0.616,1.0,1.0,0.7,0.7,Yes,No,Middle,0.0,Yes,Salle 14,298.0,0.7930555555555554,0.18874325530058153,0.16540000000000002,0.5818364233587374,0,0,1,1,False,False,False,True,False,False
ENSPD003453,Female,22.0,4,0.6298600311041992,24.0,0.5913140311804008,0.542,0.396,1.0,3.2,16.8,Yes,No,Low,0.0,No,Salle 12,121.0,0.33611111111111114,0.3768379746175846,0.1524,0.7508690441401171,0,0,0,1,False,False,False,False,False,True
ENSPD001302,Female,23.0,5,0.5940902021772939,26.0,0.7683741648106904,0.693,0.663,2.0,0.8,11.1,Yes,No,Middle,0.0,No,Salle 16,109.0,0.6069444444444445,0.21307963971685237,0.29560000000000003,0.5818364233587374,0,0,0,1,False,False,False,True,False,False
ENSPD004228,Female,22.0,5,0.7869362363919129,14.0,0.8630289532293988,0.7290000000000001,0.594,1.0,1.1,16.4,Yes,No,Middle,0.0,Yes,Salle 18,48.0,0.6902777777777778,0.23885963147161907,0.1726,1.0,0,0,1,1,False,False,False,False,False,False
ENSPD001821,Male,20.0,4,0.6080870917573872,25.0,0.5289532293986637,0.568,0.635,1.0,2.0,3.0,Yes,No,High,0.0,Yes,Salle 22,178.0,0.4458333333333333,0.29382175747105366,0.1496,0.9860656366780134,1,0,1,1,False,False,False,False,True,False
ENSPD004464,Male,17.0,1,0.7231726283048211,18.0,0.9064587973273941,0.726,0.635,1.0,2.2,18.4,No,Yes,Middle,0.0,No,Salle 9,149.0,0.6166666666666666,0.24933149383782852,0.16440000000000002,0.6476742668343078,1,1,0,0,False,False,True,False,False,False
ENSPD003061,Male,23.0,4,0.822706065318818,11.0,0.5200445434298441,0.752,0.429,2.0,0.7,6.8,No,No,Middle,2.0,Yes,Salle 1,178.0,0.4652777777777778,0.362191489789087,0.3544,0.9860656366780134,1,0,1,0,False,False,False,False,True,False
ENSPD002993,Male,24.0,2,0.7480559875583203,16.0,0.6113585746102449,0.48600000000000004,0.614,0.0,1.4,12.3,Yes,Yes,Middle,2.0,No,Salle 5,119.0,0.48749999999999993,0.32142213706457234,0.0,1.0,1,1,0,1,False,False,False,False,False,False
ENSPD004915,Male,22.0,3,0.9999999999999999,0.0,0.6113585746102449,0.616,0.635,2.0,1.4,17.6,Yes,No,Middle,4.0,Yes,Salle 27,263.0,0.5013888888888889,0.402476691823062,0.4,0.5818364233587374,1,0,1,1,False,False,False,True,False,False
ENSPD003707,Female,20.0,1,0.9331259720062209,4.0,0.6302895322939867,0.096,0.905,1.0,1.8,11.5,No,Yes,Low,0.0,No,Salle 26,149.0,0.5125,0.37187314888809253,0.19140000000000001,0.6476742668343078,0,1,0,0,False,False,True,False,False,False
ENSPD000407,Male,20.0,4,0.9362363919129083,4.0,0.846325167037862,0.244,0.788,0.0,0.0,6.6,Yes,No,High,2.0,Yes,Salle 2,230.0,0.49583333333333335,0.38354135039171144,0.0,0.5818364233587374,1,0,1,1,False,False,False,True,False,False
ENSPD001379,Male,22.0,4,0.9999999999999999,0.0,0.7160356347438753,0.9470000000000001,0.49200000000000005,0.0,0.2,0.0,No,No,Middle,0.0,Yes,Salle 11,173.0,0.6777777777777778,0.30562983793699083,0.0,0.6476742668343078,1,0,1,0,False,False,True,False,False,False
ENSPD004253,Male,22.0,5,0.6174183514774495,25.0,0.8118040089086859,0.8620000000000001,0.601,2.0,3.1,17.0,No,No,Middle,0.0,Yes,Salle 9,109.0,0.6430555555555555,0.2066519727243282,0.30160000000000003,0.5818364233587374,1,0,1,0,False,False,False,True,False,False
ENSPD000663,Female,20.0,2,0.9502332814930016,3.0,0.5879732739420935,0.805,0.635,0.0,2.0,16.8,Yes,No,Middle,2.0,No,Salle 22,231.0,0.5499999999999999,0.3552861066381152,0.0,0.9860656366780134,0,0,0,1,False,False,False,False,True,False
ENSPD003388,Male,21.0,3,0.7091757387247278,19.0,0.40868596881959907,1.0,0.326,1.0,4.5,23.3,No,No,Low,1.0,Yes,Salle 12,263.0,0.43472222222222223,0.33911797103205976,0.1626,0.5818364233587374,1,0,1,0,False,False,False,True,False,False
ENSPD001455,Male,22.0,4,0.5894245723172628,26.0,0.39755011135857465,0.637,0.674,0.0,1.4,17.0,No,No,Middle,1.0,No,Salle 3,230.0,0.5402777777777777,0.23930624572565964,0.0,0.5818364233587374,1,0,0,0,False,False,False,True,False,False
ENSPD000962,Female,21.0,4,0.687402799377916,20.0,0.9443207126948776,0.5670000000000001,0.5970000000000001,0.0,1.5,12.4,Yes,No,Middle,1.0,Yes,Salle 23,173.0,0.6208333333333333,0.23655349821999747,0.0,0.6476742668343078,0,0,1,1,False,False,True,False,False,False
ENSPD001472,Female,24.0,4,0.6905132192846034,20.0,0.6948775055679287,0.265,0.8320000000000001,1.0,3.4,21.9,No,No,Low,3.0,Yes,Salle 5,70.0,0.575,0.2571331609912353,0.16019999999999998,0.0,0,0,1,0,False,True,False,False,False,False
ENSPD003522,Male,20.0,4,0.500777604976672,32.0,0.6937639198218263,0.559,0.642,0.0,0.9,11.5,Yes,No,Middle,2.0,Yes,Salle 24,157.0,0.5875,0.19094204301298087,0.0,0.900740336465212,1,0,1,1,True,False,False,False,False,False
ENSPD004008,Male,22.0,3,0.8071539657853809,12.0,0.5456570155902005,0.373,0.542,1.0,0.6,0.1,Yes,No,Middle,0.0,No,Salle 21,185.0,0.3833333333333333,0.4148714417713687,0.1752,0.6476742668343078,1,0,0,1,False,False,True,False,False,False
ENSPD004621,Female,24.0,4,0.9097978227060654,6.0,0.6514476614699333,0.598,0.383,0.0,1.0,11.2,No,No,Middle,1.0,Yes,Salle 3,157.0,0.38888888888888895,0.45245552167350245,0.0,0.900740336465212,0,0,1,0,True,False,False,False,False,False
ENSPD004115,Female,22.0,2,0.8009331259720062,13.0,0.455456570155902,0.619,0.316,1.0,0.1,0.0,Yes,No,Middle,2.0,No,Salle 17,119.0,0.3375,0.45113548690361716,0.1744,1.0,0,0,0,1,False,False,False,False,False,False
ENSPD001731,Male,21.0,4,0.6329704510108866,24.0,0.7561247216035635,0.765,0.17300000000000001,3.0,4.3,18.3,Yes,No,Middle,1.0,No,Salle 27,70.0,0.4194444444444444,0.31924681266141486,0.45840000000000003,0.0,1,0,0,1,False,True,False,False,False,False
ENSPD002872,Female,18.0,2,0.8569206842923794,9.0,0.6113585746102449,0.616,0.635,3.0,2.2,11.7,Yes,No,Low,0.0,Yes,Salle 15,177.0,0.4916666666666667,0.35791906364525183,0.5448,0.7508690441401171,0,0,1,1,False,False,False,False,False,True
ENSPD000587,Male,22.0,4,0.8413685847589424,10.0,0.41536748329621387,0.841,0.5970000000000001,0.0,0.6,15.6,Yes,No,Middle,1.0,No,Salle 14,173.0,0.48749999999999993,0.3549303865684501,0.0,0.6476742668343078,1,0,0,1,False,False,True,False,False,False
ENSPD002788,Male,26.0,3,0.8522550544323483,10.0,0.5957683741648108,0.7590000000000001,0.559,1.0,1.7,11.8,Yes,No,High,1.0,Yes,Salle 28,263.0,0.5097222222222222,0.34533942158111497,0.181,0.5818364233587374,1,0,1,1,False,False,False,True,False,False
ENSPD004895,Male,21.0,3,0.6951788491446346,20.0,0.10801781737193762,0.8059999999999999,0.8540000000000001,2.0,0.1,6.6,No,Yes,Middle,0.0,Yes,Salle 20,263.0,0.4722222222222222,0.3110689456441754,0.32160000000000005,0.5818364233587374,1,1,1,0,False,False,False,True,False,False
ENSPD003925,Other,24.0,3,0.6905132192846034,20.0,0.6057906458797326,0.438,0.981,3.0,2.6,11.5,Yes,No,Middle,0.0,Yes,Salle 24,130.0,0.7013888888888888,0.20728571679807292,0.48059999999999997,1.0,2,0,1,1,False,False,False,False,False,False
ENSPD000154,Male,20.0,1,0.7465007776049767,16.0,0.601336302895323,0.6559999999999999,0.545,1.0,1.1,12.2,Yes,No,Low,0.0,Yes,Salle 5,248.0,0.43333333333333335,0.35437498938556,0.16740000000000002,0.5818364233587374,1,0,1,1,False,False,False,True,False,False
ENSPD000423,Male,21.0,1,0.9144634525660965,6.0,0.5412026726057906,0.923,0.526,1.0,5.6,24.9,No,No,Low,2.0,Yes,Salle 20,121.0,0.5486111111111112,0.3441430875910738,0.189,0.7508690441401171,1,0,1,0,False,False,False,False,False,True
ENSPD004636,Female,20.0,5,0.7356143079315708,17.0,0.7739420935412027,0.36100000000000004,0.67,1.0,3.6,16.4,Yes,No,Low,3.0,Yes,Salle 8,70.0,0.5583333333333333,0.2796671996497512,0.166,0.6476742668343078,0,0,1,1,False,False,True,False,False,False
ENSPD002098,Female,24.0,5,0.48211508553654736,33.0,0.7917594654788419,0.37200000000000005,0.485,2.0,1.4,5.8,Yes,No,Middle,0.0,No,Salle 30,48.0,0.45138888888888895,0.24331141648030094,0.26680000000000004,1.0,0,0,0,1,False,False,False,False,False,False
ENSPD001608,Female,25.0,4,0.8149300155520994,12.0,0.6915367483296213,0.638,0.428,1.0,0.9,12.7,No,No,Middle,0.0,Yes,Salle 24,93.0,0.5833333333333334,0.2933675515945434,0.1762,1.0,0,0,1,0,False,False,False,False,False,False
ENSPD003001,Female,25.0,2,0.8864696734059098,7.0,0.7694877505567929,0.5760000000000001,0.747,0.0,6.5,34.8,No,No,Low,0.0,Yes,Salle 22,185.0,0.6625000000000001,0.2791225142487146,0.0,0.900740336465212,0,0,1,0,True,False,False,False,False,False
ENSPD000055,Female,18.0,1,0.7822706065318817,14.0,0.6347438752783965,0.6900000000000001,0.6459999999999999,1.0,6.0,30.8,No,No,Middle,1.0,No,Salle 13,96.0,0.6458333333333334,0.2551540162577609,0.17200000000000001,1.0,0,0,0,0,False,False,False,False,False,False
ENSPD002182,Male,22.0,2,0.7231726283048211,1.0,0.4922048997772829,0.841,0.529,1.0,0.5,6.0,Yes,No,Middle,1.0,Yes,Salle 29,298.0,0.5638888888888889,0.2729122119454618,0.16440000000000002,0.5818364233587374,1,0,1,1,False,False,False,True,False,False
ENSPD002004,Male,24.0,2,0.9051321928460342,6.0,0.46436525612472157,0.6020000000000001,0.467,1.0,1.9,14.7,No,No,High,1.0,No,Salle 6,298.0,0.37083333333333335,0.4661041151859906,0.18780000000000002,0.5818364233587374,1,0,0,0,False,False,False,True,False,False
ENSPD004293,Male,24.0,2,0.9999999999999999,0.0,0.5478841870824054,0.7590000000000001,0.564,2.0,2.5,18.9,Yes,No,High,0.0,Yes,Salle 26,161.0,0.5277777777777778,0.38543092824052283,0.4,0.7508690441401171,1,0,1,1,False,False,False,False,False,True
ENSPD001893,Female,22.0,3,0.6516329704510108,22.0,0.3619153674832963,0.612,0.479,2.0,2.4,11.5,Yes,Yes,Middle,0.0,Yes,Salle 28,263.0,0.35277777777777775,0.37329325721639595,0.3104,0.5818364233587374,0,1,1,1,False,False,False,True,False,False
ENSPD001981,Male,23.0,1,0.7278382581648523,18.0,0.5757238307349666,0.908,0.525,3.0,1.5,14.8,Yes,No,High,2.0,Yes,Salle 21,149.0,0.6097222222222222,0.2537373131237963,0.495,0.6476742668343078,1,0,1,1,False,False,True,False,False,False
ENSPD004953,Male,20.0,3,0.9999999999999999,0.0,0.7750556792873051,0.5770000000000001,0.843,1.0,4.5,23.6,No,No,Middle,1.0,Yes,Salle 24,130.0,0.7555555555555555,0.2729964012563919,0.2,1.0,1,0,1,0,False,False,False,False,False,False
ENSPD001377,Male,22.0,3,0.6018662519440124,26.0,0.6971046770601336,0.774,0.772,0.0,11.7,52.1,Yes,No,Low,0.0,Yes,Salle 25,104.0,0.7916666666666667,0.15546579097143728,0.0,0.0,1,0,1,1,False,True,False,False,False,False
ENSPD001718,Female,21.0,3,0.7013996889580093,19.0,0.8986636971046771,0.28600000000000003,0.748,3.0,1.3,12.8,Yes,No,Middle,1.0,Yes,Salle 3,154.0,0.5402777777777777,0.2770556363842165,0.48479999999999995,0.7508690441401171,0,0,1,1,False,False,False,False,False,True
ENSPD001820,Male,23.0,2,0.7309486780715396,17.0,0.8140311804008908,0.691,0.75,0.0,0.6,9.4,Yes,No,Middle,2.0,Yes,Salle 18,231.0,0.7097222222222221,0.21582155606852246,0.0,0.9860656366780134,1,0,1,1,False,False,False,False,True,False
ENSPD000973,Female,19.0,3,0.8553654743390359,9.0,0.48106904231625836,0.7759999999999999,1.0,1.0,4.6,21.2,Yes,Yes,Low,0.0,Yes,Salle 12,212.0,0.7930555555555554,0.22118046639031988,0.1814,0.9860656366780134,0,1,1,1,False,False,False,False,True,False
ENSPD000285,Male,26.0,3,0.6765163297045101,21.0,0.688195991091314,0.613,0.539,1.0,0.4,0.0,Yes,No,Middle,1.0,Yes,Salle 16,212.0,0.4916666666666667,0.2934680994974088,0.1584,0.9860656366780134,1,0,1,1,False,False,False,False,True,False
ENSPD002539,Female,23.0,2,0.9284603421461898,5.0,0.6536748329621381,0.618,0.7540000000000001,1.0,4.1,17.2,Yes,No,High,1.0,Yes,Salle 1,231.0,0.6152777777777778,0.3135886637162716,0.19080000000000003,0.9860656366780134,0,0,1,1,False,False,False,False,True,False
ENSPD003425,Female,25.0,4,0.9999999999999999,0.0,0.844097995545657,0.8540000000000001,0.67,2.0,5.4,31.7,Yes,No,Middle,3.0,No,Salle 5,173.0,0.8125,0.2519407301011066,0.4,0.6476742668343078,0,0,0,1,False,False,True,False,False,False
ENSPD004775,Male,23.0,4,0.9129082426127527,6.0,0.7639198218262806,0.63,0.838,1.0,1.4,15.2,No,No,Middle,1.0,No,Salle 7,173.0,0.7277777777777776,0.2599785427769723,0.18880000000000002,0.6476742668343078,1,0,0,0,False,False,True,False,False,False
ENSPD004092,Male,24.0,3,0.8149300155520994,12.0,0.6971046770601336,0.747,0.63,1.0,4.4,20.1,No,No,Middle,2.0,Yes,Salle 29,212.0,0.6263888888888889,0.27339938036886124,0.1762,0.9860656366780134,1,0,1,0,False,False,False,False,True,False
ENSPD000393,Male,23.0,5,0.8180404354587868,12.0,0.5412026726057906,0.47200000000000003,0.748,1.0,0.5,0.0,Yes,No,Middle,0.0,Yes,Salle 23,109.0,0.461111111111111,0.3631658478996739,0.1766,0.5818364233587374,1,0,1,1,False,False,False,True,False,False
ENSPD003867,Male,25.0,3,0.6578538102643857,22.0,0.5801781737193764,0.255,0.9009999999999999,1.0,1.4,6.7,Yes,Yes,Middle,1.0,Yes,Salle 11,263.0,0.5458333333333333,0.2597580271278843,0.156,0.5818364233587374,1,1,1,1,False,False,False,True,False,False
ENSPD000272,Female,18.0,2,0.8258164852255053,11.0,0.755011135857461,0.545,1.0,1.0,1.4,10.3,Yes,No,High,1.0,Yes,Salle 3,231.0,0.734722222222222,0.23334814757764252,0.1776,0.9860656366780134,0,0,1,1,False,False,False,False,True,False
ENSPD003689,Male,24.0,2,0.34370139968895796,42.0,0.4398663697104678,0.8570000000000001,0.304,4.0,1.3,6.4,No,Yes,Low,1.0,Yes,Salle 26,298.0,0.2791666666666667,0.2880428388313523,0.4624,0.5818364233587374,1,1,1,0,False,False,False,True,False,False
ENSPD001375,Male,19.0,1,0.499222395023328,32.0,0.7906458797327395,0.589,0.636,1.0,1.6,7.3,Yes,No,Middle,2.0,Yes,Salle 8,248.0,0.49722222222222223,0.2275744286364023,0.1356,0.5818364233587374,1,0,1,1,False,False,False,True,False,False
ENSPD003126,Female,22.0,3,0.7138413685847588,18.0,0.49109131403118034,1.0,0.46299999999999997,1.0,5.6,31.9,Yes,No,Middle,1.0,Yes,Salle 8,185.0,0.5430555555555555,0.27987657376998987,0.16319999999999998,0.6476742668343078,0,0,1,1,False,False,True,False,False,False
ENSPD004858,Female,24.0,2,0.8335925349922239,11.0,0.690423162583519,0.6970000000000001,0.8290000000000001,1.0,0.5,13.0,Yes,Yes,High,0.0,Yes,Salle 8,298.0,0.6611111111111111,0.2640881778628248,0.1786,0.5818364233587374,0,1,1,1,False,False,False,True,False,False
ENSPD002077,Male,22.0,4,0.8989113530326595,6.0,0.6770601336302895,0.267,0.735,1.0,0.6,17.3,Yes,No,Middle,1.0,Yes,Salle 26,230.0,0.4638888888888889,0.39127736221253195,0.187,0.5818364233587374,1,0,1,1,False,False,False,True,False,False
ENSPD002572,Female,21.0,3,0.6765163297045101,21.0,0.6113585746102449,0.766,0.632,1.0,1.5,11.7,Yes,Yes,High,1.0,No,Salle 18,104.0,0.5902777777777778,0.2459138289844716,0.1584,0.0,0,1,0,1,False,True,False,False,False,False
ENSPD003007,Female,21.0,1,0.6205287713841366,24.0,0.6113585746102449,0.708,0.6559999999999999,2.0,1.3,10.4,No,No,Low,2.0,Yes,Salle 9,186.0,0.5861111111111111,0.22979194007806422,0.3024,0.9860656366780134,0,0,1,0,False,False,False,False,True,False
ENSPD004891,Male,21.0,3,0.7231726283048211,41.0,0.6069042316258353,0.7540000000000001,0.516,2.0,2.9,16.1,No,No,Middle,1.0,Yes,Salle 27,185.0,0.4819444444444444,0.31565802313067215,0.32880000000000004,0.6476742668343078,1,0,1,0,False,False,True,False,False,False
ENSPD003195,Male,21.0,4,0.7433903576982893,16.0,0.8351893095768375,0.67,0.5970000000000001,2.0,2.1,7.0,No,No,Middle,1.0,Yes,Salle 14,173.0,0.6124999999999999,0.2573855414281767,0.334,0.6476742668343078,1,0,1,0,False,False,True,False,False,False
ENSPD003228,Male,22.0,4,0.43701399688958,36.0,0.3619153674832963,0.7440000000000001,0.419,0.0,2.6,14.1,Yes,No,Middle,1.0,No,Salle 6,157.0,0.3833333333333333,0.2623319557503552,0.0,0.900740336465212,1,0,0,1,True,False,False,False,False,False
ENSPD003323,Female,22.0,3,0.6345256609642301,24.0,0.7371937639198219,0.554,0.788,1.0,0.5,11.4,No,Yes,High,0.0,Yes,Salle 2,130.0,0.6527777777777778,0.2082315669523204,0.153,1.0,0,1,1,0,False,False,False,False,False,False
ENSPD002604,Male,21.0,2,0.9999999999999999,0.0,0.46659242761692654,0.633,0.332,1.0,0.1,6.9,Yes,No,High,0.0,Yes,Salle 11,298.0,0.38055555555555554,0.49687908470035713,0.2,0.5818364233587374,1,0,1,1,False,False,False,True,False,False
ENSPD004346,Male,20.0,2,0.7231726283048211,17.0,0.4610244988864143,0.517,0.368,1.0,1.2,14.4,Yes,No,Middle,1.0,Yes,Salle 28,298.0,0.2930555555555555,0.45756291998273946,0.16440000000000002,0.5818364233587374,1,0,1,1,False,False,False,True,False,False
ENSPD001123,Female,23.0,2,0.6765163297045101,21.0,0.755011135857461,0.644,0.7270000000000001,0.0,2.1,15.1,No,No,Middle,1.0,Yes,Salle 8,298.0,0.7111111111111112,0.20001779863556,0.0,0.5818364233587374,0,0,1,0,False,False,False,True,False,False
ENSPD002547,Male,23.0,1,0.4696734059097979,34.0,0.6703786191536749,0.789,0.406,1.0,0.9,11.5,No,No,Middle,1.0,Yes,Salle 19,143.0,0.47916666666666674,0.22528288409135352,0.1318,0.900740336465212,1,0,1,0,True,False,False,False,False,False
ENSPD002025,Male,24.0,4,0.9999999999999999,0.0,0.3719376391982183,0.446,0.568,1.0,3.2,19.1,Yes,No,Middle,0.0,No,Salle 28,173.0,0.36111111111111116,0.5151887903011472,0.2,0.6476742668343078,1,0,0,1,False,False,True,False,False,False
ENSPD000570,Male,24.0,3,0.5225505443234836,31.0,0.8040089086859689,0.56,0.635,2.0,0.7,5.4,Yes,No,Middle,1.0,No,Salle 18,263.0,0.513888888888889,0.2282289436226698,0.2772,0.5818364233587374,1,0,0,1,False,False,False,True,False,False
ENSPD001248,Male,25.0,4,0.8289269051321929,11.0,0.5824053452115813,0.736,0.9520000000000001,2.0,1.3,12.1,Yes,No,High,4.0,Yes,Salle 19,230.0,0.7250000000000001,0.2377389281984145,0.356,0.5818364233587374,1,0,1,1,False,False,False,True,False,False
ENSPD004126,Female,24.0,1,0.5349922239502333,30.0,0.7527839643652561,0.536,0.635,1.0,0.8,4.8,No,No,Low,1.0,Yes,Salle 9,186.0,0.5736111111111111,0.20728023056433229,0.1402,0.9860656366780134,0,0,1,0,False,False,False,False,True,False
ENSPD001247,Male,20.0,4,0.4898911353032659,33.0,0.8452115812917594,0.6809999999999999,0.7190000000000001,1.0,2.3,11.6,Yes,Yes,Low,1.0,No,Salle 9,157.0,0.6694444444444445,0.15985982213959446,0.13440000000000002,0.900740336465212,1,1,0,1,True,False,False,False,False,False
ENSPD001866,Female,21.0,4,0.6656298600311042,22.0,0.6113585746102449,0.932,0.76,2.0,0.1,0.9,Yes,No,Middle,1.0,Yes,Salle 5,70.0,0.6638888888888889,0.21340523817695825,0.314,0.0,0,0,1,1,False,True,False,False,False,False
ENSPD000970,Male,25.0,4,0.7091757387247278,19.0,0.33184855233853006,0.97,0.63,1.0,1.2,6.4,Yes,No,Low,1.0,Yes,Salle 12,173.0,0.5180555555555555,0.29094994077504177,0.1626,0.6476742668343078,1,0,1,1,False,False,True,False,False,False
ENSPD000041,Male,28.0,4,0.9999999999999999,0.0,0.9955456570155901,0.419,0.635,1.0,0.8,11.5,No,No,Middle,2.0,Yes,Salle 2,93.0,0.8111111111111109,0.2524291088947376,0.2,1.0,1,0,1,0,False,False,False,False,False,False
ENSPD003569,Female,25.0,1,0.8522550544323483,10.0,0.3452115812917595,0.513,0.655,1.0,2.9,12.8,No,No,High,1.0,Yes,Salle 23,143.0,0.3555555555555555,0.45723009083958055,0.181,0.900740336465212,0,0,1,0,True,False,False,False,False,False
ENSPD002852,Male,21.0,2,0.35458786936236386,42.0,0.6681514476614699,0.49600000000000005,0.507,1.0,0.7,4.8,Yes,No,Middle,0.0,Yes,Salle 3,161.0,0.3666666666666667,0.23743419354730708,0.117,0.7508690441401171,1,0,1,1,False,False,False,False,False,True
ENSPD001218,Female,20.0,2,0.5365474339035771,30.0,0.544543429844098,0.535,0.737,0.0,3.1,12.0,No,No,Low,2.0,No,Salle 18,298.0,0.5069444444444444,0.23627638567761952,0.0,0.5818364233587374,0,0,0,0,False,False,False,True,False,False
ENSPD003802,Female,23.0,3,0.4245723172628304,37.0,0.6815144766146994,0.509,0.836,0.0,0.3,11.5,No,No,Middle,0.0,Yes,Salle 24,188.0,0.5222222222222221,0.1907932415562745,0.0,0.900740336465212,0,0,1,0,True,False,False,False,False,False
ENSPD001721,Male,22.0,2,0.7916018662519438,13.0,0.5824053452115813,0.684,0.632,1.0,3.3,4.8,No,No,Middle,1.0,No,Salle 2,71.0,0.5666666666666667,0.2939855192922254,0.1732,0.0,1,0,0,0,False,True,False,False,False,False
ENSPD003759,Male,24.0,3,0.6936236391912908,20.0,0.4966592427616926,0.616,0.327,0.0,5.1,26.2,Yes,No,Middle,1.0,Yes,Salle 18,188.0,0.1958333333333333,0.5543553096154165,0.0,0.900740336465212,1,0,1,1,True,False,False,False,False,False
ENSPD000371,Male,23.0,4,0.9548989113530325,3.0,0.799554565701559,0.564,0.8320000000000001,0.0,1.5,11.5,Yes,No,Middle,3.0,No,Salle 27,93.0,0.6916666666666667,0.2865008948290394,0.0,1.0,1,0,0,1,False,False,False,False,False,False
ENSPD001244,Female,18.0,3,0.458786936236392,35.0,0.6737193763919822,0.55,0.402,1.0,0.9,7.1,Yes,No,Low,0.0,No,Salle 26,130.0,0.4263888888888888,0.24727088281780554,0.13040000000000002,1.0,0,0,0,1,False,False,False,False,False,False
ENSPD000191,Male,24.0,3,0.7309486780715396,17.0,0.655902004454343,0.891,1.0,0.0,0.5,8.8,Yes,Yes,Middle,1.0,Yes,Salle 21,154.0,0.8069444444444445,0.18461878262659084,0.0,0.7508690441401171,1,1,1,1,False,False,False,False,False,True
ENSPD004770,Male,21.0,1,0.7309486780715396,17.0,0.5712694877505569,0.405,0.8370000000000001,1.0,1.4,5.8,Yes,No,Middle,1.0,No,Salle 19,143.0,0.48611111111111116,0.3160725237843457,0.16540000000000002,0.900740336465212,1,0,0,1,True,False,False,False,False,False
ENSPD003463,Female,20.0,3,0.7216174183514773,18.0,0.489977728285078,0.39,0.743,2.0,0.4,5.9,Yes,No,Middle,0.0,Yes,Salle 10,185.0,0.4652777777777778,0.32486653068258153,0.32839999999999997,0.6476742668343078,0,0,1,1,False,False,True,False,False,False
ENSPD001880,Male,23.0,3,0.6174183514774495,25.0,0.38752783964365256,0.452,0.321,2.0,1.0,10.2,Yes,No,High,0.0,Yes,Salle 7,185.0,0.17361111111111116,0.5410809962108871,0.30160000000000003,0.6476742668343078,1,0,1,1,False,False,True,False,False,False
ENSPD003416,Male,22.0,3,0.8989113530326595,6.0,0.4621380846325167,0.7490000000000001,0.635,0.0,1.0,9.3,No,Yes,Middle,1.0,No,Salle 9,154.0,0.726388888888889,0.2566358386308122,0.0,0.7508690441401171,1,1,0,0,False,False,False,False,False,True
ENSPD001727,Male,19.0,1,0.8071539657853809,12.0,0.8106904231625836,0.506,0.625,1.0,3.7,22.3,Yes,No,Middle,4.0,No,Salle 19,83.0,0.5777777777777777,0.2935709977505514,0.1752,0.0,1,0,0,1,False,True,False,False,False,False
ENSPD002986,Female,20.0,1,0.7200622083981337,18.0,0.44209354120267264,0.7290000000000001,0.6940000000000001,1.0,0.9,5.8,Yes,Yes,Middle,0.0,Yes,Salle 15,248.0,0.5694444444444444,0.26928428167121454,0.164,0.5818364233587374,0,1,1,1,False,False,False,True,False,False
ENSPD002518,Male,22.0,2,0.9144634525660965,6.0,0.5534521158129176,0.6809999999999999,0.384,2.0,2.3,12.5,No,Yes,Middle,1.0,No,Salle 15,119.0,0.4708333333333333,0.3922696853064106,0.378,1.0,1,1,0,0,False,False,False,False,False,False
ENSPD004450,Female,22.0,1,0.7045101088646967,19.0,0.6213808463251671,0.337,0.7070000000000001,2.0,3.6,11.5,Yes,No,Middle,2.0,Yes,Salle 16,248.0,0.5083333333333333,0.29443809879578975,0.324,0.5818364233587374,0,0,1,1,False,False,False,True,False,False
ENSPD002073,Male,23.0,1,0.5194401244167962,31.0,0.5902004454342985,0.616,0.635,1.0,1.3,11.5,No,No,Low,1.0,No,Salle 3,248.0,0.575,0.20169239534031055,0.1382,0.5818364233587374,1,0,0,0,False,False,False,True,False,False
ENSPD000237,Male,26.0,4,0.6734059097978228,21.0,0.43207126948775054,0.783,0.684,2.0,1.6,17.9,Yes,No,Middle,2.0,Yes,Salle 12,230.0,0.5486111111111112,0.26365470367652066,0.316,0.5818364233587374,1,0,1,1,False,False,False,True,False,False
ENSPD002622,Female,25.0,5,0.6438569206842922,23.0,0.7182628062360802,0.386,0.831,1.0,6.0,11.5,Yes,No,High,2.0,No,Salle 16,109.0,0.5486111111111112,0.2537883856482851,0.1542,0.5818364233587374,0,0,0,1,False,False,False,True,False,False
ENSPD001637,Male,19.0,1,0.7278382581648523,18.0,0.9131403118040089,0.644,0.5579999999999999,1.0,0.5,6.0,No,No,Low,2.0,Yes,Salle 7,186.0,0.5666666666666667,0.27312750626808635,0.165,0.9860656366780134,1,0,1,0,False,False,False,False,True,False
ENSPD001180,Male,21.0,2,0.5225505443234836,31.0,0.6937639198218263,0.616,0.489,3.0,1.4,6.9,No,No,High,0.0,Yes,Salle 10,298.0,0.4013888888888889,0.2865000149620859,0.41579999999999995,0.5818364233587374,1,0,1,0,False,False,False,True,False,False
ENSPD003360,Female,21.0,2,0.33281493001555207,43.0,0.5111358574610245,0.951,0.762,1.0,1.7,6.2,Yes,No,Middle,0.0,No,Salle 27,298.0,0.7375,0.09708156192663253,0.11420000000000001,0.5818364233587374,0,0,0,1,False,False,False,True,False,False
ENSPD004718,Other,22.0,2,0.8320373250388803,11.0,0.9387527839643652,0.762,0.87,1.0,2.5,19.6,No,No,Low,0.0,No,Salle 16,231.0,0.8875,0.1868621051266068,0.1784,0.9860656366780134,2,0,0,0,False,False,False,False,True,False
ENSPD002231,Female,21.0,3,0.5567651632970451,28.0,0.7238307349665924,0.691,0.668,0.0,0.1,13.3,Yes,Yes,Middle,1.0,Yes,Salle 26,154.0,0.6430555555555555,0.18838153891067735,0.0,0.7508690441401171,0,1,1,1,False,False,False,False,False,True
ENSPD003370,Female,20.0,1,0.6998444790046657,19.0,0.3140311804008909,0.583,0.498,1.0,2.0,18.3,No,Yes,Middle,0.0,Yes,Salle 20,248.0,0.3291666666666666,0.41365791677426045,0.16140000000000002,0.5818364233587374,0,1,1,0,False,False,False,True,False,False
ENSPD004151,Male,22.0,1,0.7947122861586314,13.0,0.5812917594654788,0.46,0.363,0.0,0.9,14.7,Yes,Yes,Low,3.0,Yes,Salle 2,143.0,0.3375,0.44839368919149236,0.0,0.900740336465212,1,1,1,1,True,False,False,False,False,False
ENSPD003761,Male,21.0,2,0.7091757387247278,19.0,0.6425389755011137,0.9820000000000001,0.625,1.0,1.4,17.8,Yes,No,Middle,1.0,Yes,Salle 2,231.0,0.6541666666666666,0.22995765528143544,0.1626,0.9860656366780134,1,0,1,1,False,False,False,False,True,False
ENSPD003105,Male,22.0,1,0.9409020217729395,4.0,0.7828507795100222,0.573,0.549,0.0,2.8,22.3,Yes,No,Middle,0.0,Yes,Salle 29,143.0,0.6111111111111112,0.3195190253472381,0.0,0.900740336465212,1,0,1,1,True,False,False,False,False,False
ENSPD003795,Male,27.0,2,0.4758942457231726,34.0,0.5534521158129176,0.812,0.49100000000000005,0.0,2.7,16.6,Yes,No,Middle,1.0,Yes,Salle 19,185.0,0.49583333333333335,0.21991793187193578,0.0,0.900740336465212,1,0,1,1,True,False,False,False,False,False
ENSPD002155,Male,20.0,3,0.7216174183514773,18.0,0.9899777282850779,0.527,0.905,3.0,0.6,5.9,Yes,No,High,1.0,No,Salle 17,263.0,0.8916666666666666,0.15926816962769577,0.4926,0.5818364233587374,1,0,0,1,False,False,False,True,False,False
ENSPD002204,Male,22.0,4,0.525660964230171,30.0,0.6770601336302895,0.846,0.386,2.0,0.6,5.9,Yes,No,Middle,1.0,No,Salle 20,121.0,0.6083333333333333,0.19116090848698244,0.278,0.7508690441401171,1,0,0,1,False,False,False,False,False,True
ENSPD000273,Female,22.0,3,0.6236391912908242,24.0,0.46770601336302897,0.42100000000000004,0.76,1.0,0.4,6.7,Yes,No,Middle,1.0,Yes,Salle 4,154.0,0.4194444444444444,0.3155885150671661,0.15159999999999998,0.7508690441401171,0,0,1,1,False,False,False,False,False,True
ENSPD000902,Male,22.0,3,0.7091757387247278,19.0,0.6648106904231627,0.466,0.701,1.0,4.5,18.6,Yes,No,Low,1.0,Yes,Salle 6,185.0,0.6152777777777778,0.24557684400361293,0.1626,0.6476742668343078,1,0,1,1,False,False,True,False,False,False
ENSPD002401,Male,22.0,5,0.8662519440124418,9.0,0.7783964365256124,0.616,0.378,1.0,1.0,15.4,Yes,No,Low,2.0,Yes,Salle 30,67.0,0.5916666666666666,0.3056848115019013,0.18280000000000002,0.9860656366780134,1,0,1,1,False,False,False,False,True,False
ENSPD001949,Male,22.0,1,0.9999999999999999,0.0,0.3385300668151448,0.616,0.603,0.0,0.4,1.0,Yes,Yes,Middle,2.0,Yes,Salle 27,248.0,0.3736111111111111,0.5033007949858436,0.0,0.5818364233587374,1,1,1,1,False,False,False,True,False,False
ENSPD002181,Male,20.0,4,0.9999999999999999,0.0,0.7126948775055679,0.7640000000000001,0.527,2.0,0.8,7.1,Yes,No,Middle,0.0,Yes,Salle 30,230.0,0.5569444444444444,0.367781398336527,0.4,0.5818364233587374,1,0,1,1,False,False,False,True,False,False
ENSPD000837,Female,20.0,3,0.9968895800933125,0.0,0.5590200445434298,0.616,0.6859999999999999,0.0,1.8,11.9,Yes,No,Middle,1.0,Yes,Salle 4,212.0,0.5291666666666666,0.3835007744994392,0.0,0.9860656366780134,0,0,1,1,False,False,False,False,True,False
ENSPD002962,Male,21.0,3,0.6796267496111975,21.0,0.45991091314031185,0.309,0.62,2.0,2.7,11.5,Yes,No,Middle,0.0,No,Salle 19,188.0,0.26388888888888895,0.4660236921690387,0.31760000000000005,0.900740336465212,1,0,0,1,True,False,False,False,False,False
ENSPD001318,Female,26.0,4,0.5536547433903577,29.0,0.41202672605790647,0.616,0.753,2.0,1.4,11.4,Yes,No,High,3.0,Yes,Salle 18,93.0,0.47916666666666674,0.25575390399313025,0.2852,1.0,0,0,1,1,False,False,False,False,False,False
ENSPD003981,Female,19.0,3,0.9766718506998445,2.0,0.9365256124721604,0.652,0.608,0.0,0.9,8.1,No,No,Middle,1.0,No,Salle 6,212.0,0.6805555555555556,0.2976128851589378,0.0,0.9860656366780134,0,0,0,0,False,False,False,False,True,False
ENSPD000127,Female,20.0,4,0.6189735614307931,24.0,0.5757238307349666,0.598,1.0,3.0,2.5,21.5,No,No,Middle,5.0,Yes,Salle 13,230.0,0.7736111111111112,0.16498166135535827,0.453,0.5818364233587374,0,0,1,0,False,False,False,True,False,False
ENSPD002070,Male,23.0,5,0.6609642301710731,22.0,0.6202672605790647,0.6940000000000001,0.635,1.0,0.9,1.0,Yes,No,High,2.0,Yes,Salle 15,67.0,0.5736111111111111,0.24816808824937883,0.1564,0.9860656366780134,1,0,1,1,False,False,False,False,True,False
ENSPD004330,Female,24.0,3,0.7511664074650078,16.0,0.8273942093541203,0.7170000000000001,0.41700000000000004,2.0,0.6,8.7,Yes,No,Middle,2.0,Yes,Salle 27,212.0,0.5291666666666666,0.29958073859105605,0.336,0.9860656366780134,0,0,1,1,False,False,False,False,True,False
ENSPD001460,Female,21.0,3,0.6267496111975116,24.0,0.44209354120267264,0.449,0.479,1.0,0.3,7.0,No,No,Low,1.0,Yes,Salle 6,154.0,0.26111111111111107,0.44258367303519885,0.152,0.7508690441401171,0,0,1,0,False,False,False,False,False,True
ENSPD003928,Female,23.0,2,0.56298600311042,28.0,0.4198218262806236,0.33,0.713,1.0,0.5,10.8,No,Yes,Middle,1.0,No,Salle 20,231.0,0.3472222222222222,0.3391043255444264,0.1438,0.9860656366780134,0,1,0,0,False,False,False,False,True,False
ENSPD001452,Female,22.0,1,0.5894245723172628,26.0,0.846325167037862,0.8640000000000001,0.6970000000000001,0.0,0.3,11.5,No,No,Middle,2.0,No,Salle 3,186.0,0.7916666666666667,0.15221802532293158,0.0,0.9860656366780134,0,0,0,0,False,False,False,False,True,False
ENSPD004856,Male,24.0,3,0.7869362363919129,14.0,0.45322939866369716,0.424,0.8220000000000001,1.0,0.0,5.7,No,No,Middle,3.0,Yes,Salle 13,185.0,0.44305555555555554,0.3633743387364543,0.1726,0.6476742668343078,1,0,1,0,False,False,True,False,False,False
ENSPD003351,Male,21.0,3,0.7527216174183514,16.0,0.46325167037861914,0.7090000000000001,0.635,0.0,4.4,24.2,Yes,Yes,Low,2.0,No,Salle 21,263.0,0.5652777777777778,0.28193677041431087,0.0,0.5818364233587374,1,1,0,1,False,False,False,True,False,False
ENSPD003456,Male,22.0,3,0.3825816485225505,40.0,0.4543429844097996,0.578,0.52,1.0,0.2,4.9,No,Yes,High,0.0,No,Salle 10,263.0,0.2958333333333333,0.29461425900281457,0.1206,0.5818364233587374,1,1,0,0,False,False,False,True,False,False
ENSPD000497,Female,21.0,3,0.6018662519440124,26.0,0.4866369710467706,0.8150000000000001,0.364,1.0,2.7,16.8,No,No,Middle,2.0,Yes,Salle 12,130.0,0.4180555555555555,0.30790357330706153,0.14880000000000002,1.0,0,0,1,0,False,False,False,False,False,False
ENSPD001134,Male,22.0,3,0.6003110419906686,26.0,0.6291759465478842,0.41000000000000003,0.277,2.0,0.6,9.2,No,No,Middle,2.0,No,Salle 22,263.0,0.20833333333333337,0.48670166678343585,0.2972,0.5818364233587374,1,0,0,0,False,False,False,True,False,False
ENSPD000474,Female,23.0,1,0.8584758942457232,9.0,0.6314031180400892,0.41500000000000004,0.7390000000000001,1.0,0.8,5.9,Yes,No,Middle,3.0,No,Salle 11,121.0,0.5513888888888888,0.323948135808375,0.18180000000000002,0.7508690441401171,0,0,0,1,False,False,False,False,False,True
ENSPD004673,Female,22.0,2,0.5396578538102644,30.0,0.5077951002227171,0.616,0.645,1.0,0.9,19.3,Yes,No,Middle,1.0,Yes,Salle 26,71.0,0.39722222222222214,0.2959222202924757,0.1408,0.0,0,0,1,1,False,True,False,False,False,False
ENSPD004129,Male,24.0,4,0.7122861586314152,18.0,0.36636971046770606,0.616,0.413,1.0,0.7,16.7,Yes,Yes,Low,3.0,Yes,Salle 19,157.0,0.3402777777777778,0.409722558534225,0.163,0.900740336465212,1,1,1,1,True,False,False,False,False,False
ENSPD001988,Male,23.0,2,0.900466562986003,6.0,0.6859688195991092,0.73,0.876,3.0,3.0,16.3,Yes,Yes,High,1.0,No,Salle 26,177.0,0.8180555555555555,0.2246182784025166,0.5615999999999999,0.6476742668343078,1,1,0,1,False,False,True,False,False,False
ENSPD002385,Male,21.0,2,0.5334370139968895,30.0,0.5879732739420935,0.9720000000000001,0.59,4.0,0.5,6.3,Yes,No,Middle,0.0,Yes,Salle 6,185.0,0.6986111111111111,0.1635078738147038,0.56,0.900740336465212,1,0,1,1,True,False,False,False,False,False
ENSPD004396,Female,19.0,2,0.7231726283048211,0.0,0.5924276169265034,0.7640000000000001,0.635,0.0,0.4,8.3,Yes,No,Middle,1.0,No,Salle 18,119.0,0.5375,0.28578827432318343,0.0,1.0,0,0,0,1,False,False,False,False,False,False
ENSPD000218,Female,22.0,4,0.7667185069984447,15.0,0.7516703786191538,0.47600000000000003,0.593,1.0,3.3,10.7,Yes,No,Middle,1.0,Yes,Salle 4,157.0,0.5152777777777777,0.31237917261769066,0.17,0.900740336465212,0,0,1,1,True,False,False,False,False,False
ENSPD004765,Male,22.0,5,0.6500777604976672,22.0,0.32850779510022277,0.268,0.596,1.0,1.0,7.7,Yes,No,Middle,0.0,Yes,Salle 14,80.0,0.15416666666666662,0.5890826242913504,0.155,0.900740336465212,1,0,1,1,True,False,False,False,False,False
ENSPD000715,Male,21.0,1,0.6220839813374807,24.0,0.643652561247216,0.552,0.7709999999999999,1.0,3.9,17.4,No,No,Middle,0.0,Yes,Salle 10,186.0,0.6680555555555555,0.19910450488165723,0.1514,0.9860656366780134,1,0,1,0,False,False,False,False,True,False
ENSPD001785,Female,18.0,1,0.8786936236391912,8.0,0.6146993318485524,0.965,0.537,0.0,1.4,13.6,Yes,No,Low,1.0,Yes,Salle 10,186.0,0.6486111111111111,0.2828836675755656,0.0,0.9860656366780134,0,0,1,1,False,False,False,False,True,False
ENSPD004620,Female,23.0,4,0.6376360808709175,23.0,0.9086859688195992,0.7490000000000001,0.209,2.0,2.6,12.7,Yes,Yes,Middle,0.0,Yes,Salle 24,178.0,0.4277777777777778,0.3158798249119187,0.3068,0.9860656366780134,0,1,1,1,False,False,False,False,True,False
ENSPD002329,Female,21.0,2,0.499222395023328,32.0,0.7505567928730512,0.804,0.5650000000000001,3.0,4.3,20.4,Yes,No,Low,1.0,Yes,Salle 22,177.0,0.6444444444444444,0.1705916934967737,0.40679999999999994,0.6476742668343078,0,0,1,1,False,False,True,False,False,False
ENSPD000305,Female,22.0,3,0.7480559875583203,16.0,0.8273942093541203,0.773,0.654,2.0,0.2,1.2,Yes,No,Middle,0.0,Yes,Salle 1,130.0,0.6208333333333333,0.25525445765657295,0.3352,1.0,0,0,1,1,False,False,False,False,False,False
ENSPD002478,Female,22.0,5,0.5085536547433903,32.0,0.6314031180400892,0.495,0.758,1.0,2.3,11.8,Yes,Yes,Low,1.0,Yes,Salle 10,48.0,0.4652777777777778,0.24619700148886983,0.1368,1.0,0,1,1,1,False,False,False,False,False,False
ENSPD002403,Male,22.0,1,0.6329704510108866,24.0,0.41091314031180404,0.644,0.635,1.0,2.7,17.6,Yes,No,High,0.0,Yes,Salle 12,83.0,0.4208333333333333,0.31837611520359943,0.15280000000000002,0.0,1,0,1,1,False,True,False,False,False,False
ENSPD002391,Male,21.0,5,0.6594090202177293,22.0,0.5846325167037862,0.616,0.35200000000000004,1.0,2.5,8.1,Yes,Yes,Middle,1.0,No,Salle 1,48.0,0.40555555555555556,0.3386995523968195,0.1562,1.0,1,1,0,1,False,False,False,False,False,False
ENSPD000879,Male,22.0,3,0.7433903576982893,16.0,0.7026726057906458,0.386,0.49600000000000005,1.0,4.9,19.7,Yes,No,Middle,1.0,Yes,Salle 7,212.0,0.35277777777777775,0.412819430698101,0.167,0.9860656366780134,1,0,1,1,False,False,False,False,True,False
ENSPD002275,Female,22.0,1,0.9160186625194401,5.0,0.6113585746102449,0.33799999999999997,1.0,1.0,0.4,5.9,Yes,No,Low,0.0,Yes,Salle 21,143.0,0.6208333333333333,0.3070417299424745,0.18919999999999998,0.900740336465212,0,0,1,1,True,False,False,False,False,False
ENSPD002002,Male,19.0,2,0.9999999999999999,0.0,0.6213808463251671,0.6890000000000001,0.455,1.0,0.8,10.5,Yes,No,High,4.0,Yes,Salle 26,177.0,0.37916666666666665,0.49815325375307606,0.2,0.6476742668343078,1,0,1,1,False,False,True,False,False,False
ENSPD001770,Male,20.0,3,0.7449455676516329,16.0,0.544543429844098,0.746,0.574,0.0,3.5,28.1,Yes,No,Low,1.0,Yes,Salle 21,212.0,0.5430555555555555,0.2903288528903226,0.0,0.9860656366780134,1,0,1,1,False,False,False,False,True,False
ENSPD001852,Female,22.0,1,0.8786936236391912,8.0,0.8084632516703786,0.46799999999999997,0.462,1.0,0.8,14.2,No,No,Low,0.0,No,Salle 15,121.0,0.5125,0.35291208858196,0.1844,0.7508690441401171,0,0,0,0,False,False,False,False,False,True
ENSPD001206,Female,22.0,4,0.9035769828926904,6.0,0.3997772828507795,0.6409999999999999,0.513,1.0,2.5,18.4,No,Yes,Low,1.0,Yes,Salle 23,230.0,0.4722222222222222,0.3873431723081361,0.1876,0.5818364233587374,0,1,1,0,False,False,False,True,False,False
ENSPD003801,Male,21.0,5,0.7231726283048211,31.0,0.6113585746102449,0.48,0.5870000000000001,1.0,1.7,10.8,No,Yes,Middle,2.0,Yes,Salle 1,70.0,0.4722222222222222,0.321314737285603,0.16440000000000002,0.6476742668343078,1,1,1,0,False,False,True,False,False,False
ENSPD000754,Male,22.0,2,0.7045101088646967,19.0,0.601336302895323,0.386,0.7070000000000001,2.0,1.4,11.5,No,No,Low,0.0,Yes,Salle 20,161.0,0.44861111111111107,0.3286067846479568,0.324,0.7508690441401171,1,0,1,0,False,False,False,False,False,True
ENSPD001516,Male,21.0,2,0.7822706065318817,14.0,0.7906458797327395,0.56,1.0,1.0,0.5,7.0,Yes,No,Middle,1.0,Yes,Salle 28,177.0,0.7763888888888888,0.20741361714004805,0.17200000000000001,0.6476742668343078,1,0,1,1,False,False,True,False,False,False
ENSPD002488,Female,21.0,4,0.5583203732503886,28.0,0.6024498886414253,0.725,0.6950000000000001,1.0,0.3,6.0,Yes,No,Middle,0.0,No,Salle 10,230.0,0.623611111111111,0.19574570800898364,0.1432,0.5818364233587374,0,0,0,1,False,False,False,True,False,False
ENSPD002789,Female,25.0,3,0.8942457231726283,7.0,0.779510022271715,0.8340000000000001,0.8640000000000001,1.0,0.7,8.1,Yes,No,High,1.0,Yes,Salle 12,154.0,0.8263888888888888,0.22035041635039396,0.1864,0.7508690441401171,0,0,1,1,False,False,False,False,False,True
ENSPD001304,Male,22.0,2,0.5956454121306377,26.0,0.6046770601336303,0.59,0.7220000000000001,3.0,2.6,18.9,Yes,No,Middle,0.0,No,Salle 18,231.0,0.65,0.19761714317022352,0.444,0.9860656366780134,1,0,0,1,False,False,False,False,True,False
ENSPD000985,Female,21.0,1,0.4930015552099535,33.0,0.6581291759465479,0.65,0.423,1.0,0.7,8.2,Yes,No,High,2.0,Yes,Salle 27,149.0,0.4388888888888889,0.25387365963572617,0.1348,0.6476742668343078,0,0,1,1,False,False,True,False,False,False
ENSPD003535,Male,18.0,1,0.6267496111975116,24.0,0.6291759465478842,0.54,0.84,3.0,1.7,12.8,Yes,No,Middle,0.0,Yes,Salle 16,149.0,0.6611111111111111,0.20292536625821003,0.456,0.6476742668343078,1,0,1,1,False,False,True,False,False,False
ENSPD003841,Male,22.0,3,0.975116640746501,2.0,0.8351893095768375,0.6070000000000001,0.36,0.0,3.7,11.5,Yes,Yes,Low,1.0,No,Salle 5,185.0,0.6069444444444445,0.3323160852430068,0.0,0.6476742668343078,1,1,0,1,False,False,True,False,False,False
ENSPD004107,Female,19.0,1,0.44323483670295494,36.0,0.6737193763919822,0.8790000000000001,0.467,2.0,0.4,7.2,No,No,Middle,0.0,Yes,Salle 27,121.0,0.5708333333333333,0.17850572341430523,0.25680000000000003,0.7508690441401171,0,0,1,0,False,False,False,False,False,True
ENSPD003333,Male,25.0,3,0.9999999999999999,0.0,0.7706013363028954,0.6920000000000001,0.5770000000000001,0.0,2.0,13.9,Yes,No,Middle,0.0,Yes,Salle 7,185.0,0.6430555555555555,0.32189624754889523,0.0,0.6476742668343078,1,0,1,1,False,False,True,False,False,False
ENSPD000742,Male,21.0,1,0.8709175738724727,8.0,0.8396436525612472,0.469,0.54,3.0,1.5,13.4,Yes,No,Low,2.0,Yes,Salle 2,143.0,0.5277777777777778,0.3412743188063736,0.5502,0.900740336465212,1,0,1,1,True,False,False,False,False,False
ENSPD001112,Male,21.0,1,0.6469673405909798,23.0,0.7371937639198219,0.621,0.633,2.0,3.0,18.6,Yes,No,Low,3.0,No,Salle 7,143.0,0.5097222222222222,0.27359037147997367,0.3092,0.900740336465212,1,0,0,1,True,False,False,False,False,False
ENSPD001627,Male,23.0,2,0.9999999999999999,0.0,0.6269487750556793,0.6809999999999999,0.995,1.0,0.7,6.5,Yes,No,High,1.0,No,Salle 16,161.0,0.7944444444444445,0.25838441447095806,0.2,0.7508690441401171,1,0,0,1,False,False,False,False,False,True
ENSPD004878,Female,23.0,1,0.6780715396578537,21.0,0.7694877505567929,0.599,0.652,1.0,2.2,13.7,Yes,No,Middle,2.0,Yes,Salle 30,96.0,0.5541666666666667,0.2626021541896266,0.1586,1.0,0,0,1,1,False,False,False,False,False,False
ENSPD001208,Male,23.0,3,0.8662519440124418,9.0,0.7494432071269488,0.736,0.523,1.0,0.8,9.4,No,Yes,Middle,2.0,No,Salle 12,263.0,0.5527777777777778,0.3257853072376349,0.18280000000000002,0.5818364233587374,1,1,0,0,False,False,False,True,False,False
ENSPD002608,Male,23.0,3,0.6734059097978228,21.0,0.6993318485523385,0.494,0.8320000000000001,0.0,4.5,20.5,Yes,No,Middle,1.0,Yes,Salle 12,188.0,0.6277777777777779,0.22946878217311997,0.0,0.900740336465212,1,0,1,1,True,False,False,False,False,False
ENSPD004827,Female,22.0,5,0.8102643856920683,12.0,0.3752783964365256,0.7440000000000001,0.456,1.0,0.8,20.3,Yes,Yes,Low,1.0,Yes,Salle 22,67.0,0.44305555555555554,0.3722379091838943,0.1756,0.9860656366780134,0,1,1,1,False,False,False,False,True,False
ENSPD003052,Male,24.0,4,0.8911353032659409,7.0,0.7661469933184856,0.504,0.716,0.0,1.9,12.5,Yes,No,Middle,1.0,Yes,Salle 7,173.0,0.6138888888888889,0.30267774538468906,0.0,0.6476742668343078,1,0,1,1,False,False,True,False,False,False
ENSPD003823,Female,25.0,3,0.6143079315707621,25.0,0.6703786191536749,0.439,0.693,0.0,8.1,33.3,Yes,No,Middle,1.0,No,Salle 2,188.0,0.4194444444444444,0.3119302174729175,0.0,0.900740336465212,0,0,0,1,True,False,False,False,False,False
ENSPD000928,Male,21.0,5,0.6936236391912908,20.0,0.6358574610244989,1.0,0.36700000000000005,1.0,4.3,22.6,Yes,No,Middle,1.0,Yes,Salle 7,40.0,0.5125,0.2884444835411093,0.1606,0.0,1,0,1,1,False,True,False,False,False,False
ENSPD001363,Female,21.0,3,0.567651632970451,28.0,0.45322939866369716,0.758,0.6970000000000001,2.0,0.4,8.9,No,No,Middle,2.0,Yes,Salle 10,185.0,0.5375,0.23318916378026713,0.2888,0.6476742668343078,0,0,1,0,False,False,True,False,False,False
ENSPD003786,Male,19.0,4,0.7449455676516329,16.0,0.9365256124721604,0.625,0.691,2.0,7.3,41.2,Yes,No,Middle,1.0,Yes,Salle 22,173.0,0.7541666666666667,0.20463905669681695,0.3344,0.6476742668343078,1,0,1,1,False,False,True,False,False,False
ENSPD003814,Female,22.0,1,0.7869362363919129,14.0,0.7939866369710468,0.3,0.743,0.0,2.8,24.4,No,No,Middle,2.0,Yes,Salle 18,248.0,0.5194444444444445,0.3170916872662939,0.0,0.5818364233587374,0,0,1,0,False,False,False,True,False,False
ENSPD004462,Male,22.0,4,0.6111975116640745,25.0,0.5501113585746102,0.528,0.7340000000000001,0.0,4.1,25.9,No,No,Middle,0.0,No,Salle 26,178.0,0.5430555555555555,0.24538405267289157,0.0,0.9860656366780134,1,0,0,0,False,False,False,False,True,False
ENSPD000601,Male,18.0,4,0.5396578538102644,30.0,0.5545657015590201,0.762,0.7240000000000001,0.0,1.3,8.3,Yes,No,Low,1.0,Yes,Salle 3,230.0,0.576388888888889,0.20769607648270458,0.0,0.5818364233587374,1,0,1,1,False,False,False,True,False,False
ENSPD001374,Male,21.0,3,0.31259720062208385,44.0,0.801781737193764,0.616,0.633,1.0,2.7,23.3,Yes,No,Low,0.0,Yes,Salle 1,188.0,0.43333333333333335,0.18739118814384373,0.11159999999999999,0.900740336465212,1,0,1,1,True,False,False,False,False,False
ENSPD004352,Female,26.0,2,0.7884914463452567,14.0,0.8930957683741649,0.536,0.902,0.0,1.4,5.3,Yes,No,Low,1.0,No,Salle 15,161.0,0.848611111111111,0.18712283965437274,0.0,0.7508690441401171,0,0,0,1,False,False,False,False,False,True
ENSPD002245,Female,23.0,4,0.8304821150855365,11.0,0.6247216035634744,0.783,0.71,3.0,3.0,11.7,Yes,No,Middle,1.0,Yes,Salle 29,178.0,0.6208333333333333,0.2806685820190987,0.5346,0.9860656366780134,0,0,1,1,False,False,False,False,True,False
ENSPD001634,Female,18.0,4,0.6516329704510108,22.0,0.6336302895322939,0.489,0.47600000000000003,0.0,0.1,11.5,No,Yes,Middle,0.0,Yes,Salle 6,157.0,0.4847222222222223,0.28828876444983964,0.0,0.900740336465212,0,1,1,0,True,False,False,False,False,False
ENSPD001031,Male,20.0,3,0.6702954898911352,21.0,0.844097995545657,0.386,1.0,3.0,1.8,12.5,Yes,No,Middle,3.0,No,Salle 5,212.0,0.726388888888889,0.1932431100889417,0.47279999999999994,0.9860656366780134,1,0,0,1,False,False,False,False,True,False
ENSPD001911,Male,23.0,4,0.4230171073094867,37.0,0.9142538975501113,0.445,0.831,2.0,0.9,14.9,Yes,No,Low,1.0,Yes,Salle 12,121.0,0.6069444444444445,0.15954490907245658,0.2516,0.7508690441401171,1,0,1,1,False,False,False,False,False,True
ENSPD001599,Male,25.0,1,0.5692068429237945,28.0,0.7227171492204899,0.473,0.584,0.0,1.8,11.5,No,No,Low,0.0,Yes,Salle 26,121.0,0.5,0.2510595309577318,0.0,0.7508690441401171,1,0,1,0,False,False,False,False,False,True
ENSPD000554,Male,25.0,3,0.80248833592535,13.0,0.5857461024498887,0.8170000000000001,0.42,1.0,2.0,15.1,No,No,High,1.0,Yes,Salle 7,104.0,0.4819444444444444,0.34433680209780515,0.1746,0.0,1,0,1,0,False,True,False,False,False,False
ENSPD000063,Female,19.0,4,0.7325038880248832,17.0,0.5957683741648108,0.616,0.33899999999999997,2.0,0.4,12.2,Yes,No,High,1.0,Yes,Salle 25,178.0,0.5875,0.2650072125940307,0.3312,0.9860656366780134,0,0,1,1,False,False,False,False,True,False
ENSPD002862,Male,25.0,5,0.7931570762052876,13.0,0.6503340757238307,0.6900000000000001,0.466,1.0,2.5,17.9,Yes,Yes,Low,1.0,Yes,Salle 15,67.0,0.5125,0.3231161366723231,0.1734,0.9860656366780134,1,1,1,1,False,False,False,False,True,False
ENSPD004379,Male,18.0,4,0.9409020217729395,4.0,0.6369710467706015,0.87,0.615,2.0,7.4,34.3,Yes,No,High,1.0,Yes,Salle 25,178.0,0.7069444444444444,0.27611743155745183,0.38480000000000003,0.9860656366780134,1,0,1,1,False,False,False,False,True,False
ENSPD002822,Male,25.0,3,0.7651632970451011,15.0,0.02672605790645881,0.64,0.363,1.0,1.3,7.9,Yes,No,Middle,0.0,Yes,Salle 26,185.0,0.19444444444444453,0.5965004726933405,0.1698,0.6476742668343078,1,0,1,1,False,False,True,False,False,False
ENSPD002815,Male,23.0,2,0.6951788491446346,20.0,0.5935412026726058,0.8220000000000001,0.507,0.0,2.3,19.5,No,No,Middle,1.0,No,Salle 25,231.0,0.5333333333333333,0.27837999666626845,0.0,0.9860656366780134,1,0,0,0,False,False,False,False,True,False
ENSPD001162,Male,22.0,1,0.8040435458786938,13.0,0.44209354120267264,0.5860000000000001,0.711,3.0,1.8,16.1,No,No,Middle,1.0,No,Salle 9,248.0,0.5013888888888889,0.33329600044656815,0.5244000000000001,0.5818364233587374,1,0,0,0,False,False,False,True,False,False
ENSPD001629,Male,22.0,4,0.9999999999999999,0.0,0.5512249443207128,0.616,0.627,1.0,0.2,3.8,No,No,Middle,1.0,Yes,Salle 30,173.0,0.2055555555555556,0.7102353256040652,0.2,0.6476742668343078,1,0,1,0,False,False,True,False,False,False
ENSPD001281,Female,22.0,1,0.9455676516329704,4.0,0.6982182628062361,0.402,0.893,1.0,7.4,28.7,Yes,No,Low,0.0,Yes,Salle 4,149.0,0.6541666666666666,0.30035516891291847,0.193,0.6476742668343078,0,0,1,1,False,False,True,False,False,False
ENSPD000905,Male,18.0,3,0.8522550544323483,10.0,0.6146993318485524,0.804,0.67,0.0,0.8,17.8,Yes,No,Middle,0.0,Yes,Salle 14,212.0,0.6555555555555557,0.27197130306568595,0.0,0.9860656366780134,1,0,1,1,False,False,False,False,True,False
ENSPD000351,Male,19.0,5,0.9082426127527216,6.0,0.45991091314031185,0.09699999999999999,0.42,2.0,4.0,20.3,No,No,Middle,0.0,Yes,Salle 11,67.0,0.16249999999999998,0.7312996166272692,0.3764,0.9860656366780134,1,0,1,0,False,False,False,False,True,False
ENSPD004886,Female,23.0,4,0.6780715396578537,21.0,0.4242761692650334,0.703,0.573,3.0,0.5,5.9,Yes,No,Low,1.0,Yes,Salle 14,178.0,0.43472222222222223,0.3271697696699035,0.47579999999999995,0.9860656366780134,0,0,1,1,False,False,False,False,True,False
ENSPD001136,Male,24.0,2,0.6858475894245722,20.0,0.4654788418708241,0.53,0.757,1.0,2.3,14.5,No,No,Middle,1.0,No,Salle 18,177.0,0.4833333333333333,0.30138844013904065,0.1596,0.6476742668343078,1,0,0,0,False,False,True,False,False,False
ENSPD000642,Male,24.0,3,0.9999999999999999,0.0,0.7806236080178174,0.636,0.618,0.0,1.5,5.4,Yes,No,Low,0.0,No,Salle 30,263.0,0.6569444444444444,0.3152512461951581,0.0,0.5818364233587374,1,0,0,1,False,False,False,True,False,False
ENSPD002794,Male,23.0,2,0.8958009331259719,7.0,0.6915367483296213,0.616,0.531,0.0,1.4,34.4,Yes,Yes,Middle,0.0,Yes,Salle 19,231.0,0.5486111111111112,0.33791172883639875,0.0,0.9860656366780134,1,1,1,1,False,False,False,False,True,False
ENSPD000821,Female,23.0,3,0.7231726283048211,30.0,0.6102449888641426,0.41100000000000003,0.713,0.0,2.9,21.1,No,Yes,Middle,1.0,No,Salle 9,188.0,0.47916666666666674,0.31726022194301295,0.0,0.900740336465212,0,1,0,0,True,False,False,False,False,False
ENSPD000995,Male,22.0,3,0.6485225505443236,23.0,0.8697104677060133,0.78,0.737,1.0,1.5,11.5,No,No,Low,0.0,Yes,Salle 16,185.0,0.7388888888888889,0.18327371954057206,0.15480000000000002,0.6476742668343078,1,0,1,0,False,False,True,False,False,False
ENSPD004696,Female,20.0,3,0.5241057542768274,31.0,0.5857461024498887,0.616,0.589,0.0,3.7,19.7,No,No,Middle,3.0,Yes,Salle 15,130.0,0.525,0.22384721595272636,0.0,1.0,0,0,1,0,False,False,False,False,False,False
ENSPD000233,Male,22.0,5,0.8102643856920683,12.0,0.3418708240534521,0.816,0.528,1.0,1.1,16.3,No,No,Middle,1.0,Yes,Salle 2,80.0,0.45138888888888895,0.36664924602002613,0.1756,0.900740336465212,1,0,1,0,True,False,False,False,False,False
ENSPD001234,Male,26.0,2,0.7558320373250388,16.0,0.6525612472160356,0.7590000000000001,0.9690000000000001,1.0,1.6,13.0,Yes,No,Middle,2.0,Yes,Salle 22,177.0,0.7458333333333333,0.21034310361987554,0.1686,0.6476742668343078,1,0,1,1,False,False,True,False,False,False
ENSPD001619,Male,20.0,3,0.4276827371695179,37.0,0.5734966592427617,0.579,0.635,3.0,7.3,33.1,Yes,No,Low,1.0,Yes,Salle 1,212.0,0.5055555555555555,0.19867849688504016,0.37920000000000004,0.9860656366780134,1,0,1,1,False,False,False,False,True,False
ENSPD000878,Female,21.0,4,0.968895800933126,2.0,0.6993318485523385,0.197,0.8490000000000001,3.0,2.6,10.9,Yes,No,Middle,1.0,Yes,Salle 18,157.0,0.5708333333333333,0.3496548862816201,0.588,0.900740336465212,0,0,1,1,True,False,False,False,False,False
ENSPD001446,Male,19.0,4,0.9999999999999999,0.0,0.3541202672605791,0.48200000000000004,0.583,0.0,0.9,11.5,Yes,No,Low,0.0,Yes,Salle 21,70.0,0.3555555555555555,0.5206130941456812,0.0,0.0,1,0,1,1,False,True,False,False,False,False
ENSPD004039,Female,22.0,5,0.5458786936236392,29.0,0.46770601336302897,0.526,0.6779999999999999,4.0,0.7,12.3,Yes,No,Middle,1.0,Yes,Salle 2,60.0,0.46805555555555556,0.25854950949893407,0.5664,0.7508690441401171,0,0,1,1,False,False,False,False,False,True
ENSPD001864,Male,22.0,1,0.8491446345256609,10.0,0.4020044543429844,0.42200000000000004,0.449,3.0,1.0,15.6,Yes,No,High,1.0,No,Salle 11,121.0,0.3041666666666667,0.5053224606592539,0.5418,0.7508690441401171,1,0,0,1,False,False,False,False,False,True
ENSPD001429,Female,20.0,4,0.6889580093312596,20.0,0.6503340757238307,0.731,0.765,0.0,0.8,2.0,Yes,Yes,High,2.0,Yes,Salle 29,230.0,0.6708333333333333,0.21771841231541464,0.0,0.5818364233587374,0,1,1,1,False,False,False,True,False,False
ENSPD003119,Male,25.0,3,0.7838258164852253,14.0,0.744988864142539,0.741,0.644,1.0,0.4,11.5,Yes,No,Low,1.0,Yes,Salle 26,212.0,0.6444444444444444,0.25619901463844674,0.1722,0.9860656366780134,1,0,1,1,False,False,False,False,True,False
ENSPD004869,Female,22.0,2,0.7169517884914464,18.0,0.43207126948775054,0.745,0.546,0.0,1.9,11.1,No,No,Middle,2.0,Yes,Salle 5,185.0,0.5486111111111112,0.27819454077076256,0.0,0.900740336465212,0,0,1,0,True,False,False,False,False,False
ENSPD000553,Male,24.0,3,0.5909797822706065,26.0,0.7405345211581292,0.401,0.779,1.0,0.3,11.4,Yes,No,Middle,0.0,Yes,Salle 12,154.0,0.5583333333333333,0.23190737302203004,0.1474,0.7508690441401171,1,0,1,1,False,False,False,False,False,True
ENSPD004390,Male,24.0,2,0.6345256609642301,24.0,0.734966592427617,0.568,0.7390000000000001,1.0,0.1,6.9,Yes,No,Low,1.0,No,Salle 14,71.0,0.6555555555555557,0.20722358987591968,0.153,0.0,1,0,0,1,False,True,False,False,False,False
ENSPD003609,Female,23.0,2,0.9984447900466563,0.0,0.7505567928730512,0.616,0.79,1.0,0.8,0.0,Yes,No,Middle,0.0,No,Salle 21,298.0,0.6291666666666667,0.3282599518345225,0.1998,0.5818364233587374,0,0,0,1,False,False,False,True,False,False
ENSPD004442,Female,24.0,4,0.5287713841368585,30.0,0.7850779510022272,0.504,0.501,4.0,3.5,14.8,Yes,No,Middle,1.0,Yes,Salle 24,230.0,0.4638888888888889,0.25436912818108315,0.5576,0.5818364233587374,0,0,1,1,False,False,False,True,False,False
ENSPD000941,Male,20.0,4,0.7231726283048211,36.0,0.844097995545657,0.682,0.961,1.0,2.3,13.5,Yes,No,Low,1.0,Yes,Salle 16,93.0,0.7763888888888888,0.1917721971444362,0.16440000000000002,1.0,1,0,1,1,False,False,False,False,False,False
ENSPD000181,Male,24.0,3,0.5396578538102644,30.0,0.3763919821826281,0.444,0.13,2.0,0.1,0.0,Yes,No,Middle,2.0,Yes,Salle 29,188.0,0.21250000000000002,0.4487853452788447,0.2816,0.900740336465212,1,0,1,1,True,False,False,False,False,False
ENSPD000430,Male,21.0,3,0.5101088646967341,32.0,0.45657015590200445,0.684,0.46399999999999997,1.0,2.0,11.5,Yes,No,High,0.0,No,Salle 23,154.0,0.45972222222222214,0.2495658858108684,0.137,0.7508690441401171,1,0,0,1,False,False,False,False,False,True
ENSPD001906,Male,20.0,4,0.9097978227060654,6.0,0.5356347438752784,0.314,0.721,1.0,1.1,7.5,No,Yes,Low,0.0,Yes,Salle 21,93.0,0.4180555555555555,0.42885389260012163,0.1884,1.0,1,1,1,0,False,False,False,False,False,False
ENSPD003846,Female,21.0,4,0.7978227060653188,13.0,0.4521158129175946,1.0,0.6509999999999999,0.0,0.1,12.0,Yes,No,Middle,1.0,Yes,Salle 27,230.0,0.6416666666666667,0.2615820798277657,0.0,0.5818364233587374,0,0,1,1,False,False,False,True,False,False
ENSPD004841,Female,24.0,4,0.7791601866251944,14.0,0.4955456570155903,0.384,0.7000000000000001,2.0,2.9,12.4,Yes,No,Middle,2.0,No,Salle 19,157.0,0.3763888888888889,0.4088011555767518,0.3432,0.900740336465212,0,0,0,1,True,False,False,False,False,False
ENSPD001530,Male,23.0,5,0.499222395023328,32.0,0.378619153674833,0.9,0.664,0.0,1.1,18.0,Yes,No,Middle,2.0,Yes,Salle 27,70.0,0.638888888888889,0.1724250348956339,0.0,0.6476742668343078,1,0,1,1,False,False,True,False,False,False
ENSPD002345,Female,20.0,3,0.5381026438569206,30.0,0.8585746102449888,0.389,0.728,1.0,0.0,6.9,Yes,Yes,Middle,1.0,Yes,Salle 9,185.0,0.6194444444444444,0.19101756011913643,0.1406,0.6476742668343078,0,1,1,1,False,False,True,False,False,False
ENSPD004074,Female,25.0,2,0.5847589424572316,27.0,0.5178173719376392,0.838,0.624,0.0,3.8,18.8,No,No,Middle,1.0,Yes,Salle 9,177.0,0.5708333333333333,0.22458434418627463,0.0,0.6476742668343078,0,0,1,0,False,False,True,False,False,False
ENSPD003590,Male,23.0,1,0.7651632970451011,15.0,0.6113585746102449,1.0,0.41700000000000004,0.0,0.9,3.3,Yes,No,Middle,0.0,Yes,Salle 27,149.0,0.5625,0.287371204010767,0.0,0.6476742668343078,1,0,1,1,False,False,True,False,False,False
ENSPD001267,Male,20.0,2,0.6469673405909798,23.0,0.7906458797327395,0.885,0.8520000000000001,1.0,1.7,15.2,Yes,No,Low,0.0,Yes,Salle 12,71.0,0.788888888888889,0.16802347973867013,0.1546,0.0,1,0,1,1,False,True,False,False,False,False
ENSPD004066,Male,25.0,3,0.5987558320373251,26.0,0.5812917594654788,0.64,0.64,1.0,1.8,6.7,No,No,Middle,1.0,Yes,Salle 28,212.0,0.575,0.22739675032392118,0.1484,0.9860656366780134,1,0,1,0,False,False,False,False,True,False
ENSPD002288,Male,21.0,3,0.9300155520995333,4.0,0.5278396436525613,0.522,0.635,0.0,6.6,31.5,Yes,No,Middle,1.0,No,Salle 1,185.0,0.5444444444444444,0.3517200799255136,0.0,0.6476742668343078,1,0,0,1,False,False,True,False,False,False
ENSPD001687,Female,20.0,3,0.8475894245723173,10.0,0.6369710467706015,0.763,0.751,1.0,0.3,11.5,Yes,No,Middle,0.0,Yes,Salle 6,263.0,0.723611111111111,0.2434379684838742,0.1804,0.5818364233587374,0,0,1,1,False,False,False,True,False,False
ENSPD000924,Female,19.0,3,0.5272161741835147,30.0,0.7461024498886415,0.761,0.655,1.0,3.4,26.3,No,No,Middle,0.0,Yes,Salle 24,263.0,0.6138888888888889,0.18963960197019333,0.1392,0.5818364233587374,0,0,1,0,False,False,False,True,False,False
ENSPD002069,Male,22.0,1,0.457231726283048,35.0,0.6113585746102449,0.518,0.24600000000000002,1.0,0.3,3.9,No,Yes,Middle,1.0,Yes,Salle 1,248.0,0.2875,0.33624384926788065,0.13019999999999998,0.5818364233587374,1,1,1,0,False,False,False,True,False,False
ENSPD001137,Female,23.0,1,0.7091757387247278,19.0,0.7371937639198219,0.585,0.774,1.0,2.1,12.9,Yes,No,Middle,2.0,Yes,Salle 24,149.0,0.6569444444444444,0.2288894736751604,0.1626,0.6476742668343078,0,0,1,1,False,False,True,False,False,False
ENSPD000207,Male,21.0,1,0.9160186625194401,5.0,0.3051224944320713,0.6409999999999999,0.47100000000000003,0.0,1.8,19.5,Yes,No,Middle,2.0,Yes,Salle 26,143.0,0.3569444444444444,0.4832941425975884,0.0,0.900740336465212,1,0,1,1,True,False,False,False,False,False
ENSPD004993,Male,23.0,3,0.5427682737169516,29.0,0.5846325167037862,0.514,0.684,1.0,0.3,6.8,No,No,Middle,1.0,Yes,Salle 30,263.0,0.47638888888888886,0.25318962758456454,0.1412,0.5818364233587374,1,0,1,0,False,False,False,True,False,False
ENSPD001130,Male,22.0,1,0.8786936236391912,8.0,0.5712694877505569,0.40700000000000003,0.858,2.0,0.5,5.0,Yes,No,Low,1.0,Yes,Salle 13,96.0,0.6138888888888889,0.29881319347308233,0.3688,1.0,1,0,1,1,False,False,False,False,False,False
ENSPD002134,Male,20.0,1,0.4339035769828927,36.0,0.5022271714922049,0.536,0.478,2.0,1.2,7.3,Yes,No,Middle,1.0,No,Salle 12,121.0,0.3680555555555556,0.27007202456979773,0.2544,0.7508690441401171,1,0,0,1,False,False,False,False,False,True
ENSPD000093,Female,20.0,3,0.5769828926905131,27.0,0.6113585746102449,0.47200000000000003,0.425,1.0,1.0,9.1,Yes,No,Middle,1.0,No,Salle 25,185.0,0.4263888888888888,0.2931794634680539,0.1456,0.6476742668343078,0,0,0,1,False,False,True,False,False,False
ENSPD003524,Male,20.0,1,0.6982892690513217,19.0,0.49443207126948774,0.8170000000000001,0.45,1.0,0.4,0.0,Yes,No,Middle,1.0,Yes,Salle 10,96.0,0.46805555555555556,0.31462626166867314,0.16119999999999998,1.0,1,0,1,1,False,False,False,False,False,False
ENSPD000908,Male,23.0,1,0.6998444790046657,19.0,0.512249443207127,0.507,0.8320000000000001,2.0,1.4,26.6,No,No,Low,0.0,Yes,Salle 16,186.0,0.5527777777777778,0.2704869437707169,0.32280000000000003,0.9860656366780134,1,0,1,0,False,False,False,False,True,False
ENSPD004489,Female,20.0,2,0.6905132192846034,20.0,0.5100222717149221,0.489,0.557,1.0,1.4,21.1,Yes,No,Low,0.0,No,Salle 13,298.0,0.37777777777777777,0.37087670925040617,0.16019999999999998,0.5818364233587374,0,0,0,1,False,False,False,True,False,False
ENSPD000249,Female,23.0,2,0.4976671850699844,32.0,0.6113585746102449,0.5770000000000001,1.0,1.0,3.1,18.0,Yes,No,Middle,1.0,No,Salle 17,231.0,0.6902777777777778,0.1557876679479984,0.13540000000000002,0.9860656366780134,0,0,0,1,False,False,False,False,True,False
ENSPD001697,Male,21.0,2,0.34525660964230165,42.0,0.9008908685968819,0.376,0.635,5.0,0.7,7.5,No,No,Middle,0.0,Yes,Salle 10,177.0,0.5111111111111111,0.1676164810145996,0.579,0.6476742668343078,1,0,1,0,False,False,True,False,False,False
ENSPD002124,Male,21.0,1,0.514774494556765,31.0,0.6781737193763919,0.616,0.64,4.0,0.7,4.9,No,Yes,Low,1.0,Yes,Salle 26,121.0,0.6819444444444445,0.16325054175559942,0.5504,0.7508690441401171,1,1,1,0,False,False,False,False,False,True
ENSPD001602,Male,22.0,3,0.9393468118195955,4.0,0.3997772828507795,0.6829999999999999,1.0,1.0,1.7,17.0,No,No,Middle,1.0,No,Salle 7,104.0,0.6805555555555556,0.2867899986736945,0.19219999999999998,0.0,1,0,0,0,False,True,False,False,False,False
ENSPD003347,Male,24.0,1,0.7791601866251944,14.0,0.8518930957683742,0.489,0.635,0.0,4.0,21.2,No,Yes,Low,1.0,Yes,Salle 26,143.0,0.4986111111111111,0.3261053554362138,0.0,0.900740336465212,1,1,1,0,True,False,False,False,False,False
ENSPD003076,Female,20.0,4,0.8553654743390359,9.0,0.39086859688195985,0.54,0.478,1.0,0.7,9.2,No,No,Middle,2.0,Yes,Salle 23,230.0,0.3569444444444444,0.45732696318897337,0.1814,0.5818364233587374,0,0,1,0,False,False,False,True,False,False
ENSPD001810,Male,20.0,2,0.5085536547433903,32.0,0.5601336302895323,0.5970000000000001,0.7340000000000001,2.0,0.5,13.1,Yes,No,High,0.0,Yes,Salle 28,298.0,0.6888888888888889,0.15933366184319978,0.2736,0.5818364233587374,1,0,1,1,False,False,False,True,False,False
ENSPD004771,Male,20.0,1,0.900466562986003,6.0,0.6893095768374164,0.271,0.334,0.0,1.4,4.6,Yes,No,Middle,4.0,Yes,Salle 25,143.0,0.23611111111111116,0.6115101629043912,0.0,0.900740336465212,1,0,1,1,True,False,False,False,False,False
ENSPD004058,Male,26.0,4,0.5349922239502333,30.0,0.6848552338530067,0.7340000000000001,0.934,1.0,3.2,13.6,Yes,No,Middle,1.0,Yes,Salle 6,230.0,0.75,0.1490680698368946,0.1402,0.5818364233587374,1,0,1,1,False,False,False,True,False,False
ENSPD000112,Male,22.0,2,0.6796267496111975,21.0,0.655902004454343,0.489,0.521,0.0,1.9,9.5,Yes,Yes,Middle,1.0,Yes,Salle 29,177.0,0.39861111111111114,0.3515300527047365,0.0,0.6476742668343078,1,1,1,1,False,False,True,False,False,False
ENSPD000250,Female,23.0,1,0.7231726283048211,10.0,0.5278396436525613,0.846,0.684,3.0,1.3,11.5,No,No,Middle,1.0,Yes,Salle 4,149.0,0.6625000000000001,0.23090418900408474,0.4932000000000001,0.6476742668343078,0,0,1,0,False,False,True,False,False,False
ENSPD000049,Male,19.0,3,0.7433903576982893,16.0,0.7238307349665924,0.736,0.7959999999999999,1.0,4.0,21.0,Yes,Yes,Low,1.0,Yes,Salle 30,104.0,0.6888888888888889,0.22686644181922463,0.167,0.0,1,1,1,1,False,True,False,False,False,False
ENSPD004038,Female,19.0,2,0.6578538102643857,22.0,0.3964365256124721,0.616,0.557,2.0,1.0,11.1,Yes,No,High,2.0,Yes,Salle 4,231.0,0.35277777777777775,0.3759729977914268,0.312,0.9860656366780134,0,0,1,1,False,False,False,False,True,False
ENSPD004897,Male,25.0,4,0.6858475894245722,20.0,0.522271714922049,0.716,0.622,0.0,0.8,14.1,Yes,No,Middle,1.0,No,Salle 26,70.0,0.48611111111111116,0.2998490422781859,0.0,0.0,1,0,0,1,False,True,False,False,False,False
ENSPD002832,Female,20.0,2,0.9999999999999999,0.0,0.6625835189309577,0.47700000000000004,0.9,0.0,0.2,9.6,No,No,Low,1.0,Yes,Salle 14,298.0,0.6930555555555555,0.2988250936215765,0.0,0.5818364233587374,0,0,1,0,False,False,False,True,False,False
ENSPD002501,Female,19.0,2,0.24883359253499227,48.0,0.5512249443207128,0.568,0.737,2.0,0.5,4.1,No,No,Middle,0.0,Yes,Salle 7,71.0,0.5513888888888888,0.12103765873686592,0.2068,0.0,0,0,1,0,False,True,False,False,False,False
ENSPD000489,Female,18.0,3,0.9922239502332816,0.0,0.3017817371937639,0.871,0.49,1.0,1.3,13.6,No,No,Low,1.0,Yes,Salle 21,104.0,0.41388888888888886,0.46466989320915275,0.199,0.0,0,0,1,0,False,True,False,False,False,False
ENSPD001591,Female,25.0,3,0.7309486780715396,17.0,0.4832962138084633,0.53,0.611,1.0,3.9,21.7,No,No,Middle,0.0,Yes,Salle 20,104.0,0.4208333333333333,0.35671644159263194,0.16540000000000002,0.0,0,0,1,0,False,True,False,False,False,False
ENSPD002410,Male,20.0,4,0.8553654743390359,9.0,0.4799554565701559,0.379,0.711,5.0,4.0,19.6,Yes,No,Middle,1.0,Yes,Salle 21,178.0,0.4180555555555555,0.40747378565437864,0.907,0.9860656366780134,1,0,1,1,False,False,False,False,True,False
ENSPD000092,Female,17.0,4,0.609642301710731,25.0,0.8841870824053452,0.434,0.449,1.0,3.6,17.4,No,No,Middle,2.0,No,Salle 26,230.0,0.4472222222222222,0.2936145199182971,0.14980000000000002,0.5818364233587374,0,0,0,0,False,False,False,True,False,False
ENSPD001850,Female,17.0,5,0.9999999999999999,0.0,0.40423162583518935,0.616,0.9109999999999999,0.0,4.8,27.2,Yes,Yes,High,0.0,No,Salle 5,70.0,0.7083333333333333,0.2922221071966786,0.0,0.6476742668343078,0,1,0,1,False,False,True,False,False,False
ENSPD003780,Female,25.0,1,0.6236391912908242,24.0,0.34075723830734966,1.0,0.6609999999999999,1.0,2.9,14.4,No,No,Middle,0.0,Yes,Salle 5,248.0,0.5694444444444444,0.23784115587527574,0.15159999999999998,0.5818364233587374,0,0,1,0,False,False,False,True,False,False
ENSPD003731,Male,23.0,3,0.5754276827371695,27.0,0.3273942093541203,0.6509999999999999,0.358,2.0,1.7,13.8,Yes,No,Middle,0.0,Yes,Salle 5,263.0,0.2319444444444444,0.4466637216078644,0.2908,0.5818364233587374,1,0,1,1,False,False,False,True,False,False
ENSPD003744,Male,24.0,2,0.7744945567651632,14.0,0.6269487750556793,0.601,0.6709999999999999,0.0,0.6,8.9,Yes,No,Low,1.0,Yes,Salle 27,185.0,0.5819444444444444,0.2810398142371765,0.0,0.900740336465212,1,0,1,1,True,False,False,False,False,False
ENSPD004161,Male,21.0,4,0.9999999999999999,0.0,0.423162583518931,0.616,0.469,1.0,4.0,16.6,Yes,No,Middle,1.0,No,Salle 20,157.0,0.35138888888888886,0.5247400387080756,0.2,0.900740336465212,1,0,0,1,True,False,False,False,False,False
ENSPD000880,Male,22.0,4,0.7682737169517885,15.0,0.4031180400890869,0.6900000000000001,0.409,0.0,5.1,25.5,Yes,No,Middle,1.0,Yes,Salle 5,93.0,0.37083333333333335,0.4086857056031886,0.0,1.0,1,0,1,1,False,False,False,False,False,False
ENSPD002169,Female,24.0,4,0.9300155520995333,4.0,0.7260579064587974,0.48700000000000004,0.584,1.0,0.3,2.0,Yes,No,Low,1.0,Yes,Salle 23,121.0,0.4555555555555555,0.4086682405293537,0.191,0.7508690441401171,0,0,1,1,False,False,False,False,False,True
ENSPD004259,Male,17.0,4,0.5132192846034215,31.0,0.8140311804008908,0.779,0.635,1.0,0.8,6.4,Yes,No,Middle,0.0,No,Salle 22,70.0,0.6680555555555555,0.16713929438563715,0.13740000000000002,0.0,1,0,0,1,False,True,False,False,False,False
ENSPD001867,Male,27.0,1,0.5178849144634526,31.0,0.5278396436525613,0.45,0.539,2.0,0.3,8.2,Yes,No,Middle,1.0,Yes,Salle 29,83.0,0.2847222222222222,0.36751064727260796,0.276,0.0,1,0,1,1,False,True,False,False,False,False
ENSPD002101,Female,26.0,3,0.7107309486780716,19.0,0.6592427616926504,0.611,0.763,1.0,2.9,15.6,Yes,No,Low,2.0,Yes,Salle 13,154.0,0.7055555555555555,0.21157093880785918,0.16280000000000003,0.7508690441401171,0,0,1,1,False,False,False,False,False,True
ENSPD003528,Female,23.0,2,0.942457231726283,4.0,0.5256124721603563,0.9570000000000001,0.887,1.0,3.3,12.4,Yes,Yes,Middle,1.0,Yes,Salle 17,231.0,0.8624999999999998,0.22099888914038904,0.1926,0.9860656366780134,0,1,1,1,False,False,False,False,True,False
ENSPD004803,Female,26.0,4,0.5583203732503886,28.0,0.30400890868596886,0.297,0.504,0.0,4.3,25.2,Yes,No,Low,0.0,Yes,Salle 8,173.0,0.23888888888888882,0.4304566100373606,0.0,0.6476742668343078,0,0,1,1,False,False,True,False,False,False
ENSPD004417,Male,21.0,2,0.6407465007776051,23.0,0.5590200445434298,0.368,0.5820000000000001,0.0,0.1,3.8,No,Yes,High,0.0,Yes,Salle 26,231.0,0.41388888888888886,0.32583404847948894,0.0,0.9860656366780134,1,1,1,0,False,False,False,False,True,False
ENSPD003783,Male,25.0,3,0.3063763608087091,45.0,0.5389755011135858,0.521,0.663,0.0,0.2,7.7,No,No,Middle,1.0,Yes,Salle 26,154.0,0.4472222222222222,0.1790120737496886,0.0,0.7508690441401171,1,0,1,0,False,False,False,False,False,True
ENSPD000001,Male,21.0,5,0.7791601866251944,14.0,0.7616926503340756,0.855,0.8059999999999999,1.0,1.1,12.9,No,Yes,Middle,1.0,Yes,Salle 8,67.0,0.7208333333333332,0.225400863966601,0.1716,0.9860656366780134,1,1,1,0,False,False,False,False,True,False
ENSPD001525,Male,23.0,3,0.8304821150855365,11.0,0.6481069042316259,0.762,0.8150000000000001,1.0,1.3,9.6,Yes,No,Middle,0.0,Yes,Salle 18,104.0,0.6902777777777778,0.2513650883461426,0.1782,0.0,1,0,1,1,False,True,False,False,False,False
ENSPD001025,Female,20.0,2,0.8118195956454123,12.0,0.4543429844097996,0.711,0.9009999999999999,0.0,0.2,3.4,Yes,Yes,Middle,0.0,Yes,Salle 14,298.0,0.7208333333333332,0.23450520294612312,0.0,0.5818364233587374,0,1,1,1,False,False,False,True,False,False
ENSPD003602,Male,25.0,4,0.4261275272161742,37.0,0.643652561247216,0.58,0.41100000000000003,1.0,1.8,17.4,Yes,No,High,0.0,Yes,Salle 23,173.0,0.4125,0.24179094715714858,0.1262,0.6476742668343078,1,0,1,1,False,False,True,False,False,False
ENSPD001826,Male,22.0,2,0.7045101088646967,19.0,0.5144766146993318,0.562,0.049,1.0,0.8,7.9,No,No,Middle,0.0,No,Salle 25,185.0,0.14305555555555555,0.6406672997858925,0.162,0.900740336465212,1,0,0,0,True,False,False,False,False,False
ENSPD000749,Female,22.0,2,0.8055987558320373,12.0,0.6937639198218263,0.741,0.86,1.0,0.5,6.4,Yes,No,Middle,3.0,No,Salle 20,177.0,0.7555555555555555,0.22054979930689442,0.17500000000000002,0.6476742668343078,0,0,0,1,False,False,True,False,False,False
ENSPD003482,Male,24.0,3,0.6656298600311042,22.0,0.7461024498886415,0.6950000000000001,0.8640000000000001,1.0,0.4,7.6,Yes,No,High,0.0,Yes,Salle 5,263.0,0.7333333333333334,0.18972223783810657,0.157,0.5818364233587374,1,0,1,1,False,False,False,True,False,False
ENSPD000257,Female,17.0,1,0.8087091757387247,12.0,0.5,0.33799999999999997,0.85,2.0,1.1,5.6,No,No,Middle,1.0,Yes,Salle 7,143.0,0.523611111111111,0.32229240127474656,0.3508,0.900740336465212,0,0,1,0,True,False,False,False,False,False
ENSPD001885,Male,22.0,3,0.3841368584758942,40.0,0.6670378619153674,0.848,0.6809999999999999,0.0,1.1,8.3,No,Yes,Middle,0.0,No,Salle 23,188.0,0.6833333333333333,0.12504714248491525,0.0,0.900740336465212,1,1,0,0,True,False,False,False,False,False
ENSPD003372,Female,18.0,2,0.5754276827371695,27.0,0.21937639198218262,0.7809999999999999,0.634,2.0,0.8,0.4,Yes,No,Middle,2.0,Yes,Salle 5,185.0,0.5,0.25325945320004073,0.2908,0.900740336465212,0,0,1,1,True,False,False,False,False,False
ENSPD001474,Male,23.0,1,0.7013996889580093,19.0,0.6714922048997773,0.439,0.628,1.0,1.0,8.3,Yes,No,Middle,0.0,No,Salle 15,83.0,0.4569444444444445,0.3223638690270062,0.1616,0.0,1,0,0,1,False,True,False,False,False,False
ENSPD003634,Male,19.0,5,0.500777604976672,32.0,0.4309576837416481,0.423,0.752,0.0,0.3,9.6,Yes,No,Low,2.0,No,Salle 30,48.0,0.49444444444444435,0.22940077225915304,0.0,1.0,1,0,0,1,False,False,False,False,False,False
ENSPD000126,Male,23.0,4,0.6329704510108866,24.0,0.77728285077951,0.573,0.757,1.0,1.1,2.6,No,No,Middle,1.0,Yes,Salle 15,173.0,0.6652777777777776,0.20328239693323477,0.15280000000000002,0.6476742668343078,1,0,1,0,False,False,True,False,False,False
ENSPD002985,Male,22.0,2,0.8926905132192845,7.0,0.6113585746102449,0.443,0.672,2.0,1.0,11.5,No,No,Low,1.0,Yes,Salle 12,298.0,0.5777777777777777,0.3212058238521013,0.3724,0.5818364233587374,1,0,1,0,False,False,False,True,False,False
ENSPD000366,Male,23.0,3,0.7029548989113531,19.0,0.6336302895322939,0.364,0.877,1.0,1.7,11.3,No,No,Low,4.0,Yes,Salle 5,130.0,0.5472222222222223,0.2741921037637597,0.16180000000000003,1.0,1,0,1,0,False,False,False,False,False,False
ENSPD000071,Female,20.0,3,0.8911353032659409,7.0,0.734966592427617,0.616,0.76,2.0,1.4,11.9,Yes,No,Middle,0.0,Yes,Salle 12,188.0,0.6680555555555555,0.2781042393932498,0.372,0.900740336465212,0,0,1,1,True,False,False,False,False,False
ENSPD003623,Male,23.0,2,0.5069984447900465,32.0,0.4365256124721604,0.758,0.509,2.0,1.4,14.3,Yes,Yes,Middle,2.0,Yes,Salle 16,298.0,0.4625,0.2470110868046019,0.2732,0.5818364233587374,1,1,1,1,False,False,False,True,False,False
ENSPD002667,Male,20.0,2,0.5645412130637636,28.0,0.5144766146993318,0.616,0.56,2.0,1.8,16.4,Yes,No,Middle,0.0,Yes,Salle 24,298.0,0.43194444444444435,0.2851431262995917,0.28800000000000003,0.5818364233587374,1,0,1,1,False,False,False,True,False,False
ENSPD004600,Male,19.0,3,0.8569206842923794,9.0,0.49888641425389757,0.489,0.6,3.0,0.5,0.0,Yes,No,Middle,2.0,No,Salle 27,154.0,0.4555555555555555,0.38134206379758373,0.5448,0.7508690441401171,1,0,0,1,False,False,False,False,False,True
ENSPD002841,Male,22.0,3,0.7091757387247278,19.0,0.3930957683741648,0.502,0.653,2.0,4.9,11.5,No,No,High,0.0,Yes,Salle 26,130.0,0.4819444444444444,0.3105970621364722,0.3252,1.0,1,0,1,0,False,False,False,False,False,False
ENSPD004089,Female,21.0,2,0.42923794712286145,37.0,0.7861915367483296,1.0,0.8640000000000001,0.0,1.3,9.3,No,No,Middle,1.0,Yes,Salle 10,119.0,0.8347222222222221,0.10083958256392875,0.0,1.0,0,0,1,0,False,False,False,False,False,False
ENSPD001649,Female,21.0,1,0.7651632970451011,15.0,0.9253897550111359,0.638,0.6859999999999999,2.0,2.7,14.7,Yes,No,Middle,3.0,No,Salle 1,149.0,0.723611111111111,0.2205213805796131,0.3396,0.6476742668343078,0,0,0,1,False,False,True,False,False,False
ENSPD002500,Male,22.0,2,0.8304821150855365,11.0,0.48440979955456576,0.555,0.9009999999999999,1.0,0.1,10.5,Yes,No,High,1.0,Yes,Salle 3,231.0,0.6041666666666667,0.2883551475178209,0.1782,0.9860656366780134,1,0,1,1,False,False,False,False,True,False
ENSPD003206,Female,17.0,2,0.7931570762052876,13.0,0.5089086859688196,0.516,0.897,0.0,2.2,16.0,Yes,No,Low,1.0,No,Salle 23,231.0,0.5611111111111111,0.2972682802247897,0.0,0.9860656366780134,0,0,0,1,False,False,False,False,True,False
ENSPD003229,Male,21.0,3,0.541213063763608,30.0,0.7728285077951002,0.728,0.662,0.0,3.0,19.1,No,No,Middle,2.0,Yes,Salle 23,212.0,0.6888888888888889,0.16872563786635555,0.0,0.9860656366780134,1,0,1,0,False,False,False,False,True,False
ENSPD000468,Female,24.0,5,0.7153965785381026,18.0,0.8229398663697104,0.16899999999999998,0.728,2.0,3.3,11.5,No,Yes,Middle,1.0,Yes,Salle 16,80.0,0.44027777777777777,0.33795144418798895,0.32680000000000003,0.900740336465212,0,1,1,0,True,False,False,False,False,False
ENSPD001127,Male,22.0,2,0.9999999999999999,0.0,0.6770601336302895,0.7959999999999999,0.574,1.0,3.7,16.1,Yes,No,Low,0.0,Yes,Salle 29,185.0,0.5972222222222222,0.3452491108525714,0.2,0.900740336465212,1,0,1,1,True,False,False,False,False,False
ENSPD001601,Male,24.0,3,0.749611197511664,16.0,0.8752783964365256,0.483,0.573,1.0,1.7,12.6,No,No,Low,2.0,Yes,Salle 21,185.0,0.5513888888888888,0.2877141220456054,0.1678,0.6476742668343078,1,0,1,0,False,False,True,False,False,False
ENSPD004734,Female,24.0,3,0.7060653188180402,19.0,0.6636971046770601,0.785,0.7070000000000001,1.0,2.0,14.0,Yes,No,Middle,1.0,No,Salle 13,130.0,0.6083333333333333,0.24753145445515837,0.16219999999999998,1.0,0,0,0,1,False,False,False,False,False,False
ENSPD000397,Female,18.0,2,0.7293934681181958,17.0,0.6113585746102449,0.5970000000000001,1.0,3.0,2.2,9.8,Yes,No,Middle,1.0,Yes,Salle 21,231.0,0.6944444444444444,0.22082263342852473,0.4956,0.9860656366780134,0,0,1,1,False,False,False,False,True,False
ENSPD004050,Male,22.0,2,0.6842923794712287,20.0,0.512249443207127,0.919,0.693,0.0,2.1,13.7,Yes,No,Middle,3.0,Yes,Salle 13,185.0,0.6444444444444444,0.22625984221731524,0.0,0.900740336465212,1,0,1,1,True,False,False,False,False,False
ENSPD000548,Female,22.0,3,0.3841368584758942,40.0,0.6213808463251671,0.48700000000000004,0.875,2.0,1.8,11.4,No,No,Low,1.0,No,Salle 16,188.0,0.6708333333333333,0.12846617978493877,0.2416,0.900740336465212,0,0,0,0,True,False,False,False,False,False
ENSPD000002,Female,17.0,4,0.7013996889580093,19.0,0.8340757238307349,0.826,0.057,1.0,1.3,10.8,Yes,No,Middle,3.0,Yes,Salle 29,230.0,0.4027777777777778,0.35739963061267865,0.1616,0.5818364233587374,0,0,1,1,False,False,False,True,False,False
ENSPD003288,Male,23.0,3,0.6594090202177293,22.0,0.6224944320712694,0.851,0.297,1.0,3.5,18.4,Yes,No,Middle,3.0,Yes,Salle 24,188.0,0.4125,0.3341128238996376,0.1562,0.900740336465212,1,0,1,1,True,False,False,False,False,False
ENSPD000593,Male,23.0,1,0.975116640746501,2.0,0.9253897550111359,0.555,0.706,0.0,1.4,9.9,Yes,No,Middle,2.0,Yes,Salle 16,121.0,0.6597222222222222,0.3065764637293201,0.0,0.7508690441401171,1,0,1,1,False,False,False,False,False,True
ENSPD000660,Male,24.0,2,0.7542768273716952,16.0,0.47772828507795106,0.5820000000000001,0.639,2.0,3.7,20.9,Yes,No,Middle,1.0,Yes,Salle 28,298.0,0.5486111111111112,0.2906572582801127,0.33680000000000004,0.5818364233587374,1,0,1,1,False,False,False,True,False,False
ENSPD001149,Female,18.0,4,0.9160186625194401,5.0,0.5634743875278396,0.838,0.793,3.0,0.6,0.4,Yes,No,Middle,1.0,Yes,Salle 7,157.0,0.7402777777777778,0.25604675568265756,0.5675999999999999,0.900740336465212,0,0,1,1,True,False,False,False,False,False
ENSPD003230,Male,22.0,1,0.9999999999999999,0.0,0.38195991091314035,0.522,0.7170000000000001,0.0,2.0,12.2,Yes,No,Middle,2.0,Yes,Salle 2,248.0,0.4916666666666667,0.40903534555561016,0.0,0.5818364233587374,1,0,1,1,False,False,False,True,False,False
ENSPD003325,Female,24.0,1,0.7760497667185068,14.0,0.7839643652561247,0.9790000000000001,0.627,1.0,2.0,8.4,Yes,No,Middle,1.0,Yes,Salle 26,121.0,0.7472222222222222,0.2153765206171168,0.1712,0.7508690441401171,0,0,1,1,False,False,False,False,False,True
ENSPD002687,Male,21.0,1,0.9440124416796268,4.0,0.7984409799554566,0.654,0.56,0.0,1.8,11.5,No,No,Middle,5.0,Yes,Salle 29,149.0,0.5416666666666667,0.3580334067405222,0.0,0.6476742668343078,1,0,1,0,False,False,True,False,False,False
ENSPD002072,Male,24.0,2,0.9191290824261275,5.0,0.7605790645879733,0.728,0.843,2.0,0.5,11.5,Yes,No,Middle,1.0,Yes,Salle 26,161.0,0.7416666666666665,0.2563712385694056,0.3792,0.7508690441401171,1,0,1,1,False,False,False,False,False,True
ENSPD001390,Male,21.0,4,0.9735614307931569,2.0,0.6870824053452117,0.473,0.9590000000000001,0.0,2.1,8.5,No,No,Low,3.0,Yes,Salle 11,230.0,0.6875,0.29366223427015226,0.0,0.5818364233587374,1,0,1,0,False,False,False,True,False,False
ENSPD002963,Male,21.0,4,0.7293934681181958,17.0,0.6302895322939867,0.445,0.635,2.0,2.1,7.3,Yes,No,Middle,1.0,No,Salle 19,173.0,0.5569444444444444,0.27828313893088297,0.33039999999999997,0.6476742668343078,1,0,0,1,False,False,True,False,False,False
ENSPD000503,Male,18.0,3,0.8040435458786938,13.0,0.36636971046770606,0.616,0.52,1.0,2.9,17.3,Yes,Yes,Low,0.0,Yes,Salle 23,154.0,0.4569444444444445,0.3606683971237825,0.1748,0.7508690441401171,1,1,1,1,False,False,False,False,False,True
ENSPD003889,Female,22.0,2,0.7776049766718508,14.0,0.7282850779510022,0.616,0.517,1.0,0.6,4.7,Yes,No,High,1.0,Yes,Salle 16,161.0,0.4986111111111111,0.3255544442826289,0.1714,0.7508690441401171,0,0,1,1,False,False,False,False,False,True
ENSPD002157,Male,22.0,3,0.5847589424572316,27.0,0.7728285077951002,0.758,0.8370000000000001,1.0,7.3,32.6,No,No,Low,1.0,Yes,Salle 5,185.0,0.8527777777777776,0.13552332163940936,0.1466,0.6476742668343078,1,0,1,0,False,False,True,False,False,False
ENSPD003053,Male,21.0,3,0.8973561430793159,7.0,0.6492204899777283,0.215,0.5970000000000001,3.0,0.1,0.0,Yes,No,Middle,0.0,Yes,Salle 17,154.0,0.45972222222222214,0.39356505769037764,0.5604000000000001,0.7508690441401171,1,0,1,1,False,False,False,False,False,True
ENSPD001477,Female,21.0,2,0.39813374805598745,39.0,0.690423162583519,0.5650000000000001,1.0,1.0,1.0,10.0,No,No,Middle,3.0,No,Salle 8,185.0,0.7541666666666667,0.11095359014045517,0.1226,0.900740336465212,0,0,0,0,True,False,False,False,False,False
ENSPD004304,Female,19.0,1,0.9999999999999999,0.0,0.4955456570155903,0.908,0.47100000000000003,2.0,1.4,13.5,No,No,High,1.0,Yes,Salle 13,186.0,0.523611111111111,0.38805165363570804,0.4,0.9860656366780134,0,0,1,0,False,False,False,False,True,False
ENSPD000896,Male,20.0,4,0.8429237947122862,10.0,0.5556792873051225,0.5820000000000001,0.588,1.0,0.9,9.3,No,No,Middle,2.0,Yes,Salle 20,157.0,0.5166666666666666,0.338032948518011,0.17980000000000002,0.900740336465212,1,0,1,0,True,False,False,False,False,False
ENSPD004793,Male,19.0,1,0.8149300155520994,12.0,0.7895322939866369,0.7590000000000001,0.621,2.0,1.4,1.1,Yes,Yes,Middle,2.0,Yes,Salle 13,121.0,0.7388888888888889,0.22887315665320404,0.3524,0.7508690441401171,1,1,1,1,False,False,False,False,False,True
ENSPD002100,Male,24.0,1,0.9999999999999999,0.0,0.38084632516703787,0.599,0.97,4.0,0.9,10.6,Yes,No,Middle,1.0,Yes,Salle 26,186.0,0.6569444444444444,0.3152512461951581,0.8,0.9860656366780134,1,0,1,1,False,False,False,False,True,False
ENSPD001063,Female,23.0,2,0.6780715396578537,21.0,0.6959910913140313,0.612,0.652,0.0,3.1,15.4,Yes,No,Low,2.0,No,Salle 5,177.0,0.5458333333333333,0.2665302678190089,0.0,0.6476742668343078,0,0,0,1,False,False,True,False,False,False
ENSPD002889,Female,23.0,1,0.7262830482115087,18.0,0.576837416481069,0.616,0.58,2.0,4.9,19.2,No,No,Middle,0.0,Yes,Salle 22,248.0,0.4527777777777777,0.3342209235326524,0.3296,0.5818364233587374,0,0,1,0,False,False,False,True,False,False
ENSPD001744,Male,19.0,4,0.49455676516329705,32.0,0.7394209354120267,0.7170000000000001,0.541,1.0,1.4,18.4,Yes,No,Middle,1.0,Yes,Salle 3,157.0,0.5652777777777778,0.19735509542127003,0.135,0.900740336465212,1,0,1,1,True,False,False,False,False,False
ENSPD001788,Female,22.0,1,0.45412130637636083,35.0,0.5623608017817372,0.8109999999999999,0.6,1.0,1.0,7.4,No,No,Middle,2.0,Yes,Salle 8,248.0,0.5680555555555554,0.18307558869751836,0.12980000000000003,0.5818364233587374,0,0,1,0,False,False,False,True,False,False
ENSPD002354,Female,23.0,3,0.9999999999999999,0.0,0.8051224944320713,0.467,0.785,0.0,0.2,7.2,Yes,No,Middle,0.0,Yes,Salle 7,188.0,0.6416666666666667,0.3225712801056463,0.0,0.900740336465212,0,0,1,1,True,False,False,False,False,False
ENSPD002908,Male,20.0,4,0.5738724727838257,27.0,0.532293986636971,0.763,0.8390000000000001,2.0,1.3,3.3,Yes,No,Middle,1.0,No,Salle 10,230.0,0.6569444444444444,0.18871046720863746,0.2904,0.5818364233587374,1,0,0,1,False,False,False,True,False,False
ENSPD003004,Female,24.0,5,0.7309486780715396,17.0,0.5824053452115813,0.648,0.438,1.0,0.4,1.3,Yes,No,High,1.0,No,Salle 28,60.0,0.44305555555555554,0.34210176966259864,0.16540000000000002,0.7508690441401171,0,0,0,1,False,False,False,False,False,True
ENSPD001052,Male,23.0,3,0.645412130637636,23.0,0.7037861915367484,0.616,0.489,1.0,0.9,10.7,Yes,No,Middle,1.0,Yes,Salle 30,212.0,0.5208333333333334,0.2675163645178392,0.1544,0.9860656366780134,1,0,1,1,False,False,False,False,True,False
ENSPD000529,Male,23.0,4,0.9144634525660965,6.0,0.6191536748329621,0.868,0.45799999999999996,2.0,0.4,7.8,No,No,Low,1.0,No,Salle 8,178.0,0.5208333333333334,0.3603117670338173,0.378,0.9860656366780134,1,0,0,0,False,False,False,False,True,False
ENSPD001965,Male,22.0,1,0.8506998444790047,10.0,0.4510022271714923,0.7759999999999999,0.604,2.0,0.9,6.4,No,No,Middle,1.0,Yes,Salle 11,121.0,0.5013888888888889,0.3497675936314476,0.36160000000000003,0.7508690441401171,1,0,1,0,False,False,False,False,False,True
ENSPD002065,Male,21.0,3,0.7231726283048211,25.0,0.6636971046770601,0.892,0.794,0.0,1.6,10.7,No,Yes,Low,1.0,Yes,Salle 22,188.0,0.7416666666666665,0.20281490495491897,0.0,0.900740336465212,1,1,1,0,True,False,False,False,False,False
ENSPD003294,Male,25.0,1,0.942457231726283,4.0,0.6859688195991092,0.501,0.912,2.0,0.8,12.1,No,No,High,0.0,Yes,Salle 16,121.0,0.7194444444444443,0.2714792240875946,0.3852,0.7508690441401171,1,0,1,0,False,False,False,False,False,True
ENSPD001033,Male,19.0,2,0.47122861586314146,34.0,0.744988864142539,0.547,0.788,2.0,1.7,9.6,Yes,Yes,High,1.0,No,Salle 1,177.0,0.5444444444444444,0.19779603195880655,0.264,0.6476742668343078,1,1,0,1,False,False,True,False,False,False
ENSPD004682,Male,24.0,1,0.6485225505443236,23.0,0.5723830734966593,0.616,1.0,2.0,0.6,10.9,Yes,No,Middle,1.0,Yes,Salle 24,248.0,0.7541666666666667,0.1785919763089496,0.30960000000000004,0.5818364233587374,1,0,1,1,False,False,False,True,False,False
ENSPD001671,Male,24.0,1,0.8973561430793159,7.0,0.46325167037861914,0.537,0.855,0.0,6.2,11.5,Yes,No,Middle,0.0,Yes,Salle 19,248.0,0.5375,0.3446992781312497,0.0,0.5818364233587374,1,0,1,1,False,False,False,True,False,False
ENSPD000777,Male,23.0,2,0.7231726283048211,1.0,0.32516703786191536,0.658,0.7859999999999999,0.0,0.1,11.5,No,Yes,High,0.0,Yes,Salle 13,119.0,0.6000000000000001,0.25648645495625144,0.0,1.0,1,1,1,0,False,False,False,False,False,False
ENSPD002849,Male,22.0,4,0.7278382581648523,18.0,0.3619153674832963,0.797,0.6070000000000001,1.0,2.0,16.3,Yes,Yes,Low,1.0,Yes,Salle 26,93.0,0.4986111111111111,0.3079252873679137,0.165,1.0,1,1,1,1,False,False,False,False,False,False
ENSPD002489,Female,21.0,3,0.5738724727838257,27.0,0.3775055679287305,0.643,0.635,3.0,4.9,26.6,Yes,No,Middle,1.0,Yes,Salle 30,130.0,0.37777777777777777,0.32242604224759763,0.4356,1.0,0,0,1,1,False,False,False,False,False,False
ENSPD003492,Female,20.0,2,0.6220839813374807,24.0,0.6113585746102449,0.93,0.907,1.0,0.2,3.3,Yes,No,Middle,1.0,Yes,Salle 11,231.0,0.7805555555555557,0.16383983116572073,0.1514,0.9860656366780134,0,0,1,1,False,False,False,False,True,False
ENSPD000813,Male,21.0,5,0.48522550544323495,33.0,0.2828507795100223,0.456,0.703,0.0,3.7,12.3,Yes,No,Middle,1.0,Yes,Salle 2,109.0,0.3388888888888889,0.3110258799649317,0.0,0.5818364233587374,1,0,1,1,False,False,False,True,False,False
ENSPD000370,Male,19.0,2,0.7107309486780716,19.0,0.5902004454342985,0.5579999999999999,0.63,2.0,1.2,11.5,Yes,No,Middle,3.0,No,Salle 8,185.0,0.5916666666666666,0.2562032769459396,0.32560000000000006,0.900740336465212,1,0,0,1,True,False,False,False,False,False
ENSPD003432,Other,18.0,3,0.6749611197511663,21.0,0.6113585746102449,0.802,0.598,2.0,1.5,8.5,No,No,Middle,1.0,No,Salle 17,185.0,0.6958333333333333,0.20477488911326505,0.31639999999999996,0.6476742668343078,2,0,0,0,False,False,True,False,False,False
ENSPD000688,Male,23.0,4,0.6827371695178849,20.0,0.34075723830734966,0.445,0.38,1.0,1.4,7.2,Yes,No,Middle,0.0,No,Salle 11,70.0,0.2236111111111111,0.5128852074268458,0.15919999999999998,0.0,1,0,0,1,False,True,False,False,False,False
ENSPD001034,Male,19.0,2,0.5567651632970451,28.0,0.734966592427617,0.563,0.917,1.0,1.3,7.5,Yes,No,Middle,2.0,Yes,Salle 12,298.0,0.7541666666666667,0.15380523852049507,0.14300000000000002,0.5818364233587374,1,0,1,1,False,False,False,True,False,False
ENSPD002690,Male,23.0,4,0.7247278382581649,18.0,0.43207126948775054,0.8190000000000001,0.726,1.0,0.5,6.9,Yes,No,Middle,0.0,Yes,Salle 2,121.0,0.5791666666666667,0.26630391351488236,0.1646,0.7508690441401171,1,0,1,1,False,False,False,False,False,True
ENSPD002961,Male,23.0,3,0.8693623639191289,8.0,0.6113585746102449,0.9159999999999999,0.685,1.0,0.8,9.7,Yes,No,Low,2.0,Yes,Salle 26,188.0,0.7583333333333333,0.23676429335896101,0.1832,0.900740336465212,1,0,1,1,True,False,False,False,False,False
ENSPD003720,Male,22.0,4,0.41057542768273714,38.0,0.5066815144766148,0.774,0.8270000000000001,2.0,3.2,20.5,Yes,Yes,Low,2.0,No,Salle 25,230.0,0.5805555555555555,0.164485826419932,0.2484,0.5818364233587374,1,1,0,1,False,False,False,True,False,False
ENSPD002433,Other,22.0,4,0.822706065318818,11.0,0.6113585746102449,0.40399999999999997,0.797,1.0,2.1,7.4,Yes,No,Middle,2.0,Yes,Salle 15,230.0,0.6083333333333333,0.28397792814147904,0.1772,0.5818364233587374,2,0,1,1,False,False,False,True,False,False
ENSPD002218,Male,19.0,4,0.9673405909797824,2.0,0.6993318485523385,0.537,0.49,2.0,0.4,11.6,Yes,No,Middle,1.0,Yes,Salle 20,178.0,0.475,0.4087391463645079,0.3916,0.9860656366780134,1,0,1,1,False,False,False,False,True,False
ENSPD004885,Male,20.0,3,0.8926905132192845,7.0,0.6748329621380846,0.766,0.885,1.0,1.0,11.5,Yes,No,Low,1.0,No,Salle 1,104.0,0.7388888888888889,0.250181304836677,0.1862,0.0,1,0,0,1,False,True,False,False,False,False
ENSPD002244,Other,21.0,4,0.2877138413685848,46.0,0.24944320712694878,0.708,0.563,1.0,1.3,10.5,No,No,Middle,0.0,Yes,Salle 11,173.0,0.37083333333333335,0.20706879013630483,0.10840000000000001,0.6476742668343078,2,0,1,0,False,False,True,False,False,False
ENSPD002773,Female,18.0,3,0.3732503888024883,40.0,0.8730512249443206,0.549,0.348,1.0,2.1,12.5,Yes,No,Middle,1.0,No,Salle 10,188.0,0.37083333333333335,0.24295529612555597,0.1194,0.900740336465212,0,0,0,1,True,False,False,False,False,False
ENSPD000558,Male,20.0,2,0.8506998444790047,10.0,0.5679287305122495,0.807,0.49600000000000005,0.0,0.3,3.3,Yes,No,Middle,2.0,No,Salle 13,161.0,0.4722222222222222,0.3679900103187729,0.0,0.7508690441401171,1,0,0,1,False,False,False,False,False,True
ENSPD002685,Male,23.0,4,0.6889580093312596,20.0,0.38084632516703787,0.568,0.262,2.0,0.3,6.9,Yes,Yes,Middle,1.0,Yes,Salle 6,178.0,0.2416666666666667,0.4949772145580642,0.32,0.9860656366780134,1,1,1,1,False,False,False,False,True,False
ENSPD003413,Male,25.0,2,0.687402799377916,20.0,0.5902004454342985,0.5770000000000001,0.489,0.0,2.6,11.5,Yes,No,Low,2.0,Yes,Salle 10,177.0,0.41527777777777775,0.3433392164502177,0.0,0.6476742668343078,1,0,1,1,False,False,True,False,False,False
ENSPD004138,Male,25.0,2,0.5163297045101088,31.0,0.8474387527839643,0.8390000000000001,0.6759999999999999,2.0,0.7,9.5,Yes,No,Middle,2.0,Yes,Salle 18,177.0,0.6541666666666666,0.17252810468733096,0.2756,0.6476742668343078,1,0,1,1,False,False,True,False,False,False
ENSPD003899,Male,22.0,2,0.8258164852255053,11.0,0.643652561247216,0.45299999999999996,0.461,0.0,7.7,37.9,Yes,No,Middle,0.0,Yes,Salle 27,161.0,0.3569444444444444,0.4446762860411865,0.0,0.7508690441401171,1,0,1,1,False,False,False,False,False,True
ENSPD003904,Male,25.0,2,0.7589424572317262,16.0,0.6169265033407572,0.616,0.11800000000000001,1.0,1.2,4.2,No,No,Middle,0.0,No,Salle 13,298.0,0.15694444444444444,0.6508793605906195,0.169,0.5818364233587374,1,0,0,0,False,False,False,True,False,False
ENSPD001707,Female,25.0,4,0.8833592534992224,8.0,0.3585746102449889,0.322,0.68,1.0,1.2,15.9,Yes,No,Middle,1.0,No,Salle 15,230.0,0.35138888888888886,0.47439130472950086,0.185,0.5818364233587374,0,0,0,1,False,False,False,True,False,False
ENSPD004538,Female,19.0,3,0.48367029548989116,33.0,0.6069042316258353,0.863,0.5479999999999999,0.0,0.4,9.5,Yes,Yes,Middle,1.0,Yes,Salle 19,185.0,0.5291666666666666,0.20822475013382882,0.0,0.6476742668343078,0,1,1,1,False,False,True,False,False,False
ENSPD000751,Male,24.0,3,0.8880248833592533,7.0,0.7717149220489978,0.738,0.647,1.0,0.7,5.3,Yes,No,Low,1.0,Yes,Salle 7,263.0,0.6166666666666666,0.3003853116806584,0.1856,0.5818364233587374,1,0,1,1,False,False,False,True,False,False
ENSPD000764,Female,22.0,4,0.9999999999999999,0.0,0.4799554565701559,0.802,0.652,1.0,0.1,11.6,Yes,No,High,1.0,No,Salle 21,178.0,0.575,0.35743054612336256,0.2,0.9860656366780134,0,0,0,1,False,False,False,False,True,False
ENSPD002082,Male,21.0,3,0.7822706065318817,14.0,0.9209354120267261,0.5,0.635,2.0,2.0,6.5,No,No,Middle,0.0,Yes,Salle 7,185.0,0.41388888888888886,0.38173697710957477,0.34400000000000003,0.6476742668343078,1,0,1,0,False,False,True,False,False,False
ENSPD002874,Male,22.0,5,0.583203732503888,27.0,0.40089086859688206,0.649,0.113,0.0,5.4,25.0,Yes,Yes,Low,0.0,Yes,Salle 1,109.0,0.20833333333333337,0.4773260828098784,0.0,0.5818364233587374,1,1,1,1,False,False,False,True,False,False
ENSPD003677,Male,19.0,2,0.7231726283048211,17.0,0.6525612472160356,0.252,0.22899999999999998,1.0,1.7,15.7,Yes,Yes,Low,2.0,No,Salle 13,185.0,0.2513888888888889,0.5014471225039249,0.16440000000000002,0.900740336465212,1,1,0,1,True,False,False,False,False,False
ENSPD002163,Male,20.0,3,0.5925349922239501,26.0,0.6659242761692651,0.672,0.547,3.0,0.4,11.5,No,No,Low,1.0,Yes,Salle 20,130.0,0.5680555555555554,0.22828210375191357,0.44279999999999997,1.0,1,0,1,0,False,False,False,False,False,False
ENSPD002558,Male,21.0,1,0.5225505443234836,31.0,0.6425389755011137,0.616,0.818,1.0,1.4,18.2,Yes,No,Middle,1.0,Yes,Salle 5,83.0,0.5652777777777778,0.20652660234822626,0.1386,0.0,1,0,1,1,False,True,False,False,False,False
ENSPD002037,Male,22.0,1,0.8864696734059098,7.0,0.7939866369710468,0.494,0.418,3.0,7.1,36.0,Yes,No,Middle,0.0,No,Salle 6,121.0,0.3944444444444445,0.4383470826500434,0.5562,0.7508690441401171,1,0,0,1,False,False,False,False,False,True
ENSPD000107,Male,22.0,2,0.8911353032659409,7.0,0.45322939866369716,0.46,0.7909999999999999,4.0,1.4,22.1,No,No,Middle,1.0,No,Salle 18,298.0,0.5861111111111111,0.31641640260276216,0.744,0.5818364233587374,1,0,0,0,False,False,False,True,False,False
ENSPD000847,Male,18.0,4,0.7231726283048211,12.0,0.5189309576837416,0.42,0.43100000000000005,1.0,0.8,11.0,Yes,No,Low,1.0,Yes,Salle 8,157.0,0.36249999999999993,0.39629119465019613,0.16440000000000002,0.900740336465212,1,0,1,1,True,False,False,False,False,False
ENSPD000125,Male,22.0,4,0.7651632970451011,15.0,0.48775055679287305,1.0,0.788,0.0,1.0,14.7,Yes,No,Middle,0.0,Yes,Salle 21,121.0,0.7111111111111112,0.22496207911483204,0.0,0.7508690441401171,1,0,1,1,False,False,False,False,False,True
ENSPD000615,Female,20.0,2,0.6640746500777605,22.0,0.6113585746102449,0.562,0.42200000000000004,0.0,0.9,8.7,Yes,No,High,2.0,Yes,Salle 20,119.0,0.46944444444444444,0.3012505610206855,0.0,1.0,0,0,1,1,False,False,False,False,False,False
ENSPD003282,Male,28.0,3,0.8475894245723173,10.0,0.5478841870824054,0.588,1.0,1.0,0.3,3.3,Yes,No,Middle,1.0,No,Salle 4,212.0,0.7375,0.2383263782911145,0.1804,0.9860656366780134,1,0,0,1,False,False,False,False,True,False
ENSPD003329,Male,19.0,2,0.8102643856920683,12.0,0.6625835189309577,0.314,0.334,0.0,1.2,11.5,Yes,No,Middle,0.0,Yes,Salle 5,298.0,0.2763888888888889,0.516687339294973,0.0,0.5818364233587374,1,0,1,1,False,False,False,True,False,False
ENSPD000623,Male,24.0,1,0.7231726283048211,34.0,0.5946547884187082,0.677,0.792,2.0,1.4,14.9,Yes,No,Middle,2.0,Yes,Salle 22,121.0,0.5875,0.26202472254378706,0.32880000000000004,0.7508690441401171,1,0,1,1,False,False,False,False,False,True
ENSPD000972,Female,22.0,4,0.7216174183514773,18.0,0.4398663697104678,0.7759999999999999,0.886,0.0,1.4,11.5,Yes,No,Middle,1.0,Yes,Salle 6,173.0,0.5875,0.26152764086874636,0.0,0.6476742668343078,0,0,1,1,False,False,True,False,False,False
ENSPD004746,Male,25.0,2,0.3919129082426127,39.0,0.6581291759465479,0.536,0.5660000000000001,0.0,1.4,13.3,No,Yes,Middle,1.0,Yes,Salle 22,298.0,0.4736111111111111,0.19946789706209414,0.0,0.5818364233587374,1,1,1,0,False,False,False,True,False,False
ENSPD001793,Male,21.0,2,0.603421461897356,26.0,0.6759465478841872,0.37,0.489,5.0,1.4,7.6,Yes,No,Middle,1.0,Yes,Salle 14,185.0,0.3847222222222222,0.3299725439229403,0.745,0.900740336465212,1,0,1,1,True,False,False,False,False,False
ENSPD002017,Male,21.0,2,0.9999999999999999,0.0,0.5189309576837416,0.798,0.54,1.0,0.7,8.9,Yes,No,Middle,1.0,Yes,Salle 20,231.0,0.5499999999999999,0.37187660319936156,0.2,0.9860656366780134,1,0,1,1,False,False,False,False,True,False
ENSPD003494,Female,23.0,2,0.6594090202177293,22.0,0.5979955456570156,0.718,0.48600000000000004,1.0,0.4,0.0,Yes,No,Middle,1.0,No,Salle 25,177.0,0.5930555555555557,0.2392879506240502,0.1562,0.6476742668343078,0,0,0,1,False,False,True,False,False,False
ENSPD003196,Male,21.0,1,0.5489891135303265,29.0,0.8062360801781737,0.5579999999999999,0.459,4.0,0.1,5.0,No,No,Middle,0.0,No,Salle 25,149.0,0.461111111111111,0.26329561985053185,0.5680000000000001,0.6476742668343078,1,0,0,0,False,False,True,False,False,False
ENSPD004240,Male,23.0,1,0.9611197511664075,2.0,0.7628062360801782,0.611,0.365,1.0,1.3,8.5,No,No,High,3.0,No,Salle 1,248.0,0.4527777777777777,0.42232820268157045,0.195,0.5818364233587374,1,0,0,0,False,False,False,True,False,False
ENSPD004406,Female,23.0,2,0.45256609642301704,35.0,0.29955456570155903,0.763,0.951,0.0,1.4,17.9,Yes,No,Low,1.0,No,Salle 13,119.0,0.6333333333333333,0.16008252126976094,0.0,1.0,0,0,0,1,False,False,False,False,False,False
ENSPD002239,Male,24.0,4,0.7340590979782272,17.0,0.7951002227171492,0.354,0.386,1.0,1.4,13.9,Yes,No,High,0.0,Yes,Salle 9,230.0,0.33611111111111114,0.42285997469649617,0.1658,0.5818364233587374,1,0,1,1,False,False,False,True,False,False
ENSPD001497,Female,23.0,4,0.9797822706065319,1.0,0.3028953229398664,0.652,0.89,1.0,5.8,23.0,Yes,No,Middle,1.0,Yes,Salle 2,173.0,0.5916666666666666,0.3418063317277533,0.19740000000000002,0.6476742668343078,0,0,1,1,False,False,True,False,False,False
ENSPD000745,Male,20.0,3,0.5178849144634526,31.0,0.5289532293986637,0.9279999999999999,0.804,2.0,0.0,5.0,Yes,No,Low,1.0,Yes,Salle 1,212.0,0.7222222222222223,0.1521683562172718,0.276,0.9860656366780134,1,0,1,1,False,False,False,False,True,False
ENSPD000080,Male,19.0,4,0.6158631415241057,25.0,0.623608017817372,0.703,0.7090000000000001,1.0,1.1,10.2,Yes,Yes,Middle,0.0,Yes,Salle 10,173.0,0.6333333333333333,0.20977262657683152,0.15059999999999998,0.6476742668343078,1,1,1,1,False,False,True,False,False,False
ENSPD002924,Male,24.0,5,0.40902021772939345,38.0,0.6915367483296213,0.36200000000000004,0.8300000000000001,1.0,0.7,8.6,Yes,No,Middle,2.0,Yes,Salle 20,109.0,0.5319444444444444,0.18165914050512236,0.124,0.5818364233587374,1,0,1,1,False,False,False,True,False,False
ENSPD000671,Male,25.0,3,0.7231726283048211,27.0,0.8541202672605791,1.0,0.5820000000000001,1.0,0.2,5.5,Yes,No,Middle,0.0,Yes,Salle 26,104.0,0.7666666666666668,0.19479316650450154,0.16440000000000002,0.0,1,0,1,1,False,True,False,False,False,False
ENSPD004023,Female,21.0,4,0.18818040435458783,52.0,0.734966592427617,0.937,0.8840000000000001,3.0,0.5,6.5,Yes,No,Middle,0.0,Yes,Salle 12,93.0,0.7527777777777778,0.05449762350480755,0.28679999999999994,1.0,0,0,1,1,False,False,False,False,False,False
ENSPD001527,Male,21.0,2,0.9113530326594089,6.0,0.6614699331848551,0.5820000000000001,0.861,1.0,6.5,32.3,Yes,No,Middle,0.0,Yes,Salle 17,298.0,0.6972222222222222,0.2717205309724843,0.1886,0.5818364233587374,1,0,1,1,False,False,False,True,False,False
ENSPD004769,Female,22.0,3,0.42146189735614303,37.0,0.7494432071269488,0.574,0.5529999999999999,1.0,5.4,24.5,No,No,Low,0.0,No,Salle 12,212.0,0.4847222222222223,0.20535056024773216,0.1256,0.9860656366780134,0,0,0,0,False,False,False,False,True,False
ENSPD004939,Female,18.0,1,0.9035769828926904,6.0,0.5579064587973274,0.669,0.715,1.0,3.4,14.9,Yes,No,Middle,2.0,Yes,Salle 22,149.0,0.5888888888888888,0.3189754307812539,0.1876,0.6476742668343078,0,0,1,1,False,False,True,False,False,False
ENSPD002108,Female,20.0,1,0.6858475894245722,20.0,0.544543429844098,0.544,0.511,1.0,1.1,8.8,Yes,Yes,Low,0.0,No,Salle 24,186.0,0.3833333333333333,0.36487950937792724,0.1596,0.9860656366780134,0,1,0,1,False,False,False,False,True,False
ENSPD004877,Female,23.0,4,0.8304821150855365,11.0,0.3930957683741648,0.7709999999999999,0.419,0.0,0.7,5.0,No,No,Middle,0.0,Yes,Salle 26,157.0,0.35138888888888886,0.45156654532588025,0.0,0.900740336465212,0,0,1,0,True,False,False,False,False,False
ENSPD002697,Female,21.0,2,0.609642301710731,25.0,0.6492204899777283,0.674,0.8240000000000001,2.0,0.8,5.4,Yes,No,Middle,4.0,No,Salle 6,71.0,0.6013888888888889,0.22013905171517154,0.29960000000000003,0.0,0,0,0,1,False,True,False,False,False,False
ENSPD001371,Female,20.0,4,0.9999999999999999,0.0,0.6525612472160356,0.4,0.428,2.0,1.4,9.6,Yes,No,Low,0.0,Yes,Salle 16,173.0,0.3638888888888888,0.5125095794886767,0.4,0.6476742668343078,0,0,1,1,False,False,True,False,False,False
ENSPD004683,Female,24.0,1,0.7013996889580093,19.0,0.5022271714922049,0.653,0.826,1.0,2.2,15.2,Yes,Yes,Middle,0.0,Yes,Salle 16,83.0,0.6097222222222222,0.2454884241942478,0.1616,0.0,0,1,1,1,False,True,False,False,False,False
ENSPD000561,Female,19.0,4,0.4665629860031105,34.0,0.3719376391982183,0.5670000000000001,0.635,1.0,2.5,19.3,Yes,No,High,0.0,No,Salle 25,230.0,0.6486111111111111,0.15944882841340088,0.13140000000000002,0.5818364233587374,0,0,0,1,False,False,False,True,False,False
ENSPD001300,Female,20.0,3,0.7667185069984447,15.0,0.4443207126948775,0.62,0.635,2.0,6.4,27.7,Yes,Yes,Middle,0.0,Yes,Salle 19,154.0,0.41388888888888886,0.37559379813923555,0.34,0.7508690441401171,0,1,1,1,False,False,False,False,False,True
ENSPD002989,Female,20.0,4,0.645412130637636,23.0,0.5412026726057906,0.617,0.635,1.0,0.4,1.1,Yes,No,Low,0.0,Yes,Salle 20,178.0,0.7,0.19493761286738684,0.1544,0.9860656366780134,0,0,1,1,False,False,False,False,True,False
ENSPD000729,Male,23.0,3,0.838258164852255,10.0,0.5590200445434298,0.7490000000000001,0.821,3.0,2.1,13.7,No,No,High,0.0,Yes,Salle 26,212.0,0.6958333333333333,0.25141444266895363,0.5376,0.9860656366780134,1,0,1,0,False,False,False,False,True,False
ENSPD003315,Male,22.0,1,0.6174183514774495,25.0,0.13919821826280626,0.652,0.6940000000000001,1.0,1.4,7.6,Yes,No,Middle,2.0,Yes,Salle 1,186.0,0.38888888888888895,0.33290350047343764,0.15080000000000002,0.9860656366780134,1,0,1,1,False,False,False,False,True,False
ENSPD001270,Male,20.0,4,0.7449455676516329,16.0,0.48440979955456576,0.26,0.5660000000000001,0.0,1.8,10.2,No,No,Middle,1.0,Yes,Salle 19,157.0,0.29999999999999993,0.4609949348068991,0.0,0.900740336465212,1,0,1,0,True,False,False,False,False,False
ENSPD004689,Male,19.0,3,0.8320373250388803,11.0,0.8385300668151447,0.6559999999999999,0.625,3.0,2.7,17.8,Yes,No,Middle,1.0,No,Salle 16,263.0,0.6458333333333334,0.27010212530324373,0.5352,0.5818364233587374,1,0,0,1,False,False,False,True,False,False
ENSPD004888,Female,20.0,1,0.4976671850699844,32.0,0.5979955456570156,0.396,1.0,2.0,2.5,17.9,No,No,Low,1.0,Yes,Salle 1,186.0,0.6208333333333333,0.1780530610081458,0.27080000000000004,0.9860656366780134,0,0,1,0,False,False,False,False,True,False
ENSPD002125,Other,20.0,2,0.7465007776049767,16.0,0.4933184855233853,0.41200000000000003,0.878,1.0,7.0,40.8,Yes,No,Middle,1.0,Yes,Salle 19,231.0,0.5333333333333333,0.2958222374165088,0.16740000000000002,0.9860656366780134,2,0,1,1,False,False,False,False,True,False
ENSPD000627,Male,25.0,1,0.8444790046656298,10.0,0.6792873051224945,0.652,0.245,1.0,0.8,7.0,Yes,No,Middle,1.0,No,Salle 29,149.0,0.4180555555555555,0.40319776426523,0.18,0.6476742668343078,1,0,0,1,False,False,True,False,False,False
ENSPD000307,Male,23.0,3,0.8522550544323483,10.0,0.7249443207126949,1.0,0.7120000000000001,1.0,0.2,0.5,No,No,Low,1.0,Yes,Salle 5,212.0,0.7666666666666668,0.2292623577576152,0.181,0.9860656366780134,1,0,1,0,False,False,False,False,True,False
ENSPD000136,Male,18.0,4,0.6905132192846034,20.0,0.4510022271714923,0.39299999999999996,0.518,0.0,0.6,1.9,Yes,No,Middle,1.0,Yes,Salle 11,178.0,0.34305555555555556,0.39788365160751604,0.0,0.9860656366780134,1,0,1,1,False,False,False,False,True,False
ENSPD001119,Male,21.0,3,0.8522550544323483,10.0,0.9899777282850779,0.522,0.8370000000000001,1.0,0.2,4.7,No,No,High,1.0,No,Salle 24,154.0,0.7583333333333333,0.23216085691279945,0.181,0.7508690441401171,1,0,0,0,False,False,False,False,False,True
ENSPD003223,Male,21.0,5,0.6111975116640745,25.0,0.7316258351893097,0.413,0.6990000000000001,1.0,4.7,22.3,No,No,Middle,1.0,Yes,Salle 1,70.0,0.44166666666666665,0.2974078870174872,0.15,0.6476742668343078,1,0,1,0,False,False,True,False,False,False
ENSPD003955,Male,25.0,2,0.6858475894245722,20.0,0.4543429844097996,0.8170000000000001,0.784,1.0,2.4,12.8,Yes,No,Middle,3.0,Yes,Salle 4,177.0,0.6458333333333334,0.22619205498213804,0.1596,0.6476742668343078,1,0,1,1,False,False,True,False,False,False
ENSPD003549,Male,21.0,3,0.9999999999999999,0.0,0.6948775055679287,0.616,0.48600000000000004,3.0,0.2,6.3,Yes,No,Middle,2.0,Yes,Salle 7,263.0,0.5638888888888889,0.36375038162762596,0.6,0.5818364233587374,1,0,1,1,False,False,False,True,False,False
ENSPD002261,Female,27.0,1,0.5614307931570762,28.0,0.8541202672605791,0.664,0.298,2.0,0.8,9.5,Yes,No,Middle,0.0,Yes,Salle 3,248.0,0.4208333333333333,0.29038159117351214,0.2872,0.5818364233587374,0,0,1,1,False,False,False,True,False,False
ENSPD002208,Female,23.0,3,0.7247278382581649,18.0,0.645879732739421,0.589,0.506,1.0,0.8,18.0,Yes,No,Low,1.0,No,Salle 22,263.0,0.40694444444444444,0.3638222961855798,0.1646,0.5818364233587374,0,0,0,1,False,False,False,True,False,False
ENSPD002009,Male,22.0,4,0.40902021772939345,38.0,0.3452115812917595,0.76,0.635,0.0,0.3,4.3,Yes,No,Middle,1.0,No,Salle 9,230.0,0.2680555555555556,0.32839970696733045,0.0,0.5818364233587374,1,0,0,1,False,False,False,True,False,False
ENSPD001998,Male,26.0,1,0.9999999999999999,0.0,0.7884187082405345,0.9109999999999999,0.948,1.0,2.5,4.4,No,No,Low,1.0,Yes,Salle 6,143.0,0.8986111111111112,0.2238314466603845,0.2,0.900740336465212,1,0,1,0,True,False,False,False,False,False
ENSPD002310,Male,21.0,2,0.7356143079315708,17.0,0.3162583518930958,0.5760000000000001,0.778,1.0,1.0,12.1,Yes,No,Low,2.0,No,Salle 21,298.0,0.48611111111111116,0.317750814974638,0.166,0.5818364233587374,1,0,0,1,False,False,False,True,False,False
ENSPD001088,Male,22.0,3,0.8055987558320373,12.0,0.6113585746102449,0.595,0.68,1.0,0.4,8.4,Yes,No,Middle,1.0,Yes,Salle 8,104.0,0.5027777777777778,0.3330362633389037,0.17500000000000002,0.0,1,0,1,1,False,True,False,False,False,False
ENSPD004794,Male,21.0,1,0.9999999999999999,0.0,0.3986636971046771,0.38,0.7690000000000001,0.0,0.0,13.9,Yes,No,High,2.0,Yes,Salle 14,121.0,0.4722222222222222,0.42263423240638653,0.0,0.7508690441401171,1,0,1,1,False,False,False,False,False,True
ENSPD004879,Male,23.0,1,0.7060653188180402,19.0,0.6269487750556793,0.30100000000000005,0.5670000000000001,0.0,0.3,3.3,Yes,No,Middle,1.0,Yes,Salle 18,96.0,0.24444444444444435,0.5006104650343806,0.0,1.0,1,0,1,1,False,False,False,False,False,False
ENSPD001190,Female,24.0,2,0.9206842923794712,5.0,0.3596881959910913,0.45799999999999996,0.893,0.0,0.6,6.5,No,No,Middle,1.0,Yes,Salle 3,71.0,0.5625,0.33848399769160986,0.0,0.0,0,0,1,0,False,True,False,False,False,False
ENSPD003227,Male,24.0,4,0.4696734059097979,34.0,0.4966592427616926,0.373,0.614,0.0,3.4,14.2,Yes,Yes,Middle,0.0,Yes,Salle 18,157.0,0.35,0.2967351725393883,0.0,0.900740336465212,1,1,1,1,True,False,False,False,False,False
ENSPD000650,Male,22.0,4,0.4556765163297044,35.0,0.6213808463251671,0.6659999999999999,0.6459999999999999,0.0,1.2,12.9,Yes,Yes,Middle,1.0,Yes,Salle 19,178.0,0.5861111111111111,0.17702071578140924,0.0,0.9860656366780134,1,1,1,1,False,False,False,False,True,False
ENSPD001859,Female,23.0,4,0.749611197511664,16.0,0.7951002227171492,0.64,0.419,1.0,0.0,5.9,Yes,No,Middle,0.0,No,Salle 8,230.0,0.49583333333333335,0.31720753207288355,0.1678,0.5818364233587374,0,0,0,1,False,False,False,True,False,False
ENSPD001291,Male,20.0,4,0.7449455676516329,16.0,0.7071269487750558,0.584,0.731,0.0,0.6,2.5,Yes,No,Middle,1.0,Yes,Salle 12,178.0,0.5777777777777777,0.2734729424039697,0.0,0.9860656366780134,1,0,1,1,False,False,False,False,True,False
ENSPD004530,Male,25.0,3,0.6376360808709175,23.0,0.7483296213808464,0.516,0.40399999999999997,1.0,1.7,13.3,No,No,Middle,1.0,Yes,Salle 7,188.0,0.42361111111111116,0.31846337884003617,0.1534,0.900740336465212,1,0,1,0,True,False,False,False,False,False
ENSPD002506,Male,21.0,4,0.47278382581648504,34.0,0.7138084632516704,0.804,0.55,0.0,2.0,15.2,Yes,No,Middle,1.0,Yes,Salle 2,230.0,0.575,0.18657218652642207,0.0,0.5818364233587374,1,0,1,1,False,False,False,True,False,False
ENSPD003441,Male,21.0,4,0.7029548989113531,19.0,0.799554565701559,0.538,0.5920000000000001,1.0,4.6,25.9,Yes,No,Middle,0.0,No,Salle 11,230.0,0.5708333333333333,0.2630675879079194,0.16180000000000003,0.5818364233587374,1,0,0,1,False,False,False,True,False,False
ENSPD000420,Female,20.0,4,0.7060653188180402,19.0,0.7104677060133631,0.615,0.498,1.0,4.5,32.6,No,No,Middle,2.0,Yes,Salle 4,173.0,0.45833333333333337,0.32326747270467937,0.16219999999999998,0.6476742668343078,0,0,1,0,False,False,True,False,False,False
ENSPD001498,Male,22.0,2,0.6609642301710731,22.0,0.6280623608017817,0.525,1.0,1.0,1.1,13.7,Yes,No,Middle,1.0,Yes,Salle 10,177.0,0.6458333333333334,0.21871800045939668,0.1564,0.6476742668343078,1,0,1,1,False,False,True,False,False,False
ENSPD004610,Male,21.0,3,0.8351477449455676,11.0,0.5879732739420935,0.616,0.785,1.0,2.8,9.3,Yes,No,Middle,1.0,Yes,Salle 22,212.0,0.6694444444444445,0.2610932216907532,0.17880000000000001,0.9860656366780134,1,0,1,1,False,False,False,False,True,False
ENSPD002482,Female,22.0,2,0.9999999999999999,0.0,0.5545657015590201,0.616,0.618,1.0,3.6,17.9,No,Yes,Middle,3.0,Yes,Salle 27,177.0,0.6486111111111111,0.3192154315553726,0.2,0.6476742668343078,0,1,1,0,False,False,True,False,False,False
ENSPD000089,Female,24.0,2,0.9766718506998445,2.0,0.6247216035634744,0.7440000000000001,1.0,1.0,0.7,5.8,No,No,Middle,1.0,Yes,Salle 8,298.0,0.7625,0.2640569756649275,0.197,0.5818364233587374,0,0,1,0,False,False,False,True,False,False
ENSPD002845,Male,24.0,1,0.7231726283048211,21.0,0.5189309576837416,0.428,0.7020000000000001,0.0,0.4,4.8,No,No,Middle,2.0,No,Salle 27,186.0,0.46944444444444444,0.3229564603366172,0.0,0.9860656366780134,1,0,0,0,False,False,False,False,True,False
ENSPD002554,Female,23.0,4,0.9564541213063763,3.0,0.6592427616926504,0.423,1.0,1.0,2.2,13.6,Yes,No,Low,0.0,Yes,Salle 25,230.0,0.7319444444444445,0.2703827765059582,0.19440000000000002,0.5818364233587374,0,0,1,1,False,False,False,True,False,False
ENSPD001704,Male,19.0,4,0.4774494556765164,34.0,0.6291759465478842,0.39,0.502,1.0,7.6,41.2,Yes,No,High,1.0,Yes,Salle 24,230.0,0.32361111111111107,0.3183499267835257,0.1328,0.5818364233587374,1,0,1,1,False,False,False,True,False,False
ENSPD002367,Male,22.0,2,0.3950233281493002,39.0,0.6113585746102449,0.34600000000000003,0.537,0.0,2.8,10.1,Yes,No,Low,0.0,Yes,Salle 29,231.0,0.41527777777777775,0.22806495038202793,0.0,0.9860656366780134,1,0,1,1,False,False,False,False,True,False
ENSPD003742,Female,25.0,4,0.6485225505443236,23.0,0.7951002227171492,0.898,0.459,4.0,5.2,27.8,Yes,Yes,High,1.0,No,Salle 22,178.0,0.6472222222222221,0.21446298274567852,0.6192000000000001,0.9860656366780134,0,1,0,1,False,False,False,False,True,False
ENSPD001544,Male,23.0,1,0.541213063763608,30.0,0.6982182628062361,0.7290000000000001,0.36100000000000004,1.0,0.3,12.8,Yes,Yes,Middle,1.0,Yes,Salle 29,96.0,0.46805555555555556,0.25683287422843193,0.14100000000000001,1.0,1,1,1,1,False,False,False,False,False,False
ENSPD001084,Female,20.0,3,0.9999999999999999,0.0,0.6258351893095769,0.66,0.904,0.0,0.9,11.5,Yes,No,Middle,1.0,Yes,Salle 22,263.0,0.7875000000000001,0.26091858704997617,0.0,0.5818364233587374,0,0,1,1,False,False,False,True,False,False
ENSPD000352,Female,22.0,4,0.9999999999999999,0.0,0.4888641425389756,0.413,0.7000000000000001,1.0,1.3,9.5,Yes,No,Low,3.0,No,Salle 1,121.0,0.5194444444444445,0.39069832680280137,0.2,0.7508690441401171,0,0,0,1,False,False,False,False,False,True
ENSPD001991,Female,22.0,2,0.6749611197511663,21.0,0.5746102449888641,0.589,0.614,0.0,0.2,11.9,No,No,Low,1.0,Yes,Salle 22,298.0,0.4916666666666667,0.29291248773751366,0.0,0.5818364233587374,0,0,1,0,False,False,False,True,False,False
ENSPD002018,Female,26.0,3,0.926905132192846,5.0,0.7650334075723831,0.3,0.718,1.0,0.7,7.6,Yes,No,Middle,1.0,No,Salle 11,212.0,0.5458333333333333,0.3498809224790034,0.1906,0.9860656366780134,0,0,0,1,False,False,False,False,True,False
ENSPD000118,Male,22.0,2,0.7371695178849144,17.0,0.8351893095768375,0.626,0.726,0.0,4.9,23.0,Yes,Yes,High,0.0,Yes,Salle 24,119.0,0.7124999999999999,0.21659680193308387,0.0,1.0,1,1,1,1,False,False,False,False,False,False
ENSPD002786,Male,22.0,1,0.7993779160186624,13.0,0.5657015590200446,0.369,0.7140000000000001,1.0,1.3,11.5,No,No,High,1.0,No,Salle 14,186.0,0.47916666666666674,0.34490985111314365,0.1742,0.9860656366780134,1,0,0,0,False,False,False,False,True,False
ENSPD003817,Male,19.0,4,0.6360808709175737,23.0,0.8040089086859689,0.11699999999999999,0.429,3.0,0.5,11.5,Yes,No,Low,1.0,Yes,Salle 25,178.0,0.21805555555555556,0.4945566519361734,0.45959999999999995,0.9860656366780134,1,0,1,1,False,False,False,False,True,False
ENSPD002712,Male,23.0,2,0.7387247278382582,17.0,0.6380846325167038,0.6020000000000001,0.387,2.0,4.7,23.5,Yes,Yes,Middle,3.0,Yes,Salle 19,231.0,0.49444444444444435,0.31412022667683703,0.33280000000000004,0.9860656366780134,1,1,1,1,False,False,False,False,True,False
ENSPD003678,Male,23.0,1,0.6936236391912908,20.0,0.6993318485523385,0.595,0.594,1.0,0.6,2.1,Yes,No,Middle,1.0,Yes,Salle 11,186.0,0.4722222222222222,0.31049973499742944,0.1606,0.9860656366780134,1,0,1,1,False,False,False,False,True,False
ENSPD000643,Male,22.0,4,0.9999999999999999,0.0,0.3140311804008909,0.439,0.845,2.0,0.3,6.7,Yes,No,Low,2.0,Yes,Salle 24,173.0,0.4847222222222223,0.4138168572962725,0.4,0.6476742668343078,1,0,1,1,False,False,True,False,False,False
ENSPD003134,Male,25.0,2,0.6780715396578537,21.0,0.4020044543429844,0.601,0.578,1.0,0.5,15.3,Yes,No,Middle,2.0,Yes,Salle 6,231.0,0.40555555555555556,0.34615577723783975,0.1586,0.9860656366780134,1,0,1,1,False,False,False,False,True,False
ENSPD003478,Male,22.0,2,0.5520995334370139,29.0,0.5278396436525613,0.32,0.315,1.0,0.8,11.5,Yes,No,Middle,0.0,Yes,Salle 15,119.0,0.11250000000000004,0.5940592767165833,0.1424,1.0,1,0,1,1,False,False,False,False,False,False
ENSPD000025,Male,23.0,2,0.5987558320373251,26.0,0.6848552338530067,0.522,0.675,0.0,0.1,9.6,Yes,No,Middle,1.0,No,Salle 26,71.0,0.4916666666666667,0.2656875115026489,0.0,0.0,1,0,0,1,False,True,False,False,False,False
ENSPD003671,Male,20.0,1,0.7573872472783826,16.0,0.6113585746102449,0.9870000000000001,0.659,2.0,3.1,20.7,No,No,Middle,2.0,No,Salle 30,186.0,0.8902777777777777,0.16819644026791894,0.3376,0.9860656366780134,1,0,0,0,False,False,False,False,True,False
ENSPD002234,Female,21.0,5,0.8149300155520994,12.0,0.7149220489977729,0.40299999999999997,0.15,1.0,3.4,21.9,No,No,Middle,3.0,Yes,Salle 26,67.0,0.2513888888888889,0.5479597607931794,0.1762,0.9860656366780134,0,0,1,0,False,False,False,False,True,False
ENSPD002732,Male,22.0,5,0.6920684292379472,20.0,0.32962138084632514,0.616,0.48600000000000004,1.0,1.4,10.3,Yes,Yes,Low,0.0,Yes,Salle 21,80.0,0.2680555555555556,0.4678281812864583,0.16040000000000001,0.900740336465212,1,1,1,1,True,False,False,False,False,False
ENSPD000051,Female,18.0,2,0.3188180404354588,44.0,0.6982182628062361,0.628,0.73,1.0,3.0,13.6,No,No,Middle,0.0,Yes,Salle 18,119.0,0.6055555555555555,0.12734684305990354,0.11240000000000001,1.0,0,0,1,0,False,False,False,False,False,False
ENSPD004706,Male,22.0,3,0.5769828926905131,27.0,0.977728285077951,0.6970000000000001,0.36600000000000005,1.0,0.6,3.5,No,No,Middle,0.0,Yes,Salle 3,130.0,0.5722222222222223,0.22148014669806818,0.1456,1.0,1,0,1,0,False,False,False,False,False,False
ENSPD003051,Male,24.0,2,0.9393468118195955,4.0,0.6191536748329621,0.537,0.73,0.0,0.4,5.1,Yes,Yes,Middle,0.0,Yes,Salle 17,119.0,0.5902777777777778,0.32966490363316625,0.0,1.0,1,1,1,1,False,False,False,False,False,False
ENSPD004603,Female,22.0,5,0.2986003110419906,45.0,0.7783964365256124,0.386,0.72,1.0,0.2,11.2,Yes,No,High,2.0,Yes,Salle 19,109.0,0.5055555555555555,0.1533364753159829,0.1098,0.5818364233587374,0,0,1,1,False,False,False,True,False,False
ENSPD004227,Male,20.0,4,0.671850699844479,21.0,0.8730512249443206,0.41000000000000003,0.6409999999999999,0.0,0.2,3.5,Yes,No,Low,2.0,Yes,Salle 5,230.0,0.4722222222222222,0.3025307859429859,0.0,0.5818364233587374,1,0,1,1,False,False,False,True,False,False
ENSPD000385,Female,21.0,5,0.5707620528771385,28.0,0.40423162583518935,0.601,0.063,1.0,0.0,11.5,Yes,No,Middle,1.0,Yes,Salle 30,40.0,0.09166666666666667,0.6444505280220685,0.1448,0.0,0,0,1,1,False,True,False,False,False,False
ENSPD004558,Female,24.0,2,0.7356143079315708,17.0,0.6158129175946548,0.616,0.919,0.0,3.6,17.1,Yes,No,Middle,1.0,Yes,Salle 7,231.0,0.7041666666666668,0.2191048540304736,0.0,0.9860656366780134,0,0,1,1,False,False,False,False,True,False
ENSPD000210,Male,24.0,3,0.7744945567651632,14.0,0.6692650334075724,0.511,0.773,1.0,4.4,21.9,Yes,No,Middle,1.0,Yes,Salle 14,263.0,0.6375,0.2562863458323664,0.171,0.5818364233587374,1,0,1,1,False,False,False,True,False,False
ENSPD003104,Male,21.0,2,0.5847589424572316,27.0,0.6759465478841872,0.976,0.6659999999999999,1.0,0.4,0.0,No,No,Middle,1.0,Yes,Salle 5,119.0,0.7583333333333333,0.16017985066372684,0.1466,1.0,1,0,1,0,False,False,False,False,False,False
ENSPD002967,Female,20.0,4,0.6283048211508552,24.0,0.7260579064587974,0.74,0.519,0.0,0.7,9.3,No,No,Low,0.0,No,Salle 15,93.0,0.5499999999999999,0.24796633200755244,0.0,1.0,0,0,0,0,False,False,False,False,False,False
ENSPD004185,Male,24.0,3,0.7076205287713843,19.0,0.5979955456570156,0.616,0.635,1.0,1.4,3.0,No,No,Middle,1.0,Yes,Salle 2,130.0,0.475,0.31401218146401344,0.16240000000000002,1.0,1,0,1,0,False,False,False,False,False,False
ENSPD001074,Male,21.0,5,0.6423017107309487,23.0,0.6893095768374164,0.616,0.493,0.0,0.1,1.7,Yes,No,Middle,1.0,Yes,Salle 14,67.0,0.4388888888888889,0.3109110588963052,0.0,0.9860656366780134,1,0,1,1,False,False,False,False,True,False
ENSPD003960,Male,20.0,4,0.9206842923794712,5.0,0.5144766146993318,0.616,0.635,1.0,1.4,11.2,No,Yes,Middle,1.0,Yes,Salle 3,121.0,0.4305555555555556,0.42350379592220766,0.18980000000000002,0.7508690441401171,1,1,1,0,False,False,False,False,False,True
ENSPD003532,Female,25.0,3,0.8786936236391912,8.0,0.3017817371937639,0.892,0.635,5.0,2.9,16.6,Yes,No,Middle,0.0,No,Salle 28,263.0,0.6402777777777777,0.28660193614650953,0.922,0.5818364233587374,0,0,0,1,False,False,False,True,False,False
ENSPD003606,Male,20.0,2,0.9455676516329704,4.0,0.1870824053452116,0.8170000000000001,1.0,1.0,1.6,14.7,Yes,No,Middle,1.0,Yes,Salle 12,177.0,0.7152777777777779,0.2740298850701046,0.193,0.6476742668343078,1,0,1,1,False,False,True,False,False,False
ENSPD000992,Female,24.0,3,0.5754276827371695,27.0,0.6213808463251671,0.451,0.6659999999999999,1.0,0.5,9.7,No,Yes,Middle,1.0,No,Salle 19,212.0,0.5152777777777777,0.24596559944622556,0.1454,0.9860656366780134,0,1,0,0,False,False,False,False,True,False
ENSPD004210,Male,21.0,3,0.30326594090202175,45.0,0.5601336302895323,0.775,0.657,0.0,1.4,12.8,No,No,Middle,2.0,Yes,Salle 1,188.0,0.5027777777777778,0.1559906691787288,0.0,0.900740336465212,1,0,1,0,True,False,False,False,False,False
ENSPD000886,Male,24.0,2,0.6065318818040436,25.0,0.7182628062360802,0.551,0.023,1.0,0.5,5.0,Yes,No,Low,2.0,Yes,Salle 7,185.0,0.15416666666666662,0.5625039751537165,0.1494,0.900740336465212,1,0,1,1,True,False,False,False,False,False
ENSPD004720,Female,19.0,3,0.5987558320373251,26.0,1.0,0.414,0.5910000000000001,2.0,3.1,22.6,Yes,Yes,Low,1.0,No,Salle 7,154.0,0.6402777777777777,0.20203349461993933,0.2968,0.7508690441401171,0,1,0,1,False,False,False,False,False,True
ENSPD001100,Male,19.0,1,0.9999999999999999,0.0,0.6937639198218263,0.7709999999999999,0.635,0.0,0.7,10.0,No,No,Low,0.0,Yes,Salle 25,149.0,0.8138888888888889,0.25145354538750975,0.0,0.6476742668343078,1,0,1,0,False,False,True,False,False,False
ENSPD000302,Male,23.0,4,0.8180404354587868,12.0,0.6091314031180401,0.792,0.47700000000000004,1.0,2.0,15.6,No,No,Low,1.0,No,Salle 25,230.0,0.475,0.3542853222300919,0.1766,0.5818364233587374,1,0,0,0,False,False,False,True,False,False
ENSPD002719,Female,24.0,3,0.6329704510108866,24.0,0.5957683741648108,0.745,0.665,1.0,0.1,3.3,No,No,High,1.0,Yes,Salle 13,263.0,0.6194444444444444,0.22031092063404714,0.15280000000000002,0.5818364233587374,0,0,1,0,False,False,False,True,False,False
ENSPD004359,Male,25.0,2,0.9999999999999999,0.0,0.4242761692650334,1.0,0.937,4.0,4.2,9.5,No,No,Low,0.0,Yes,Salle 22,161.0,0.8805555555555555,0.22939184116033853,0.8,0.7508690441401171,1,0,1,0,False,False,False,False,False,True
ENSPD003396,Other,19.0,4,0.8631415241057544,9.0,0.579064587973274,0.805,0.755,0.0,0.2,2.5,Yes,Yes,Middle,2.0,Yes,Salle 20,121.0,0.7375,0.24259359328702038,0.0,0.7508690441401171,2,1,1,1,False,False,False,False,False,True
ENSPD002258,Male,21.0,2,0.906687402799378,6.0,0.6915367483296213,0.643,0.102,1.0,1.7,10.6,Yes,No,High,3.0,Yes,Salle 26,185.0,0.30972222222222223,0.5260679082620475,0.188,0.900740336465212,1,0,1,1,True,False,False,False,False,False
ENSPD003936,Male,23.0,5,0.9051321928460342,6.0,0.6113585746102449,0.583,0.7540000000000001,2.0,1.1,9.3,No,No,Middle,1.0,Yes,Salle 6,109.0,0.5972222222222222,0.3152477538158497,0.37560000000000004,0.5818364233587374,1,0,1,0,False,False,False,True,False,False
ENSPD003969,Female,23.0,4,0.9720062208398134,2.0,0.4064587973273942,0.872,0.621,1.0,1.4,9.6,Yes,Yes,Low,2.0,Yes,Salle 17,178.0,0.5791666666666667,0.34607058681848013,0.19640000000000002,0.9860656366780134,0,1,1,1,False,False,False,False,True,False
ENSPD000604,Male,23.0,5,0.5972006220839813,26.0,0.5334075723830736,0.888,0.413,1.0,0.1,4.6,No,No,Middle,0.0,No,Salle 20,60.0,0.525,0.24893354249990038,0.1482,0.7508690441401171,1,0,0,0,False,False,False,False,False,True
ENSPD002270,Male,22.0,2,0.6111975116640745,25.0,0.6581291759465479,0.793,0.903,0.0,1.4,24.1,No,No,Middle,1.0,Yes,Salle 1,177.0,0.7305555555555554,0.17557579928785264,0.0,0.6476742668343078,1,0,1,0,False,False,True,False,False,False
ENSPD000019,Male,21.0,1,0.9035769828926904,6.0,0.3218262806236081,0.268,0.29100000000000004,0.0,1.1,6.1,Yes,Yes,Middle,1.0,No,Salle 17,186.0,0.22222222222222232,0.632510266899669,0.0,0.9860656366780134,1,1,0,1,False,False,False,False,True,False
ENSPD003567,Male,20.0,3,0.8413685847589424,10.0,0.2639198218262806,1.0,0.761,1.0,11.5,48.2,No,No,Middle,1.0,Yes,Salle 7,104.0,0.6152777777777778,0.28657687716372626,0.1796,0.0,1,0,1,0,False,True,False,False,False,False
ENSPD001328,Female,23.0,5,0.80248833592535,13.0,0.6057906458797326,0.42200000000000004,0.54,0.0,0.3,3.1,Yes,No,Middle,1.0,Yes,Salle 28,60.0,0.4111111111111111,0.3917545469776017,0.0,0.7508690441401171,0,0,1,1,False,False,False,False,False,True
ENSPD004947,Female,22.0,5,0.9999999999999999,0.0,0.45657015590200445,0.731,0.46,0.0,0.5,8.9,Yes,No,Middle,3.0,Yes,Salle 17,80.0,0.41527777777777775,0.4665845753848248,0.0,0.900740336465212,0,0,1,1,True,False,False,False,False,False
ENSPD004333,Male,20.0,4,0.6298600311041992,24.0,0.8396436525612472,0.703,1.0,1.0,0.6,6.1,No,No,Middle,0.0,No,Salle 22,93.0,0.9152777777777776,0.13187301872684878,0.1524,1.0,1,0,0,0,False,False,False,False,False,False
ENSPD001651,Male,20.0,1,0.24883359253499227,48.0,0.8006681514476615,0.473,0.799,2.0,1.2,14.6,Yes,No,Middle,1.0,No,Salle 25,121.0,0.5416666666666667,0.12404939219403924,0.2068,0.7508690441401171,1,0,0,1,False,False,False,False,False,True
ENSPD004596,Female,25.0,4,0.8149300155520994,12.0,0.2783964365256125,0.748,0.7320000000000001,3.0,2.0,11.5,Yes,No,High,3.0,Yes,Salle 14,157.0,0.5166666666666666,0.3283299801849334,0.5286,0.900740336465212,0,0,1,1,True,False,False,False,False,False
ENSPD004593,Male,25.0,3,0.9999999999999999,0.0,0.44543429844098004,0.28300000000000003,0.569,0.0,2.5,11.5,Yes,No,Low,0.0,Yes,Salle 29,154.0,0.33611111111111114,0.5403191092262555,0.0,0.7508690441401171,1,0,1,1,False,False,False,False,False,True
ENSPD003635,Male,18.0,4,0.900466562986003,6.0,0.32516703786191536,0.381,0.507,3.0,0.4,0.0,Yes,Yes,Middle,2.0,Yes,Salle 1,121.0,0.28055555555555556,0.5556143912863494,0.5615999999999999,0.7508690441401171,1,1,1,1,False,False,False,False,False,True
ENSPD003869,Female,23.0,1,0.5800933125972006,27.0,0.5478841870824054,0.9740000000000001,0.392,2.0,6.0,30.4,No,No,Low,2.0,No,Salle 18,83.0,0.5444444444444444,0.23432038232378785,0.292,0.0,0,0,0,0,False,True,False,False,False,False
ENSPD004208,Male,21.0,3,0.9362363919129083,4.0,0.7694877505567929,0.601,0.711,0.0,2.2,10.7,Yes,No,High,3.0,Yes,Salle 18,185.0,0.6541666666666666,0.29757631969062315,0.0,0.6476742668343078,1,0,1,1,False,False,True,False,False,False
ENSPD004055,Female,23.0,3,0.9999999999999999,0.0,0.7360801781737194,0.86,0.47000000000000003,3.0,1.4,12.5,No,Yes,Middle,2.0,No,Salle 15,154.0,0.65,0.31855001472772504,0.6,0.7508690441401171,0,1,0,0,False,False,False,False,False,True
ENSPD004366,Female,26.0,2,0.8491446345256609,10.0,1.0,0.893,0.807,2.0,2.7,13.9,Yes,No,Low,0.0,Yes,Salle 1,298.0,0.9083333333333332,0.1852592793746283,0.3612,0.5818364233587374,0,0,1,1,False,False,False,True,False,False
ENSPD000332,Female,20.0,5,0.6127527216174183,25.0,0.7115812917594654,0.7140000000000001,0.6809999999999999,1.0,3.4,20.9,No,Yes,Middle,0.0,Yes,Salle 12,109.0,0.6055555555555555,0.21946694207859394,0.1502,0.5818364233587374,0,1,1,0,False,False,False,True,False,False
ENSPD001150,Female,21.0,2,0.7884914463452567,14.0,0.1982182628062361,0.616,0.893,2.0,0.6,5.6,Yes,No,Middle,1.0,Yes,Salle 29,185.0,0.5319444444444444,0.3108357137020732,0.3456,0.900740336465212,0,0,1,1,True,False,False,False,False,False
ENSPD000322,Female,21.0,3,0.3919129082426127,39.0,0.6726057906458797,0.5710000000000001,0.342,1.0,4.1,22.8,No,No,Middle,0.0,No,Salle 26,130.0,0.3125,0.2873040706703607,0.1218,1.0,0,0,0,0,False,False,False,False,False,False
ENSPD000791,Male,20.0,2,0.9813374805598755,1.0,0.5,0.885,0.561,0.0,4.1,22.0,No,No,Low,1.0,Yes,Salle 13,231.0,0.5402777777777777,0.37142911303060877,0.0,0.9860656366780134,1,0,1,0,False,False,False,False,True,False
ENSPD002046,Female,22.0,2,0.7045101088646967,19.0,0.7416481069042317,0.401,0.303,0.0,2.6,17.3,No,No,High,0.0,Yes,Salle 19,161.0,0.34305555555555556,0.4040011804383824,0.0,0.7508690441401171,0,0,1,0,False,False,False,False,False,True
ENSPD001796,Male,25.0,5,0.5116640746500777,31.0,0.7271714922048997,0.5760000000000001,0.512,1.0,1.7,13.7,Yes,No,Low,1.0,Yes,Salle 5,70.0,0.5625,0.20405735031099312,0.1372,0.6476742668343078,1,0,1,1,False,False,True,False,False,False
ENSPD004809,Male,24.0,5,0.9035769828926904,6.0,0.7973273942093541,0.7000000000000001,0.713,1.0,2.6,13.6,Yes,Yes,Middle,0.0,Yes,Salle 1,48.0,0.7694444444444444,0.24197577153730535,0.1876,1.0,1,1,1,1,False,False,False,False,False,False
ENSPD002649,Male,22.0,3,0.6205287713841366,24.0,0.6124721603563474,0.663,0.604,1.0,1.0,5.0,No,No,Middle,0.0,Yes,Salle 16,263.0,0.5666666666666667,0.23802499654453532,0.1512,0.5818364233587374,1,0,1,0,False,False,False,True,False,False
ENSPD003622,Male,24.0,4,0.6640746500777605,22.0,0.6948775055679287,0.795,0.522,0.0,3.6,22.7,No,No,Middle,0.0,Yes,Salle 26,178.0,0.5458333333333333,0.2618417934943842,0.0,0.9860656366780134,1,0,1,0,False,False,False,False,True,False
ENSPD002930,Male,23.0,2,0.7869362363919129,14.0,1.0,0.263,1.0,1.0,0.8,9.8,Yes,No,Middle,1.0,No,Salle 1,161.0,0.6736111111111112,0.24531044305412023,0.1726,0.7508690441401171,1,0,0,1,False,False,False,False,False,True
ENSPD003442,Male,20.0,2,0.4774494556765164,34.0,0.6069042316258353,0.559,0.725,1.0,0.1,6.2,Yes,No,Middle,2.0,Yes,Salle 14,177.0,0.5569444444444444,0.1949571732773522,0.1328,0.6476742668343078,1,0,1,1,False,False,True,False,False,False
ENSPD001017,Male,22.0,1,0.6982892690513217,19.0,0.5812917594654788,0.616,0.7020000000000001,2.0,0.3,7.8,Yes,No,Middle,1.0,Yes,Salle 21,96.0,0.5611111111111111,0.2660404528102256,0.32239999999999996,1.0,1,0,1,1,False,False,False,False,False,False
ENSPD003417,Male,20.0,4,0.7293934681181958,17.0,0.6247216035634744,0.6990000000000001,0.665,1.0,2.0,11.7,No,No,Middle,1.0,No,Salle 9,121.0,0.6069444444444445,0.25542074486287447,0.16519999999999999,0.7508690441401171,1,0,0,0,False,False,False,False,False,True
ENSPD003338,Female,24.0,3,0.7278382581648523,18.0,0.8663697104677061,0.34700000000000003,0.501,1.0,1.1,15.2,Yes,No,Middle,2.0,Yes,Salle 26,104.0,0.39722222222222214,0.3719766731198617,0.165,0.0,0,0,1,1,False,True,False,False,False,False
ENSPD004825,Male,24.0,2,0.6594090202177293,22.0,0.7204899777282852,0.557,0.8420000000000001,2.0,2.4,13.0,Yes,Yes,High,0.0,Yes,Salle 7,119.0,0.6708333333333333,0.20906641018235825,0.3124,1.0,1,1,1,1,False,False,False,False,False,False
ENSPD002814,Male,17.0,3,0.6174183514774495,25.0,0.7750556792873051,0.543,0.528,1.0,2.8,20.1,Yes,No,Low,1.0,Yes,Salle 29,212.0,0.5666666666666667,0.23700753249457737,0.15080000000000002,0.9860656366780134,1,0,1,1,False,False,False,False,True,False
ENSPD000183,Female,23.0,2,0.7807153965785382,14.0,0.7538975501113586,0.616,0.635,1.0,0.1,3.0,Yes,No,Middle,3.0,No,Salle 27,177.0,0.33611111111111114,0.4434668404034715,0.1718,0.6476742668343078,0,0,0,1,False,False,True,False,False,False
ENSPD003794,Female,19.0,3,0.547433903576983,29.0,0.5857461024498887,0.6920000000000001,0.9520000000000001,3.0,3.3,23.7,No,No,Low,1.0,Yes,Salle 4,154.0,0.6583333333333332,0.18039560694422088,0.42540000000000006,0.7508690441401171,0,0,1,0,False,False,False,False,False,True
ENSPD002348,Male,21.0,5,0.7993779160186624,13.0,0.7561247216035635,0.812,0.43700000000000006,1.0,2.6,19.3,Yes,No,Middle,4.0,Yes,Salle 8,60.0,0.5333333333333333,0.3137930309167565,0.1742,0.7508690441401171,1,0,1,1,False,False,False,False,False,True
ENSPD002958,Female,19.0,2,0.8911353032659409,7.0,0.44543429844098004,0.616,1.0,0.0,1.2,11.5,Yes,Yes,High,1.0,No,Salle 20,185.0,0.6972222222222222,0.265953977113463,0.0,0.900740336465212,0,1,0,1,True,False,False,False,False,False
ENSPD004903,Male,23.0,2,0.9999999999999999,0.0,0.7616926503340756,0.542,0.41100000000000003,0.0,0.1,0.0,Yes,Yes,Middle,1.0,Yes,Salle 26,298.0,0.49722222222222223,0.40526848680494076,0.0,0.5818364233587374,1,1,1,1,False,False,False,True,False,False
ENSPD004143,Male,19.0,5,0.16640746500777592,54.0,0.8307349665924276,0.249,0.716,1.0,1.7,20.4,Yes,No,Low,0.0,No,Salle 7,60.0,0.4847222222222223,0.1134460636994509,0.0928,0.7508690441401171,1,0,0,1,False,False,False,False,False,True
ENSPD001930,Male,22.0,1,0.5972006220839813,26.0,0.6113585746102449,0.5650000000000001,0.542,1.0,0.8,5.4,Yes,No,Middle,1.0,Yes,Salle 25,149.0,0.35416666666666674,0.34882618049167313,0.1482,0.6476742668343078,1,0,1,1,False,False,True,False,False,False
ENSPD003881,Male,21.0,3,0.7231726283048211,0.0,0.7538975501113586,0.364,0.599,1.0,0.6,6.8,No,No,Low,1.0,Yes,Salle 22,185.0,0.5277777777777778,0.290733621261263,0.16440000000000002,0.6476742668343078,1,0,1,0,False,False,True,False,False,False
ENSPD000310,Male,22.0,3,0.7247278382581649,18.0,0.4966592427616926,0.569,0.9059999999999999,3.0,1.4,11.5,No,Yes,Low,1.0,Yes,Salle 22,154.0,0.5930555555555557,0.26003865911121127,0.49379999999999996,0.7508690441401171,1,1,1,0,False,False,False,False,False,True
ENSPD002356,Male,20.0,5,0.8304821150855365,11.0,0.7093541202672606,0.922,0.359,2.0,0.5,4.0,Yes,Yes,Low,1.0,Yes,Salle 29,60.0,0.6013888888888889,0.28966321216881097,0.3564,0.7508690441401171,1,1,1,1,False,False,False,False,False,True
ENSPD001479,Female,22.0,5,0.28149300155520984,46.0,0.3151447661469933,0.584,0.5810000000000001,0.0,0.0,0.1,Yes,No,Low,0.0,Yes,Salle 19,80.0,0.3222222222222222,0.23093781078784606,0.0,0.900740336465212,0,0,1,1,True,False,False,False,False,False
ENSPD000026,Female,18.0,1,0.6360808709175737,23.0,0.6024498886414253,0.43200000000000005,0.7070000000000001,1.0,2.2,11.3,Yes,Yes,Middle,1.0,Yes,Salle 26,248.0,0.45138888888888895,0.30118082465296814,0.1532,0.5818364233587374,0,1,1,1,False,False,False,True,False,False
ENSPD001385,Female,21.0,4,0.6656298600311042,22.0,0.5957683741648108,0.551,0.8109999999999999,0.0,2.0,9.9,Yes,No,Middle,0.0,Yes,Salle 4,230.0,0.5708333333333333,0.25091498462740003,0.0,0.5818364233587374,0,0,1,1,False,False,False,True,False,False
ENSPD000614,Male,21.0,2,0.671850699844479,21.0,0.3184855233853007,0.562,0.49700000000000005,0.0,0.5,5.7,Yes,No,Middle,1.0,Yes,Salle 21,298.0,0.3402777777777778,0.3919755974364102,0.0,0.5818364233587374,1,0,1,1,False,False,False,True,False,False
ENSPD002744,Male,22.0,1,0.6656298600311042,22.0,0.4265033407572383,0.38200000000000006,0.793,0.0,2.4,16.4,Yes,No,Middle,0.0,Yes,Salle 22,121.0,0.4277777777777778,0.3267327744641052,0.0,0.7508690441401171,1,0,1,1,False,False,False,False,False,True
ENSPD003954,Male,21.0,2,0.8055987558320373,12.0,0.6826280623608018,0.552,0.793,1.0,2.8,9.6,Yes,No,Middle,0.0,Yes,Salle 18,177.0,0.6722222222222222,0.2513145615168284,0.17500000000000002,0.6476742668343078,1,0,1,1,False,False,True,False,False,False
ENSPD003502,Female,24.0,3,0.7978227060653188,13.0,0.5601336302895323,0.669,0.38799999999999996,0.0,0.1,0.4,Yes,Yes,Low,1.0,Yes,Salle 8,212.0,0.41527777777777775,0.38687364672065105,0.0,0.9860656366780134,0,1,1,1,False,False,False,False,True,False
ENSPD000349,Male,23.0,3,0.7231726283048211,13.0,0.6358574610244989,0.336,0.904,2.0,0.3,12.1,Yes,No,Middle,1.0,No,Salle 23,212.0,0.5402777777777777,0.2843957956789359,0.32880000000000004,0.9860656366780134,1,0,0,1,False,False,False,False,True,False
ENSPD003141,Male,20.0,4,0.5972006220839813,26.0,0.601336302895323,0.627,0.902,1.0,0.9,6.8,No,No,Low,0.0,Yes,Salle 15,178.0,0.6611111111111111,0.19418782174326507,0.1482,0.9860656366780134,1,0,1,0,False,False,False,False,True,False
ENSPD004487,Male,18.0,3,0.8538102643856921,9.0,0.7939866369710468,0.312,0.742,1.0,0.1,0.0,Yes,No,Middle,1.0,Yes,Salle 6,154.0,0.5583333333333333,0.31869673538853416,0.1812,0.7508690441401171,1,0,1,1,False,False,False,False,False,True
ENSPD004785,Male,28.0,3,0.8771384136858474,8.0,0.489977728285078,0.312,0.34700000000000003,1.0,1.4,9.0,Yes,Yes,Low,0.0,Yes,Salle 4,185.0,0.22499999999999998,0.6145072799484108,0.1842,0.6476742668343078,1,1,1,1,False,False,True,False,False,False
ENSPD004095,Male,19.0,4,0.28304821150855364,46.0,0.6915367483296213,1.0,0.619,0.0,4.9,28.2,Yes,No,Low,0.0,Yes,Salle 9,230.0,0.7194444444444443,0.08741319013834672,0.0,0.5818364233587374,1,0,1,1,False,False,False,True,False,False
ENSPD002509,Female,21.0,4,0.8273716951788491,11.0,0.6837416481069042,0.705,1.0,3.0,1.7,14.5,No,Yes,Low,1.0,Yes,Salle 22,178.0,0.7625,0.22403585339037566,0.5334000000000001,0.9860656366780134,0,1,1,0,False,False,False,False,True,False
ENSPD002895,Male,24.0,4,0.4447900466562985,36.0,0.7917594654788419,0.549,0.736,0.0,2.2,17.7,Yes,No,Low,1.0,Yes,Salle 26,230.0,0.5930555555555557,0.17110705130909223,0.0,0.5818364233587374,1,0,1,1,False,False,False,True,False,False
ENSPD004822,Male,23.0,3,0.9999999999999999,0.0,0.7416481069042317,0.604,0.62,1.0,0.0,0.0,Yes,No,Low,1.0,No,Salle 27,104.0,0.5847222222222221,0.3520277158278685,0.2,0.0,1,0,0,1,False,True,False,False,False,False
ENSPD003797,Male,22.0,1,0.3297045101088646,43.0,0.8808463251670379,0.981,0.635,1.0,4.3,27.0,No,No,Middle,0.0,Yes,Salle 6,248.0,0.6597222222222222,0.11546015844619292,0.1138,0.5818364233587374,1,0,1,0,False,False,False,True,False,False
ENSPD001140,Female,22.0,2,0.6314152410575428,24.0,0.6948775055679287,0.6990000000000001,0.578,0.0,1.7,9.1,Yes,No,Middle,2.0,Yes,Salle 11,119.0,0.5888888888888888,0.2321187432587087,0.0,1.0,0,0,1,1,False,False,False,False,False,False
ENSPD002931,Female,19.0,2,0.822706065318818,11.0,0.3429844097995546,0.6459999999999999,0.517,1.0,2.0,17.0,Yes,No,Low,3.0,Yes,Salle 24,177.0,0.37777777777777777,0.42578746518692245,0.1772,0.6476742668343078,0,0,1,1,False,False,True,False,False,False
ENSPD000496,Male,21.0,1,0.7760497667185068,14.0,0.7104677060133631,0.47200000000000003,1.0,1.0,3.8,18.8,No,No,Middle,0.0,Yes,Salle 18,186.0,0.6430555555555555,0.2544361842369536,0.1712,0.9860656366780134,1,0,1,0,False,False,False,False,True,False
ENSPD001890,Other,22.0,1,0.6562986003110421,22.0,0.5701559020044543,0.466,0.26,0.0,1.7,7.2,Yes,Yes,Middle,1.0,No,Salle 4,248.0,0.2236111111111111,0.4988012280675125,0.0,0.5818364233587374,2,1,0,1,False,False,False,True,False,False
ENSPD000525,Female,24.0,4,0.975116640746501,2.0,0.5467706013363028,0.35700000000000004,0.51,1.0,4.2,22.2,No,No,High,1.0,Yes,Salle 9,121.0,0.31527777777777777,0.5514171811084436,0.1968,0.7508690441401171,0,0,1,0,False,False,False,False,False,True
ENSPD002936,Male,21.0,1,0.4479004665629859,36.0,0.5857461024498887,0.5810000000000001,0.635,1.0,5.6,21.2,Yes,No,High,0.0,Yes,Salle 28,83.0,0.37916666666666665,0.2692742215801801,0.129,0.0,1,0,1,1,False,True,False,False,False,False
ENSPD004659,Male,21.0,5,0.7760497667185068,14.0,0.6113585746102449,0.715,0.833,2.0,0.7,9.0,No,Yes,Middle,1.0,Yes,Salle 13,80.0,0.6680555555555555,0.2443124454403142,0.3424,0.900740336465212,1,1,1,0,True,False,False,False,False,False
ENSPD001741,Female,20.0,4,0.8615863141524104,9.0,0.38641425389755013,0.742,0.635,1.0,4.2,17.2,Yes,No,High,4.0,Yes,Salle 15,230.0,0.5972222222222222,0.3014766391104692,0.1822,0.5818364233587374,0,0,1,1,False,False,False,True,False,False
ENSPD004042,Male,26.0,5,0.458786936236392,35.0,0.8630289532293988,0.165,0.774,1.0,1.4,4.4,No,No,Low,0.0,Yes,Salle 15,109.0,0.5097222222222222,0.20782040888726086,0.13040000000000002,0.5818364233587374,1,0,1,0,False,False,False,True,False,False
ENSPD002173,Male,22.0,3,0.6547433903576981,22.0,0.4610244988864143,0.524,0.9440000000000001,0.0,5.7,24.1,No,No,Middle,1.0,Yes,Salle 19,130.0,0.6097222222222222,0.23093156137739743,0.0,1.0,1,0,1,0,False,False,False,False,False,False
ENSPD000666,Male,23.0,2,0.8880248833592533,7.0,0.9788418708240534,0.568,0.804,1.0,0.4,6.3,Yes,No,Low,0.0,Yes,Salle 20,298.0,0.7847222222222223,0.2325278937851651,0.1856,0.5818364233587374,1,0,1,1,False,False,False,True,False,False
ENSPD000006,Male,23.0,1,0.7247278382581649,18.0,0.3028953229398664,0.6779999999999999,0.721,2.0,4.5,26.9,Yes,No,Middle,1.0,Yes,Salle 27,248.0,0.5027777777777778,0.304533567065439,0.3292,0.5818364233587374,1,0,1,1,False,False,False,True,False,False
ENSPD004965,Male,23.0,4,0.9999999999999999,0.0,0.9053452115812917,0.663,0.8590000000000001,2.0,5.3,29.6,No,No,Middle,0.0,Yes,Salle 9,70.0,0.8666666666666665,0.23378399316475926,0.4,0.0,1,0,1,0,False,True,False,False,False,False
ENSPD004209,Male,23.0,2,0.7589424572317262,16.0,0.3429844097995546,0.35100000000000003,0.8140000000000001,1.0,4.9,24.2,Yes,No,Low,0.0,No,Salle 15,298.0,0.4097222222222222,0.3754772287175935,0.169,0.5818364233587374,1,0,0,1,False,False,False,True,False,False
ENSPD002663,Male,22.0,3,0.8398133748055988,10.0,0.7416481069042317,0.76,0.635,2.0,3.3,19.5,No,No,Middle,1.0,Yes,Salle 6,104.0,0.8013888888888889,0.21442839460074023,0.3588,0.0,1,0,1,0,False,True,False,False,False,False
ENSPD004402,Male,19.0,1,0.7278382581648523,18.0,0.37305122494432075,0.456,0.7540000000000001,1.0,1.0,9.6,Yes,No,Middle,1.0,Yes,Salle 10,248.0,0.4847222222222223,0.3157480347599968,0.165,0.5818364233587374,1,0,1,1,False,False,False,True,False,False
ENSPD002131,Male,22.0,3,0.7216174183514773,18.0,0.8129175946547884,0.451,0.588,2.0,1.5,13.2,Yes,No,Middle,0.0,Yes,Salle 25,154.0,0.5416666666666667,0.2831794602524974,0.32839999999999997,0.7508690441401171,1,0,1,1,False,False,False,False,False,True
ENSPD000361,Male,20.0,1,0.5878693623639192,26.0,0.27282850779510026,0.557,0.6020000000000001,1.0,0.3,0.0,Yes,No,Middle,3.0,Yes,Salle 24,149.0,0.3736111111111111,0.33108333451460403,0.147,0.6476742668343078,1,0,1,1,False,False,True,False,False,False
ENSPD001562,Male,19.0,3,0.6656298600311042,22.0,0.3797327394209354,0.616,0.49,3.0,0.8,2.5,Yes,Yes,Middle,0.0,Yes,Salle 24,185.0,0.3583333333333333,0.37502962060798295,0.47100000000000003,0.6476742668343078,1,1,1,1,False,False,True,False,False,False
ENSPD003175,Male,26.0,4,0.8538102643856921,9.0,0.3195991091314031,0.7240000000000001,0.703,2.0,1.0,10.9,No,Yes,Middle,2.0,No,Salle 22,93.0,0.5416666666666667,0.32767306480831626,0.3624,1.0,1,1,0,0,False,False,False,False,False,False
ENSPD002905,Male,22.0,3,0.5972006220839813,26.0,0.3685968819599109,0.934,0.8470000000000001,3.0,0.0,5.1,Yes,No,Middle,1.0,No,Salle 17,185.0,0.7472222222222222,0.16674966603765287,0.4446,0.6476742668343078,1,0,0,1,False,False,True,False,False,False
ENSPD001064,Male,19.0,4,0.5707620528771385,28.0,0.6514476614699333,0.56,0.383,1.0,0.9,10.8,No,No,Middle,2.0,No,Salle 12,230.0,0.4041666666666667,0.30414263509552253,0.1448,0.5818364233587374,1,0,0,0,False,False,False,True,False,False
ENSPD004452,Male,21.0,1,0.5925349922239501,26.0,0.4832962138084633,0.599,0.627,1.0,4.4,27.6,Yes,No,Low,0.0,No,Salle 5,121.0,0.3680555555555556,0.3368930006213031,0.1476,0.7508690441401171,1,0,0,1,False,False,False,False,False,True
ENSPD002511,Male,20.0,2,0.984447900466563,1.0,0.4721603563474388,0.67,0.645,1.0,1.3,5.2,Yes,No,Middle,1.0,Yes,Salle 7,185.0,0.5819444444444444,0.3485581661177183,0.198,0.900740336465212,1,0,1,1,True,False,False,False,False,False
ENSPD002726,Male,22.0,2,0.7931570762052876,13.0,0.5924276169265034,0.395,0.48700000000000004,2.0,1.3,9.0,Yes,No,Middle,3.0,No,Salle 3,298.0,0.28888888888888886,0.4949808719596964,0.3468,0.5818364233587374,1,0,0,1,False,False,False,True,False,False
ENSPD003973,Male,21.0,2,0.9175738724727839,5.0,0.6113585746102449,0.663,0.654,0.0,3.3,18.1,Yes,No,Low,2.0,No,Salle 24,231.0,0.7749999999999999,0.24371765508672547,0.0,0.9860656366780134,1,0,0,1,False,False,False,False,True,False
ENSPD000204,Female,17.0,3,0.7822706065318817,14.0,0.4443207126948775,0.392,1.0,1.0,1.7,11.0,Yes,Yes,Middle,0.0,No,Salle 15,130.0,0.5791666666666667,0.284865969566663,0.17200000000000001,1.0,0,1,0,1,False,False,False,False,False,False
ENSPD004601,Male,21.0,2,0.9206842923794712,5.0,0.6492204899777283,0.282,0.71,3.0,1.4,16.4,Yes,No,Middle,0.0,Yes,Salle 3,231.0,0.4194444444444444,0.43204432181741703,0.5694000000000001,0.9860656366780134,1,0,1,1,False,False,False,False,True,False
ENSPD003383,Male,23.0,5,0.6951788491446346,20.0,0.579064587973274,0.5529999999999999,0.18,2.0,0.2,10.3,Yes,No,High,2.0,No,Salle 8,60.0,0.2972222222222223,0.44035886140418146,0.32160000000000005,0.7508690441401171,1,0,0,1,False,False,False,False,False,True
ENSPD004423,Female,24.0,3,0.7589424572317262,16.0,0.5991091314031181,0.616,0.794,0.0,1.8,12.8,Yes,Yes,Middle,0.0,Yes,Salle 18,185.0,0.6208333333333333,0.25861104011954805,0.0,0.6476742668343078,0,1,1,1,False,False,True,False,False,False
ENSPD000404,Female,22.0,4,0.5925349922239501,26.0,0.5211581291759466,0.36,0.531,1.0,1.7,10.3,No,No,Middle,1.0,Yes,Salle 20,173.0,0.3666666666666667,0.33786773714849516,0.1476,0.6476742668343078,0,0,1,0,False,False,True,False,False,False
ENSPD000672,Female,21.0,1,0.6127527216174183,25.0,0.5011135857461025,0.6509999999999999,0.728,1.0,0.2,8.8,Yes,No,Middle,2.0,No,Salle 1,248.0,0.5319444444444444,0.25101213677069834,0.1502,0.5818364233587374,0,0,0,1,False,False,False,True,False,False
ENSPD001879,Male,22.0,4,0.9595645412130639,3.0,0.7216035634743876,0.7240000000000001,0.552,3.0,0.5,1.8,Yes,No,Middle,2.0,No,Salle 1,230.0,0.6361111111111111,0.31302242432928784,0.5844000000000001,0.5818364233587374,1,0,0,1,False,False,False,True,False,False
ENSPD004951,Male,20.0,3,0.8678071539657853,8.0,0.744988864142539,0.7809999999999999,0.778,1.0,4.9,23.1,No,No,Low,1.0,Yes,Salle 28,154.0,0.7583333333333333,0.2363457991365828,0.183,0.7508690441401171,1,0,1,0,False,False,False,False,False,True
ENSPD004130,Male,23.0,5,0.609642301710731,25.0,0.5979955456570156,0.8240000000000001,0.635,1.0,1.0,16.3,Yes,Yes,Middle,1.0,Yes,Salle 29,67.0,0.5805555555555555,0.22860171501448703,0.14980000000000002,0.9860656366780134,1,1,1,1,False,False,False,False,True,False
ENSPD000052,Female,24.0,2,0.906687402799378,6.0,0.2839643652561248,0.609,0.635,2.0,1.4,9.1,Yes,No,Middle,1.0,Yes,Salle 8,177.0,0.375,0.46309126112138577,0.376,0.6476742668343078,0,0,1,1,False,False,True,False,False,False
ENSPD001545,Female,22.0,1,0.6702954898911352,21.0,0.6080178173719376,0.616,0.39299999999999996,3.0,0.4,5.5,No,Yes,Low,2.0,Yes,Salle 26,186.0,0.3555555555555555,0.3791689183468039,0.47279999999999994,0.9860656366780134,0,1,1,0,False,False,False,False,True,False
ENSPD004694,Male,20.0,2,0.8071539657853809,12.0,0.7383073496659243,0.888,0.85,0.0,0.3,7.0,Yes,No,Low,2.0,Yes,Salle 14,177.0,0.7708333333333333,0.21583213814871713,0.0,0.6476742668343078,1,0,1,1,False,False,True,False,False,False
ENSPD003924,Male,20.0,2,0.8242612752721618,11.0,0.8296213808463252,0.583,0.789,0.0,2.7,11.5,No,No,Middle,0.0,Yes,Salle 24,298.0,0.734722222222222,0.2329203046025106,0.0,0.5818364233587374,1,0,1,0,False,False,False,True,False,False
ENSPD001329,Female,25.0,2,0.9999999999999999,0.0,0.4543429844097996,0.761,0.8220000000000001,0.0,3.0,12.3,Yes,No,Low,0.0,Yes,Salle 21,231.0,0.7611111111111111,0.2708447460676504,0.0,0.9860656366780134,0,0,1,1,False,False,False,False,True,False
ENSPD000815,Female,19.0,3,0.23017107309486773,50.0,0.6792873051224945,0.799,0.8029999999999999,4.0,1.2,7.4,Yes,No,Middle,3.0,Yes,Salle 28,130.0,0.7486111111111111,0.06668194472441158,0.404,1.0,0,0,1,1,False,False,False,False,False,False
ENSPD003142,Female,21.0,3,0.5707620528771385,28.0,0.7126948775055679,0.542,0.48200000000000004,0.0,1.2,9.0,Yes,No,Middle,0.0,Yes,Salle 5,263.0,0.46805555555555556,0.2677048976082793,0.0,0.5818364233587374,0,0,1,1,False,False,False,True,False,False
ENSPD004508,Male,23.0,5,0.5443234836702956,29.0,0.7316258351893097,0.5750000000000001,0.635,2.0,1.1,9.2,No,No,Low,0.0,Yes,Salle 9,109.0,0.5736111111111111,0.2103089607632246,0.2828,0.5818364233587374,1,0,1,0,False,False,False,True,False,False
ENSPD000145,Male,24.0,3,0.6407465007776051,23.0,0.7193763919821826,1.0,0.5,3.0,1.5,14.0,Yes,No,Low,2.0,Yes,Salle 18,263.0,0.5958333333333332,0.23220959875656275,0.46140000000000003,0.5818364233587374,1,0,1,1,False,False,False,True,False,False
ENSPD002522,Male,23.0,3,0.5738724727838257,27.0,0.6993318485523385,0.6070000000000001,0.68,2.0,0.5,10.9,Yes,No,Middle,0.0,Yes,Salle 5,263.0,0.6263888888888889,0.19951033589688658,0.2904,0.5818364233587374,1,0,1,1,False,False,False,True,False,False
ENSPD004515,Male,24.0,2,0.5334370139968895,30.0,0.6146993318485524,0.043,0.635,0.0,7.7,39.1,Yes,Yes,Middle,1.0,Yes,Salle 17,161.0,0.16388888888888892,0.5046004933293913,0.0,0.7508690441401171,1,1,1,1,False,False,False,False,False,True
ENSPD001626,Female,23.0,3,0.547433903576983,29.0,0.37305122494432075,0.909,0.8240000000000001,3.0,1.0,5.0,No,Yes,High,1.0,Yes,Salle 4,263.0,0.6625000000000001,0.17901208659795934,0.42540000000000006,0.5818364233587374,0,1,1,0,False,False,False,True,False,False
ENSPD001242,Female,23.0,1,0.3950233281493002,39.0,0.5523385300668151,0.7190000000000001,0.851,1.0,1.5,17.2,Yes,No,Middle,0.0,Yes,Salle 23,121.0,0.5902777777777778,0.1562159324672305,0.1222,0.7508690441401171,0,0,1,1,False,False,False,False,False,True
ENSPD002075,Female,26.0,2,0.7231726283048211,18.0,0.6113585746102449,0.47500000000000003,0.622,3.0,0.6,6.8,Yes,Yes,High,1.0,Yes,Salle 4,177.0,0.5069444444444444,0.30172130875748415,0.4932000000000001,0.6476742668343078,0,1,1,1,False,False,True,False,False,False
ENSPD003106,Male,22.0,2,0.5116640746500777,31.0,0.6915367483296213,0.616,0.419,1.0,0.4,5.6,No,No,Low,0.0,Yes,Salle 28,298.0,0.41666666666666674,0.2732613697995442,0.1372,0.5818364233587374,1,0,1,0,False,False,False,True,False,False
ENSPD004651,Male,26.0,2,0.603421461897356,26.0,0.5812917594654788,0.5,0.537,1.0,3.1,11.5,Yes,No,Low,1.0,Yes,Salle 30,71.0,0.37083333333333335,0.3395226213329955,0.149,0.0,1,0,1,1,False,True,False,False,False,False
ENSPD001384,Male,22.0,5,0.9735614307931569,2.0,0.32850779510022277,0.20199999999999999,0.653,3.0,0.8,3.7,Yes,No,Middle,0.0,No,Salle 14,60.0,0.22638888888888886,0.6636855110704214,0.5898,0.7508690441401171,1,0,0,1,False,False,False,False,False,True
ENSPD003364,Male,17.0,3,0.5769828926905131,27.0,0.5835189309576838,0.858,1.0,0.0,4.9,25.8,Yes,Yes,High,3.0,Yes,Salle 17,263.0,0.7944444444444445,0.14823506903448938,0.0,0.5818364233587374,1,1,1,1,False,False,False,True,False,False
ENSPD003595,Male,21.0,2,0.6049766718506998,25.0,0.7126948775055679,0.386,0.635,0.0,0.0,4.0,No,No,Middle,0.0,Yes,Salle 13,119.0,0.6291666666666667,0.2080060973379758,0.0,1.0,1,0,1,0,False,False,False,False,False,False
ENSPD001829,Female,26.0,4,0.4261275272161742,37.0,0.38752783964365256,0.856,0.49100000000000005,0.0,2.2,14.7,No,No,Low,1.0,Yes,Salle 1,178.0,0.4125,0.24179094715714858,0.0,0.9860656366780134,0,0,1,0,False,False,False,False,True,False
ENSPD003100,Male,21.0,3,0.6562986003110421,22.0,0.4298440979955457,0.58,0.337,1.0,0.2,5.8,Yes,No,High,1.0,Yes,Salle 8,185.0,0.27222222222222214,0.4460250313230526,0.15580000000000002,0.6476742668343078,1,0,1,1,False,False,True,False,False,False
ENSPD001720,Male,20.0,4,0.6438569206842922,23.0,0.7037861915367484,0.49700000000000005,0.6990000000000001,1.0,0.7,4.5,No,No,Middle,0.0,Yes,Salle 26,157.0,0.5833333333333334,0.23843697696031582,0.1542,0.900740336465212,1,0,1,0,True,False,False,False,False,False
ENSPD004334,Female,23.0,4,0.5598755832037324,28.0,0.8719376391982183,0.8490000000000001,0.807,0.0,0.6,7.0,No,No,Middle,2.0,Yes,Salle 26,178.0,0.7902777777777776,0.14486797886142308,0.0,0.9860656366780134,0,0,1,0,False,False,False,False,True,False
ENSPD001948,Male,21.0,3,0.2674961119751166,47.0,0.5489977728285078,0.6809999999999999,0.358,4.0,1.4,12.9,Yes,No,Middle,0.0,Yes,Salle 3,154.0,0.38194444444444453,0.19314016814000914,0.4232,0.7508690441401171,1,0,1,1,False,False,False,False,False,True
ENSPD001210,Other,20.0,2,0.9129082426127527,6.0,0.8173719376391981,0.653,0.449,0.0,6.3,29.9,Yes,No,Middle,1.0,Yes,Salle 7,185.0,0.5430555555555555,0.34677116014011977,0.0,0.900740336465212,2,0,1,1,True,False,False,False,False,False
ENSPD003643,Male,23.0,1,0.5069984447900465,32.0,0.6993318485523385,0.527,0.711,0.0,0.7,6.1,Yes,No,High,4.0,Yes,Salle 14,186.0,0.5208333333333334,0.2197776892350529,0.0,0.9860656366780134,1,0,1,1,False,False,False,False,True,False
ENSPD003359,Female,21.0,4,0.7231726283048211,18.0,0.6481069042316259,0.231,0.399,0.0,0.6,6.2,No,No,Middle,1.0,Yes,Salle 11,173.0,0.28055555555555556,0.4700911521396006,0.0,0.6476742668343078,0,0,1,0,False,False,True,False,False,False
ENSPD003422,Female,21.0,2,0.7262830482115087,18.0,0.5400890868596883,0.508,0.647,3.0,0.5,7.5,Yes,No,Low,1.0,Yes,Salle 18,177.0,0.4708333333333333,0.3232745762512087,0.49440000000000006,0.6476742668343078,0,0,1,1,False,False,True,False,False,False
ENSPD002096,Female,19.0,4,0.5085536547433903,32.0,0.4097995545657016,0.4,0.968,1.0,0.9,16.5,Yes,Yes,High,0.0,No,Salle 10,70.0,0.4819444444444444,0.23805662121960655,0.1368,0.0,0,1,0,1,False,True,False,False,False,False
ENSPD004550,Female,20.0,3,0.9999999999999999,0.0,0.3964365256124721,0.672,0.5750000000000001,3.0,0.4,7.0,Yes,Yes,Middle,1.0,Yes,Salle 5,263.0,0.40694444444444444,0.47359212821833185,0.6,0.5818364233587374,0,1,1,1,False,False,False,True,False,False
ENSPD003476,Female,20.0,1,0.7838258164852253,14.0,0.7138084632516704,0.616,0.635,0.0,1.3,14.8,Yes,No,Middle,0.0,Yes,Salle 8,248.0,0.8138888888888889,0.1961273809854431,0.0,0.5818364233587374,0,0,1,1,False,False,False,True,False,False
ENSPD002001,Male,22.0,4,0.9051321928460342,6.0,0.4342984409799555,0.0,0.873,1.0,1.5,15.3,No,No,Middle,0.0,No,Salle 4,157.0,0.28888888888888886,0.5482589857008136,0.18780000000000002,0.900740336465212,1,0,0,0,True,False,False,False,False,False
ENSPD003165,Male,18.0,5,0.7262830482115087,18.0,0.6113585746102449,1.0,0.59,2.0,1.7,18.8,No,Yes,Middle,1.0,Yes,Salle 25,109.0,0.5611111111111111,0.27525522155550686,0.3296,0.5818364233587374,1,1,1,0,False,False,False,True,False,False
ENSPD002565,Male,25.0,2,0.8724727838258165,8.0,0.7438752783964365,0.922,0.636,2.0,1.6,10.6,No,No,Middle,2.0,No,Salle 25,185.0,0.7333333333333334,0.24670022604146127,0.36719999999999997,0.900740336465212,1,0,0,0,True,False,False,False,False,False
ENSPD003486,Female,20.0,1,0.4681181959564541,34.0,0.5244988864142539,0.583,0.273,0.0,2.5,20.1,No,No,Middle,1.0,Yes,Salle 26,121.0,0.26388888888888895,0.36109470667133925,0.0,0.7508690441401171,0,0,1,0,False,False,False,False,False,True
ENSPD001443,Female,24.0,1,0.5038880248833592,32.0,0.489977728285078,0.546,1.0,1.0,3.5,19.4,No,No,Low,3.0,Yes,Salle 1,96.0,0.6124999999999999,0.182882378328493,0.1362,1.0,0,0,1,0,False,False,False,False,False,False
ENSPD000021,Female,22.0,4,0.7589424572317262,16.0,0.4866369710467706,0.23,0.507,2.0,0.6,7.3,Yes,No,Low,2.0,Yes,Salle 8,178.0,0.2513888888888889,0.519579167938719,0.338,0.9860656366780134,0,0,1,1,False,False,False,False,True,False
ENSPD004456,Male,22.0,2,0.6360808709175737,23.0,0.6113585746102449,0.675,0.877,5.0,1.6,16.0,Yes,No,High,1.0,Yes,Salle 17,185.0,0.6291666666666667,0.217512330895015,0.766,0.900740336465212,1,0,1,1,True,False,False,False,False,False
ENSPD004065,Female,22.0,5,0.671850699844479,21.0,0.3797327394209354,0.392,0.74,1.0,1.3,9.6,Yes,No,Low,0.0,No,Salle 11,67.0,0.3555555555555555,0.3798361078552892,0.15780000000000002,0.9860656366780134,0,0,0,1,False,False,False,False,True,False
ENSPD004009,Female,19.0,1,0.5956454121306377,26.0,0.5746102449888641,0.494,0.28300000000000003,1.0,1.4,19.5,No,No,Middle,0.0,Yes,Salle 27,248.0,0.2847222222222222,0.4047633328966802,0.148,0.5818364233587374,0,0,1,0,False,False,False,True,False,False
ENSPD000401,Male,26.0,3,0.8071539657853809,12.0,0.42538975501113585,0.649,0.542,2.0,1.5,13.2,Yes,No,Low,0.0,Yes,Salle 20,185.0,0.4263888888888888,0.38258038368169545,0.3504,0.6476742668343078,1,0,1,1,False,False,True,False,False,False
ENSPD001984,Male,20.0,3,0.6111975116640745,25.0,0.6614699331848551,0.637,0.39,1.0,0.6,10.1,Yes,Yes,Low,3.0,Yes,Salle 16,188.0,0.37777777777777777,0.33793025568849644,0.15,0.900740336465212,1,1,1,1,True,False,False,False,False,False
ENSPD004990,Female,22.0,4,0.8491446345256609,10.0,0.4131403118040089,0.559,0.6970000000000001,1.0,0.6,7.9,No,No,Middle,1.0,No,Salle 1,121.0,0.4541666666666666,0.37937422111533436,0.1806,0.7508690441401171,0,0,0,0,False,False,False,False,False,True
ENSPD004618,Female,24.0,3,0.7231726283048211,31.0,0.6804008908685969,0.8790000000000001,0.5650000000000001,1.0,0.2,0.0,Yes,No,Middle,0.0,No,Salle 5,154.0,0.6069444444444445,0.25347402738489655,0.16440000000000002,0.7508690441401171,0,0,0,1,False,False,False,False,False,True
ENSPD003835,Male,24.0,2,0.6827371695178849,20.0,0.35189309576837413,0.7690000000000001,0.74,2.0,3.9,20.5,No,No,Middle,1.0,No,Salle 17,231.0,0.5694444444444444,0.25711274910504467,0.31839999999999996,0.9860656366780134,1,0,0,0,False,False,False,False,True,False
ENSPD003161,Male,22.0,3,0.48055987558320357,33.0,0.5144766146993318,0.733,0.44700000000000006,0.0,4.5,21.3,Yes,No,Middle,1.0,Yes,Salle 16,263.0,0.3208333333333333,0.32176467718199375,0.0,0.5818364233587374,1,0,1,1,False,False,False,True,False,False
ENSPD000756,Female,25.0,2,0.7231726283048211,32.0,0.5311804008908686,0.642,0.677,1.0,0.2,9.1,No,No,Middle,0.0,Yes,Salle 24,177.0,0.5291666666666666,0.2900202281711137,0.16440000000000002,0.6476742668343078,0,0,1,0,False,False,True,False,False,False
ENSPD000083,Male,21.0,4,0.3312597200622084,43.0,0.46770601336302897,0.43100000000000005,0.519,0.0,0.4,0.0,Yes,No,Middle,1.0,Yes,Salle 23,121.0,0.3111111111111111,0.2604091799838877,0.0,0.7508690441401171,1,0,1,1,False,False,False,False,False,True
ENSPD003446,Female,23.0,1,0.7278382581648523,18.0,0.6380846325167038,0.5479999999999999,0.024,1.0,0.7,4.5,Yes,No,Middle,1.0,Yes,Salle 21,83.0,0.12916666666666665,0.6799173349217318,0.165,0.0,0,0,1,1,False,True,False,False,False,False
ENSPD001760,Male,22.0,2,0.76049766718507,15.0,0.6959910913140313,0.7190000000000001,0.892,1.0,1.4,20.2,Yes,No,Middle,1.0,No,Salle 18,298.0,0.7611111111111111,0.20656188736493555,0.1692,0.5818364233587374,1,0,0,1,False,False,False,True,False,False
ENSPD004269,Female,23.0,3,0.7153965785381026,18.0,0.6525612472160356,0.214,0.6990000000000001,1.0,2.9,12.8,Yes,No,Low,1.0,Yes,Salle 14,188.0,0.4652777777777778,0.3225696101221812,0.16340000000000002,0.900740336465212,0,0,1,1,True,False,False,False,False,False
ENSPD002024,Male,22.0,4,0.6438569206842922,23.0,0.39755011135857465,0.736,0.5650000000000001,3.0,0.3,6.0,Yes,No,Middle,1.0,Yes,Salle 27,173.0,0.41388888888888886,0.32706268427355656,0.46259999999999996,0.6476742668343078,1,0,1,1,False,False,True,False,False,False
ENSPD001669,Male,23.0,2,0.7325038880248832,17.0,0.6213808463251671,0.625,0.663,1.0,2.6,13.9,No,No,Low,1.0,No,Salle 9,161.0,0.5861111111111111,0.2656365452606979,0.1656,0.7508690441401171,1,0,0,0,False,False,False,False,False,True
ENSPD000964,Male,24.0,3,0.8522550544323483,10.0,0.7360801781737194,0.599,0.8590000000000001,1.0,3.8,11.8,Yes,No,Low,1.0,Yes,Salle 7,130.0,0.7402777777777778,0.2385969142757737,0.181,1.0,1,0,1,1,False,False,False,False,False,False
ENSPD000242,Female,21.0,3,0.7931570762052876,13.0,0.8775055679287306,0.866,0.78,0.0,1.0,9.4,Yes,No,Middle,0.0,No,Salle 6,185.0,0.7625,0.2148643462024575,0.0,0.6476742668343078,0,0,0,1,False,False,True,False,False,False
ENSPD002355,Female,20.0,5,0.9191290824261275,5.0,0.7026726057906458,0.27899999999999997,0.545,1.0,3.9,18.0,Yes,No,Middle,1.0,Yes,Salle 12,67.0,0.4194444444444444,0.43143460555170876,0.1896,0.9860656366780134,0,0,1,1,False,False,False,False,True,False
ENSPD001245,Female,21.0,3,0.7231726283048211,6.0,0.4053452115812918,0.5870000000000001,0.836,1.0,0.3,8.5,Yes,No,Low,1.0,Yes,Salle 13,130.0,0.5402777777777777,0.2843957956789359,0.16440000000000002,1.0,0,0,1,1,False,False,False,False,False,False
ENSPD001203,Male,24.0,1,0.6391912908242613,23.0,0.5289532293986637,0.654,0.644,1.0,2.3,11.5,No,Yes,Middle,1.0,Yes,Salle 14,248.0,0.513888888888889,0.26879229405148564,0.1536,0.5818364233587374,1,1,1,0,False,False,False,True,False,False
ENSPD003746,Male,23.0,3,0.5863141524105754,27.0,0.6659242761692651,0.51,0.596,1.0,4.2,23.1,Yes,No,Middle,0.0,No,Salle 2,188.0,0.4625,0.27640049025753566,0.1468,0.900740336465212,1,0,0,1,True,False,False,False,False,False
ENSPD001330,Male,27.0,2,0.1586314152410575,54.0,0.6570155902004455,0.332,0.867,0.0,4.7,21.7,Yes,Yes,Middle,0.0,Yes,Salle 8,298.0,0.5333333333333333,0.09602929791375509,0.0,0.5818364233587374,1,1,1,1,False,False,False,True,False,False
ENSPD004576,Male,25.0,1,0.6827371695178849,20.0,0.5278396436525613,0.772,0.5770000000000001,0.0,0.4,1.1,Yes,No,High,1.0,Yes,Salle 3,121.0,0.513888888888889,0.2839359448782436,0.0,0.7508690441401171,1,0,1,1,False,False,False,False,False,True
ENSPD003853,Female,22.0,2,0.7060653188180402,19.0,0.46770601336302897,0.474,0.802,0.0,1.5,10.1,No,No,Low,1.0,Yes,Salle 14,71.0,0.4638888888888889,0.31994702179278545,0.0,0.0,0,0,1,0,False,True,False,False,False,False
ENSPD001196,Female,23.0,3,0.9315707620528771,4.0,0.49109131403118034,1.0,0.49100000000000005,0.0,1.8,12.5,Yes,No,Middle,0.0,No,Salle 12,104.0,0.6625000000000001,0.292439956459136,0.0,0.0,0,0,0,1,False,True,False,False,False,False
ENSPD001397,Male,21.0,2,0.8740279937791603,8.0,0.8184855233853007,0.758,0.547,1.0,3.3,18.4,Yes,No,High,1.0,No,Salle 27,119.0,0.6486111111111111,0.28148629203788067,0.18380000000000002,1.0,1,0,0,1,False,False,False,False,False,False
ENSPD002309,Male,21.0,5,0.8133748055987559,12.0,0.6113585746102449,0.473,0.652,1.0,4.1,11.5,Yes,No,High,0.0,Yes,Salle 21,109.0,0.513888888888889,0.3293668973585173,0.176,0.5818364233587374,1,0,1,1,False,False,False,True,False,False
ENSPD004102,Male,24.0,3,0.6640746500777605,22.0,0.8496659242761693,0.7390000000000001,0.355,2.0,4.1,27.7,No,No,High,1.0,Yes,Salle 1,188.0,0.45000000000000007,0.31252677779662463,0.31360000000000005,0.900740336465212,1,0,1,0,True,False,False,False,False,False
ENSPD004745,Male,20.0,3,0.7822706065318817,14.0,0.4342984409799555,0.5810000000000001,0.509,1.0,4.0,19.6,No,No,Middle,2.0,No,Salle 27,263.0,0.43194444444444435,0.3690885925349878,0.17200000000000001,0.5818364233587374,1,0,0,0,False,False,False,True,False,False
ENSPD002677,Male,19.0,2,0.8926905132192845,7.0,0.5590200445434298,0.48200000000000004,0.87,1.0,0.9,14.9,Yes,No,Low,3.0,No,Salle 22,231.0,0.5027777777777778,0.3637314747103271,0.1862,0.9860656366780134,1,0,0,1,False,False,False,False,True,False
ENSPD003025,Male,21.0,1,0.5427682737169516,29.0,0.6113585746102449,0.5760000000000001,0.519,3.0,2.4,16.1,No,No,Low,3.0,Yes,Salle 12,248.0,0.4527777777777777,0.26536887757521976,0.4236,0.5818364233587374,1,0,1,0,False,False,False,True,False,False
ENSPD004160,Male,21.0,1,0.9797822706065319,1.0,0.7828507795100222,1.0,0.523,2.0,1.8,12.5,Yes,No,High,1.0,No,Salle 26,248.0,0.7375,0.2745977057563138,0.39480000000000004,0.5818364233587374,1,0,0,1,False,False,False,True,False,False
ENSPD001518,Female,22.0,4,0.6049766718506998,25.0,0.9276169265033407,0.556,1.0,1.0,1.4,16.3,Yes,No,High,0.0,Yes,Salle 25,178.0,0.8388888888888888,0.14396069918154944,0.1492,0.9860656366780134,0,0,1,1,False,False,False,False,True,False
ENSPD003285,Male,22.0,4,0.6407465007776051,23.0,0.49443207126948774,0.7440000000000001,0.638,4.0,2.2,14.4,Yes,No,Middle,0.0,No,Salle 28,93.0,0.5375,0.2579107457354378,0.6152000000000001,1.0,1,0,0,1,False,False,False,False,False,False
ENSPD003306,Male,22.0,3,0.9175738724727839,5.0,0.6336302895322939,0.616,0.788,2.0,2.6,16.6,Yes,No,Middle,1.0,Yes,Salle 4,212.0,0.6097222222222222,0.31293522191232126,0.3788,0.9860656366780134,1,0,1,1,False,False,False,False,True,False
ENSPD001849,Female,19.0,3,0.7045101088646967,19.0,0.5434298440979956,0.51,0.915,2.0,2.4,18.3,No,Yes,Middle,1.0,Yes,Salle 19,185.0,0.5916666666666666,0.2542240155637011,0.324,0.6476742668343078,0,1,1,0,False,False,True,False,False,False
ENSPD001999,Male,19.0,2,0.9548989113530325,3.0,0.5846325167037862,0.6559999999999999,0.7709999999999999,0.0,1.4,12.9,Yes,No,High,0.0,Yes,Salle 25,185.0,0.6736111111111112,0.29435306251938154,0.0,0.900740336465212,1,0,1,1,True,False,False,False,False,False
ENSPD000934,Male,20.0,4,0.3623639191290824,41.0,0.6113585746102449,0.5479999999999999,0.708,0.0,0.7,9.5,Yes,No,Middle,1.0,Yes,Salle 7,157.0,0.4208333333333333,0.21248378517674768,0.0,0.900740336465212,1,0,1,1,True,False,False,False,False,False
ENSPD003084,Female,23.0,2,0.6967340590979781,20.0,0.5712694877505569,0.8170000000000001,0.877,1.0,0.6,10.0,Yes,No,High,0.0,Yes,Salle 17,298.0,0.6805555555555556,0.21644123651961314,0.161,0.5818364233587374,0,0,1,1,False,False,False,True,False,False
ENSPD002877,Male,22.0,3,0.9999999999999999,0.0,0.8162583518930958,0.797,0.8059999999999999,2.0,3.7,16.2,No,No,Middle,1.0,Yes,Salle 14,130.0,0.7652777777777777,0.2692454314810728,0.4,1.0,1,0,1,0,False,False,False,False,False,False
ENSPD003224,Male,22.0,1,0.5241057542768274,31.0,0.4298440979955457,0.547,0.5,1.0,1.8,17.0,No,No,High,1.0,Yes,Salle 3,186.0,0.35416666666666674,0.317403883653523,0.1388,0.9860656366780134,1,0,1,0,False,False,False,False,True,False
ENSPD000580,Male,24.0,1,0.3203732503888024,44.0,0.6191536748329621,0.6509999999999999,0.8370000000000001,1.0,1.4,14.3,Yes,Yes,Middle,1.0,Yes,Salle 15,83.0,0.638888888888889,0.11831711946488085,0.11259999999999999,0.0,1,1,1,1,False,True,False,False,False,False
ENSPD003339,Female,20.0,5,0.984447900466563,1.0,0.4966592427616926,0.616,0.799,0.0,0.5,2.9,No,Yes,Middle,0.0,No,Salle 4,60.0,0.5222222222222221,0.38357590206819625,0.0,0.7508690441401171,0,1,0,0,False,False,False,False,False,True
ENSPD004436,Male,20.0,5,0.525660964230171,30.0,0.6113585746102449,0.616,0.7290000000000001,0.0,2.8,15.7,No,No,High,0.0,No,Salle 19,67.0,0.5930555555555557,0.19679840467414886,0.0,0.9860656366780134,1,0,0,0,False,False,False,False,True,False
ENSPD001464,Female,22.0,2,0.7558320373250388,16.0,0.6069042316258353,0.6990000000000001,0.892,1.0,1.0,13.9,No,Yes,Low,1.0,Yes,Salle 20,119.0,0.6944444444444444,0.22838411504118575,0.1686,1.0,0,1,1,0,False,False,False,False,False,False
ENSPD002344,Male,21.0,3,0.7231726283048211,41.0,0.6247216035634744,0.634,0.886,1.0,1.3,7.0,Yes,No,Middle,1.0,Yes,Salle 12,154.0,0.6777777777777778,0.22513712503175973,0.16440000000000002,0.7508690441401171,1,0,1,1,False,False,False,False,False,True
ENSPD001276,Male,21.0,1,0.8662519440124418,9.0,0.6113585746102449,0.555,0.466,2.0,4.5,20.9,No,Yes,Middle,4.0,No,Salle 25,149.0,0.45000000000000007,0.3886535826151294,0.36560000000000004,0.6476742668343078,1,1,0,0,False,False,True,False,False,False
ENSPD000070,Other,19.0,2,0.8460342146189735,10.0,0.5011135857461025,0.741,0.391,3.0,1.0,2.8,No,No,Middle,2.0,Yes,Salle 14,298.0,0.4097222222222222,0.41007486660067294,0.5406,0.5818364233587374,2,0,1,0,False,False,False,True,False,False
ENSPD001263,Male,27.0,2,0.9735614307931569,2.0,0.7015590200445435,0.863,0.706,1.0,0.1,0.0,Yes,No,Middle,1.0,No,Salle 7,298.0,0.7430555555555556,0.2707032464624719,0.1966,0.5818364233587374,1,0,0,1,False,False,False,True,False,False
ENSPD004705,Male,18.0,2,0.7527216174183514,16.0,0.7861915367483296,0.522,0.5660000000000001,1.0,3.3,19.7,Yes,No,Low,3.0,Yes,Salle 24,185.0,0.623611111111111,0.2555086483631338,0.1682,0.900740336465212,1,0,1,1,True,False,False,False,False,False
ENSPD004973,Male,22.0,4,0.45412130637636083,35.0,0.77728285077951,0.8,0.355,2.0,0.6,0.0,No,No,Middle,1.0,Yes,Salle 2,178.0,0.4888888888888888,0.21525052184070628,0.25960000000000005,0.9860656366780134,1,0,1,0,False,False,False,False,True,False
ENSPD004300,Female,22.0,4,0.2877138413685848,46.0,0.8741648106904232,0.616,0.866,0.0,3.0,20.3,Yes,No,Middle,2.0,No,Salle 26,121.0,0.8027777777777778,0.07128651234152075,0.0,0.7508690441401171,0,0,0,1,False,False,False,False,False,True
ENSPD000244,Male,23.0,4,0.42146189735614303,37.0,0.6336302895322939,0.745,0.41200000000000003,1.0,1.9,14.0,Yes,No,Middle,0.0,Yes,Salle 1,178.0,0.43333333333333335,0.2292867655163173,0.1256,0.9860656366780134,1,0,1,1,False,False,False,False,True,False
ENSPD004952,Male,20.0,3,0.8149300155520994,12.0,0.3017817371937639,0.449,0.632,1.0,3.7,20.2,Yes,No,Middle,2.0,Yes,Salle 17,188.0,0.35416666666666674,0.44242451149892903,0.1762,0.900740336465212,1,0,1,1,True,False,False,False,False,False
ENSPD004703,Female,23.0,4,0.7309486780715396,17.0,1.0,0.616,0.873,1.0,0.5,13.3,No,No,Middle,1.0,Yes,Salle 22,93.0,0.8319444444444444,0.17744488030649333,0.16540000000000002,1.0,0,0,1,0,False,False,False,False,False,False
ENSPD001952,Male,19.0,4,0.5303265940902021,30.0,0.44543429844098004,0.629,0.807,3.0,1.4,11.5,No,Yes,High,0.0,Yes,Salle 4,157.0,0.5569444444444444,0.21244533890834014,0.41879999999999995,0.900740336465212,1,1,1,0,True,False,False,False,False,False
ENSPD003237,Male,21.0,4,0.9999999999999999,0.0,0.6603563474387528,0.8079999999999999,0.741,2.0,4.6,26.9,Yes,No,Middle,1.0,No,Salle 18,157.0,0.6444444444444444,0.3212231547405918,0.4,0.900740336465212,1,0,0,1,True,False,False,False,False,False
ENSPD001080,Female,21.0,4,0.7589424572317262,16.0,0.601336302895323,0.721,0.49600000000000005,1.0,1.6,9.8,Yes,No,High,1.0,Yes,Salle 6,173.0,0.5208333333333334,0.3066728060419225,0.169,0.6476742668343078,0,0,1,1,False,False,True,False,False,False
ENSPD000309,Female,24.0,1,0.7231726283048211,18.0,0.8797327394209354,0.07,0.645,3.0,0.2,17.8,Yes,No,Low,1.0,Yes,Salle 26,121.0,0.3375,0.4168630155020572,0.4932000000000001,0.7508690441401171,0,0,1,1,False,False,False,False,False,True
ENSPD004368,Male,21.0,3,0.6220839813374807,24.0,0.6347438752783965,0.561,0.251,3.0,0.0,14.0,Yes,No,Low,1.0,Yes,Salle 5,154.0,0.2763888888888889,0.42528083110615533,0.45420000000000005,0.7508690441401171,1,0,1,1,False,False,False,False,False,True
ENSPD002099,Female,24.0,3,0.6562986003110421,22.0,0.5077951002227171,0.72,0.67,0.0,5.0,20.4,Yes,No,Middle,1.0,No,Salle 27,104.0,0.5833333333333334,0.24243192784280518,0.0,0.0,0,0,0,1,False,True,False,False,False,False
ENSPD001121,Female,21.0,4,0.3950233281493002,39.0,0.3775055679287305,0.517,0.8240000000000001,2.0,1.4,9.2,Yes,No,Middle,2.0,Yes,Salle 14,121.0,0.45138888888888895,0.210577205796772,0.2444,0.7508690441401171,0,0,1,1,False,False,False,False,False,True
ENSPD002109,Male,25.0,5,0.7293934681181958,17.0,0.5178173719376392,0.45799999999999996,0.649,0.0,1.4,5.5,No,No,Middle,0.0,Yes,Salle 13,109.0,0.4569444444444445,0.3328105585079453,0.0,0.5818364233587374,1,0,1,0,False,False,False,True,False,False
ENSPD000963,Male,23.0,2,0.9999999999999999,0.0,0.5779510022271716,0.5970000000000001,0.5860000000000001,2.0,6.7,30.3,Yes,No,Middle,2.0,No,Salle 10,231.0,0.5097222222222222,0.3969769955175424,0.4,0.9860656366780134,1,0,0,1,False,False,False,False,True,False
ENSPD001168,Male,22.0,5,0.33281493001555207,43.0,0.489977728285078,0.7220000000000001,0.518,1.0,1.3,18.4,Yes,No,Middle,0.0,Yes,Salle 14,48.0,0.4833333333333333,0.17395984118334037,0.11420000000000001,1.0,1,0,1,1,False,False,False,False,False,False
ENSPD001937,Male,20.0,4,0.5489891135303265,29.0,0.4922048997772829,0.309,0.7859999999999999,2.0,1.3,11.5,Yes,No,Low,1.0,Yes,Salle 23,230.0,0.44444444444444453,0.272205879849183,0.28400000000000003,0.5818364233587374,1,0,1,1,False,False,False,True,False,False
ENSPD004172,Other,19.0,3,0.6671850699844478,21.0,0.48775055679287305,0.509,0.7340000000000001,1.0,0.1,6.3,Yes,No,High,0.0,Yes,Salle 1,185.0,0.49444444444444435,0.28864901815910193,0.15719999999999998,0.6476742668343078,2,0,1,1,False,False,True,False,False,False
ENSPD000881,Male,20.0,2,0.4976671850699844,32.0,0.6113585746102449,0.599,0.614,0.0,0.6,7.8,No,No,Middle,3.0,Yes,Salle 13,298.0,0.4375,0.2563914209936393,0.0,0.5818364233587374,1,0,1,0,False,False,False,True,False,False
ENSPD003036,Male,24.0,4,0.8615863141524104,9.0,0.8095768374164811,0.289,0.5820000000000001,1.0,3.8,21.6,Yes,No,Middle,2.0,Yes,Salle 9,178.0,0.42499999999999993,0.40474535342447615,0.1822,0.9860656366780134,1,0,1,1,False,False,False,False,True,False
ENSPD000652,Male,18.0,5,0.4961119751166406,32.0,0.7416481069042317,0.741,0.52,2.0,0.4,0.0,Yes,Yes,Low,0.0,Yes,Salle 25,80.0,0.5097222222222222,0.22086569072383197,0.2704,0.900740336465212,1,1,1,1,True,False,False,False,False,False
ENSPD003791,Male,21.0,3,0.6936236391912908,20.0,0.5244988864142539,0.544,1.0,1.0,1.2,7.8,Yes,No,Middle,1.0,Yes,Salle 5,154.0,0.7194444444444443,0.20202034335202937,0.1606,0.7508690441401171,1,0,1,1,False,False,False,False,False,True
ENSPD002970,Male,25.0,5,0.458786936236392,35.0,0.43207126948775054,0.733,0.75,2.0,3.3,17.1,Yes,No,Middle,1.0,Yes,Salle 24,109.0,0.5791666666666667,0.1805171139242208,0.26080000000000003,0.5818364233587374,1,0,1,1,False,False,False,True,False,False
ENSPD003658,Male,23.0,2,0.34681181959564533,42.0,1.0,0.457,0.534,3.0,0.6,10.4,Yes,No,Low,1.0,No,Salle 12,119.0,0.5805555555555555,0.14394870585448863,0.34800000000000003,1.0,1,0,0,1,False,False,False,False,False,False
ENSPD002282,Male,26.0,3,0.7884914463452567,14.0,0.8763919821826281,0.517,0.34700000000000003,0.0,2.9,13.8,Yes,No,High,0.0,Yes,Salle 25,185.0,0.45000000000000007,0.3593740423003199,0.0,0.6476742668343078,1,0,1,1,False,False,True,False,False,False
ENSPD001564,Male,24.0,3,0.9144634525660965,6.0,0.7338530066815144,0.755,0.254,2.0,0.0,3.7,Yes,No,Middle,1.0,No,Salle 1,263.0,0.42361111111111116,0.42638656421940146,0.378,0.5818364233587374,1,0,0,1,False,False,False,True,False,False
ENSPD004597,Female,23.0,3,0.7947122861586314,13.0,0.6670378619153674,0.625,0.529,0.0,0.2,9.7,No,No,Middle,0.0,No,Salle 18,154.0,0.5083333333333333,0.32601691578573044,0.0,0.7508690441401171,0,0,0,0,False,False,False,False,False,True
ENSPD002689,Male,19.0,4,0.6734059097978228,21.0,0.5801781737193764,0.6759999999999999,0.81,2.0,0.5,3.3,Yes,No,Middle,1.0,Yes,Salle 13,121.0,0.7,0.2029003751597774,0.316,0.7508690441401171,1,0,1,1,False,False,False,False,False,True
ENSPD002844,Female,21.0,4,0.7729393468118196,15.0,0.6525612472160356,0.635,0.6900000000000001,2.0,1.7,7.9,Yes,No,High,2.0,Yes,Salle 2,173.0,0.6152777777777778,0.2653533305867264,0.3416,0.6476742668343078,0,0,1,1,False,False,True,False,False,False
ENSPD003469,Female,24.0,1,0.9875583203732504,1.0,0.7505567928730512,0.217,0.6659999999999999,1.0,0.7,10.7,Yes,No,Middle,0.0,Yes,Salle 26,149.0,0.5416666666666667,0.3726901235353801,0.19840000000000002,0.6476742668343078,0,0,1,1,False,False,True,False,False,False
ENSPD003070,Female,22.0,4,0.6625194401244167,22.0,0.7694877505567929,0.5670000000000001,0.637,0.0,0.8,4.3,Yes,No,Low,0.0,Yes,Salle 26,121.0,0.5861111111111111,0.24323366702155177,0.0,0.7508690441401171,0,0,1,1,False,False,False,False,False,True
ENSPD002457,Male,24.0,4,0.5552099533437015,29.0,0.36971046770601335,0.502,0.705,2.0,4.1,24.8,Yes,No,High,3.0,Yes,Salle 4,93.0,0.4194444444444444,0.28876099937600885,0.2856,1.0,1,0,1,1,False,False,False,False,False,False
ENSPD004446,Female,23.0,4,0.6267496111975116,24.0,0.42093541202672613,0.355,0.536,0.0,0.2,4.2,Yes,No,Middle,0.0,Yes,Salle 27,157.0,0.3388888888888889,0.3732707361408828,0.0,0.900740336465212,0,0,1,1,True,False,False,False,False,False
ENSPD001396,Female,20.0,2,0.603421461897356,26.0,0.6113585746102449,0.355,0.953,1.0,12.0,52.5,No,Yes,Low,4.0,Yes,Salle 24,119.0,0.4458333333333333,0.29205545464293603,0.149,1.0,0,1,1,0,False,False,False,False,False,False
ENSPD001143,Female,24.0,2,0.8895800933125974,7.0,0.7728285077951002,0.737,0.9540000000000001,0.0,0.3,3.0,No,No,Low,1.0,No,Salle 24,231.0,0.8222222222222222,0.22050091979267586,0.0,0.9860656366780134,0,0,0,0,False,False,False,False,True,False
ENSPD003702,Female,22.0,3,0.8693623639191289,8.0,0.9454342984409798,0.6,0.813,1.0,1.5,16.6,No,No,Middle,1.0,Yes,Salle 5,130.0,0.7805555555555557,0.22903954455455053,0.1832,1.0,0,0,1,0,False,False,False,False,False,False
ENSPD000665,Male,21.0,2,0.6625194401244167,22.0,0.3574610244988864,0.244,0.49200000000000005,2.0,1.4,11.5,No,Yes,Middle,1.0,Yes,Salle 27,231.0,0.16666666666666674,0.5776729031782019,0.3132,0.9860656366780134,1,1,1,0,False,False,False,False,True,False
ENSPD000759,Female,20.0,2,0.9999999999999999,0.0,0.4576837416481069,0.7320000000000001,0.802,0.0,3.3,16.5,Yes,No,Middle,2.0,Yes,Salle 5,185.0,0.5902777777777778,0.34899207470594196,0.0,0.900740336465212,0,0,1,1,True,False,False,False,False,False
ENSPD002419,Male,24.0,3,0.6485225505443236,23.0,0.5712694877505569,0.616,0.601,1.0,1.1,12.2,Yes,No,Middle,0.0,Yes,Salle 13,212.0,0.6166666666666666,0.226212783871264,0.15480000000000002,0.9860656366780134,1,0,1,1,False,False,False,False,True,False
ENSPD002266,Male,22.0,3,0.9999999999999999,0.0,0.6113585746102449,1.0,0.451,0.0,0.6,6.1,Yes,No,Middle,2.0,Yes,Salle 19,263.0,0.6138888888888889,0.3364925746112476,0.0,0.5818364233587374,1,0,1,1,False,False,False,True,False,False
ENSPD001188,Male,22.0,4,0.4976671850699844,32.0,0.5879732739420935,0.48200000000000004,0.383,0.0,0.9,2.5,Yes,No,Middle,1.0,Yes,Salle 27,121.0,0.3375,0.3174728484375333,0.0,0.7508690441401171,1,0,1,1,False,False,False,False,False,True
ENSPD004782,Male,23.0,3,0.8880248833592533,7.0,0.9320712694877507,0.616,0.585,1.0,1.4,5.4,Yes,Yes,Middle,0.0,No,Salle 11,263.0,0.6347222222222223,0.2919520727910512,0.1856,0.5818364233587374,1,1,0,1,False,False,False,True,False,False
ENSPD002698,Male,22.0,1,0.7278382581648523,18.0,0.6369710467706015,0.49600000000000005,0.8420000000000001,1.0,1.5,11.5,Yes,Yes,Middle,1.0,Yes,Salle 9,248.0,0.6611111111111111,0.2328169659146007,0.165,0.5818364233587374,1,1,1,1,False,False,False,True,False,False
ENSPD003321,Male,23.0,3,0.41990668740279935,37.0,0.7694877505567929,0.45,0.78,2.0,0.4,2.7,No,No,Middle,1.0,No,Salle 26,130.0,0.49722222222222223,0.19943033867803137,0.2508,1.0,1,0,0,0,False,False,False,False,False,False
ENSPD000413,Female,23.0,4,0.5287713841368585,30.0,0.6915367483296213,0.47200000000000003,0.716,1.0,0.9,10.5,Yes,Yes,Low,0.0,Yes,Salle 3,173.0,0.5875,0.19988951316371165,0.1394,0.6476742668343078,0,1,1,1,False,False,True,False,False,False
ENSPD000514,Female,23.0,1,0.42923794712286145,37.0,0.7694877505567929,0.775,0.7270000000000001,1.0,2.4,15.5,No,No,High,2.0,Yes,Salle 12,248.0,0.7277777777777776,0.12603935669302055,0.1266,0.5818364233587374,0,0,1,0,False,False,False,True,False,False
ENSPD000209,Male,22.0,4,0.8600311041990668,9.0,0.5812917594654788,0.642,0.733,1.0,1.0,12.0,Yes,No,Middle,1.0,Yes,Salle 27,70.0,0.5152777777777777,0.344776037579381,0.182,0.0,1,0,1,1,False,True,False,False,False,False
ENSPD004338,Female,24.0,1,0.56298600311042,28.0,0.5356347438752784,0.54,0.5700000000000001,0.0,0.6,9.0,Yes,No,Middle,1.0,Yes,Salle 14,186.0,0.4722222222222222,0.2626860406707675,0.0,0.9860656366780134,0,0,1,1,False,False,False,False,True,False
ENSPD002295,Male,21.0,3,0.5800933125972006,27.0,0.7193763919821826,0.623,0.511,1.0,4.0,18.3,Yes,No,Low,1.0,Yes,Salle 15,263.0,0.4541666666666666,0.27861069959407014,0.146,0.5818364233587374,1,0,1,1,False,False,False,True,False,False
ENSPD003488,Male,19.0,3,0.5940902021772939,26.0,0.7951002227171492,0.518,0.621,2.0,0.0,3.0,Yes,No,Low,2.0,Yes,Salle 30,104.0,0.525,0.24786603924257392,0.29560000000000003,0.0,1,0,1,1,False,True,False,False,False,False
ENSPD004198,Male,23.0,3,0.9999999999999999,0.0,0.623608017817372,0.8300000000000001,0.6940000000000001,2.0,2.7,19.6,Yes,No,Middle,2.0,Yes,Salle 6,188.0,0.6319444444444444,0.3273515324827808,0.4,0.900740336465212,1,0,1,1,True,False,False,False,False,False
ENSPD003312,Female,24.0,3,0.5723172628304821,28.0,0.5679287305122495,0.703,0.46,0.0,4.1,13.1,Yes,No,Middle,0.0,Yes,Salle 16,188.0,0.4375,0.2849622571767928,0.0,0.900740336465212,0,0,1,1,True,False,False,False,False,False
ENSPD001049,Female,18.0,1,0.8569206842923794,9.0,1.0,0.735,0.635,3.0,1.5,8.0,Yes,No,Low,1.0,No,Salle 13,248.0,0.7361111111111112,0.2413951890088418,0.5448,0.5818364233587374,0,0,0,1,False,False,False,True,False,False
ENSPD003405,Female,20.0,1,0.9999999999999999,0.0,0.3452115812917595,0.6829999999999999,0.635,0.0,0.6,8.3,Yes,No,Low,2.0,Yes,Salle 14,143.0,0.5861111111111111,0.3512653243081004,0.0,0.900740336465212,0,0,1,1,True,False,False,False,False,False
ENSPD002515,Female,20.0,1,0.8786936236391912,8.0,0.6948775055679287,1.0,0.435,1.0,6.6,33.0,Yes,No,High,0.0,Yes,Salle 18,83.0,0.6138888888888889,0.29881319347308233,0.1844,0.0,0,0,1,1,False,True,False,False,False,False
ENSPD004920,Male,22.0,2,0.5894245723172628,26.0,0.8340757238307349,0.8200000000000001,0.526,3.0,0.5,7.3,Yes,No,Middle,0.0,No,Salle 7,185.0,0.638888888888889,0.1997142444172311,0.4416,0.900740336465212,1,0,0,1,True,False,False,False,False,False
ENSPD004004,Male,20.0,2,0.8102643856920683,12.0,0.455456570155902,0.35000000000000003,0.636,1.0,0.8,0.2,No,No,Low,0.0,Yes,Salle 15,185.0,0.34305555555555556,0.4502225093827059,0.1756,0.900740336465212,1,0,1,0,True,False,False,False,False,False
ENSPD001982,Female,22.0,4,0.7200622083981337,18.0,0.6302895322939867,0.616,0.6900000000000001,2.0,1.0,6.4,No,No,Middle,1.0,No,Salle 22,121.0,0.6111111111111112,0.25071907479055466,0.328,0.7508690441401171,0,0,0,0,False,False,False,False,False,True
ENSPD003770,Male,19.0,4,0.7542768273716952,16.0,0.5601336302895323,0.993,0.33799999999999997,1.0,0.3,6.5,Yes,No,Middle,2.0,Yes,Salle 19,157.0,0.4986111111111111,0.3172907769788562,0.16840000000000002,0.900740336465212,1,0,1,1,True,False,False,False,False,False
ENSPD002946,Male,26.0,4,0.457231726283048,35.0,0.7149220489977729,0.792,0.49700000000000005,0.0,2.5,20.8,Yes,No,Middle,2.0,No,Salle 22,230.0,0.5819444444444444,0.17901208250657988,0.0,0.5818364233587374,1,0,0,1,False,False,False,True,False,False
ENSPD000024,Male,23.0,3,0.5334370139968895,30.0,0.7082405345211581,0.439,0.667,1.0,2.1,15.0,Yes,Yes,Low,1.0,Yes,Salle 11,104.0,0.5111111111111111,0.2332768270212607,0.14,0.0,1,1,1,1,False,True,False,False,False,False
ENSPD000698,Female,17.0,4,0.8958009331259719,7.0,0.6625835189309577,0.42600000000000005,0.756,1.0,1.0,12.0,Yes,No,Low,0.0,Yes,Salle 6,230.0,0.5861111111111111,0.3179099278187052,0.1866,0.5818364233587374,0,0,1,1,False,False,False,True,False,False
ENSPD001005,Female,21.0,3,0.7231726283048211,0.0,0.6982182628062361,0.624,0.635,2.0,2.2,12.2,Yes,No,Low,0.0,Yes,Salle 3,130.0,0.7055555555555555,0.21509081451446796,0.32880000000000004,1.0,0,0,1,1,False,False,False,False,False,False
ENSPD000608,Male,22.0,4,0.583203732503888,27.0,0.7917594654788419,0.267,0.9,1.0,1.7,10.4,No,Yes,Middle,1.0,Yes,Salle 26,178.0,0.5888888888888888,0.21673270146900073,0.1464,0.9860656366780134,1,1,1,0,False,False,False,False,True,False
ENSPD001828,Female,19.0,3,0.7838258164852253,14.0,0.9097995545657016,0.645,0.8270000000000001,0.0,2.8,14.4,Yes,No,High,1.0,Yes,Salle 2,130.0,0.7444444444444445,0.2184388230884475,0.0,1.0,0,0,1,1,False,False,False,False,False,False
ENSPD001468,Male,24.0,2,0.7822706065318817,14.0,0.4510022271714923,0.789,0.5810000000000001,2.0,0.1,3.8,Yes,No,Middle,1.0,Yes,Salle 3,231.0,0.5263888888888889,0.31169871572895924,0.34400000000000003,0.9860656366780134,1,0,1,1,False,False,False,False,True,False
ENSPD004524,Female,21.0,5,0.5909797822706065,26.0,0.5634743875278396,0.8009999999999999,0.623,2.0,0.8,7.2,No,No,Middle,2.0,Yes,Salle 4,80.0,0.5958333333333332,0.21644737194371902,0.2948,0.900740336465212,0,0,1,0,True,False,False,False,False,False
ENSPD004091,Female,25.0,3,0.6998444790046657,19.0,0.6113585746102449,0.49200000000000005,0.35000000000000003,0.0,2.2,11.3,Yes,No,Middle,1.0,Yes,Salle 21,154.0,0.35,0.3962952861328458,0.0,0.7508690441401171,0,0,1,1,False,False,False,False,False,True
ENSPD003344,Male,20.0,3,0.6267496111975116,24.0,0.48106904231625836,0.893,0.794,0.0,3.0,15.9,Yes,No,Middle,1.0,Yes,Salle 8,185.0,0.7,0.18962910467245978,0.0,0.6476742668343078,1,0,1,1,False,False,True,False,False,False
ENSPD001624,Female,23.0,2,0.4650077760497665,34.0,0.3997772828507795,0.841,0.7590000000000001,1.0,0.1,7.1,Yes,No,Middle,1.0,Yes,Salle 16,231.0,0.5722222222222223,0.18507894835368446,0.13119999999999998,0.9860656366780134,0,0,1,1,False,False,False,False,True,False
ENSPD001871,Female,22.0,2,0.8538102643856921,9.0,0.5812917594654788,0.742,0.883,0.0,2.4,19.0,Yes,No,Middle,0.0,No,Salle 30,298.0,0.6819444444444445,0.2614224551694817,0.0,0.5818364233587374,0,0,0,1,False,False,False,True,False,False
ENSPD000246,Female,21.0,3,0.7325038880248832,17.0,0.6347438752783965,0.5710000000000001,0.489,1.0,1.1,2.7,No,Yes,Middle,1.0,No,Salle 18,185.0,0.4819444444444444,0.3190319971268054,0.1656,0.6476742668343078,0,1,0,0,False,False,True,False,False,False
ENSPD002389,Female,25.0,4,0.9999999999999999,0.0,0.3374164810690423,0.6920000000000001,0.454,1.0,0.7,14.1,Yes,Yes,Middle,0.0,No,Salle 12,173.0,0.3638888888888888,0.5125095794886767,0.2,0.6476742668343078,0,1,0,1,False,False,True,False,False,False
ENSPD002387,Male,25.0,5,0.8413685847589424,10.0,0.8864142538975501,0.7190000000000001,0.6950000000000001,1.0,0.1,3.1,No,Yes,Middle,3.0,Yes,Salle 10,40.0,0.7097222222222221,0.24693432015434577,0.1796,0.0,1,1,1,0,False,True,False,False,False,False
ENSPD001207,Female,23.0,4,0.5738724727838257,27.0,0.6692650334075724,0.408,0.7120000000000001,1.0,5.8,20.0,Yes,No,High,1.0,Yes,Salle 18,157.0,0.5,0.25270947263946353,0.1452,0.900740336465212,0,0,1,1,True,False,False,False,False,False
ENSPD001593,Male,22.0,1,0.8289269051321929,11.0,0.7461024498886415,0.7540000000000001,0.836,2.0,3.2,20.1,Yes,No,High,1.0,Yes,Salle 25,121.0,0.7305555555555554,0.23571087916497505,0.356,0.7508690441401171,1,0,1,1,False,False,False,False,False,True
ENSPD001862,Female,26.0,1,0.5956454121306377,26.0,0.6113585746102449,0.564,0.657,0.0,1.9,12.7,Yes,Yes,High,0.0,Yes,Salle 15,248.0,0.6000000000000001,0.21627823685131362,0.0,0.5818364233587374,0,1,1,1,False,False,False,True,False,False
ENSPD003512,Male,24.0,5,0.8615863141524104,9.0,0.8986636971046771,0.617,0.46,3.0,1.4,4.8,Yes,No,Middle,1.0,Yes,Salle 30,70.0,0.5263888888888889,0.33887549669814043,0.5466,0.6476742668343078,1,0,1,1,False,False,True,False,False,False
ENSPD004594,Male,23.0,3,0.7231726283048211,3.0,0.31069042316258355,0.58,0.312,0.0,0.9,11.5,No,No,High,1.0,No,Salle 20,185.0,0.1958333333333333,0.5709402445533306,0.0,0.6476742668343078,1,0,0,0,False,False,True,False,False,False
ENSPD000590,Male,24.0,3,0.6998444790046657,19.0,0.7227171492204899,0.531,0.37700000000000006,1.0,0.2,4.1,Yes,No,Low,2.0,Yes,Salle 20,188.0,0.37083333333333335,0.3799765008117877,0.16140000000000002,0.900740336465212,1,0,1,1,True,False,False,False,False,False
ENSPD004644,Male,23.0,2,0.4339035769828927,36.0,0.5300668151447662,0.538,0.888,1.0,1.6,5.3,Yes,No,High,1.0,Yes,Salle 28,231.0,0.5833333333333334,0.17102218081830925,0.1272,0.9860656366780134,1,0,1,1,False,False,False,False,True,False
ENSPD004003,Female,23.0,2,0.8413685847589424,10.0,0.6291759465478842,0.605,0.401,2.0,2.4,18.0,Yes,No,Low,3.0,Yes,Salle 22,231.0,0.4041666666666667,0.4124646165895961,0.3592,0.9860656366780134,0,0,1,1,False,False,False,False,True,False
ENSPD004216,Female,20.0,2,0.7916018662519438,13.0,0.623608017817372,0.519,0.569,0.0,0.0,11.9,No,No,Low,0.0,No,Salle 28,185.0,0.4722222222222222,0.34636000574242587,0.0,0.900740336465212,0,0,0,0,True,False,False,False,False,False
ENSPD001103,Female,24.0,2,0.6780715396578537,21.0,0.5378619153674833,0.542,0.387,1.0,0.8,7.3,Yes,No,Middle,1.0,No,Salle 10,185.0,0.3680555555555556,0.3729239190804482,0.1586,0.900740336465212,0,0,0,1,True,False,False,False,False,False
ENSPD004741,Female,19.0,2,0.5241057542768274,31.0,0.41202672605790647,0.8009999999999999,0.81,1.0,0.5,8.5,No,Yes,Low,0.0,No,Salle 13,298.0,0.7027777777777777,0.15960030775120135,0.1388,0.5818364233587374,0,1,0,0,False,False,False,True,False,False
ENSPD004608,Male,21.0,2,0.7231726283048211,42.0,0.7360801781737194,0.616,0.5770000000000001,1.0,1.6,16.0,No,No,Low,1.0,Yes,Salle 1,231.0,0.5527777777777778,0.27823905079878963,0.16440000000000002,0.9860656366780134,1,0,1,0,False,False,False,False,True,False
ENSPD002117,Male,27.0,2,0.458786936236392,35.0,0.38641425389755013,0.77,0.7270000000000001,2.0,0.8,18.0,Yes,No,Middle,2.0,No,Salle 16,161.0,0.5888888888888888,0.17702678717298,0.26080000000000003,0.7508690441401171,1,0,0,1,False,False,False,False,False,True
ENSPD000531,Female,25.0,3,0.6656298600311042,22.0,0.3140311804008909,0.37200000000000005,0.752,1.0,1.7,11.5,Yes,No,Middle,0.0,No,Salle 19,154.0,0.36944444444444435,0.36665040887774314,0.157,0.7508690441401171,0,0,0,1,False,False,False,False,False,True
ENSPD002235,Female,22.0,1,0.5598755832037324,28.0,0.45322939866369716,0.578,0.927,0.0,0.2,3.1,No,No,Middle,1.0,Yes,Salle 22,248.0,0.5388888888888889,0.22995092508898515,0.0,0.5818364233587374,0,0,1,0,False,False,False,True,False,False
ENSPD002576,Female,22.0,3,0.7076205287713843,19.0,0.7516703786191538,0.51,0.895,2.0,0.3,0.7,No,No,Middle,0.0,Yes,Salle 5,263.0,0.7222222222222223,0.20498989535920945,0.32480000000000003,0.5818364233587374,0,0,1,0,False,False,False,True,False,False
ENSPD004045,Male,22.0,5,0.7744945567651632,14.0,0.6469933184855233,0.531,0.424,1.0,0.3,0.0,Yes,No,High,3.0,Yes,Salle 22,60.0,0.4625,0.34612829060665284,0.171,0.7508690441401171,1,0,1,1,False,False,False,False,False,True
ENSPD001848,Male,22.0,2,0.7278382581648523,18.0,0.7060133630289532,0.563,0.49600000000000005,3.0,0.3,3.3,Yes,No,Low,1.0,Yes,Salle 7,185.0,0.461111111111111,0.3296833436982274,0.495,0.900740336465212,1,0,1,1,True,False,False,False,False,False
ENSPD004796,Male,22.0,4,0.9999999999999999,0.0,0.5846325167037862,0.778,0.359,2.0,2.4,12.6,Yes,No,Middle,1.0,Yes,Salle 11,178.0,0.46944444444444444,0.4246314623954548,0.4,0.9860656366780134,1,0,1,1,False,False,False,False,True,False
ENSPD003839,Female,21.0,3,0.8304821150855365,11.0,0.5868596881959911,0.7709999999999999,0.878,1.0,1.4,16.9,Yes,No,Low,2.0,Yes,Salle 19,185.0,0.6930555555555555,0.2502763292538095,0.1782,0.6476742668343078,0,0,1,1,False,False,True,False,False,False
ENSPD002770,Female,25.0,4,0.7231726283048211,26.0,0.6492204899777283,0.616,0.494,2.0,0.0,0.0,No,Yes,Middle,1.0,No,Salle 26,178.0,0.3375,0.4168630155020572,0.32880000000000004,0.9860656366780134,0,1,0,0,False,False,False,False,True,False
ENSPD001252,Male,21.0,1,0.29393468118195953,45.0,0.6748329621380846,0.626,0.604,0.0,15.0,62.7,Yes,No,Low,0.0,No,Salle 3,248.0,0.5513888888888888,0.13604889301001324,0.0,0.5818364233587374,1,0,0,1,False,False,False,True,False,False
ENSPD002601,Female,18.0,3,0.9999999999999999,0.0,0.6158129175946548,0.636,0.22399999999999998,0.0,1.3,9.2,Yes,No,Middle,1.0,Yes,Salle 22,212.0,0.3486111111111111,0.5275198164060416,0.0,0.9860656366780134,0,0,1,1,False,False,False,False,True,False
ENSPD004380,Male,19.0,2,0.4867807153965785,33.0,0.46325167037861914,0.9540000000000001,0.5720000000000001,3.0,1.3,10.8,Yes,No,Middle,2.0,Yes,Salle 25,298.0,0.5472222222222223,0.20189689484365406,0.402,0.5818364233587374,1,0,1,1,False,False,False,True,False,False
ENSPD004986,Male,21.0,1,0.6267496111975116,24.0,0.5857461024498887,0.642,0.7959999999999999,1.0,1.9,15.8,Yes,No,Middle,1.0,No,Salle 30,248.0,0.5791666666666667,0.23469825050779655,0.152,0.5818364233587374,1,0,0,1,False,False,False,True,False,False
ENSPD002441,Male,21.0,2,0.44012441679626746,36.0,0.4654788418708241,0.474,0.5910000000000001,1.0,0.1,4.1,No,No,Low,2.0,No,Salle 24,298.0,0.38055555555555554,0.2652351050459767,0.128,0.5818364233587374,1,0,0,0,False,False,False,True,False,False
ENSPD003214,Female,18.0,3,0.8289269051321929,11.0,0.6102449888641426,0.647,0.589,1.0,3.6,19.9,Yes,Yes,Middle,1.0,Yes,Salle 29,263.0,0.49583333333333335,0.3453994048583854,0.178,0.5818364233587374,0,1,1,1,False,False,False,True,False,False
ENSPD001238,Male,22.0,5,0.6531881804043546,22.0,0.6792873051224945,0.6779999999999999,0.9990000000000001,0.0,1.4,15.2,Yes,Yes,High,0.0,Yes,Salle 26,80.0,0.7305555555555554,0.18717327897844052,0.0,0.900740336465212,1,1,1,1,True,False,False,False,False,False
ENSPD001060,Female,21.0,4,0.44167962674961103,36.0,0.7204899777282852,0.658,0.359,1.0,2.7,17.5,Yes,Yes,Middle,0.0,Yes,Salle 24,157.0,0.3763888888888889,0.2683385300850899,0.12819999999999998,0.900740336465212,0,1,1,1,True,False,False,False,False,False
ENSPD002484,Male,23.0,4,0.9875583203732504,1.0,0.4131403118040089,0.616,0.836,1.0,0.5,2.0,No,No,High,1.0,Yes,Salle 15,230.0,0.5569444444444444,0.3636665358351181,0.19840000000000002,0.5818364233587374,1,0,1,0,False,False,False,True,False,False
ENSPD001457,Female,18.0,2,0.5520995334370139,29.0,0.5913140311804008,0.623,1.0,1.0,1.1,5.1,Yes,Yes,Middle,1.0,Yes,Salle 18,119.0,0.7361111111111112,0.15764801471777093,0.1424,1.0,0,1,1,1,False,False,False,False,False,False
ENSPD000421,Female,23.0,4,0.5645412130637636,28.0,0.7561247216035635,0.6890000000000001,0.881,2.0,2.5,7.2,Yes,No,Low,1.0,Yes,Salle 29,178.0,0.7291666666666667,0.16309825246564555,0.28800000000000003,0.9860656366780134,0,0,1,1,False,False,False,False,True,False
ENSPD002892,Female,22.0,2,0.625194401244168,24.0,0.576837416481069,0.648,0.745,0.0,1.4,4.7,No,Yes,Middle,1.0,Yes,Salle 30,161.0,0.6055555555555555,0.2233662055291206,0.0,0.7508690441401171,0,1,1,0,False,False,False,False,False,True
ENSPD003625,Male,21.0,2,0.5505443234836701,29.0,0.4398663697104678,0.616,0.6940000000000001,2.0,1.0,6.0,No,No,Middle,1.0,Yes,Salle 13,298.0,0.4819444444444444,0.2532395042022063,0.2844,0.5818364233587374,1,0,1,0,False,False,False,True,False,False
ENSPD001972,Female,23.0,2,0.7838258164852253,14.0,0.5991091314031181,0.616,0.585,0.0,3.2,18.3,Yes,No,Middle,2.0,No,Salle 28,298.0,0.3486111111111111,0.43382044033239897,0.0,0.5818364233587374,0,0,0,1,False,False,False,True,False,False
ENSPD002242,Male,26.0,2,0.9999999999999999,0.0,0.522271714922049,0.807,0.608,1.0,1.4,20.1,Yes,No,Low,0.0,Yes,Salle 13,185.0,0.5541666666666667,0.3694116922546298,0.2,0.900740336465212,1,0,1,1,True,False,False,False,False,False
ENSPD002537,Female,22.0,2,0.8164852255054432,12.0,0.2048997772828508,0.521,0.45,2.0,0.4,8.5,No,No,Middle,1.0,Yes,Salle 11,177.0,0.2513888888888889,0.5487481105946923,0.3528,0.6476742668343078,0,0,1,0,False,False,True,False,False,False
ENSPD000240,Male,21.0,4,0.8087091757387247,12.0,0.5902004454342985,0.61,0.493,2.0,1.4,8.0,No,No,Low,2.0,No,Salle 2,178.0,0.4041666666666667,0.3993912739954838,0.3508,0.9860656366780134,1,0,0,0,False,False,False,False,True,False
ENSPD004056,Male,20.0,4,0.8678071539657853,8.0,0.4242761692650334,0.41100000000000003,0.433,1.0,4.8,24.4,Yes,No,Low,1.0,Yes,Salle 20,93.0,0.29027777777777775,0.5289642950087372,0.183,1.0,1,0,1,1,False,False,False,False,False,False
ENSPD001663,Female,23.0,4,0.5769828926905131,27.0,0.5913140311804008,0.757,0.461,1.0,2.3,16.3,Yes,No,Middle,1.0,No,Salle 21,178.0,0.5333333333333333,0.23820998766571475,0.1456,0.9860656366780134,0,0,0,1,False,False,False,False,True,False
ENSPD001819,Female,22.0,2,0.9595645412130639,3.0,0.5590200445434298,0.743,0.42700000000000005,0.0,1.3,4.6,No,No,Low,0.0,Yes,Salle 14,71.0,0.4722222222222222,0.40783475559099125,0.0,0.0,0,0,1,0,False,True,False,False,False,False
ENSPD003077,Female,25.0,2,0.6982892690513217,19.0,0.5412026726057906,0.307,0.488,3.0,0.0,11.5,Yes,No,Middle,2.0,Yes,Salle 12,119.0,0.25694444444444453,0.48273846776468066,0.4836,1.0,0,0,1,1,False,False,False,False,False,False
ENSPD002850,Male,21.0,4,0.645412130637636,23.0,0.6069042316258353,0.761,0.863,1.0,0.3,2.1,No,No,Middle,1.0,Yes,Salle 11,230.0,0.6708333333333333,0.20496809338248947,0.1544,0.5818364233587374,1,0,1,0,False,False,False,True,False,False
ENSPD002585,Female,21.0,4,0.9999999999999999,0.0,0.2828507795100223,0.616,0.701,1.0,0.0,10.5,Yes,Yes,Middle,0.0,Yes,Salle 23,121.0,0.4888888888888888,0.41093812522943285,0.2,0.7508690441401171,0,1,1,1,False,False,False,False,False,True
ENSPD000829,Female,22.0,3,0.8367029548989114,10.0,0.45322939866369716,0.9279999999999999,0.617,2.0,1.2,7.9,Yes,Yes,Middle,2.0,No,Salle 7,185.0,0.575,0.3045098152747526,0.358,0.6476742668343078,0,1,0,1,False,False,True,False,False,False
ENSPD003740,Male,20.0,3,0.41213063763608093,38.0,0.6403118040089087,0.616,0.621,1.0,1.6,3.9,Yes,No,Low,0.0,No,Salle 11,263.0,0.5277777777777778,0.1843321527452407,0.12440000000000001,0.5818364233587374,1,0,0,1,False,False,False,True,False,False
ENSPD001228,Male,20.0,3,0.37636080870917565,40.0,0.6057906458797326,0.643,0.227,1.0,3.4,17.2,Yes,Yes,Middle,1.0,Yes,Salle 18,154.0,0.3305555555555556,0.26837570922165677,0.1198,0.7508690441401171,1,1,1,1,False,False,False,False,False,True
ENSPD000988,Male,22.0,2,0.687402799377916,20.0,0.6547884187082406,0.528,0.635,2.0,6.2,29.4,No,No,Middle,0.0,Yes,Salle 7,119.0,0.4083333333333333,0.34799620825297406,0.31960000000000005,1.0,1,0,1,0,False,False,False,False,False,False
ENSPD002451,Male,19.0,4,0.880248833592535,8.0,0.4064587973273942,0.679,0.457,1.0,1.4,12.2,No,No,Low,1.0,Yes,Salle 11,93.0,0.3902777777777777,0.43922898560392165,0.1846,1.0,1,0,1,0,False,False,False,False,False,False
ENSPD001971,Male,25.0,2,0.7807153965785382,14.0,0.3964365256124721,0.365,0.47700000000000004,1.0,1.6,11.5,Yes,No,High,0.0,Yes,Salle 27,177.0,0.1972222222222222,0.6012323743546818,0.1718,0.6476742668343078,1,0,1,1,False,False,True,False,False,False
ENSPD000256,Male,19.0,4,0.5396578538102644,30.0,0.8608017817371938,0.159,0.644,1.0,0.3,14.6,No,Yes,Low,1.0,Yes,Salle 11,121.0,0.475,0.2527516293127955,0.1408,0.7508690441401171,1,1,1,0,False,False,False,False,False,True
ENSPD002544,Female,27.0,1,0.5972006220839813,26.0,0.6815144766146994,0.621,0.488,1.0,0.5,12.0,Yes,Yes,High,2.0,No,Salle 21,143.0,0.4541666666666666,0.28501762870813885,0.1482,0.900740336465212,0,1,0,1,True,False,False,False,False,False
ENSPD004757,Male,22.0,1,0.9906687402799378,1.0,0.4855233853006682,0.518,0.6890000000000001,1.0,1.2,14.0,Yes,No,Low,1.0,No,Salle 28,96.0,0.48611111111111116,0.4094974000439551,0.1988,1.0,1,0,0,1,False,False,False,False,False,False
ENSPD004916,Female,22.0,1,0.6080870917573872,25.0,0.4888641425389756,0.643,0.549,1.0,3.9,22.8,Yes,Yes,Middle,1.0,Yes,Salle 29,83.0,0.4041666666666667,0.31908359806022235,0.1496,0.0,0,1,1,1,False,True,False,False,False,False
ENSPD001350,Male,23.0,4,0.9999999999999999,0.0,0.5423162583518931,0.616,0.18600000000000003,1.0,2.5,17.4,Yes,No,Middle,0.0,Yes,Salle 2,230.0,0.18333333333333335,0.7478973697603677,0.2,0.5818364233587374,1,0,1,1,False,False,False,True,False,False
ENSPD000160,Female,20.0,4,0.7293934681181958,17.0,0.44543429844098004,0.5970000000000001,0.29100000000000004,1.0,0.6,13.2,Yes,No,Middle,0.0,No,Salle 17,178.0,0.3569444444444444,0.40339512903261887,0.16519999999999999,0.9860656366780134,0,0,0,1,False,False,False,False,True,False
ENSPD002879,Female,26.0,1,0.5800933125972006,27.0,0.6915367483296213,0.5910000000000001,0.358,1.0,1.4,9.7,Yes,Yes,Middle,0.0,Yes,Salle 20,149.0,0.4555555555555555,0.27785143702619974,0.146,0.6476742668343078,0,1,1,1,False,False,True,False,False,False
ENSPD003014,Male,18.0,5,0.7107309486780716,19.0,0.7115812917594654,0.605,0.836,1.0,1.2,2.6,Yes,No,Low,0.0,Yes,Salle 10,40.0,0.6958333333333333,0.21499117227308265,0.16280000000000003,0.0,1,0,1,1,False,True,False,False,False,False
ENSPD001124,Female,22.0,1,0.7153965785381026,18.0,0.2048997772828508,0.625,0.0,2.0,2.6,16.0,No,No,Low,0.0,Yes,Salle 3,248.0,0.0,1.0,0.32680000000000003,0.5818364233587374,0,0,1,0,False,False,False,True,False,False
ENSPD004072,Female,22.0,4,0.7371695178849144,17.0,0.4164810690423163,0.628,0.554,2.0,1.5,5.9,No,No,Middle,1.0,No,Salle 23,93.0,0.34444444444444444,0.41709863997907204,0.3324,1.0,0,0,0,0,False,False,False,False,False,False
ENSPD000702,Male,25.0,1,0.5163297045101088,31.0,0.4933184855233853,0.307,0.34600000000000003,0.0,5.9,32.3,Yes,Yes,Low,1.0,Yes,Salle 1,83.0,0.2333333333333334,0.4142497174198193,0.0,0.0,1,1,1,1,False,True,False,False,False,False
ENSPD001378,Male,23.0,4,0.8055987558320373,12.0,0.4020044543429844,0.189,0.5910000000000001,0.0,4.4,19.5,Yes,No,High,1.0,Yes,Salle 9,230.0,0.22777777777777786,0.5728425416210088,0.0,0.5818364233587374,1,0,1,1,False,False,False,True,False,False
ENSPD003715,Other,25.0,3,0.49144634525660946,33.0,0.6425389755011137,0.789,0.7490000000000001,3.0,5.4,24.4,Yes,No,Middle,1.0,Yes,Salle 29,212.0,0.7305555555555554,0.14250150535543535,0.40379999999999994,0.9860656366780134,2,0,1,1,False,False,False,False,True,False
ENSPD001563,Female,21.0,1,0.8180404354587868,12.0,0.8262806236080179,1.0,0.637,0.0,0.8,9.9,Yes,No,High,1.0,Yes,Salle 29,248.0,0.7749999999999999,0.217340864755908,0.0,0.5818364233587374,0,0,1,1,False,False,False,True,False,False
ENSPD002196,Male,21.0,2,0.45412130637636083,35.0,0.45322939866369716,0.772,0.725,1.0,3.1,16.2,Yes,No,Middle,0.0,Yes,Salle 25,161.0,0.6124999999999999,0.1674012015805069,0.12980000000000003,0.7508690441401171,1,0,1,1,False,False,False,False,False,True
ENSPD000816,Male,25.0,3,0.6889580093312596,20.0,0.5957683741648108,0.405,0.313,1.0,0.8,12.0,Yes,No,Middle,2.0,Yes,Salle 22,188.0,0.1791666666666667,0.574949251409008,0.16,0.900740336465212,1,0,1,1,True,False,False,False,False,False
ENSPD000739,Male,22.0,2,0.7884914463452567,14.0,0.7438752783964365,0.828,0.669,2.0,0.1,2.0,Yes,No,Low,1.0,Yes,Salle 27,71.0,0.6583333333333332,0.2518775015831355,0.3456,0.0,1,0,1,1,False,True,False,False,False,False
ENSPD003927,Female,20.0,4,0.2441679626749611,49.0,0.9966592427616927,0.43,0.77,0.0,1.4,11.6,No,No,Middle,0.0,No,Salle 26,93.0,0.6638888888888889,0.08913131737188282,0.0,1.0,0,0,0,0,False,False,False,False,False,False
ENSPD003902,Male,21.0,4,0.6702954898911352,21.0,0.9053452115812917,0.494,0.28600000000000003,2.0,5.5,11.5,Yes,No,Low,2.0,Yes,Salle 24,70.0,0.3680555555555556,0.3696483810387077,0.3152,0.0,1,0,1,1,False,True,False,False,False,False
ENSPD003553,Female,20.0,2,0.8942457231726283,7.0,0.4031180400890869,0.7240000000000001,0.635,0.0,0.3,11.5,Yes,No,Middle,1.0,Yes,Salle 11,119.0,0.3055555555555556,0.524769732869889,0.0,1.0,0,0,1,1,False,False,False,False,False,False
ENSPD002928,Other,19.0,3,0.6189735614307931,24.0,0.3006681514476615,0.619,0.6659999999999999,2.0,2.6,18.6,Yes,No,Middle,1.0,Yes,Salle 3,104.0,0.45833333333333337,0.29082449160174606,0.302,0.0,2,0,1,1,False,True,False,False,False,False
ENSPD004543,Male,26.0,1,0.864696734059098,9.0,0.779510022271715,0.583,0.807,2.0,0.7,8.8,No,No,Middle,2.0,Yes,Salle 7,143.0,0.7013888888888888,0.2567645665950993,0.36519999999999997,0.900740336465212,1,0,1,0,True,False,False,False,False,False
ENSPD000077,Female,21.0,1,0.9999999999999999,0.0,0.8184855233853007,0.635,0.325,0.0,1.6,19.5,Yes,No,High,1.0,No,Salle 17,186.0,0.4361111111111111,0.449739496334718,0.0,0.9860656366780134,0,0,0,1,False,False,False,False,True,False
ENSPD002939,Female,22.0,2,0.7402799377916017,17.0,0.6514476614699333,0.664,0.8140000000000001,1.0,3.3,19.4,No,No,High,1.0,No,Salle 26,177.0,0.6444444444444444,0.24310062670420166,0.1666,0.6476742668343078,0,0,0,0,False,False,True,False,False,False
ENSPD002738,Male,21.0,5,0.9999999999999999,0.0,0.6169265033407572,0.599,0.529,2.0,1.6,3.5,No,Yes,Middle,0.0,Yes,Salle 26,40.0,0.5833333333333334,0.35279244597157156,0.4,0.0,1,1,1,0,False,True,False,False,False,False
ENSPD004096,Male,19.0,5,0.8102643856920683,12.0,0.601336302895323,0.7959999999999999,0.767,0.0,1.8,13.4,No,No,Low,0.0,Yes,Salle 22,70.0,0.6916666666666667,0.2450218116645879,0.0,0.6476742668343078,1,0,1,0,False,False,True,False,False,False
ENSPD004836,Male,24.0,3,0.6671850699844478,21.0,0.7082405345211581,0.737,0.636,0.0,2.0,19.0,No,No,High,0.0,Yes,Salle 17,263.0,0.6069444444444445,0.23595357008309423,0.0,0.5818364233587374,1,0,1,0,False,False,False,True,False,False
ENSPD002636,Female,20.0,4,0.7309486780715396,17.0,0.6124721603563474,0.674,0.392,4.0,1.2,11.5,No,No,Middle,1.0,No,Salle 23,173.0,0.4569444444444445,0.33339093014577525,0.6616000000000001,0.6476742668343078,0,0,0,0,False,False,True,False,False,False
ENSPD002894,Female,20.0,1,0.9999999999999999,0.0,0.46659242761692654,0.624,0.47600000000000003,1.0,1.5,16.9,No,No,Middle,0.0,Yes,Salle 16,248.0,0.4208333333333333,0.4620001950101339,0.2,0.5818364233587374,0,0,1,0,False,False,False,True,False,False
ENSPD002492,Male,19.0,1,0.9160186625194401,5.0,0.35077951002227176,0.254,0.615,0.0,1.5,16.1,Yes,Yes,High,1.0,Yes,Salle 10,248.0,0.3111111111111111,0.5288768702744614,0.0,0.5818364233587374,1,1,1,1,False,False,False,True,False,False
ENSPD004199,Male,21.0,2,0.6314152410575428,24.0,0.4409799554565701,0.45799999999999996,0.631,4.0,2.2,15.7,No,No,Middle,1.0,Yes,Salle 15,298.0,0.3916666666666666,0.3367387858986969,0.6103999999999999,0.5818364233587374,1,0,1,0,False,False,False,True,False,False
ENSPD004260,Male,24.0,2,0.5038880248833592,32.0,0.8808463251670379,0.7240000000000001,0.418,1.0,1.0,11.5,Yes,No,Middle,0.0,Yes,Salle 4,231.0,0.5597222222222222,0.20259801950931663,0.1362,0.9860656366780134,1,0,1,1,False,False,False,False,True,False
ENSPD003511,Male,20.0,3,0.7838258164852253,14.0,0.4721603563474388,0.616,0.7340000000000001,1.0,0.7,12.2,No,No,Low,2.0,Yes,Salle 28,154.0,0.5777777777777777,0.28603422699558323,0.1722,0.7508690441401171,1,0,1,0,False,False,False,False,False,True
ENSPD002081,Male,27.0,5,0.7231726283048211,5.0,0.7204899777282852,0.6950000000000001,0.735,3.0,0.2,7.1,Yes,No,Low,0.0,Yes,Salle 26,67.0,0.6513888888888888,0.23521209827078735,0.4932000000000001,0.9860656366780134,1,0,1,1,False,False,False,False,True,False
ENSPD002887,Male,22.0,2,0.405909797822706,38.0,0.5066815144766148,0.552,0.736,2.0,1.8,20.1,No,No,Middle,1.0,Yes,Salle 21,161.0,0.41388888888888886,0.23307204602736828,0.2472,0.7508690441401171,1,0,1,0,False,False,False,False,False,True
ENSPD002429,Male,21.0,1,0.8662519440124418,9.0,0.6124721603563474,0.36200000000000004,0.6990000000000001,1.0,2.9,18.7,Yes,No,Middle,2.0,Yes,Salle 11,248.0,0.5097222222222222,0.3502314022698292,0.18280000000000002,0.5818364233587374,1,0,1,1,False,False,False,True,False,False
ENSPD001214,Female,22.0,4,0.609642301710731,25.0,0.7739420935412027,0.616,0.5750000000000001,1.0,3.5,23.2,No,No,Middle,0.0,Yes,Salle 13,157.0,0.5805555555555555,0.22860171501448703,0.14980000000000002,0.900740336465212,0,0,1,0,True,False,False,False,False,False
ENSPD000327,Male,20.0,1,0.5800933125972006,27.0,0.3574610244988864,0.8029999999999999,0.7220000000000001,2.0,0.8,0.9,No,Yes,Middle,3.0,Yes,Salle 27,248.0,0.5652777777777778,0.2253791443647474,0.292,0.5818364233587374,1,1,1,0,False,False,False,True,False,False
ENSPD004509,Female,18.0,4,0.9999999999999999,0.0,0.534521158129176,0.642,0.705,1.0,1.4,8.2,Yes,No,Middle,1.0,Yes,Salle 9,93.0,0.5555555555555556,0.36859525550629024,0.2,1.0,0,0,1,1,False,False,False,False,False,False
ENSPD001195,Male,23.0,4,0.9237947122861586,5.0,0.6737193763919822,0.614,0.61,1.0,0.2,2.1,Yes,No,Middle,1.0,Yes,Salle 28,173.0,0.625,0.3074333549604952,0.19019999999999998,0.6476742668343078,1,0,1,1,False,False,True,False,False,False
ENSPD003766,Male,22.0,1,0.7091757387247278,19.0,0.556792873051225,0.494,1.0,0.0,1.0,6.2,Yes,Yes,High,0.0,Yes,Salle 10,248.0,0.6722222222222222,0.2231211437990023,0.0,0.5818364233587374,1,1,1,1,False,False,False,True,False,False
ENSPD003571,Male,22.0,3,0.5178849144634526,31.0,0.7984409799554566,0.765,0.6659999999999999,0.0,1.4,15.3,Yes,No,Middle,3.0,Yes,Salle 20,263.0,0.6638888888888889,0.16984057959215323,0.0,0.5818364233587374,1,0,1,1,False,False,False,True,False,False
ENSPD005000,Female,26.0,2,0.8180404354587868,12.0,0.7728285077951002,0.5670000000000001,0.5529999999999999,0.0,1.0,9.5,Yes,No,Middle,1.0,Yes,Salle 25,161.0,0.5888888888888888,0.2916776147027397,0.0,0.7508690441401171,0,0,1,1,False,False,False,False,False,True
ENSPD000364,Male,19.0,2,0.9999999999999999,0.0,0.7605790645879733,0.559,0.52,1.0,19.4,81.0,Yes,No,Middle,2.0,Yes,Salle 1,177.0,0.5319444444444444,0.38283577089381615,0.2,0.6476742668343078,1,0,1,1,False,False,True,False,False,False
ENSPD004401,Male,27.0,5,0.6905132192846034,20.0,0.6536748329621381,0.305,0.635,1.0,0.4,15.6,No,No,Low,1.0,No,Salle 26,48.0,0.6083333333333333,0.24267192463031564,0.16019999999999998,1.0,1,0,0,0,False,False,False,False,False,False
ENSPD003629,Female,20.0,3,0.44167962674961103,36.0,0.8218262806236081,0.616,0.635,1.0,1.3,5.8,Yes,No,Low,2.0,Yes,Salle 3,188.0,0.5291666666666666,0.19388398450391517,0.12819999999999998,0.900740336465212,0,0,1,1,True,False,False,False,False,False
ENSPD003692,Male,23.0,2,0.567651632970451,28.0,0.601336302895323,0.5650000000000001,0.8150000000000001,1.0,2.3,19.1,Yes,No,Middle,1.0,No,Salle 29,177.0,0.525,0.23879226155529812,0.1444,0.6476742668343078,1,0,0,1,False,False,True,False,False,False
ENSPD002607,Male,23.0,1,0.8429237947122862,10.0,0.8329621380846325,0.644,0.41600000000000004,1.0,5.0,22.5,Yes,Yes,Low,1.0,Yes,Salle 18,121.0,0.5166666666666666,0.338032948518011,0.17980000000000002,0.7508690441401171,1,1,1,1,False,False,False,False,False,True
ENSPD002351,Female,23.0,2,0.9222395023328148,5.0,0.6046770601336303,0.8959999999999999,0.617,0.0,4.8,22.7,Yes,No,Middle,2.0,No,Salle 19,298.0,0.6972222222222222,0.27482559843503407,0.0,0.5818364233587374,0,0,0,1,False,False,False,True,False,False
ENSPD002424,Male,26.0,4,0.7993779160186624,13.0,0.3162583518930958,0.682,0.154,0.0,1.0,7.4,No,No,Middle,2.0,No,Salle 1,178.0,0.20833333333333337,0.5957993712030147,0.0,0.9860656366780134,1,0,0,0,False,False,False,False,True,False
ENSPD002247,Male,22.0,3,0.9175738724727839,5.0,0.41202672605790647,0.626,0.315,4.0,1.2,10.4,Yes,No,Middle,2.0,No,Salle 17,104.0,0.2930555555555555,0.5494332567105873,0.7576,0.0,1,0,0,1,False,True,False,False,False,False
ENSPD000270,Male,21.0,4,0.5645412130637636,28.0,0.6893095768374164,0.554,0.49600000000000005,1.0,1.3,9.7,Yes,No,High,1.0,No,Salle 12,121.0,0.5180555555555555,0.24090080052207666,0.14400000000000002,0.7508690441401171,1,0,0,1,False,False,False,False,False,True
ENSPD002221,Female,19.0,3,0.7231726283048211,36.0,0.5701559020044543,0.459,0.6829999999999999,1.0,2.6,11.8,No,No,High,1.0,Yes,Salle 2,263.0,0.46805555555555556,0.32378164977801827,0.16440000000000002,0.5818364233587374,0,0,1,0,False,False,False,True,False,False
ENSPD002828,Male,21.0,5,0.52099533437014,31.0,0.5634743875278396,0.413,0.454,3.0,0.2,3.2,No,No,Middle,1.0,No,Salle 23,109.0,0.27361111111111114,0.3786152451191286,0.41520000000000007,0.5818364233587374,1,0,0,0,False,False,False,True,False,False
ENSPD004780,Male,22.0,1,0.4043545878693624,38.0,0.45657015590200445,0.8220000000000001,0.687,0.0,0.9,5.5,Yes,No,Middle,1.0,No,Salle 11,248.0,0.5652777777777778,0.16780246198996665,0.0,0.5818364233587374,1,0,0,1,False,False,False,True,False,False
ENSPD000579,Male,21.0,2,0.4696734059097979,34.0,0.6648106904231627,0.883,0.629,1.0,1.3,9.6,No,No,Middle,1.0,Yes,Salle 30,298.0,0.7333333333333334,0.13574309111913893,0.1318,0.5818364233587374,1,0,1,0,False,False,False,True,False,False
ENSPD002144,Male,21.0,4,0.7325038880248832,17.0,0.5679287305122495,0.616,0.893,0.0,1.4,14.6,Yes,No,Middle,2.0,Yes,Salle 27,157.0,0.7319444444444445,0.20861104452884008,0.0,0.900740336465212,1,0,1,1,True,False,False,False,False,False
ENSPD001026,Male,24.0,3,0.7807153965785382,14.0,0.4521158129175946,0.905,0.383,1.0,4.8,28.2,No,No,High,2.0,No,Salle 7,130.0,0.46666666666666656,0.3458188541692303,0.1718,1.0,1,0,0,0,False,False,False,False,False,False
ENSPD000613,Female,22.0,1,0.975116640746501,2.0,0.755011135857461,0.5820000000000001,0.6609999999999999,2.0,3.4,20.5,Yes,Yes,Middle,2.0,Yes,Salle 19,186.0,0.6597222222222222,0.3065764637293201,0.3936,0.9860656366780134,0,1,1,1,False,False,False,False,True,False
ENSPD000857,Male,18.0,4,0.7558320373250388,16.0,0.32628062360801785,0.335,0.63,1.0,0.2,8.7,No,No,Middle,0.0,No,Salle 1,173.0,0.30694444444444435,0.45932001924349397,0.1686,0.6476742668343078,1,0,0,0,False,False,True,False,False,False
ENSPD002093,Male,19.0,4,0.6423017107309487,23.0,0.44543429844098004,0.648,0.501,2.0,0.4,6.1,Yes,No,High,2.0,No,Salle 18,121.0,0.3638888888888888,0.36091980090817566,0.308,0.7508690441401171,1,0,0,1,False,False,False,False,False,True
ENSPD002138,Female,25.0,3,0.6376360808709175,23.0,0.4298440979955457,0.485,0.621,1.0,1.7,11.9,No,No,High,1.0,No,Salle 24,212.0,0.44305555555555554,0.306647487872839,0.1534,0.9860656366780134,0,0,0,0,False,False,False,False,True,False
ENSPD001752,Male,20.0,4,0.7916018662519438,13.0,0.5812917594654788,0.354,0.897,0.0,2.0,13.4,Yes,No,Middle,1.0,Yes,Salle 22,173.0,0.623611111111111,0.2674612364339638,0.0,0.6476742668343078,1,0,1,1,False,False,True,False,False,False
ENSPD001830,Male,22.0,4,0.7387247278382582,17.0,0.8218262806236081,0.379,1.0,3.0,1.0,9.6,No,No,Middle,2.0,Yes,Salle 12,230.0,0.6541666666666666,0.2387573444853708,0.49920000000000003,0.5818364233587374,1,0,1,0,False,False,False,True,False,False
ENSPD003921,Female,19.0,5,0.2643856920684292,47.0,0.6113585746102449,0.881,0.509,1.0,0.4,7.3,Yes,No,Low,1.0,Yes,Salle 15,70.0,0.49583333333333335,0.14473960444393083,0.10540000000000001,0.6476742668343078,0,0,1,1,False,False,True,False,False,False
ENSPD003948,Female,21.0,2,0.4898911353032659,33.0,0.8530066815144766,0.616,0.772,1.0,1.1,0.0,No,No,Low,2.0,Yes,Salle 10,298.0,0.6083333333333333,0.17998398988984413,0.13440000000000002,0.5818364233587374,0,0,1,0,False,False,False,True,False,False
ENSPD004579,Female,22.0,4,0.8709175738724727,8.0,0.6726057906458797,0.6809999999999999,0.923,1.0,1.1,12.2,Yes,Yes,Low,2.0,No,Salle 14,178.0,0.786111111111111,0.2275647636758054,0.1834,0.9860656366780134,0,1,0,1,False,False,False,False,True,False
ENSPD004816,Female,23.0,3,0.822706065318818,11.0,0.5189309576837416,0.275,0.89,1.0,2.0,13.3,Yes,No,Middle,0.0,No,Salle 22,188.0,0.4361111111111111,0.38175948251784697,0.1772,0.900740336465212,0,0,0,1,True,False,False,False,False,False
ENSPD002259,Male,21.0,2,0.9999999999999999,0.0,0.47438752783964366,0.742,0.635,0.0,0.0,1.6,Yes,Yes,Middle,0.0,Yes,Salle 23,298.0,0.5472222222222223,0.3735330023518184,0.0,0.5818364233587374,1,1,1,1,False,False,False,True,False,False
ENSPD000180,Male,22.0,4,0.8211508553654744,12.0,0.5579064587973274,0.6809999999999999,0.385,0.0,0.8,12.0,Yes,Yes,High,2.0,Yes,Salle 27,121.0,0.42361111111111116,0.3900079624061322,0.0,0.7508690441401171,1,1,1,1,False,False,False,False,False,True
ENSPD002587,Male,22.0,3,0.5178849144634526,31.0,0.6269487750556793,0.816,0.805,3.0,0.4,7.3,No,No,Middle,3.0,No,Salle 30,154.0,0.6597222222222222,0.1711832257697071,0.41400000000000003,0.7508690441401171,1,0,0,0,False,False,False,False,False,True
ENSPD002578,Female,23.0,3,0.7589424572317262,16.0,0.7115812917594654,0.47000000000000003,0.767,1.0,2.0,14.2,Yes,No,Middle,0.0,No,Salle 20,263.0,0.5458333333333333,0.29361923058350703,0.169,0.5818364233587374,0,0,0,1,False,False,False,True,False,False
ENSPD003775,Female,21.0,2,0.9999999999999999,0.0,0.8385300668151447,0.848,0.726,1.0,1.0,14.6,Yes,No,Middle,1.0,Yes,Salle 7,231.0,0.8194444444444444,0.2495166601743469,0.2,0.9860656366780134,0,0,1,1,False,False,False,False,True,False
ENSPD001463,Male,20.0,2,0.583203732503888,27.0,0.8340757238307349,0.8220000000000001,0.77,3.0,0.8,1.8,Yes,No,Middle,0.0,Yes,Salle 30,177.0,0.7680555555555555,0.15702968240020307,0.43920000000000003,0.6476742668343078,1,0,1,1,False,False,True,False,False,False
ENSPD001612,Female,23.0,1,0.3965785381026439,39.0,0.5022271714922049,0.44,0.62,2.0,0.1,11.5,Yes,No,Middle,1.0,No,Salle 6,186.0,0.31944444444444453,0.284722606327668,0.24480000000000002,0.9860656366780134,0,0,0,1,False,False,False,False,True,False
ENSPD001975,Male,24.0,1,0.7231726283048211,7.0,0.4198218262806236,0.44700000000000006,0.5479999999999999,3.0,0.0,2.6,No,Yes,Low,3.0,Yes,Salle 9,83.0,0.4222222222222223,0.35274025653178764,0.4932000000000001,0.0,1,1,1,0,False,True,False,False,False,False
ENSPD001241,Female,22.0,3,0.8786936236391912,8.0,0.9510022271714922,0.885,0.8059999999999999,0.0,1.9,17.4,Yes,No,Low,2.0,Yes,Salle 2,188.0,0.8319444444444444,0.21466618984866723,0.0,0.900740336465212,0,0,1,1,True,False,False,False,False,False
ENSPD001681,Male,20.0,3,0.5334370139968895,30.0,0.7706013363028954,0.469,0.6779999999999999,2.0,0.1,10.0,Yes,No,Middle,1.0,No,Salle 11,104.0,0.5708333333333333,0.20787451467556042,0.28,0.0,1,0,0,1,False,True,False,False,False,False
ENSPD001757,Female,22.0,1,0.6485225505443236,23.0,0.4933184855233853,0.396,0.782,1.0,3.4,11.8,Yes,No,Low,4.0,No,Salle 24,121.0,0.5,0.2791085395471694,0.15480000000000002,0.7508690441401171,0,0,0,1,False,False,False,False,False,True
ENSPD002241,Female,19.0,1,0.9999999999999999,0.0,0.3140311804008909,0.833,0.30100000000000005,1.0,2.8,21.7,No,No,Low,4.0,Yes,Salle 30,143.0,0.3569444444444444,0.5192486987018249,0.2,0.900740336465212,0,0,1,0,True,False,False,False,False,False
ENSPD004842,Female,20.0,1,0.5769828926905131,27.0,0.7282850779510022,0.49700000000000005,0.793,1.0,3.5,21.7,Yes,No,Middle,2.0,No,Salle 8,186.0,0.5361111111111111,0.23696472443030334,0.1456,0.9860656366780134,0,0,0,1,False,False,False,False,True,False
ENSPD002960,Female,22.0,5,0.8087091757387247,12.0,0.46770601336302897,0.6609999999999999,0.6900000000000001,1.0,1.4,11.1,Yes,No,Low,1.0,Yes,Salle 12,80.0,0.5,0.3357565372866217,0.1754,0.900740336465212,0,0,1,1,True,False,False,False,False,False
ENSPD001273,Female,23.0,4,0.6049766718506998,25.0,0.3151447661469933,0.718,0.8959999999999999,1.0,2.2,14.6,Yes,No,Middle,1.0,Yes,Salle 10,230.0,0.5916666666666666,0.22255583344788551,0.1492,0.5818364233587374,0,0,1,1,False,False,False,True,False,False
ENSPD003946,Male,19.0,2,0.7231726283048211,20.0,0.7973273942093541,0.616,0.7340000000000001,1.0,1.4,20.1,Yes,No,Middle,2.0,Yes,Salle 16,185.0,0.726388888888889,0.2079053738333199,0.16440000000000002,0.900740336465212,1,0,1,1,True,False,False,False,False,False
ENSPD002027,Female,23.0,5,0.9999999999999999,0.0,0.3830734966592428,0.762,0.568,0.0,0.4,7.4,Yes,No,Low,1.0,Yes,Salle 8,70.0,0.5319444444444444,0.38283577089381615,0.0,0.6476742668343078,0,0,1,1,False,False,True,False,False,False
ENSPD000202,Male,23.0,3,0.9580093312597201,3.0,0.6759465478841872,0.5,0.39799999999999996,3.0,3.4,11.5,No,Yes,Middle,1.0,Yes,Salle 8,263.0,0.4375,0.432578244123086,0.5838,0.5818364233587374,1,1,1,0,False,False,False,True,False,False
ENSPD003940,Male,22.0,4,0.9564541213063763,3.0,0.4342984409799555,0.616,0.643,1.0,2.0,15.1,No,No,Low,1.0,Yes,Salle 20,121.0,0.4736111111111111,0.40573076247886064,0.19440000000000002,0.7508690441401171,1,0,1,0,False,False,False,False,False,True
ENSPD000248,Female,22.0,2,0.609642301710731,25.0,0.6325167037861915,0.875,0.546,0.0,0.6,3.7,Yes,No,High,1.0,No,Salle 6,119.0,0.6069444444444445,0.21794643341179745,0.0,1.0,0,0,0,1,False,False,False,False,False,False
ENSPD002904,Male,23.0,1,0.7371695178849144,17.0,0.692650334075724,0.742,0.609,1.0,3.2,25.4,Yes,No,Middle,2.0,Yes,Salle 12,149.0,0.5486111111111112,0.28494517942166053,0.1662,0.6476742668343078,1,0,1,1,False,False,True,False,False,False
ENSPD001153,Female,22.0,2,0.6283048211508552,24.0,0.8073496659242763,0.639,0.75,0.0,1.4,1.8,No,No,Middle,1.0,No,Salle 24,185.0,0.6763888888888889,0.19803116521468297,0.0,0.900740336465212,0,0,0,0,True,False,False,False,False,False
ENSPD004708,Male,20.0,3,0.7589424572317262,16.0,0.48106904231625836,0.79,0.882,0.0,0.9,16.3,No,No,Middle,0.0,No,Salle 12,154.0,0.6319444444444444,0.25389270072531356,0.0,0.7508690441401171,1,0,0,0,False,False,False,False,False,True
ENSPD003831,Male,21.0,2,0.6656298600311042,22.0,0.7962138084632517,0.7640000000000001,0.742,0.0,1.8,14.3,Yes,Yes,Middle,1.0,Yes,Salle 14,71.0,0.7097222222222221,0.1974168223839509,0.0,0.0,1,1,1,1,False,True,False,False,False,False
ENSPD001570,Male,23.0,3,0.9999999999999999,0.0,0.41202672605790647,0.473,0.866,1.0,0.7,9.0,Yes,No,Middle,0.0,No,Salle 18,185.0,0.5125,0.39516816583562675,0.2,0.6476742668343078,1,0,0,1,False,False,True,False,False,False
ENSPD000999,Female,23.0,2,0.500777604976672,32.0,0.6113585746102449,0.6409999999999999,0.73,0.0,0.9,9.5,Yes,No,Middle,2.0,No,Salle 29,177.0,0.5444444444444444,0.20770978420073014,0.0,0.6476742668343078,0,0,0,1,False,False,True,False,False,False
ENSPD001764,Male,18.0,2,0.8553654743390359,9.0,0.6202672605790647,0.6459999999999999,0.56,2.0,1.9,10.3,No,No,Low,1.0,Yes,Salle 1,298.0,0.5125,0.3447859198793317,0.3628,0.5818364233587374,1,0,1,0,False,False,False,True,False,False
ENSPD003699,Female,18.0,2,0.7371695178849144,17.0,0.9376391982182628,0.6859999999999999,0.541,0.0,2.2,13.3,Yes,No,High,1.0,Yes,Salle 29,231.0,0.5986111111111111,0.26151414619043634,0.0,0.9860656366780134,0,0,1,1,False,False,False,False,True,False
ENSPD003515,Female,20.0,3,0.7931570762052876,13.0,0.3752783964365256,0.443,0.7140000000000001,2.0,0.7,13.1,No,No,Middle,3.0,Yes,Salle 1,185.0,0.4541666666666666,0.358406089469291,0.3468,0.6476742668343078,0,0,1,0,False,False,True,False,False,False
ENSPD002562,Female,19.0,2,0.6734059097978228,21.0,0.8663697104677061,0.5650000000000001,0.8029999999999999,0.0,1.4,14.9,Yes,No,Low,1.0,Yes,Salle 29,298.0,0.7111111111111112,0.19914256072400657,0.0,0.5818364233587374,0,0,1,1,False,False,False,True,False,False
ENSPD003276,Female,25.0,2,0.3934681181959564,39.0,0.42873051224944325,0.6659999999999999,0.606,2.0,1.8,13.5,Yes,No,Middle,0.0,Yes,Salle 20,71.0,0.39861111111111114,0.23609983867935128,0.244,0.0,0,0,1,1,False,True,False,False,False,False
ENSPD004716,Male,25.0,1,0.8335925349922239,11.0,0.6570155902004455,0.677,0.7320000000000001,1.0,2.0,17.8,No,No,Low,1.0,No,Salle 18,96.0,0.6833333333333333,0.2550127185151829,0.1786,1.0,1,0,0,0,False,False,False,False,False,False
ENSPD004244,Male,19.0,3,0.48367029548989116,33.0,0.6314031180400892,0.653,0.474,3.0,2.6,14.0,Yes,No,Middle,0.0,No,Salle 8,212.0,0.4291666666666667,0.2554441200416828,0.4008,0.9860656366780134,1,0,0,1,False,False,False,False,True,False
ENSPD000108,Female,23.0,3,0.9564541213063763,3.0,0.5256124721603563,0.541,0.5920000000000001,2.0,3.9,17.8,Yes,No,Middle,1.0,Yes,Salle 29,185.0,0.4708333333333333,0.40766528815343916,0.38880000000000003,0.6476742668343078,0,0,1,1,False,False,True,False,False,False
ENSPD004622,Female,22.0,3,0.7418351477449457,17.0,0.9465478841870825,0.28,0.42200000000000004,1.0,0.1,0.0,Yes,No,Middle,0.0,Yes,Salle 17,263.0,0.4027777777777778,0.3736166815641131,0.1668,0.5818364233587374,0,0,1,1,False,False,False,True,False,False
ENSPD000998,Male,19.0,2,0.7807153965785382,14.0,0.6837416481069042,0.545,0.621,1.0,0.1,11.5,Yes,Yes,Low,1.0,Yes,Salle 24,71.0,0.5930555555555557,0.2778249806716351,0.1718,0.0,1,1,1,1,False,True,False,False,False,False
ENSPD002350,Male,25.0,5,0.9999999999999999,0.0,0.5890868596881961,0.35100000000000003,0.6890000000000001,0.0,1.4,14.8,No,Yes,High,2.0,Yes,Salle 17,109.0,0.45000000000000007,0.43901439195660175,0.0,0.5818364233587374,1,1,1,0,False,False,False,True,False,False
ENSPD000226,Male,22.0,1,0.9346811819595645,4.0,0.6102449888641426,0.551,0.5670000000000001,2.0,1.4,8.1,No,No,Middle,1.0,Yes,Salle 28,83.0,0.46666666666666656,0.40256755216966456,0.3832,0.0,1,0,1,0,False,True,False,False,False,False
ENSPD001212,Male,21.0,4,0.5738724727838257,27.0,0.6681514476614699,0.742,0.635,1.0,1.5,11.1,Yes,No,Low,0.0,Yes,Salle 8,178.0,0.6777777777777778,0.18172532481320805,0.1452,0.9860656366780134,1,0,1,1,False,False,False,False,True,False
ENSPD000360,Male,19.0,3,0.8895800933125974,7.0,0.4721603563474388,0.49100000000000005,0.908,4.0,0.4,10.2,Yes,No,Middle,1.0,Yes,Salle 23,212.0,0.6055555555555555,0.3062255538528105,0.7432000000000001,0.9860656366780134,1,0,1,1,False,False,False,False,True,False
ENSPD004098,Male,27.0,2,0.583203732503888,27.0,0.5189309576837416,1.0,0.6709999999999999,1.0,0.4,9.0,Yes,Yes,Middle,0.0,Yes,Salle 16,231.0,0.7027777777777777,0.1763650274045875,0.1464,0.9860656366780134,1,1,1,1,False,False,False,False,True,False
ENSPD001787,Female,22.0,2,0.7231726283048211,20.0,0.5334075723830736,0.7170000000000001,0.5660000000000001,5.0,0.1,0.0,Yes,No,Middle,4.0,Yes,Salle 26,71.0,0.4819444444444444,0.31565802313067215,0.8220000000000001,0.0,0,0,1,1,False,True,False,False,False,False
ENSPD000214,Male,22.0,3,0.7122861586314152,18.0,0.6213808463251671,0.616,0.36600000000000005,3.0,0.5,6.0,Yes,Yes,High,2.0,No,Salle 9,154.0,0.33472222222222214,0.4144269885998747,0.489,0.7508690441401171,1,1,0,1,False,False,False,False,False,True
ENSPD002973,Female,24.0,5,0.9999999999999999,0.0,0.6224944320712694,0.7440000000000001,0.536,0.0,2.6,17.0,Yes,Yes,Low,0.0,Yes,Salle 21,48.0,0.5625,0.3645515224688396,0.0,1.0,0,1,1,1,False,False,False,False,False,False
ENSPD002038,Male,23.0,1,0.6749611197511663,21.0,0.6959910913140313,0.643,0.28600000000000003,5.0,4.3,11.5,No,No,Middle,2.0,Yes,Salle 22,186.0,0.43333333333333335,0.326843609969363,0.791,0.9860656366780134,1,0,1,0,False,False,False,False,True,False
ENSPD002326,Female,24.0,3,0.6407465007776051,23.0,0.6514476614699333,0.6459999999999999,0.652,1.0,1.1,16.3,No,No,Middle,1.0,Yes,Salle 20,188.0,0.623611111111111,0.2210851947191433,0.15380000000000002,0.900740336465212,0,0,1,0,True,False,False,False,False,False
ENSPD000306,Female,26.0,4,0.7231726283048211,48.0,0.8808463251670379,0.559,0.48100000000000004,1.0,0.6,18.4,Yes,Yes,Middle,0.0,No,Salle 29,173.0,0.4916666666666667,0.3101364522942648,0.16440000000000002,0.6476742668343078,0,1,0,1,False,False,True,False,False,False
ENSPD001633,Female,20.0,4,0.9766718506998445,2.0,0.4821826280623608,0.401,0.363,2.0,1.8,11.6,Yes,No,Low,1.0,Yes,Salle 3,173.0,0.2791666666666667,0.5940809634690217,0.394,0.6476742668343078,0,0,1,1,False,False,True,False,False,False
ENSPD000517,Male,19.0,1,0.6127527216174183,25.0,0.6113585746102449,0.794,1.0,1.0,1.0,11.5,Yes,No,Low,0.0,Yes,Salle 10,248.0,0.7680555555555555,0.16491016851776588,0.1502,0.5818364233587374,1,0,1,1,False,False,False,True,False,False
ENSPD001227,Male,20.0,4,0.5940902021772939,26.0,0.6135857461024499,0.36100000000000004,0.635,4.0,1.4,24.2,Yes,No,Middle,1.0,Yes,Salle 19,157.0,0.5208333333333334,0.24981550739051403,0.5912000000000001,0.900740336465212,1,0,1,1,True,False,False,False,False,False
ENSPD002250,Male,20.0,2,0.9300155520995333,4.0,0.41091314031180404,0.6859999999999999,0.635,2.0,6.4,34.6,Yes,No,Middle,2.0,Yes,Salle 28,298.0,0.5916666666666666,0.32597224066984554,0.382,0.5818364233587374,1,0,1,1,False,False,False,True,False,False
ENSPD002623,Male,22.0,2,0.6189735614307931,24.0,0.48440979955456576,0.946,0.275,0.0,4.0,21.0,Yes,No,High,5.0,Yes,Salle 24,231.0,0.37916666666666665,0.3401944850703732,0.0,0.9860656366780134,1,0,1,1,False,False,False,False,True,False
ENSPD000336,Male,20.0,1,0.7931570762052876,13.0,0.7149220489977729,0.188,0.20500000000000002,1.0,1.2,15.5,Yes,No,Low,2.0,Yes,Salle 30,83.0,0.18055555555555558,0.6332169341357683,0.1734,0.0,1,0,1,1,False,True,False,False,False,False
ENSPD000512,Male,23.0,4,0.5318818040435459,30.0,0.7238307349665924,0.851,0.677,2.0,0.2,7.9,Yes,No,Middle,1.0,No,Salle 29,121.0,0.734722222222222,0.15248582527769136,0.2796,0.7508690441401171,1,0,0,1,False,False,False,False,False,True
ENSPD000259,Male,22.0,3,0.7511664074650078,16.0,0.6391982182628062,0.355,0.47000000000000003,2.0,0.1,10.2,No,No,High,1.0,Yes,Salle 11,263.0,0.2694444444444445,0.4954290203121884,0.336,0.5818364233587374,1,0,1,0,False,False,False,True,False,False
ENSPD001001,Male,22.0,3,0.609642301710731,25.0,0.8752783964365256,1.0,0.652,0.0,4.6,19.0,No,No,High,1.0,No,Salle 26,263.0,0.7875000000000001,0.1586373417011955,0.0,0.5818364233587374,1,0,0,0,False,False,False,True,False,False
ENSPD003654,Male,21.0,4,0.4650077760497665,34.0,0.5155902004454344,0.743,0.643,3.0,0.1,11.5,No,No,Middle,1.0,No,Salle 20,157.0,0.5041666666666667,0.2123917383380398,0.39359999999999995,0.900740336465212,1,0,0,0,True,False,False,False,False,False
ENSPD002268,Female,21.0,1,0.7916018662519438,13.0,0.6158129175946548,0.49200000000000005,0.556,1.0,1.1,14.8,Yes,No,Middle,2.0,Yes,Salle 11,186.0,0.37916666666666665,0.4117594782286589,0.1732,0.9860656366780134,0,0,1,1,False,False,False,False,True,False
ENSPD004586,Female,22.0,3,0.8475894245723173,10.0,0.6993318485523385,0.636,0.43200000000000005,1.0,4.9,27.3,No,No,Middle,1.0,Yes,Salle 15,263.0,0.4930555555555556,0.35373162524593404,0.1804,0.5818364233587374,0,0,1,0,False,False,False,True,False,False
ENSPD001841,Male,23.0,4,0.7138413685847588,18.0,0.6759465478841872,0.751,0.65,1.0,1.5,11.8,Yes,No,Middle,1.0,Yes,Salle 6,173.0,0.6208333333333333,0.24470519848722264,0.16319999999999998,0.6476742668343078,1,0,1,1,False,False,True,False,False,False
ENSPD000762,Male,23.0,4,0.5225505443234836,31.0,0.4933184855233853,0.5479999999999999,0.792,3.0,1.4,13.4,Yes,No,Middle,1.0,Yes,Salle 21,230.0,0.5444444444444444,0.21501465427372632,0.41579999999999995,0.5818364233587374,1,0,1,1,False,False,False,True,False,False
ENSPD003884,Male,24.0,2,0.975116640746501,2.0,0.7093541202672606,0.688,0.687,1.0,1.4,5.4,No,Yes,Low,0.0,Yes,Salle 30,177.0,0.6958333333333333,0.2905028304108641,0.1968,0.6476742668343078,1,1,1,0,False,False,True,False,False,False
ENSPD004581,Female,21.0,3,0.9999999999999999,0.0,0.655902004454343,0.696,0.924,0.0,2.5,16.5,Yes,No,High,2.0,No,Salle 13,212.0,0.8152777777777778,0.25096755038002794,0.0,0.9860656366780134,0,0,0,1,False,False,False,False,True,False
ENSPD003301,Male,20.0,2,0.7309486780715396,17.0,0.4376391982182628,0.616,0.439,2.0,1.7,17.3,Yes,No,Low,1.0,No,Salle 1,231.0,0.3902777777777777,0.37830014660654687,0.33080000000000004,0.9860656366780134,1,0,0,1,False,False,False,False,True,False
ENSPD004540,Male,22.0,2,0.5443234836702956,29.0,0.3674832962138085,0.64,0.508,0.0,1.3,9.8,No,Yes,Middle,1.0,Yes,Salle 27,71.0,0.35416666666666674,0.32609515724705385,0.0,0.0,1,1,1,0,False,True,False,False,False,False
ENSPD002232,Male,19.0,3,0.7231726283048211,16.0,0.4966592427616926,0.528,0.48100000000000004,1.0,4.4,11.5,No,No,Middle,1.0,Yes,Salle 11,263.0,0.3652777777777778,0.39409779061254113,0.16440000000000002,0.5818364233587374,1,0,1,0,False,False,False,True,False,False
ENSPD002346,Female,23.0,5,0.3841368584758942,40.0,0.6403118040089087,0.715,0.741,1.0,3.4,15.7,Yes,No,Middle,4.0,No,Salle 4,67.0,0.5638888888888889,0.16166097042460895,0.1208,0.9860656366780134,0,0,0,1,False,False,False,False,True,False
ENSPD003901,Male,23.0,3,0.7387247278382582,17.0,0.6737193763919822,0.883,0.638,4.0,0.8,9.1,Yes,Yes,Low,1.0,Yes,Salle 22,104.0,0.6638888888888889,0.23495827979259873,0.6656000000000001,0.0,1,1,1,1,False,True,False,False,False,False
ENSPD001454,Male,24.0,4,0.5816485225505442,27.0,0.6659242761692651,0.805,0.863,3.0,0.3,11.5,Yes,No,Middle,2.0,Yes,Salle 20,173.0,0.7555555555555555,0.16013131386107318,0.4386,0.6476742668343078,1,0,1,1,False,False,True,False,False,False
ENSPD002756,Male,24.0,1,0.7231726283048211,18.0,0.6804008908685969,0.47600000000000003,1.0,0.0,2.8,11.5,Yes,No,Middle,0.0,Yes,Salle 26,248.0,0.6777777777777778,0.22513712503175973,0.0,0.5818364233587374,1,0,1,1,False,False,False,True,False,False
ENSPD000011,Male,26.0,4,0.9999999999999999,0.0,0.5278396436525613,0.37200000000000005,0.603,0.0,0.5,5.4,No,No,Middle,2.0,Yes,Salle 30,121.0,0.4027777777777778,0.47715631456173235,0.0,0.7508690441401171,1,0,1,0,False,False,False,False,False,True
ENSPD003114,Male,19.0,4,0.7667185069984447,15.0,0.6614699331848551,0.606,0.5810000000000001,3.0,0.3,11.5,Yes,No,Middle,0.0,Yes,Salle 14,178.0,0.4527777777777777,0.3493917133198834,0.51,0.9860656366780134,1,0,1,1,False,False,False,False,True,False
ENSPD004484,Male,22.0,1,0.6423017107309487,23.0,0.47438752783964366,0.539,0.28300000000000003,1.0,0.2,10.2,No,No,Middle,3.0,Yes,Salle 18,248.0,0.2861111111111111,0.4258051469477653,0.154,0.5818364233587374,1,0,1,0,False,False,False,True,False,False
ENSPD004787,Female,23.0,1,0.41990668740279935,37.0,0.6113585746102449,0.20199999999999999,0.466,1.0,0.6,10.3,Yes,No,Low,1.0,Yes,Salle 13,248.0,0.21944444444444444,0.3768696537026275,0.1254,0.5818364233587374,0,0,1,1,False,False,False,True,False,False
ENSPD004998,Male,22.0,2,0.609642301710731,25.0,0.7360801781737194,0.789,0.39299999999999996,2.0,1.4,23.5,No,No,High,3.0,Yes,Salle 12,185.0,0.47777777777777775,0.27680167465373295,0.29960000000000003,0.900740336465212,1,0,1,0,True,False,False,False,False,False
ENSPD003642,Female,25.0,4,0.7667185069984447,15.0,0.6447661469933185,0.505,0.723,1.0,0.4,11.0,No,No,Middle,0.0,Yes,Salle 5,230.0,0.5180555555555555,0.310861964316544,0.17,0.5818364233587374,0,0,1,0,False,False,False,True,False,False
ENSPD002445,Male,22.0,3,0.7480559875583203,16.0,0.4933184855233853,0.555,0.601,1.0,3.3,20.6,No,No,High,1.0,Yes,Salle 5,263.0,0.46805555555555556,0.3329370378873635,0.1676,0.5818364233587374,1,0,1,0,False,False,False,True,False,False
ENSPD004749,Male,23.0,1,0.8149300155520994,12.0,0.5167037861915368,0.31,0.9870000000000001,2.0,0.7,7.3,No,No,Low,0.0,No,Salle 24,186.0,0.5611111111111111,0.3044353225822306,0.3524,0.9860656366780134,1,0,0,0,False,False,False,False,True,False
ENSPD004496,Female,22.0,2,0.7091757387247278,19.0,0.6603563474387528,0.6609999999999999,0.7390000000000001,1.0,2.8,16.0,Yes,No,Low,2.0,No,Salle 8,71.0,0.623611111111111,0.2421217497238042,0.1626,0.0,0,0,0,1,False,True,False,False,False,False
ENSPD003922,Male,21.0,4,0.609642301710731,25.0,0.46770601336302897,0.525,0.44799999999999995,1.0,0.7,12.8,No,No,Low,1.0,Yes,Salle 29,70.0,0.34305555555555556,0.3625379294736216,0.14980000000000002,0.0,1,0,1,0,False,True,False,False,False,False
ENSPD004546,Female,20.0,4,0.4665629860031105,34.0,0.4933184855233853,0.465,0.7070000000000001,0.0,2.5,11.5,Yes,No,Low,1.0,Yes,Salle 14,121.0,0.4305555555555556,0.2480945004570396,0.0,0.7508690441401171,0,0,1,1,False,False,False,False,False,True
ENSPD000708,Female,22.0,2,0.8740279937791603,8.0,0.6113585746102449,0.22100000000000003,0.7140000000000001,0.0,0.9,9.3,Yes,No,Middle,1.0,No,Salle 4,231.0,0.3597222222222223,0.46282442807189295,0.0,0.9860656366780134,0,0,0,1,False,False,False,False,True,False
ENSPD004862,Female,23.0,2,0.5567651632970451,28.0,0.6113585746102449,0.64,0.716,3.0,1.4,28.0,No,No,Middle,1.0,No,Salle 15,231.0,0.5583333333333333,0.22060934951869812,0.429,0.9860656366780134,0,0,0,0,False,False,False,False,True,False
ENSPD002246,Male,24.0,4,0.7542768273716952,16.0,0.6369710467706015,0.418,0.836,3.0,0.1,4.6,Yes,No,Middle,1.0,Yes,Salle 26,173.0,0.5055555555555555,0.31339927434892,0.5052000000000001,0.6476742668343078,1,0,1,1,False,False,True,False,False,False
ENSPD002517,Male,21.0,5,0.7651632970451011,15.0,0.8741648106904232,0.904,0.6070000000000001,3.0,2.8,22.9,Yes,Yes,Middle,1.0,Yes,Salle 27,70.0,0.7777777777777779,0.20244459750616542,0.5094000000000001,0.6476742668343078,1,1,1,1,False,False,True,False,False,False
ENSPD000792,Female,23.0,4,0.7993779160186624,13.0,0.8429844097995547,0.8109999999999999,0.5579999999999999,0.0,0.0,0.0,No,No,Middle,1.0,No,Salle 13,121.0,0.6805555555555556,0.24620417435403222,0.0,0.7508690441401171,0,0,0,0,False,False,False,False,False,True
ENSPD000045,Male,23.0,3,0.8367029548989114,10.0,0.5055679287305123,0.443,1.0,1.0,9.0,45.4,Yes,No,Low,0.0,No,Salle 5,185.0,0.6430555555555555,0.2727066180506045,0.179,0.6476742668343078,1,0,0,1,False,False,True,False,False,False
ENSPD003631,Female,21.0,3,0.5287713841368585,30.0,0.4855233853006682,0.38799999999999996,0.872,1.0,1.2,0.0,No,Yes,Middle,2.0,Yes,Salle 4,130.0,0.5638888888888889,0.20912136244955995,0.1394,1.0,0,1,1,0,False,False,False,False,False,False
ENSPD004972,Female,23.0,1,0.7542768273716952,16.0,0.4521158129175946,0.509,0.204,1.0,7.1,35.2,Yes,No,High,0.0,No,Salle 27,121.0,0.2041666666666666,0.576762593897929,0.16840000000000002,0.7508690441401171,0,0,0,1,False,False,False,False,False,True
ENSPD000918,Female,22.0,5,0.49144634525660946,33.0,0.7160356347438753,0.9390000000000001,0.5700000000000001,1.0,2.9,22.1,Yes,No,Middle,1.0,Yes,Salle 15,40.0,0.6444444444444444,0.16825269565137282,0.1346,0.0,0,0,1,1,False,True,False,False,False,False
ENSPD001907,Female,20.0,4,0.6547433903576981,22.0,0.3986636971046771,0.631,0.281,1.0,2.7,19.4,No,No,Middle,2.0,No,Salle 11,230.0,0.2416666666666667,0.4773344897633788,0.1556,0.5818364233587374,0,0,0,0,False,False,False,True,False,False
ENSPD004018,Female,21.0,5,0.32503888024883354,43.0,0.7461024498886415,0.7220000000000001,0.85,2.0,1.4,7.0,No,No,Middle,0.0,No,Salle 28,109.0,0.6541666666666666,0.11556169563027566,0.22640000000000002,0.5818364233587374,0,0,0,0,False,False,False,True,False,False
ENSPD003836,Male,20.0,3,0.7978227060653188,13.0,0.6993318485523385,0.655,0.48,1.0,0.2,8.6,Yes,No,Middle,1.0,Yes,Salle 26,188.0,0.5555555555555556,0.30162293842632604,0.17400000000000002,0.900740336465212,1,0,1,1,True,False,False,False,False,False
ENSPD001334,Other,24.0,3,0.8693623639191289,8.0,0.23273942093541206,0.624,0.46799999999999997,2.0,1.4,8.3,Yes,Yes,Low,0.0,Yes,Salle 26,212.0,0.2972222222222223,0.5221209893684876,0.3664,0.9860656366780134,2,1,1,1,False,False,False,False,True,False
ENSPD004415,Male,22.0,2,0.5894245723172628,26.0,0.6681514476614699,0.625,0.551,0.0,3.1,20.3,Yes,No,Middle,2.0,Yes,Salle 9,231.0,0.513888888888889,0.2514852645351908,0.0,0.9860656366780134,1,0,1,1,False,False,False,False,True,False
ENSPD003178,Female,23.0,3,0.749611197511664,16.0,0.7216035634743876,0.42,0.741,2.0,0.1,3.7,Yes,No,High,3.0,Yes,Salle 16,185.0,0.5222222222222221,0.3027142861312514,0.3356,0.6476742668343078,0,0,1,1,False,False,True,False,False,False
ENSPD004985,Male,19.0,1,0.9999999999999999,0.0,0.6213808463251671,0.7290000000000001,0.502,3.0,1.6,2.2,Yes,Yes,Middle,0.0,Yes,Salle 7,186.0,0.5527777777777778,0.3702307208652509,0.6,0.9860656366780134,1,1,1,1,False,False,False,False,True,False
ENSPD003827,Male,23.0,3,0.7216174183514773,18.0,0.5879732739420935,0.609,0.635,4.0,6.8,27.2,No,No,Low,1.0,No,Salle 20,104.0,0.5986111111111111,0.2566033091202796,0.6567999999999999,0.0,1,0,0,0,False,True,False,False,False,False
ENSPD002952,Female,23.0,2,0.7931570762052876,13.0,0.356347438752784,0.7390000000000001,0.549,0.0,1.4,16.6,Yes,No,Low,1.0,Yes,Salle 26,231.0,0.5027777777777778,0.32865123314298605,0.0,0.9860656366780134,0,0,1,1,False,False,False,False,True,False
ENSPD004273,Male,21.0,1,0.6220839813374807,24.0,0.43207126948775054,0.816,0.42700000000000005,1.0,1.9,11.5,Yes,No,Low,1.0,No,Salle 15,248.0,0.4291666666666667,0.30900673614936724,0.1514,0.5818364233587374,1,0,0,1,False,False,False,True,False,False
ENSPD001617,Other,22.0,5,0.9673405909797824,2.0,0.6959910913140313,0.7859999999999999,0.635,1.0,0.9,9.9,Yes,No,Middle,3.0,Yes,Salle 6,109.0,0.7250000000000001,0.2761704624522149,0.1958,0.5818364233587374,2,0,1,1,False,False,False,True,False,False
ENSPD001447,Female,19.0,2,0.4354587869362364,36.0,0.4510022271714923,0.924,0.751,2.0,3.3,25.6,Yes,No,Middle,0.0,Yes,Salle 1,231.0,0.5916666666666666,0.16862096078188735,0.2548,0.9860656366780134,0,0,1,1,False,False,False,False,True,False
ENSPD003251,Male,22.0,4,0.6547433903576981,22.0,0.6770601336302895,0.7320000000000001,0.564,0.0,2.8,12.5,Yes,Yes,Low,1.0,Yes,Salle 7,173.0,0.5777777777777777,0.2443307621514261,0.0,0.6476742668343078,1,1,1,1,False,False,True,False,False,False
ENSPD003074,Male,23.0,3,0.47122861586314146,34.0,0.6325167037861915,0.8240000000000001,0.605,0.0,0.8,11.7,No,Yes,High,0.0,No,Salle 13,185.0,0.6222222222222222,0.1694359523165975,0.0,0.6476742668343078,1,1,0,0,False,False,True,False,False,False
ENSPD003719,Male,25.0,1,0.6609642301710731,22.0,0.5211581291759466,0.91,0.49700000000000005,0.0,1.4,6.8,No,No,Middle,1.0,Yes,Salle 3,149.0,0.5486111111111112,0.25950046450673736,0.0,0.6476742668343078,1,0,1,0,False,False,True,False,False,False
ENSPD002200,Male,22.0,2,0.458786936236392,35.0,0.6603563474387528,0.29300000000000004,0.799,1.0,1.0,12.7,Yes,No,Low,1.0,Yes,Salle 1,231.0,0.5638888888888889,0.18615665663103528,0.13040000000000002,0.9860656366780134,1,0,1,1,False,False,False,False,True,False
ENSPD002668,Female,22.0,1,0.7993779160186624,13.0,0.5501113585746102,0.511,0.631,0.0,1.3,11.5,Yes,No,Middle,2.0,Yes,Salle 16,248.0,0.44861111111111107,0.3643921860531917,0.0,0.5818364233587374,0,0,1,1,False,False,False,True,False,False
ENSPD001362,Male,23.0,1,0.7231726283048211,12.0,0.47772828507795106,0.616,0.635,1.0,0.5,10.0,No,Yes,Middle,1.0,No,Salle 20,248.0,0.6013888888888889,0.25588034546950733,0.16440000000000002,0.5818364233587374,1,1,0,0,False,False,False,True,False,False
ENSPD003033,Female,25.0,4,0.8740279937791603,8.0,0.6492204899777283,0.7440000000000001,0.9,2.0,1.2,1.1,No,No,Middle,1.0,Yes,Salle 23,230.0,0.7763888888888888,0.23169897976481382,0.36760000000000004,0.5818364233587374,0,0,1,0,False,False,False,True,False,False
ENSPD001899,Male,23.0,2,0.6500777604976672,22.0,0.5534521158129176,0.177,0.7759999999999999,1.0,2.6,19.3,Yes,No,Middle,2.0,Yes,Salle 1,177.0,0.32638888888888895,0.3937470755618394,0.155,0.6476742668343078,1,0,1,1,False,False,True,False,False,False
ENSPD000044,Female,18.0,2,0.5707620528771385,28.0,0.4888641425389756,0.561,0.642,1.0,1.9,15.9,Yes,No,Middle,1.0,No,Salle 5,119.0,0.4263888888888888,0.2907632223811988,0.1448,1.0,0,0,0,1,False,False,False,False,False,False
ENSPD003566,Female,20.0,4,0.3919129082426127,39.0,0.34855233853006684,0.616,0.419,3.0,3.4,18.8,Yes,Yes,Middle,1.0,Yes,Salle 28,230.0,0.2402777777777778,0.34301216857087324,0.3654,0.5818364233587374,0,1,1,1,False,False,False,True,False,False
ENSPD002132,Male,23.0,1,0.7371695178849144,17.0,0.692650334075724,0.599,0.5860000000000001,2.0,2.7,17.2,No,No,High,0.0,Yes,Salle 9,248.0,0.5486111111111112,0.28494517942166053,0.3324,0.5818364233587374,1,0,1,0,False,False,False,True,False,False
ENSPD003095,Male,19.0,2,0.6656298600311042,22.0,0.5423162583518931,0.691,0.5,1.0,0.3,0.0,Yes,No,Low,1.0,Yes,Salle 16,119.0,0.47777777777777775,0.2971509552996068,0.157,1.0,1,0,1,1,False,False,False,False,False,False
ENSPD004264,Male,21.0,4,0.7511664074650078,16.0,0.4710467706013364,0.605,0.89,0.0,0.5,9.7,Yes,Yes,Low,0.0,No,Salle 2,178.0,0.5847222222222221,0.2722510550010754,0.0,0.9860656366780134,1,1,0,1,False,False,False,False,True,False
ENSPD002538,Male,23.0,2,0.7231726283048211,26.0,0.5835189309576838,0.8220000000000001,0.629,3.0,1.2,11.5,Yes,Yes,Middle,1.0,No,Salle 25,177.0,0.5902777777777778,0.2607808836558375,0.4932000000000001,0.6476742668343078,1,1,0,1,False,False,True,False,False,False
ENSPD001847,Male,19.0,1,0.7231726283048211,13.0,0.6469933184855233,0.831,0.485,1.0,0.8,7.9,Yes,No,High,3.0,Yes,Salle 5,143.0,0.523611111111111,0.29288785753610524,0.16440000000000002,0.900740336465212,1,0,1,1,True,False,False,False,False,False
ENSPD004728,Female,24.0,1,0.7200622083981337,18.0,0.40089086859688206,0.462,0.317,1.0,1.1,11.5,Yes,No,Middle,1.0,Yes,Salle 5,96.0,0.20972222222222214,0.5505059321793947,0.164,1.0,0,0,1,1,False,False,False,False,False,False
ENSPD003838,Male,20.0,2,0.5660964230171072,28.0,0.6804008908685969,1.0,0.677,0.0,1.4,3.6,No,Yes,High,2.0,Yes,Salle 14,231.0,0.6722222222222222,0.18128574976609899,0.0,0.9860656366780134,1,1,1,0,False,False,False,False,True,False
ENSPD000574,Female,20.0,3,0.7900466562986003,14.0,0.4521158129175946,0.706,0.35200000000000004,1.0,0.6,3.0,Yes,No,Middle,2.0,Yes,Salle 21,212.0,0.3402777777777778,0.4438513298761767,0.17300000000000001,0.9860656366780134,0,0,1,1,False,False,False,False,True,False
ENSPD000588,Male,21.0,1,0.4681181959564541,34.0,0.4955456570155903,0.657,0.5670000000000001,0.0,1.8,16.8,Yes,No,High,1.0,Yes,Salle 17,248.0,0.46944444444444444,0.22927836855206998,0.0,0.5818364233587374,1,0,1,1,False,False,False,True,False,False
ENSPD001754,Male,23.0,4,0.44323483670295494,36.0,0.3608017817371938,0.636,0.21100000000000002,1.0,0.7,11.5,Yes,No,Low,1.0,Yes,Salle 18,157.0,0.24583333333333335,0.3644939914719687,0.12840000000000001,0.900740336465212,1,0,1,1,True,False,False,False,False,False
ENSPD000931,Male,20.0,2,0.5101088646967341,32.0,0.6915367483296213,0.49100000000000005,0.6729999999999999,1.0,4.4,18.2,Yes,Yes,Low,2.0,Yes,Salle 30,119.0,0.45833333333333337,0.25027076522307923,0.137,1.0,1,1,1,1,False,False,False,False,False,False
ENSPD000137,Male,21.0,2,0.5754276827371695,27.0,0.6848552338530067,0.38200000000000006,0.7240000000000001,2.0,4.9,28.8,No,No,High,2.0,Yes,Salle 11,161.0,0.5222222222222221,0.2427374584164312,0.2908,0.7508690441401171,1,0,1,0,False,False,False,False,False,True
ENSPD002681,Male,23.0,1,0.5287713841368585,30.0,0.5356347438752784,0.65,0.629,1.0,1.4,9.6,Yes,No,Low,0.0,Yes,Salle 15,143.0,0.5208333333333334,0.2272871437739182,0.1394,0.900740336465212,1,0,1,1,True,False,False,False,False,False
ENSPD004574,Female,22.0,2,0.9533437013996889,3.0,0.6692650334075724,0.498,0.608,1.0,0.2,6.3,No,No,Low,0.0,Yes,Salle 25,231.0,0.4902777777777778,0.3932882633826368,0.194,0.9860656366780134,0,0,1,0,False,False,False,False,True,False
ENSPD002735,Female,22.0,3,0.7993779160186624,13.0,0.38530066815144765,0.21,0.826,2.0,1.7,13.1,Yes,No,Middle,2.0,Yes,Salle 6,185.0,0.34305555555555556,0.4454644314031432,0.3484,0.6476742668343078,0,0,1,1,False,False,True,False,False,False
ENSPD001211,Male,23.0,2,0.7807153965785382,14.0,0.977728285077951,0.938,0.536,1.0,0.2,3.3,Yes,No,Low,1.0,Yes,Salle 30,298.0,0.75,0.2157040591377283,0.1718,0.5818364233587374,1,0,1,1,False,False,False,True,False,False
ENSPD004653,Male,22.0,2,0.7262830482115087,18.0,0.5278396436525613,0.561,0.6559999999999999,1.0,3.7,26.7,No,No,Middle,0.0,No,Salle 4,185.0,0.4472222222222222,0.33769238382930034,0.1648,0.900740336465212,1,0,0,0,True,False,False,False,False,False
ENSPD003399,Male,21.0,3,0.5598755832037324,28.0,0.7282850779510022,0.344,0.622,0.0,0.1,0.0,Yes,No,Middle,1.0,No,Salle 5,188.0,0.48749999999999993,0.25384716723175194,0.0,0.900740336465212,1,0,0,1,True,False,False,False,False,False
ENSPD000814,Female,23.0,5,0.7231726283048211,18.0,0.6169265033407572,0.8109999999999999,0.7090000000000001,1.0,1.5,8.9,No,No,Low,1.0,Yes,Salle 20,67.0,0.6527777777777778,0.23466824006818818,0.16440000000000002,0.9860656366780134,0,0,1,0,False,False,False,False,True,False
ENSPD001321,Male,23.0,2,0.7433903576982893,16.0,0.7338530066815144,0.579,0.753,3.0,2.0,10.7,Yes,No,Middle,2.0,Yes,Salle 17,119.0,0.638888888888889,0.24629410204892296,0.501,1.0,1,0,1,1,False,False,False,False,False,False
ENSPD004191,Female,23.0,5,0.9999999999999999,0.0,0.3986636971046771,0.266,0.935,0.0,1.0,10.3,Yes,No,Middle,1.0,Yes,Salle 30,60.0,0.4708333333333333,0.4236310985133206,0.0,0.7508690441401171,0,0,1,1,False,False,False,False,False,True
ENSPD003221,Male,23.0,1,0.8693623639191289,8.0,0.5155902004454344,0.5720000000000001,0.635,1.0,11.9,48.9,Yes,Yes,Middle,0.0,No,Salle 11,248.0,0.5930555555555557,0.3059866564756395,0.1832,0.5818364233587374,1,1,0,1,False,False,False,True,False,False
ENSPD004355,Male,26.0,2,0.8786936236391912,8.0,0.5957683741648108,0.7340000000000001,0.6779999999999999,0.0,0.1,2.9,Yes,No,Middle,0.0,Yes,Salle 13,231.0,0.6166666666666666,0.2974954729348378,0.0,0.9860656366780134,1,0,1,1,False,False,False,False,True,False
ENSPD004498,Male,23.0,1,0.6702954898911352,21.0,0.6102449888641426,0.663,1.0,1.0,13.1,60.1,Yes,No,Low,2.0,No,Salle 23,248.0,0.7444444444444445,0.1874909574296245,0.1576,0.5818364233587374,1,0,0,1,False,False,False,True,False,False
ENSPD003313,Male,23.0,2,0.7231726283048211,0.0,0.6113585746102449,0.30100000000000005,0.684,1.0,0.6,11.5,Yes,No,Middle,1.0,Yes,Salle 26,185.0,0.4541666666666666,0.33219592491173666,0.16440000000000002,0.900740336465212,1,0,1,1,True,False,False,False,False,False
ENSPD001015,Female,22.0,1,0.5972006220839813,26.0,0.9788418708240534,0.7390000000000001,0.336,1.0,1.0,15.1,Yes,No,Middle,1.0,Yes,Salle 8,248.0,0.5097222222222222,0.2561966623645455,0.1482,0.5818364233587374,0,0,1,1,False,False,False,True,False,False
ENSPD001656,Female,21.0,1,0.9440124416796268,4.0,0.6325167037861915,0.807,0.5650000000000001,1.0,0.7,4.3,Yes,No,Middle,2.0,Yes,Salle 22,248.0,0.6305555555555554,0.3109561125110796,0.19280000000000003,0.5818364233587374,0,0,1,1,False,False,False,True,False,False
ENSPD001514,Male,25.0,2,0.6905132192846034,20.0,0.5590200445434298,0.72,0.419,1.0,3.5,22.8,Yes,No,Middle,2.0,Yes,Salle 7,185.0,0.42361111111111116,0.3390779198675553,0.16019999999999998,0.900740336465212,1,0,1,1,True,False,False,False,False,False
ENSPD004712,Male,22.0,1,0.9191290824261275,5.0,0.5968819599109131,0.43700000000000006,0.858,0.0,3.8,25.7,Yes,No,High,2.0,Yes,Salle 29,149.0,0.5527777777777778,0.3433567498345993,0.0,0.6476742668343078,1,0,1,1,False,False,True,False,False,False
ENSPD002801,Female,19.0,2,0.7293934681181958,17.0,0.5824053452115813,0.47200000000000003,0.793,2.0,0.0,8.6,No,No,Middle,0.0,Yes,Salle 6,185.0,0.44027777777777777,0.3432889603773992,0.33039999999999997,0.900740336465212,0,0,1,0,True,False,False,False,False,False
ENSPD000274,Female,23.0,1,0.525660964230171,30.0,0.6113585746102449,0.38799999999999996,0.685,0.0,1.1,2.9,Yes,No,Middle,1.0,Yes,Salle 18,96.0,0.5055555555555555,0.2330947301242041,0.0,1.0,0,0,1,1,False,False,False,False,False,False
ENSPD001342,Male,23.0,5,0.6656298600311042,22.0,0.6291759465478842,0.484,0.766,1.0,1.6,12.5,No,No,Middle,0.0,No,Salle 6,80.0,0.5430555555555555,0.263675541133474,0.157,0.900740336465212,1,0,0,0,True,False,False,False,False,False
ENSPD004267,Female,20.0,4,0.8475894245723173,10.0,0.38084632516703787,0.616,0.157,1.0,6.0,11.5,No,Yes,Middle,1.0,No,Salle 2,230.0,0.054166666666666696,0.9371164303032944,0.1804,0.5818364233587374,0,1,0,0,False,False,False,True,False,False
ENSPD003418,Female,26.0,2,0.458786936236392,35.0,0.4755011135857461,0.807,0.723,0.0,1.4,7.6,No,No,High,1.0,Yes,Salle 28,231.0,0.6680555555555555,0.15115668913762706,0.0,0.9860656366780134,0,0,1,0,False,False,False,False,True,False
ENSPD000690,Male,21.0,4,0.6049766718506998,25.0,0.29955456570155903,0.5670000000000001,0.523,0.0,0.4,2.1,Yes,No,Middle,2.0,Yes,Salle 16,178.0,0.3111111111111111,0.38607490735394345,0.0,0.9860656366780134,1,0,1,1,False,False,False,False,True,False
ENSPD001175,Female,25.0,3,0.7884914463452567,14.0,0.6124721603563474,0.616,0.68,5.0,5.6,27.9,Yes,No,Middle,1.0,Yes,Salle 24,188.0,0.6055555555555555,0.2745440383172819,0.864,0.900740336465212,0,0,1,1,True,False,False,False,False,False
ENSPD000321,Male,24.0,4,0.6267496111975116,24.0,0.8073496659242763,0.633,0.632,1.0,3.2,14.9,Yes,No,Middle,0.0,Yes,Salle 28,173.0,0.7111111111111112,0.18601399205070548,0.152,0.6476742668343078,1,0,1,1,False,False,True,False,False,False
ENSPD003912,Male,23.0,4,0.48522550544323495,33.0,0.9209354120267261,0.685,0.599,1.0,3.0,13.1,Yes,No,High,0.0,Yes,Salle 28,173.0,0.5819444444444444,0.18801452942398553,0.1338,0.6476742668343078,1,0,1,1,False,False,True,False,False,False
ENSPD003191,Male,23.0,5,0.900466562986003,6.0,0.7082405345211581,0.322,0.9720000000000001,1.0,1.4,21.6,No,No,Middle,2.0,Yes,Salle 10,109.0,0.6222222222222222,0.30158657837282077,0.1872,0.5818364233587374,1,0,1,0,False,False,False,True,False,False
ENSPD003617,Male,20.0,2,0.6796267496111975,21.0,0.6180400890868597,0.672,0.667,0.0,1.0,11.6,No,No,Middle,0.0,No,Salle 17,231.0,0.5638888888888889,0.2586230616583798,0.0,0.9860656366780134,1,0,0,0,False,False,False,False,True,False
ENSPD000461,Male,20.0,1,0.3825816485225505,40.0,0.643652561247216,0.354,0.7170000000000001,1.0,0.4,15.9,Yes,No,Low,2.0,Yes,Salle 3,96.0,0.3902777777777777,0.23613285561267214,0.1206,1.0,1,0,1,1,False,False,False,False,False,False
ENSPD002810,Female,20.0,3,0.822706065318818,11.0,0.40423162583518935,0.462,0.895,0.0,2.2,7.8,Yes,No,High,1.0,No,Salle 16,185.0,0.5888888888888888,0.29316658648884053,0.0,0.6476742668343078,0,0,0,1,False,False,True,False,False,False
ENSPD002193,Female,20.0,4,0.5349922239502333,30.0,0.4376391982182628,0.519,0.766,1.0,1.8,16.1,Yes,No,Middle,0.0,Yes,Salle 26,230.0,0.4930555555555556,0.2422439135422865,0.1402,0.5818364233587374,0,0,1,1,False,False,False,True,False,False
ENSPD002058,Male,20.0,3,0.7776049766718508,14.0,0.47327394209354123,0.841,0.611,2.0,2.2,11.5,Yes,Yes,Low,0.0,Yes,Salle 17,130.0,0.5486111111111112,0.2984464567234566,0.3428,1.0,1,1,1,1,False,False,False,False,False,False
ENSPD002563,Male,24.0,4,0.4961119751166406,32.0,0.36636971046770606,0.831,0.669,3.0,2.1,18.3,No,No,Low,1.0,Yes,Salle 20,178.0,0.576388888888889,0.1936056933249997,0.40559999999999996,0.9860656366780134,1,0,1,0,False,False,False,False,True,False
ENSPD000449,Male,23.0,4,0.6174183514774495,25.0,0.6113585746102449,0.6459999999999999,0.8570000000000001,4.0,2.4,10.2,Yes,No,High,1.0,No,Salle 2,230.0,0.6916666666666667,0.18971636744531925,0.6032000000000001,0.5818364233587374,1,0,0,1,False,False,False,True,False,False
ENSPD003466,Female,23.0,1,0.6049766718506998,25.0,0.7806236080178174,0.62,0.625,0.0,0.7,6.6,Yes,No,Middle,0.0,Yes,Salle 27,149.0,0.5527777777777778,0.2389617085232217,0.0,0.6476742668343078,0,0,1,1,False,False,True,False,False,False
ENSPD004205,Male,23.0,5,0.5800933125972006,27.0,0.48440979955456576,0.46,0.19399999999999998,0.0,0.6,10.8,No,No,Middle,2.0,Yes,Salle 27,48.0,0.25277777777777777,0.4275288557017147,0.0,1.0,1,0,1,0,False,False,False,False,False,False
ENSPD001050,Male,23.0,2,0.6858475894245722,20.0,0.4866369710467706,0.848,0.7270000000000001,1.0,0.9,11.5,No,No,Middle,3.0,Yes,Salle 1,231.0,0.5722222222222223,0.2568702006439967,0.1596,0.9860656366780134,1,0,1,0,False,False,False,False,True,False
ENSPD003610,Female,26.0,4,0.8538102643856921,9.0,0.4766146993318485,0.616,0.353,3.0,2.5,7.7,Yes,Yes,High,0.0,Yes,Salle 11,173.0,0.46666666666666656,0.3727601552401435,0.5436,0.6476742668343078,0,1,1,1,False,False,True,False,False,False
ENSPD004628,Male,19.0,2,0.9999999999999999,0.0,0.4097995545657016,0.624,0.637,1.0,5.2,29.8,Yes,No,Middle,1.0,No,Salle 28,119.0,0.4111111111111111,0.47006844398479897,0.2,1.0,1,0,0,1,False,False,False,False,False,False
ENSPD003242,Male,20.0,1,0.9409020217729395,4.0,0.423162583518931,0.748,0.556,2.0,0.1,6.8,Yes,No,Middle,1.0,No,Salle 26,121.0,0.5791666666666667,0.3360370430067069,0.38480000000000003,0.7508690441401171,1,0,0,1,False,False,False,False,False,True
ENSPD000387,Male,25.0,3,0.6734059097978228,21.0,0.38195991091314035,0.756,0.855,1.0,1.5,5.5,Yes,No,High,1.0,Yes,Salle 10,212.0,0.6069444444444445,0.23790028756107226,0.158,0.9860656366780134,1,0,1,1,False,False,False,False,True,False
ENSPD003002,Female,24.0,1,0.6236391912908242,24.0,0.7138084632516704,0.522,0.773,2.0,2.4,11.5,Yes,No,Low,0.0,Yes,Salle 7,143.0,0.5416666666666667,0.25020184746406693,0.30319999999999997,0.900740336465212,0,0,1,1,True,False,False,False,False,False
ENSPD002536,Female,20.0,5,0.5381026438569206,30.0,0.43541202672605794,0.354,0.919,1.0,2.4,13.7,Yes,No,Middle,2.0,Yes,Salle 23,60.0,0.525,0.22865098061069586,0.1406,0.7508690441401171,0,0,1,1,False,False,False,False,False,True
ENSPD003243,Male,22.0,2,0.4758942457231726,34.0,0.6113585746102449,0.9329999999999999,0.254,0.0,4.6,24.3,Yes,No,Low,1.0,Yes,Salle 17,177.0,0.4833333333333333,0.22560491212573877,0.0,0.6476742668343078,1,0,1,1,False,False,True,False,False,False
ENSPD004015,Female,22.0,4,0.5163297045101088,31.0,0.5066815144766148,0.93,0.7120000000000001,1.0,0.1,10.3,Yes,No,Low,1.0,No,Salle 22,230.0,0.7333333333333334,0.14859526890936933,0.1378,0.5818364233587374,0,0,0,1,False,False,False,True,False,False
ENSPD004134,Female,22.0,3,0.7200622083981337,18.0,0.9910913140311803,0.698,0.898,4.0,1.6,9.6,Yes,No,Middle,1.0,Yes,Salle 20,185.0,0.8986111111111112,0.1571580316803893,0.656,0.6476742668343078,0,0,1,1,False,False,True,False,False,False
ENSPD003092,Female,20.0,2,0.8491446345256609,10.0,1.0,0.6920000000000001,0.551,4.0,0.9,10.8,Yes,No,Middle,0.0,Yes,Salle 18,231.0,0.7666666666666668,0.2284317748358534,0.7224,0.9860656366780134,0,0,1,1,False,False,False,False,True,False
ENSPD001357,Female,23.0,3,0.8273716951788491,11.0,0.6191536748329621,0.713,0.507,2.0,1.5,11.5,Yes,No,Middle,1.0,Yes,Salle 13,130.0,0.5347222222222222,0.32254541912255974,0.3556,1.0,0,0,1,1,False,False,False,False,False,False
ENSPD003430,Female,22.0,1,0.9393468118195955,4.0,0.5545657015590201,0.826,0.40399999999999997,1.0,0.5,11.5,Yes,No,Middle,1.0,No,Salle 12,248.0,0.46666666666666656,0.4042872096848291,0.19219999999999998,0.5818364233587374,0,0,0,1,False,False,False,True,False,False
ENSPD004828,Male,24.0,2,0.9144634525660965,6.0,0.8073496659242763,0.49200000000000005,1.0,1.0,4.9,31.0,Yes,No,Middle,2.0,Yes,Salle 2,161.0,0.7708333333333333,0.2443780172830701,0.189,0.7508690441401171,1,0,1,1,False,False,False,False,False,True
ENSPD001352,Male,20.0,1,0.7231726283048211,24.0,0.7316258351893097,0.616,1.0,1.0,12.4,56.1,No,No,Low,2.0,Yes,Salle 21,248.0,0.8555555555555554,0.16902942759218095,0.16440000000000002,0.5818364233587374,1,0,1,0,False,False,False,True,False,False
ENSPD001868,Male,22.0,5,0.7231726283048211,12.0,0.6336302895322939,0.653,1.0,1.0,2.4,13.1,Yes,No,High,0.0,Yes,Salle 16,40.0,0.8236111111111111,0.177828134846193,0.16440000000000002,0.0,1,0,1,1,False,True,False,False,False,False
ENSPD004318,Male,23.0,1,0.7231726283048211,33.0,0.7906458797327395,0.273,0.792,1.0,1.4,4.5,No,No,Middle,1.0,Yes,Salle 17,96.0,0.5055555555555555,0.3024734860190267,0.16440000000000002,1.0,1,0,1,0,False,False,False,False,False,False
ENSPD004681,Male,21.0,4,0.7231726283048211,1.0,0.6636971046770601,0.913,0.549,1.0,0.0,2.1,Yes,No,High,1.0,No,Salle 28,173.0,0.6041666666666667,0.2546735787544525,0.16440000000000002,0.6476742668343078,1,0,0,1,False,False,True,False,False,False
ENSPD000624,Male,21.0,1,0.525660964230171,30.0,0.4521158129175946,0.459,0.616,2.0,2.3,11.3,Yes,Yes,Low,0.0,Yes,Salle 17,121.0,0.4041666666666667,0.2860889715131769,0.278,0.7508690441401171,1,1,1,1,False,False,False,False,False,True
ENSPD001947,Male,17.0,1,0.7853810264385693,14.0,0.2795100222717149,0.33,0.562,3.0,0.1,1.3,Yes,Yes,Middle,3.0,Yes,Salle 20,83.0,0.3055555555555556,0.47434673898076507,0.5172000000000001,0.0,1,1,1,1,False,True,False,False,False,False
ENSPD002731,Female,23.0,5,0.7325038880248832,17.0,0.388641425389755,0.20199999999999999,0.493,2.0,0.2,4.4,Yes,No,Middle,3.0,No,Salle 9,80.0,0.17361111111111116,0.608569919792764,0.3312,0.900740336465212,0,0,0,1,True,False,False,False,False,False
ENSPD001500,Female,21.0,2,0.9999999999999999,0.0,0.7906458797327395,0.795,0.86,2.0,1.2,3.0,No,Yes,Low,1.0,Yes,Salle 17,185.0,0.8388888888888888,0.24288352335630695,0.4,0.900740336465212,0,1,1,0,True,False,False,False,False,False
ENSPD001194,Female,22.0,5,0.6111975116640745,25.0,0.7561247216035635,0.826,0.934,1.0,3.2,12.3,Yes,No,Middle,0.0,No,Salle 21,70.0,0.8333333333333333,0.14692284142350784,0.15,0.6476742668343078,0,0,0,1,False,False,True,False,False,False
ENSPD003292,Female,23.0,2,0.6111975116640745,25.0,0.6915367483296213,0.766,0.49,2.0,1.4,13.7,Yes,No,Middle,0.0,No,Salle 22,185.0,0.5291666666666666,0.2517781864913441,0.3,0.900740336465212,0,0,0,1,True,False,False,False,False,False
ENSPD001191,Male,23.0,1,0.880248833592535,8.0,0.544543429844098,0.397,0.5670000000000001,1.0,0.7,11.0,Yes,No,Middle,2.0,Yes,Salle 23,248.0,0.38194444444444453,0.4461615925198986,0.1846,0.5818364233587374,1,0,1,1,False,False,False,True,False,False
ENSPD001135,Female,22.0,5,0.49144634525660946,33.0,0.5167037861915368,0.7909999999999999,0.634,0.0,1.0,7.2,No,No,High,1.0,Yes,Salle 10,67.0,0.5263888888888889,0.212050518841961,0.0,0.9860656366780134,0,0,1,0,False,False,False,False,True,False
ENSPD004819,Female,24.0,4,0.7527216174183514,16.0,0.5935412026726058,0.58,0.762,2.0,0.2,4.0,Yes,No,Middle,1.0,No,Salle 11,173.0,0.5736111111111111,0.2779506018718201,0.3364,0.6476742668343078,0,0,0,1,False,False,True,False,False,False
ENSPD002307,Male,19.0,5,0.9735614307931569,2.0,0.6781737193763919,0.47000000000000003,0.509,0.0,1.2,13.0,No,Yes,Middle,1.0,Yes,Salle 16,60.0,0.44305555555555554,0.43428290231597366,0.0,0.7508690441401171,1,1,1,0,False,False,False,False,False,True
ENSPD000100,Male,24.0,2,0.8973561430793159,7.0,0.7538975501113586,0.787,0.6859999999999999,1.0,2.9,24.6,No,No,Middle,1.0,No,Salle 24,231.0,0.6986111111111111,0.26716462156913867,0.18680000000000002,0.9860656366780134,1,0,0,0,False,False,False,False,True,False
ENSPD002875,Female,18.0,1,0.906687402799378,6.0,0.6481069042316259,0.616,0.48,2.0,0.8,10.8,No,No,Middle,1.0,Yes,Salle 6,248.0,0.3847222222222222,0.4547068350117901,0.376,0.5818364233587374,0,0,1,0,False,False,False,True,False,False
ENSPD000390,Female,20.0,2,0.6625194401244167,22.0,0.6113585746102449,0.61,0.635,1.0,0.7,0.0,Yes,Yes,Middle,1.0,Yes,Salle 17,298.0,0.5013888888888889,0.28333216778576686,0.1566,0.5818364233587374,0,1,1,1,False,False,False,True,False,False
ENSPD003519,Male,21.0,5,0.6267496111975116,24.0,0.5801781737193764,0.58,0.708,1.0,1.8,7.2,No,No,Low,1.0,Yes,Salle 26,67.0,0.5291666666666666,0.25708958116909,0.152,0.9860656366780134,1,0,1,0,False,False,False,False,True,False
ENSPD000900,Male,22.0,3,0.5723172628304821,28.0,0.7048997772828508,0.365,0.898,1.0,1.4,6.0,No,No,High,2.0,Yes,Salle 13,263.0,0.5583333333333333,0.22574481474748534,0.145,0.5818364233587374,1,0,1,0,False,False,False,True,False,False
ENSPD004925,Male,23.0,5,0.6189735614307931,24.0,0.4053452115812918,0.652,0.6859999999999999,0.0,2.1,6.7,Yes,No,Low,0.0,No,Salle 24,67.0,0.4708333333333333,0.2839302578643579,0.0,0.9860656366780134,1,0,0,1,False,False,False,False,True,False
ENSPD003644,Male,22.0,1,0.36702954898911344,41.0,0.5378619153674833,0.5920000000000001,0.6900000000000001,1.0,1.4,7.2,Yes,No,Low,1.0,Yes,Salle 11,96.0,0.5875,0.14819301895948891,0.1186,1.0,1,0,1,1,False,False,False,False,False,False
ENSPD000085,Male,20.0,2,0.30326594090202175,45.0,0.45322939866369716,0.499,0.523,2.0,1.4,12.1,Yes,No,Middle,0.0,No,Salle 9,298.0,0.38611111111111107,0.20582523786908527,0.22080000000000002,0.5818364233587374,1,0,0,1,False,False,False,True,False,False
ENSPD002861,Female,17.0,4,0.8398133748055988,10.0,0.5824053452115813,0.6759999999999999,1.0,2.0,4.1,12.9,Yes,No,Low,1.0,Yes,Salle 12,121.0,0.7999999999999998,0.21487518267532138,0.3588,0.7508690441401171,0,0,1,1,False,False,False,False,False,True
ENSPD002443,Female,23.0,4,0.5707620528771385,28.0,0.6414253897550111,0.606,0.635,1.0,3.4,15.1,No,Yes,Middle,0.0,Yes,Salle 28,93.0,0.5472222222222223,0.22998280334499013,0.1448,1.0,0,1,1,0,False,False,False,False,False,False
ENSPD004767,Female,25.0,2,0.8087091757387247,12.0,0.5011135857461025,0.6409999999999999,0.669,2.0,0.6,10.7,No,No,Middle,2.0,Yes,Salle 1,185.0,0.5625,0.301682786241403,0.3508,0.900740336465212,0,0,1,0,True,False,False,False,False,False
ENSPD003090,Male,21.0,1,0.5334370139968895,30.0,0.7661469933184856,0.76,1.0,2.0,1.3,0.0,Yes,No,Middle,1.0,Yes,Salle 16,96.0,0.8666666666666665,0.11967587091345486,0.28,1.0,1,0,1,1,False,False,False,False,False,False
ENSPD004162,Male,18.0,3,0.7216174183514773,18.0,0.6124721603563474,0.75,0.634,0.0,2.1,14.4,No,Yes,Middle,4.0,Yes,Salle 2,130.0,0.6875,0.2211101884158511,0.0,1.0,1,1,1,0,False,False,False,False,False,False
ENSPD002592,Female,25.0,3,0.7293934681181958,17.0,0.7282850779510022,1.0,0.5920000000000001,1.0,2.2,11.5,Yes,No,High,1.0,Yes,Salle 26,154.0,0.7152777777777779,0.21344514349710217,0.16519999999999999,0.7508690441401171,0,0,1,1,False,False,False,False,False,True
ENSPD003375,Female,20.0,3,0.6562986003110421,22.0,0.5211581291759466,0.8200000000000001,0.8150000000000001,0.0,2.4,11.1,Yes,No,Low,0.0,Yes,Salle 7,263.0,0.6625000000000001,0.21115763676104585,0.0,0.5818364233587374,0,0,1,1,False,False,False,True,False,False
ENSPD003860,Female,21.0,3,0.7091757387247278,19.0,0.6113585746102449,0.456,1.0,0.0,0.1,9.7,No,No,Low,0.0,No,Salle 4,263.0,0.6708333333333333,0.22363820324855846,0.0,0.5818364233587374,0,0,0,0,False,False,False,True,False,False
ENSPD000444,Male,21.0,1,0.5738724727838257,27.0,0.489977728285078,0.738,0.8059999999999999,1.0,2.1,15.6,No,No,Low,0.0,Yes,Salle 21,143.0,0.6208333333333333,0.20154913824897144,0.1452,0.900740336465212,1,0,1,0,True,False,False,False,False,False
ENSPD000662,Other,25.0,4,0.8631415241057544,9.0,0.6113585746102449,0.257,0.635,1.0,0.1,7.2,Yes,No,Middle,1.0,Yes,Salle 17,230.0,0.2763888888888889,0.5423718126703433,0.1824,0.5818364233587374,2,0,1,1,False,False,False,True,False,False
ENSPD001056,Male,28.0,3,0.8833592534992224,8.0,0.5723830734966593,0.706,0.721,2.0,0.6,1.3,Yes,Yes,Low,0.0,No,Salle 20,130.0,0.5208333333333334,0.34958397483543835,0.37,1.0,1,1,0,1,False,False,False,False,False,False
ENSPD001115,Female,23.0,2,0.8009331259720062,13.0,0.46436525612472157,0.6459999999999999,1.0,3.0,1.4,8.7,Yes,Yes,Middle,1.0,Yes,Salle 12,177.0,0.7027777777777777,0.23812978402232612,0.5232000000000001,0.6476742668343078,0,1,1,1,False,False,True,False,False,False
ENSPD004057,Female,25.0,2,0.948678071539658,3.0,0.8619153674832961,0.494,0.15,1.0,0.3,9.0,Yes,No,Low,1.0,Yes,Salle 13,161.0,0.3597222222222223,0.49465385183223154,0.19340000000000002,0.7508690441401171,0,0,1,1,False,False,False,False,False,True
ENSPD004301,Male,22.0,3,0.4883359253499221,33.0,0.7193763919821826,0.746,0.561,0.0,0.0,11.5,No,Yes,High,0.0,Yes,Salle 6,130.0,0.5680555555555554,0.19425023286826767,0.0,1.0,1,1,1,0,False,False,False,False,False,False
ENSPD004639,Female,22.0,4,0.8009331259720062,13.0,0.5044543429844098,0.5650000000000001,0.8140000000000001,0.0,1.9,14.7,Yes,No,Middle,1.0,No,Salle 26,157.0,0.5375,0.31208782959464154,0.0,0.900740336465212,0,0,0,1,True,False,False,False,False,False
ENSPD003457,Male,23.0,2,0.48211508553654736,33.0,0.4487750556792873,0.43100000000000005,0.626,4.0,6.9,34.1,No,No,Middle,1.0,Yes,Salle 30,177.0,0.3416666666666667,0.3077489315242754,0.5336000000000001,0.6476742668343078,1,0,1,0,False,False,True,False,False,False
ENSPD004927,Male,22.0,1,0.6702954898911352,21.0,0.5289532293986637,0.74,0.693,1.0,0.9,8.3,Yes,No,Middle,1.0,Yes,Salle 5,143.0,0.5736111111111111,0.25119681844827113,0.1576,0.900740336465212,1,0,1,1,True,False,False,False,False,False
ENSPD001941,Male,23.0,1,0.947122861586314,3.0,0.5400890868596883,0.557,0.536,2.0,1.4,7.3,Yes,No,Middle,1.0,Yes,Salle 2,143.0,0.44861111111111107,0.4201235488974099,0.38639999999999997,0.900740336465212,1,0,1,1,True,False,False,False,False,False
ENSPD002411,Female,19.0,3,0.6329704510108866,24.0,0.43875278396436523,0.446,0.257,0.0,0.9,7.6,No,Yes,Middle,2.0,No,Salle 14,104.0,0.2319444444444444,0.47685613567946783,0.0,0.0,0,1,0,0,False,True,False,False,False,False
ENSPD002869,Male,23.0,4,0.2752721617418351,47.0,0.755011135857461,0.3,0.17500000000000002,1.0,0.2,9.7,Yes,No,Middle,1.0,Yes,Salle 21,173.0,0.15555555555555556,0.35884286903594864,0.1068,0.6476742668343078,1,0,1,1,False,False,True,False,False,False
ENSPD004542,Male,19.0,5,0.6625194401244167,22.0,0.4721603563474388,0.524,0.708,4.0,1.0,3.5,Yes,No,Low,2.0,Yes,Salle 18,67.0,0.47638888888888886,0.2967901732335162,0.6264,0.9860656366780134,1,0,1,1,False,False,False,False,True,False
ENSPD001934,Female,20.0,1,0.7231726283048211,41.0,0.6213808463251671,0.532,0.258,2.0,1.2,8.5,No,Yes,Low,2.0,Yes,Salle 13,186.0,0.2777777777777778,0.47294609391613807,0.32880000000000004,0.9860656366780134,0,1,1,0,False,False,False,False,True,False
ENSPD000720,Female,21.0,3,0.926905132192846,5.0,0.7861915367483296,0.68,0.358,1.0,4.2,19.4,Yes,No,Middle,0.0,Yes,Salle 13,212.0,0.5166666666666666,0.36714185351724393,0.1906,0.9860656366780134,0,0,1,1,False,False,False,False,True,False
ENSPD004523,Female,24.0,5,0.5443234836702956,29.0,0.5077951002227171,0.743,0.885,1.0,0.2,13.9,Yes,No,Middle,1.0,Yes,Salle 17,109.0,0.6736111111111112,0.1744711038265205,0.1414,0.5818364233587374,0,0,1,1,False,False,False,True,False,False
ENSPD000771,Male,23.0,5,0.9999999999999999,0.0,0.5968819599109131,0.643,0.635,1.0,1.4,11.5,Yes,No,Low,1.0,Yes,Salle 23,109.0,0.6055555555555555,0.3408315169762338,0.2,0.5818364233587374,1,0,1,1,False,False,False,True,False,False
ENSPD000809,Male,24.0,4,0.4961119751166406,32.0,0.6592427616926504,0.737,0.84,0.0,0.8,9.3,Yes,No,Low,2.0,No,Salle 11,157.0,0.7638888888888888,0.13487861063700587,0.0,0.900740336465212,1,0,0,1,True,False,False,False,False,False
ENSPD003011,Male,19.0,3,0.9999999999999999,0.0,0.6503340757238307,0.774,0.6409999999999999,1.0,0.9,12.5,No,No,High,1.0,Yes,Salle 1,263.0,0.7652777777777777,0.2692454314810728,0.2,0.5818364233587374,1,0,1,0,False,False,False,True,False,False
ENSPD000356,Female,22.0,2,0.7853810264385693,14.0,0.6113585746102449,0.616,0.402,0.0,1.4,20.1,Yes,No,High,2.0,Yes,Salle 13,185.0,0.41527777777777775,0.3819683588028556,0.0,0.900740336465212,0,0,1,1,True,False,False,False,False,False
ENSPD000560,Female,19.0,4,0.7076205287713843,19.0,0.6893095768374164,0.408,0.615,3.0,0.4,12.8,No,No,High,1.0,Yes,Salle 3,230.0,0.4194444444444444,0.34851319341540454,0.4872000000000001,0.5818364233587374,0,0,1,0,False,False,False,True,False,False
ENSPD001110,Male,23.0,5,0.6640746500777605,22.0,0.7694877505567929,0.534,0.6940000000000001,0.0,0.7,4.2,No,No,Middle,1.0,No,Salle 3,109.0,0.6333333333333333,0.22444303861987144,0.0,0.5818364233587374,1,0,0,0,False,False,False,True,False,False
ENSPD002764,Male,20.0,3,0.6049766718506998,25.0,0.601336302895323,0.813,0.7959999999999999,1.0,0.4,13.0,No,No,Middle,0.0,Yes,Salle 6,185.0,0.6708333333333333,0.1931285115162019,0.1492,0.6476742668343078,1,0,1,0,False,False,True,False,False,False
ENSPD000536,Female,24.0,1,0.7076205287713843,19.0,0.9487750556792873,0.444,0.065,2.0,0.1,6.3,Yes,No,Middle,1.0,Yes,Salle 5,186.0,0.30694444444444435,0.43703913022679697,0.32480000000000003,0.9860656366780134,0,0,1,1,False,False,False,False,True,False
ENSPD004350,Female,26.0,2,0.6111975116640745,25.0,0.5011135857461025,0.658,0.537,0.0,1.4,14.9,Yes,No,Low,1.0,Yes,Salle 10,185.0,0.44305555555555554,0.29660210803240705,0.0,0.900740336465212,0,0,1,1,True,False,False,False,False,False
ENSPD001925,Female,21.0,1,0.7418351477449457,17.0,0.267260579064588,0.449,0.514,1.0,1.2,8.0,No,No,Middle,1.0,No,Salle 18,186.0,0.2333333333333334,0.5322755361500286,0.1668,0.9860656366780134,0,0,0,0,False,False,False,False,True,False
ENSPD001301,Male,24.0,5,0.8926905132192845,7.0,0.5044543429844098,0.8570000000000001,0.635,3.0,6.5,37.0,Yes,No,Middle,2.0,No,Salle 13,40.0,0.6569444444444444,0.28338513761826056,0.5585999999999999,0.0,1,0,0,1,False,True,False,False,False,False
ENSPD003444,Other,23.0,2,0.12286158631415234,56.0,0.6581291759465479,0.17600000000000002,0.609,0.0,2.3,21.3,Yes,No,Middle,1.0,No,Salle 19,231.0,0.2791666666666667,0.181267866599045,0.0,0.9860656366780134,2,0,0,1,False,False,False,False,True,False
ENSPD003331,Female,24.0,3,0.5660964230171072,28.0,0.6113585746102449,0.616,0.086,0.0,2.5,21.4,Yes,No,Low,1.0,Yes,Salle 11,212.0,0.18333333333333335,0.4983391839964797,0.0,0.9860656366780134,0,0,1,1,False,False,False,False,True,False
ENSPD001327,Male,19.0,2,0.3530326594090202,42.0,0.5879732739420935,0.557,0.606,0.0,1.4,9.4,No,No,Low,1.0,Yes,Salle 26,185.0,0.4569444444444445,0.19236062215309876,0.0,0.900740336465212,1,0,1,0,True,False,False,False,False,False
ENSPD004453,Female,20.0,4,0.7776049766718508,14.0,0.4020044543429844,0.621,0.29100000000000004,1.0,0.1,0.0,No,No,Middle,0.0,No,Salle 13,70.0,0.24861111111111112,0.5323270327856467,0.1714,0.0,0,0,0,0,False,True,False,False,False,False
ENSPD001600,Female,25.0,5,0.7511664074650078,16.0,0.6080178173719376,0.766,0.635,1.0,2.4,10.6,Yes,No,Middle,3.0,Yes,Salle 10,109.0,0.5388888888888889,0.29454348122526763,0.168,0.5818364233587374,0,0,1,1,False,False,False,True,False,False
ENSPD004977,Male,19.0,2,0.6578538102643857,22.0,0.7048997772828508,0.5820000000000001,0.292,5.0,0.6,7.4,No,No,High,2.0,Yes,Salle 15,177.0,0.44444444444444453,0.3134942750508929,0.78,0.6476742668343078,1,0,1,0,False,False,True,False,False,False
ENSPD000198,Female,22.0,1,0.838258164852255,10.0,0.7371937639198219,0.929,0.48200000000000004,0.0,0.1,5.5,Yes,Yes,Middle,0.0,No,Salle 19,121.0,0.6625000000000001,0.26488662774791905,0.0,0.7508690441401171,0,1,0,1,False,False,False,False,False,True
ENSPD000078,Male,22.0,5,0.6562986003110421,22.0,0.5690423162583519,0.636,0.635,0.0,0.1,11.5,No,No,Low,1.0,No,Salle 7,70.0,0.7486111111111111,0.1823904405333939,0.0,0.6476742668343078,1,0,0,0,False,False,True,False,False,False
ENSPD001358,Male,23.0,2,0.9813374805598755,1.0,0.7828507795100222,0.7000000000000001,0.674,2.0,0.1,6.8,Yes,No,High,0.0,Yes,Salle 6,231.0,0.7041666666666668,0.28871646897320835,0.3952,0.9860656366780134,1,0,1,1,False,False,False,False,True,False
ENSPD000787,Female,25.0,4,0.6283048211508552,24.0,0.46770601336302897,0.45299999999999996,0.742,1.0,1.8,13.3,Yes,No,Middle,2.0,Yes,Salle 28,173.0,0.43194444444444435,0.3097271556971005,0.1522,0.6476742668343078,0,0,1,1,False,False,True,False,False,False
ENSPD000392,Male,22.0,5,0.6609642301710731,22.0,0.5601336302895323,0.55,0.42600000000000005,2.0,1.0,11.5,No,No,Middle,1.0,Yes,Salle 12,70.0,0.3583333333333333,0.37303622174831064,0.3128,0.6476742668343078,1,0,1,0,False,False,True,False,False,False
ENSPD002140,Female,23.0,4,0.5567651632970451,28.0,0.6002227171492205,0.75,0.7170000000000001,1.0,0.5,6.9,Yes,No,Low,2.0,Yes,Salle 25,230.0,0.6736111111111112,0.1781038904535769,0.14300000000000002,0.5818364233587374,0,0,1,1,False,False,False,True,False,False
ENSPD004588,Male,21.0,1,0.6625194401244167,22.0,0.5311804008908686,0.461,0.327,1.0,3.3,27.2,Yes,No,Low,1.0,No,Salle 9,186.0,0.21944444444444444,0.5071050390528439,0.1566,0.9860656366780134,1,0,0,1,False,False,False,False,True,False
ENSPD002590,Female,23.0,3,0.7231726283048211,0.0,0.8674832962138084,0.627,0.635,2.0,2.5,14.0,Yes,Yes,Middle,3.0,Yes,Salle 23,263.0,0.6722222222222222,0.2272137366935255,0.32880000000000004,0.5818364233587374,0,1,1,1,False,False,False,True,False,False
ENSPD002640,Female,22.0,1,0.3934681181959564,39.0,0.5801781737193764,0.828,0.833,0.0,0.0,0.0,No,No,Middle,2.0,Yes,Salle 10,143.0,0.6124999999999999,0.14853351741889867,0.0,0.900740336465212,0,0,1,0,True,False,False,False,False,False
ENSPD001030,Female,22.0,4,0.4012441679626749,38.0,0.4331848552338531,0.48700000000000004,0.358,2.0,0.1,1.3,Yes,Yes,Low,2.0,Yes,Salle 27,121.0,0.3041666666666667,0.29740786929749685,0.246,0.7508690441401171,0,1,1,1,False,False,False,False,False,True
ENSPD001520,Female,23.0,1,0.7480559875583203,16.0,0.3207126948775056,0.5810000000000001,0.554,0.0,4.5,22.9,Yes,No,Middle,1.0,Yes,Salle 25,143.0,0.37777777777777777,0.39477903830512506,0.0,0.900740336465212,0,0,1,1,True,False,False,False,False,False
ENSPD001664,Male,22.0,3,0.989113530326594,1.0,0.5935412026726058,0.428,0.13,1.0,1.4,21.4,No,Yes,Low,1.0,Yes,Salle 27,154.0,0.23749999999999993,0.655680029348004,0.1986,0.7508690441401171,1,1,1,0,False,False,False,False,False,True
ENSPD003964,Female,22.0,4,0.5863141524105754,27.0,0.6937639198218263,0.675,0.635,2.0,1.7,7.8,Yes,No,High,4.0,Yes,Salle 4,93.0,0.7097222222222221,0.17506821719554264,0.2936,1.0,0,0,1,1,False,False,False,False,False,False
ENSPD001865,Other,17.0,1,0.609642301710731,25.0,0.6146993318485524,0.7859999999999999,0.374,1.0,1.2,10.3,Yes,No,High,3.0,No,Salle 17,186.0,0.48611111111111116,0.27243695283674363,0.14980000000000002,0.9860656366780134,2,0,0,1,False,False,False,False,True,False
ENSPD003989,Male,23.0,2,0.609642301710731,25.0,0.6113585746102449,0.48700000000000004,0.5870000000000001,0.0,0.5,5.4,No,No,Middle,1.0,Yes,Salle 24,71.0,0.6124999999999999,0.21577987891796377,0.0,0.0,1,0,1,0,False,True,False,False,False,False
ENSPD001779,Male,21.0,1,0.7449455676516329,16.0,0.46770601336302897,0.731,0.5910000000000001,3.0,1.4,13.7,Yes,No,High,3.0,No,Salle 21,248.0,0.5208333333333334,0.30184529955265194,0.5015999999999999,0.5818364233587374,1,0,0,1,False,False,False,True,False,False
ENSPD003945,Male,24.0,3,0.926905132192846,5.0,0.623608017817372,0.604,0.951,1.0,1.0,5.9,Yes,No,High,1.0,Yes,Salle 13,263.0,0.7083333333333333,0.27159857668447407,0.1906,0.5818364233587374,1,0,1,1,False,False,False,True,False,False
ENSPD004427,Male,25.0,2,0.989113530326594,1.0,0.534521158129176,0.761,0.369,1.0,1.5,11.8,No,No,Middle,1.0,Yes,Salle 22,298.0,0.39583333333333337,0.478780190101579,0.1986,0.5818364233587374,1,0,1,0,False,False,False,True,False,False
ENSPD002281,Male,22.0,1,0.505443234836703,32.0,0.5478841870824054,0.659,1.0,5.0,1.0,11.5,No,No,Low,1.0,No,Salle 11,149.0,0.6722222222222222,0.16355118055649873,0.682,0.6476742668343078,1,0,0,0,False,False,True,False,False,False
ENSPD004124,Female,22.0,3,0.7340590979782272,17.0,0.6603563474387528,0.9470000000000001,0.8170000000000001,3.0,6.4,21.8,No,No,High,2.0,Yes,Salle 5,212.0,0.8083333333333333,0.1850118807315583,0.49740000000000006,0.9860656366780134,0,0,1,0,False,False,False,False,True,False
ENSPD000473,Male,22.0,2,0.7356143079315708,17.0,0.4097995545657016,0.43200000000000005,0.525,3.0,7.7,37.3,Yes,Yes,Low,1.0,Yes,Salle 16,177.0,0.31805555555555554,0.4396240960151875,0.498,0.6476742668343078,1,1,1,1,False,False,True,False,False,False
ENSPD003990,Female,25.0,2,0.9828926905132193,1.0,0.5144766146993318,0.44,0.48700000000000004,1.0,0.2,5.3,Yes,No,Middle,2.0,Yes,Salle 24,185.0,0.3847222222222222,0.4860503235418089,0.1978,0.900740336465212,0,0,1,1,True,False,False,False,False,False
ENSPD003181,Male,21.0,3,0.9222395023328148,5.0,0.5233853006681515,0.7390000000000001,0.254,1.0,4.7,21.0,No,No,Low,3.0,Yes,Salle 11,263.0,0.34305555555555556,0.4991627400296367,0.19,0.5818364233587374,1,0,1,0,False,False,False,True,False,False
ENSPD003254,Male,23.0,1,0.5178849144634526,31.0,0.5512249443207128,0.609,0.41000000000000003,2.0,0.2,13.4,Yes,No,Middle,0.0,Yes,Salle 19,186.0,0.3027777777777778,0.3526592465707892,0.276,0.9860656366780134,1,0,1,1,False,False,False,False,True,False
ENSPD003806,Female,23.0,1,0.525660964230171,30.0,0.6714922048997773,0.585,0.578,1.0,0.5,2.5,Yes,No,Low,1.0,Yes,Salle 20,149.0,0.5638888888888889,0.20810070885762552,0.139,0.6476742668343078,0,0,1,1,False,False,True,False,False,False
ENSPD003926,Male,24.0,2,0.8398133748055988,10.0,0.3685968819599109,0.531,1.0,0.0,0.8,14.2,Yes,No,Middle,2.0,Yes,Salle 26,231.0,0.6319444444444444,0.2785369539600768,0.0,0.9860656366780134,1,0,1,1,False,False,False,False,True,False
ENSPD004067,Male,21.0,5,0.7791601866251944,14.0,0.5812917594654788,0.761,0.6459999999999999,1.0,2.8,25.7,No,No,Middle,0.0,No,Salle 22,70.0,0.5625,0.2919713554420428,0.1716,0.6476742668343078,1,0,0,0,False,False,True,False,False,False
ENSPD000279,Female,17.0,2,0.5660964230171072,28.0,0.7071269487750558,0.091,0.635,0.0,1.0,6.8,No,Yes,Middle,0.0,No,Salle 26,231.0,0.26111111111111107,0.4123504580251768,0.0,0.9860656366780134,0,1,0,0,False,False,False,False,True,False
ENSPD001066,Female,23.0,3,0.9999999999999999,0.0,0.2828507795100223,0.71,0.401,2.0,1.9,17.5,Yes,No,High,0.0,Yes,Salle 15,185.0,0.3847222222222222,0.49308661688528244,0.4,0.6476742668343078,0,0,1,1,False,False,True,False,False,False
ENSPD001000,Male,22.0,1,0.40746500777604966,38.0,0.6425389755011137,0.616,0.539,0.0,2.1,8.4,Yes,No,High,1.0,Yes,Salle 18,83.0,0.5277777777777778,0.18273613071750036,0.0,0.0,1,0,1,1,False,True,False,False,False,False
ENSPD001502,Male,21.0,2,0.7216174183514773,18.0,0.7616926503340756,0.616,0.322,1.0,0.5,7.4,Yes,No,Middle,3.0,No,Salle 8,185.0,0.3944444444444445,0.3714626266835913,0.16419999999999998,0.900740336465212,1,0,0,1,True,False,False,False,False,False
ENSPD004349,Female,22.0,1,0.749611197511664,16.0,0.6180400890868597,0.329,0.473,4.0,0.2,4.5,No,No,Low,0.0,Yes,Salle 16,143.0,0.28888888888888886,0.47426160550481766,0.6712,0.900740336465212,0,0,1,0,True,False,False,False,False,False
ENSPD001465,Other,19.0,1,0.6516329704510108,22.0,0.6948775055679287,0.766,0.7120000000000001,2.0,3.1,14.0,Yes,Yes,Low,1.0,Yes,Salle 4,248.0,0.6666666666666667,0.20827846891559024,0.3104,0.5818364233587374,2,1,1,1,False,False,False,True,False,False
ENSPD003508,Male,21.0,3,0.9999999999999999,0.0,0.6547884187082406,0.851,0.925,3.0,0.5,0.0,Yes,No,Middle,1.0,Yes,Salle 27,130.0,0.7763888888888888,0.2650399013344076,0.6,1.0,1,0,1,1,False,False,False,False,False,False
ENSPD004675,Male,19.0,4,0.6920684292379472,20.0,0.9420935412026725,0.725,0.574,3.0,1.4,13.6,Yes,No,Low,1.0,No,Salle 26,157.0,0.6888888888888889,0.21210762235426558,0.48120000000000007,0.900740336465212,1,0,0,1,True,False,False,False,False,False
ENSPD001337,Male,20.0,1,0.6500777604976672,22.0,0.7216035634743876,0.684,0.7020000000000001,1.0,1.1,14.0,Yes,No,High,1.0,No,Salle 6,149.0,0.5611111111111111,0.25017057330446346,0.155,0.6476742668343078,1,0,0,1,False,False,True,False,False,False
ENSPD000185,Male,20.0,3,0.4758942457231726,34.0,0.8830734966592427,0.601,0.6759999999999999,0.0,0.2,12.8,Yes,No,Middle,1.0,Yes,Salle 14,154.0,0.5958333333333332,0.1799972224390178,0.0,0.7508690441401171,1,0,1,1,False,False,False,False,False,True
ENSPD004421,Male,19.0,4,0.5194401244167962,31.0,0.4788418708240535,0.26,0.7070000000000001,2.0,0.2,0.6,Yes,No,Middle,1.0,No,Salle 12,121.0,0.5,0.23346015301926124,0.2764,0.7508690441401171,1,0,0,1,False,False,False,False,False,True
ENSPD000068,Female,23.0,1,0.8211508553654744,12.0,0.9064587973273941,0.515,0.667,1.0,0.4,2.8,No,No,Middle,1.0,Yes,Salle 25,149.0,0.6069444444444445,0.28413482766305054,0.177,0.6476742668343078,0,0,1,0,False,False,True,False,False,False
ENSPD002263,Female,20.0,4,0.7060653188180402,19.0,0.6102449888641426,0.369,0.48100000000000004,0.0,1.8,9.7,No,Yes,Low,1.0,No,Salle 19,178.0,0.35138888888888886,0.3978612290820671,0.0,0.9860656366780134,0,1,0,0,False,False,False,False,True,False
ENSPD004370,Male,27.0,5,0.6811819595645411,20.0,0.6080178173719376,0.616,0.5579999999999999,2.0,4.3,32.2,No,No,Middle,1.0,Yes,Salle 8,80.0,0.6875,0.2094660329083707,0.318,0.900740336465212,1,0,1,0,True,False,False,False,False,False
ENSPD003187,Male,22.0,5,0.5816485225505442,27.0,0.4543429844097996,0.929,0.6859999999999999,0.0,0.7,8.2,Yes,No,High,0.0,Yes,Salle 30,40.0,0.5902777777777778,0.2156841511526942,0.0,0.0,1,0,1,1,False,True,False,False,False,False
ENSPD004982,Male,22.0,4,0.6920684292379472,20.0,0.7338530066815144,0.733,0.38,3.0,2.8,18.5,Yes,No,Low,1.0,Yes,Salle 20,178.0,0.4569444444444445,0.31888163920002666,0.48120000000000007,0.9860656366780134,1,0,1,1,False,False,False,False,True,False
ENSPD003363,Female,23.0,1,0.975116640746501,2.0,0.7394209354120267,0.355,0.36600000000000005,3.0,1.5,9.2,Yes,No,Low,1.0,Yes,Salle 19,96.0,0.3944444444444445,0.4743132523678525,0.5904000000000001,1.0,0,0,1,1,False,False,False,False,False,False
ENSPD003664,Male,21.0,4,0.5972006220839813,26.0,0.38752783964365256,0.73,0.8370000000000001,1.0,0.5,2.8,No,No,Middle,0.0,No,Salle 1,173.0,0.5722222222222223,0.22805258528802627,0.1482,0.6476742668343078,1,0,0,0,False,False,True,False,False,False
ENSPD002164,Female,24.0,2,0.8133748055987559,12.0,0.24387527839643658,0.405,0.551,2.0,0.3,2.0,No,Yes,Middle,0.0,No,Salle 3,71.0,0.25416666666666665,0.5438280487836515,0.352,0.0,0,1,0,0,False,True,False,False,False,False
ENSPD002798,Female,20.0,4,0.5769828926905131,27.0,0.6291759465478842,0.691,0.513,1.0,4.1,22.4,Yes,No,Middle,0.0,No,Salle 4,230.0,0.5916666666666666,0.2136491572278125,0.1456,0.5818364233587374,0,0,0,1,False,False,False,True,False,False
ENSPD001480,Male,20.0,5,0.7185069984447902,18.0,0.7405345211581292,0.6829999999999999,0.747,1.0,2.0,11.6,Yes,No,Middle,1.0,Yes,Salle 28,109.0,0.6861111111111111,0.2207197056997137,0.1638,0.5818364233587374,1,0,1,1,False,False,False,True,False,False
ENSPD003403,Other,22.0,2,0.6749611197511663,21.0,0.6002227171492205,0.536,0.17800000000000002,1.0,1.4,5.0,Yes,No,Middle,0.0,Yes,Salle 26,161.0,0.24305555555555558,0.4862011711353832,0.15819999999999998,0.7508690441401171,2,0,1,1,False,False,False,False,False,True
ENSPD002739,Female,21.0,3,0.5194401244167962,31.0,0.5835189309576838,0.71,0.557,1.0,1.8,9.7,No,No,Low,2.0,Yes,Salle 11,130.0,0.4472222222222222,0.2595276384937879,0.1382,1.0,0,0,1,0,False,False,False,False,False,False
ENSPD003495,Female,20.0,4,0.9999999999999999,0.0,0.40868596881959907,0.588,0.8290000000000001,2.0,1.4,22.9,Yes,No,Middle,4.0,Yes,Salle 24,173.0,0.5694444444444444,0.3605707759174883,0.4,0.6476742668343078,0,0,1,1,False,False,True,False,False,False
ENSPD002983,Female,18.0,4,0.45256609642301704,35.0,0.6124721603563474,0.5750000000000001,0.633,0.0,1.4,6.3,No,No,Middle,1.0,Yes,Salle 27,173.0,0.5458333333333333,0.19099373703338887,0.0,0.6476742668343078,0,0,1,0,False,False,True,False,False,False
ENSPD003326,Female,22.0,4,0.6796267496111975,21.0,0.47327394209354123,0.691,0.434,1.0,0.3,0.0,Yes,Yes,Middle,2.0,Yes,Salle 15,157.0,0.38750000000000007,0.3593281954768309,0.15880000000000002,0.900740336465212,0,1,1,1,True,False,False,False,False,False
ENSPD004790,Male,22.0,1,0.6905132192846034,20.0,0.5089086859688196,0.623,0.37700000000000006,2.0,0.2,3.3,Yes,No,Middle,0.0,Yes,Salle 3,186.0,0.29999999999999993,0.4355583352612925,0.32039999999999996,0.9860656366780134,1,0,1,1,False,False,False,False,True,False
ENSPD002373,Female,24.0,2,0.7698289269051323,15.0,0.690423162583519,0.616,0.635,1.0,1.5,12.7,Yes,Yes,Low,2.0,Yes,Salle 29,177.0,0.6805555555555556,0.23763605588654793,0.1704,0.900740336465212,0,1,1,1,True,False,False,False,False,False
ENSPD001795,Male,23.0,2,0.968895800933126,2.0,0.7216035634743876,0.6779999999999999,0.564,4.0,4.3,23.4,No,No,Middle,1.0,No,Salle 13,231.0,0.6430555555555555,0.3125267943111256,0.784,0.9860656366780134,1,0,0,0,False,False,False,False,True,False
ENSPD004431,Female,22.0,2,0.8304821150855365,11.0,0.8062360801781737,0.743,0.511,3.0,1.6,8.7,No,No,Middle,1.0,Yes,Salle 3,231.0,0.5625,0.30883857735672093,0.5346,0.9860656366780134,0,0,1,0,False,False,False,False,True,False
ENSPD000035,Female,23.0,1,0.9999999999999999,0.0,0.8273942093541203,0.539,0.635,0.0,2.1,6.5,Yes,No,Low,1.0,Yes,Salle 4,248.0,0.5611111111111111,0.3653551826204786,0.0,0.5818364233587374,0,0,1,1,False,False,False,True,False,False
ENSPD002382,Female,25.0,3,0.7480559875583203,16.0,0.7828507795100222,0.7000000000000001,0.795,1.0,2.2,11.7,Yes,No,Middle,3.0,Yes,Salle 22,185.0,0.6513888888888888,0.24264350484227878,0.1676,0.6476742668343078,0,0,1,1,False,False,True,False,False,False
ENSPD001914,Male,18.0,4,0.8600311041990668,9.0,0.8719376391982183,0.40700000000000003,0.663,0.0,4.4,30.0,Yes,No,Low,0.0,Yes,Salle 22,70.0,0.6041666666666667,0.2976297823946905,0.0,0.0,1,0,1,1,False,True,False,False,False,False
ENSPD004035,Male,20.0,2,0.7231726283048211,17.0,0.5879732739420935,0.47200000000000003,0.635,1.0,1.5,11.5,Yes,No,Middle,1.0,Yes,Salle 30,185.0,0.5708333333333333,0.2696502480182007,0.16440000000000002,0.900740336465212,1,0,1,1,True,False,False,False,False,False
ENSPD002252,Female,24.0,4,0.46189735614307936,35.0,0.7505567928730512,0.585,0.8340000000000001,1.0,1.5,13.3,Yes,Yes,Middle,1.0,No,Salle 2,173.0,0.6444444444444444,0.1593645038388494,0.13080000000000003,0.6476742668343078,0,1,0,1,False,False,True,False,False,False
ENSPD001226,Female,22.0,3,0.6438569206842922,23.0,0.3763919821826281,0.833,0.604,2.0,2.6,12.8,Yes,No,Middle,2.0,No,Salle 1,188.0,0.4930555555555556,0.2810704798072383,0.3084,0.900740336465212,0,0,0,1,True,False,False,False,False,False
ENSPD004125,Female,24.0,1,0.7620528771384137,15.0,0.5144766146993318,1.0,0.588,3.0,0.2,8.2,Yes,No,Middle,2.0,Yes,Salle 16,149.0,0.7180555555555557,0.2216124539799467,0.5082000000000001,0.6476742668343078,0,0,1,1,False,False,True,False,False,False
ENSPD000954,Female,22.0,2,0.500777604976672,32.0,0.5089086859688196,0.5910000000000001,0.716,2.0,0.6,5.9,No,No,Middle,3.0,Yes,Salle 18,231.0,0.5097222222222222,0.2224963509534034,0.2716,0.9860656366780134,0,0,1,0,False,False,False,False,True,False
ENSPD004751,Male,23.0,1,0.7511664074650078,16.0,0.5779510022271716,0.639,0.63,0.0,0.2,12.9,No,No,High,0.0,Yes,Salle 6,83.0,0.4736111111111111,0.3307260841454911,0.0,0.0,1,0,1,0,False,True,False,False,False,False
ENSPD002853,Male,22.0,1,0.43079315707620525,37.0,0.5835189309576838,0.5479999999999999,0.378,2.0,0.5,11.5,No,No,Low,1.0,No,Salle 6,83.0,0.2930555555555555,0.3193899335440562,0.2536,0.0,1,0,0,0,False,True,False,False,False,False
ENSPD002725,Male,19.0,1,0.8475894245723173,10.0,0.6826280623608018,0.72,0.731,1.0,0.4,9.6,No,No,Middle,0.0,Yes,Salle 17,248.0,0.7194444444444443,0.24499802580716043,0.1804,0.5818364233587374,1,0,1,0,False,False,False,True,False,False
ENSPD004241,Female,22.0,3,0.7480559875583203,16.0,0.5456570155902005,0.948,0.721,1.0,0.4,4.0,Yes,No,Middle,0.0,Yes,Salle 29,130.0,0.7763888888888888,0.1983580581952201,0.1676,1.0,0,0,1,1,False,False,False,False,False,False
ENSPD004290,Female,18.0,3,0.5427682737169516,29.0,0.7238307349665924,0.633,0.685,0.0,4.8,18.6,Yes,Yes,Low,4.0,Yes,Salle 30,130.0,0.5805555555555555,0.20706278368975364,0.0,1.0,0,1,1,1,False,False,False,False,False,False
ENSPD000377,Female,22.0,3,0.5272161741835147,30.0,0.38195991091314035,0.42,0.41100000000000003,0.0,0.1,2.5,No,No,Low,2.0,Yes,Salle 22,154.0,0.2930555555555555,0.3649576205610686,0.0,0.7508690441401171,0,0,1,0,False,False,False,False,False,True
ENSPD001506,Male,26.0,1,0.47278382581648504,34.0,0.6113585746102449,0.452,0.637,1.0,0.3,3.4,Yes,No,Low,0.0,Yes,Salle 12,248.0,0.3138888888888889,0.3233231107354124,0.13219999999999998,0.5818364233587374,1,0,1,1,False,False,False,True,False,False
ENSPD000098,Male,21.0,2,0.7231726283048211,18.0,0.7739420935412027,0.616,0.518,1.0,1.3,6.3,Yes,No,Middle,2.0,Yes,Salle 28,177.0,0.5208333333333334,0.29433584501378673,0.16440000000000002,0.6476742668343078,1,0,1,1,False,False,True,False,False,False
ENSPD001490,Male,21.0,1,0.7869362363919129,14.0,0.5890868596881961,0.794,0.798,1.0,1.5,16.6,No,No,Middle,1.0,No,Salle 18,143.0,0.7458333333333333,0.21881094508985097,0.1726,0.900740336465212,1,0,0,0,True,False,False,False,False,False
ENSPD003545,Female,24.0,2,0.8242612752721618,11.0,0.6848552338530067,0.568,0.529,2.0,0.2,5.7,Yes,No,Middle,2.0,Yes,Salle 16,185.0,0.5263888888888889,0.3260864233008788,0.3548,0.900740336465212,0,0,1,1,True,False,False,False,False,False
ENSPD004435,Male,19.0,3,0.5458786936236392,29.0,0.49777282850779514,0.948,0.498,0.0,1.4,8.5,Yes,No,Middle,1.0,Yes,Salle 26,188.0,0.5625,0.21530216492077855,0.0,0.900740336465212,1,0,1,1,True,False,False,False,False,False
ENSPD002085,Male,24.0,4,0.8740279937791603,8.0,0.34075723830734966,0.7240000000000001,0.87,0.0,0.6,8.5,No,Yes,Low,0.0,Yes,Salle 13,157.0,0.638888888888889,0.2858164054939948,0.0,0.900740336465212,1,1,1,0,True,False,False,False,False,False
ENSPD003252,Male,24.0,2,0.7060653188180402,19.0,0.5100222717149221,0.6070000000000001,0.778,4.0,5.0,29.1,No,No,Middle,0.0,Yes,Salle 27,161.0,0.5527777777777778,0.2725541723115362,0.6487999999999999,0.7508690441401171,1,0,1,0,False,False,False,False,False,True
ENSPD002097,Male,24.0,3,0.8398133748055988,10.0,0.6124721603563474,0.428,0.7709999999999999,4.0,2.4,11.3,Yes,No,Middle,1.0,No,Salle 7,154.0,0.5694444444444444,0.3083346153210095,0.7176,0.7508690441401171,1,0,0,1,False,False,False,False,False,True
ENSPD000458,Male,24.0,2,0.7060653188180402,19.0,0.8118040089086859,0.526,0.718,0.0,1.3,8.7,No,Yes,Low,1.0,Yes,Salle 10,185.0,0.5958333333333332,0.25289752144842015,0.0,0.900740336465212,1,1,1,0,True,False,False,False,False,False
ENSPD004623,Male,17.0,4,0.9999999999999999,0.0,0.6414253897550111,0.5970000000000001,0.998,1.0,4.4,26.7,Yes,No,Low,0.0,Yes,Salle 17,178.0,0.7375,0.28014508525099135,0.2,0.9860656366780134,1,0,1,1,False,False,False,False,True,False
ENSPD004104,Male,24.0,3,0.5847589424572316,27.0,0.6336302895322939,0.55,0.85,0.0,0.4,11.5,No,No,Middle,0.0,Yes,Salle 17,188.0,0.5597222222222222,0.22926038450218458,0.0,0.900740336465212,1,0,1,0,True,False,False,False,False,False
ENSPD001623,Male,22.0,2,0.9253499222395024,5.0,0.46770601336302897,0.616,0.621,0.0,0.2,12.3,Yes,No,High,2.0,Yes,Salle 20,231.0,0.38194444444444453,0.4647849968524286,0.0,0.9860656366780134,1,0,1,1,False,False,False,False,True,False
ENSPD003152,Male,24.0,2,0.8118195956454123,12.0,0.7048997772828508,0.87,0.37200000000000005,2.0,5.0,22.5,No,No,Middle,1.0,Yes,Salle 26,161.0,0.4805555555555555,0.34856594409552455,0.3516,0.7508690441401171,1,0,1,0,False,False,False,False,False,True
ENSPD002804,Female,20.0,3,0.8133748055987559,12.0,0.5879732739420935,0.58,0.642,1.0,0.4,8.3,Yes,No,Middle,0.0,No,Salle 3,130.0,0.5708333333333333,0.29901903927945594,0.176,1.0,0,0,0,1,False,False,False,False,False,False
ENSPD000312,Male,20.0,1,0.7153965785381026,18.0,0.5100222717149221,0.763,1.0,1.0,1.4,32.7,Yes,No,Low,1.0,Yes,Salle 25,121.0,0.6986111111111111,0.21533624769192125,0.16340000000000002,0.7508690441401171,1,0,1,1,False,False,False,False,False,True
ENSPD001181,Female,21.0,5,0.7418351477449457,17.0,0.6447661469933185,0.389,0.11599999999999999,2.0,0.6,6.9,Yes,Yes,Low,0.0,Yes,Salle 5,109.0,0.15277777777777785,0.6474024414591141,0.3336,0.5818364233587374,0,1,1,1,False,False,False,True,False,False
ENSPD000668,Male,20.0,5,0.3530326594090202,42.0,0.6826280623608018,0.778,1.0,1.0,0.6,5.1,No,No,Low,1.0,Yes,Salle 23,40.0,0.7763888888888888,0.0938075140140251,0.1168,0.0,1,0,1,0,False,True,False,False,False,False
ENSPD003536,Male,22.0,4,0.8211508553654744,12.0,0.4855233853006682,0.5750000000000001,0.9890000000000001,2.0,0.9,7.6,No,Yes,High,1.0,Yes,Salle 16,157.0,0.6541666666666666,0.26330384594898004,0.354,0.900740336465212,1,1,1,0,True,False,False,False,False,False
ENSPD003135,Male,24.0,1,0.9082426127527216,6.0,0.5991091314031181,0.529,0.627,2.0,1.7,11.4,Yes,No,Middle,1.0,Yes,Salle 1,248.0,0.5444444444444444,0.3444152098525173,0.3764,0.5818364233587374,1,0,1,1,False,False,False,True,False,False
ENSPD001646,Female,17.0,2,0.5660964230171072,28.0,0.7472160356347438,0.51,0.579,2.0,1.4,4.5,No,No,High,1.0,Yes,Salle 19,119.0,0.48749999999999993,0.25608105053201047,0.2884,1.0,0,0,1,0,False,False,False,False,False,False
ENSPD004474,Male,23.0,4,0.5085536547433903,32.0,0.7917594654788419,0.632,0.616,0.0,7.3,36.4,No,Yes,Middle,2.0,No,Salle 20,230.0,0.5736111111111111,0.1986988283341374,0.0,0.5818364233587374,1,1,0,0,False,False,False,True,False,False
ENSPD003752,Female,22.0,3,0.7465007776049767,16.0,0.3986636971046771,0.644,0.882,1.0,2.1,7.5,No,No,High,1.0,Yes,Salle 30,263.0,0.5944444444444444,0.26632899843477487,0.16740000000000002,0.5818364233587374,0,0,1,0,False,False,False,True,False,False
ENSPD001700,Male,21.0,2,0.6376360808709175,23.0,0.7071269487750558,0.655,1.0,1.0,0.4,6.1,Yes,No,Middle,1.0,Yes,Salle 10,161.0,0.8180555555555555,0.1575970144351921,0.1534,0.7508690441401171,1,0,1,1,False,False,False,False,False,True
ENSPD000701,Male,22.0,2,0.37947122861586313,40.0,0.6124721603563474,0.62,0.585,0.0,0.3,9.2,No,No,Middle,2.0,Yes,Salle 16,161.0,0.42361111111111116,0.21781591382332463,0.0,0.7508690441401171,1,0,1,0,False,False,False,False,False,True
ENSPD004616,Male,26.0,1,0.7542768273716952,16.0,0.6113585746102449,0.304,0.635,1.0,0.1,7.1,Yes,Yes,High,4.0,No,Salle 13,248.0,0.5486111111111112,0.2906572582801127,0.16840000000000002,0.5818364233587374,1,1,0,1,False,False,False,True,False,False
ENSPD003365,Female,24.0,2,0.9999999999999999,0.0,0.45322939866369716,0.6559999999999999,0.42600000000000005,1.0,4.5,23.5,No,No,Middle,4.0,Yes,Salle 29,231.0,0.3388888888888889,0.5374329941873475,0.2,0.9860656366780134,0,0,1,0,False,False,False,False,True,False
ENSPD004148,Male,21.0,1,0.9797822706065319,1.0,0.7717149220489978,0.863,0.668,2.0,6.9,34.2,No,No,High,1.0,Yes,Salle 8,121.0,0.7194444444444443,0.2818980561979294,0.39480000000000004,0.7508690441401171,1,0,1,0,False,False,False,False,False,True
ENSPD004399,Male,22.0,4,0.6531881804043546,22.0,0.556792873051225,0.624,0.504,1.0,0.1,2.7,Yes,No,Middle,0.0,Yes,Salle 12,173.0,0.46666666666666656,0.2988148820880625,0.1554,0.6476742668343078,1,0,1,1,False,False,True,False,False,False
ENSPD002717,Female,22.0,5,0.8989113530326595,6.0,0.5211581291759466,0.625,0.63,0.0,1.9,15.8,Yes,No,Middle,1.0,Yes,Salle 23,70.0,0.4819444444444444,0.3792012000578492,0.0,0.6476742668343078,0,0,1,1,False,False,True,False,False,False
ENSPD002873,Female,19.0,3,0.7620528771384137,15.0,0.4376391982182628,0.616,0.489,1.0,2.2,11.7,Yes,No,Low,1.0,No,Salle 17,263.0,0.36111111111111116,0.4139387139911145,0.16940000000000002,0.5818364233587374,0,0,0,1,False,False,False,True,False,False
ENSPD000640,Male,20.0,4,0.8786936236391912,8.0,0.5902004454342985,0.21300000000000002,0.579,1.0,3.1,17.0,Yes,No,Middle,0.0,Yes,Salle 18,121.0,0.37222222222222223,0.4538087459927813,0.1844,0.7508690441401171,1,0,1,1,False,False,False,False,False,True
ENSPD000216,Male,21.0,2,0.41835147744945567,37.0,0.5111358574610245,0.618,0.375,2.0,5.8,31.7,Yes,No,Middle,1.0,Yes,Salle 18,177.0,0.30972222222222223,0.30137608135043725,0.2504,0.6476742668343078,1,0,1,1,False,False,True,False,False,False
ENSPD000687,Male,24.0,5,0.3514774494556764,42.0,0.6091314031180401,0.799,0.518,1.0,4.2,15.2,Yes,No,High,1.0,Yes,Salle 10,70.0,0.45000000000000007,0.1948230257310903,0.1166,0.6476742668343078,1,0,1,1,False,False,True,False,False,False
ENSPD002153,Female,22.0,4,0.7231726283048211,23.0,0.6481069042316259,0.616,0.563,1.0,1.3,11.3,No,Yes,Middle,2.0,No,Salle 17,173.0,0.5083333333333333,0.3009716471385362,0.16440000000000002,0.6476742668343078,0,1,0,0,False,False,True,False,False,False
ENSPD002296,Male,22.0,5,0.926905132192846,5.0,0.6202672605790647,0.535,0.841,0.0,3.9,14.6,No,No,Middle,0.0,No,Salle 30,70.0,0.6402777777777777,0.30116650107608545,0.0,0.6476742668343078,1,0,0,0,False,False,True,False,False,False
ENSPD000480,Male,20.0,3,0.76049766718507,15.0,0.6336302895322939,0.36600000000000005,0.798,1.0,2.2,13.8,Yes,No,Middle,1.0,No,Salle 29,212.0,0.5277777777777778,0.3035017974831856,0.1692,0.9860656366780134,1,0,0,1,False,False,False,False,True,False
ENSPD000047,Male,26.0,2,0.8164852255054432,12.0,0.5456570155902005,0.981,0.474,2.0,1.0,8.6,Yes,No,Middle,1.0,Yes,Salle 9,231.0,0.5319444444444444,0.32036513303627445,0.3528,0.9860656366780134,1,0,1,1,False,False,False,False,True,False
ENSPD001611,Female,22.0,3,0.4339035769828927,36.0,0.6670378619153674,0.648,0.518,0.0,7.4,34.9,Yes,No,Low,0.0,Yes,Salle 27,185.0,0.5388888888888889,0.18741436373094547,0.0,0.6476742668343078,0,0,1,1,False,False,True,False,False,False
ENSPD000042,Male,20.0,2,0.8740279937791603,8.0,0.700445434298441,0.629,0.663,1.0,0.1,0.3,Yes,No,Middle,2.0,Yes,Salle 18,231.0,0.6458333333333334,0.2827145923103699,0.18380000000000002,0.9860656366780134,1,0,1,1,False,False,False,False,True,False
ENSPD004117,Female,22.0,1,0.7620528771384137,15.0,0.7928730512249444,0.648,0.547,1.0,0.3,5.3,Yes,No,Middle,1.0,Yes,Salle 23,143.0,0.5277777777777778,0.3040338048257658,0.16940000000000002,0.900740336465212,0,0,1,1,True,False,False,False,False,False
ENSPD003179,Female,21.0,1,0.962674961119751,2.0,0.5757238307349666,0.741,0.534,1.0,1.0,10.4,No,Yes,Low,1.0,Yes,Salle 13,96.0,0.5805555555555555,0.342307236193893,0.19519999999999998,1.0,0,1,1,0,False,False,False,False,False,False
ENSPD000122,Female,23.0,3,0.56298600311042,28.0,0.5812917594654788,0.37700000000000006,0.715,1.0,0.6,14.1,No,No,Middle,1.0,Yes,Salle 27,185.0,0.4625,0.2677565480654963,0.1438,0.6476742668343078,0,0,1,0,False,False,True,False,False,False
ENSPD003932,Male,20.0,2,0.3825816485225505,40.0,0.532293986636971,0.58,0.5820000000000001,2.0,5.5,23.0,Yes,No,High,1.0,Yes,Salle 14,119.0,0.40694444444444444,0.22738521682283738,0.2412,1.0,1,0,1,1,False,False,False,False,False,False
ENSPD000600,Male,26.0,1,0.9860031104199066,1.0,0.5111358574610245,0.469,0.688,1.0,0.3,3.8,Yes,No,High,4.0,Yes,Salle 26,186.0,0.4291666666666667,0.4498342886122677,0.1982,0.9860656366780134,1,0,1,1,False,False,False,False,True,False
ENSPD000943,Female,23.0,4,0.7573872472783826,16.0,0.7394209354120267,0.657,0.62,1.0,1.4,6.8,Yes,No,Middle,2.0,Yes,Salle 28,93.0,0.5902777777777778,0.27168339041483913,0.1688,1.0,0,0,1,1,False,False,False,False,False,False
ENSPD002598,Male,20.0,5,0.7247278382581649,18.0,0.7984409799554566,0.434,0.413,2.0,0.5,14.1,No,No,Middle,3.0,Yes,Salle 14,70.0,0.3916666666666666,0.3747452236631754,0.3292,0.6476742668343078,1,0,1,0,False,False,True,False,False,False
ENSPD004901,Male,22.0,4,0.7231726283048211,6.0,0.690423162583519,0.76,0.688,1.0,1.8,10.5,No,No,Middle,0.0,Yes,Salle 21,178.0,0.6513888888888888,0.23521209827078735,0.16440000000000002,0.9860656366780134,1,0,1,0,False,False,False,False,True,False
ENSPD000442,Other,22.0,3,0.9657853810264384,2.0,0.556792873051225,0.6729999999999999,0.772,5.0,1.0,15.1,Yes,No,Low,0.0,Yes,Salle 16,212.0,0.6875,0.29142297359563685,0.978,0.9860656366780134,2,0,1,1,False,False,False,False,True,False
ENSPD002392,Male,21.0,4,0.43234836702954893,36.0,0.7850779510022272,0.9059999999999999,0.508,3.0,0.7,11.8,Yes,No,Low,0.0,Yes,Salle 7,230.0,0.6861111111111111,0.13820140766890585,0.381,0.5818364233587374,1,0,1,1,False,False,False,True,False,False
ENSPD004486,Female,20.0,3,0.7325038880248832,17.0,0.37082405345211583,0.441,0.25,0.0,0.5,3.6,Yes,Yes,Low,2.0,Yes,Salle 28,154.0,0.15972222222222227,0.6303320557152711,0.0,0.7508690441401171,0,1,1,1,False,False,False,False,False,True
ENSPD001157,Male,20.0,3,0.7667185069984447,15.0,0.5879732739420935,0.36200000000000004,0.498,1.0,0.6,5.9,No,No,Middle,2.0,No,Salle 13,212.0,0.3569444444444444,0.4193749317456128,0.17,0.9860656366780134,1,0,0,0,False,False,False,False,True,False
ENSPD003888,Female,20.0,1,0.6671850699844478,21.0,0.5657015590200446,0.624,0.535,3.0,1.4,16.7,No,No,Middle,1.0,Yes,Salle 15,248.0,0.461111111111111,0.30716924604553064,0.47159999999999996,0.5818364233587374,0,0,1,0,False,False,False,True,False,False
ENSPD000907,Female,21.0,3,0.5396578538102644,30.0,0.3953229398663698,0.546,0.8420000000000001,1.0,8.1,36.3,Yes,Yes,Middle,1.0,Yes,Salle 18,188.0,0.5166666666666666,0.23291745824300333,0.1408,0.900740336465212,0,1,1,1,True,False,False,False,False,False
ENSPD000697,Male,18.0,3,0.6547433903576981,22.0,0.27282850779510026,1.0,0.635,1.0,1.8,8.7,No,No,High,1.0,Yes,Salle 20,263.0,0.5791666666666667,0.24372843993839252,0.1556,0.5818364233587374,1,0,1,0,False,False,False,True,False,False
ENSPD004179,Male,24.0,2,0.8880248833592533,7.0,0.2906458797327394,0.511,1.0,3.0,1.1,7.7,Yes,No,Low,3.0,Yes,Salle 19,71.0,0.6180555555555556,0.29972510243398287,0.5568,0.0,1,0,1,1,False,True,False,False,False,False
ENSPD003317,Male,21.0,2,0.7387247278382582,17.0,0.3195991091314031,0.812,0.389,0.0,1.4,6.6,Yes,No,Middle,2.0,Yes,Salle 11,185.0,0.38888888888888895,0.3825048709713368,0.0,0.900740336465212,1,0,1,1,True,False,False,False,False,False
ENSPD000818,Male,23.0,4,0.7231726283048211,15.0,0.38641425389755013,0.616,0.774,0.0,9.2,38.4,Yes,No,Low,1.0,Yes,Salle 11,121.0,0.7,0.21705639701291632,0.0,0.7508690441401171,1,0,1,1,False,False,False,False,False,True
ENSPD004742,Male,24.0,2,0.6174183514774495,25.0,0.5300668151447662,0.525,0.505,1.0,1.4,13.5,Yes,No,High,1.0,Yes,Salle 30,231.0,0.3847222222222222,0.3357295112039642,0.15080000000000002,0.9860656366780134,1,0,1,1,False,False,False,False,True,False
ENSPD002061,Male,20.0,5,0.9362363919129083,4.0,0.27060133630289535,0.589,0.44799999999999995,1.0,0.1,0.0,Yes,Yes,Middle,0.0,Yes,Salle 14,48.0,0.25,0.6112860629717329,0.19180000000000003,1.0,1,1,1,1,False,False,False,False,False,False
ENSPD002611,Female,23.0,3,0.8553654743390359,9.0,0.46770601336302897,0.8420000000000001,0.526,1.0,1.5,5.8,Yes,No,Middle,0.0,Yes,Salle 21,263.0,0.4736111111111111,0.3687966405722771,0.1814,0.5818364233587374,0,0,1,1,False,False,False,True,False,False
ENSPD001548,Male,21.0,2,0.9999999999999999,0.0,0.645879732739421,0.718,0.938,1.0,2.2,5.7,No,Yes,Middle,3.0,Yes,Salle 19,185.0,0.8402777777777777,0.2424182188268381,0.2,0.900740336465212,1,1,1,0,True,False,False,False,False,False
ENSPD001537,Male,21.0,2,0.6438569206842922,23.0,0.3719376391982183,0.466,0.831,1.0,3.2,16.2,Yes,No,Low,1.0,No,Salle 5,177.0,0.4097222222222222,0.3297589215149527,0.1542,0.6476742668343078,1,0,0,1,False,False,True,False,False,False
ENSPD002722,Female,17.0,3,0.4961119751166406,32.0,0.41536748329621387,0.48200000000000004,0.9640000000000001,2.0,1.4,9.1,Yes,No,Low,2.0,Yes,Salle 22,263.0,0.5833333333333334,0.19099693523075564,0.2704,0.5818364233587374,0,0,1,1,False,False,False,True,False,False
ENSPD004700,Other,20.0,4,0.40746500777604966,38.0,0.692650334075724,0.76,0.40700000000000003,2.0,0.8,11.5,Yes,Yes,Low,0.0,Yes,Salle 25,157.0,0.41666666666666674,0.23225680487633435,0.2476,0.900740336465212,2,1,1,1,True,False,False,False,False,False
ENSPD002115,Female,22.0,2,0.5769828926905131,27.0,0.8273942093541203,0.52,0.28800000000000003,2.0,0.5,5.8,No,No,Low,0.0,Yes,Salle 1,231.0,0.3833333333333333,0.3200149546658645,0.2912,0.9860656366780134,0,0,1,0,False,False,False,False,True,False
ENSPD001777,Female,23.0,2,0.7169517884914464,18.0,0.5233853006681515,0.7690000000000001,0.85,0.0,0.8,7.5,No,Yes,Middle,0.0,No,Salle 1,231.0,0.5791666666666667,0.26379552756193914,0.0,0.9860656366780134,0,1,0,0,False,False,False,False,True,False
ENSPD002774,Male,23.0,2,0.7947122861586314,13.0,0.7171492204899776,0.768,0.099,0.0,1.6,7.9,No,Yes,Low,2.0,Yes,Salle 28,119.0,0.4111111111111111,0.3886713226859798,0.0,1.0,1,1,1,0,False,False,False,False,False,False
ENSPD001433,Male,23.0,1,0.8724727838258165,8.0,0.5935412026726058,0.466,0.78,1.0,0.5,4.5,No,No,Middle,2.0,Yes,Salle 20,143.0,0.5638888888888889,0.32190358435831434,0.18359999999999999,0.900740336465212,1,0,1,0,True,False,False,False,False,False
ENSPD002605,Male,19.0,4,0.5645412130637636,28.0,0.6815144766146994,0.818,0.219,1.0,1.4,11.5,Yes,No,Middle,0.0,No,Salle 2,230.0,0.4569444444444445,0.2712911648979712,0.14400000000000002,0.5818364233587374,1,0,0,1,False,False,False,True,False,False
ENSPD002840,Male,22.0,2,0.7729393468118196,15.0,0.5456570155902005,0.336,0.8,1.0,1.1,16.5,Yes,No,Middle,1.0,Yes,Salle 4,298.0,0.5222222222222221,0.31074689698591473,0.1708,0.5818364233587374,1,0,1,1,False,False,False,True,False,False
ENSPD002421,Male,21.0,3,0.7527216174183514,16.0,0.46993318485523383,0.845,0.23600000000000002,0.0,1.4,12.2,Yes,Yes,Middle,4.0,Yes,Salle 14,188.0,0.39861111111111114,0.38101494433078587,0.0,0.900740336465212,1,1,1,1,True,False,False,False,False,False
ENSPD004029,Female,25.0,2,0.9999999999999999,0.0,0.3775055679287305,0.624,0.371,0.0,0.3,11.1,No,No,Middle,1.0,Yes,Salle 24,298.0,0.2833333333333333,0.6001861365400155,0.0,0.5818364233587374,0,0,1,0,False,False,False,True,False,False
ENSPD004739,Male,20.0,2,0.9937791601866252,0.0,0.6269487750556793,0.512,0.8320000000000001,1.0,0.7,4.4,Yes,Yes,Middle,1.0,No,Salle 14,231.0,0.5652777777777778,0.3609136356186561,0.1992,0.9860656366780134,1,1,0,1,False,False,False,False,True,False
ENSPD002755,Female,24.0,5,0.8600311041990668,9.0,0.5456570155902005,0.698,0.718,1.0,0.5,11.5,Yes,No,High,0.0,No,Salle 17,80.0,0.638888888888889,0.28158187298202275,0.182,0.900740336465212,0,0,0,1,True,False,False,False,False,False
ENSPD003169,Female,20.0,5,0.9999999999999999,0.0,0.4131403118040089,0.473,0.718,0.0,0.4,11.1,Yes,No,High,0.0,Yes,Salle 19,60.0,0.5708333333333333,0.3597820556820529,0.0,0.7508690441401171,0,0,1,1,False,False,False,False,False,True
ENSPD003352,Male,20.0,3,0.6780715396578537,21.0,0.7984409799554566,0.484,0.6920000000000001,0.0,0.2,7.2,Yes,No,Middle,2.0,Yes,Salle 23,130.0,0.5402777777777777,0.26919117999701714,0.0,1.0,1,0,1,1,False,False,False,False,False,False
ENSPD004395,Female,20.0,1,0.942457231726283,4.0,0.6425389755011137,0.639,0.495,3.0,1.8,11.5,No,No,Middle,1.0,Yes,Salle 2,248.0,0.47638888888888886,0.3987135266985977,0.5778,0.5818364233587374,0,0,1,0,False,False,False,True,False,False
ENSPD003451,Male,19.0,1,0.4136858475894245,38.0,0.7048997772828508,0.35100000000000003,0.758,1.0,6.4,34.3,No,Yes,Middle,1.0,Yes,Salle 30,149.0,0.5527777777777778,0.17539443089302645,0.1246,0.6476742668343078,1,1,1,0,False,False,True,False,False,False
ENSPD000680,Female,25.0,3,0.8818040435458788,8.0,0.5334075723830736,0.505,0.41600000000000004,2.0,1.8,8.6,Yes,No,Middle,1.0,Yes,Salle 17,263.0,0.34444444444444444,0.4801814077909079,0.36960000000000004,0.5818364233587374,0,0,1,1,False,False,False,True,False,False
ENSPD003845,Male,22.0,2,0.9999999999999999,0.0,0.4866369710467706,0.635,0.462,1.0,6.8,31.0,No,Yes,Middle,1.0,Yes,Salle 8,298.0,0.37083333333333335,0.5059055127377056,0.2,0.5818364233587374,1,1,1,0,False,False,False,True,False,False
ENSPD000641,Male,22.0,4,0.8195956454121308,12.0,0.3396436525612473,0.394,0.609,1.0,1.1,9.2,Yes,No,Middle,1.0,Yes,Salle 22,178.0,0.3930555555555556,0.4122977983528556,0.1768,0.9860656366780134,1,0,1,1,False,False,False,False,True,False
ENSPD001456,Female,23.0,1,0.8102643856920683,12.0,0.5902004454342985,0.746,0.635,3.0,0.1,11.5,No,No,High,0.0,No,Salle 25,121.0,0.65,0.2618045903815127,0.5267999999999999,0.7508690441401171,0,0,0,0,False,False,False,False,False,True
ENSPD002914,Female,25.0,3,0.7573872472783826,16.0,0.7561247216035635,0.574,0.418,1.0,0.3,7.9,No,No,Middle,1.0,No,Salle 19,104.0,0.5027777777777778,0.3160442713297228,0.1688,0.0,0,0,0,0,False,True,False,False,False,False
ENSPD003809,Male,22.0,2,0.6780715396578537,21.0,0.39755011135857465,0.623,0.469,1.0,1.7,16.7,No,No,Middle,0.0,No,Salle 4,231.0,0.36111111111111116,0.37820339294051486,0.1586,0.9860656366780134,1,0,0,0,False,False,False,False,True,False
ENSPD004235,Male,25.0,2,0.5163297045101088,31.0,0.8307349665924276,0.614,0.679,3.0,0.4,10.8,Yes,No,High,1.0,Yes,Salle 9,161.0,0.6680555555555555,0.16805258611409488,0.41340000000000005,0.7508690441401171,1,0,1,1,False,False,False,False,False,True
ENSPD001131,Female,23.0,3,0.3716951788491446,40.0,0.4142538975501113,1.0,0.615,0.0,0.7,10.9,Yes,No,Middle,0.0,Yes,Salle 7,263.0,0.6680555555555555,0.12558452074081103,0.0,0.5818364233587374,0,0,1,1,False,False,False,True,False,False
ENSPD002816,Female,23.0,1,0.7231726283048211,18.0,0.5489977728285078,0.7090000000000001,0.35100000000000003,0.0,2.1,9.9,Yes,No,Middle,0.0,Yes,Salle 18,248.0,0.4555555555555555,0.33134097445860045,0.0,0.5818364233587374,0,0,1,1,False,False,False,True,False,False
ENSPD002695,Female,23.0,1,0.880248833592535,8.0,0.7305122494432071,0.6070000000000001,0.766,0.0,3.0,11.5,No,No,Middle,0.0,No,Salle 9,83.0,0.6291666666666667,0.2921362643177733,0.0,0.0,0,0,0,0,False,True,False,False,False,False
ENSPD004730,Male,25.0,1,0.5769828926905131,27.0,0.32628062360801785,0.413,0.495,1.0,0.8,12.2,Yes,No,Middle,0.0,Yes,Salle 28,149.0,0.26388888888888895,0.4151022727363316,0.1456,0.6476742668343078,1,0,1,1,False,False,True,False,False,False
ENSPD002142,Male,22.0,1,0.7231726283048211,18.0,0.6358574610244989,0.6409999999999999,0.7290000000000001,1.0,3.0,17.3,Yes,No,Middle,5.0,No,Salle 17,96.0,0.6069444444444445,0.25347402738489655,0.16440000000000002,1.0,1,0,0,1,False,False,False,False,False,False
ENSPD004206,Male,25.0,5,0.6376360808709175,23.0,0.5690423162583519,0.799,0.43,0.0,4.9,24.1,Yes,No,Middle,1.0,Yes,Salle 7,80.0,0.4888888888888888,0.28103723750985077,0.0,0.900740336465212,1,0,1,1,True,False,False,False,False,False
ENSPD004017,Female,22.0,3,0.7527216174183514,16.0,0.7427616926503342,0.66,0.812,1.0,0.1,0.0,No,No,Middle,1.0,Yes,Salle 9,185.0,0.6861111111111111,0.23058602394252767,0.1682,0.6476742668343078,0,0,1,0,False,False,True,False,False,False
ENSPD004744,Other,23.0,3,0.40902021772939345,38.0,0.5334075723830736,0.649,0.30100000000000005,3.0,0.2,11.5,Yes,No,Low,0.0,Yes,Salle 15,188.0,0.31805555555555554,0.29130830423867793,0.372,0.900740336465212,2,0,1,1,True,False,False,False,False,False
ENSPD002782,Female,17.0,2,0.6407465007776051,23.0,0.8763919821826281,0.821,0.951,3.0,1.5,12.1,Yes,No,Low,1.0,Yes,Salle 3,231.0,0.8652777777777778,0.14626284092501,0.46140000000000003,0.9860656366780134,0,0,1,1,False,False,False,False,True,False
ENSPD002126,Female,24.0,2,0.6423017107309487,23.0,0.4342984409799555,0.775,0.696,3.0,3.0,16.0,Yes,No,Low,1.0,Yes,Salle 18,185.0,0.5166666666666666,0.26849500879762134,0.462,0.900740336465212,0,0,1,1,True,False,False,False,False,False
ENSPD001029,Male,25.0,4,0.8133748055987559,12.0,0.9710467706013364,0.807,0.924,1.0,0.4,4.3,No,No,Low,1.0,No,Salle 15,157.0,0.8555555555555554,0.19129845293529849,0.176,0.900740336465212,1,0,0,0,True,False,False,False,False,False
ENSPD000684,Female,25.0,4,0.5816485225505442,27.0,0.6915367483296213,0.462,0.654,0.0,0.9,7.7,No,No,Middle,1.0,Yes,Salle 26,121.0,0.5097222222222222,0.2507611282659742,0.0,0.7508690441401171,0,0,1,0,False,False,False,False,False,True
ENSPD003109,Female,24.0,5,0.9144634525660965,6.0,0.4610244988864143,0.489,0.882,1.0,1.2,10.6,No,No,Low,4.0,Yes,Salle 26,40.0,0.6055555555555555,0.31402408075386357,0.189,0.0,0,0,1,0,False,True,False,False,False,False
ENSPD002257,Male,21.0,1,0.8009331259720062,13.0,0.2873051224944321,0.8029999999999999,0.904,1.0,0.4,10.2,Yes,No,Middle,1.0,Yes,Salle 21,83.0,0.6791666666666665,0.24720052530537526,0.1744,0.0,1,0,1,1,False,True,False,False,False,False
ENSPD004062,Male,23.0,2,0.6656298600311042,22.0,0.4097995545657016,0.634,0.6970000000000001,2.0,0.0,9.5,Yes,No,Middle,1.0,Yes,Salle 25,161.0,0.46805555555555556,0.3026098147751577,0.314,0.7508690441401171,1,0,1,1,False,False,False,False,False,True
ENSPD001755,Female,21.0,3,0.7713841368584758,15.0,0.38195991091314035,0.835,0.9309999999999999,5.0,5.9,33.1,Yes,No,Middle,0.0,Yes,Salle 17,154.0,0.5958333333333332,0.27358544414027763,0.853,0.7508690441401171,0,0,1,1,False,False,False,False,False,True
ENSPD001703,Male,24.0,3,0.7262830482115087,18.0,0.6113585746102449,0.289,0.746,1.0,3.2,25.6,Yes,No,Low,0.0,Yes,Salle 6,185.0,0.513888888888889,0.29907959570500153,0.1648,0.6476742668343078,1,0,1,1,False,False,True,False,False,False
ENSPD003837,Female,22.0,2,0.35614307931570766,41.0,0.6971046770601336,0.7140000000000001,0.635,1.0,1.7,10.8,Yes,No,Low,1.0,Yes,Salle 2,231.0,0.6708333333333333,0.12026954618520128,0.1172,0.9860656366780134,0,0,1,1,False,False,False,False,True,False
ENSPD000635,Male,20.0,1,0.8631415241057544,9.0,0.43207126948775054,0.551,0.512,1.0,0.6,11.5,Yes,No,Middle,1.0,Yes,Salle 21,143.0,0.31944444444444453,0.4961436948900487,0.1824,0.900740336465212,1,0,1,1,True,False,False,False,False,False
ENSPD000040,Male,25.0,2,0.7387247278382582,17.0,0.6525612472160356,0.17800000000000002,0.5770000000000001,0.0,1.4,24.4,Yes,No,High,1.0,Yes,Salle 13,177.0,0.32361111111111107,0.43598189260985587,0.0,0.6476742668343078,1,0,1,1,False,False,True,False,False,False
ENSPD000465,Female,22.0,2,0.5863141524105754,27.0,0.5879732739420935,0.608,0.908,1.0,1.5,9.2,Yes,No,Low,1.0,Yes,Salle 4,161.0,0.6888888888888889,0.1816955095173802,0.1468,0.7508690441401171,0,0,1,1,False,False,False,False,False,True
ENSPD002953,Female,21.0,2,0.5349922239502333,30.0,0.5734966592427617,0.568,0.878,1.0,2.1,18.4,No,No,Middle,0.0,Yes,Salle 23,298.0,0.6347222222222223,0.18468271225370717,0.1402,0.5818364233587374,0,0,1,0,False,False,False,True,False,False
ENSPD003143,Female,21.0,4,0.6220839813374807,24.0,0.8429844097995547,0.5910000000000001,0.138,4.0,2.2,11.5,Yes,No,Low,2.0,No,Salle 12,70.0,0.3847222222222222,0.3376485002976388,0.6056,0.0,0,0,0,1,False,True,False,False,False,False
ENSPD001450,Female,22.0,4,0.6485225505443236,23.0,0.8841870824053452,0.8150000000000001,0.35200000000000004,0.0,0.8,6.0,Yes,No,Middle,0.0,Yes,Salle 24,157.0,0.5541666666666667,0.25279838016433653,0.0,0.900740336465212,0,0,1,1,True,False,False,False,False,False
ENSPD003086,Female,20.0,2,0.9999999999999999,0.0,0.5879732739420935,0.687,0.635,0.0,2.1,5.4,Yes,No,Middle,5.0,Yes,Salle 16,185.0,0.6722222222222222,0.30815612949631654,0.0,0.900740336465212,0,0,1,1,True,False,False,False,False,False
ENSPD002317,Male,20.0,4,0.36702954898911344,41.0,0.5501113585746102,0.33799999999999997,0.521,0.0,3.8,23.9,Yes,No,Middle,3.0,Yes,Salle 26,157.0,0.36944444444444435,0.24112231963223016,0.0,0.900740336465212,1,0,1,1,True,False,False,False,False,False
ENSPD000196,Male,23.0,5,0.7480559875583203,16.0,0.8051224944320713,0.319,0.998,2.0,1.8,16.6,Yes,No,Middle,1.0,Yes,Salle 18,109.0,0.6958333333333333,0.22565164165723997,0.3352,0.5818364233587374,1,0,1,1,False,False,False,True,False,False
ENSPD001222,Male,22.0,5,0.9999999999999999,0.0,0.46659242761692654,0.439,0.9590000000000001,2.0,4.4,23.4,Yes,No,Middle,1.0,No,Salle 10,109.0,0.6097222222222222,0.3386523462220902,0.4,0.5818364233587374,1,0,0,1,False,False,False,True,False,False
ENSPD003156,Female,22.0,1,0.6594090202177293,22.0,0.6592427616926504,0.499,0.73,2.0,1.2,10.7,Yes,No,Low,0.0,No,Salle 23,83.0,0.47777777777777775,0.29488992411673187,0.3124,0.0,0,0,0,1,False,True,False,False,False,False
ENSPD003293,Male,21.0,4,0.1804043545878693,53.0,0.42204899777282856,0.5720000000000001,0.684,2.0,2.2,10.7,Yes,No,Middle,0.0,Yes,Salle 2,173.0,0.4027777777777778,0.14844916643073622,0.18919999999999998,0.6476742668343078,1,0,1,1,False,False,True,False,False,False
ENSPD002950,Female,29.0,5,0.6780715396578537,21.0,0.779510022271715,0.6729999999999999,0.46399999999999997,0.0,1.2,10.2,Yes,Yes,Middle,0.0,Yes,Salle 19,70.0,0.5291666666666666,0.2746171836056509,0.0,0.6476742668343078,0,1,1,1,False,False,True,False,False,False
ENSPD000439,Female,22.0,1,0.6889580093312596,20.0,0.7371937639198219,0.3,0.454,2.0,0.1,1.3,Yes,No,Middle,2.0,Yes,Salle 25,143.0,0.35,0.3915863618412634,0.32,0.900740336465212,0,0,1,1,True,False,False,False,False,False
ENSPD002990,Female,24.0,3,0.7231726283048211,17.0,0.6636971046770601,0.542,0.478,1.0,1.3,16.7,No,No,Middle,2.0,Yes,Salle 25,212.0,0.49583333333333335,0.30781024114438293,0.16440000000000002,0.9860656366780134,0,0,1,0,False,False,False,False,True,False
ENSPD001698,Male,22.0,1,0.8942457231726283,7.0,0.6959910913140313,0.7090000000000001,0.606,1.0,0.2,11.5,Yes,No,Middle,1.0,Yes,Salle 22,83.0,0.6583333333333332,0.2832373005214981,0.1864,0.0,1,0,1,1,False,True,False,False,False,False
ENSPD002315,Other,25.0,3,0.7231726283048211,26.0,0.6425389755011137,0.7709999999999999,0.444,2.0,0.3,10.3,Yes,Yes,Middle,3.0,Yes,Salle 27,130.0,0.5041666666666667,0.3032281916070738,0.32880000000000004,1.0,2,1,1,1,False,False,False,False,False,False
ENSPD002593,Male,21.0,3,0.6998444790046657,19.0,0.49777282850779514,0.533,0.504,3.0,2.3,15.8,Yes,No,Low,1.0,No,Salle 24,185.0,0.40555555555555556,0.35485470621903026,0.4842000000000001,0.6476742668343078,1,0,0,1,False,False,True,False,False,False
ENSPD001719,Other,22.0,3,0.6687402799377916,21.0,0.5657015590200446,0.89,1.0,1.0,1.1,10.4,Yes,Yes,Middle,1.0,Yes,Salle 1,185.0,0.8374999999999999,0.16029562840463749,0.1574,0.6476742668343078,2,1,1,1,False,False,True,False,False,False
ENSPD000331,Male,19.0,2,0.687402799377916,20.0,0.8719376391982183,0.698,0.8170000000000001,1.0,6.8,35.6,No,No,Middle,0.0,Yes,Salle 18,298.0,0.7,0.2068817563059728,0.15980000000000003,0.5818364233587374,1,0,1,0,False,False,False,True,False,False
ENSPD001790,Male,22.0,1,0.6889580093312596,20.0,0.6770601336302895,0.6990000000000001,0.524,0.0,0.5,8.3,No,Yes,Low,0.0,Yes,Salle 1,149.0,0.5,0.29340803412217675,0.0,0.6476742668343078,1,1,1,0,False,False,True,False,False,False
ENSPD001178,Male,24.0,5,0.6858475894245722,20.0,0.3830734966592428,0.525,0.344,0.0,3.4,23.3,Yes,No,Middle,1.0,Yes,Salle 14,60.0,0.21111111111111114,0.5300371084019171,0.0,0.7508690441401171,1,0,1,1,False,False,False,False,False,True
ENSPD001806,Female,22.0,5,0.7916018662519438,13.0,0.7594654788418709,0.619,0.536,2.0,2.8,20.0,No,No,Middle,0.0,No,Salle 14,80.0,0.576388888888889,0.2892190076094254,0.3464,0.900740336465212,0,0,0,0,True,False,False,False,False,False
ENSPD004239,Female,17.0,1,0.7231726283048211,24.0,0.734966592427617,1.0,0.9359999999999999,1.0,4.3,28.2,Yes,No,Low,1.0,No,Salle 25,149.0,0.9069444444444443,0.15583460857297912,0.16440000000000002,0.6476742668343078,0,0,0,1,False,False,True,False,False,False
ENSPD004743,Male,24.0,3,0.7620528771384137,15.0,0.6213808463251671,0.45299999999999996,0.40399999999999997,0.0,3.9,20.9,No,No,Middle,0.0,Yes,Salle 30,263.0,0.22499999999999998,0.5533561470740223,0.0,0.5818364233587374,1,0,1,0,False,False,False,True,False,False
ENSPD004845,Male,23.0,2,0.7869362363919129,14.0,0.690423162583519,0.743,0.526,1.0,1.7,10.7,No,No,Low,2.0,Yes,Salle 9,177.0,0.6027777777777776,0.2753197924927753,0.1726,0.6476742668343078,1,0,1,0,False,False,True,False,False,False
ENSPD002207,Male,19.0,3,0.7698289269051323,15.0,0.7216035634743876,0.564,0.611,2.0,4.0,25.3,Yes,No,Middle,0.0,No,Salle 4,185.0,0.5833333333333334,0.27888585464551985,0.3408,0.6476742668343078,1,0,0,1,False,False,True,False,False,False
ENSPD001264,Male,24.0,2,0.7993779160186624,13.0,0.5968819599109131,0.616,0.593,3.0,0.7,8.6,Yes,No,Middle,0.0,Yes,Salle 7,231.0,0.4805555555555555,0.34405952900168957,0.5226,0.9860656366780134,1,0,1,1,False,False,False,False,True,False
ENSPD001756,Female,21.0,2,0.9999999999999999,0.0,0.5066815144766148,0.564,0.855,2.0,0.7,11.5,No,Yes,Low,0.0,Yes,Salle 9,185.0,0.5708333333333333,0.3597820556820529,0.4,0.900740336465212,0,1,1,0,True,False,False,False,False,False
ENSPD001020,Male,20.0,3,0.7231726283048211,14.0,0.5946547884187082,0.55,0.534,0.0,1.4,6.2,Yes,No,Middle,1.0,Yes,Salle 1,212.0,0.40694444444444444,0.36320212764302195,0.0,0.9860656366780134,1,0,1,1,False,False,False,False,True,False
ENSPD004082,Male,20.0,3,0.8584758942457232,9.0,0.3986636971046771,0.507,0.963,0.0,1.0,7.3,No,No,Middle,1.0,Yes,Salle 8,263.0,0.5361111111111111,0.3323231668991913,0.0,0.5818364233587374,1,0,1,0,False,False,False,True,False,False
ENSPD000957,Male,23.0,1,0.9999999999999999,0.0,0.7561247216035635,0.608,0.948,1.0,1.5,15.7,Yes,No,High,1.0,No,Salle 10,143.0,0.8305555555555555,0.2456988960606902,0.2,0.900740336465212,1,0,0,1,True,False,False,False,False,False
ENSPD002579,Male,21.0,2,0.9999999999999999,0.0,0.3307349665924276,0.6459999999999999,0.726,1.0,1.7,11.5,No,No,Middle,1.0,No,Salle 2,231.0,0.48749999999999993,0.4118944107250426,0.2,0.9860656366780134,1,0,0,0,False,False,False,False,True,False
ENSPD000766,Male,21.0,2,0.8289269051321929,11.0,0.6224944320712694,0.616,0.49700000000000005,0.0,1.4,8.9,No,No,High,2.0,Yes,Salle 24,185.0,0.4458333333333333,0.3774267580019509,0.0,0.900740336465212,1,0,1,0,True,False,False,False,False,False
ENSPD002674,Male,22.0,1,0.8367029548989114,10.0,0.6380846325167038,0.784,0.62,1.0,2.2,20.7,No,No,Middle,1.0,Yes,Salle 3,149.0,0.5916666666666666,0.29628331993626855,0.179,0.6476742668343078,1,0,1,0,False,False,True,False,False,False
ENSPD003348,Male,22.0,4,0.9999999999999999,0.0,0.6046770601336303,0.8840000000000001,0.87,1.0,7.1,29.3,No,No,Middle,0.0,No,Salle 21,178.0,0.75,0.2751703533872063,0.2,0.9860656366780134,1,0,0,0,False,False,False,False,True,False
ENSPD000664,Male,21.0,1,0.567651632970451,28.0,0.388641425389755,1.0,0.614,0.0,9.1,46.0,No,No,Low,1.0,No,Salle 7,143.0,0.5430555555555555,0.23075086190442565,0.0,0.900740336465212,1,0,0,0,True,False,False,False,False,False
ENSPD003750,Female,21.0,1,0.6205287713841366,24.0,0.6870824053452117,0.645,0.634,2.0,1.4,1.8,No,No,Low,0.0,Yes,Salle 20,186.0,0.5583333333333333,0.2416647569567257,0.3024,0.9860656366780134,0,0,1,0,False,False,False,False,True,False
ENSPD000263,Male,22.0,2,0.9999999999999999,0.0,0.8329621380846325,0.552,0.498,3.0,0.4,6.5,Yes,No,Middle,1.0,Yes,Salle 29,185.0,0.5847222222222221,0.3520277158278685,0.6,0.900740336465212,1,0,1,1,True,False,False,False,False,False
ENSPD004434,Female,22.0,1,0.8118195956454123,12.0,0.6291759465478842,0.515,0.628,1.0,1.8,8.3,No,No,Middle,1.0,Yes,Salle 4,121.0,0.5041666666666667,0.334419021946441,0.1758,0.7508690441401171,0,0,1,0,False,False,False,False,False,True
ENSPD000557,Male,18.0,2,0.6049766718506998,25.0,0.6826280623608018,0.564,0.635,1.0,0.0,5.6,Yes,No,Low,0.0,Yes,Salle 25,185.0,0.6819444444444445,0.18936967468222862,0.1492,0.900740336465212,1,0,1,1,True,False,False,False,False,False
ENSPD003380,Female,22.0,2,0.7356143079315708,17.0,0.5311804008908686,0.6829999999999999,0.595,0.0,1.3,11.5,No,No,Middle,0.0,Yes,Salle 12,298.0,0.5041666666666667,0.30760585200558144,0.0,0.5818364233587374,0,0,1,0,False,False,False,True,False,False
ENSPD002903,Male,27.0,2,0.7978227060653188,13.0,0.29287305122494434,0.355,0.767,1.0,0.5,9.6,No,No,Low,1.0,Yes,Salle 9,177.0,0.30972222222222223,0.47597737360022363,0.17400000000000002,0.6476742668343078,1,0,1,0,False,False,True,False,False,False
ENSPD002015,Male,22.0,4,0.6283048211508552,24.0,0.6959910913140313,0.807,0.414,3.0,0.2,12.8,Yes,No,Middle,0.0,Yes,Salle 4,121.0,0.5097222222222222,0.2670677305616881,0.45659999999999995,0.7508690441401171,1,0,1,1,False,False,False,False,False,True
ENSPD001977,Male,23.0,1,0.6283048211508552,24.0,0.5367483296213809,0.755,0.665,1.0,0.9,7.9,Yes,No,Low,1.0,Yes,Salle 17,186.0,0.6916666666666667,0.19283844897382632,0.1522,0.9860656366780134,1,0,1,1,False,False,False,False,True,False
ENSPD004665,Female,19.0,4,0.7200622083981337,18.0,0.566815144766147,0.46799999999999997,0.503,1.0,0.6,5.8,Yes,No,High,1.0,Yes,Salle 25,70.0,0.3763888888888889,0.3842040137855852,0.164,0.0,0,0,1,1,False,True,False,False,False,False
ENSPD001163,Male,23.0,4,0.6609642301710731,22.0,0.7338530066815144,0.609,0.654,1.0,2.3,8.7,Yes,No,Low,1.0,Yes,Salle 26,93.0,0.6097222222222222,0.23287247641964423,0.1564,1.0,1,0,1,1,False,False,False,False,False,False
ENSPD002404,Male,22.0,2,0.7962674961119752,13.0,0.7138084632516704,0.473,0.7090000000000001,1.0,0.9,8.2,Yes,No,Middle,0.0,Yes,Salle 22,71.0,0.5444444444444444,0.30684730661996507,0.1738,0.0,1,0,1,1,False,True,False,False,False,False
ENSPD000355,Male,20.0,3,0.5723172628304821,28.0,0.6291759465478842,0.708,0.648,0.0,1.8,19.5,Yes,Yes,Middle,1.0,Yes,Salle 2,212.0,0.6736111111111112,0.18264487373739738,0.0,0.9860656366780134,1,1,1,1,False,False,False,False,True,False
ENSPD002567,Male,20.0,5,0.8880248833592533,7.0,0.5278396436525613,0.557,0.684,0.0,0.8,5.7,No,No,Low,0.0,Yes,Salle 8,109.0,0.5722222222222223,0.3225945865435782,0.0,0.5818364233587374,1,0,1,0,False,False,False,True,False,False
ENSPD000490,Female,18.0,3,0.6765163297045101,21.0,0.5723830734966593,0.87,0.588,3.0,1.4,15.3,No,No,High,2.0,Yes,Salle 1,104.0,0.6041666666666667,0.24002941842255318,0.47520000000000007,0.0,0,0,1,0,False,True,False,False,False,False
ENSPD004873,Male,23.0,4,0.9657853810264384,2.0,0.5890868596881961,0.5720000000000001,0.7690000000000001,0.0,1.9,11.5,Yes,No,Middle,1.0,No,Salle 18,70.0,0.6458333333333334,0.31027516836297875,0.0,0.0,1,0,0,1,False,True,False,False,False,False
ENSPD002161,Female,20.0,4,0.6174183514774495,25.0,0.2973273942093541,0.505,0.658,0.0,1.0,9.5,No,No,High,1.0,No,Salle 24,157.0,0.4472222222222222,0.2965530441790307,0.0,0.900740336465212,0,0,0,0,True,False,False,False,False,False
ENSPD000440,Male,22.0,5,0.9284603421461898,5.0,0.5133630289532294,0.625,0.44799999999999995,1.0,0.4,6.9,Yes,Yes,Middle,2.0,Yes,Salle 6,109.0,0.38750000000000007,0.46127370878996343,0.19080000000000003,0.5818364233587374,1,1,1,1,False,False,False,True,False,False
ENSPD003170,Male,22.0,5,0.8242612752721618,11.0,0.8418708240534521,0.668,0.705,1.0,0.7,2.5,Yes,No,Low,1.0,Yes,Salle 14,48.0,0.6888888888888889,0.2501227634003723,0.1774,1.0,1,0,1,1,False,False,False,False,False,False
ENSPD000595,Female,22.0,2,0.41835147744945567,37.0,0.4365256124721604,0.375,0.861,1.0,6.0,24.9,Yes,Yes,Middle,1.0,No,Salle 30,161.0,0.4541666666666666,0.21803609706105567,0.1252,0.7508690441401171,0,1,0,1,False,False,False,False,False,True
ENSPD001105,Other,18.0,1,0.16174183514774487,54.0,0.48106904231625836,0.629,1.0,1.0,14.9,66.5,Yes,Yes,Low,2.0,Yes,Salle 17,149.0,0.6541666666666666,0.06693183424010646,0.0922,0.6476742668343078,2,1,1,1,False,False,True,False,False,False
ENSPD003045,Female,19.0,5,0.6967340590979781,20.0,0.7115812917594654,0.8470000000000001,0.629,0.0,1.3,6.7,Yes,No,Middle,3.0,Yes,Salle 25,40.0,0.6694444444444445,0.22050866060943278,0.0,0.0,0,0,1,1,False,True,False,False,False,False
ENSPD002835,Male,24.0,2,0.7667185069984447,15.0,0.8173719376391981,0.594,0.635,1.0,8.7,33.1,Yes,No,High,1.0,Yes,Salle 19,161.0,0.5805555555555555,0.279193158358628,0.17,0.7508690441401171,1,0,1,1,False,False,False,False,False,True
ENSPD000527,Male,22.0,2,0.7231726283048211,24.0,0.7783964365256124,0.6709999999999999,0.494,2.0,2.9,25.5,Yes,No,High,1.0,Yes,Salle 29,231.0,0.4652777777777778,0.3254407608226817,0.32880000000000004,0.9860656366780134,1,0,1,1,False,False,False,False,True,False
ENSPD004960,Female,22.0,4,0.9673405909797824,2.0,0.46993318485523383,0.7190000000000001,0.594,2.0,1.4,7.8,No,Yes,Low,4.0,No,Salle 10,93.0,0.6111111111111112,0.3277556391462776,0.3916,1.0,0,1,0,0,False,False,False,False,False,False
ENSPD000391,Other,24.0,3,0.37480559875583197,40.0,0.3953229398663698,0.583,0.42700000000000005,1.0,1.9,14.4,No,No,Middle,0.0,Yes,Salle 2,188.0,0.3375,0.2633223436230685,0.1196,0.900740336465212,2,0,1,0,True,False,False,False,False,False
ENSPD004783,Male,22.0,1,0.48522550544323495,33.0,0.7739420935412027,0.653,0.528,3.0,3.0,20.1,Yes,No,High,2.0,Yes,Salle 26,96.0,0.5847222222222221,0.1869897487424402,0.40140000000000003,1.0,1,0,1,1,False,False,False,False,False,False
ENSPD001589,Male,25.0,1,0.7729393468118196,15.0,0.6971046770601336,0.631,0.715,1.0,0.5,7.0,Yes,No,Low,0.0,Yes,Salle 14,143.0,0.6902777777777778,0.2348400203333794,0.1708,0.900740336465212,1,0,1,1,True,False,False,False,False,False
ENSPD004657,Female,20.0,2,0.9906687402799378,1.0,0.5389755011135858,0.536,0.635,1.0,1.5,12.3,Yes,No,Middle,1.0,Yes,Salle 29,298.0,0.49444444444444435,0.40382317841320836,0.1988,0.5818364233587374,0,0,1,1,False,False,False,True,False,False
ENSPD003938,Male,23.0,3,0.9129082426127527,6.0,0.5857461024498887,0.474,0.751,0.0,0.4,11.5,No,No,Low,1.0,No,Salle 26,188.0,0.6166666666666666,0.30809154833618,0.0,0.900740336465212,1,0,0,0,True,False,False,False,False,False
ENSPD003815,Male,20.0,2,0.625194401244168,24.0,0.5278396436525613,0.614,0.42200000000000004,1.0,4.2,19.5,Yes,Yes,Middle,0.0,No,Salle 10,298.0,0.37083333333333335,0.3486573683120776,0.15180000000000002,0.5818364233587374,1,1,0,1,False,False,False,True,False,False
ENSPD000997,Female,24.0,4,0.7729393468118196,15.0,0.5701559020044543,0.7170000000000001,0.4,0.0,3.2,24.5,Yes,No,Middle,0.0,No,Salle 12,230.0,0.4375,0.3617463794190179,0.0,0.5818364233587374,0,0,0,1,False,False,False,True,False,False
ENSPD004773,Male,24.0,5,0.43079315707620525,37.0,0.8218262806236081,0.696,0.775,1.0,2.0,14.8,No,No,Middle,2.0,Yes,Salle 2,60.0,0.6847222222222222,0.13814511702170276,0.1268,0.7508690441401171,1,0,1,0,False,False,False,False,False,True
ENSPD001504,Male,22.0,4,0.7231726283048211,15.0,0.7227171492204899,0.467,0.9420000000000001,1.0,1.4,7.3,Yes,Yes,Low,1.0,Yes,Salle 27,230.0,0.6375,0.24073725684327343,0.16440000000000002,0.5818364233587374,1,1,1,1,False,False,False,True,False,False
ENSPD001509,Female,21.0,2,0.6967340590979781,20.0,0.40868596881959907,0.559,1.0,0.0,1.4,6.7,Yes,No,Middle,1.0,Yes,Salle 13,231.0,0.6263888888888889,0.2371699134019575,0.0,0.9860656366780134,0,0,1,1,False,False,False,False,True,False
ENSPD000406,Female,19.0,1,0.7278382581648523,18.0,0.544543429844098,0.47700000000000004,0.9309999999999999,0.0,0.4,2.0,Yes,No,Middle,2.0,Yes,Salle 17,96.0,0.6347222222222223,0.24327919113754268,0.0,1.0,0,0,1,1,False,False,False,False,False,False
ENSPD004439,Other,22.0,2,0.500777604976672,32.0,0.6269487750556793,0.539,0.633,1.0,1.7,7.6,No,No,Low,2.0,Yes,Salle 7,298.0,0.5277777777777778,0.21465657127230706,0.1358,0.5818364233587374,2,0,1,0,False,False,False,True,False,False
ENSPD004088,Female,22.0,2,0.645412130637636,23.0,0.6514476614699333,0.511,0.428,1.0,5.8,23.9,Yes,No,Low,2.0,Yes,Salle 18,231.0,0.4111111111111111,0.3294734162868387,0.1544,0.9860656366780134,0,0,1,1,False,False,False,False,True,False
ENSPD003160,Male,22.0,1,0.7620528771384137,15.0,0.690423162583519,0.305,0.9450000000000001,0.0,2.7,17.8,Yes,No,Middle,0.0,Yes,Salle 19,143.0,0.638888888888889,0.25194014539821896,0.0,0.900740336465212,1,0,1,1,True,False,False,False,False,False
ENSPD003434,Male,26.0,2,0.7884914463452567,14.0,0.9543429844097997,0.616,0.488,3.0,0.9,1.3,Yes,No,Middle,1.0,Yes,Salle 7,119.0,0.47638888888888886,0.34265568229280297,0.5184000000000001,1.0,1,0,1,1,False,False,False,False,False,False
ENSPD003745,Male,21.0,2,0.5660964230171072,28.0,0.6113585746102449,0.532,0.75,2.0,0.7,2.3,No,No,Low,1.0,Yes,Salle 21,298.0,0.6180555555555556,0.2001729322053952,0.2884,0.5818364233587374,1,0,1,0,False,False,False,True,False,False
ENSPD003979,Male,25.0,4,0.5800933125972006,27.0,0.8541202672605791,0.5860000000000001,0.59,2.0,1.6,17.0,No,No,Low,1.0,Yes,Salle 23,70.0,0.513888888888889,0.24824019650088566,0.292,0.0,1,0,1,0,False,True,False,False,False,False
ENSPD002559,Male,24.0,1,0.6594090202177293,22.0,0.5033407572383074,0.306,0.785,3.0,4.4,17.9,Yes,No,High,0.0,Yes,Salle 30,149.0,0.4361111111111111,0.3191463118970448,0.46859999999999996,0.6476742668343078,1,0,1,1,False,False,True,False,False,False
ENSPD001569,Female,22.0,2,0.7340590979782272,17.0,0.39086859688195985,0.757,0.6779999999999999,1.0,2.5,11.5,Yes,No,Middle,2.0,Yes,Salle 19,185.0,0.5027777777777778,0.30782233971237727,0.1658,0.900740336465212,0,0,1,1,True,False,False,False,False,False
ENSPD002260,Male,20.0,3,0.8273716951788491,11.0,0.5456570155902005,0.142,0.635,1.0,1.8,8.6,Yes,No,Middle,0.0,Yes,Salle 6,263.0,0.38888888888888895,0.41875202633518627,0.1778,0.5818364233587374,1,0,1,1,False,False,False,True,False,False
ENSPD003177,Female,20.0,2,0.8398133748055988,10.0,0.9554565701559021,0.517,0.399,2.0,0.6,7.1,Yes,No,Middle,1.0,Yes,Salle 15,231.0,0.49583333333333335,0.34926887759365044,0.3588,0.9860656366780134,0,0,1,1,False,False,False,False,True,False
ENSPD002460,Male,20.0,1,0.9999999999999999,0.0,0.544543429844098,0.6759999999999999,0.8009999999999999,1.0,1.0,5.2,Yes,No,Middle,1.0,No,Salle 26,248.0,0.6694444444444445,0.30942988994491005,0.2,0.5818364233587374,1,0,0,1,False,False,False,True,False,False
ENSPD003390,Female,23.0,1,0.541213063763608,30.0,0.5946547884187082,0.5750000000000001,0.42200000000000004,0.0,0.0,10.5,Yes,No,High,3.0,No,Salle 12,248.0,0.3291666666666666,0.3428476295702796,0.0,0.5818364233587374,0,0,0,1,False,False,False,True,False,False
ENSPD002994,Male,23.0,5,0.5769828926905131,27.0,0.6202672605790647,0.7170000000000001,0.865,2.0,1.5,11.2,No,Yes,Low,5.0,No,Salle 6,48.0,0.7124999999999999,0.17158255250337837,0.2912,1.0,1,1,0,0,False,False,False,False,False,False
ENSPD001605,Male,26.0,1,0.5785381026438571,27.0,0.48440979955456576,0.39799999999999996,0.7040000000000001,0.0,0.1,1.7,Yes,No,Middle,1.0,Yes,Salle 30,149.0,0.40555555555555556,0.3063892447523979,0.0,0.6476742668343078,1,0,1,1,False,False,True,False,False,False
ENSPD000520,Male,26.0,4,0.6982892690513217,19.0,0.4587973273942093,0.7140000000000001,0.855,0.0,1.4,3.6,Yes,No,Middle,1.0,Yes,Salle 11,157.0,0.623611111111111,0.23877502506397177,0.0,0.900740336465212,1,0,1,1,True,False,False,False,False,False
ENSPD002228,Female,23.0,1,0.5023328149300156,32.0,0.6358574610244989,0.616,0.531,0.0,6.5,28.4,No,No,Low,1.0,Yes,Salle 1,248.0,0.5055555555555555,0.22490038887678412,0.0,0.5818364233587374,0,0,1,0,False,False,False,True,False,False
ENSPD002733,Male,24.0,3,0.6656298600311042,22.0,0.6525612472160356,0.42200000000000004,0.53,0.0,2.9,17.2,Yes,Yes,Middle,2.0,No,Salle 2,212.0,0.38888888888888895,0.35261686567132067,0.0,0.9860656366780134,1,1,0,1,False,False,False,False,True,False
ENSPD004461,Male,23.0,1,0.8460342146189735,10.0,0.46325167037861914,0.74,0.8190000000000001,0.0,1.5,16.9,Yes,No,Middle,0.0,Yes,Salle 7,186.0,0.6833333333333333,0.2586103815194809,0.0,0.9860656366780134,1,0,1,1,False,False,False,False,True,False
ENSPD003577,Male,17.0,5,0.6609642301710731,22.0,0.5879732739420935,0.451,0.8420000000000001,1.0,2.2,17.8,No,No,Middle,2.0,Yes,Salle 10,109.0,0.638888888888889,0.22135741058953243,0.1564,0.5818364233587374,1,0,1,0,False,False,False,True,False,False
ENSPD001085,Female,20.0,2,0.24883359253499227,48.0,0.7817371937639199,0.307,0.67,1.0,0.2,9.4,Yes,No,Low,0.0,Yes,Salle 7,298.0,0.49583333333333335,0.13921178625069516,0.1034,0.5818364233587374,0,0,1,1,False,False,False,True,False,False
ENSPD000417,Male,23.0,4,0.9999999999999999,0.0,0.732739420935412,0.623,0.766,1.0,2.2,7.0,Yes,Yes,Middle,0.0,No,Salle 6,93.0,0.7180555555555557,0.2881211869821768,0.2,1.0,1,1,0,1,False,False,False,False,False,False
ENSPD000748,Male,21.0,4,0.9051321928460342,6.0,0.7817371937639199,0.452,0.375,0.0,0.2,6.4,No,No,Middle,3.0,Yes,Salle 18,178.0,0.35,0.4850921442026864,0.0,0.9860656366780134,1,0,1,0,False,False,False,False,True,False
ENSPD004572,Female,23.0,5,0.6174183514774495,25.0,0.7293986636971047,0.5820000000000001,0.621,1.0,1.5,15.3,No,Yes,Middle,0.0,No,Salle 7,80.0,0.4916666666666667,0.27235485262139136,0.15080000000000002,0.900740336465212,0,1,0,0,True,False,False,False,False,False
ENSPD002284,Male,21.0,3,0.6407465007776051,23.0,0.4242761692650334,0.515,0.7640000000000001,1.0,0.9,3.1,Yes,Yes,Middle,2.0,Yes,Salle 10,263.0,0.3944444444444445,0.3386513841340112,0.15380000000000002,0.5818364233587374,1,1,1,1,False,False,False,True,False,False
ENSPD000626,Male,20.0,5,0.6298600311041992,24.0,0.36525612472160357,0.7170000000000001,0.635,3.0,0.1,5.2,Yes,Yes,Low,1.0,Yes,Salle 27,67.0,0.4305555555555556,0.311169760812665,0.45720000000000005,0.9860656366780134,1,1,1,1,False,False,False,False,True,False
ENSPD000649,Female,21.0,2,0.6329704510108866,24.0,0.9042316258351895,0.527,0.848,0.0,0.3,7.7,Yes,No,Middle,1.0,Yes,Salle 13,298.0,0.6625000000000001,0.20426930458324163,0.0,0.5818364233587374,0,0,1,1,False,False,False,True,False,False
ENSPD004080,Male,21.0,2,0.671850699844479,21.0,0.7416481069042317,0.443,0.853,0.0,1.2,16.9,Yes,No,Low,1.0,No,Salle 25,298.0,0.6444444444444444,0.22251744566467377,0.0,0.5818364233587374,1,0,0,1,False,False,False,True,False,False
ENSPD001058,Male,20.0,2,0.5800933125972006,27.0,0.6291759465478842,0.735,0.85,0.0,0.7,11.2,Yes,No,Middle,1.0,No,Salle 9,161.0,0.7486111111111111,0.16169804529748097,0.0,0.7508690441401171,1,0,0,1,False,False,False,False,False,True
ENSPD001319,Male,25.0,2,0.6687402799377916,21.0,0.5278396436525613,0.7190000000000001,0.34700000000000003,0.0,1.3,6.6,No,No,Middle,3.0,Yes,Salle 25,177.0,0.3847222222222222,0.3568383912343849,0.0,0.6476742668343078,1,0,1,0,False,False,True,False,False,False
ENSPD003172,Male,20.0,2,0.5956454121306377,26.0,0.5501113585746102,0.341,0.65,0.0,3.7,18.1,Yes,No,Middle,1.0,Yes,Salle 22,298.0,0.36249999999999993,0.34213651832761416,0.0,0.5818364233587374,1,0,1,1,False,False,False,True,False,False
ENSPD002909,Male,20.0,2,0.6578538102643857,22.0,0.8129175946547884,0.747,0.467,1.0,1.4,13.6,Yes,No,Middle,1.0,Yes,Salle 26,298.0,0.523611111111111,0.27043347868114287,0.156,0.5818364233587374,1,0,1,1,False,False,False,True,False,False
ENSPD001552,Female,26.0,2,0.6842923794712287,20.0,0.5946547884187082,0.17800000000000002,0.789,2.0,0.3,9.8,Yes,No,Low,1.0,Yes,Salle 9,298.0,0.4305555555555556,0.33219484759787354,0.31880000000000003,0.5818364233587374,0,0,1,1,False,False,False,True,False,False
ENSPD000820,Male,23.0,5,0.7620528771384137,15.0,0.7828507795100222,0.762,0.485,1.0,0.7,5.6,No,Yes,High,0.0,Yes,Salle 10,40.0,0.5486111111111112,0.29325365776122736,0.16940000000000002,0.0,1,1,1,0,False,True,False,False,False,False
ENSPD003353,Female,22.0,1,0.3623639191290824,41.0,0.8830734966592427,0.5820000000000001,1.0,3.0,1.2,10.5,Yes,No,Middle,0.0,Yes,Salle 25,248.0,0.7847222222222223,0.09444895397248543,0.354,0.5818364233587374,0,0,1,1,False,False,False,True,False,False
ENSPD003436,Male,23.0,3,0.7589424572317262,16.0,0.6302895322939867,0.5720000000000001,0.912,2.0,2.8,12.0,No,No,Middle,0.0,Yes,Salle 3,188.0,0.6625000000000001,0.24146629834338454,0.338,0.900740336465212,1,0,1,0,True,False,False,False,False,False
ENSPD001661,Female,22.0,4,0.6049766718506998,25.0,0.6848552338530067,0.623,0.6900000000000001,1.0,0.0,6.5,No,No,Low,0.0,No,Salle 6,230.0,0.6055555555555555,0.21702990242201484,0.1492,0.5818364233587374,0,0,0,0,False,False,False,True,False,False
ENSPD000173,Male,25.0,1,0.39968895800933124,39.0,0.6102449888641426,0.358,0.203,1.0,1.4,11.5,Yes,No,Middle,1.0,Yes,Salle 14,149.0,0.13888888888888895,0.45556607830392004,0.1228,0.6476742668343078,1,0,1,1,False,False,True,False,False,False
ENSPD000431,Male,20.0,1,0.9642301710730948,2.0,0.2962138084632517,0.58,0.46399999999999997,1.0,6.3,28.9,Yes,Yes,Middle,1.0,Yes,Salle 19,96.0,0.36249999999999993,0.4986567413575156,0.19540000000000002,1.0,1,1,1,1,False,False,False,False,False,False
ENSPD000620,Female,25.0,1,0.7231726283048211,18.0,0.5801781737193764,0.508,0.7440000000000001,3.0,1.3,10.9,Yes,No,Middle,1.0,No,Salle 11,248.0,0.5208333333333334,0.29433584501378673,0.4932000000000001,0.5818364233587374,0,0,0,1,False,False,False,True,False,False
ENSPD003043,Male,19.0,2,0.9999999999999999,0.0,0.46770601336302897,0.383,0.635,2.0,1.4,2.3,Yes,No,Low,0.0,Yes,Salle 30,298.0,0.45833333333333337,0.43276253392707975,0.4,0.5818364233587374,1,0,1,1,False,False,False,True,False,False
ENSPD003633,Male,21.0,1,0.8087091757387247,12.0,0.9832962138084633,0.881,0.5810000000000001,0.0,0.9,11.5,Yes,No,Middle,0.0,Yes,Salle 28,143.0,0.7680555555555555,0.21717023435002517,0.0,0.900740336465212,1,0,1,1,True,False,False,False,False,False
ENSPD003531,Male,20.0,1,0.52099533437014,31.0,0.5924276169265034,0.622,0.203,1.0,1.6,9.1,Yes,No,High,1.0,Yes,Salle 1,96.0,0.26388888888888895,0.38732695304576414,0.1384,1.0,1,0,1,1,False,False,False,False,False,False
ENSPD004758,Female,20.0,2,0.8631415241057544,9.0,0.9476614699331849,0.569,0.9690000000000001,2.0,2.4,16.5,No,No,Middle,3.0,No,Salle 20,298.0,0.8402777777777777,0.20818669110819257,0.3648,0.5818364233587374,0,0,0,0,False,False,False,True,False,False
ENSPD002634,Male,24.0,4,0.7511664074650078,16.0,0.7193763919821826,0.774,0.312,2.0,2.0,14.2,No,No,Middle,3.0,No,Salle 19,157.0,0.4625,0.3374843484146135,0.336,0.900740336465212,1,0,0,0,True,False,False,False,False,False
ENSPD001093,Female,23.0,1,0.7900466562986003,14.0,0.9654788418708242,0.669,0.251,1.0,0.1,0.0,Yes,No,High,2.0,Yes,Salle 10,248.0,0.5555555555555556,0.2990470800770967,0.17300000000000001,0.5818364233587374,0,0,1,1,False,False,False,True,False,False
ENSPD004764,Male,23.0,1,0.7231726283048211,26.0,0.6391982182628062,0.324,0.833,0.0,5.6,31.6,No,No,Middle,2.0,Yes,Salle 28,121.0,0.5375,0.28578827432318343,0.0,0.7508690441401171,1,0,1,0,False,False,False,False,False,True
ENSPD000658,Male,25.0,3,0.6951788491446346,20.0,0.6391982182628062,1.0,0.6020000000000001,1.0,0.6,2.1,No,No,Low,1.0,Yes,Salle 20,212.0,0.6986111111111111,0.20957753948334154,0.16080000000000003,0.9860656366780134,1,0,1,0,False,False,False,False,True,False
ENSPD000790,Female,22.0,3,0.687402799377916,20.0,0.5924276169265034,0.616,0.635,0.0,0.3,1.8,No,No,Middle,2.0,No,Salle 7,130.0,0.5583333333333333,0.26374725744051086,0.0,1.0,0,0,0,0,False,False,False,False,False,False
ENSPD004645,Female,26.0,4,0.3716951788491446,40.0,0.522271714922049,0.462,0.653,2.0,1.3,11.5,Yes,No,Low,0.0,Yes,Salle 27,173.0,0.37222222222222223,0.24152505589695425,0.2384,0.6476742668343078,0,0,1,1,False,False,True,False,False,False
ENSPD003562,Female,22.0,1,0.8055987558320373,12.0,0.5278396436525613,0.851,0.664,1.0,0.3,6.8,No,No,Middle,2.0,Yes,Salle 27,149.0,0.6097222222222222,0.2779987511518802,0.17500000000000002,0.6476742668343078,0,0,1,0,False,False,True,False,False,False
ENSPD004449,Male,23.0,1,0.9331259720062209,4.0,0.9075723830734967,0.778,0.728,2.0,0.2,7.9,Yes,No,Middle,1.0,Yes,Salle 6,186.0,0.75,0.2570352423749541,0.38280000000000003,0.9860656366780134,1,0,1,1,False,False,False,False,True,False
ENSPD000324,Male,23.0,5,0.6314152410575428,24.0,0.5211581291759466,0.9890000000000001,0.402,2.0,0.1,11.5,No,No,Middle,1.0,No,Salle 5,109.0,0.47638888888888886,0.28546535618184044,0.30519999999999997,0.5818364233587374,1,0,0,0,False,False,False,True,False,False
ENSPD003698,Female,18.0,2,0.5878693623639192,26.0,1.0,0.705,0.325,0.0,0.8,7.6,Yes,Yes,Middle,1.0,Yes,Salle 7,185.0,0.6194444444444444,0.20638456891384374,0.0,0.900740336465212,0,1,1,1,True,False,False,False,False,False
ENSPD003863,Male,22.0,3,0.6936236391912908,20.0,0.6380846325167038,0.562,0.434,0.0,0.1,11.5,No,No,Middle,0.0,Yes,Salle 21,263.0,0.4083333333333333,0.3504721663135125,0.0,0.5818364233587374,1,0,1,0,False,False,False,True,False,False
ENSPD002048,Female,21.0,4,0.9999999999999999,0.0,0.6815144766146994,0.616,0.9690000000000001,3.0,0.6,9.3,Yes,Yes,High,1.0,Yes,Salle 18,173.0,0.6930555555555555,0.2988250936215765,0.6,0.6476742668343078,0,1,1,1,False,False,True,False,False,False
ENSPD003683,Female,27.0,3,0.5365474339035771,30.0,0.8574610244988865,0.748,0.6890000000000001,2.0,1.2,10.4,Yes,Yes,Middle,2.0,Yes,Salle 9,263.0,0.75,0.14948981660462143,0.2808,0.5818364233587374,0,1,1,1,False,False,False,True,False,False
ENSPD002693,Male,20.0,1,0.2566096423017107,48.0,0.5879732739420935,0.454,0.9059999999999999,2.0,0.6,10.6,No,No,Middle,0.0,Yes,Salle 15,186.0,0.5611111111111111,0.12065187927356649,0.2088,0.9860656366780134,1,0,1,0,False,False,False,False,True,False
ENSPD004211,Male,21.0,2,0.9999999999999999,0.0,0.5868596881959911,0.38200000000000006,0.753,3.0,1.2,4.0,Yes,No,Middle,1.0,Yes,Salle 24,161.0,0.5083333333333333,0.3978859475559403,0.6,0.7508690441401171,1,0,1,1,False,False,False,False,False,True
ENSPD002591,Female,25.0,5,0.9160186625194401,5.0,0.8162583518930958,0.64,0.544,2.0,0.3,11.5,Yes,No,Low,5.0,No,Salle 14,80.0,0.5777777777777777,0.32874259460706934,0.37839999999999996,0.900740336465212,0,0,0,1,True,False,False,False,False,False
ENSPD000676,Other,17.0,3,0.499222395023328,32.0,0.6547884187082406,0.544,0.74,1.0,2.4,13.1,No,No,Middle,1.0,Yes,Salle 25,212.0,0.5416666666666667,0.2083255137644727,0.1356,0.9860656366780134,2,0,1,0,False,False,False,False,True,False
ENSPD003355,Male,20.0,3,0.8475894245723173,10.0,0.4365256124721604,0.424,0.536,2.0,1.6,14.6,No,No,Low,2.0,Yes,Salle 18,263.0,0.2763888888888889,0.5348175557952344,0.3608,0.5818364233587374,1,0,1,0,False,False,False,True,False,False
ENSPD000703,Male,23.0,4,0.7916018662519438,13.0,0.910913140311804,0.7090000000000001,0.9490000000000001,0.0,0.5,8.6,No,No,Low,0.0,Yes,Salle 3,173.0,0.8111111111111109,0.19896236878133786,0.0,0.6476742668343078,1,0,1,0,False,False,True,False,False,False
ENSPD003620,Male,20.0,3,0.76049766718507,15.0,0.4487750556792873,0.469,0.349,2.0,2.5,18.2,Yes,No,Middle,1.0,Yes,Salle 10,263.0,0.2791666666666667,0.48956180050922793,0.3384,0.5818364233587374,1,0,1,1,False,False,False,True,False,False
ENSPD004817,Female,22.0,1,0.8864696734059098,7.0,0.7193763919821826,0.7320000000000001,0.843,4.0,0.5,15.8,Yes,No,Middle,0.0,Yes,Salle 16,83.0,0.7375,0.24899441578087908,0.7416,0.0,0,0,1,1,False,True,False,False,False,False
ENSPD001320,Male,20.0,3,0.5163297045101088,31.0,0.7939866369710468,0.726,0.536,0.0,4.3,26.4,No,No,Middle,2.0,Yes,Salle 21,188.0,0.6000000000000001,0.1912706865665352,0.0,0.900740336465212,1,0,1,0,True,False,False,False,False,False
ENSPD002291,Female,22.0,3,0.6391912908242613,23.0,0.6113585746102449,0.657,0.509,1.0,2.7,16.5,Yes,No,Low,2.0,Yes,Salle 18,212.0,0.47638888888888886,0.2882965604447594,0.1536,0.9860656366780134,0,0,1,1,False,False,False,False,True,False
ENSPD003518,Male,19.0,4,0.3405909797822706,42.0,0.5289532293986637,0.6070000000000001,0.664,1.0,0.6,0.0,Yes,No,Middle,0.0,Yes,Salle 12,178.0,0.4930555555555556,0.17291075949772958,0.11520000000000001,0.9860656366780134,1,0,1,1,False,False,False,False,True,False
ENSPD002120,Female,23.0,1,0.8958009331259719,7.0,0.5478841870824054,0.644,0.653,3.0,0.5,4.2,No,Yes,High,1.0,No,Salle 5,96.0,0.5402777777777777,0.3425927729442111,0.5598,1.0,0,1,0,0,False,False,False,False,False,False
ENSPD004520,Male,18.0,4,0.5381026438569206,30.0,0.8195991091314031,0.8109999999999999,0.414,3.0,2.3,12.5,Yes,Yes,Middle,0.0,Yes,Salle 14,70.0,0.5444444444444444,0.2202324186115808,0.42179999999999995,0.0,1,1,1,1,False,True,False,False,False,False
ENSPD000655,Male,21.0,2,0.8351477449455676,11.0,0.9643652561247216,0.29100000000000004,0.635,1.0,3.0,13.1,Yes,No,High,2.0,Yes,Salle 2,177.0,0.7069444444444444,0.24623886448780655,0.17880000000000001,0.6476742668343078,1,0,1,1,False,False,True,False,False,False
ENSPD000861,Female,19.0,2,0.6189735614307931,24.0,0.8207126948775056,0.616,0.547,1.0,3.6,21.1,Yes,No,Middle,1.0,Yes,Salle 20,177.0,0.5472222222222223,0.2461061952624237,0.151,0.6476742668343078,0,0,1,1,False,False,True,False,False,False
ENSPD002287,Female,24.0,5,0.948678071539658,3.0,0.5734966592427617,0.7020000000000001,1.0,1.0,1.4,16.0,No,No,High,1.0,No,Salle 13,67.0,0.7333333333333334,0.26769211643217095,0.19340000000000002,0.9860656366780134,0,0,0,0,False,False,False,False,True,False
ENSPD003561,Male,24.0,4,0.5769828926905131,27.0,0.6347438752783965,0.63,0.315,3.0,3.7,16.2,Yes,No,Low,2.0,No,Salle 12,157.0,0.29027777777777775,0.39090296971022687,0.43679999999999997,0.900740336465212,1,0,0,1,True,False,False,False,False,False
ENSPD003423,Female,24.0,4,0.6811819595645411,20.0,0.5657015590200446,0.751,0.358,0.0,0.9,3.3,Yes,No,Middle,2.0,No,Salle 14,230.0,0.47638888888888886,0.30358506346452163,0.0,0.5818364233587374,0,0,0,1,False,False,False,True,False,False
ENSPD000456,Male,20.0,4,0.6438569206842922,23.0,0.3741648106904231,0.40399999999999997,0.483,0.0,0.5,11.5,Yes,No,Low,1.0,Yes,Salle 27,173.0,0.2875,0.42524297620013296,0.0,0.6476742668343078,1,0,1,1,False,False,True,False,False,False
ENSPD003058,Male,23.0,4,0.9999999999999999,0.0,0.7694877505567929,0.631,0.402,1.0,0.1,11.5,Yes,No,Low,0.0,No,Salle 8,230.0,0.4902777777777778,0.4099851090853859,0.2,0.5818364233587374,1,0,0,1,False,False,False,True,False,False
ENSPD000507,Female,23.0,1,0.9999999999999999,0.0,0.49109131403118034,0.42,0.585,0.0,0.7,11.5,No,No,Middle,1.0,Yes,Salle 8,248.0,0.33611111111111114,0.5403191092262555,0.0,0.5818364233587374,0,0,1,0,False,False,False,True,False,False
ENSPD001155,Female,24.0,2,0.9999999999999999,0.0,0.732739420935412,0.851,0.593,0.0,4.1,11.5,Yes,No,Low,1.0,Yes,Salle 25,298.0,0.6458333333333334,0.3205519933317481,0.0,0.5818364233587374,0,0,1,1,False,False,False,True,False,False
ENSPD001645,Male,21.0,4,0.6469673405909798,23.0,0.5289532293986637,0.848,0.684,3.0,0.0,0.0,No,Yes,Middle,1.0,Yes,Salle 26,173.0,0.638888888888889,0.2171228780775604,0.4638,0.6476742668343078,1,1,1,0,False,False,True,False,False,False
ENSPD003464,Female,25.0,3,0.8211508553654744,12.0,0.8452115812917594,0.9550000000000001,0.44700000000000006,1.0,1.4,11.5,Yes,No,High,1.0,Yes,Salle 2,130.0,0.6291666666666667,0.2740744205593987,0.177,1.0,0,0,1,1,False,False,False,False,False,False
ENSPD002481,Male,25.0,2,0.47122861586314146,34.0,0.5924276169265034,0.47700000000000004,0.6659999999999999,1.0,2.9,11.5,No,Yes,Low,1.0,Yes,Salle 4,71.0,0.5388888888888889,0.20001778931851275,0.132,0.0,1,1,1,0,False,True,False,False,False,False
ENSPD003996,Male,27.0,3,0.7231726283048211,24.0,0.388641425389755,0.792,0.728,3.0,2.4,14.5,No,No,Middle,1.0,Yes,Salle 19,212.0,0.5097222222222222,0.3002244885629731,0.4932000000000001,0.9860656366780134,1,0,1,0,False,False,False,False,True,False
ENSPD001717,Male,25.0,4,0.749611197511664,16.0,0.5634743875278396,0.552,0.7220000000000001,1.0,5.1,18.9,Yes,No,Middle,1.0,No,Salle 21,157.0,0.44861111111111107,0.3456195164635604,0.1678,0.900740336465212,1,0,0,1,True,False,False,False,False,False
ENSPD001594,Male,27.0,1,0.5567651632970451,28.0,0.3596881959910913,0.988,0.40399999999999997,5.0,2.4,12.1,No,No,Middle,1.0,Yes,Salle 20,149.0,0.5375,0.229507226042263,0.715,0.6476742668343078,1,0,1,0,False,False,True,False,False,False
ENSPD002020,Female,26.0,2,0.7262830482115087,18.0,0.5991091314031181,0.708,0.547,1.0,1.1,8.4,No,No,Middle,1.0,No,Salle 2,298.0,0.5208333333333334,0.2954086242336246,0.1648,0.5818364233587374,0,0,0,0,False,False,False,True,False,False
ENSPD002749,Female,23.0,1,0.6780715396578537,21.0,0.28619153674832964,0.277,0.74,0.0,1.1,11.5,No,No,Middle,1.0,No,Salle 9,149.0,0.2958333333333333,0.4336295623777011,0.0,0.6476742668343078,0,0,0,0,False,False,True,False,False,False
ENSPD004388,Male,22.0,4,0.7807153965785382,14.0,0.4342984409799555,0.7290000000000001,0.672,2.0,3.9,23.9,Yes,No,Middle,0.0,Yes,Salle 11,173.0,0.5388888888888889,0.3045211931487586,0.3436,0.6476742668343078,1,0,1,1,False,False,True,False,False,False
ENSPD003616,Male,22.0,4,0.5085536547433903,32.0,0.8719376391982183,0.794,0.6409999999999999,1.0,0.4,10.2,Yes,Yes,Middle,2.0,Yes,Salle 15,121.0,0.6972222222222222,0.15683303485813974,0.1368,0.7508690441401171,1,1,1,1,False,False,False,False,False,True
ENSPD000090,Male,19.0,3,0.7573872472783826,16.0,0.5,0.688,0.7170000000000001,1.0,1.4,19.9,No,No,Middle,2.0,Yes,Salle 8,185.0,0.5319444444444444,0.30024746999740515,0.1688,0.6476742668343078,1,0,1,0,False,False,True,False,False,False
ENSPD002297,Male,20.0,2,0.7465007776049767,16.0,0.5979955456570156,0.5760000000000001,0.8370000000000001,1.0,1.7,14.1,Yes,No,Middle,0.0,Yes,Salle 27,298.0,0.5986111111111111,0.26446064843253037,0.16740000000000002,0.5818364233587374,1,0,1,1,False,False,False,True,False,False
ENSPD000648,Female,20.0,3,0.4276827371695179,37.0,0.5991091314031181,0.439,0.49200000000000005,1.0,0.1,4.9,Yes,No,Middle,0.0,No,Salle 19,130.0,0.36111111111111116,0.27165919499335633,0.1264,1.0,0,0,0,1,False,False,False,False,False,False
ENSPD001089,Other,20.0,2,0.41213063763608093,38.0,0.4331848552338531,0.851,0.462,0.0,0.0,6.7,Yes,No,Low,1.0,No,Salle 27,185.0,0.4569444444444445,0.2144147443906367,0.0,0.900740336465212,2,0,0,1,True,False,False,False,False,False
ENSPD001416,Female,20.0,2,0.46345256609642294,34.0,0.4855233853006682,0.966,0.559,1.0,2.5,18.0,Yes,No,Middle,1.0,Yes,Salle 10,185.0,0.576388888888889,0.18303790595672112,0.131,0.900740336465212,0,0,1,1,True,False,False,False,False,False
ENSPD004275,Female,25.0,2,0.7356143079315708,17.0,0.28507795100222716,0.643,0.7540000000000001,2.0,0.1,11.5,No,No,Middle,1.0,Yes,Salle 12,298.0,0.4902777777777778,0.3153696501031402,0.332,0.5818364233587374,0,0,1,0,False,False,False,True,False,False
ENSPD000932,Female,22.0,2,0.9999999999999999,0.0,0.7227171492204899,0.655,0.414,1.0,4.9,21.1,No,Yes,Middle,1.0,No,Salle 8,177.0,0.5569444444444444,0.367781398336527,0.2,0.6476742668343078,0,1,0,0,False,False,True,False,False,False
ENSPD004265,Female,23.0,2,0.2021772939346812,51.0,0.8552338530066815,0.975,0.635,0.0,0.2,14.9,Yes,No,Middle,1.0,Yes,Salle 30,298.0,0.7194444444444443,0.06483905389928807,0.0,0.5818364233587374,0,0,1,1,False,False,False,True,False,False
ENSPD001279,Male,26.0,2,0.7449455676516329,16.0,0.601336302895323,0.495,0.612,0.0,0.1,9.1,Yes,No,Low,1.0,Yes,Salle 1,231.0,0.3944444444444445,0.38092740818827786,0.0,0.9860656366780134,1,0,1,1,False,False,False,False,True,False
ENSPD003270,Female,21.0,1,0.32348367029548986,44.0,0.6046770601336303,0.925,0.41100000000000003,2.0,4.7,25.4,No,No,Low,1.0,No,Salle 23,83.0,0.523611111111111,0.15548844406645398,0.226,0.0,0,0,0,0,False,True,False,False,False,False
ENSPD004132,Male,20.0,3,0.8460342146189735,10.0,0.8329621380846325,0.585,0.6609999999999999,3.0,5.3,27.9,No,No,Middle,2.0,Yes,Salle 10,185.0,0.576388888888889,0.3068319865565565,0.5406,0.6476742668343078,1,0,1,0,False,False,True,False,False,False
ENSPD003213,Male,21.0,1,0.5458786936236392,29.0,0.5378619153674833,0.514,0.7090000000000001,1.0,0.9,9.2,Yes,No,Low,1.0,No,Salle 14,96.0,0.5222222222222221,0.23256281800052417,0.1416,1.0,1,0,0,1,False,False,False,False,False,False
ENSPD003971,Female,22.0,3,0.6391912908242613,23.0,0.6191536748329621,0.858,0.462,3.0,2.1,10.7,Yes,Yes,Middle,0.0,Yes,Salle 24,188.0,0.5152777777777777,0.26810345717004724,0.4608,0.900740336465212,0,1,1,1,True,False,False,False,False,False
ENSPD000382,Female,20.0,3,0.8724727838258165,8.0,0.6113585746102449,0.543,0.614,2.0,0.7,5.9,Yes,No,High,2.0,Yes,Salle 4,212.0,0.46944444444444444,0.3777924165031813,0.36719999999999997,0.9860656366780134,0,0,1,1,False,False,False,False,True,False
ENSPD002902,Female,20.0,5,0.7465007776049767,16.0,0.5690423162583519,0.552,0.897,1.0,5.3,25.0,Yes,No,Middle,1.0,Yes,Salle 18,70.0,0.6791666666666665,0.23139525823246962,0.16740000000000002,0.6476742668343078,0,0,1,1,False,False,True,False,False,False
ENSPD000064,Male,23.0,1,0.5505443234836701,29.0,0.6046770601336303,0.988,0.798,2.0,1.0,9.3,No,No,Low,1.0,Yes,Salle 24,149.0,0.7666666666666668,0.14869581434672288,0.2844,0.6476742668343078,1,0,1,0,False,False,True,False,False,False
ENSPD000075,Female,21.0,2,0.6065318818040436,25.0,0.6113585746102449,0.625,0.506,0.0,1.4,19.6,No,No,Low,2.0,Yes,Salle 18,119.0,0.45833333333333337,0.2861897800156127,0.0,1.0,0,0,1,0,False,False,False,False,False,False
ENSPD001133,Male,22.0,2,0.9020217729393468,6.0,0.5412026726057906,0.713,0.459,1.0,1.4,9.9,Yes,Yes,High,1.0,Yes,Salle 23,231.0,0.4986111111111111,0.36962733656941704,0.1874,0.9860656366780134,1,1,1,1,False,False,False,False,True,False
ENSPD003701,Female,21.0,2,0.8709175738724727,8.0,0.7138084632516704,0.684,0.904,2.0,2.6,23.7,Yes,No,Middle,1.0,Yes,Salle 10,298.0,0.7666666666666668,0.2342458552881859,0.3668,0.5818364233587374,0,0,1,1,False,False,False,True,False,False
ENSPD002320,Male,24.0,4,0.4883359253499221,33.0,0.7973273942093541,0.29100000000000004,0.594,2.0,0.8,8.7,No,No,Middle,0.0,Yes,Salle 11,173.0,0.4527777777777777,0.24494666055394745,0.26839999999999997,0.6476742668343078,1,0,1,0,False,False,True,False,False,False
ENSPD002014,Male,24.0,5,0.9222395023328148,5.0,0.5679287305122495,0.616,0.799,1.0,1.4,12.3,Yes,No,Middle,0.0,Yes,Salle 30,48.0,0.7833333333333332,0.24200283271926773,0.19,1.0,1,0,1,1,False,False,False,False,False,False
ENSPD001743,Female,21.0,3,0.9595645412130639,3.0,0.6714922048997773,0.44799999999999995,0.632,3.0,1.0,7.9,Yes,No,Middle,3.0,Yes,Salle 2,212.0,0.5222222222222221,0.375007783823222,0.5844000000000001,0.9860656366780134,0,0,1,1,False,False,False,False,True,False
ENSPD001441,Female,20.0,2,0.7231726283048211,24.0,0.9142538975501113,0.823,0.765,1.0,3.1,18.4,Yes,No,Low,1.0,Yes,Salle 1,177.0,0.7083333333333333,0.21411597036322308,0.16440000000000002,0.6476742668343078,0,0,1,1,False,False,True,False,False,False
ENSPD002170,Male,19.0,1,0.5381026438569206,30.0,0.7917594654788419,0.541,0.386,3.0,8.6,11.5,No,Yes,Low,1.0,Yes,Salle 21,248.0,0.3944444444444445,0.2970063455133901,0.42179999999999995,0.5818364233587374,1,1,1,0,False,False,False,True,False,False
ENSPD003433,Female,23.0,5,0.8693623639191289,8.0,0.8530066815144766,0.588,0.373,1.0,1.7,16.1,No,No,Middle,1.0,Yes,Salle 4,70.0,0.4180555555555555,0.41297152744042676,0.1832,0.6476742668343078,0,0,1,0,False,False,True,False,False,False
ENSPD004347,Female,21.0,3,0.7045101088646967,19.0,0.6592427616926504,0.8490000000000001,0.6829999999999999,0.0,0.3,6.7,Yes,No,High,1.0,No,Salle 15,188.0,0.6472222222222221,0.23125551284266763,0.0,0.900740336465212,0,0,0,1,True,False,False,False,False,False
ENSPD000638,Male,24.0,5,0.9999999999999999,0.0,0.6726057906458797,0.563,1.0,1.0,2.4,17.3,Yes,No,Low,1.0,Yes,Salle 18,60.0,0.7097222222222221,0.2916315305311624,0.2,0.7508690441401171,1,0,1,1,False,False,False,False,False,True
ENSPD001683,Female,25.0,4,0.34681181959564533,42.0,0.41759465478841873,0.937,0.58,0.0,3.9,16.8,Yes,No,Middle,1.0,Yes,Salle 20,230.0,0.47638888888888886,0.18184328015900755,0.0,0.5818364233587374,0,0,1,1,False,False,False,True,False,False
ENSPD001722,Male,19.0,1,0.8724727838258165,8.0,0.8830734966592427,0.275,0.6779999999999999,1.0,0.4,13.1,No,No,Middle,1.0,No,Salle 8,121.0,0.4638888888888889,0.38149820263885703,0.18359999999999999,0.7508690441401171,1,0,0,0,False,False,False,False,False,True
ENSPD003162,Male,21.0,5,0.7791601866251944,14.0,0.5634743875278396,0.538,0.6920000000000001,4.0,1.6,14.7,Yes,No,Middle,0.0,Yes,Salle 13,70.0,0.5555555555555556,0.29544087838817545,0.6864,0.6476742668343078,1,0,1,1,False,False,True,False,False,False
ENSPD003825,Male,27.0,5,0.6360808709175737,23.0,0.801781737193764,0.418,0.349,2.0,3.0,9.1,No,Yes,Middle,0.0,Yes,Salle 3,48.0,0.29166666666666674,0.4176787224682492,0.3064,1.0,1,1,1,0,False,False,False,False,False,False
ENSPD001199,Female,21.0,3,0.5863141524105754,27.0,0.4610244988864143,0.375,0.256,2.0,2.0,16.3,Yes,Yes,Middle,1.0,Yes,Salle 28,263.0,0.175,0.5209708667786728,0.2936,0.5818364233587374,0,1,1,1,False,False,False,True,False,False
ENSPD001618,Female,24.0,4,0.7449455676516329,16.0,0.6146993318485524,0.56,0.49100000000000005,1.0,4.1,21.2,Yes,No,Low,3.0,Yes,Salle 7,178.0,0.3638888888888888,0.4044194765008412,0.1672,0.9860656366780134,0,0,1,1,False,False,False,False,True,False
ENSPD004532,Male,21.0,5,0.7511664074650078,16.0,0.9086859688195992,0.379,0.434,0.0,1.4,12.2,Yes,Yes,Middle,2.0,Yes,Salle 23,60.0,0.4916666666666667,0.3201374639723783,0.0,0.7508690441401171,1,1,1,1,False,False,False,False,False,True
ENSPD001954,Female,24.0,3,0.8320373250388803,11.0,0.8685968819599109,0.693,0.506,1.0,1.3,14.9,Yes,No,Low,3.0,Yes,Salle 16,212.0,0.6222222222222222,0.2805190872624084,0.1784,0.9860656366780134,0,0,1,1,False,False,False,False,True,False
ENSPD001566,Male,17.0,3,0.9999999999999999,0.0,1.0,0.625,0.645,1.0,7.2,29.4,No,No,Middle,1.0,Yes,Salle 30,212.0,0.7083333333333333,0.2922221071966786,0.2,0.9860656366780134,1,0,1,0,False,False,False,False,True,False
ENSPD000028,Male,25.0,1,0.9999999999999999,0.0,0.6792873051224945,0.898,0.495,0.0,1.4,10.7,Yes,No,Middle,1.0,Yes,Salle 30,121.0,0.6749999999999999,0.30688946520522276,0.0,0.7508690441401171,1,0,1,1,False,False,False,False,False,True
ENSPD002968,Male,20.0,4,0.9377916018662519,4.0,0.6692650334075724,0.659,0.5860000000000001,1.0,4.0,28.6,No,No,Low,1.0,Yes,Salle 10,178.0,0.5708333333333333,0.3395277168811872,0.192,0.9860656366780134,1,0,1,0,False,False,False,False,True,False
ENSPD000247,Male,21.0,5,0.7651632970451011,15.0,0.6469933184855233,0.58,0.8,3.0,0.5,8.2,No,No,High,0.0,Yes,Salle 16,109.0,0.6111111111111112,0.26476976891832804,0.5094000000000001,0.5818364233587374,1,0,1,0,False,False,False,True,False,False
ENSPD004695,Male,25.0,3,0.8460342146189735,10.0,0.6592427616926504,0.5750000000000001,0.731,0.0,1.4,15.7,Yes,No,Middle,0.0,Yes,Salle 26,104.0,0.6277777777777779,0.28230551231604484,0.0,0.0,1,0,1,1,False,True,False,False,False,False
ENSPD003951,Male,20.0,3,0.4043545878693624,38.0,0.8129175946547884,0.6859999999999999,0.489,0.0,2.5,11.7,No,No,Low,2.0,Yes,Salle 16,212.0,0.5263888888888889,0.18220934758168347,0.0,0.9860656366780134,1,0,1,0,False,False,False,False,True,False
ENSPD003411,Male,21.0,3,0.6485225505443236,23.0,0.5579064587973274,0.142,0.355,1.0,0.9,3.0,Yes,No,Low,3.0,Yes,Salle 6,263.0,0.15694444444444444,0.5838742008035843,0.15480000000000002,0.5818364233587374,1,0,1,1,False,False,False,True,False,False
ENSPD004497,Male,22.0,2,0.6407465007776051,23.0,0.6469933184855233,0.733,0.518,3.0,0.3,8.3,No,No,Middle,1.0,Yes,Salle 20,298.0,0.513888888888889,0.2693331387238699,0.46140000000000003,0.5818364233587374,1,0,1,0,False,False,False,True,False,False
ENSPD002790,Other,20.0,2,0.7231726283048211,16.0,0.7305122494432071,0.766,0.381,0.0,0.4,10.4,Yes,No,Middle,3.0,Yes,Salle 4,185.0,0.5166666666666666,0.29652580620429003,0.0,0.900740336465212,2,0,1,1,True,False,False,False,False,False
ENSPD004022,Male,23.0,1,0.4898911353032659,33.0,0.5501113585746102,0.55,0.455,2.0,1.3,9.4,No,No,Middle,1.0,Yes,Salle 4,248.0,0.41527777777777775,0.2654677707552172,0.26880000000000004,0.5818364233587374,1,0,1,0,False,False,False,True,False,False
ENSPD003443,Male,22.0,2,0.5847589424572316,27.0,0.4888641425389756,0.616,0.635,1.0,0.2,11.5,No,No,Middle,0.0,Yes,Salle 25,161.0,0.5305555555555556,0.24211473546349108,0.1466,0.7508690441401171,1,0,1,0,False,False,False,False,False,True
ENSPD004040,Male,21.0,2,0.5583203732503886,28.0,0.4621380846325167,0.639,0.777,2.0,7.2,34.8,Yes,No,Middle,0.0,No,Salle 6,298.0,0.5625,0.21939118841524594,0.2864,0.5818364233587374,1,0,0,1,False,False,False,True,False,False
ENSPD001299,Female,22.0,1,0.7231726283048211,18.0,0.7305122494432071,0.5770000000000001,0.465,2.0,1.6,9.5,Yes,No,Middle,2.0,No,Salle 7,96.0,0.4888888888888888,0.311700537186147,0.32880000000000004,1.0,0,0,0,1,False,False,False,False,False,False
ENSPD002293,Male,22.0,4,0.8040435458786938,13.0,0.24944320712694878,0.529,0.454,0.0,0.2,0.5,No,No,Middle,2.0,No,Salle 17,173.0,0.28055555555555556,0.5091017524521527,0.0,0.6476742668343078,1,0,0,0,False,False,True,False,False,False
ENSPD000334,Male,22.0,3,0.8133748055987559,12.0,0.5289532293986637,0.623,0.6659999999999999,0.0,1.8,10.0,No,No,Low,3.0,No,Salle 1,188.0,0.5083333333333333,0.3325504641284769,0.0,0.900740336465212,1,0,0,0,True,False,False,False,False,False
ENSPD004896,Male,19.0,5,0.7993779160186624,13.0,0.46325167037861914,0.662,0.635,1.0,0.0,12.8,Yes,No,Middle,2.0,Yes,Salle 28,48.0,0.3416666666666667,0.4467030103192202,0.1742,1.0,1,0,1,1,False,False,False,False,False,False
ENSPD000976,Male,21.0,4,0.5847589424572316,27.0,0.40089086859688206,0.9159999999999999,0.585,1.0,3.8,21.8,No,No,High,2.0,No,Salle 2,157.0,0.5486111111111112,0.23405574959181405,0.1466,0.900740336465212,1,0,0,0,True,False,False,False,False,False
ENSPD002033,Male,23.0,1,0.9999999999999999,0.0,0.6113585746102449,0.304,1.0,0.0,4.9,19.1,Yes,No,Middle,1.0,Yes,Salle 30,248.0,0.475,0.4206509203939114,0.0,0.5818364233587374,1,0,1,1,False,False,False,True,False,False
ENSPD004204,Female,22.0,1,0.8491446345256609,10.0,0.5579064587973274,0.397,0.7320000000000001,1.0,4.3,20.3,Yes,No,Middle,1.0,Yes,Salle 6,248.0,0.4902777777777778,0.3559986413131634,0.1806,0.5818364233587374,0,0,1,1,False,False,False,True,False,False
ENSPD002183,Male,25.0,3,0.7433903576982893,16.0,0.7193763919821826,0.512,0.71,1.0,0.4,9.5,No,No,Middle,0.0,Yes,Salle 3,263.0,0.6208333333333333,0.2538159223152979,0.167,0.5818364233587374,1,0,1,0,False,False,False,True,False,False
ENSPD004821,Male,20.0,1,0.4354587869362364,36.0,0.6982182628062361,0.56,0.9329999999999999,1.0,1.9,18.0,No,No,Middle,1.0,Yes,Salle 4,121.0,0.6097222222222222,0.16251430613820075,0.1274,0.7508690441401171,1,0,1,0,False,False,False,False,False,True
ENSPD002703,Male,20.0,2,0.7293934681181958,17.0,0.3218262806236081,0.509,0.713,1.0,0.6,2.3,No,No,Middle,0.0,Yes,Salle 6,185.0,0.36944444444444435,0.3934558862687121,0.16519999999999999,0.900740336465212,1,0,1,0,True,False,False,False,False,False
ENSPD002330,Male,23.0,2,0.7076205287713843,19.0,0.7282850779510022,0.742,0.748,3.0,0.8,8.1,No,No,Middle,2.0,Yes,Salle 29,231.0,0.7069444444444444,0.21020882772735197,0.4872000000000001,0.9860656366780134,1,0,1,0,False,False,False,False,True,False
ENSPD003898,Female,21.0,5,0.547433903576983,29.0,0.6514476614699333,0.546,0.106,1.0,9.8,42.9,Yes,No,Middle,0.0,Yes,Salle 12,70.0,0.22916666666666674,0.4348901387508807,0.1418,0.6476742668343078,0,0,1,1,False,False,True,False,False,False
ENSPD001684,Female,22.0,2,0.5645412130637636,28.0,0.544543429844098,0.615,0.312,0.0,1.3,7.9,Yes,No,Middle,1.0,No,Salle 4,185.0,0.3138888888888889,0.3652657309766001,0.0,0.900740336465212,0,0,0,1,True,False,False,False,False,False
ENSPD004326,Female,20.0,2,0.3732503888024883,40.0,0.5478841870824054,0.627,0.71,0.0,1.6,4.5,Yes,No,Middle,0.0,Yes,Salle 12,161.0,0.5694444444444444,0.15619045824388636,0.0,0.7508690441401171,0,0,1,1,False,False,False,False,False,True
ENSPD001278,Other,20.0,4,0.8258164852255053,11.0,0.5634743875278396,0.7540000000000001,0.721,1.0,1.9,11.4,Yes,Yes,Middle,0.0,Yes,Salle 12,157.0,0.6805555555555556,0.2538703856144129,0.1776,0.900740336465212,2,1,1,1,True,False,False,False,False,False
ENSPD001648,Female,25.0,1,0.6189735614307931,24.0,0.7483296213808464,0.713,0.121,1.0,3.3,11.5,Yes,No,High,1.0,No,Salle 10,186.0,0.3319444444444445,0.3753329289474312,0.151,0.9860656366780134,0,0,0,1,False,False,False,False,True,False
ENSPD000396,Female,23.0,2,0.5614307931570762,28.0,0.6113585746102449,0.531,0.222,3.0,0.4,11.5,Yes,No,Middle,2.0,No,Salle 19,185.0,0.2652777777777777,0.4060773005066004,0.43079999999999996,0.900740336465212,0,0,0,1,True,False,False,False,False,False
ENSPD004503,Male,22.0,3,0.7667185069984447,15.0,0.6514476614699333,0.6,0.799,1.0,1.4,8.6,Yes,No,Low,0.0,Yes,Salle 18,263.0,0.6513888888888888,0.2482170597708974,0.17,0.5818364233587374,1,0,1,1,False,False,False,True,False,False
ENSPD004506,Male,26.0,2,0.7231726283048211,12.0,0.7461024498886415,0.434,0.583,0.0,6.4,11.5,No,No,Middle,1.0,Yes,Salle 1,185.0,0.46805555555555556,0.32378164977801827,0.0,0.900740336465212,1,0,1,0,True,False,False,False,False,False
ENSPD003655,Male,19.0,1,0.48211508553654736,33.0,0.6937639198218263,0.708,0.359,0.0,4.4,27.6,Yes,No,Low,0.0,Yes,Salle 2,149.0,0.41388888888888886,0.26317362298202995,0.0,0.6476742668343078,1,0,1,1,False,False,True,False,False,False
ENSPD001803,Male,18.0,2,0.6936236391912908,20.0,0.5111358574610245,0.446,0.853,1.0,2.4,15.6,Yes,No,High,1.0,No,Salle 11,298.0,0.5097222222222222,0.28989697377568757,0.1606,0.5818364233587374,1,0,0,1,False,False,False,True,False,False
ENSPD004060,Other,21.0,2,0.8164852255054432,12.0,0.6848552338530067,0.5660000000000001,1.0,2.0,0.7,12.0,Yes,No,Low,0.0,Yes,Salle 25,231.0,0.7375,0.2297919482993029,0.3528,0.9860656366780134,2,0,1,1,False,False,False,False,True,False
ENSPD001209,Male,27.0,3,0.505443234836703,32.0,0.5946547884187082,0.314,0.8200000000000001,2.0,2.7,10.8,Yes,No,Middle,1.0,Yes,Salle 26,263.0,0.5527777777777778,0.20588605187011202,0.27280000000000004,0.5818364233587374,1,0,1,1,False,False,False,True,False,False
ENSPD003409,Male,20.0,3,0.28304821150855364,46.0,0.3930957683741648,0.7290000000000001,0.793,1.0,0.4,9.0,No,No,Low,1.0,Yes,Salle 21,104.0,0.5152777777777777,0.14445542256626262,0.10779999999999999,0.0,1,0,1,0,False,True,False,False,False,False
ENSPD004568,Male,23.0,2,0.8289269051321929,11.0,0.6848552338530067,0.505,0.8440000000000001,0.0,1.8,10.3,No,No,High,2.0,No,Salle 1,71.0,0.6152777777777778,0.28271805051336274,0.0,0.0,1,0,0,0,False,True,False,False,False,False
ENSPD001860,Female,22.0,1,0.7169517884914464,18.0,0.5211581291759466,0.638,0.585,0.0,0.1,11.5,Yes,No,Middle,2.0,Yes,Salle 23,248.0,0.43194444444444435,0.34390495266436905,0.0,0.5818364233587374,0,0,1,1,False,False,False,True,False,False
ENSPD003819,Female,25.0,4,0.7993779160186624,13.0,0.42538975501113585,0.742,0.675,3.0,0.2,0.0,Yes,No,Middle,0.0,No,Salle 5,93.0,0.5416666666666667,0.3093521688147438,0.5226,1.0,0,0,0,1,False,False,False,False,False,False
ENSPD004351,Female,24.0,3,0.4681181959564541,34.0,0.38752783964365256,0.643,0.9440000000000001,2.0,0.2,0.4,Yes,No,Low,0.0,Yes,Salle 26,263.0,0.6208333333333333,0.16894233718007048,0.2632,0.5818364233587374,0,0,1,1,False,False,False,True,False,False
ENSPD003138,Female,22.0,1,0.4230171073094867,37.0,0.8051224944320713,0.98,0.392,0.0,2.0,13.9,Yes,No,Middle,0.0,Yes,Salle 7,96.0,0.5402777777777777,0.18320645683030426,0.0,1.0,0,0,1,1,False,False,False,False,False,False
ENSPD002233,Female,23.0,2,0.6842923794712287,20.0,0.8329621380846325,0.258,0.564,0.0,5.3,29.3,No,No,Low,1.0,Yes,Salle 27,119.0,0.4291666666666667,0.3330798220404614,0.0,1.0,0,0,1,0,False,False,False,False,False,False
ENSPD001072,Male,22.0,4,0.6749611197511663,21.0,0.5144766146993318,0.616,0.588,4.0,3.4,16.9,Yes,Yes,Low,1.0,Yes,Salle 29,121.0,0.3138888888888889,0.4157390536397242,0.6327999999999999,0.7508690441401171,1,1,1,1,False,False,False,False,False,True
ENSPD002505,Male,20.0,3,0.5785381026438571,27.0,0.3830734966592428,0.64,0.733,3.0,1.4,11.3,Yes,No,Middle,3.0,Yes,Salle 15,185.0,0.4805555555555555,0.26407066108611954,0.43740000000000007,0.6476742668343078,1,0,1,1,False,False,True,False,False,False
ENSPD000330,Male,21.0,1,0.822706065318818,11.0,0.6113585746102449,0.494,0.838,0.0,1.7,18.0,No,Yes,Middle,2.0,Yes,Salle 28,143.0,0.525,0.3263275286560757,0.0,0.900740336465212,1,1,1,0,True,False,False,False,False,False
ENSPD000467,Male,23.0,4,0.5552099533437015,29.0,0.6113585746102449,0.505,0.29300000000000004,1.0,0.9,5.3,Yes,No,Low,0.0,Yes,Salle 12,173.0,0.24444444444444435,0.4232034030130797,0.1428,0.6476742668343078,1,0,1,1,False,False,True,False,False,False
ENSPD002473,Female,23.0,1,0.6640746500777605,22.0,0.7171492204899776,0.782,0.294,0.0,7.5,34.5,No,No,Low,2.0,Yes,Salle 29,121.0,0.43472222222222223,0.32179307905693333,0.0,0.7508690441401171,0,0,1,0,False,False,False,False,False,True
ENSPD004357,Male,22.0,2,0.7371695178849144,17.0,0.692650334075724,0.6859999999999999,0.78,1.0,2.4,16.5,Yes,No,Low,1.0,No,Salle 7,161.0,0.6680555555555555,0.2328962988345927,0.1662,0.7508690441401171,1,0,0,1,False,False,False,False,False,True
ENSPD004798,Female,19.0,3,0.7013996889580093,19.0,0.334075723830735,0.6709999999999999,0.59,1.0,0.1,11.5,Yes,No,Low,1.0,No,Salle 5,212.0,0.37222222222222223,0.3795745721555902,0.1616,0.9860656366780134,0,0,0,1,False,False,False,False,True,False
ENSPD004187,Male,22.0,1,0.5194401244167962,31.0,0.799554565701559,0.705,0.7490000000000001,1.0,2.3,14.8,No,No,Middle,2.0,Yes,Salle 17,149.0,0.75,0.1448506021596266,0.1382,0.6476742668343078,1,0,1,0,False,False,True,False,False,False
ENSPD003919,Female,26.0,2,0.5692068429237945,28.0,0.6581291759465479,0.498,0.8570000000000001,0.0,0.8,11.0,No,Yes,Middle,1.0,Yes,Salle 2,71.0,0.6666666666666667,0.18404224621903806,0.0,0.0,0,1,1,0,False,True,False,False,False,False
ENSPD000573,Male,22.0,3,0.8071539657853809,12.0,0.44209354120267264,0.78,0.171,0.0,2.8,13.3,No,Yes,Middle,1.0,Yes,Salle 12,212.0,0.2958333333333333,0.49435730016778323,0.0,0.9860656366780134,1,1,1,0,False,False,False,False,True,False
ENSPD004808,Female,21.0,4,0.749611197511664,16.0,0.4365256124721604,0.8240000000000001,0.615,1.0,1.8,16.8,Yes,No,Middle,0.0,Yes,Salle 5,173.0,0.5402777777777777,0.2933088462510952,0.1678,0.6476742668343078,0,0,1,1,False,False,True,False,False,False
ENSPD002508,Male,23.0,3,0.6531881804043546,22.0,0.5623608017817372,0.399,0.473,0.0,2.7,20.1,Yes,Yes,Middle,0.0,Yes,Salle 12,185.0,0.2791666666666667,0.4376781872414167,0.0,0.6476742668343078,1,1,1,1,False,False,True,False,False,False
ENSPD004278,Male,19.0,5,0.645412130637636,23.0,0.5946547884187082,0.644,0.493,3.0,0.6,9.0,Yes,No,Middle,0.0,Yes,Salle 17,109.0,0.5319444444444444,0.2621297926605999,0.46320000000000006,0.5818364233587374,1,0,1,1,False,False,False,True,False,False
ENSPD004245,Male,23.0,3,0.9595645412130639,3.0,0.7939866369710468,0.647,0.929,1.0,0.8,0.0,No,No,Middle,2.0,Yes,Salle 3,185.0,0.7916666666666667,0.2488390533659748,0.19480000000000003,0.6476742668343078,1,0,1,0,False,False,True,False,False,False
ENSPD002393,Male,22.0,1,0.7231726283048211,1.0,0.7706013363028954,0.588,0.9740000000000001,1.0,1.8,15.4,Yes,No,Low,0.0,No,Salle 11,248.0,0.7916666666666667,0.18713150604436737,0.16440000000000002,0.5818364233587374,1,0,0,1,False,False,False,True,False,False
ENSPD002412,Male,23.0,5,0.8211508553654744,12.0,0.5022271714922049,0.81,0.7070000000000001,1.0,0.8,2.6,No,No,Middle,0.0,Yes,Salle 7,48.0,0.6347222222222223,0.27163232608133403,0.177,1.0,1,0,1,0,False,False,False,False,False,False
ENSPD003621,Female,24.0,5,0.9020217729393468,6.0,0.8129175946547884,0.526,0.54,0.0,0.2,4.3,Yes,No,Middle,0.0,No,Salle 17,109.0,0.5180555555555555,0.3576821277789952,0.0,0.5818364233587374,0,0,0,1,False,False,False,True,False,False
ENSPD000892,Female,23.0,1,0.6594090202177293,22.0,0.4053452115812918,0.43700000000000006,0.645,1.0,2.9,17.8,Yes,No,High,1.0,Yes,Salle 4,83.0,0.3680555555555556,0.365062627780271,0.1562,0.0,0,0,1,1,False,True,False,False,False,False
ENSPD004902,Male,21.0,3,0.9020217729393468,6.0,0.40423162583518935,0.7590000000000001,0.414,0.0,0.5,6.1,No,Yes,Middle,2.0,Yes,Salle 30,185.0,0.39861111111111114,0.4412394038222912,0.0,0.6476742668343078,1,1,1,0,False,False,True,False,False,False
ENSPD002975,Male,20.0,3,0.7122861586314152,18.0,0.6113585746102449,0.659,0.601,1.0,0.9,13.4,Yes,Yes,Middle,1.0,Yes,Salle 19,154.0,0.6194444444444444,0.2448020909006118,0.163,0.7508690441401171,1,1,1,1,False,False,False,False,False,True
ENSPD004203,Male,24.0,4,0.7900466562986003,14.0,0.6358574610244989,0.601,0.454,1.0,2.7,23.7,No,No,Middle,2.0,Yes,Salle 18,173.0,0.44166666666666665,0.3654854798922388,0.17300000000000001,0.6476742668343078,1,0,1,0,False,False,True,False,False,False
ENSPD003933,Female,28.0,2,0.8569206842923794,9.0,0.40423162583518935,0.41600000000000004,0.635,1.0,9.6,45.1,Yes,No,High,0.0,Yes,Salle 21,185.0,0.45138888888888895,0.3841854303147738,0.1816,0.900740336465212,0,0,1,1,True,False,False,False,False,False
ENSPD003019,Male,24.0,4,0.9144634525660965,6.0,0.8285077951002227,0.24600000000000002,0.424,1.0,5.7,32.3,No,No,High,1.0,Yes,Salle 23,178.0,0.39861111111111114,0.44625810877991656,0.189,0.9860656366780134,1,0,1,0,False,False,False,False,True,False
ENSPD001912,Female,20.0,2,0.9657853810264384,2.0,0.489977728285078,0.8240000000000001,0.635,2.0,5.2,26.2,No,No,Middle,1.0,Yes,Salle 1,298.0,0.7555555555555555,0.26376579931328037,0.3912,0.5818364233587374,0,0,1,0,False,False,False,True,False,False
ENSPD001932,Male,20.0,2,0.6329704510108866,24.0,0.6369710467706015,0.33899999999999997,0.736,0.0,0.4,1.7,Yes,No,Middle,1.0,Yes,Salle 3,231.0,0.49722222222222223,0.2750330901348319,0.0,0.9860656366780134,1,0,1,1,False,False,False,False,True,False
ENSPD000685,Female,21.0,2,0.8615863141524104,9.0,0.5233853006681515,0.308,0.981,1.0,1.2,11.5,No,No,Middle,0.0,Yes,Salle 18,177.0,0.5861111111111111,0.30695740956845596,0.1822,0.6476742668343078,0,0,1,0,False,False,True,False,False,False
ENSPD002831,Male,18.0,1,0.9999999999999999,0.0,0.43541202672605794,0.563,0.546,1.0,1.4,8.4,No,No,Middle,2.0,No,Salle 2,149.0,0.5444444444444444,0.3752000194458587,0.2,0.6476742668343078,1,0,0,0,False,False,True,False,False,False
ENSPD003256,Male,22.0,1,0.8973561430793159,7.0,0.5657015590200446,0.639,0.36700000000000005,0.0,1.3,0.9,Yes,No,High,2.0,No,Salle 4,149.0,0.3555555555555555,0.47657858658565333,0.0,0.6476742668343078,1,0,0,1,False,False,True,False,False,False
ENSPD002388,Female,22.0,2,0.9440124416796268,4.0,0.6113585746102449,0.39799999999999996,0.336,1.0,2.9,16.9,Yes,No,Middle,1.0,Yes,Salle 8,119.0,0.4263888888888888,0.4357376875925094,0.19280000000000003,1.0,0,0,1,1,False,False,False,False,False,False
ENSPD004830,Male,25.0,5,0.6189735614307931,24.0,0.6380846325167038,0.563,0.42,0.0,0.0,0.0,No,No,Low,1.0,Yes,Salle 26,80.0,0.3569444444444444,0.35612154600667845,0.0,0.900740336465212,1,0,1,0,True,False,False,False,False,False
ENSPD000255,Male,24.0,4,0.6360808709175737,23.0,0.3763919821826281,0.5820000000000001,0.433,4.0,1.9,13.6,No,No,Middle,0.0,Yes,Salle 12,157.0,0.31805555555555554,0.3944230928071084,0.6128,0.900740336465212,1,0,1,0,True,False,False,False,False,False
ENSPD000699,Male,24.0,2,0.5287713841368585,30.0,0.6113585746102449,0.61,0.49,1.0,2.2,21.0,No,No,Middle,0.0,Yes,Salle 13,177.0,0.3916666666666666,0.2949317043577705,0.1394,0.6476742668343078,1,0,1,0,False,False,True,False,False,False
ENSPD001009,Male,22.0,4,0.7122861586314152,18.0,0.7182628062360802,0.563,0.44,0.0,0.4,9.1,Yes,No,Middle,1.0,Yes,Salle 18,157.0,0.48749999999999993,0.3085773080880858,0.0,0.900740336465212,1,0,1,1,True,False,False,False,False,False
ENSPD000251,Male,25.0,4,0.6687402799377916,21.0,0.5746102449888641,0.517,0.876,1.0,0.2,4.8,No,No,Middle,0.0,Yes,Salle 30,230.0,0.6611111111111111,0.21534187688471082,0.1574,0.5818364233587374,1,0,1,0,False,False,False,True,False,False
ENSPD004921,Female,21.0,1,0.7231726283048211,0.0,0.8106904231625836,0.312,0.886,0.0,0.7,11.5,Yes,Yes,Middle,1.0,Yes,Salle 21,186.0,0.7180555555555557,0.21074501394690262,0.0,0.9860656366780134,0,1,1,1,False,False,False,False,True,False
ENSPD002302,Male,24.0,3,0.6298600311041992,24.0,0.5968819599109131,0.37700000000000006,0.986,2.0,2.6,11.5,Yes,No,Middle,1.0,No,Salle 12,188.0,0.6041666666666667,0.22538525809065393,0.3048,0.900740336465212,1,0,0,1,True,False,False,False,False,False
ENSPD000499,Female,19.0,1,0.6578538102643857,22.0,0.6113585746102449,0.306,0.872,2.0,0.4,5.3,No,Yes,Low,1.0,Yes,Salle 5,121.0,0.49722222222222223,0.2838626085531444,0.312,0.7508690441401171,0,1,1,0,False,False,False,False,False,True
ENSPD004924,Female,25.0,5,0.7231726283048211,20.0,0.5924276169265034,0.612,0.573,0.0,0.6,11.5,No,No,Middle,2.0,Yes,Salle 4,70.0,0.5055555555555555,0.3024734860190267,0.0,0.6476742668343078,0,0,1,0,False,False,True,False,False,False
ENSPD003395,Female,22.0,1,0.749611197511664,16.0,0.6547884187082406,0.619,0.439,3.0,1.4,11.1,Yes,No,Middle,0.0,Yes,Salle 5,83.0,0.4027777777777778,0.37673534520861973,0.5034000000000001,0.0,0,0,1,1,False,True,False,False,False,False
ENSPD004908,Male,23.0,3,0.8118195956454123,12.0,0.9042316258351895,0.885,0.8690000000000001,0.0,0.3,2.5,Yes,No,Low,0.0,Yes,Salle 10,154.0,0.9722222222222223,0.16049687104925545,0.0,0.7508690441401171,1,0,1,1,False,False,False,False,False,True
ENSPD002179,Female,22.0,3,0.5552099533437015,29.0,0.46993318485523383,0.525,0.716,0.0,0.7,5.8,No,No,Middle,0.0,Yes,Salle 18,212.0,0.46805555555555556,0.2619827800399386,0.0,0.9860656366780134,0,0,1,0,False,False,False,False,True,False
ENSPD000130,Male,21.0,1,0.7776049766718508,14.0,0.5957683741648108,0.6509999999999999,0.604,1.0,13.8,61.4,Yes,No,High,0.0,Yes,Salle 10,143.0,0.5694444444444444,0.2880487277107264,0.1714,0.900740336465212,1,0,1,1,True,False,False,False,False,False
ENSPD002223,Male,25.0,2,0.6578538102643857,22.0,0.6525612472160356,0.688,0.798,1.0,1.1,16.8,No,No,Middle,2.0,Yes,Salle 22,298.0,0.6041666666666667,0.2341717542897935,0.156,0.5818364233587374,1,0,1,0,False,False,False,True,False,False
ENSPD004491,Male,21.0,1,0.8009331259720062,13.0,0.7906458797327395,0.376,0.313,3.0,5.4,25.0,No,No,Low,1.0,No,Salle 9,143.0,0.25555555555555554,0.5359071063656056,0.5232000000000001,0.900740336465212,1,0,0,0,True,False,False,False,False,False
ENSPD003628,Female,21.0,2,0.8320373250388803,11.0,0.5979955456570156,0.574,0.358,1.0,2.7,8.9,No,No,Middle,0.0,Yes,Salle 3,231.0,0.36944444444444435,0.43660616694685717,0.1784,0.9860656366780134,0,0,1,0,False,False,False,False,True,False
ENSPD003526,Male,21.0,1,0.49144634525660946,33.0,0.4064587973273942,0.616,0.578,0.0,3.6,20.7,No,No,High,1.0,Yes,Salle 19,83.0,0.3680555555555556,0.2943110060786771,0.0,0.0,1,0,1,0,False,True,False,False,False,False
ENSPD003842,Male,27.0,4,0.6360808709175737,23.0,0.5935412026726058,0.43,0.5920000000000001,1.0,0.1,1.0,Yes,No,Low,0.0,Yes,Salle 20,173.0,0.3847222222222222,0.3434054675786625,0.1532,0.6476742668343078,1,0,1,1,False,False,True,False,False,False
ENSPD002998,Male,19.0,5,0.7231726283048211,36.0,0.6113585746102449,0.6809999999999999,0.635,4.0,0.9,9.8,Yes,No,Middle,1.0,No,Salle 2,109.0,0.35416666666666674,0.40297950057444265,0.6576000000000001,0.5818364233587374,1,0,0,1,False,False,False,True,False,False
ENSPD003504,Male,25.0,3,0.7838258164852253,14.0,0.8986636971046771,0.616,0.488,3.0,1.0,18.6,No,No,High,2.0,Yes,Salle 21,263.0,0.5569444444444444,0.296285662374547,0.5166,0.5818364233587374,1,0,1,0,False,False,False,True,False,False
ENSPD002012,Male,24.0,2,0.9611197511664075,2.0,0.3541202672605791,0.42700000000000005,0.693,0.0,1.6,7.1,Yes,No,Low,0.0,Yes,Salle 17,161.0,0.47638888888888886,0.40550841692960315,0.0,0.7508690441401171,1,0,1,1,False,False,False,False,False,True
ENSPD004634,Female,23.0,5,0.9284603421461898,5.0,0.3541202672605791,0.657,1.0,1.0,1.9,11.4,No,No,Middle,2.0,Yes,Salle 30,60.0,0.6958333333333333,0.2771772436806673,0.19080000000000003,0.7508690441401171,0,0,1,0,False,False,False,False,False,True
ENSPD002088,Female,21.0,3,0.5085536547433903,32.0,0.6024498886414253,0.461,0.7000000000000001,1.0,1.6,13.7,Yes,No,Low,1.0,No,Salle 21,154.0,0.4305555555555556,0.26431385311991473,0.1368,0.7508690441401171,0,0,0,1,False,False,False,False,False,True
ENSPD000731,Male,23.0,1,0.7418351477449457,17.0,0.6113585746102449,0.77,0.568,1.0,3.0,13.7,Yes,Yes,Middle,2.0,Yes,Salle 8,143.0,0.5166666666666666,0.3029944517596752,0.1668,0.900740336465212,1,1,1,1,True,False,False,False,False,False
ENSPD000354,Male,19.0,2,0.9999999999999999,0.0,0.7984409799554566,0.616,0.625,1.0,1.6,13.5,Yes,No,Middle,1.0,Yes,Salle 11,298.0,0.6805555555555556,0.3043771892122148,0.2,0.5818364233587374,1,0,1,1,False,False,False,True,False,False
ENSPD000485,Female,23.0,2,0.6967340590979781,20.0,0.5857461024498887,0.517,0.84,3.0,1.4,7.9,No,No,Low,0.0,Yes,Salle 15,119.0,0.5499999999999999,0.27077826477926625,0.483,1.0,0,0,1,0,False,False,False,False,False,False
ENSPD001540,Male,23.0,1,0.7651632970451011,15.0,0.6113585746102449,0.465,0.624,2.0,7.7,37.9,Yes,No,Middle,1.0,Yes,Salle 27,83.0,0.523611111111111,0.30732281537143824,0.3396,0.0,1,0,1,1,False,True,False,False,False,False
ENSPD002851,Female,24.0,2,0.7262830482115087,18.0,0.4821826280623608,0.595,1.0,0.0,2.2,14.5,Yes,No,Middle,1.0,No,Salle 12,185.0,0.6097222222222222,0.25325208436323465,0.0,0.900740336465212,0,0,0,1,True,False,False,False,False,False
ENSPD000069,Male,22.0,2,0.6656298600311042,22.0,0.4142538975501113,0.517,0.8140000000000001,1.0,1.8,14.2,Yes,No,Middle,2.0,Yes,Salle 24,298.0,0.5597222222222222,0.25592274949505256,0.157,0.5818364233587374,1,0,1,1,False,False,False,True,False,False
ENSPD001006,Female,19.0,2,0.37636080870917565,40.0,0.930957683741648,0.8290000000000001,0.703,1.0,3.5,17.2,Yes,No,Low,2.0,Yes,Salle 30,298.0,0.8388888888888888,0.08671008834025282,0.1198,0.5818364233587374,0,0,1,1,False,False,False,True,False,False
ENSPD001486,Male,22.0,3,0.6827371695178849,20.0,0.6202672605790647,0.9620000000000001,0.6859999999999999,1.0,0.3,12.2,No,No,High,0.0,No,Salle 20,212.0,0.7013888888888888,0.20507683957499143,0.15919999999999998,0.9860656366780134,1,0,0,0,False,False,False,False,True,False
ENSPD003382,Male,22.0,3,0.9999999999999999,0.0,0.7394209354120267,0.731,0.524,2.0,4.6,23.7,Yes,No,Middle,3.0,Yes,Salle 18,188.0,0.5888888888888888,0.34974751436067,0.4,0.900740336465212,1,0,1,1,True,False,False,False,False,False
ENSPD003376,Female,24.0,3,0.5878693623639192,26.0,0.7683741648106904,0.309,0.751,1.0,2.1,7.8,No,No,Middle,1.0,Yes,Salle 7,212.0,0.5611111111111111,0.22969330942606078,0.147,0.9860656366780134,0,0,1,0,False,False,False,False,True,False
ENSPD000157,Female,22.0,2,0.5132192846034215,31.0,0.7405345211581292,0.599,0.745,4.0,0.2,5.5,Yes,No,Middle,0.0,Yes,Salle 26,231.0,0.6208333333333333,0.18284817881239587,0.5496000000000001,0.9860656366780134,0,0,1,1,False,False,False,False,True,False
ENSPD004635,Male,22.0,3,0.7122861586314152,18.0,0.5746102449888641,0.484,0.753,1.0,4.5,26.5,No,No,Middle,1.0,Yes,Salle 19,130.0,0.5458333333333333,0.2779909828347581,0.163,1.0,1,0,1,0,False,False,False,False,False,False
ENSPD003660,Female,21.0,2,0.7807153965785382,14.0,0.6113585746102449,0.438,0.629,0.0,5.9,26.0,Yes,No,Low,0.0,No,Salle 15,231.0,0.4847222222222223,0.33480140599561603,0.0,0.9860656366780134,0,0,0,1,False,False,False,False,True,False
ENSPD003471,Male,22.0,3,0.7480559875583203,16.0,0.36525612472160357,0.484,0.47200000000000003,0.0,0.1,9.1,No,No,Low,5.0,Yes,Salle 14,188.0,0.24861111111111112,0.5172754977852038,0.0,0.900740336465212,1,0,1,0,True,False,False,False,False,False
ENSPD000597,Male,22.0,5,0.7713841368584758,15.0,0.3140311804008909,0.56,0.36,1.0,2.5,14.6,No,No,Low,3.0,Yes,Salle 4,67.0,0.2333333333333334,0.5477409882595041,0.1706,0.9860656366780134,1,0,1,0,False,False,False,False,True,False
ENSPD003958,Male,21.0,1,0.5396578538102644,30.0,0.5801781737193764,0.019,0.914,1.0,2.0,16.5,Yes,No,Middle,2.0,No,Salle 5,83.0,0.5027777777777778,0.23930624290116406,0.1408,0.0,1,0,0,1,False,True,False,False,False,False
ENSPD004715,Male,21.0,3,0.7107309486780716,19.0,0.7527839643652561,0.625,0.308,1.0,2.6,20.5,Yes,No,Middle,0.0,No,Salle 17,212.0,0.41527777777777775,0.3525366312960838,0.16280000000000003,0.9860656366780134,1,0,0,1,False,False,False,False,True,False
ENSPD003546,Male,23.0,3,0.6189735614307931,24.0,0.6113585746102449,0.856,0.58,1.0,0.7,9.9,No,No,Middle,0.0,Yes,Salle 23,185.0,0.5541666666666667,0.2429946061390463,0.151,0.6476742668343078,1,0,1,0,False,False,True,False,False,False
ENSPD003290,Male,25.0,1,0.6905132192846034,20.0,0.7628062360801782,0.616,0.8190000000000001,4.0,1.5,11.1,Yes,No,Middle,0.0,Yes,Salle 30,121.0,0.6722222222222222,0.21766435327297143,0.6407999999999999,0.7508690441401171,1,0,1,1,False,False,False,False,False,True
ENSPD002192,Female,22.0,4,0.7122861586314152,18.0,0.5033407572383074,0.594,0.29300000000000004,0.0,3.9,19.4,Yes,No,Middle,1.0,Yes,Salle 18,93.0,0.35416666666666674,0.39829958402407994,0.0,1.0,0,0,1,1,False,False,False,False,False,False
ENSPD001690,Female,24.0,5,0.864696734059098,9.0,0.8396436525612472,0.858,0.7270000000000001,1.0,0.1,8.0,Yes,No,Low,1.0,Yes,Salle 3,80.0,0.7833333333333332,0.22686869362329118,0.18259999999999998,0.900740336465212,0,0,1,1,True,False,False,False,False,False
ENSPD000524,Female,20.0,3,0.7682737169517885,15.0,0.4888641425389756,0.653,0.639,1.0,2.2,14.8,Yes,No,Low,0.0,Yes,Salle 7,263.0,0.48611111111111116,0.3294988533066847,0.1702,0.5818364233587374,0,0,1,1,False,False,False,True,False,False
ENSPD001689,Female,21.0,3,0.6967340590979781,20.0,0.5256124721603563,0.877,0.633,0.0,2.6,14.9,Yes,No,Low,2.0,No,Salle 12,188.0,0.6444444444444444,0.2300022387699566,0.0,0.900740336465212,0,0,0,1,True,False,False,False,False,False
ENSPD003895,Female,23.0,4,0.8615863141524104,9.0,0.6113585746102449,0.632,0.728,0.0,0.4,12.8,Yes,No,Middle,1.0,Yes,Salle 14,121.0,0.5833333333333334,0.3083486174038782,0.0,0.7508690441401171,0,0,1,1,False,False,False,False,False,True
ENSPD003910,Male,21.0,2,0.7884914463452567,14.0,0.6269487750556793,0.99,0.647,1.0,0.7,7.0,Yes,No,Middle,1.0,Yes,Salle 13,185.0,0.7416666666666665,0.2206670161597479,0.1728,0.900740336465212,1,0,1,1,True,False,False,False,False,False
ENSPD001869,Male,24.0,2,0.8149300155520994,12.0,0.7383073496659243,0.818,0.8290000000000001,4.0,0.5,2.9,Yes,No,Middle,1.0,Yes,Salle 19,161.0,0.7527777777777778,0.2240223876288487,0.7048,0.7508690441401171,1,0,1,1,False,False,False,False,False,True
ENSPD004848,Male,21.0,3,0.6531881804043546,22.0,0.692650334075724,0.514,0.779,0.0,0.1,9.0,No,Yes,Middle,0.0,No,Salle 20,188.0,0.5777777777777777,0.24382831076776165,0.0,0.900740336465212,1,1,0,0,True,False,False,False,False,False
ENSPD004085,Male,20.0,5,0.7231726283048211,0.0,0.42538975501113585,0.907,0.713,1.0,1.6,13.4,No,No,Low,1.0,Yes,Salle 22,48.0,0.6986111111111111,0.21755113546445196,0.16440000000000002,1.0,1,0,1,0,False,False,False,False,False,False
ENSPD001116,Female,22.0,3,0.7449455676516329,16.0,0.7249443207126949,0.494,0.512,0.0,1.4,12.1,No,Yes,Middle,1.0,Yes,Salle 8,212.0,0.5013888888888889,0.31243198241238734,0.0,0.9860656366780134,0,1,1,0,False,False,False,False,True,False
ENSPD001004,Female,24.0,4,0.6531881804043546,22.0,0.9131403118040089,0.751,0.263,3.0,4.8,30.0,Yes,No,Middle,1.0,Yes,Salle 20,93.0,0.576388888888889,0.2444317182867208,0.46620000000000006,1.0,0,0,1,1,False,False,False,False,False,False
ENSPD002535,Female,24.0,1,0.9999999999999999,0.0,0.700445434298441,0.547,0.794,4.0,0.9,5.8,No,No,Middle,1.0,Yes,Salle 22,248.0,0.6069444444444445,0.34010295515491884,0.8,0.5818364233587374,0,0,1,0,False,False,False,True,False,False
ENSPD003125,Female,21.0,5,0.8211508553654744,12.0,0.6547884187082406,0.765,0.562,0.0,0.8,7.0,No,No,Middle,0.0,No,Salle 15,60.0,0.5652777777777778,0.3043560095690927,0.0,0.7508690441401171,0,0,0,0,False,False,False,False,False,True
ENSPD003018,Male,22.0,3,0.5489891135303265,29.0,0.7694877505567929,0.554,0.7220000000000001,1.0,0.0,7.1,Yes,No,Middle,1.0,No,Salle 14,185.0,0.6013888888888889,0.2010443879286086,0.14200000000000002,0.6476742668343078,1,0,0,1,False,False,True,False,False,False
ENSPD004073,Female,21.0,1,0.5645412130637636,28.0,0.7928730512249444,0.28800000000000003,0.853,3.0,0.7,2.6,Yes,No,Middle,0.0,Yes,Salle 12,121.0,0.5472222222222223,0.22790236567822444,0.432,0.7508690441401171,0,0,1,1,False,False,False,False,False,True
ENSPD001692,Male,23.0,4,0.9999999999999999,0.0,0.7260579064587974,0.665,0.998,1.0,5.0,23.4,Yes,Yes,Middle,1.0,Yes,Salle 29,230.0,0.7291666666666667,0.28352728955657003,0.2,0.5818364233587374,1,1,1,1,False,False,False,True,False,False
ENSPD000106,Male,28.0,3,0.7231726283048211,8.0,0.6113585746102449,0.639,0.767,2.0,2.1,13.9,No,No,Middle,0.0,Yes,Salle 26,188.0,0.5638888888888889,0.2729122119454618,0.32880000000000004,0.900740336465212,1,0,1,0,True,False,False,False,False,False
ENSPD001142,Male,20.0,1,0.7029548989113531,19.0,0.6202672605790647,0.743,0.733,1.0,6.8,34.9,No,No,Middle,1.0,No,Salle 9,96.0,0.6819444444444445,0.2177404569990846,0.16180000000000003,1.0,1,0,0,0,False,False,False,False,False,False
ENSPD001799,Male,23.0,4,0.499222395023328,32.0,0.5378619153674833,0.725,0.887,1.0,5.1,29.3,Yes,Yes,Middle,1.0,Yes,Salle 16,157.0,0.6444444444444444,0.1705916934967737,0.1356,0.900740336465212,1,1,1,1,True,False,False,False,False,False
ENSPD003947,Female,23.0,2,0.7231726283048211,8.0,0.4610244988864143,0.63,0.6609999999999999,1.0,5.2,27.6,Yes,Yes,Middle,5.0,Yes,Salle 27,231.0,0.5027777777777778,0.30398543829094926,0.16440000000000002,0.9860656366780134,0,1,1,1,False,False,False,False,True,False
ENSPD002359,Male,22.0,1,0.44323483670295494,36.0,0.7405345211581292,0.738,0.40399999999999997,3.0,1.3,11.3,Yes,Yes,Middle,1.0,Yes,Salle 11,83.0,0.44027777777777777,0.234166407171678,0.38520000000000004,0.0,1,1,1,1,False,True,False,False,False,False
ENSPD004642,Male,23.0,3,0.6982892690513217,19.0,0.334075723830735,0.748,1.0,0.0,0.4,10.8,Yes,No,Middle,1.0,Yes,Salle 30,212.0,0.7222222222222223,0.2023921147456715,0.0,0.9860656366780134,1,0,1,1,False,False,False,False,True,False
ENSPD002386,Female,23.0,4,0.6065318818040436,25.0,0.6369710467706015,0.616,0.535,4.0,0.5,2.8,Yes,No,Middle,0.0,Yes,Salle 22,178.0,0.6055555555555555,0.2175173103533307,0.5976,0.9860656366780134,0,0,1,1,False,False,False,False,True,False
ENSPD004604,Male,26.0,4,0.6080870917573872,25.0,0.1714922048997773,0.547,0.556,0.0,1.4,13.3,No,No,Low,1.0,Yes,Salle 27,121.0,0.3208333333333333,0.37942829505702347,0.0,0.7508690441401171,1,0,1,0,False,False,False,False,False,True
ENSPD004883,Female,24.0,1,0.6858475894245722,20.0,0.8663697104677061,0.614,0.672,0.0,0.3,3.6,Yes,Yes,Middle,1.0,Yes,Salle 8,83.0,0.638888888888889,0.22888546838859372,0.0,0.0,0,1,1,1,False,True,False,False,False,False
ENSPD004158,Female,22.0,2,0.6842923794712287,20.0,0.3619153674832963,0.479,0.394,1.0,2.1,13.3,Yes,No,Middle,0.0,No,Salle 20,298.0,0.21944444444444444,0.518792830045812,0.15940000000000001,0.5818364233587374,0,0,0,1,False,False,False,True,False,False
ENSPD000220,Female,23.0,2,0.9113530326594089,6.0,0.41202672605790647,0.684,0.6920000000000001,3.0,4.1,22.0,No,No,Middle,2.0,Yes,Salle 9,298.0,0.6013888888888889,0.3151227638842282,0.5658,0.5818364233587374,0,0,1,0,False,False,False,True,False,False
ENSPD001688,Male,23.0,1,0.8242612752721618,11.0,0.6113585746102449,0.635,0.816,1.0,0.3,12.6,No,No,Low,1.0,Yes,Salle 9,248.0,0.7152777777777779,0.24003269195719676,0.1774,0.5818364233587374,1,0,1,0,False,False,False,True,False,False
ENSPD002582,Female,24.0,3,0.7542768273716952,16.0,0.6625835189309577,0.428,0.807,1.0,1.3,11.5,Yes,Yes,Middle,0.0,Yes,Salle 24,154.0,0.6111111111111112,0.2613782220599,0.16840000000000002,0.7508690441401171,0,1,1,1,False,False,False,False,False,True
ENSPD001824,Female,21.0,2,0.9906687402799378,1.0,0.4855233853006682,0.664,0.469,1.0,0.4,9.2,No,No,Middle,0.0,Yes,Salle 6,119.0,0.5375,0.37625874445699947,0.1988,1.0,0,0,1,0,False,False,False,False,False,False
ENSPD004455,Female,24.0,2,0.6143079315707621,25.0,0.6536748329621381,0.934,0.494,1.0,4.0,15.2,Yes,No,Middle,1.0,No,Salle 15,161.0,0.5486111111111112,0.24392206762004967,0.1504,0.7508690441401171,0,0,0,1,False,False,False,False,False,True
ENSPD001620,Female,22.0,2,0.7387247278382582,17.0,0.7204899777282852,0.381,0.533,2.0,1.0,6.5,No,Yes,Low,1.0,Yes,Salle 11,185.0,0.4361111111111111,0.3495584233414345,0.33280000000000004,0.900740336465212,0,1,1,0,True,False,False,False,False,False
ENSPD001388,Male,19.0,1,0.7231726283048211,12.0,0.5412026726057906,0.325,0.568,2.0,3.6,20.1,No,No,High,1.0,Yes,Salle 16,186.0,0.35,0.40638583818623686,0.32880000000000004,0.9860656366780134,1,0,1,0,False,False,False,False,True,False
ENSPD001032,Female,18.0,1,0.2441679626749611,49.0,0.6469933184855233,0.766,0.605,1.0,0.8,5.7,Yes,No,Low,2.0,Yes,Salle 11,186.0,0.6194444444444444,0.10025616442539667,0.1028,0.9860656366780134,0,0,1,1,False,False,False,False,True,False
ENSPD003034,Male,22.0,4,0.8242612752721618,11.0,0.4331848552338531,0.579,0.091,2.0,0.6,11.5,Yes,No,Middle,0.0,Yes,Salle 30,173.0,0.13611111111111113,0.7285658691464143,0.3548,0.6476742668343078,1,0,1,1,False,False,True,False,False,False
ENSPD000163,Female,22.0,2,0.7029548989113531,19.0,0.6102449888641426,0.7270000000000001,0.484,1.0,1.5,7.1,Yes,No,Middle,0.0,Yes,Salle 25,298.0,0.47777777777777775,0.3107171423968561,0.16180000000000003,0.5818364233587374,0,0,1,1,False,False,False,True,False,False
ENSPD000516,Male,19.0,3,0.880248833592535,8.0,0.6113585746102449,0.5650000000000001,0.5810000000000001,1.0,7.9,11.5,Yes,No,Low,1.0,Yes,Salle 23,130.0,0.5111111111111111,0.35428721676907404,0.1846,1.0,1,0,1,1,False,False,False,False,False,False
ENSPD000161,Male,25.0,1,0.968895800933126,2.0,0.579064587973274,0.701,0.35700000000000004,3.0,1.8,16.3,Yes,No,Low,1.0,Yes,Salle 21,143.0,0.37916666666666665,0.4852586603912228,0.588,0.900740336465212,1,0,1,1,True,False,False,False,False,False
ENSPD003212,Female,23.0,4,0.7729393468118196,15.0,0.6124721603563474,0.43,0.965,1.0,0.8,20.5,No,No,Middle,0.0,Yes,Salle 22,173.0,0.6666666666666667,0.243946872129384,0.1708,0.6476742668343078,0,0,1,0,False,False,True,False,False,False
ENSPD003974,Female,22.0,1,0.7760497667185068,14.0,0.6403118040089087,0.609,0.6070000000000001,0.0,0.7,8.4,Yes,No,High,2.0,Yes,Salle 23,96.0,0.5347222222222222,0.30513144780169243,0.0,1.0,0,0,1,1,False,False,False,False,False,False
ENSPD002010,Male,22.0,3,0.9704510108864696,2.0,0.6113585746102449,0.723,0.42600000000000005,2.0,1.4,20.4,No,No,Middle,1.0,No,Salle 1,212.0,0.5097222222222222,0.38664948073025696,0.39239999999999997,0.9860656366780134,1,0,0,0,False,False,False,False,True,False
ENSPD001256,Male,21.0,1,0.3732503888024883,40.0,0.7138084632516704,0.47100000000000003,0.28300000000000003,2.0,2.7,8.0,Yes,Yes,High,1.0,No,Salle 6,149.0,0.3291666666666666,0.2678720313542997,0.2388,0.6476742668343078,1,1,0,1,False,False,True,False,False,False
ENSPD004292,Male,21.0,3,0.6780715396578537,21.0,0.2650334075723831,0.8490000000000001,0.638,2.0,4.1,17.1,Yes,No,Low,1.0,No,Salle 30,212.0,0.5013888888888889,0.2888226988473934,0.3172,0.9860656366780134,1,0,0,1,False,False,False,False,True,False
ENSPD002959,Male,24.0,2,0.4027993779160186,38.0,0.544543429844098,0.642,0.584,1.0,3.7,19.3,Yes,No,Middle,2.0,Yes,Salle 9,161.0,0.47916666666666674,0.20101892379919797,0.1232,0.7508690441401171,1,0,1,1,False,False,False,False,False,True
ENSPD003249,Female,22.0,3,0.947122861586314,3.0,0.7583518930957683,0.616,0.542,1.0,0.8,5.7,No,No,Middle,1.0,Yes,Salle 23,263.0,0.5930555555555557,0.33068988086511697,0.19319999999999998,0.5818364233587374,0,0,1,0,False,False,False,True,False,False
ENSPD000737,Male,24.0,4,0.7122861586314152,18.0,0.6893095768374164,0.851,0.8540000000000001,1.0,0.4,9.3,No,No,Middle,1.0,Yes,Salle 18,230.0,0.7166666666666666,0.20817576509288263,0.163,0.5818364233587374,1,0,1,0,False,False,False,True,False,False
ENSPD004747,Male,26.0,2,0.9113530326594089,6.0,0.700445434298441,0.659,0.583,0.0,2.2,12.0,Yes,No,Low,2.0,Yes,Salle 22,298.0,0.5208333333333334,0.35923898781397934,0.0,0.5818364233587374,1,0,1,1,False,False,False,True,False,False
ENSPD002734,Female,24.0,5,0.9999999999999999,0.0,0.4142538975501113,0.5700000000000001,0.6729999999999999,0.0,1.9,11.0,No,Yes,Middle,0.0,No,Salle 23,60.0,0.5180555555555555,0.39158638407939095,0.0,0.7508690441401171,0,1,0,0,False,False,False,False,False,True
ENSPD000383,Male,20.0,4,0.500777604976672,32.0,0.6336302895322939,0.7540000000000001,0.131,2.0,1.5,13.0,Yes,No,Low,1.0,Yes,Salle 7,230.0,0.38194444444444453,0.2894681215841296,0.2716,0.5818364233587374,1,0,1,1,False,False,False,True,False,False
ENSPD002704,Male,26.0,3,0.749611197511664,16.0,0.30846325167037864,0.311,0.44799999999999995,0.0,0.8,3.4,Yes,No,Middle,1.0,Yes,Salle 25,212.0,0.17361111111111116,0.6186020570819619,0.0,0.9860656366780134,1,0,1,1,False,False,False,False,True,False
ENSPD002029,Male,24.0,2,0.6562986003110421,22.0,0.5812917594654788,0.588,0.33,0.0,2.9,11.8,Yes,No,Middle,1.0,No,Salle 25,161.0,0.3944444444444445,0.3449612384704689,0.0,0.7508690441401171,1,0,0,1,False,False,False,False,False,True
ENSPD002691,Male,21.0,2,0.37636080870917565,40.0,0.6826280623608018,0.269,0.5760000000000001,2.0,1.3,3.7,No,No,Middle,1.0,Yes,Salle 21,231.0,0.37777777777777777,0.2403829127895086,0.2396,0.9860656366780134,1,0,1,0,False,False,False,False,True,False
ENSPD004215,Female,22.0,1,0.7900466562986003,14.0,0.6971046770601336,0.622,0.538,2.0,0.4,8.2,Yes,Yes,Middle,1.0,Yes,Salle 23,186.0,0.5444444444444444,0.30476020088482336,0.34600000000000003,0.9860656366780134,0,1,1,1,False,False,False,False,True,False
ENSPD003547,Male,23.0,3,0.7185069984447902,18.0,0.6481069042316259,0.294,0.532,2.0,1.3,9.2,Yes,Yes,Low,4.0,Yes,Salle 13,263.0,0.39583333333333337,0.3692010872085648,0.3276,0.5818364233587374,1,1,1,1,False,False,False,True,False,False
ENSPD003672,Male,21.0,3,0.3203732503888024,44.0,0.7249443207126949,0.7959999999999999,0.993,1.0,1.6,8.0,No,No,Low,0.0,Yes,Salle 22,212.0,0.8430555555555557,0.07190550465189449,0.11259999999999999,0.9860656366780134,1,0,1,0,False,False,False,False,True,False
ENSPD001046,Female,22.0,5,0.7729393468118196,15.0,0.5089086859688196,0.893,0.8200000000000001,2.0,0.3,5.1,Yes,No,High,0.0,Yes,Salle 16,67.0,0.7180555555555557,0.22465533718919908,0.3416,0.9860656366780134,0,0,1,1,False,False,False,False,True,False
ENSPD004833,Female,25.0,2,0.8942457231726283,7.0,0.6169265033407572,0.613,0.635,2.0,1.4,11.7,No,No,Middle,1.0,Yes,Salle 26,185.0,0.5375,0.34364729592039134,0.3728,0.900740336465212,0,0,1,0,True,False,False,False,False,False
ENSPD002306,Male,23.0,1,0.7511664074650078,16.0,0.6737193763919822,0.551,0.142,1.0,1.8,10.7,No,No,Middle,1.0,Yes,Salle 7,248.0,0.28888888888888886,0.47500157930677744,0.168,0.5818364233587374,1,0,1,0,False,False,False,True,False,False
ENSPD002528,Female,21.0,3,0.9300155520995333,4.0,0.5,0.8,0.445,1.0,0.0,9.7,Yes,No,Middle,1.0,Yes,Salle 21,263.0,0.45833333333333337,0.4066922812550796,0.191,0.5818364233587374,0,0,1,1,False,False,False,True,False,False
ENSPD004846,Male,21.0,1,0.4650077760497665,34.0,0.46770601336302897,0.419,0.821,2.0,1.4,12.0,Yes,No,Middle,1.0,No,Salle 25,83.0,0.44166666666666665,0.24176185458073365,0.26239999999999997,0.0,1,0,0,1,False,True,False,False,False,False
ENSPD001739,Male,20.0,1,0.4027993779160186,38.0,0.5367483296213809,0.461,0.748,1.0,0.2,6.5,Yes,Yes,Middle,1.0,No,Salle 3,96.0,0.4902777777777778,0.1962654840901957,0.1232,1.0,1,1,0,1,False,False,False,False,False,False
ENSPD002136,Female,20.0,3,0.458786936236392,35.0,0.5200445434298441,0.798,0.399,2.0,0.8,15.9,Yes,No,Low,1.0,Yes,Salle 17,263.0,0.44027777777777777,0.24009698071546717,0.26080000000000003,0.5818364233587374,0,0,1,1,False,False,False,True,False,False
ENSPD004218,Male,20.0,4,0.547433903576983,29.0,0.9465478841870825,0.608,1.0,2.0,2.6,18.3,No,No,Middle,2.0,No,Salle 14,157.0,0.7930555555555554,0.14089836894321747,0.2836,0.900740336465212,1,0,0,0,True,False,False,False,False,False
ENSPD000111,Male,23.0,4,0.7900466562986003,14.0,0.6503340757238307,0.74,0.369,1.0,2.4,16.9,Yes,Yes,Middle,1.0,Yes,Salle 2,70.0,0.4930555555555556,0.33320901164874517,0.17300000000000001,0.0,1,1,1,1,False,True,False,False,False,False
ENSPD000121,Female,20.0,1,0.5085536547433903,32.0,0.6403118040089087,0.8390000000000001,0.789,1.0,4.0,18.9,No,Yes,Middle,1.0,Yes,Salle 2,186.0,0.7388888888888889,0.14491905281032083,0.1368,0.9860656366780134,0,1,1,0,False,False,False,False,True,False
ENSPD004874,Male,22.0,1,0.749611197511664,16.0,0.5356347438752784,0.793,0.794,1.0,1.5,17.5,Yes,No,Low,1.0,Yes,Salle 24,149.0,0.6375,0.24874739359523043,0.1678,0.6476742668343078,1,0,1,1,False,False,True,False,False,False
ENSPD004425,Male,23.0,2,0.9999999999999999,0.0,0.8775055679287306,0.353,0.498,1.0,2.3,19.4,No,No,Middle,1.0,Yes,Salle 21,185.0,0.46666666666666656,0.4266427573819701,0.2,0.900740336465212,1,0,1,0,True,False,False,False,False,False
ENSPD002112,Male,24.0,4,0.7884914463452567,14.0,0.7293986636971047,0.8520000000000001,0.59,2.0,3.1,18.3,Yes,No,High,0.0,Yes,Salle 19,173.0,0.7152777777777779,0.2300078786033906,0.3456,0.6476742668343078,1,0,1,1,False,False,True,False,False,False
ENSPD000337,Female,22.0,1,0.7776049766718508,14.0,0.6358574610244989,0.9890000000000001,0.867,0.0,1.9,12.0,Yes,No,Middle,0.0,Yes,Salle 5,186.0,0.8402777777777777,0.18679198628403906,0.0,0.9860656366780134,0,0,1,1,False,False,False,False,True,False
ENSPD002371,Female,20.0,3,0.5660964230171072,28.0,0.6403118040089087,0.6020000000000001,0.563,2.0,0.3,11.2,Yes,No,High,0.0,No,Salle 2,130.0,0.5458333333333333,0.22902247322201133,0.2884,1.0,0,0,0,1,False,False,False,False,False,False
ENSPD000855,Male,23.0,2,0.76049766718507,15.0,0.7605790645879733,0.46799999999999997,1.0,0.0,0.7,16.1,Yes,Yes,High,1.0,Yes,Salle 9,298.0,0.7722222222222221,0.20297672739650893,0.0,0.5818364233587374,1,1,1,1,False,False,False,True,False,False
ENSPD001152,Female,25.0,2,0.5567651632970451,28.0,0.5801781737193764,0.618,0.875,4.0,1.1,0.2,Yes,No,Low,2.0,Yes,Salle 10,231.0,0.6513888888888888,0.18551456682393783,0.5720000000000001,0.9860656366780134,0,0,1,1,False,False,False,False,True,False
ENSPD001672,Female,22.0,3,0.6594090202177293,22.0,0.5478841870824054,0.5700000000000001,0.807,2.0,5.9,11.5,Yes,No,Middle,0.0,Yes,Salle 29,263.0,0.4819444444444444,0.2926025341570947,0.3124,0.5818364233587374,0,0,1,1,False,False,False,True,False,False
ENSPD001886,Male,22.0,4,0.7325038880248832,17.0,0.42873051224944325,0.7590000000000001,1.0,1.0,3.4,16.7,Yes,Yes,Low,2.0,Yes,Salle 30,121.0,0.7416666666666665,0.20536520655560883,0.1656,0.7508690441401171,1,1,1,1,False,False,False,False,False,True
ENSPD001763,Male,21.0,4,0.6640746500777605,22.0,0.3184855233853007,1.0,0.665,1.0,1.1,9.9,Yes,No,Middle,1.0,Yes,Salle 27,178.0,0.6527777777777778,0.2170437913242764,0.15680000000000002,0.9860656366780134,1,0,1,1,False,False,False,False,True,False
ENSPD001758,Male,23.0,3,0.9999999999999999,0.0,0.44320712694877507,0.5820000000000001,0.659,1.0,1.4,5.2,Yes,No,Low,0.0,Yes,Salle 30,104.0,0.5166666666666666,0.39247738194250226,0.2,0.0,1,0,1,1,False,True,False,False,False,False
ENSPD000753,Female,22.0,3,0.9999999999999999,0.0,0.6113585746102449,0.37200000000000005,0.49100000000000005,1.0,1.1,8.5,Yes,No,Middle,1.0,No,Salle 29,185.0,0.38611111111111107,0.49183237589351614,0.2,0.6476742668343078,0,0,0,1,False,False,True,False,False,False
ENSPD002279,Female,24.0,2,0.7542768273716952,16.0,0.4966592427616926,0.785,0.726,2.0,6.1,31.5,Yes,No,Middle,3.0,Yes,Salle 26,298.0,0.6458333333333334,0.24674570491967693,0.33680000000000004,0.5818364233587374,0,0,1,1,False,False,False,True,False,False
ENSPD004519,Male,20.0,1,0.7153965785381026,18.0,0.6113585746102449,0.787,0.449,2.0,0.8,1.0,No,No,Middle,0.0,Yes,Salle 26,143.0,0.6027777777777776,0.25283169803821126,0.32680000000000003,0.900740336465212,1,0,1,0,True,False,False,False,False,False
ENSPD004882,Male,21.0,3,0.6640746500777605,22.0,0.46659242761692654,0.756,0.5810000000000001,0.0,0.8,6.4,Yes,No,Low,1.0,Yes,Salle 12,104.0,0.4111111111111111,0.3368731545867313,0.0,0.0,1,0,1,1,False,True,False,False,False,False
ENSPD004014,Male,26.0,2,0.625194401244168,24.0,0.7015590200445435,0.614,0.657,3.0,1.3,11.5,Yes,No,Low,3.0,Yes,Salle 9,161.0,0.6166666666666666,0.2189881870067126,0.4554,0.7508690441401171,1,0,1,1,False,False,False,False,False,True
ENSPD003776,Female,24.0,3,0.6796267496111975,21.0,0.8919821826280623,0.585,0.927,2.0,6.5,33.3,Yes,No,Low,2.0,Yes,Salle 8,188.0,0.726388888888889,0.19583056839677318,0.31760000000000005,0.900740336465212,0,0,1,1,True,False,False,False,False,False
ENSPD000774,Male,22.0,5,0.9999999999999999,0.0,0.5612472160356348,0.5710000000000001,0.515,1.0,1.5,12.0,Yes,Yes,Low,0.0,Yes,Salle 5,109.0,0.40694444444444444,0.47359212821833185,0.2,0.5818364233587374,1,1,1,1,False,False,False,True,False,False
ENSPD003877,Male,21.0,4,0.6049766718506998,25.0,0.5590200445434298,0.543,0.32299999999999995,1.0,2.8,19.1,No,No,Middle,2.0,Yes,Salle 20,230.0,0.2875,0.4067014914225805,0.1492,0.5818364233587374,1,0,1,0,False,False,False,True,False,False
ENSPD003049,Male,23.0,1,0.8211508553654744,12.0,0.48440979955456576,0.767,0.547,2.0,0.7,14.6,Yes,No,Low,0.0,Yes,Salle 23,121.0,0.5708333333333333,0.3015508316295641,0.354,0.7508690441401171,1,0,1,1,False,False,False,False,False,True
ENSPD004286,Female,26.0,1,0.9455676516329704,4.0,0.4755011135857461,0.449,0.7240000000000001,0.0,0.7,2.1,Yes,No,High,1.0,No,Salle 25,143.0,0.4847222222222223,0.39420309278901733,0.0,0.900740336465212,0,0,0,1,True,False,False,False,False,False
ENSPD002684,Male,18.0,2,0.7978227060653188,13.0,0.8608017817371938,0.8190000000000001,0.63,2.0,1.7,12.1,Yes,Yes,Low,2.0,No,Salle 19,161.0,0.7625,0.21611500627353727,0.34800000000000003,0.7508690441401171,1,1,0,1,False,False,False,False,False,True
ENSPD002730,Male,21.0,1,0.7293934681181958,17.0,0.32516703786191536,0.551,1.0,0.0,0.3,7.1,Yes,Yes,Low,1.0,No,Salle 21,186.0,0.6083333333333333,0.2548207491924225,0.0,0.9860656366780134,1,1,0,1,False,False,False,False,True,False
ENSPD004867,Male,23.0,2,0.6609642301710731,22.0,0.7917594654788419,0.638,0.408,0.0,1.3,12.2,No,No,Middle,3.0,Yes,Salle 17,185.0,0.4819444444444444,0.2931648631564503,0.0,0.900740336465212,1,0,1,0,True,False,False,False,False,False
ENSPD004472,Other,23.0,2,0.5987558320373251,26.0,0.6581291759465479,0.371,0.635,3.0,3.1,17.5,Yes,No,Middle,0.0,Yes,Salle 29,161.0,0.6277777777777779,0.206620466435639,0.44520000000000004,0.7508690441401171,2,0,1,1,False,False,False,False,False,True
ENSPD004631,Male,23.0,4,0.7667185069984447,15.0,0.5356347438752784,1.0,0.728,3.0,1.4,23.6,Yes,No,Low,1.0,Yes,Salle 25,178.0,0.7138888888888888,0.22440244321123223,0.51,0.9860656366780134,1,0,1,1,False,False,False,False,True,False
ENSPD002034,Female,21.0,3,0.9999999999999999,0.0,0.5244988864142539,0.45,0.38200000000000006,1.0,0.7,6.2,Yes,Yes,Middle,0.0,No,Salle 14,130.0,0.30694444444444435,0.5721619410377337,0.2,1.0,0,1,0,1,False,False,False,False,False,False
ENSPD004277,Male,22.0,5,0.9999999999999999,0.0,0.6971046770601336,0.616,0.5970000000000001,2.0,0.2,6.8,Yes,Yes,High,2.0,Yes,Salle 8,48.0,0.5499999999999999,0.37187660319936156,0.4,1.0,1,1,1,1,False,False,False,False,False,False
ENSPD000804,Female,21.0,3,0.7807153965785382,14.0,0.9766146993318485,0.521,0.8009999999999999,1.0,3.7,21.1,Yes,No,Low,3.0,No,Salle 26,154.0,0.6944444444444444,0.2355008036178078,0.1718,0.7508690441401171,0,0,0,1,False,False,False,False,False,True
ENSPD003861,Female,20.0,5,0.989113530326594,1.0,0.25055679287305127,0.516,0.8109999999999999,0.0,0.0,1.3,Yes,Yes,Middle,0.0,Yes,Salle 1,48.0,0.4805555555555555,0.41278235918267225,0.0,1.0,0,1,1,1,False,False,False,False,False,False
ENSPD004799,Male,20.0,2,0.7480559875583203,16.0,0.6714922048997773,0.876,0.378,1.0,4.4,16.0,Yes,No,Middle,1.0,Yes,Salle 8,161.0,0.5527777777777778,0.286507964962067,0.1676,0.7508690441401171,1,0,1,1,False,False,False,False,False,True
ENSPD002551,Male,24.0,3,0.6594090202177293,22.0,0.5267260579064588,0.638,0.536,3.0,0.5,8.2,Yes,No,Low,1.0,Yes,Salle 20,188.0,0.5194444444444445,0.27303515849261795,0.46859999999999996,0.900740336465212,1,0,1,1,True,False,False,False,False,False
ENSPD002727,Male,23.0,2,0.8242612752721618,11.0,0.9342984409799555,0.634,1.0,0.0,3.1,15.9,Yes,No,Middle,1.0,Yes,Salle 15,161.0,0.8333333333333333,0.2005353721429002,0.0,0.7508690441401171,1,0,1,1,False,False,False,False,False,True
ENSPD000705,Male,19.0,4,0.6189735614307931,24.0,0.0,0.878,0.741,1.0,0.1,7.5,Yes,No,Low,1.0,Yes,Salle 26,93.0,0.43333333333333335,0.305297313034948,0.151,1.0,1,0,1,1,False,False,False,False,False,False
ENSPD002890,Female,20.0,4,0.9999999999999999,0.0,0.6469933184855233,0.628,0.757,0.0,1.2,7.3,Yes,No,Low,1.0,Yes,Salle 11,70.0,0.5916666666666666,0.34823893122002836,0.0,0.0,0,0,1,1,False,True,False,False,False,False
ENSPD001712,Male,24.0,2,0.5489891135303265,29.0,0.43207126948775054,0.5710000000000001,0.7809999999999999,5.0,2.2,20.8,Yes,No,Low,0.0,Yes,Salle 19,298.0,0.5277777777777778,0.23114879889229048,0.71,0.5818364233587374,1,0,1,1,False,False,False,True,False,False
ENSPD004664,Female,24.0,1,0.7231726283048211,18.0,0.8184855233853007,0.479,0.48200000000000004,0.0,2.8,15.0,No,No,Low,1.0,Yes,Salle 2,186.0,0.4652777777777778,0.3254407608226817,0.0,0.9860656366780134,0,0,1,0,False,False,False,False,True,False
ENSPD000532,Other,23.0,5,0.9782270606531881,1.0,0.8262806236080179,0.473,0.67,0.0,5.8,31.2,Yes,No,Low,3.0,No,Salle 15,48.0,0.5986111111111111,0.33763212077786586,0.0,1.0,2,0,0,1,False,False,False,False,False,False
ENSPD000692,Male,24.0,1,0.5583203732503886,28.0,0.7249443207126949,0.578,0.5910000000000001,1.0,5.2,33.4,No,Yes,Middle,2.0,Yes,Salle 24,121.0,0.5402777777777777,0.22882030387606042,0.1432,0.7508690441401171,1,1,1,0,False,False,False,False,False,True
ENSPD003258,Male,19.0,2,0.567651632970451,28.0,0.9086859688195992,0.409,0.341,0.0,1.6,11.5,Yes,No,Middle,0.0,Yes,Salle 20,298.0,0.4208333333333333,0.292815897610911,0.0,0.5818364233587374,1,0,1,1,False,False,False,True,False,False
ENSPD000786,Female,21.0,5,0.5738724727838257,27.0,0.9432071269487752,0.691,0.538,1.0,3.0,11.5,Yes,No,Low,1.0,Yes,Salle 7,67.0,0.5722222222222223,0.220469002299613,0.1452,0.9860656366780134,0,0,1,1,False,False,False,False,True,False
ENSPD002063,Female,22.0,2,0.49455676516329705,32.0,0.6870824053452117,0.9059999999999999,0.74,1.0,3.2,23.3,Yes,No,Low,0.0,Yes,Salle 29,177.0,0.6986111111111111,0.15243343495205045,0.135,0.6476742668343078,0,0,1,1,False,False,True,False,False,False
ENSPD004812,Female,21.0,3,0.5660964230171072,28.0,0.7672605790645879,0.805,0.7270000000000001,2.0,0.5,12.0,No,Yes,Middle,1.0,Yes,Salle 20,263.0,0.6138888888888889,0.2017163266939642,0.2884,0.5818364233587374,0,1,1,0,False,False,False,True,False,False
ENSPD001407,Female,18.0,3,0.8786936236391912,8.0,0.7761692650334077,0.478,0.44200000000000006,0.0,1.3,12.9,Yes,No,High,0.0,Yes,Salle 24,188.0,0.4125,0.4208953880375773,0.0,0.900740336465212,0,0,1,1,True,False,False,False,False,False
ENSPD003163,Male,23.0,2,0.6500777604976672,22.0,0.7861915367483296,0.823,0.8009999999999999,0.0,0.4,14.2,No,No,Middle,1.0,No,Salle 14,298.0,0.788888888888889,0.16883745100407307,0.0,0.5818364233587374,1,0,0,0,False,False,False,True,False,False
ENSPD003670,Male,17.0,4,0.5583203732503886,28.0,0.5701559020044543,0.61,1.0,0.0,0.5,9.7,No,No,Middle,3.0,Yes,Salle 29,157.0,0.7180555555555557,0.16466706820679541,0.0,0.900740336465212,1,0,1,0,True,False,False,False,False,False
ENSPD002092,Female,20.0,5,0.52099533437014,31.0,0.9298440979955458,0.579,0.758,0.0,1.6,11.9,Yes,No,Middle,1.0,No,Salle 6,109.0,0.7319444444444445,0.1502710754393398,0.0,0.5818364233587374,0,0,0,1,False,False,False,True,False,False
ENSPD004367,Male,21.0,4,0.6018662519440124,26.0,0.3997772828507795,0.8200000000000001,0.635,2.0,0.0,10.0,Yes,No,Low,0.0,Yes,Salle 6,178.0,0.40555555555555556,0.3157095258036734,0.29760000000000003,0.9860656366780134,1,0,1,1,False,False,False,False,True,False
ENSPD004424,Female,23.0,5,0.7542768273716952,16.0,0.4053452115812918,0.574,0.545,1.0,3.5,17.8,Yes,Yes,Middle,1.0,No,Salle 12,48.0,0.4375,0.3546036703732295,0.16840000000000002,1.0,0,1,0,1,False,False,False,False,False,False
ENSPD004477,Male,21.0,3,0.9999999999999999,0.0,0.6982182628062361,0.812,0.635,1.0,3.3,19.0,Yes,Yes,Middle,0.0,Yes,Salle 26,263.0,0.6263888888888889,0.33012709838282894,0.2,0.5818364233587374,1,1,1,1,False,False,False,True,False,False
ENSPD000826,Female,21.0,2,0.567651632970451,28.0,0.7516703786191538,0.878,0.655,2.0,0.7,5.9,No,No,Middle,2.0,No,Salle 16,298.0,0.6611111111111111,0.1854502772283201,0.2888,0.5818364233587374,0,0,0,0,False,False,False,True,False,False
ENSPD001588,Male,22.0,2,0.6267496111975116,24.0,0.8340757238307349,0.62,0.711,2.0,0.1,9.1,Yes,No,High,3.0,Yes,Salle 19,161.0,0.6333333333333333,0.21308530026396957,0.304,0.7508690441401171,1,0,1,1,False,False,False,False,False,True
ENSPD000347,Female,25.0,4,0.8429237947122862,10.0,0.6893095768374164,0.738,0.978,2.0,0.2,2.2,No,No,Middle,1.0,Yes,Salle 18,157.0,0.8402777777777777,0.20312976087702897,0.35960000000000003,0.900740336465212,0,0,1,0,True,False,False,False,False,False
ENSPD003763,Male,20.0,1,0.7947122861586314,13.0,0.5,0.779,0.418,1.0,1.4,15.8,Yes,No,Middle,1.0,No,Salle 5,186.0,0.39722222222222214,0.3990042885874452,0.1736,0.9860656366780134,1,0,0,1,False,False,False,False,True,False
ENSPD002866,Female,23.0,3,0.6982892690513217,19.0,0.4242761692650334,0.616,0.647,3.0,0.6,4.9,Yes,No,High,1.0,No,Salle 11,104.0,0.4569444444444445,0.32120312575134635,0.4836,0.0,0,0,0,1,False,True,False,False,False,False
ENSPD000544,Female,19.0,3,0.7651632970451011,15.0,0.6113585746102449,0.8340000000000001,0.887,1.0,1.8,11.9,Yes,No,Low,0.0,No,Salle 26,263.0,0.7333333333333334,0.21714021712393142,0.1698,0.5818364233587374,0,0,0,1,False,False,False,True,False,False
ENSPD004437,Male,24.0,4,0.5116640746500777,31.0,0.6113585746102449,0.8590000000000001,0.29300000000000004,2.0,1.7,15.2,Yes,No,High,1.0,Yes,Salle 15,230.0,0.475,0.24254153728759234,0.2744,0.5818364233587374,1,0,1,1,False,False,False,True,False,False
ENSPD000895,Female,21.0,1,0.9300155520995333,4.0,0.5144766146993318,0.603,0.6709999999999999,1.0,0.4,2.2,No,No,Middle,1.0,Yes,Salle 18,149.0,0.5069444444444444,0.37425609850433406,0.191,0.6476742668343078,0,0,1,0,False,False,True,False,False,False
ENSPD004100,Male,22.0,4,0.8662519440124418,9.0,0.38418708240534527,0.618,0.665,1.0,10.2,46.5,No,No,High,2.0,Yes,Salle 13,157.0,0.5305555555555556,0.3380944054694357,0.18280000000000002,0.900740336465212,1,0,1,0,True,False,False,False,False,False
ENSPD003146,Male,18.0,2,0.4883359253499221,33.0,0.8530066815144766,0.685,0.7120000000000001,0.0,0.1,3.3,Yes,Yes,Middle,0.0,Yes,Salle 10,161.0,0.6069444444444445,0.17998544259122587,0.0,0.7508690441401171,1,1,1,1,False,False,False,False,False,True
ENSPD001186,Female,22.0,3,0.7449455676516329,16.0,0.7071269487750558,0.43,0.77,0.0,3.1,16.8,Yes,No,Middle,1.0,Yes,Salle 27,104.0,0.5194444444444445,0.3025852692554494,0.0,0.0,0,0,1,1,False,True,False,False,False,False
ENSPD004698,Male,21.0,5,0.6889580093312596,20.0,0.5378619153674833,0.5650000000000001,0.9159999999999999,2.0,0.5,9.1,No,No,Low,2.0,Yes,Salle 8,40.0,0.6305555555555554,0.23311862869001151,0.32,0.0,1,0,1,0,False,True,False,False,False,False
ENSPD004416,Male,20.0,1,0.8180404354587868,12.0,0.8140311804008908,0.7000000000000001,0.542,3.0,1.4,10.2,Yes,No,Middle,2.0,Yes,Salle 26,96.0,0.5986111111111111,0.28705049895525137,0.5297999999999999,1.0,1,0,1,1,False,False,False,False,False,False
ENSPD000523,Female,21.0,3,0.8553654743390359,9.0,0.41759465478841873,0.728,0.6729999999999999,1.0,0.4,0.0,No,No,Middle,0.0,Yes,Salle 9,104.0,0.5638888888888889,0.31628998960267496,0.1814,0.0,0,0,1,0,False,True,False,False,False,False
ENSPD001198,Female,21.0,3,0.7278382581648523,18.0,0.5835189309576838,0.7220000000000001,0.8190000000000001,2.0,0.2,5.6,Yes,No,Middle,0.0,No,Salle 8,188.0,0.6652777777777776,0.23121615018931094,0.33,0.900740336465212,0,0,0,1,True,False,False,False,False,False
ENSPD002771,Male,25.0,1,0.5769828926905131,27.0,0.690423162583519,0.24,0.5670000000000001,1.0,1.4,5.0,Yes,No,Middle,1.0,Yes,Salle 15,149.0,0.3597222222222223,0.3361698460255458,0.1456,0.6476742668343078,1,0,1,1,False,False,True,False,False,False
ENSPD004020,Male,25.0,2,0.9999999999999999,0.0,0.5389755011135858,0.616,0.579,1.0,0.0,0.0,No,No,Low,0.0,No,Salle 11,231.0,0.5041666666666667,0.4006311354738693,0.2,0.9860656366780134,1,0,0,0,False,False,False,False,True,False
ENSPD004482,Male,22.0,2,0.6562986003110421,22.0,0.8251670378619154,0.375,0.535,2.0,2.3,15.6,Yes,No,Middle,1.0,Yes,Salle 26,177.0,0.45138888888888895,0.30877983784735885,0.31160000000000004,0.6476742668343078,1,0,1,1,False,False,True,False,False,False
ENSPD001745,Male,25.0,1,0.7029548989113531,19.0,0.4521158129175946,0.741,0.8470000000000001,0.0,1.2,11.5,No,No,Middle,0.0,Yes,Salle 5,143.0,0.6986111111111111,0.2117924272558722,0.0,0.900740336465212,1,0,1,0,True,False,False,False,False,False
ENSPD001364,Female,24.0,5,0.7480559875583203,16.0,0.8407572383073497,0.51,0.973,1.0,0.1,8.9,No,No,Low,2.0,Yes,Salle 16,60.0,0.7944444444444445,0.1927807602036495,0.1676,0.7508690441401171,0,0,1,0,False,False,False,False,False,True
ENSPD003236,Male,20.0,1,0.9766718506998445,2.0,0.5935412026726058,0.662,0.535,1.0,1.5,17.6,No,No,Low,0.0,Yes,Salle 15,149.0,0.5361111111111111,0.37236317589165246,0.197,0.6476742668343078,1,0,1,0,False,False,True,False,False,False
ENSPD003299,Male,23.0,4,0.6842923794712287,20.0,0.6113585746102449,0.5720000000000001,0.81,1.0,4.4,24.4,No,No,Middle,0.0,Yes,Salle 23,121.0,0.5805555555555555,0.2526451732374452,0.15940000000000001,0.7508690441401171,1,0,1,0,False,False,False,False,False,True
ENSPD001261,Male,22.0,1,0.7527216174183514,16.0,0.7817371937639199,0.935,0.408,0.0,0.4,11.5,Yes,No,Middle,0.0,No,Salle 11,96.0,0.6083333333333333,0.2621100439296866,0.0,1.0,1,0,0,1,False,False,False,False,False,False
ENSPD002432,Female,25.0,1,0.7527216174183514,16.0,0.4309576837416481,0.6659999999999999,0.568,1.0,2.4,13.7,Yes,No,High,1.0,Yes,Salle 23,186.0,0.38194444444444453,0.39350231130377944,0.1682,0.9860656366780134,0,0,1,1,False,False,False,False,True,False
ENSPD001297,Male,22.0,5,0.8460342146189735,10.0,0.7371937639198219,0.758,0.9540000000000001,0.0,1.2,16.4,Yes,Yes,Middle,1.0,No,Salle 30,109.0,0.859722222222222,0.19814185387288988,0.0,0.5818364233587374,1,1,0,1,False,False,False,True,False,False
ENSPD001515,Male,21.0,1,0.6220839813374807,24.0,0.4799554565701559,0.7190000000000001,0.281,1.0,9.0,29.1,Yes,No,Middle,2.0,Yes,Salle 10,121.0,0.35138888888888886,0.3616101406174932,0.1514,0.7508690441401171,1,0,1,1,False,False,False,False,False,True
ENSPD004432,Male,17.0,4,0.8506998444790047,10.0,0.6113585746102449,0.619,1.0,2.0,1.9,18.4,Yes,No,Middle,1.0,Yes,Salle 6,178.0,0.7458333333333333,0.2361700201033006,0.36160000000000003,0.9860656366780134,1,0,1,1,False,False,False,False,True,False
ENSPD004569,Male,22.0,4,0.7278382581648523,18.0,0.47327394209354123,0.7020000000000001,0.5700000000000001,5.0,2.4,19.3,No,No,Middle,1.0,Yes,Salle 20,230.0,0.5083333333333333,0.3026050342242227,0.8250000000000001,0.5818364233587374,1,0,1,0,False,False,False,True,False,False
ENSPD000673,Male,22.0,2,0.7231726283048211,27.0,0.6870824053452117,0.616,0.853,1.0,1.2,20.5,Yes,No,High,1.0,No,Salle 25,71.0,0.7638888888888888,0.19566623437455447,0.16440000000000002,0.0,1,0,0,1,False,True,False,False,False,False
ENSPD001144,Male,27.0,3,0.7231726283048211,18.0,0.5089086859688196,0.608,0.5650000000000001,2.0,1.6,6.7,Yes,No,Low,2.0,No,Salle 11,212.0,0.4722222222222222,0.321314737285603,0.32880000000000004,0.9860656366780134,1,0,0,1,False,False,False,False,True,False
ENSPD004490,Male,22.0,3,0.7309486780715396,17.0,0.5879732739420935,0.645,0.8890000000000001,1.0,1.6,16.5,No,No,Middle,2.0,Yes,Salle 7,263.0,0.6541666666666666,0.23644163680012467,0.16540000000000002,0.5818364233587374,1,0,1,0,False,False,False,True,False,False
ENSPD000793,Male,23.0,3,0.7449455676516329,16.0,0.7694877505567929,0.35200000000000004,0.528,4.0,4.1,22.3,Yes,No,Low,2.0,Yes,Salle 8,104.0,0.4083333333333333,0.37089882031295496,0.6688,0.0,1,0,1,1,False,True,False,False,False,False
ENSPD001113,Male,20.0,1,0.5272161741835147,30.0,0.46325167037861914,0.738,0.318,1.0,1.7,12.1,Yes,Yes,Low,2.0,Yes,Salle 10,186.0,0.38888888888888895,0.2960204301032048,0.1392,0.9860656366780134,1,1,1,1,False,False,False,False,True,False
ENSPD001582,Male,21.0,1,0.5956454121306377,26.0,0.5512249443207128,0.648,0.919,1.0,1.2,8.7,No,No,Middle,3.0,Yes,Salle 19,121.0,0.6763888888888889,0.1885216262256689,0.148,0.7508690441401171,1,0,1,0,False,False,False,False,False,True
ENSPD003527,Female,21.0,1,0.6594090202177293,22.0,0.5501113585746102,0.446,0.8540000000000001,1.0,0.1,5.2,Yes,No,Middle,0.0,Yes,Salle 21,143.0,0.576388888888889,0.24644463016639281,0.1562,0.900740336465212,0,0,1,1,True,False,False,False,False,False
ENSPD004403,Male,18.0,1,0.9875583203732504,1.0,0.5701559020044543,1.0,0.233,1.0,0.6,11.5,Yes,No,Low,1.0,No,Salle 26,121.0,0.5611111111111111,0.36125972984479804,0.19840000000000002,0.7508690441401171,1,0,0,1,False,False,False,False,False,True
ENSPD001555,Male,22.0,2,0.38880248833592534,39.0,0.5133630289532294,0.51,0.635,0.0,1.7,16.1,No,Yes,Low,0.0,Yes,Salle 15,185.0,0.34305555555555556,0.26601691903106384,0.0,0.900740336465212,1,1,1,0,True,False,False,False,False,False
ENSPD002633,Male,22.0,2,0.7153965785381026,18.0,0.7160356347438753,0.6729999999999999,0.5750000000000001,2.0,2.4,12.5,Yes,No,Middle,0.0,No,Salle 3,71.0,0.5805555555555555,0.2626632808303444,0.32680000000000003,0.0,1,0,0,1,False,True,False,False,False,False
ENSPD002495,Male,22.0,2,0.6594090202177293,22.0,0.3674832962138085,0.38799999999999996,0.632,0.0,0.4,5.2,No,Yes,Low,0.0,Yes,Salle 17,231.0,0.3638888888888888,0.3681697468402866,0.0,0.9860656366780134,1,1,1,0,False,False,False,False,True,False
ENSPD001272,Female,23.0,1,0.6018662519440124,26.0,0.6113585746102449,0.706,0.9540000000000001,2.0,1.7,16.2,Yes,No,Middle,1.0,No,Salle 10,149.0,0.6597222222222222,0.19605137151739113,0.29760000000000003,0.6476742668343078,0,0,0,1,False,False,True,False,False,False
ENSPD003548,Male,24.0,3,0.9828926905132193,1.0,0.688195991091314,0.752,0.542,0.0,0.5,3.6,Yes,No,Middle,1.0,Yes,Salle 9,185.0,0.5736111111111111,0.3526592801111643,0.0,0.6476742668343078,1,0,1,1,False,False,True,False,False,False
ENSPD001794,Female,21.0,1,0.6827371695178849,20.0,0.6180400890868597,1.0,0.43700000000000006,2.0,7.1,33.3,Yes,Yes,Low,0.0,Yes,Salle 8,149.0,0.5972222222222222,0.24491670371337074,0.31839999999999996,0.6476742668343078,0,1,1,1,False,False,True,False,False,False
ENSPD000341,Male,24.0,4,0.6376360808709175,23.0,0.7160356347438753,0.7809999999999999,0.522,0.0,4.6,30.4,Yes,Yes,Middle,1.0,No,Salle 10,157.0,0.6777777777777778,0.2002657811565479,0.0,0.900740336465212,1,1,0,1,True,False,False,False,False,False
ENSPD000097,Male,22.0,4,0.3623639191290824,41.0,0.6759465478841872,0.531,1.0,1.0,3.3,22.9,No,No,Middle,1.0,Yes,Salle 28,93.0,0.7194444444444443,0.10955320837280816,0.11800000000000001,1.0,1,0,1,0,False,False,False,False,False,False
ENSPD002201,Female,22.0,2,0.9657853810264384,2.0,0.9198218262806237,0.369,0.28500000000000003,0.0,0.2,7.3,Yes,No,Middle,1.0,Yes,Salle 16,298.0,0.3111111111111111,0.5517251843417442,0.0,0.5818364233587374,0,0,1,1,False,False,False,True,False,False
ENSPD000414,Male,23.0,5,0.7247278382581649,18.0,0.6314031180400892,0.272,0.58,1.0,2.6,11.5,Yes,No,Middle,1.0,Yes,Salle 2,80.0,0.3916666666666666,0.3747452236631754,0.1646,0.900740336465212,1,0,1,1,True,False,False,False,False,False
ENSPD004374,Male,24.0,2,0.5520995334370139,29.0,0.4521158129175946,0.6779999999999999,0.7240000000000001,0.0,1.5,6.9,Yes,No,Low,2.0,Yes,Salle 12,177.0,0.5819444444444444,0.20952037483778765,0.0,0.6476742668343078,1,0,1,1,False,False,True,False,False,False
ENSPD000956,Male,20.0,4,0.5272161741835147,30.0,0.6146993318485524,0.424,0.533,0.0,3.1,8.8,Yes,No,Low,1.0,Yes,Salle 25,157.0,0.38750000000000007,0.29688656857253726,0.0,0.900740336465212,1,0,1,1,True,False,False,False,False,False
ENSPD003144,Male,18.0,2,0.8273716951788491,11.0,0.6336302895322939,0.444,0.856,1.0,3.0,16.1,Yes,No,Middle,1.0,Yes,Salle 23,231.0,0.6708333333333333,0.2582462117807838,0.1778,0.9860656366780134,1,0,1,1,False,False,False,False,True,False
ENSPD001956,Male,24.0,2,0.5925349922239501,26.0,0.6124721603563474,0.809,0.89,1.0,0.9,11.5,No,No,Middle,0.0,No,Salle 27,185.0,0.7166666666666666,0.17465930151460005,0.1476,0.900740336465212,1,0,0,0,True,False,False,False,False,False
ENSPD002679,Male,17.0,2,0.9440124416796268,4.0,0.7371937639198219,0.73,0.7270000000000001,0.0,1.1,8.3,No,No,Low,2.0,Yes,Salle 30,298.0,0.65,0.30180546328130176,0.0,0.5818364233587374,1,0,1,0,False,False,False,True,False,False
ENSPD004119,Male,22.0,1,0.6734059097978228,21.0,0.5244988864142539,0.523,0.517,0.0,3.2,16.5,Yes,Yes,Middle,1.0,Yes,Salle 9,121.0,0.3944444444444445,0.3519020782405724,0.0,0.7508690441401171,1,1,1,1,False,False,False,False,False,True
ENSPD003717,Male,24.0,4,0.9548989113530325,3.0,0.30734966592427615,0.53,0.625,3.0,1.1,16.6,No,Yes,Middle,0.0,Yes,Salle 16,121.0,0.4027777777777778,0.459068065423594,0.5825999999999999,0.7508690441401171,1,1,1,0,False,False,False,False,False,True
ENSPD003082,Female,22.0,4,0.7325038880248832,17.0,0.601336302895323,0.255,0.7220000000000001,1.0,0.5,4.7,No,No,Middle,2.0,Yes,Salle 12,93.0,0.46805555555555556,0.3272149203190228,0.1656,1.0,0,0,1,0,False,False,False,False,False,False
ENSPD004679,Female,20.0,4,0.7729393468118196,15.0,0.5590200445434298,0.5770000000000001,0.526,3.0,4.0,16.5,No,No,Middle,1.0,Yes,Salle 9,230.0,0.47916666666666674,0.33531712262554736,0.5124000000000001,0.5818364233587374,0,0,1,0,False,False,False,True,False,False
ENSPD000129,Male,23.0,4,0.6267496111975116,24.0,0.7594654788418709,0.7959999999999999,0.645,1.0,2.4,12.7,Yes,No,Middle,1.0,No,Salle 29,230.0,0.7458333333333333,0.17520156151947755,0.152,0.5818364233587374,1,0,0,1,False,False,False,True,False,False
ENSPD002396,Male,21.0,1,0.8926905132192845,7.0,0.6113585746102449,0.568,0.909,1.0,1.3,9.7,Yes,No,Middle,1.0,Yes,Salle 25,96.0,0.623611111111111,0.29853796541812194,0.1862,1.0,1,0,1,1,False,False,False,False,False,False
ENSPD004493,Male,21.0,1,0.43701399688958,36.0,0.6837416481069042,0.373,0.766,0.0,0.3,11.3,Yes,No,Middle,0.0,Yes,Salle 21,186.0,0.4652777777777778,0.2197824150442659,0.0,0.9860656366780134,1,0,1,1,False,False,False,False,True,False
ENSPD004633,Female,22.0,3,0.8678071539657853,8.0,0.6837416481069042,0.516,0.7020000000000001,3.0,1.6,11.5,No,No,Middle,1.0,Yes,Salle 13,263.0,0.5416666666666667,0.3323841523495207,0.549,0.5818364233587374,0,0,1,0,False,False,False,True,False,False
ENSPD003420,Male,23.0,2,0.4339035769828927,36.0,0.6603563474387528,0.538,0.401,2.0,0.6,11.5,Yes,No,Low,0.0,Yes,Salle 18,185.0,0.35138888888888886,0.2803808497987259,0.2544,0.900740336465212,1,0,1,1,True,False,False,False,False,False
ENSPD004944,Male,23.0,3,0.8102643856920683,12.0,0.5846325167037862,0.804,0.8009999999999999,0.0,1.8,7.8,Yes,No,Low,0.0,Yes,Salle 6,130.0,0.6722222222222222,0.25267875914833615,0.0,1.0,1,0,1,1,False,False,False,False,False,False
ENSPD001699,Female,24.0,3,0.6967340590979781,20.0,0.4888641425389756,0.40700000000000003,0.62,2.0,9.4,35.9,No,No,Middle,1.0,Yes,Salle 26,188.0,0.3375,0.40521037522552683,0.322,0.900740336465212,0,0,1,0,True,False,False,False,False,False
ENSPD004837,Male,24.0,5,0.9222395023328148,5.0,0.5133630289532294,0.8490000000000001,0.5860000000000001,2.0,0.8,7.4,Yes,No,Middle,2.0,Yes,Salle 3,67.0,0.5736111111111111,0.3329725338183641,0.38,0.9860656366780134,1,0,1,1,False,False,False,False,True,False
ENSPD000728,Female,22.0,1,0.8506998444790047,10.0,0.6158129175946548,0.456,0.09699999999999999,1.0,0.4,1.0,Yes,No,Low,2.0,Yes,Salle 10,248.0,0.17083333333333334,0.6825277080570679,0.18080000000000002,0.5818364233587374,0,0,1,1,False,False,False,True,False,False
ENSPD003539,Female,22.0,4,0.9875583203732504,1.0,0.3140311804008909,0.542,0.9359999999999999,1.0,0.6,11.9,No,No,Middle,3.0,Yes,Salle 12,178.0,0.6124999999999999,0.3333400648479842,0.19840000000000002,0.9860656366780134,0,0,1,0,False,False,False,False,True,False
ENSPD003394,Male,23.0,1,0.8584758942457232,9.0,0.6714922048997773,0.7490000000000001,0.746,1.0,0.5,3.4,Yes,No,Low,1.0,Yes,Salle 7,248.0,0.7069444444444444,0.25282972487081645,0.18180000000000002,0.5818364233587374,1,0,1,1,False,False,False,True,False,False
ENSPD003709,Male,24.0,4,0.7527216174183514,16.0,0.643652561247216,0.28600000000000003,0.7540000000000001,1.0,6.6,32.9,Yes,Yes,Middle,0.0,Yes,Salle 15,157.0,0.4805555555555555,0.3271604723998086,0.1682,0.900740336465212,1,1,1,1,True,False,False,False,False,False
ENSPD004317,Female,21.0,4,0.947122861586314,3.0,0.4521158129175946,0.616,0.596,0.0,1.0,4.9,No,No,Middle,1.0,No,Salle 3,121.0,0.4805555555555555,0.3975732082409793,0.0,0.7508690441401171,0,0,0,0,False,False,False,False,False,True
ENSPD002743,Male,22.0,1,0.9999999999999999,0.0,0.6336302895322939,0.742,0.63,0.0,1.4,9.7,No,No,Middle,0.0,Yes,Salle 21,96.0,0.6555555555555557,0.3159072513015987,0.0,1.0,1,0,1,0,False,False,False,False,False,False
ENSPD003647,Male,23.0,3,0.6127527216174183,25.0,0.755011135857461,0.684,0.629,3.0,1.0,11.5,No,No,Low,2.0,Yes,Salle 19,185.0,0.5513888888888888,0.2421627904581238,0.4506,0.6476742668343078,1,0,1,0,False,False,True,False,False,False
ENSPD001398,Male,24.0,3,0.7698289269051323,15.0,0.7728285077951002,0.77,0.578,2.0,2.0,10.8,No,No,Low,0.0,Yes,Salle 15,263.0,0.5805555555555555,0.28019496911791797,0.3408,0.5818364233587374,1,0,1,0,False,False,False,True,False,False
ENSPD001361,Female,24.0,3,0.6936236391912908,20.0,0.3574610244988864,0.349,0.48200000000000004,1.0,1.5,12.9,No,No,Middle,0.0,No,Salle 2,212.0,0.27083333333333337,0.46571291095187906,0.1606,0.9860656366780134,0,0,0,0,False,False,False,False,True,False
ENSPD001348,Male,24.0,3,0.7340590979782272,17.0,0.23830734966592432,0.568,0.733,1.0,0.9,12.5,Yes,No,Middle,1.0,No,Salle 18,263.0,0.4180555555555555,0.35982669017529445,0.1658,0.5818364233587374,1,0,0,1,False,False,False,True,False,False
ENSPD001892,Male,24.0,3,0.8506998444790047,10.0,0.5801781737193764,0.495,0.385,0.0,3.2,21.4,Yes,No,Middle,3.0,Yes,Salle 3,154.0,0.3472222222222222,0.4640708580597849,0.0,0.7508690441401171,1,0,1,1,False,False,False,False,False,True
ENSPD000723,Male,23.0,1,0.9222395023328148,5.0,0.5423162583518931,0.659,0.71,1.0,3.2,17.8,No,No,Low,1.0,Yes,Salle 17,96.0,0.6138888888888889,0.31233912516370577,0.19,1.0,1,0,1,0,False,False,False,False,False,False
ENSPD000568,Male,22.0,2,0.583203732503888,27.0,0.8162583518930958,0.24100000000000002,0.679,0.0,2.2,13.0,Yes,No,Middle,0.0,Yes,Salle 25,231.0,0.43472222222222223,0.29072775551532726,0.0,0.9860656366780134,1,0,1,1,False,False,False,False,True,False
ENSPD002420,Male,24.0,2,0.9206842923794712,5.0,0.566815144766147,0.742,0.8470000000000001,1.0,1.7,11.6,Yes,No,High,1.0,Yes,Salle 5,298.0,0.6916666666666667,0.27668863859658854,0.18980000000000002,0.5818364233587374,1,0,1,1,False,False,False,True,False,False
ENSPD001528,Male,22.0,4,0.9999999999999999,0.0,0.5534521158129176,0.716,0.438,0.0,1.4,7.8,No,No,Middle,0.0,No,Salle 7,173.0,0.4361111111111111,0.449739496334718,0.0,0.6476742668343078,1,0,0,0,False,False,True,False,False,False
ENSPD004871,Male,22.0,3,0.5365474339035771,30.0,0.8975501113585747,0.5810000000000001,0.405,1.0,6.3,33.5,Yes,No,Low,1.0,Yes,Salle 20,104.0,0.49583333333333335,0.24147642282555495,0.1404,0.0,1,0,1,1,False,True,False,False,False,False
ENSPD004289,Male,22.0,2,0.7231726283048211,0.0,0.37082405345211583,0.682,0.7070000000000001,3.0,0.2,0.0,Yes,No,High,0.0,Yes,Salle 22,185.0,0.5638888888888889,0.2729122119454618,0.4932000000000001,0.900740336465212,1,0,1,1,True,False,False,False,False,False
ENSPD003048,Male,22.0,2,0.9984447900466563,0.0,0.3919821826280624,0.8890000000000001,0.743,4.0,1.0,10.8,Yes,No,Middle,0.0,Yes,Salle 5,119.0,0.6291666666666667,0.3282599518345225,0.7992,1.0,1,0,1,1,False,False,False,False,False,False
ENSPD002943,Male,22.0,5,0.6951788491446346,20.0,0.4521158129175946,0.616,0.966,1.0,5.0,31.9,No,No,Middle,2.0,Yes,Salle 18,48.0,0.5569444444444444,0.26696726705200835,0.16080000000000003,1.0,1,0,1,0,False,False,False,False,False,False
ENSPD001419,Male,22.0,2,0.6702954898911352,21.0,0.5501113585746102,0.783,0.6940000000000001,1.0,1.4,12.2,Yes,No,Low,1.0,Yes,Salle 14,185.0,0.638888888888889,0.22418043226418036,0.1576,0.900740336465212,1,0,1,1,True,False,False,False,False,False
ENSPD003597,Male,21.0,4,0.8118195956454123,12.0,0.690423162583519,0.758,0.68,3.0,0.4,6.3,Yes,No,Middle,1.0,Yes,Salle 3,93.0,0.5722222222222223,0.2978215487814283,0.5274000000000001,1.0,1,0,1,1,False,False,False,False,False,False
ENSPD004501,Female,22.0,4,0.5132192846034215,31.0,0.46325167037861914,0.542,0.6779999999999999,3.0,1.3,11.3,No,No,Middle,0.0,Yes,Salle 28,93.0,0.4902777777777778,0.2357813522533689,0.41220000000000007,1.0,0,0,1,0,False,False,False,False,False,False
ENSPD004954,Female,26.0,1,0.6625194401244167,22.0,0.49443207126948774,0.654,0.401,2.0,0.7,7.3,No,No,Low,1.0,No,Salle 7,248.0,0.4194444444444444,0.3308314217098691,0.3132,0.5818364233587374,0,0,0,0,False,False,False,True,False,False
ENSPD001145,Male,22.0,2,0.8102643856920683,12.0,0.4142538975501113,0.547,0.271,2.0,3.3,22.9,Yes,No,Middle,2.0,Yes,Salle 12,298.0,0.26388888888888895,0.5308327714470296,0.3512,0.5818364233587374,1,0,1,1,False,False,False,True,False,False
ENSPD004287,Female,22.0,4,0.7356143079315708,17.0,0.3775055679287305,0.823,0.456,3.0,0.3,4.6,Yes,No,Low,3.0,Yes,Salle 17,157.0,0.4722222222222222,0.3258684224595708,0.498,0.900740336465212,0,0,1,1,True,False,False,False,False,False
ENSPD002708,Male,22.0,1,0.6220839813374807,24.0,0.6113585746102449,0.466,0.705,1.0,2.4,20.7,Yes,No,Low,1.0,Yes,Salle 1,248.0,0.5875,0.22971441366614784,0.1514,0.5818364233587374,1,0,1,1,False,False,False,True,False,False
ENSPD003319,Female,26.0,2,0.9533437013996889,3.0,1.0,0.8440000000000001,0.316,2.0,3.1,18.1,No,No,Middle,2.0,Yes,Salle 26,177.0,0.638888888888889,0.3098120897285027,0.388,0.6476742668343078,0,0,1,0,False,False,True,False,False,False
ENSPD001926,Male,21.0,3,0.4930015552099535,33.0,0.6347438752783965,0.932,0.47200000000000003,0.0,3.7,15.8,Yes,No,Middle,2.0,Yes,Salle 13,263.0,0.5513888888888888,0.2023053753190774,0.0,0.5818364233587374,1,0,1,1,False,False,False,True,False,False
ENSPD004548,Female,21.0,3,0.9999999999999999,0.0,0.6113585746102449,0.6659999999999999,0.424,2.0,2.5,16.2,No,No,Middle,0.0,Yes,Salle 23,212.0,0.35277777777777775,0.5233587294181236,0.4,0.9860656366780134,0,0,1,0,False,False,False,False,True,False
ENSPD000709,Male,22.0,3,0.76049766718507,15.0,0.6113585746102449,0.23199999999999998,0.446,1.0,0.3,5.3,Yes,Yes,Middle,1.0,Yes,Salle 23,185.0,0.22222222222222232,0.5560966478442195,0.1692,0.6476742668343078,1,1,1,1,False,False,True,False,False,False
ENSPD000586,Male,24.0,1,0.7791601866251944,14.0,0.7182628062360802,0.56,0.47200000000000003,0.0,5.4,33.5,Yes,Yes,Low,1.0,Yes,Salle 26,149.0,0.5208333333333334,0.3136458709708687,0.0,0.6476742668343078,1,1,1,1,False,False,True,False,False,False
ENSPD001138,Male,25.0,2,0.5505443234836701,29.0,0.6726057906458797,0.317,0.635,0.0,0.2,9.6,No,No,High,2.0,Yes,Salle 5,231.0,0.30972222222222223,0.36220030201122333,0.0,0.9860656366780134,1,0,1,0,False,False,False,False,True,False
ENSPD003031,Male,26.0,1,0.547433903576983,29.0,0.20601336302895323,0.318,0.867,4.0,1.0,10.0,Yes,Yes,Middle,2.0,Yes,Salle 24,186.0,0.40694444444444444,0.293123082333977,0.5672,0.9860656366780134,1,1,1,1,False,False,False,False,True,False
ENSPD000572,Female,20.0,4,0.8973561430793159,7.0,0.4922048997772829,0.609,0.66,4.0,0.5,3.6,Yes,Yes,Middle,0.0,Yes,Salle 12,173.0,0.4555555555555555,0.3964586722023926,0.7472000000000001,0.6476742668343078,0,1,1,1,False,False,True,False,False,False
ENSPD001572,Male,23.0,3,0.6578538102643857,22.0,0.32628062360801785,0.634,0.674,0.0,3.9,23.0,Yes,No,Middle,0.0,Yes,Salle 1,104.0,0.4208333333333333,0.3281133409531949,0.0,0.0,1,0,1,1,False,True,False,False,False,False
ENSPD002629,Male,22.0,5,0.7962674961119752,13.0,0.5155902004454344,0.677,0.5710000000000001,1.0,1.8,10.2,Yes,No,Middle,0.0,Yes,Salle 25,40.0,0.5375,0.31050985627835415,0.1738,0.0,1,0,1,1,False,True,False,False,False,False
ENSPD001065,Male,24.0,3,0.9999999999999999,0.0,0.7427616926503342,0.502,0.601,1.0,0.1,13.3,Yes,No,Middle,2.0,Yes,Salle 26,130.0,0.47777777777777775,0.4186813813791317,0.2,1.0,1,0,1,1,False,False,False,False,False,False
ENSPD002737,Other,21.0,1,0.9564541213063763,3.0,0.6859688195991092,0.784,0.8250000000000001,2.0,1.1,15.6,Yes,No,Middle,1.0,No,Salle 12,149.0,0.723611111111111,0.2737051600555398,0.38880000000000003,0.6476742668343078,2,0,0,1,False,False,True,False,False,False
ENSPD004619,Male,21.0,4,0.9580093312597201,3.0,0.48440979955456576,0.664,1.0,0.0,1.6,12.5,Yes,No,Low,1.0,Yes,Salle 17,173.0,0.8388888888888888,0.23236810503851776,0.0,0.6476742668343078,1,0,1,1,False,False,True,False,False,False
ENSPD003807,Male,23.0,2,0.9346811819595645,4.0,0.20824053452115815,0.703,0.667,3.0,0.7,11.5,Yes,No,Middle,0.0,Yes,Salle 24,161.0,0.43472222222222223,0.4257424309076919,0.5748,0.7508690441401171,1,0,1,1,False,False,False,False,False,True
ENSPD004296,Male,20.0,5,0.7138413685847588,18.0,0.7060133630289532,0.934,0.541,1.0,0.1,6.1,No,No,Low,1.0,Yes,Salle 14,80.0,0.6625000000000001,0.228148856132963,0.16319999999999998,0.900740336465212,1,0,1,0,True,False,False,False,False,False
ENSPD000937,Male,21.0,4,0.8289269051321929,11.0,0.734966592427617,0.42,0.8620000000000001,1.0,3.4,19.3,Yes,No,High,1.0,No,Salle 28,173.0,0.6138888888888889,0.2833549858266555,0.178,0.6476742668343078,1,0,0,1,False,False,True,False,False,False
ENSPD004279,Male,19.0,4,0.7900466562986003,14.0,0.7928730512249444,0.218,0.619,0.0,3.0,12.3,Yes,No,Middle,1.0,Yes,Salle 17,178.0,0.49722222222222223,0.3307694251504294,0.0,0.9860656366780134,1,0,1,1,False,False,False,False,True,False
ENSPD003665,Male,20.0,2,0.8164852255054432,12.0,0.5044543429844098,0.757,0.455,0.0,6.1,30.3,Yes,No,Middle,2.0,Yes,Salle 25,119.0,0.513888888888889,0.3304485867032858,0.0,1.0,1,0,1,1,False,False,False,False,False,False
ENSPD003706,Female,26.0,1,0.6376360808709175,23.0,0.44320712694877507,0.789,0.8520000000000001,0.0,1.2,2.3,Yes,No,Low,1.0,No,Salle 14,143.0,0.5986111111111111,0.23008478894143322,0.0,0.900740336465212,0,0,0,1,True,False,False,False,False,False
ENSPD004839,Male,21.0,1,0.52099533437014,31.0,1.0,0.7090000000000001,0.541,2.0,0.1,11.5,Yes,No,Low,1.0,Yes,Salle 6,149.0,0.6777777777777778,0.1663503122358044,0.2768,0.6476742668343078,1,0,1,1,False,False,True,False,False,False
ENSPD002289,Male,23.0,5,0.6407465007776051,23.0,0.8474387527839643,0.638,0.644,1.0,3.2,21.6,No,No,High,1.0,Yes,Salle 27,80.0,0.6555555555555557,0.20907352453848446,0.15380000000000002,0.900740336465212,1,0,1,0,True,False,False,False,False,False
ENSPD000717,Female,22.0,5,0.7698289269051323,15.0,0.5579064587973274,0.489,0.708,0.0,4.8,22.6,Yes,Yes,High,4.0,Yes,Salle 28,80.0,0.5097222222222222,0.316531090858687,0.0,0.900740336465212,0,1,1,1,True,False,False,False,False,False
ENSPD000961,Male,20.0,2,0.7418351477449457,17.0,0.5556792873051225,0.941,0.9309999999999999,1.0,2.4,21.3,Yes,No,High,0.0,Yes,Salle 17,298.0,0.8055555555555556,0.18783345590678438,0.1668,0.5818364233587374,1,0,1,1,False,False,False,True,False,False
ENSPD003872,Male,21.0,3,0.7947122861586314,13.0,0.7416481069042317,0.299,0.557,1.0,1.4,21.3,Yes,No,Middle,0.0,Yes,Salle 27,212.0,0.4472222222222222,0.3635513973237555,0.1736,0.9860656366780134,1,0,1,1,False,False,False,False,True,False
ENSPD004950,Female,23.0,1,0.41057542768273714,38.0,0.40757238307349664,0.7240000000000001,0.7090000000000001,2.0,0.6,6.1,Yes,No,Middle,1.0,Yes,Salle 27,96.0,0.5888888888888888,0.16164074538327197,0.2484,1.0,0,0,1,1,False,False,False,False,False,False
ENSPD000839,Female,23.0,3,0.8506998444790047,10.0,0.4799554565701559,0.653,0.805,2.0,1.9,11.6,Yes,No,Middle,1.0,No,Salle 22,212.0,0.5930555555555557,0.30005788262216493,0.36160000000000003,0.9860656366780134,0,0,0,1,False,False,False,False,True,False
ENSPD002220,Male,24.0,5,0.7231726283048211,16.0,0.7594654788418709,0.5720000000000001,0.423,1.0,1.3,9.6,Yes,No,Middle,0.0,Yes,Salle 3,60.0,0.4375,0.34269915529691564,0.16440000000000002,0.7508690441401171,1,0,1,1,False,False,False,False,False,True
ENSPD000495,Male,24.0,2,0.8740279937791603,8.0,0.44209354120267264,0.663,0.756,0.0,1.6,7.3,No,No,Middle,1.0,Yes,Salle 27,185.0,0.5972222222222222,0.3054112433120064,0.0,0.900740336465212,1,0,1,0,True,False,False,False,False,False
ENSPD001644,Female,21.0,4,0.56298600311042,28.0,0.34966592427616927,0.512,0.9740000000000001,1.0,8.0,36.7,No,Yes,Middle,1.0,No,Salle 8,178.0,0.5305555555555556,0.23469089358457826,0.1438,0.9860656366780134,0,1,0,0,False,False,False,False,True,False
ENSPD001874,Female,23.0,3,0.6889580093312596,20.0,0.566815144766147,0.389,0.616,1.0,2.5,15.3,No,No,Middle,0.0,No,Salle 28,154.0,0.4388888888888889,0.3287352461652361,0.16,0.7508690441401171,0,0,0,0,False,False,False,False,False,True
ENSPD002300,Male,20.0,3,0.2674961119751166,47.0,0.6113585746102449,0.505,0.766,1.0,0.7,7.7,Yes,No,Middle,3.0,No,Salle 26,212.0,0.6319444444444444,0.10413146952944477,0.1058,0.9860656366780134,1,0,0,1,False,False,False,False,True,False
ENSPD000550,Female,20.0,4,0.9766718506998445,2.0,0.3385300668151448,0.621,0.635,0.0,0.6,6.0,Yes,No,Middle,2.0,Yes,Salle 12,178.0,0.4930555555555556,0.39976883953151976,0.0,0.9860656366780134,0,0,1,1,False,False,False,False,True,False
ENSPD001174,Male,23.0,3,0.8491446345256609,10.0,0.5657015590200446,0.5920000000000001,0.304,1.0,6.8,27.6,No,Yes,Middle,0.0,Yes,Salle 4,104.0,0.2416666666666667,0.5775772442786371,0.1806,0.0,1,1,1,0,False,True,False,False,False,False
ENSPD003850,Male,20.0,1,0.8958009331259719,7.0,0.744988864142539,0.616,0.41700000000000004,1.0,2.3,8.2,No,No,High,1.0,Yes,Salle 23,248.0,0.5375,0.3441732870258205,0.1866,0.5818364233587374,1,0,1,0,False,False,False,True,False,False
ENSPD000099,Male,22.0,3,0.6609642301710731,22.0,0.6971046770601336,0.8079999999999999,0.6859999999999999,1.0,0.9,0.0,Yes,No,Middle,1.0,Yes,Salle 28,188.0,0.623611111111111,0.22730054051597495,0.1564,0.900740336465212,1,0,1,1,True,False,False,False,False,False
ENSPD002064,Male,24.0,4,0.7993779160186624,13.0,0.7405345211581292,0.627,0.757,0.0,1.0,15.0,Yes,No,Middle,1.0,Yes,Salle 18,178.0,0.7291666666666667,0.22804391175396546,0.0,0.9860656366780134,1,0,1,1,False,False,False,False,True,False
ENSPD002628,Female,25.0,3,0.6158631415241057,25.0,0.46436525612472157,0.628,0.6890000000000001,2.0,0.5,8.3,No,No,Low,3.0,Yes,Salle 3,154.0,0.4736111111111111,0.2812911825166792,0.30119999999999997,0.7508690441401171,0,0,1,0,False,False,False,False,False,True
ENSPD004344,Female,24.0,4,0.8118195956454123,12.0,0.5734966592427617,0.48200000000000004,0.534,1.0,6.9,28.1,Yes,No,Middle,1.0,Yes,Salle 12,121.0,0.4097222222222222,0.3964829374323203,0.1758,0.7508690441401171,0,0,1,1,False,False,False,False,False,True
ENSPD002721,Female,24.0,1,0.5894245723172628,26.0,0.7884187082405345,0.659,0.731,3.0,0.1,8.4,No,No,Middle,1.0,No,Salle 28,143.0,0.6083333333333333,0.21108498076883772,0.4416,0.900740336465212,0,0,0,0,True,False,False,False,False,False
ENSPD000280,Female,24.0,4,0.7231726283048211,36.0,0.5890868596881961,0.514,0.54,2.0,0.1,11.5,No,Yes,Middle,1.0,Yes,Salle 19,121.0,0.3041666666666667,0.44684648183875975,0.32880000000000004,0.7508690441401171,0,1,1,0,False,False,False,False,False,True
ENSPD002596,Female,23.0,4,0.17729393468118193,53.0,0.6714922048997773,0.517,0.595,1.0,0.2,13.0,Yes,No,Middle,0.0,Yes,Salle 26,93.0,0.47638888888888886,0.1201230272273748,0.0942,1.0,0,0,1,1,False,False,False,False,False,False
ENSPD003685,Female,24.0,5,0.8569206842923794,9.0,0.5033407572383074,0.547,0.8640000000000001,0.0,0.4,3.0,No,No,Middle,1.0,Yes,Salle 4,67.0,0.5791666666666667,0.3089464747149189,0.0,0.9860656366780134,0,0,1,0,False,False,False,False,True,False
ENSPD001900,Female,20.0,3,0.6905132192846034,20.0,0.6113585746102449,0.551,0.891,1.0,1.7,14.0,Yes,No,Middle,0.0,No,Salle 28,104.0,0.7819444444444443,0.18146936330832578,0.16019999999999998,0.0,0,0,0,1,False,True,False,False,False,False
ENSPD003318,Male,27.0,2,0.8164852255054432,12.0,0.41091314031180404,0.594,0.635,3.0,1.4,6.8,Yes,No,High,1.0,Yes,Salle 19,185.0,0.46805555555555556,0.35811435518806256,0.5292,0.900740336465212,1,0,1,1,True,False,False,False,False,False
ENSPD000612,Female,20.0,1,0.7231726283048211,20.0,0.732739420935412,0.616,0.515,0.0,0.8,3.5,Yes,No,High,0.0,Yes,Salle 22,248.0,0.6041666666666667,0.2546735787544525,0.0,0.5818364233587374,0,0,1,1,False,False,False,True,False,False
ENSPD002577,Female,17.0,1,0.948678071539658,3.0,0.3418708240534521,0.925,0.792,1.0,0.4,0.0,Yes,No,Middle,1.0,No,Salle 16,83.0,0.6069444444444445,0.32404253596160015,0.19340000000000002,0.0,0,0,0,1,False,True,False,False,False,False
ENSPD003484,Female,23.0,4,0.6702954898911352,21.0,0.700445434298441,0.616,0.7690000000000001,2.0,3.9,23.8,Yes,No,Middle,0.0,Yes,Salle 26,157.0,0.5208333333333334,0.2760985982765425,0.3152,0.900740336465212,0,0,1,1,True,False,False,False,False,False
ENSPD002751,Male,22.0,2,0.5956454121306377,26.0,0.7616926503340756,0.751,0.41000000000000003,0.0,0.8,7.5,No,Yes,Middle,0.0,Yes,Salle 3,231.0,0.5930555555555557,0.21903130662467865,0.0,0.9860656366780134,1,1,1,0,False,False,False,False,True,False
ENSPD003541,Male,21.0,1,0.48522550544323495,33.0,0.8574610244988865,0.262,0.42,0.0,0.8,6.0,Yes,No,Low,3.0,Yes,Salle 20,248.0,0.31944444444444453,0.32489261315452034,0.0,0.5818364233587374,1,0,1,1,False,False,False,True,False,False
ENSPD000678,Male,22.0,1,0.7231726283048211,29.0,0.5601336302895323,0.39799999999999996,0.578,0.0,1.1,9.4,Yes,Yes,Low,2.0,Yes,Salle 8,186.0,0.375,0.3865585103720295,0.0,0.9860656366780134,1,1,1,1,False,False,False,False,True,False
ENSPD004180,Male,20.0,3,0.8942457231726283,7.0,0.8307349665924276,0.48100000000000004,0.536,2.0,1.7,10.8,Yes,No,High,0.0,Yes,Salle 26,188.0,0.5027777777777778,0.3642796034848169,0.3728,0.900740336465212,1,0,1,1,True,False,False,False,False,False
ENSPD001517,Female,20.0,4,0.5863141524105754,27.0,0.601336302895323,0.804,0.65,1.0,4.4,14.2,No,Yes,High,0.0,Yes,Salle 23,230.0,0.5527777777777778,0.23276002290076372,0.1468,0.5818364233587374,0,1,1,0,False,False,False,True,False,False
ENSPD003278,Male,19.0,3,0.8118195956454123,12.0,0.5400890868596883,0.648,0.6609999999999999,2.0,1.9,14.2,Yes,No,Middle,0.0,Yes,Salle 15,104.0,0.5291666666666666,0.32029517783426464,0.3516,0.0,1,0,1,1,False,True,False,False,False,False
ENSPD004307,Male,29.0,5,0.6003110419906686,26.0,0.6302895322939867,0.72,1.0,2.0,5.2,24.9,Yes,No,Low,1.0,Yes,Salle 17,60.0,0.8166666666666667,0.148438537874202,0.2972,0.7508690441401171,1,0,1,1,False,False,False,False,False,True
ENSPD003342,Male,22.0,2,0.9999999999999999,0.0,0.6391982182628062,0.665,0.635,1.0,1.1,11.1,Yes,No,Low,0.0,Yes,Salle 2,177.0,0.6347222222222223,0.3259758347236008,0.2,0.6476742668343078,1,0,1,1,False,False,True,False,False,False
ENSPD002870,Male,19.0,5,0.6858475894245722,20.0,0.8797327394209354,0.62,0.6970000000000001,2.0,7.8,31.2,No,Yes,Middle,2.0,Yes,Salle 23,109.0,0.6722222222222222,0.21630015564146374,0.3192,0.5818364233587374,1,1,1,0,False,False,False,True,False,False
ENSPD002573,Male,22.0,2,0.8693623639191289,8.0,0.3017817371937639,0.49700000000000005,0.929,0.0,0.3,10.8,Yes,No,Middle,0.0,No,Salle 23,185.0,0.44305555555555554,0.39469228765074205,0.0,0.900740336465212,1,0,0,1,True,False,False,False,False,False
ENSPD001909,Male,22.0,1,0.609642301710731,25.0,0.5957683741648108,0.5700000000000001,0.451,1.0,4.1,17.3,Yes,Yes,Middle,0.0,Yes,Salle 7,248.0,0.38750000000000007,0.3306560198575125,0.14980000000000002,0.5818364233587374,1,1,1,1,False,False,False,True,False,False
ENSPD000206,Male,22.0,3,0.7465007776049767,16.0,0.7939866369710468,0.753,0.98,2.0,0.5,9.5,Yes,No,Middle,0.0,Yes,Salle 17,154.0,0.825,0.18334801753592958,0.33480000000000004,0.7508690441401171,1,0,1,1,False,False,False,False,False,True
ENSPD003646,Male,24.0,2,0.7247278382581649,18.0,0.6503340757238307,0.549,0.461,0.0,0.1,0.0,No,No,Low,2.0,No,Salle 2,231.0,0.4097222222222222,0.36188529954924076,0.0,0.9860656366780134,1,0,0,0,False,False,False,False,True,False
ENSPD004578,Male,24.0,3,0.6702954898911352,21.0,0.6959910913140313,0.7640000000000001,0.9940000000000001,2.0,0.9,11.8,Yes,No,Middle,0.0,Yes,Salle 7,263.0,0.8277777777777777,0.16328317979028265,0.3152,0.5818364233587374,1,0,1,1,False,False,False,True,False,False
ENSPD004864,Male,18.0,1,0.6811819595645411,20.0,0.734966592427617,0.397,0.395,1.0,1.3,11.0,No,No,Middle,1.0,No,Salle 10,143.0,0.33333333333333337,0.4018194329356791,0.159,0.900740336465212,1,0,0,0,True,False,False,False,False,False
ENSPD000243,Female,21.0,4,0.7169517884914464,18.0,0.6770601336302895,0.812,0.7959999999999999,1.0,0.1,4.0,Yes,No,Middle,1.0,No,Salle 28,93.0,0.6916666666666667,0.2182611128488127,0.1636,1.0,0,0,0,1,False,False,False,False,False,False
ENSPD000453,Male,24.0,3,0.6516329704510108,22.0,0.3418708240534521,0.557,0.30100000000000005,1.0,2.3,14.4,No,No,Low,1.0,Yes,Salle 9,104.0,0.20000000000000007,0.5253827483392928,0.1552,0.0,1,0,1,0,False,True,False,False,False,False
ENSPD000993,Male,21.0,3,0.46034214618973557,35.0,0.6113585746102449,0.75,0.6859999999999999,1.0,5.6,21.5,Yes,No,High,0.0,Yes,Salle 5,188.0,0.6152777777777778,0.1684003109963408,0.1306,0.900740336465212,1,0,1,1,True,False,False,False,False,False
ENSPD003268,Male,24.0,4,0.926905132192846,5.0,0.5334075723830736,0.501,0.6920000000000001,0.0,1.7,11.5,No,No,Middle,2.0,Yes,Salle 18,230.0,0.5083333333333333,0.3722962165468504,0.0,0.5818364233587374,1,0,1,0,False,False,False,True,False,False
ENSPD002079,Other,22.0,4,0.8709175738724727,8.0,0.45322939866369716,0.6,0.307,0.0,5.7,28.6,Yes,No,Middle,0.0,Yes,Salle 7,70.0,0.3055555555555556,0.5139648056079339,0.0,0.0,2,0,1,1,False,True,False,False,False,False
ENSPD002167,Female,23.0,4,0.7682737169517885,15.0,0.7227171492204899,0.958,0.6709999999999999,3.0,1.8,11.4,No,No,Middle,2.0,No,Salle 24,178.0,0.7388888888888889,0.21608826774312032,0.5105999999999999,0.9860656366780134,0,0,0,0,False,False,False,False,True,False
ENSPD003716,Male,18.0,2,0.7278382581648523,18.0,0.34075723830734966,0.563,0.621,3.0,1.0,8.5,Yes,Yes,Low,1.0,Yes,Salle 6,177.0,0.4361111111111111,0.3453842119667143,0.495,0.6476742668343078,1,1,1,1,False,False,True,False,False,False
ENSPD003250,Female,22.0,5,0.4354587869362364,36.0,0.5167037861915368,0.642,0.5860000000000001,5.0,6.5,28.0,Yes,No,Low,0.0,Yes,Salle 14,40.0,0.44444444444444453,0.22914798199597122,0.637,0.0,0,0,1,1,False,True,False,False,False,False
ENSPD004899,Male,21.0,2,0.5909797822706065,26.0,0.7060133630289532,0.39799999999999996,0.6829999999999999,1.0,0.0,14.2,Yes,No,Low,1.0,Yes,Salle 30,161.0,0.5166666666666666,0.2507062335203123,0.1474,0.7508690441401171,1,0,1,1,False,False,False,False,False,True
ENSPD004831,Female,20.0,3,0.9999999999999999,0.0,0.8006681514476615,0.54,0.649,1.0,0.8,6.7,Yes,No,High,2.0,Yes,Salle 29,188.0,0.5819444444444444,0.353559525516277,0.2,0.900740336465212,0,0,1,1,True,False,False,False,False,False
ENSPD003203,Male,23.0,4,0.8864696734059098,7.0,0.579064587973274,0.778,0.821,2.0,0.3,7.2,No,No,Low,0.0,Yes,Salle 7,173.0,0.6916666666666667,0.2668763823641376,0.3708,0.6476742668343078,1,0,1,0,False,False,True,False,False,False
ENSPD004518,Female,25.0,3,0.525660964230171,30.0,0.7639198218262806,0.29,0.923,3.0,0.5,4.3,No,No,Middle,2.0,Yes,Salle 14,154.0,0.575,0.20370842318216245,0.417,0.7508690441401171,0,0,1,0,False,False,False,False,False,True
ENSPD004661,Male,27.0,1,0.7231726283048211,34.0,0.5456570155902005,0.6990000000000001,0.748,3.0,6.4,31.5,No,No,Middle,3.0,No,Salle 17,121.0,0.6138888888888889,0.2505062945779988,0.4932000000000001,0.7508690441401171,1,0,0,0,False,False,False,False,False,True
ENSPD002502,Female,24.0,4,0.7433903576982893,16.0,0.7115812917594654,0.502,0.9470000000000001,4.0,0.0,0.7,No,No,High,1.0,Yes,Salle 16,178.0,0.6277777777777779,0.25088907817700845,0.668,0.9860656366780134,0,0,1,0,False,False,False,False,True,False
ENSPD000081,Female,18.0,2,0.5381026438569206,30.0,0.6703786191536749,0.56,0.601,1.0,0.9,7.0,Yes,No,Middle,0.0,Yes,Salle 23,161.0,0.6055555555555555,0.1960713613754345,0.1406,0.7508690441401171,0,0,1,1,False,False,False,False,False,True
ENSPD002858,Male,24.0,3,0.45101088646967347,35.0,0.4053452115812918,0.456,1.0,0.0,3.0,17.6,Yes,Yes,High,1.0,No,Salle 13,212.0,0.5111111111111111,0.20451651017536784,0.0,0.9860656366780134,1,1,0,1,False,False,False,False,True,False
ENSPD001746,Male,21.0,3,0.7947122861586314,13.0,0.4755011135857461,0.616,0.6890000000000001,0.0,8.8,39.7,Yes,No,High,0.0,No,Salle 8,188.0,0.4805555555555555,0.34236962334150145,0.0,0.900740336465212,1,0,0,1,True,False,False,False,False,False
ENSPD002180,Male,22.0,2,0.5707620528771385,28.0,0.566815144766147,0.433,0.7909999999999999,1.0,7.6,43.8,No,Yes,Middle,0.0,No,Salle 10,185.0,0.4541666666666666,0.27511601098639626,0.1448,0.900740336465212,1,1,0,0,True,False,False,False,False,False
ENSPD004398,Male,22.0,2,0.989113530326594,1.0,0.3184855233853007,0.564,0.863,0.0,1.4,9.7,Yes,No,Middle,1.0,Yes,Salle 5,119.0,0.5958333333333332,0.34254518644646903,0.0,1.0,1,0,1,1,False,False,False,False,False,False
ENSPD000707,Male,19.0,3,0.6111975116640745,25.0,0.378619153674833,0.631,0.635,3.0,5.3,11.5,No,No,Low,4.0,No,Salle 25,185.0,0.4819444444444444,0.2751703351770727,0.45,0.6476742668343078,1,0,0,0,False,False,True,False,False,False
ENSPD003118,Male,23.0,4,0.7667185069984447,15.0,0.5434298440979956,0.579,0.886,0.0,1.7,11.8,Yes,No,High,1.0,Yes,Salle 29,178.0,0.5513888888888888,0.29340803849404073,0.0,0.9860656366780134,1,0,1,1,False,False,False,False,True,False
ENSPD004686,Male,24.0,1,0.9082426127527216,6.0,0.45991091314031185,0.738,0.16899999999999998,1.0,0.5,2.8,Yes,No,Low,2.0,Yes,Salle 20,248.0,0.24305555555555558,0.6061969205933425,0.1882,0.5818364233587374,1,0,1,1,False,False,False,True,False,False
ENSPD004047,Male,23.0,1,0.7138413685847588,18.0,0.1636971046770601,0.554,0.7120000000000001,3.0,1.9,8.8,Yes,No,Low,0.0,Yes,Salle 21,248.0,0.4,0.3643470532473717,0.4896,0.5818364233587374,1,0,1,1,False,False,False,True,False,False
ENSPD000823,Male,20.0,4,0.8538102643856921,9.0,0.5189309576837416,0.364,1.0,1.0,0.8,16.1,Yes,No,Middle,2.0,Yes,Salle 3,173.0,0.6194444444444444,0.28850202216056053,0.1812,0.6476742668343078,1,0,1,1,False,False,True,False,False,False
ENSPD002053,Male,24.0,1,0.9922239502332816,0.0,0.8485523385300668,0.605,0.7000000000000001,0.0,2.2,9.2,Yes,No,High,0.0,Yes,Salle 5,149.0,0.7250000000000001,0.28307950231806644,0.0,0.6476742668343078,1,0,1,1,False,False,True,False,False,False
ENSPD001753,Male,25.0,1,0.609642301710731,25.0,0.5033407572383074,0.544,0.5529999999999999,3.0,4.8,24.6,Yes,No,Low,0.0,Yes,Salle 18,83.0,0.4,0.3223962293155994,0.4494,0.0,1,0,1,1,False,True,False,False,False,False
ENSPD004168,Male,23.0,2,0.9999999999999999,0.0,0.6826280623608018,0.703,0.761,4.0,2.9,15.3,No,No,Low,1.0,Yes,Salle 2,185.0,0.6430555555555555,0.32189624754889523,0.8,0.900740336465212,1,0,1,0,True,False,False,False,False,False
ENSPD003183,Male,25.0,2,0.5552099533437015,29.0,0.8953229398663696,0.79,0.745,1.0,1.4,8.2,No,No,Low,2.0,Yes,Salle 6,298.0,0.7555555555555555,0.15299857599594155,0.1428,0.5818364233587374,1,0,1,0,False,False,False,True,False,False
ENSPD002466,Male,23.0,5,0.5552099533437015,29.0,0.5423162583518931,0.823,0.7709999999999999,2.0,0.6,5.6,No,No,Middle,1.0,Yes,Salle 1,109.0,0.6083333333333333,0.20039401515418367,0.2856,0.5818364233587374,1,0,1,0,False,False,False,True,False,False
ENSPD000871,Male,23.0,2,0.6500777604976672,22.0,0.6269487750556793,0.539,0.595,0.0,1.7,10.0,No,Yes,Middle,2.0,Yes,Salle 3,71.0,0.41666666666666674,0.3277301202199273,0.0,0.0,1,1,1,0,False,True,False,False,False,False
ENSPD000443,Male,21.0,4,0.5116640746500777,31.0,0.5501113585746102,0.802,0.614,2.0,0.8,10.3,No,No,Middle,0.0,No,Salle 2,173.0,0.5944444444444444,0.19183829672757188,0.2744,0.6476742668343078,1,0,0,0,False,False,True,False,False,False
ENSPD000808,Female,22.0,4,0.6158631415241057,25.0,0.5256124721603563,0.8200000000000001,0.46299999999999997,0.0,1.2,3.4,Yes,No,Middle,0.0,Yes,Salle 21,173.0,0.475,0.2805457687147368,0.0,0.6476742668343078,0,0,1,1,False,False,True,False,False,False
ENSPD000187,Female,21.0,1,0.9300155520995333,4.0,0.5501113585746102,0.855,0.533,1.0,4.7,22.1,No,No,Low,1.0,Yes,Salle 3,186.0,0.6124999999999999,0.3154399542331251,0.191,0.9860656366780134,0,0,1,0,False,False,False,False,True,False
ENSPD004159,Female,17.0,4,0.6423017107309487,23.0,0.5946547884187082,0.6920000000000001,0.866,2.0,0.2,7.6,Yes,No,Middle,1.0,Yes,Salle 25,157.0,0.6513888888888888,0.21106002691343992,0.308,0.900740336465212,0,0,1,1,True,False,False,False,False,False
ENSPD000158,Female,22.0,3,0.6562986003110421,22.0,0.6057906458797326,0.6659999999999999,0.79,0.0,3.3,19.9,No,No,Middle,2.0,Yes,Salle 30,154.0,0.6527777777777778,0.21472478491060373,0.0,0.7508690441401171,0,0,1,0,False,False,False,False,False,True
ENSPD003437,Male,23.0,3,0.5909797822706065,26.0,0.8307349665924276,0.67,0.856,1.0,1.7,19.0,Yes,Yes,Middle,2.0,Yes,Salle 24,130.0,0.7402777777777778,0.16709512509634736,0.1474,1.0,1,1,1,1,False,False,False,False,False,False
ENSPD002842,Female,21.0,1,0.9999999999999999,0.0,0.7694877505567929,0.8340000000000001,0.892,1.0,1.4,9.0,Yes,No,Middle,2.0,Yes,Salle 18,248.0,0.8944444444444444,0.22509996658749407,0.2,0.5818364233587374,0,0,1,1,False,False,False,True,False,False
ENSPD001935,Female,19.0,1,0.8320373250388803,11.0,0.8318485523385302,0.793,0.5,1.0,0.8,9.9,No,No,High,1.0,Yes,Salle 21,248.0,0.6416666666666667,0.2719033291055609,0.1784,0.5818364233587374,0,0,1,0,False,False,False,True,False,False
ENSPD003257,Female,26.0,2,0.5878693623639192,26.0,0.9164810690423162,0.799,0.26,0.0,2.6,11.5,Yes,No,Middle,1.0,Yes,Salle 12,298.0,0.5222222222222221,0.2470215175389184,0.0,0.5818364233587374,0,0,1,1,False,False,False,True,False,False
ENSPD000087,Female,25.0,3,0.500777604976672,32.0,0.8641425389755011,0.649,0.49200000000000005,1.0,0.0,5.5,No,No,Middle,1.0,Yes,Salle 16,185.0,0.5847222222222221,0.19197579004411472,0.1358,0.6476742668343078,0,0,1,0,False,False,True,False,False,False
ENSPD000916,Male,24.0,2,0.8538102643856921,9.0,0.8062360801781737,0.41500000000000004,0.922,1.0,0.4,11.1,No,No,Low,1.0,Yes,Salle 4,161.0,0.6583333333333332,0.2712467891627124,0.1812,0.7508690441401171,1,0,1,0,False,False,False,False,False,True
ENSPD002084,Female,22.0,1,0.609642301710731,25.0,0.7783964365256124,0.526,0.648,1.0,4.4,26.0,Yes,Yes,Low,1.0,No,Salle 29,186.0,0.47777777777777775,0.27680167465373295,0.14980000000000002,0.9860656366780134,0,1,0,1,False,False,False,False,True,False
ENSPD003374,Female,25.0,1,0.7698289269051323,15.0,0.5968819599109131,0.812,0.7190000000000001,3.0,7.7,39.7,No,No,Middle,0.0,No,Salle 24,186.0,0.6652777777777776,0.24358027048298406,0.5112000000000001,0.9860656366780134,0,0,0,0,False,False,False,False,True,False
ENSPD000182,Male,22.0,2,0.6842923794712287,20.0,0.44988864142538976,0.708,0.635,0.0,0.8,5.3,Yes,No,Middle,2.0,No,Salle 5,231.0,0.3930555555555556,0.3572954719905901,0.0,0.9860656366780134,1,0,0,1,False,False,False,False,True,False
ENSPD000300,Male,24.0,4,0.20528771384136846,51.0,0.6113585746102449,0.38799999999999996,0.552,0.0,1.5,10.9,No,No,Low,1.0,Yes,Salle 14,178.0,0.3569444444444444,0.17901206593766253,0.0,0.9860656366780134,1,0,1,0,False,False,False,False,True,False
ENSPD001524,Male,22.0,2,0.7744945567651632,14.0,0.38752783964365256,0.39799999999999996,0.753,1.0,3.8,23.6,Yes,Yes,Middle,0.0,Yes,Salle 8,231.0,0.49722222222222223,0.325250976138984,0.171,0.9860656366780134,1,1,1,1,False,False,False,False,True,False
ENSPD000451,Female,23.0,3,0.7760497667185068,14.0,0.5033407572383074,0.43200000000000005,0.7320000000000001,0.0,0.7,11.7,No,No,Middle,2.0,No,Salle 22,212.0,0.5305555555555556,0.3073384891139396,0.0,0.9860656366780134,0,0,0,0,False,False,False,False,True,False
ENSPD003277,Female,20.0,4,0.838258164852255,10.0,0.8118040089086859,0.8190000000000001,0.626,0.0,2.3,14.3,No,Yes,High,0.0,Yes,Salle 3,178.0,0.65,0.27017686610472436,0.0,0.9860656366780134,0,1,1,0,False,False,False,False,True,False
ENSPD004458,Male,22.0,5,0.7573872472783826,16.0,0.5757238307349666,0.5860000000000001,0.48600000000000004,1.0,0.2,8.9,Yes,No,Low,1.0,No,Salle 14,40.0,0.4263888888888888,0.36325045498685404,0.1688,0.0,1,0,0,1,False,True,False,False,False,False
ENSPD000551,Male,21.0,1,0.6158631415241057,25.0,0.6202672605790647,0.648,0.653,1.0,2.7,16.8,Yes,Yes,High,0.0,Yes,Salle 6,186.0,0.5486111111111112,0.24444134751627253,0.15059999999999998,0.9860656366780134,1,1,1,1,False,False,False,False,True,False
ENSPD001440,Female,21.0,4,0.8553654743390359,9.0,0.26614699331848557,0.441,0.395,2.0,0.8,4.6,Yes,No,Middle,2.0,Yes,Salle 26,157.0,0.3319444444444445,0.48040606825819543,0.3628,0.900740336465212,0,0,1,1,True,False,False,False,False,False
ENSPD000657,Male,23.0,1,0.6485225505443236,23.0,0.49777282850779514,0.5820000000000001,0.605,2.0,1.8,14.2,No,No,Middle,0.0,No,Salle 7,149.0,0.4291666666666667,0.31923779765308224,0.30960000000000004,0.6476742668343078,1,0,0,0,False,False,True,False,False,False
ENSPD003966,Female,21.0,2,0.8258164852255053,11.0,0.36414253897550114,0.43200000000000005,0.8059999999999999,2.0,0.2,4.3,Yes,No,Low,0.0,No,Salle 28,161.0,0.5263888888888889,0.3266193013590979,0.3552,0.7508690441401171,0,0,0,1,False,False,False,False,False,True
ENSPD000135,Female,21.0,3,0.7729393468118196,15.0,0.8351893095768375,0.622,0.613,1.0,1.7,10.9,No,No,Middle,3.0,Yes,Salle 15,185.0,0.6208333333333333,0.26292664614337324,0.1708,0.6476742668343078,0,0,1,0,False,False,True,False,False,False
ENSPD002055,Female,24.0,4,0.8258164852255053,11.0,0.5155902004454344,0.736,0.619,2.0,1.8,20.1,Yes,Yes,High,1.0,Yes,Salle 6,121.0,0.5847222222222221,0.29618405324911323,0.3552,0.7508690441401171,0,1,1,1,False,False,False,False,False,True
ENSPD001438,Female,21.0,1,0.8864696734059098,7.0,0.7416481069042317,0.5650000000000001,0.275,0.0,0.2,14.0,No,No,Middle,1.0,Yes,Salle 28,186.0,0.3416666666666667,0.48484726724332283,0.0,0.9860656366780134,0,0,1,0,False,False,False,False,True,False
ENSPD000681,Female,20.0,4,0.6236391912908242,24.0,0.6113585746102449,0.636,0.871,1.0,2.4,18.0,Yes,No,High,0.0,No,Salle 24,178.0,0.45000000000000007,0.29730141683292366,0.15159999999999998,0.9860656366780134,0,0,0,1,False,False,False,False,True,False
ENSPD002534,Male,23.0,4,0.6360808709175737,23.0,0.4242761692650334,0.4,0.763,2.0,5.9,20.6,Yes,No,Middle,2.0,No,Salle 4,121.0,0.3944444444444445,0.33675842783307386,0.3064,0.7508690441401171,1,0,0,1,False,False,False,False,False,True
ENSPD000217,Male,21.0,3,0.8164852255054432,12.0,0.4755011135857461,0.708,0.244,1.0,1.2,6.5,Yes,No,Middle,1.0,Yes,Salle 19,188.0,0.2236111111111111,0.5841335735975914,0.1764,0.900740336465212,1,0,1,1,True,False,False,False,False,False
ENSPD001205,Male,22.0,4,0.4758942457231726,34.0,0.8741648106904232,0.642,0.298,1.0,0.8,4.8,No,No,High,2.0,Yes,Salle 3,230.0,0.4458333333333333,0.24377651067438974,0.1326,0.5818364233587374,1,0,1,0,False,False,False,True,False,False
ENSPD003017,Female,27.0,3,0.7729393468118196,15.0,0.6124721603563474,0.56,0.6729999999999999,0.0,0.7,9.4,Yes,No,Low,2.0,No,Salle 13,212.0,0.5513888888888888,0.295478553566199,0.0,0.9860656366780134,0,0,0,1,False,False,False,False,True,False
ENSPD002951,Female,20.0,1,0.6889580093312596,20.0,0.5835189309576838,0.634,0.937,0.0,3.1,19.2,Yes,No,Low,1.0,Yes,Salle 25,248.0,0.6958333333333333,0.20877256513232414,0.0,0.5818364233587374,0,0,1,1,False,False,False,True,False,False
ENSPD002683,Male,21.0,4,0.41213063763608093,38.0,0.6804008908685969,0.652,0.48100000000000004,0.0,7.6,37.7,Yes,No,Middle,1.0,Yes,Salle 1,93.0,0.40694444444444444,0.2391684191314379,0.0,1.0,1,0,1,1,False,False,False,False,False,False
ENSPD000860,Male,22.0,3,0.7776049766718508,14.0,0.8396436525612472,0.40299999999999997,1.0,2.0,1.9,11.5,Yes,Yes,Middle,1.0,Yes,Salle 10,154.0,0.6708333333333333,0.24367441871458365,0.3428,0.7508690441401171,1,1,1,1,False,False,False,False,False,True
ENSPD002803,Female,20.0,4,0.9999999999999999,0.0,0.3162583518930958,0.893,0.635,0.0,0.4,14.8,Yes,No,Middle,3.0,Yes,Salle 17,157.0,0.6541666666666666,0.31656512270964143,0.0,0.900740336465212,0,0,1,1,True,False,False,False,False,False
ENSPD003412,Male,24.0,2,0.6578538102643857,22.0,0.4365256124721604,0.613,1.0,1.0,0.4,0.0,No,No,Middle,1.0,Yes,Salle 3,185.0,0.6569444444444444,0.21364916087751376,0.156,0.900740336465212,1,0,1,0,True,False,False,False,False,False
ENSPD003843,Male,22.0,2,0.5520995334370139,29.0,0.4621380846325167,0.616,0.934,2.0,0.4,7.0,No,No,Low,3.0,No,Salle 6,231.0,0.8027777777777778,0.1396199026289536,0.2848,0.9860656366780134,1,0,0,0,False,False,False,False,True,False
ENSPD003680,Male,21.0,1,0.6936236391912908,20.0,0.4342984409799555,0.649,0.6890000000000001,2.0,1.6,9.7,No,No,Low,0.0,Yes,Salle 19,96.0,0.5125,0.2884444835411093,0.3212,1.0,1,0,1,0,False,False,False,False,False,False
ENSPD001851,Male,23.0,1,0.8569206842923794,9.0,0.6113585746102449,0.725,0.755,0.0,4.4,20.2,No,No,Low,2.0,Yes,Salle 22,186.0,0.6444444444444444,0.2781855943852153,0.0,0.9860656366780134,1,0,1,0,False,False,False,False,True,False
ENSPD000830,Male,20.0,2,0.9999999999999999,0.0,0.6837416481069042,0.585,0.635,1.0,3.7,14.5,Yes,No,Middle,0.0,Yes,Salle 18,177.0,0.4388888888888889,0.44756316129144225,0.2,0.6476742668343078,1,0,1,1,False,False,True,False,False,False
ENSPD004852,Male,21.0,1,0.44167962674961103,36.0,0.6414253897550111,0.616,0.413,0.0,0.6,2.0,No,Yes,Middle,3.0,Yes,Salle 20,83.0,0.29999999999999993,0.3192767373385198,0.0,0.0,1,1,1,0,False,True,False,False,False,False
ENSPD002896,Female,18.0,2,0.7558320373250388,16.0,0.8084632516703786,0.677,0.779,2.0,0.3,16.1,Yes,No,Middle,1.0,Yes,Salle 22,298.0,0.7805555555555557,0.19910508494835824,0.3372,0.5818364233587374,0,0,1,1,False,False,False,True,False,False
ENSPD002062,Male,21.0,3,0.9999999999999999,0.0,0.5812917594654788,0.518,0.647,0.0,2.4,12.4,No,Yes,Middle,1.0,No,Salle 6,185.0,0.5041666666666667,0.4006311354738693,0.0,0.6476742668343078,1,1,0,0,False,False,True,False,False,False
ENSPD004358,Female,24.0,1,0.3825816485225505,40.0,0.30400890868596886,0.386,0.644,0.0,4.4,23.2,Yes,Yes,Low,2.0,Yes,Salle 29,186.0,0.2666666666666666,0.3164656787081177,0.0,0.9860656366780134,0,1,1,1,False,False,False,False,True,False
ENSPD004010,Male,24.0,3,0.5536547433903577,29.0,0.4198218262806236,0.658,0.925,1.0,2.5,19.0,Yes,No,Middle,1.0,No,Salle 13,104.0,0.623611111111111,0.19431139744048406,0.1426,0.0,1,0,0,1,False,True,False,False,False,False
ENSPD003984,Male,23.0,4,0.47278382581648504,34.0,0.5367483296213809,0.53,0.6709999999999999,1.0,2.2,15.9,Yes,Yes,Middle,0.0,Yes,Salle 24,230.0,0.46944444444444444,0.2309919921822751,0.13219999999999998,0.5818364233587374,1,1,1,1,False,False,False,True,False,False
ENSPD000602,Male,21.0,4,0.9315707620528771,4.0,0.3229398663697105,0.654,0.635,1.0,0.1,11.5,No,No,Middle,4.0,No,Salle 28,70.0,0.37916666666666665,0.4697851483569988,0.19119999999999998,0.0,1,0,0,0,False,True,False,False,False,False
ENSPD001011,Male,24.0,1,0.9377916018662519,4.0,0.6113585746102449,0.752,1.0,4.0,0.1,4.2,No,No,Middle,3.0,Yes,Salle 28,121.0,0.8444444444444443,0.2255247377738123,0.768,0.7508690441401171,1,0,1,0,False,False,False,False,False,True
ENSPD001167,Female,20.0,4,0.9813374805598755,1.0,0.5367483296213809,0.856,0.913,1.0,0.2,0.0,Yes,Yes,Middle,0.0,Yes,Salle 10,178.0,0.8097222222222222,0.24812474495774808,0.1976,0.9860656366780134,0,1,1,1,False,False,False,False,True,False
ENSPD003905,Female,20.0,2,0.6003110419906686,26.0,0.5022271714922049,0.5700000000000001,0.371,1.0,1.9,11.7,Yes,No,Middle,0.0,Yes,Salle 20,298.0,0.3222222222222222,0.3747861679460692,0.1486,0.5818364233587374,0,0,1,1,False,False,False,True,False,False
ENSPD000073,Male,22.0,2,0.7418351477449457,17.0,0.3752783964365256,0.648,0.795,0.0,0.1,5.9,Yes,No,Middle,1.0,Yes,Salle 30,119.0,0.5472222222222223,0.28719483918104494,0.0,1.0,1,0,1,1,False,False,False,False,False,False
ENSPD003943,Male,22.0,1,0.6531881804043546,22.0,0.5835189309576838,0.648,0.628,1.0,1.2,13.3,Yes,No,Middle,2.0,Yes,Salle 2,143.0,0.5305555555555556,0.2654468099400743,0.1554,0.900740336465212,1,0,1,1,True,False,False,False,False,False
ENSPD003913,Male,20.0,2,0.3965785381026439,39.0,0.688195991091314,0.904,0.8220000000000001,3.0,1.1,10.7,No,No,Middle,1.0,Yes,Salle 1,298.0,0.75,0.11153260750920987,0.3672,0.5818364233587374,1,0,1,0,False,False,False,True,False,False
ENSPD001695,Male,26.0,3,0.8833592534992224,8.0,0.6703786191536749,0.37,0.816,0.0,1.4,7.5,Yes,No,Middle,1.0,No,Salle 27,154.0,0.625,0.29502089018467803,0.0,0.7508690441401171,1,0,0,1,False,False,False,False,False,True
ENSPD000763,Male,23.0,3,0.6283048211508552,24.0,0.7416481069042317,0.5650000000000001,0.645,1.0,2.4,15.9,Yes,No,Middle,0.0,No,Salle 27,263.0,0.5875,0.2317027403663102,0.1522,0.5818364233587374,1,0,0,1,False,False,False,True,False,False
ENSPD001583,Female,20.0,3,0.8615863141524104,9.0,0.7204899777282852,0.506,0.667,1.0,0.9,9.2,No,No,Low,2.0,Yes,Salle 4,154.0,0.5986111111111111,0.3008008427516903,0.1822,0.7508690441401171,0,0,1,0,False,False,False,False,False,True
ENSPD004099,Male,22.0,2,0.7947122861586314,13.0,0.8530066815144766,0.766,0.307,2.0,0.5,12.3,Yes,No,Middle,1.0,Yes,Salle 14,231.0,0.49444444444444435,0.33405421595158624,0.3472,0.9860656366780134,1,0,1,1,False,False,False,False,True,False
ENSPD003772,Female,23.0,2,0.5878693623639192,26.0,0.48106904231625836,0.405,0.635,1.0,1.4,21.4,Yes,No,High,0.0,Yes,Salle 3,177.0,0.4625,0.2769767530703382,0.147,0.6476742668343078,0,0,1,1,False,False,True,False,False,False
ENSPD000859,Male,23.0,5,0.9533437013996889,3.0,0.46436525612472157,0.672,0.5650000000000001,0.0,0.5,8.4,Yes,Yes,Low,1.0,Yes,Salle 7,67.0,0.5319444444444444,0.366953405336814,0.0,0.9860656366780134,1,1,1,1,False,False,False,False,True,False
ENSPD001887,Male,22.0,3,0.5303265940902021,30.0,0.4855233853006682,0.716,0.5700000000000001,0.0,1.4,6.3,Yes,No,Low,2.0,Yes,Salle 25,263.0,0.5013888888888889,0.23666265376194154,0.0,0.5818364233587374,1,0,1,1,False,False,False,True,False,False
ENSPD004688,Male,21.0,1,0.6765163297045101,21.0,0.8106904231625836,0.6779999999999999,0.742,0.0,3.3,18.0,Yes,Yes,High,2.0,Yes,Salle 16,186.0,0.6486111111111111,0.22233072760922065,0.0,0.9860656366780134,1,1,1,1,False,False,False,False,True,False
ENSPD002758,Female,20.0,4,0.8258164852255053,11.0,0.643652561247216,0.807,0.318,1.0,4.4,24.5,Yes,Yes,Middle,0.0,Yes,Salle 29,157.0,0.5041666666666667,0.33934388989476205,0.1776,0.900740336465212,0,1,1,1,True,False,False,False,False,False
ENSPD000619,Female,20.0,4,0.7231726283048211,48.0,0.7683741648106904,0.798,0.8940000000000001,1.0,0.0,3.2,Yes,No,Middle,1.0,Yes,Salle 11,230.0,0.8166666666666667,0.17980621112438974,0.16440000000000002,0.5818364233587374,0,0,1,1,False,False,False,True,False,False
ENSPD000769,Male,21.0,1,0.8164852255054432,12.0,0.6982182628062361,0.877,0.693,1.0,1.1,6.3,Yes,No,Middle,1.0,Yes,Salle 14,186.0,0.6555555555555557,0.26133417875593856,0.1764,0.9860656366780134,1,0,1,1,False,False,False,False,True,False
ENSPD003362,Male,23.0,5,0.3965785381026439,39.0,0.4766146993318485,0.672,0.649,1.0,1.6,13.7,Yes,No,Middle,1.0,Yes,Salle 28,109.0,0.45972222222222214,0.20734926112330146,0.12240000000000001,0.5818364233587374,1,0,1,1,False,False,False,True,False,False
ENSPD004670,Female,23.0,1,0.6796267496111975,21.0,0.6336302895322939,0.755,0.36600000000000005,1.0,0.9,6.9,Yes,No,Middle,2.0,Yes,Salle 8,186.0,0.4805555555555555,0.30068528372352843,0.15880000000000002,0.9860656366780134,0,0,1,1,False,False,False,False,True,False
ENSPD002901,Male,26.0,4,0.8055987558320373,12.0,0.544543429844098,1.0,1.0,0.0,1.2,5.2,Yes,Yes,Middle,1.0,Yes,Salle 14,173.0,0.8569444444444445,0.18898300255835068,0.0,0.6476742668343078,1,1,1,1,False,False,True,False,False,False
ENSPD003824,Male,22.0,3,0.6298600311041992,24.0,0.623608017817372,0.5479999999999999,0.723,0.0,8.9,39.5,Yes,Yes,Middle,0.0,Yes,Salle 30,104.0,0.5680555555555554,0.2404726246654584,0.0,0.0,1,1,1,1,False,True,False,False,False,False
ENSPD004475,Female,22.0,5,0.583203732503888,27.0,0.5378619153674833,0.865,0.373,1.0,4.1,23.0,Yes,No,Middle,1.0,No,Salle 26,67.0,0.513888888888889,0.2493218858456541,0.1464,0.9860656366780134,0,0,0,1,False,False,False,False,True,False
ENSPD003849,Female,22.0,5,0.547433903576983,29.0,0.4576837416481069,0.783,0.8170000000000001,4.0,2.8,18.9,No,No,Middle,0.0,Yes,Salle 9,109.0,0.638888888888889,0.18701064688131527,0.5672,0.5818364233587374,0,0,1,0,False,False,False,True,False,False
ENSPD002781,Male,23.0,3,0.7262830482115087,18.0,0.8095768374164811,1.0,0.963,0.0,1.0,7.4,Yes,No,Low,0.0,Yes,Salle 13,212.0,1.0,0.13523549157559386,0.0,0.9860656366780134,1,0,1,1,False,False,False,False,True,False
ENSPD003564,Male,18.0,3,0.9999999999999999,0.0,0.6915367483296213,0.428,0.635,2.0,1.4,11.5,Yes,No,Middle,2.0,Yes,Salle 19,154.0,0.5777777777777777,0.35587496932495477,0.4,0.7508690441401171,1,0,1,1,False,False,False,False,False,True
ENSPD002646,Male,21.0,1,0.6360808709175737,23.0,0.7271714922048997,0.37700000000000006,0.658,0.0,1.1,10.4,No,No,Middle,1.0,No,Salle 11,83.0,0.5375,0.2563327724191503,0.0,0.0,1,0,0,0,False,True,False,False,False,False
ENSPD004046,Male,21.0,3,0.7060653188180402,19.0,0.4710467706013364,0.616,0.47500000000000003,1.0,2.5,22.6,No,No,Middle,1.0,Yes,Salle 20,185.0,0.3486111111111111,0.4001156287951174,0.16219999999999998,0.6476742668343078,1,0,1,0,False,False,True,False,False,False
ENSPD002269,Male,24.0,1,0.9999999999999999,0.0,0.655902004454343,0.48100000000000004,0.6940000000000001,2.0,0.9,22.2,Yes,No,High,1.0,No,Salle 1,186.0,0.5861111111111111,0.3512653243081004,0.4,0.9860656366780134,1,0,0,1,False,False,False,False,True,False
ENSPD004032,Male,21.0,3,0.7325038880248832,17.0,0.9320712694877507,0.469,0.652,1.0,2.9,11.5,Yes,No,Middle,0.0,No,Salle 15,154.0,0.6180555555555556,0.2516322665747618,0.1656,0.7508690441401171,1,0,0,1,False,False,False,False,False,True
ENSPD003020,Female,22.0,3,0.7744945567651632,14.0,0.5734966592427617,0.536,0.615,3.0,1.4,8.5,No,No,Low,0.0,Yes,Salle 4,263.0,0.38888888888888895,0.3971309161181533,0.513,0.5818364233587374,0,0,1,0,False,False,False,True,False,False
ENSPD001215,Female,22.0,1,0.8600311041990668,9.0,0.7505567928730512,0.938,0.511,0.0,0.7,8.4,Yes,No,High,1.0,Yes,Salle 5,143.0,0.7625,0.23279047388793386,0.0,0.900740336465212,0,0,1,1,True,False,False,False,False,False
ENSPD001343,Female,25.0,3,0.9999999999999999,0.0,0.2795100222717149,0.846,0.508,0.0,3.8,11.8,Yes,No,Middle,3.0,Yes,Salle 2,185.0,0.41666666666666674,0.4654320173501093,0.0,0.6476742668343078,0,0,1,1,False,False,True,False,False,False
ENSPD001858,Male,21.0,2,0.7620528771384137,15.0,0.534521158129176,0.341,0.7320000000000001,1.0,0.5,7.5,No,No,Middle,0.0,Yes,Salle 15,177.0,0.525,0.3055112151382079,0.16940000000000002,0.6476742668343078,1,0,1,0,False,False,True,False,False,False
ENSPD003171,Female,25.0,4,0.6982892690513217,19.0,0.6024498886414253,0.616,0.478,2.0,1.4,12.8,No,No,Middle,1.0,Yes,Salle 28,230.0,0.5708333333333333,0.2615485124978544,0.32239999999999996,0.5818364233587374,0,0,1,0,False,False,False,True,False,False
ENSPD003878,Female,22.0,5,0.9175738724727839,5.0,0.6002227171492205,0.595,0.556,2.0,1.2,1.5,Yes,No,Middle,1.0,Yes,Salle 30,70.0,0.5,0.3742551765270262,0.3788,0.6476742668343078,0,0,1,1,False,False,True,False,False,False
ENSPD004270,Female,23.0,4,0.505443234836703,32.0,0.5022271714922049,0.562,0.55,3.0,1.4,12.1,Yes,No,Low,0.0,No,Salle 25,157.0,0.33333333333333337,0.3238713439518991,0.40920000000000006,0.900740336465212,0,0,0,1,True,False,False,False,False,False
ENSPD003167,Female,17.0,3,0.5085536547433903,32.0,0.3218262806236081,0.877,1.0,1.0,2.1,5.7,Yes,No,Middle,1.0,No,Salle 19,263.0,0.638888888888889,0.175248056570282,0.1368,0.5818364233587374,0,0,0,1,False,False,False,True,False,False
ENSPD004531,Male,21.0,1,0.7667185069984447,15.0,0.9755011135857461,0.613,0.635,0.0,1.8,7.0,Yes,No,High,1.0,Yes,Salle 20,248.0,0.6972222222222222,0.23046749182717904,0.0,0.5818364233587374,1,0,1,1,False,False,False,True,False,False
ENSPD003479,Male,21.0,5,0.5894245723172628,26.0,0.7216035634743876,0.585,0.599,1.0,0.7,6.1,Yes,No,Low,1.0,No,Salle 14,40.0,0.5444444444444444,0.23745104092650057,0.1472,0.0,1,0,0,1,False,True,False,False,False,False
ENSPD002613,Male,21.0,1,0.5738724727838257,27.0,0.8808463251670379,0.5479999999999999,0.7909999999999999,1.0,1.5,13.3,Yes,No,Low,1.0,No,Salle 23,143.0,0.6875,0.17856423560005721,0.1452,0.900740336465212,1,0,0,1,True,False,False,False,False,False
ENSPD004468,Male,22.0,4,0.8040435458786938,13.0,0.5623608017817372,0.536,0.6890000000000001,1.0,7.5,29.3,Yes,No,Middle,1.0,Yes,Salle 9,70.0,0.42499999999999993,0.3823535802002497,0.1748,0.0,1,0,1,1,False,True,False,False,False,False
ENSPD003581,Male,22.0,1,0.7433903576982893,16.0,0.5423162583518931,0.72,0.935,1.0,0.4,1.1,Yes,No,Middle,0.0,Yes,Salle 4,248.0,0.6583333333333332,0.2385034696829514,0.167,0.5818364233587374,1,0,1,1,False,False,False,True,False,False
ENSPD003757,Male,23.0,4,0.7620528771384137,15.0,0.8752783964365256,0.868,0.741,1.0,0.9,11.5,Yes,No,Middle,1.0,Yes,Salle 15,230.0,0.7527777777777778,0.20972005020895443,0.16940000000000002,0.5818364233587374,1,0,1,1,False,False,False,True,False,False
ENSPD004193,Male,19.0,3,0.7200622083981337,18.0,0.4131403118040089,0.621,0.895,1.0,2.9,11.5,Yes,Yes,Middle,1.0,No,Salle 15,185.0,0.5944444444444444,0.25794262804389767,0.164,0.6476742668343078,1,1,0,1,False,False,True,False,False,False
ENSPD002321,Female,22.0,3,0.7029548989113531,19.0,0.6681514476614699,0.38,0.499,1.0,3.8,15.7,Yes,No,High,0.0,Yes,Salle 2,188.0,0.38888888888888895,0.36787882582452036,0.16180000000000003,0.900740336465212,0,0,1,1,True,False,False,False,False,False
ENSPD003366,Female,25.0,2,0.9284603421461898,5.0,0.6213808463251671,0.8250000000000001,0.474,2.0,0.3,5.8,No,No,Middle,0.0,No,Salle 2,119.0,0.4722222222222222,0.3964505426560716,0.38160000000000005,1.0,0,0,0,0,False,False,False,False,False,False
ENSPD004068,Female,24.0,1,0.5194401244167962,31.0,0.6113585746102449,0.6020000000000001,0.43100000000000005,0.0,0.3,6.2,Yes,No,Low,1.0,Yes,Salle 4,121.0,0.48749999999999993,0.2393269257800715,0.0,0.7508690441401171,0,0,1,1,False,False,False,False,False,True
ENSPD004693,Male,20.0,1,0.9782270606531881,1.0,0.49888641425389757,0.875,0.635,0.0,3.4,19.1,No,No,Middle,4.0,No,Salle 1,248.0,0.6833333333333333,0.2968355509401479,0.0,0.5818364233587374,1,0,0,0,False,False,False,True,False,False
ENSPD002116,Male,24.0,3,0.6065318818040436,25.0,0.6057906458797326,0.42100000000000004,0.28600000000000003,2.0,2.0,16.9,Yes,Yes,Middle,1.0,Yes,Salle 4,130.0,0.2583333333333333,0.43527666297843737,0.2988,1.0,1,1,1,1,False,False,False,False,False,False
ENSPD003897,Male,21.0,4,0.6796267496111975,21.0,0.49109131403118034,0.625,0.6990000000000001,0.0,0.9,10.0,No,No,Middle,1.0,No,Salle 2,178.0,0.5041666666666667,0.2879063802122971,0.0,0.9860656366780134,1,0,0,0,False,False,False,False,True,False
ENSPD001835,Female,23.0,4,0.6827371695178849,20.0,0.2750556792873051,0.284,0.41000000000000003,2.0,5.8,30.6,Yes,No,Low,1.0,Yes,Salle 8,230.0,0.22916666666666674,0.5062407595109241,0.31839999999999996,0.5818364233587374,0,0,1,1,False,False,False,True,False,False
ENSPD002699,Female,20.0,1,0.5194401244167962,31.0,0.7060133630289532,0.594,0.257,0.0,0.1,0.0,Yes,No,Middle,1.0,Yes,Salle 14,121.0,0.3763888888888889,0.30070319033662485,0.0,0.7508690441401171,0,0,1,1,False,False,False,False,False,True
ENSPD003550,Male,20.0,1,0.7682737169517885,15.0,0.9766146993318485,0.855,0.488,0.0,1.1,13.4,Yes,No,Middle,2.0,Yes,Salle 4,149.0,0.6847222222222222,0.2355971238125549,0.0,0.6476742668343078,1,0,1,1,False,False,True,False,False,False
ENSPD000744,Male,23.0,3,0.9129082426127527,6.0,1.0,0.36700000000000005,0.876,2.0,1.2,7.5,Yes,Yes,Middle,1.0,Yes,Salle 30,185.0,0.7124999999999999,0.2659813668414016,0.37760000000000005,0.6476742668343078,1,1,1,1,False,False,True,False,False,False
ENSPD002035,Female,25.0,1,0.8600311041990668,9.0,0.7516703786191538,0.529,0.51,0.0,1.4,7.0,No,No,Low,0.0,Yes,Salle 29,248.0,0.4847222222222223,0.36338146284904504,0.0,0.5818364233587374,0,0,1,0,False,False,False,True,False,False
ENSPD001458,Female,23.0,4,0.5769828926905131,27.0,0.5579064587973274,0.29,0.878,0.0,6.3,32.6,Yes,No,Low,1.0,Yes,Salle 24,173.0,0.49583333333333335,0.2558487501279677,0.0,0.6476742668343078,0,0,1,1,False,False,True,False,False,False
ENSPD002322,Female,23.0,2,0.884914463452566,7.0,0.5757238307349666,0.755,0.5479999999999999,2.0,0.6,5.3,No,Yes,Middle,1.0,No,Salle 13,185.0,0.5888888888888888,0.3130195436368508,0.3704,0.900740336465212,0,1,0,0,True,False,False,False,False,False
ENSPD000190,Male,22.0,2,0.749611197511664,16.0,0.5,0.45799999999999996,0.55,2.0,1.8,13.7,Yes,No,Middle,5.0,Yes,Salle 9,185.0,0.4263888888888888,0.36023015362828503,0.3356,0.900740336465212,1,0,1,1,True,False,False,False,False,False
ENSPD002809,Male,24.0,2,0.7231726283048211,8.0,0.7238307349665924,0.47000000000000003,0.682,2.0,0.2,3.3,No,No,High,2.0,Yes,Salle 10,298.0,0.5638888888888889,0.2729122119454618,0.32880000000000004,0.5818364233587374,1,0,1,0,False,False,False,True,False,False
ENSPD000036,Female,25.0,3,0.7698289269051323,15.0,0.846325167037862,0.413,1.0,2.0,0.1,4.3,No,Yes,High,0.0,Yes,Salle 5,154.0,0.7458333333333333,0.2141536322813645,0.3408,0.7508690441401171,0,1,1,0,False,False,False,False,False,True
ENSPD001251,Female,23.0,3,0.8538102643856921,9.0,0.5612472160356348,0.757,0.599,0.0,3.6,22.5,Yes,No,Low,3.0,No,Salle 11,263.0,0.576388888888889,0.3093481264061466,0.0,0.5818364233587374,0,0,0,1,False,False,False,True,False,False
ENSPD002512,Female,21.0,4,0.906687402799378,6.0,0.6113585746102449,0.281,0.718,2.0,0.4,7.4,Yes,Yes,Middle,0.0,Yes,Salle 15,70.0,0.5263888888888889,0.3543289603864985,0.376,0.0,0,1,1,1,False,True,False,False,False,False
ENSPD004962,Male,22.0,4,0.6469673405909798,23.0,0.979955456570156,0.7759999999999999,0.501,0.0,1.6,16.1,No,No,Middle,2.0,Yes,Salle 12,173.0,0.6180555555555556,0.2251812068521902,0.0,0.6476742668343078,1,0,1,0,False,False,True,False,False,False
ENSPD001831,Female,23.0,2,0.9999999999999999,0.0,0.5300668151447662,0.647,0.36600000000000005,1.0,0.1,0.0,Yes,No,High,2.0,Yes,Salle 22,298.0,0.4277777777777778,0.45636522744855634,0.2,0.5818364233587374,0,0,1,1,False,False,False,True,False,False
ENSPD003605,Male,22.0,5,0.5925349922239501,26.0,0.7360801781737194,0.663,0.8300000000000001,1.0,0.5,6.9,No,No,Middle,1.0,Yes,Salle 9,40.0,0.7111111111111112,0.176386375023618,0.1476,0.0,1,0,1,0,False,True,False,False,False,False
ENSPD002855,Male,25.0,3,0.9999999999999999,0.0,0.32516703786191536,0.9400000000000001,1.0,2.0,0.1,0.0,Yes,No,Middle,1.0,Yes,Salle 4,212.0,0.7652777777777777,0.2692454314810728,0.4,0.9860656366780134,1,0,1,1,False,False,False,False,True,False
ENSPD004980,Male,23.0,4,0.6936236391912908,20.0,0.6113585746102449,0.616,1.0,1.0,0.0,4.1,No,No,Middle,0.0,Yes,Salle 14,157.0,0.7916666666666667,0.1794180626291664,0.1606,0.900740336465212,1,0,1,0,True,False,False,False,False,False
ENSPD002487,Male,25.0,1,0.9999999999999999,0.0,0.46770601336302897,0.369,0.35700000000000004,0.0,3.5,27.4,Yes,Yes,Middle,1.0,Yes,Salle 17,186.0,0.2875,0.5950829767625146,0.0,0.9860656366780134,1,1,1,1,False,False,False,False,True,False
ENSPD002702,Female,21.0,5,0.9999999999999999,0.0,0.40423162583518935,0.521,0.7809999999999999,2.0,1.0,11.5,No,No,Middle,0.0,Yes,Salle 2,109.0,0.5527777777777778,0.3702307208652509,0.4,0.5818364233587374,0,0,1,0,False,False,False,True,False,False
ENSPD002305,Female,23.0,1,0.9999999999999999,0.0,0.42204899777282856,0.616,0.785,1.0,1.9,12.7,Yes,No,High,1.0,Yes,Salle 23,149.0,0.5194444444444445,0.39069832680280137,0.2,0.6476742668343078,0,0,1,1,False,False,True,False,False,False
ENSPD002498,Female,23.0,1,0.8864696734059098,7.0,0.2795100222717149,0.785,0.7270000000000001,1.0,0.3,0.0,Yes,Yes,High,1.0,Yes,Salle 24,248.0,0.5111111111111111,0.3564578067197075,0.1854,0.5818364233587374,0,1,1,1,False,False,False,True,False,False
ENSPD001636,Male,22.0,5,0.7387247278382582,17.0,0.6447661469933185,0.371,0.474,1.0,0.3,13.0,Yes,No,Middle,1.0,No,Salle 7,60.0,0.3930555555555556,0.3794228446650647,0.16640000000000002,0.7508690441401171,1,0,0,1,False,False,False,False,False,True
ENSPD002603,Female,22.0,2,0.9253499222395024,5.0,0.7238307349665924,0.76,0.8490000000000001,0.0,3.7,14.4,No,Yes,Low,1.0,Yes,Salle 11,185.0,0.7083333333333333,0.2711597781629378,0.0,0.900740336465212,0,1,1,0,True,False,False,False,False,False
ENSPD000733,Female,24.0,3,0.5598755832037324,28.0,0.8530066815144766,0.47700000000000004,0.688,1.0,3.5,18.0,Yes,No,Middle,0.0,Yes,Salle 14,130.0,0.5444444444444444,0.2275372886845771,0.1434,1.0,0,0,1,1,False,False,False,False,False,False
ENSPD002556,Female,24.0,5,0.7636080870917573,15.0,0.6826280623608018,0.821,0.46399999999999997,2.0,0.0,13.3,Yes,No,High,2.0,Yes,Salle 27,67.0,0.5569444444444444,0.2895990108097575,0.3392,0.9860656366780134,0,0,1,1,False,False,False,False,True,False
ENSPD001958,Male,24.0,4,0.7993779160186624,13.0,0.8585746102449888,0.61,0.537,1.0,3.5,13.3,Yes,No,Middle,4.0,Yes,Salle 29,121.0,0.5569444444444444,0.30142924050130804,0.1742,0.7508690441401171,1,0,1,1,False,False,False,False,False,True
ENSPD001751,Male,22.0,4,0.7122861586314152,18.0,0.6781737193763919,0.633,0.461,1.0,1.0,11.5,No,No,Low,1.0,No,Salle 28,230.0,0.4125,0.35503911596126847,0.163,0.5818364233587374,1,0,0,0,False,False,False,True,False,False
ENSPD000719,Male,25.0,3,0.7713841368584758,15.0,0.29175946547884185,0.616,0.466,0.0,0.5,12.4,No,No,Low,1.0,Yes,Salle 13,188.0,0.19305555555555554,0.6020137625131329,0.0,0.900740336465212,1,0,1,0,True,False,False,False,False,False
ENSPD000016,Male,22.0,2,0.5038880248833592,32.0,0.4198218262806236,0.58,0.217,0.0,2.0,7.7,Yes,No,Low,2.0,Yes,Salle 4,298.0,0.1958333333333333,0.4478625694877568,0.0,0.5818364233587374,1,0,1,1,False,False,False,True,False,False
ENSPD004904,Male,21.0,5,0.3079315707620528,44.0,0.39755011135857465,0.465,0.322,1.0,0.1,11.4,Yes,No,Middle,1.0,Yes,Salle 30,40.0,0.21944444444444444,0.31676101431021986,0.111,0.0,1,0,1,1,False,True,False,False,False,False
ENSPD004441,Female,22.0,2,0.8880248833592533,7.0,0.801781737193764,1.0,0.612,3.0,0.2,5.5,Yes,No,Middle,2.0,Yes,Salle 11,185.0,0.7930555555555554,0.22969523430137614,0.5568,0.900740336465212,0,0,1,1,True,False,False,False,False,False
ENSPD003428,Female,21.0,3,0.7200622083981337,18.0,0.34409799554565706,0.985,0.8470000000000001,2.0,0.0,4.3,Yes,No,Middle,0.0,Yes,Salle 14,104.0,0.7930555555555554,0.1859049993302294,0.328,0.0,0,0,1,1,False,True,False,False,False,False
ENSPD000779,Female,24.0,4,0.46189735614307936,35.0,0.5556792873051225,0.113,0.43200000000000005,1.0,5.8,34.3,Yes,No,Low,1.0,No,Salle 8,173.0,0.22916666666666674,0.38978342447728986,0.13080000000000003,0.6476742668343078,0,0,0,1,False,False,True,False,False,False
ENSPD000865,Male,21.0,2,0.9999999999999999,0.0,0.38752783964365256,0.42200000000000004,0.531,2.0,1.7,19.4,Yes,No,Low,1.0,Yes,Salle 20,185.0,0.29861111111111116,0.581809433582509,0.4,0.900740336465212,1,0,1,1,True,False,False,False,False,False
ENSPD001466,Male,24.0,3,0.9999999999999999,0.0,0.7371937639198219,0.27899999999999997,0.619,0.0,0.6,11.9,No,No,Middle,1.0,No,Salle 2,104.0,0.41388888888888886,0.46774148269432225,0.0,0.0,1,0,0,0,False,True,False,False,False,False
ENSPD002802,Female,19.0,5,0.541213063763608,30.0,0.6191536748329621,0.36700000000000005,0.5910000000000001,1.0,0.4,11.5,No,Yes,Middle,0.0,Yes,Salle 24,67.0,0.39861111111111114,0.2956969600511534,0.14100000000000001,0.9860656366780134,0,1,1,0,False,False,False,False,True,False
ENSPD004467,Male,21.0,1,0.7325038880248832,17.0,0.6113585746102449,0.745,0.48600000000000004,0.0,3.0,16.6,Yes,Yes,Middle,0.0,Yes,Salle 26,186.0,0.4,0.3718606336530623,0.0,0.9860656366780134,1,1,1,1,False,False,False,False,True,False
ENSPD004408,Male,25.0,3,0.7651632970451011,15.0,0.5690423162583519,0.24100000000000002,0.42,3.0,0.0,6.1,Yes,Yes,Middle,1.0,Yes,Salle 8,263.0,0.3013888888888888,0.4690686073072625,0.5094000000000001,0.5818364233587374,1,1,1,1,False,False,False,True,False,False
ENSPD001950,Male,23.0,2,0.7278382581648523,18.0,0.6792873051224945,0.626,0.596,2.0,0.1,3.8,Yes,No,Low,1.0,Yes,Salle 26,231.0,0.4930555555555556,0.31102240235448697,0.33,0.9860656366780134,1,0,1,1,False,False,False,False,True,False
ENSPD002398,Male,22.0,5,0.9999999999999999,0.0,0.6302895322939867,0.7690000000000001,0.736,1.0,4.1,31.0,Yes,No,High,0.0,Yes,Salle 14,109.0,0.6972222222222222,0.2970046517389616,0.2,0.5818364233587374,1,0,1,1,False,False,False,True,False,False
ENSPD002381,Female,21.0,2,0.6594090202177293,22.0,0.3608017817371938,0.44,0.635,2.0,0.8,7.2,No,Yes,Middle,0.0,Yes,Salle 3,119.0,0.3583333333333333,0.37237175546175316,0.3124,1.0,0,1,1,0,False,False,False,False,False,False
ENSPD001414,Male,24.0,2,0.9144634525660965,6.0,0.17817371937639198,0.324,0.653,2.0,4.0,11.5,No,No,High,1.0,Yes,Salle 14,177.0,0.2777777777777778,0.5656483670492942,0.378,0.6476742668343078,1,0,1,0,False,False,True,False,False,False
ENSPD004999,Female,25.0,1,0.8958009331259719,7.0,0.5278396436525613,0.7390000000000001,0.598,1.0,4.6,25.8,Yes,No,Low,1.0,No,Salle 28,121.0,0.4736111111111111,0.38357028933491055,0.1866,0.7508690441401171,0,0,0,1,False,False,False,False,False,True
ENSPD003956,Female,22.0,2,0.48367029548989116,33.0,0.6870824053452117,0.675,0.385,0.0,3.4,13.1,Yes,No,Low,2.0,No,Salle 23,185.0,0.46666666666666656,0.2363339923704125,0.0,0.900740336465212,0,0,0,1,True,False,False,False,False,False
ENSPD000151,Female,22.0,2,0.6842923794712287,20.0,0.688195991091314,0.706,0.459,1.0,5.9,25.7,Yes,No,Middle,1.0,No,Salle 3,71.0,0.5291666666666666,0.27674174147674935,0.15940000000000001,0.0,0,0,0,1,False,True,False,False,False,False
ENSPD000286,Male,23.0,5,0.8538102643856921,9.0,0.6469933184855233,0.5529999999999999,0.434,0.0,3.9,20.1,Yes,No,Low,1.0,Yes,Salle 27,109.0,0.39722222222222214,0.42288915807042593,0.0,0.5818364233587374,1,0,1,1,False,False,False,True,False,False
ENSPD000315,Female,20.0,4,0.9440124416796268,4.0,0.5846325167037862,0.72,0.551,3.0,1.4,6.3,No,No,High,1.0,Yes,Salle 16,157.0,0.5263888888888889,0.3671180337837603,0.5784000000000001,0.900740336465212,0,0,1,0,True,False,False,False,False,False
ENSPD001453,Female,19.0,5,0.7060653188180402,19.0,0.4922048997772829,1.0,0.8370000000000001,1.0,0.9,10.8,No,No,High,3.0,Yes,Salle 21,70.0,0.6902777777777778,0.21563521156178958,0.16219999999999998,0.6476742668343078,0,0,1,0,False,False,True,False,False,False
ENSPD001666,Female,21.0,4,0.8133748055987559,12.0,0.6113585746102449,0.616,0.438,0.0,4.8,27.7,No,Yes,Middle,0.0,No,Salle 1,230.0,0.4194444444444444,0.38997389948355665,0.0,0.5818364233587374,0,1,0,0,False,False,False,True,False,False
ENSPD003594,Male,20.0,4,0.8631415241057544,9.0,0.4966592427616926,0.534,0.527,1.0,2.1,14.4,Yes,No,High,0.0,No,Salle 30,230.0,0.3930555555555556,0.4299996964924353,0.1824,0.5818364233587374,1,0,0,1,False,False,False,True,False,False
ENSPD000833,Male,17.0,4,0.9999999999999999,0.0,0.4053452115812918,0.556,0.6900000000000001,2.0,0.3,5.5,No,No,Low,2.0,Yes,Salle 29,157.0,0.49444444444444435,0.4071455099589999,0.4,0.900740336465212,1,0,1,0,True,False,False,False,False,False
ENSPD002570,Female,24.0,2,0.7216174183514773,18.0,0.8006681514476615,0.56,0.608,4.0,7.1,34.3,No,No,Low,2.0,No,Salle 30,161.0,0.6513888888888888,0.23474763536006907,0.6567999999999999,0.7508690441401171,0,0,0,0,False,False,False,False,False,True
ENSPD000645,Male,24.0,3,0.5396578538102644,30.0,0.5801781737193764,0.728,1.0,1.0,2.6,22.5,No,Yes,Middle,0.0,Yes,Salle 6,154.0,0.7138888888888888,0.16068136885544423,0.1408,0.7508690441401171,1,1,1,0,False,False,False,False,False,True
ENSPD002650,Male,20.0,2,0.41213063763608093,38.0,0.6080178173719376,0.753,0.655,1.0,16.2,69.6,Yes,No,Middle,3.0,Yes,Salle 11,177.0,0.47916666666666674,0.20440459267717317,0.12440000000000001,0.6476742668343078,1,0,1,1,False,False,True,False,False,False
ENSPD002830,Male,22.0,4,0.5318818040435459,30.0,0.846325167037862,0.506,0.512,1.0,0.9,10.2,Yes,No,Middle,0.0,Yes,Salle 17,121.0,0.4833333333333333,0.24581385292928595,0.1398,0.7508690441401171,1,0,1,1,False,False,False,False,False,True
ENSPD001347,Male,21.0,3,0.5878693623639192,26.0,0.7037861915367484,0.529,0.79,0.0,0.8,7.0,Yes,No,Low,2.0,Yes,Salle 16,212.0,0.5972222222222222,0.214915346676649,0.0,0.9860656366780134,1,0,1,1,False,False,False,False,True,False
ENSPD001735,Male,22.0,4,0.8335925349922239,11.0,0.6792873051224945,0.647,0.74,1.0,0.6,17.3,No,No,High,1.0,Yes,Salle 18,178.0,0.5847222222222221,0.2986770738999506,0.1786,0.9860656366780134,1,0,1,0,False,False,False,False,True,False
ENSPD000076,Female,23.0,5,0.8304821150855365,11.0,1.0,0.855,0.8840000000000001,1.0,1.2,18.7,No,No,Middle,0.0,No,Salle 3,80.0,0.9027777777777777,0.18233442733950908,0.1782,0.900740336465212,0,0,0,0,True,False,False,False,False,False
ENSPD001159,Female,24.0,3,0.5894245723172628,26.0,0.34743875278396436,0.127,0.672,0.0,3.0,17.2,Yes,No,Middle,3.0,Yes,Salle 7,154.0,0.27361111111111114,0.41200893444887354,0.0,0.7508690441401171,0,0,1,1,False,False,False,False,False,True
ENSPD003377,Female,23.0,2,0.6858475894245722,20.0,0.5423162583518931,0.863,0.7690000000000001,2.0,0.3,0.0,Yes,Yes,High,5.0,No,Salle 9,298.0,0.6402777777777777,0.22834367642820555,0.3192,0.5818364233587374,0,1,0,1,False,False,False,True,False,False
ENSPD000268,Female,20.0,2,0.6640746500777605,22.0,0.39755011135857465,0.705,0.189,2.0,1.6,11.2,No,No,Low,0.0,Yes,Salle 19,185.0,0.2944444444444444,0.4283365659458973,0.31360000000000005,0.900740336465212,0,0,1,0,True,False,False,False,False,False
ENSPD000197,Female,24.0,4,0.7542768273716952,16.0,0.7037861915367484,0.568,0.635,0.0,3.5,14.7,Yes,No,Middle,1.0,No,Salle 27,157.0,0.5152777777777777,0.30805959062279864,0.0,0.900740336465212,0,0,0,1,True,False,False,False,False,False
ENSPD003607,Female,23.0,4,0.9999999999999999,0.0,0.6102449888641426,0.593,0.64,2.0,2.6,25.2,Yes,No,Middle,1.0,No,Salle 6,230.0,0.5402777777777777,0.37772067814036825,0.4,0.5818364233587374,0,0,0,1,False,False,False,True,False,False
ENSPD000115,Female,25.0,3,0.6236391912908242,24.0,0.5734966592427617,0.7590000000000001,0.903,0.0,0.2,5.6,No,No,Middle,3.0,Yes,Salle 13,185.0,0.7555555555555555,0.17145977988216463,0.0,0.6476742668343078,0,0,1,0,False,False,True,False,False,False
ENSPD003997,Male,25.0,1,0.6765163297045101,21.0,0.8953229398663696,0.742,0.604,3.0,1.0,8.9,No,No,Low,0.0,Yes,Salle 7,96.0,0.7,0.20378512652559863,0.47520000000000007,1.0,1,0,1,0,False,False,False,False,False,False
ENSPD004978,Male,24.0,2,0.6205287713841366,24.0,0.6113585746102449,0.451,0.635,1.0,1.4,9.8,Yes,No,Middle,1.0,No,Salle 23,185.0,0.5152777777777777,0.2616240841777092,0.1512,0.900740336465212,1,0,0,1,True,False,False,False,False,False
ENSPD002720,Male,21.0,2,0.6438569206842922,23.0,0.6403118040089087,0.593,0.626,0.0,1.4,20.3,No,Yes,Middle,1.0,Yes,Salle 18,298.0,0.4708333333333333,0.29305357807000443,0.0,0.5818364233587374,1,1,1,0,False,False,False,True,False,False
ENSPD003572,Male,21.0,1,0.5427682737169516,29.0,0.5935412026726058,0.783,0.636,0.0,0.6,11.5,No,No,Middle,3.0,No,Salle 11,96.0,0.5861111111111111,0.2048998531456798,0.0,1.0,1,0,0,0,False,False,False,False,False,False
ENSPD002465,Female,22.0,1,0.9999999999999999,0.0,0.6169265033407572,0.713,0.826,1.0,0.4,10.3,Yes,No,Middle,1.0,No,Salle 7,143.0,0.6861111111111111,0.30189259669741053,0.2,0.900740336465212,0,0,0,1,True,False,False,False,False,False
ENSPD003711,Male,22.0,4,0.7231726283048211,31.0,0.6325167037861915,0.5660000000000001,0.826,1.0,2.9,11.6,Yes,No,Low,0.0,Yes,Salle 14,230.0,0.6472222222222221,0.23685302287499746,0.16440000000000002,0.5818364233587374,1,0,1,1,False,False,False,True,False,False
ENSPD004131,Male,21.0,3,0.8631415241057544,9.0,0.6636971046770601,0.6920000000000001,0.674,0.0,3.8,22.7,Yes,No,Middle,1.0,Yes,Salle 30,104.0,0.6458333333333334,0.27944469345667045,0.0,0.0,1,0,1,1,False,True,False,False,False,False
ENSPD001771,Male,24.0,1,0.609642301710731,25.0,0.3930957683741648,0.663,0.813,1.0,2.6,18.0,Yes,No,Middle,2.0,Yes,Salle 7,248.0,0.5277777777777778,0.2518970852529149,0.14980000000000002,0.5818364233587374,1,0,1,1,False,False,False,True,False,False
ENSPD003826,Male,19.0,2,0.6314152410575428,24.0,0.5523385300668151,0.40299999999999997,0.912,4.0,3.7,21.7,Yes,No,Middle,0.0,Yes,Salle 30,119.0,0.5208333333333334,0.2626888580285687,0.6103999999999999,1.0,1,0,1,1,False,False,False,False,False,False
ENSPD002997,Male,21.0,5,0.948678071539658,3.0,0.42538975501113585,0.616,0.622,2.0,2.1,11.1,Yes,No,Low,1.0,Yes,Salle 20,60.0,0.4388888888888889,0.42795655529561827,0.38680000000000003,0.7508690441401171,1,0,1,1,False,False,False,False,False,True
ENSPD002715,Male,19.0,3,0.5069984447900465,32.0,1.0,0.909,0.613,2.0,0.3,8.0,Yes,No,Low,1.0,Yes,Salle 2,212.0,0.7819444444444443,0.13314301903559936,0.2732,0.9860656366780134,1,0,1,1,False,False,False,False,True,False
ENSPD001404,Female,25.0,5,0.8071539657853809,12.0,0.6213808463251671,0.865,0.762,1.0,0.9,10.9,Yes,No,Middle,0.0,No,Salle 4,60.0,0.7430555555555556,0.2252821643609251,0.1752,0.7508690441401171,0,0,0,1,False,False,False,False,False,True
ENSPD002631,Female,26.0,4,0.48367029548989116,33.0,0.7839643652561247,0.616,0.457,1.0,2.1,12.3,No,No,Low,1.0,No,Salle 13,70.0,0.5444444444444444,0.20197024342909012,0.1336,0.0,0,0,0,0,False,True,False,False,False,False
ENSPD004258,Male,22.0,4,0.6625194401244167,22.0,0.732739420935412,0.443,0.5910000000000001,2.0,3.6,23.2,No,No,Low,0.0,No,Salle 6,93.0,0.4916666666666667,0.28846759365835195,0.3132,1.0,1,0,0,0,False,False,False,False,False,False
ENSPD001217,Male,22.0,5,0.39813374805598745,39.0,0.6102449888641426,0.46799999999999997,0.711,2.0,2.3,13.9,No,No,Middle,2.0,Yes,Salle 20,67.0,0.5152777777777777,0.18441155601901396,0.2452,0.9860656366780134,1,0,1,0,False,False,False,False,True,False
ENSPD004207,Female,23.0,5,0.9922239502332816,0.0,0.7015590200445435,0.512,0.549,2.0,1.9,8.2,Yes,No,Low,1.0,Yes,Salle 24,70.0,0.47777777777777775,0.4158550924005381,0.398,0.6476742668343078,0,0,1,1,False,False,True,False,False,False
ENSPD003520,Male,22.0,3,0.9082426127527216,6.0,0.378619153674833,0.7909999999999999,1.0,1.0,4.1,22.1,Yes,Yes,Middle,2.0,No,Salle 10,212.0,0.7513888888888889,0.2497738870317003,0.1882,0.9860656366780134,1,1,0,1,False,False,False,False,True,False
ENSPD004147,Male,23.0,3,0.6609642301710731,22.0,0.6180400890868597,0.433,0.635,1.0,0.3,11.5,Yes,No,Middle,1.0,No,Salle 29,130.0,0.5055555555555555,0.28062190935924003,0.1564,1.0,1,0,0,1,False,False,False,False,False,False
ENSPD000796,Female,22.0,2,0.9999999999999999,0.0,0.7884187082405345,0.84,0.632,0.0,1.4,9.3,No,Yes,High,2.0,Yes,Salle 14,119.0,0.7013888888888888,0.295199030276718,0.0,1.0,0,1,1,0,False,False,False,False,False,False
ENSPD001290,Male,23.0,2,0.7387247278382582,17.0,0.6102449888641426,0.71,0.543,2.0,4.6,25.7,Yes,No,Middle,3.0,Yes,Salle 21,298.0,0.5486111111111112,0.28546445931788345,0.33280000000000004,0.5818364233587374,1,0,1,1,False,False,False,True,False,False
ENSPD004605,Female,22.0,2,0.5303265940902021,30.0,0.45657015590200445,0.9209999999999999,1.0,1.0,4.6,21.4,Yes,No,High,1.0,Yes,Salle 30,298.0,0.8277777777777777,0.12789312462316535,0.1396,0.5818364233587374,0,0,1,1,False,False,False,True,False,False
ENSPD001903,Female,23.0,1,0.864696734059098,9.0,0.7650334075723831,0.757,0.39299999999999996,1.0,0.2,0.0,Yes,No,Low,2.0,Yes,Salle 6,149.0,0.49444444444444435,0.35897170254502264,0.18259999999999998,0.6476742668343078,0,0,1,1,False,False,True,False,False,False
ENSPD000890,Male,20.0,1,0.6842923794712287,20.0,0.5211581291759466,0.7709999999999999,0.41200000000000003,1.0,0.6,1.4,No,No,Middle,0.0,Yes,Salle 20,149.0,0.3916666666666666,0.358275767298568,0.15940000000000001,0.6476742668343078,1,0,1,0,False,False,True,False,False,False
ENSPD001148,Female,21.0,2,0.8242612752721618,11.0,0.5634743875278396,0.621,0.696,0.0,4.6,32.1,Yes,No,Low,3.0,Yes,Salle 26,185.0,0.6097222222222222,0.2838214962786204,0.0,0.900740336465212,0,0,1,1,True,False,False,False,False,False
ENSPD004722,Male,25.0,5,0.7122861586314152,18.0,0.7683741648106904,0.335,1.0,1.0,6.8,31.0,No,No,Middle,3.0,Yes,Salle 12,60.0,0.6722222222222222,0.22403060888667417,0.163,0.7508690441401171,1,0,1,0,False,False,False,False,False,True
ENSPD001469,Female,21.0,4,0.8958009331259719,7.0,0.4799554565701559,0.217,0.6829999999999999,1.0,0.4,3.6,Yes,Yes,Low,3.0,Yes,Salle 18,178.0,0.39722222222222214,0.43985998638728074,0.1866,0.9860656366780134,0,1,1,1,False,False,False,False,True,False
ENSPD002319,Male,25.0,4,0.9999999999999999,0.0,0.5412026726057906,0.963,0.584,1.0,0.1,4.3,No,Yes,Middle,1.0,Yes,Salle 30,173.0,0.5888888888888888,0.34974751436067,0.2,0.6476742668343078,1,1,1,0,False,False,True,False,False,False
ENSPD003244,Female,23.0,4,0.8071539657853809,12.0,0.5590200445434298,0.616,0.399,0.0,2.1,10.2,Yes,No,High,1.0,Yes,Salle 11,230.0,0.3125,0.4775275345417177,0.0,0.5818364233587374,0,0,1,1,False,False,False,True,False,False
ENSPD000872,Male,20.0,2,0.4447900466562985,36.0,0.22494432071269488,0.639,0.501,2.0,2.0,21.6,No,No,Middle,2.0,Yes,Salle 10,185.0,0.2944444444444444,0.32494022637924735,0.2572,0.900740336465212,1,0,1,0,True,False,False,False,False,False
ENSPD001679,Male,21.0,3,0.8522550544323483,10.0,0.77728285077951,0.6559999999999999,0.6990000000000001,2.0,2.3,20.6,Yes,No,Low,3.0,Yes,Salle 25,104.0,0.6277777777777779,0.28420953862750165,0.362,0.0,1,0,1,1,False,True,False,False,False,False
ENSPD001055,Other,23.0,2,0.3390357698289269,42.0,0.8786191536748329,0.657,0.511,1.0,1.9,7.2,No,No,High,0.0,Yes,Salle 10,298.0,0.6027777777777776,0.13452476634246144,0.115,0.5818364233587374,2,0,1,0,False,False,False,True,False,False
ENSPD003274,Male,23.0,3,0.8242612752721618,11.0,0.5701559020044543,0.7320000000000001,0.766,1.0,0.3,10.8,Yes,No,Middle,0.0,Yes,Salle 25,154.0,0.6263888888888889,0.2762596014451958,0.1774,0.7508690441401171,1,0,1,1,False,False,False,False,False,True
ENSPD003447,Female,23.0,4,0.6951788491446346,20.0,0.5734966592427617,0.865,0.516,2.0,0.4,0.3,Yes,No,Middle,1.0,Yes,Salle 9,230.0,0.5097222222222222,0.2904405271855448,0.32160000000000005,0.5818364233587374,0,0,1,1,False,False,False,True,False,False
ENSPD002948,Male,22.0,4,0.8833592534992224,8.0,0.6347438752783965,0.851,0.6509999999999999,2.0,0.8,4.2,No,No,Middle,1.0,No,Salle 26,178.0,0.6263888888888889,0.29437433492864773,0.37,0.9860656366780134,1,0,0,0,False,False,False,False,True,False
ENSPD001037,Male,23.0,4,0.6174183514774495,25.0,0.566815144766147,0.873,0.539,0.0,0.4,9.0,Yes,No,Middle,1.0,Yes,Salle 22,230.0,0.6083333333333333,0.21983213445355473,0.0,0.5818364233587374,1,0,1,1,False,False,False,True,False,False
ENSPD004459,Male,22.0,4,0.4556765163297044,35.0,0.26280623608017817,0.773,0.88,2.0,0.3,10.8,Yes,No,Middle,0.0,Yes,Salle 23,230.0,0.5680555555555554,0.18358352706891604,0.26,0.5818364233587374,1,0,1,1,False,False,False,True,False,False
ENSPD002597,Male,21.0,3,0.8398133748055988,10.0,0.5478841870824054,0.383,0.79,2.0,1.4,13.7,Yes,No,High,1.0,Yes,Salle 11,154.0,0.5541666666666667,0.3162649172754253,0.3588,0.7508690441401171,1,0,1,1,False,False,False,False,False,True
ENSPD000750,Female,22.0,3,0.6469673405909798,23.0,0.7505567928730512,0.966,0.93,1.0,2.5,11.5,Yes,No,Middle,0.0,Yes,Salle 2,185.0,0.9277777777777778,0.13306793983614582,0.1546,0.6476742668343078,0,0,1,1,False,False,True,False,False,False
ENSPD003099,Male,24.0,5,0.6796267496111975,21.0,1.0,0.495,0.674,0.0,0.4,6.9,Yes,No,Middle,1.0,No,Salle 26,40.0,0.7388888888888889,0.1917969788139612,0.0,0.0,1,0,0,1,False,True,False,False,False,False
ENSPD000611,Male,24.0,1,0.8367029548989114,10.0,0.8240534521158129,0.489,0.785,0.0,1.4,17.5,Yes,No,Middle,1.0,Yes,Salle 30,248.0,0.6333333333333333,0.2769725785159174,0.0,0.5818364233587374,1,0,1,1,False,False,False,True,False,False
ENSPD000734,Male,20.0,1,0.9999999999999999,0.0,0.4922048997772829,0.813,0.705,1.0,6.8,38.9,Yes,No,Middle,0.0,Yes,Salle 26,149.0,0.6458333333333334,0.3205519933317481,0.2,0.6476742668343078,1,0,1,1,False,False,True,False,False,False
ENSPD004860,Female,20.0,4,0.7278382581648523,18.0,0.8262806236080179,0.484,0.9159999999999999,2.0,0.1,6.3,Yes,Yes,High,0.0,Yes,Salle 26,121.0,0.7388888888888889,0.20500803068771442,0.33,0.7508690441401171,0,1,1,1,False,False,False,False,False,True
ENSPD004413,Female,26.0,2,0.49455676516329705,32.0,0.3541202672605791,0.6459999999999999,0.515,0.0,0.7,11.0,Yes,No,High,3.0,No,Salle 15,177.0,0.3666666666666667,0.2965127486068295,0.0,0.6476742668343078,0,0,0,1,False,False,True,False,False,False
ENSPD002210,Female,20.0,2,0.7029548989113531,19.0,0.700445434298441,0.394,0.7759999999999999,0.0,1.4,11.5,Yes,No,High,1.0,Yes,Salle 26,177.0,0.6027777777777776,0.24892072508959143,0.0,0.6476742668343078,0,0,1,1,False,False,True,False,False,False
ENSPD002543,Male,23.0,4,0.8942457231726283,7.0,0.6347438752783965,0.907,0.47100000000000003,2.0,1.2,5.4,No,No,Low,2.0,Yes,Salle 22,93.0,0.5972222222222222,0.31180497513950456,0.3728,1.0,1,0,1,0,False,False,False,False,False,False
ENSPD002940,Male,22.0,5,0.8071539657853809,12.0,0.7951002227171492,0.604,0.635,2.0,2.3,12.8,Yes,Yes,Low,0.0,Yes,Salle 27,60.0,0.4986111111111111,0.33602175620074115,0.3504,0.7508690441401171,1,1,1,1,False,False,False,False,False,True
ENSPD002915,Male,22.0,3,0.7418351477449457,17.0,0.688195991091314,0.6609999999999999,0.635,1.0,1.0,8.4,Yes,No,Middle,1.0,Yes,Salle 22,104.0,0.47777777777777775,0.32484858728982413,0.1668,0.0,1,0,1,1,False,True,False,False,False,False
ENSPD004932,Male,21.0,3,0.7247278382581649,18.0,0.6113585746102449,0.599,0.718,1.0,4.4,16.3,Yes,No,High,1.0,Yes,Salle 18,212.0,0.5333333333333333,0.2884224989164068,0.1646,0.9860656366780134,1,0,1,1,False,False,False,False,True,False
ENSPD001405,Female,21.0,1,0.7931570762052876,13.0,0.4799554565701559,0.8190000000000001,0.389,1.0,1.4,11.4,Yes,No,Low,1.0,Yes,Salle 24,121.0,0.4097222222222222,0.3890691578859461,0.1734,0.7508690441401171,0,0,1,1,False,False,False,False,False,True
ENSPD001987,Female,24.0,3,0.5956454121306377,26.0,0.5367483296213809,0.6970000000000001,0.5670000000000001,2.0,0.1,9.1,Yes,No,Middle,1.0,Yes,Salle 12,104.0,0.5652777777777778,0.2304744259908342,0.296,0.0,0,0,1,1,False,True,False,False,False,False
ENSPD004021,Male,20.0,2,0.23483670295489878,49.0,0.8051224944320713,0.245,0.8390000000000001,2.0,2.0,8.7,No,Yes,Middle,3.0,Yes,Salle 25,231.0,0.5472222222222223,0.1176391693396461,0.2032,0.9860656366780134,1,1,1,0,False,False,False,False,True,False
ENSPD003937,Male,21.0,3,0.9362363919129083,4.0,0.6425389755011137,0.6459999999999999,0.908,1.0,0.2,9.6,Yes,No,Middle,1.0,No,Salle 8,130.0,0.7013888888888888,0.2770862370474495,0.19180000000000003,1.0,1,0,0,1,False,False,False,False,False,False
ENSPD001966,Female,17.0,5,0.7231726283048211,38.0,0.5133630289532294,0.725,0.516,2.0,0.1,7.1,No,No,Middle,0.0,Yes,Salle 8,70.0,0.4805555555555555,0.31645773655195064,0.32880000000000004,0.6476742668343078,0,0,1,0,False,False,True,False,False,False
ENSPD001808,Male,20.0,4,0.6080870917573872,25.0,0.5801781737193764,0.395,0.6659999999999999,1.0,0.2,8.7,No,No,Middle,0.0,Yes,Salle 25,230.0,0.43472222222222223,0.30028631660505223,0.1496,0.5818364233587374,1,0,1,0,False,False,False,True,False,False
ENSPD001519,Male,22.0,4,0.9160186625194401,5.0,0.46770601336302897,0.309,0.47200000000000003,2.0,1.2,17.9,Yes,Yes,High,2.0,Yes,Salle 13,121.0,0.28888888888888886,0.5534388023145332,0.37839999999999996,0.7508690441401171,1,1,1,1,False,False,False,False,False,True
ENSPD004024,Female,21.0,3,0.7060653188180402,19.0,0.5868596881959911,0.647,1.0,0.0,0.0,11.5,Yes,No,High,1.0,Yes,Salle 3,154.0,0.7611111111111111,0.1919521467506822,0.0,0.7508690441401171,0,0,1,1,False,False,False,False,False,True
ENSPD002076,Female,22.0,2,0.7713841368584758,15.0,0.7082405345211581,0.616,0.8170000000000001,1.0,2.2,14.8,Yes,No,Middle,1.0,No,Salle 28,177.0,0.8041666666666665,0.19587364265963667,0.1706,0.6476742668343078,0,0,0,1,False,False,True,False,False,False
ENSPD000294,Male,20.0,2,0.9704510108864696,2.0,0.5890868596881961,0.8890000000000001,0.499,1.0,0.9,11.9,No,No,Middle,0.0,Yes,Salle 15,119.0,0.5527777777777778,0.36041138529635897,0.19619999999999999,1.0,1,0,1,0,False,False,False,False,False,False
ENSPD003687,Female,19.0,3,0.838258164852255,10.0,0.8218262806236081,0.517,0.7220000000000001,2.0,0.4,0.7,Yes,No,Middle,2.0,Yes,Salle 12,185.0,0.6111111111111112,0.2875415835392021,0.3584,0.6476742668343078,0,0,1,1,False,False,True,False,False,False
ENSPD004876,Female,22.0,4,0.7231726283048211,33.0,0.6113585746102449,0.268,0.54,1.0,3.3,11.5,No,No,Middle,1.0,Yes,Salle 26,230.0,0.27222222222222214,0.4787360225470494,0.16440000000000002,0.5818364233587374,0,0,1,0,False,False,False,True,False,False
ENSPD004283,Male,24.0,2,0.975116640746501,2.0,0.7293986636971047,0.92,0.663,0.0,3.4,18.1,Yes,No,Middle,1.0,No,Salle 29,231.0,0.7402777777777778,0.27221977942562303,0.0,0.9860656366780134,1,0,0,1,False,False,False,False,True,False
ENSPD003875,Male,21.0,3,0.6702954898911352,21.0,0.28841870824053456,0.542,0.6070000000000001,0.0,1.4,17.6,Yes,No,Middle,0.0,No,Salle 23,154.0,0.3652777777777778,0.371734137366346,0.0,0.7508690441401171,1,0,0,1,False,False,False,False,False,True
ENSPD003073,Male,21.0,5,0.8538102643856921,9.0,0.33184855233853006,0.904,0.46799999999999997,0.0,1.4,11.5,Yes,No,Low,1.0,Yes,Salle 11,70.0,0.43194444444444435,0.3966706742980466,0.0,0.6476742668343078,1,0,1,1,False,False,True,False,False,False
ENSPD001387,Female,23.0,4,0.9999999999999999,0.0,0.6525612472160356,0.672,0.33299999999999996,1.0,1.0,7.0,No,Yes,Middle,0.0,Yes,Salle 13,173.0,0.4527777777777777,0.4369155005539078,0.2,0.6476742668343078,0,1,1,0,False,False,True,False,False,False
ENSPD004428,Male,22.0,3,0.7744945567651632,14.0,0.378619153674833,0.846,0.149,1.0,1.1,3.7,Yes,No,High,1.0,Yes,Salle 28,263.0,0.2861111111111111,0.48899012449247314,0.171,0.5818364233587374,1,0,1,1,False,False,False,True,False,False
ENSPD004500,Male,25.0,1,0.8242612752721618,11.0,0.6703786191536749,0.6,0.872,0.0,1.4,9.2,Yes,No,High,0.0,No,Salle 9,121.0,0.6458333333333334,0.26776648326488706,0.0,0.7508690441401171,1,0,0,1,False,False,False,False,False,True
ENSPD002369,Male,22.0,3,0.43079315707620525,37.0,0.5167037861915368,0.6900000000000001,0.544,2.0,1.0,5.9,No,No,High,1.0,No,Salle 9,185.0,0.39861111111111114,0.25115595355222764,0.2536,0.6476742668343078,1,0,0,0,False,False,True,False,False,False
ENSPD003226,Female,22.0,2,0.7060653188180402,19.0,0.544543429844098,0.735,0.768,2.0,1.4,12.8,Yes,Yes,Middle,1.0,No,Salle 28,185.0,0.6180555555555556,0.2434564844786942,0.32439999999999997,0.900740336465212,0,1,0,1,True,False,False,False,False,False
ENSPD003133,Female,23.0,3,0.38724727838258166,39.0,0.7371937639198219,0.524,0.374,0.0,0.7,5.4,No,No,Low,0.0,Yes,Salle 11,212.0,0.4291666666666667,0.2181308369104871,0.0,0.9860656366780134,0,0,1,0,False,False,False,False,True,False
ENSPD000479,Female,25.0,3,0.8678071539657853,8.0,0.2594654788418708,0.684,0.443,0.0,0.2,11.8,No,Yes,Middle,1.0,Yes,Salle 28,263.0,0.4194444444444444,0.4113139687833409,0.0,0.5818364233587374,0,1,1,0,False,False,False,True,False,False
ENSPD001813,Male,22.0,2,0.6329704510108866,24.0,0.7505567928730512,1.0,1.0,2.0,2.3,20.4,No,No,Middle,1.0,Yes,Salle 1,185.0,0.9152777777777776,0.13260385713384729,0.30560000000000004,0.900740336465212,1,0,1,0,True,False,False,False,False,False
ENSPD002071,Female,22.0,2,0.7138413685847588,18.0,0.40757238307349664,0.6970000000000001,0.7000000000000001,2.0,0.7,4.0,No,No,Low,2.0,No,Salle 4,231.0,0.5347222222222222,0.284023603776399,0.32639999999999997,0.9860656366780134,0,0,0,0,False,False,False,False,True,False
ENSPD001185,Male,21.0,3,0.6920684292379472,20.0,0.8452115812917594,1.0,0.991,2.0,0.1,0.0,Yes,No,High,1.0,Yes,Salle 14,188.0,0.9388888888888889,0.14100286520182279,0.32080000000000003,0.900740336465212,1,0,1,1,True,False,False,False,False,False
ENSPD002659,Male,19.0,4,0.9377916018662519,4.0,0.8051224944320713,0.747,0.67,0.0,2.4,11.5,Yes,No,Middle,1.0,Yes,Salle 8,230.0,0.726388888888889,0.2674169149134432,0.0,0.5818364233587374,1,0,1,1,False,False,False,True,False,False
ENSPD001339,Male,21.0,3,0.7465007776049767,16.0,0.5423162583518931,0.358,0.71,2.0,1.7,4.0,No,No,Middle,1.0,No,Salle 26,212.0,0.45000000000000007,0.34356309053032275,0.33480000000000004,0.9860656366780134,1,0,0,0,False,False,False,False,True,False
ENSPD002368,Male,22.0,2,0.6220839813374807,24.0,0.6046770601336303,0.802,0.6559999999999999,0.0,0.4,10.2,No,No,Middle,2.0,Yes,Salle 9,119.0,0.6472222222222221,0.2065331768665448,0.0,1.0,1,0,1,0,False,False,False,False,False,False
ENSPD002661,Male,24.0,1,0.8164852255054432,12.0,0.8129175946547884,0.75,0.9,1.0,3.0,16.0,Yes,No,Low,1.0,Yes,Salle 26,186.0,0.825,0.20108589021740905,0.1764,0.9860656366780134,1,0,1,1,False,False,False,False,True,False
ENSPD000482,Female,24.0,4,0.7760497667185068,14.0,0.6113585746102449,0.899,0.449,1.0,2.8,16.9,Yes,No,Middle,0.0,No,Salle 9,70.0,0.5736111111111111,0.28552242736905087,0.1712,0.0,0,0,0,1,False,True,False,False,False,False
ENSPD001863,Male,24.0,2,0.5940902021772939,26.0,0.7048997772828508,0.19100000000000003,0.89,1.0,5.8,28.1,No,No,High,3.0,No,Salle 26,177.0,0.49444444444444435,0.26262408771706836,0.14780000000000001,0.6476742668343078,1,0,0,0,False,False,True,False,False,False
ENSPD003154,Male,19.0,1,0.7760497667185068,14.0,0.6826280623608018,0.738,0.622,0.0,0.6,4.0,No,Yes,Middle,5.0,Yes,Salle 8,149.0,0.6486111111111111,0.2521414057464981,0.0,0.6476742668343078,1,1,1,0,False,False,True,False,False,False
ENSPD003978,Male,23.0,1,0.7418351477449457,17.0,0.6069042316258353,0.461,0.41100000000000003,1.0,0.9,6.4,No,No,Middle,1.0,Yes,Salle 5,186.0,0.37916666666666665,0.3911281288496937,0.1668,0.9860656366780134,1,0,1,0,False,False,False,False,True,False
ENSPD001298,Male,24.0,1,0.6998444790046657,19.0,0.5712694877505569,0.501,0.523,2.0,1.4,1.1,Yes,No,High,1.0,No,Salle 22,143.0,0.4722222222222222,0.31277657758441335,0.32280000000000003,0.900740336465212,1,0,0,1,True,False,False,False,False,False
ENSPD002614,Female,19.0,4,0.6780715396578537,21.0,0.7260579064587974,0.269,0.761,1.0,1.2,11.5,Yes,No,Middle,1.0,Yes,Salle 4,230.0,0.43194444444444435,0.3289146908366197,0.1586,0.5818364233587374,0,0,1,1,False,False,False,True,False,False
ENSPD003517,Male,21.0,1,0.567651632970451,28.0,0.6258351893095769,0.7090000000000001,0.49,0.0,4.2,28.7,Yes,No,Low,3.0,Yes,Salle 29,248.0,0.5263888888888889,0.2381615436947039,0.0,0.5818364233587374,1,0,1,1,False,False,False,True,False,False
ENSPD004892,Male,24.0,4,0.5707620528771385,28.0,0.41536748329621387,0.317,0.49600000000000005,2.0,0.2,11.0,No,Yes,Middle,0.0,Yes,Salle 2,173.0,0.18333333333333335,0.5010226053487797,0.2896,0.6476742668343078,1,1,1,0,False,False,True,False,False,False
ENSPD004059,Female,22.0,3,0.505443234836703,32.0,0.7193763919821826,0.789,0.648,0.0,1.5,12.9,Yes,No,Middle,1.0,Yes,Salle 29,154.0,0.6402777777777777,0.1738440141110826,0.0,0.7508690441401171,0,0,1,1,False,False,False,False,False,True
ENSPD003575,Female,26.0,2,0.5956454121306377,26.0,0.4198218262806236,0.675,0.79,0.0,1.9,9.2,Yes,No,Middle,2.0,Yes,Salle 21,177.0,0.5652777777777778,0.2304744259908342,0.0,0.6476742668343078,0,0,1,1,False,False,True,False,False,False
ENSPD001660,Male,22.0,1,0.5816485225505442,27.0,0.8006681514476615,0.419,0.635,3.0,0.7,8.0,Yes,No,Middle,3.0,Yes,Salle 10,149.0,0.6180555555555556,0.20498221579131728,0.4386,0.6476742668343078,1,0,1,1,False,False,True,False,False,False
ENSPD001386,Male,22.0,1,0.6485225505443236,23.0,0.5167037861915368,0.773,0.8620000000000001,1.0,1.1,9.8,Yes,No,Middle,2.0,Yes,Salle 22,96.0,0.7222222222222223,0.18853728480680262,0.15480000000000002,1.0,1,0,1,1,False,False,False,False,False,False
ENSPD003207,Female,25.0,5,0.9766718506998445,2.0,0.5623608017817372,0.88,0.635,1.0,1.0,9.6,Yes,No,Low,2.0,Yes,Salle 26,60.0,0.5930555555555557,0.3400771061331185,0.197,0.7508690441401171,0,0,1,1,False,False,False,False,False,True
ENSPD003705,Female,18.0,1,0.9782270606531881,1.0,0.522271714922049,0.757,0.665,0.0,0.2,8.8,Yes,No,Low,4.0,Yes,Salle 4,186.0,0.6555555555555557,0.309432479982622,0.0,0.9860656366780134,0,0,1,1,False,False,False,False,True,False
ENSPD000428,Female,22.0,1,0.8460342146189735,10.0,0.6748329621380846,0.6559999999999999,0.798,1.0,1.4,8.2,No,No,Middle,2.0,Yes,Salle 9,248.0,0.6972222222222222,0.2530901261971851,0.1802,0.5818364233587374,0,0,1,0,False,False,False,True,False,False
ENSPD001369,Male,21.0,2,0.8926905132192845,7.0,0.7216035634743876,0.8270000000000001,0.509,1.0,4.1,21.4,No,Yes,Low,0.0,No,Salle 22,185.0,0.6513888888888888,0.2858385555390731,0.1862,0.900740336465212,1,1,0,0,True,False,False,False,False,False
ENSPD001351,Female,19.0,4,0.9828926905132193,1.0,0.8140311804008908,0.758,0.8109999999999999,2.0,0.4,8.3,No,No,Middle,2.0,No,Salle 13,157.0,0.7694444444444444,0.2631017432640874,0.3956,0.900740336465212,0,0,0,0,True,False,False,False,False,False
ENSPD000053,Female,18.0,1,0.44012441679626746,36.0,0.6113585746102449,0.418,0.268,1.0,1.1,8.2,No,No,Middle,0.0,Yes,Salle 12,121.0,0.20833333333333337,0.398912107758306,0.128,0.7508690441401171,0,0,1,0,False,False,False,False,False,True
ENSPD003391,Male,27.0,2,0.4463452566096423,36.0,0.6280623608017817,0.5,0.941,0.0,0.9,8.6,No,No,Middle,0.0,Yes,Salle 25,185.0,0.5916666666666666,0.17208466820080473,0.0,0.900740336465212,1,0,1,0,True,False,False,False,False,False
ENSPD003726,Female,21.0,1,0.7309486780715396,17.0,0.47438752783964366,0.893,1.0,1.0,1.7,10.2,Yes,Yes,Middle,2.0,No,Salle 5,149.0,0.8527777777777776,0.17169982256986752,0.16540000000000002,0.6476742668343078,0,1,0,1,False,False,True,False,False,False
ENSPD002308,Female,24.0,4,0.5552099533437015,29.0,0.6113585746102449,0.599,0.8079999999999999,1.0,1.2,12.9,Yes,No,High,1.0,No,Salle 26,70.0,0.6458333333333334,0.1869532687377458,0.1428,0.0,0,0,0,1,False,True,False,False,False,False
ENSPD002146,Female,19.0,1,0.7511664074650078,16.0,0.47438752783964366,0.7070000000000001,0.762,2.0,1.2,16.6,No,No,Middle,1.0,Yes,Salle 3,121.0,0.5777777777777777,0.2754827479386278,0.336,0.7508690441401171,0,0,1,0,False,False,False,False,False,True
ENSPD002945,Female,19.0,1,0.942457231726283,4.0,0.7416481069042317,0.88,0.516,3.0,4.3,21.7,Yes,No,Middle,0.0,Yes,Salle 10,83.0,0.6652777777777776,0.29441054280141776,0.5778,0.0,0,0,1,1,False,True,False,False,False,False
ENSPD000378,Male,21.0,1,0.500777604976672,32.0,0.9354120267260579,0.5,0.47500000000000003,0.0,1.5,7.3,Yes,No,Low,0.0,Yes,Salle 29,248.0,0.4902777777777778,0.23132886006596912,0.0,0.5818364233587374,1,0,1,1,False,False,False,True,False,False
ENSPD002343,Male,21.0,1,0.8460342146189735,10.0,0.5824053452115813,0.757,0.062000000000000006,2.0,1.0,5.8,No,No,Middle,1.0,Yes,Salle 30,149.0,0.2416666666666667,0.5759733602063929,0.3604,0.6476742668343078,1,0,1,0,False,False,True,False,False,False
ENSPD002545,Male,22.0,2,0.9999999999999999,0.0,0.5367483296213809,0.5479999999999999,0.89,1.0,4.7,24.8,Yes,No,Middle,2.0,No,Salle 3,119.0,0.6152777777777778,0.3357769169558623,0.2,1.0,1,0,0,1,False,False,False,False,False,False
ENSPD004701,Male,24.0,3,0.7231726283048211,24.0,0.5779510022271716,0.251,0.757,1.0,1.4,11.1,Yes,No,Middle,1.0,Yes,Salle 21,263.0,0.4708333333333333,0.32213416122550276,0.16440000000000002,0.5818364233587374,1,0,1,1,False,False,False,True,False,False
ENSPD001940,Male,25.0,2,0.41213063763608093,38.0,0.6369710467706015,0.434,0.838,1.0,0.4,10.3,Yes,No,Middle,0.0,Yes,Salle 23,231.0,0.5694444444444444,0.1688691380003133,0.12440000000000001,0.9860656366780134,1,0,1,1,False,False,False,False,True,False
ENSPD003544,Male,21.0,4,0.926905132192846,5.0,0.8184855233853007,0.9550000000000001,0.647,1.0,1.1,11.6,Yes,No,Middle,3.0,Yes,Salle 2,230.0,0.7722222222222221,0.24718734934185457,0.1906,0.5818364233587374,1,0,1,1,False,False,False,True,False,False
ENSPD002212,Female,20.0,2,0.6345256609642301,24.0,0.49109131403118034,0.72,0.635,4.0,1.5,8.1,Yes,No,Middle,1.0,Yes,Salle 15,231.0,0.5097222222222222,0.2692419442011167,0.612,0.9860656366780134,0,0,1,1,False,False,False,False,True,False
ENSPD000730,Male,19.0,1,0.7511664074650078,16.0,0.8062360801781737,0.604,0.8,3.0,1.4,31.5,Yes,No,Low,0.0,Yes,Salle 20,186.0,0.734722222222222,0.21281168477130571,0.504,0.9860656366780134,1,0,1,1,False,False,False,False,True,False
ENSPD000776,Male,24.0,2,0.7947122861586314,13.0,0.5478841870824054,0.7809999999999999,0.465,2.0,1.1,12.4,No,No,Middle,1.0,Yes,Salle 10,161.0,0.4569444444444445,0.35718616729680286,0.3472,0.7508690441401171,1,0,1,0,False,False,False,False,False,True
ENSPD004649,Female,25.0,5,0.9999999999999999,0.0,0.556792873051225,0.334,0.63,4.0,0.4,0.7,No,No,High,0.0,Yes,Salle 24,60.0,0.4569444444444445,0.4337952234903555,0.8,0.7508690441401171,0,0,1,0,False,False,False,False,False,True
ENSPD000116,Female,23.0,3,0.9999999999999999,0.0,0.5924276169265034,0.621,0.605,0.0,0.9,11.0,No,No,Middle,0.0,Yes,Salle 8,104.0,0.5499999999999999,0.37187660319936156,0.0,0.0,0,0,1,0,False,True,False,False,False,False
ENSPD001098,Male,23.0,3,0.8444790046656298,10.0,0.6113585746102449,0.455,0.513,1.0,5.2,25.3,Yes,No,Low,1.0,Yes,Salle 1,212.0,0.41527777777777775,0.4052684764123834,0.18,0.9860656366780134,1,0,1,1,False,False,False,False,True,False
ENSPD001547,Female,21.0,3,0.5707620528771385,28.0,0.4610244988864143,0.71,0.831,0.0,0.8,9.7,No,Yes,Low,0.0,Yes,Salle 18,188.0,0.6069444444444445,0.20577944917443483,0.0,0.900740336465212,0,1,1,0,True,False,False,False,False,False
ENSPD000433,Female,24.0,3,0.6749611197511663,21.0,1.0,0.682,0.373,1.0,0.7,9.9,Yes,No,Middle,1.0,No,Salle 20,212.0,0.6222222222222222,0.23215961903168894,0.15819999999999998,0.9860656366780134,0,0,0,1,False,False,False,False,True,False
ENSPD003273,Female,22.0,2,0.5800933125972006,27.0,0.4331848552338531,0.647,0.8620000000000001,2.0,10.8,49.8,Yes,No,Middle,1.0,Yes,Salle 13,177.0,0.5611111111111111,0.22713365144126044,0.292,0.6476742668343078,0,0,1,1,False,False,True,False,False,False
ENSPD004034,Other,23.0,4,0.6765163297045101,21.0,0.8518930957683742,0.528,0.6920000000000001,1.0,1.4,10.6,No,Yes,Middle,1.0,Yes,Salle 22,93.0,0.5791666666666667,0.25075192060663387,0.1584,1.0,2,1,1,0,False,False,False,False,False,False
ENSPD002553,Female,20.0,4,0.7060653188180402,19.0,0.6113585746102449,0.48,0.512,3.0,1.4,9.8,Yes,No,Low,2.0,No,Salle 9,173.0,0.3416666666666667,0.4058341636148247,0.4866,0.6476742668343078,0,0,0,1,False,False,True,False,False,False
ENSPD002825,Male,26.0,2,0.7231726283048211,7.0,0.6792873051224945,0.787,0.37200000000000005,3.0,1.1,14.0,Yes,No,Low,2.0,Yes,Salle 25,185.0,0.4222222222222223,0.35274025653178764,0.4932000000000001,0.900740336465212,1,0,1,1,True,False,False,False,False,False
ENSPD000346,Male,22.0,4,0.7231726283048211,14.0,0.5022271714922049,0.7540000000000001,0.5700000000000001,0.0,0.9,1.2,No,No,Middle,1.0,Yes,Salle 14,177.0,0.45972222222222214,0.3287943458409598,0.0,0.7508690441401171,1,0,1,0,False,False,False,False,False,True
ENSPD002669,Female,23.0,2,0.9409020217729395,4.0,0.5278396436525613,0.42,0.21100000000000002,0.0,7.2,30.9,No,No,High,3.0,Yes,Salle 10,298.0,0.21805555555555556,0.6586063660223997,0.0,0.5818364233587374,0,0,1,0,False,False,False,True,False,False
ENSPD004183,Female,21.0,2,0.6780715396578537,21.0,0.6291759465478842,0.876,0.542,3.0,0.1,0.0,Yes,No,Middle,1.0,Yes,Salle 11,185.0,0.5972222222222222,0.24344122713779429,0.47579999999999995,0.900740336465212,0,0,1,1,True,False,False,False,False,False
ENSPD000938,Female,24.0,4,0.8600311041990668,9.0,0.5746102449888641,0.7190000000000001,0.35000000000000003,1.0,0.8,6.4,Yes,Yes,Low,2.0,Yes,Salle 18,121.0,0.5055555555555555,0.3505469546705573,0.182,0.7508690441401171,0,1,1,1,False,False,False,False,False,True
ENSPD002911,Male,22.0,2,0.7231726283048211,18.0,0.7104677060133631,0.6709999999999999,0.317,1.0,0.4,9.7,Yes,No,Middle,1.0,Yes,Salle 4,298.0,0.4736111111111111,0.32049817346366793,0.16440000000000002,0.5818364233587374,1,0,1,1,False,False,False,True,False,False
ENSPD003149,Female,21.0,1,0.687402799377916,20.0,0.7828507795100222,0.609,0.317,1.0,5.1,22.4,Yes,No,Middle,1.0,Yes,Salle 1,121.0,0.34305555555555556,0.3965242007562124,0.15980000000000003,0.7508690441401171,0,0,1,1,False,False,False,False,False,True
ENSPD000897,Male,25.0,3,0.6143079315707621,25.0,0.7260579064587974,0.251,0.635,1.0,2.5,10.9,Yes,No,High,1.0,No,Salle 1,263.0,0.2305555555555555,0.4686058110883482,0.1504,0.5818364233587374,1,0,0,1,False,False,False,True,False,False
ENSPD002147,Male,23.0,2,0.8833592534992224,8.0,0.3741648106904231,0.533,0.41100000000000003,1.0,1.0,8.4,No,No,Low,1.0,Yes,Salle 4,231.0,0.25,0.58441711174276,0.185,0.9860656366780134,1,0,1,0,False,False,False,False,True,False
ENSPD004302,Female,25.0,3,0.5847589424572316,27.0,0.566815144766147,0.454,0.885,1.0,5.2,26.4,No,No,High,2.0,No,Salle 21,130.0,0.5319444444444444,0.2414827174364971,0.1466,1.0,0,0,0,0,False,False,False,False,False,False
ENSPD002724,Male,20.0,1,0.41835147744945567,37.0,0.35523385300668153,0.583,1.0,0.0,0.3,4.4,No,No,Middle,1.0,Yes,Salle 2,186.0,0.5416666666666667,0.1811058968597364,0.0,0.9860656366780134,1,0,1,0,False,False,False,False,True,False
ENSPD003407,Female,20.0,4,0.7527216174183514,16.0,0.5434298440979956,0.399,0.23800000000000002,0.0,0.3,9.0,No,No,High,2.0,Yes,Salle 18,70.0,0.175,0.6182836175683919,0.0,0.0,0,0,1,0,False,True,False,False,False,False
ENSPD004348,Male,18.0,2,0.4774494556765164,34.0,0.6336302895322939,0.615,0.395,1.0,3.1,18.5,Yes,No,Middle,3.0,No,Salle 11,298.0,0.3833333333333333,0.27899593321483573,0.1328,0.5818364233587374,1,0,0,1,False,False,False,True,False,False
ENSPD000400,Female,22.0,2,0.884914463452566,7.0,0.4543429844097996,0.968,0.658,0.0,1.8,7.6,Yes,No,High,0.0,Yes,Salle 1,161.0,0.7124999999999999,0.25811479897989964,0.0,0.7508690441401171,0,0,1,1,False,False,False,False,False,True
ENSPD000519,Other,24.0,4,0.9906687402799378,1.0,0.5412026726057906,0.637,0.794,2.0,4.8,11.5,Yes,No,Middle,1.0,Yes,Salle 9,230.0,0.6611111111111111,0.3105351250212165,0.3976,0.5818364233587374,2,0,1,1,False,False,False,True,False,False
ENSPD002128,Male,21.0,2,0.7169517884914464,18.0,0.8173719376391981,0.5579999999999999,0.8520000000000001,0.0,0.9,9.4,No,No,Low,1.0,Yes,Salle 11,298.0,0.7055555555555555,0.2133308766611635,0.0,0.5818364233587374,1,0,1,0,False,False,False,True,False,False
ENSPD001128,Male,23.0,2,0.7542768273716952,16.0,0.6002227171492205,0.616,0.789,2.0,2.5,10.0,Yes,No,Middle,1.0,No,Salle 12,231.0,0.6347222222222223,0.2513125793716169,0.33680000000000004,0.9860656366780134,1,0,0,1,False,False,False,False,True,False
ENSPD003345,Male,24.0,3,0.7791601866251944,14.0,0.8285077951002227,0.664,0.397,0.0,0.2,9.0,Yes,Yes,Low,1.0,No,Salle 14,263.0,0.6361111111111111,0.25828580699295345,0.0,0.5818364233587374,1,1,0,1,False,False,False,True,False,False
ENSPD001535,Male,22.0,3,0.6998444790046657,19.0,0.4164810690423163,1.0,0.519,1.0,2.8,11.5,Yes,No,Low,1.0,No,Salle 10,130.0,0.6138888888888889,0.2432602597437362,0.16140000000000002,1.0,1,0,0,1,False,False,False,False,False,False
ENSPD002040,Male,25.0,3,0.7729393468118196,15.0,0.6403118040089087,0.524,0.594,2.0,1.4,6.4,Yes,No,Middle,1.0,Yes,Salle 27,212.0,0.5097222222222222,0.3176181976784014,0.3416,0.9860656366780134,1,0,1,1,False,False,False,False,True,False
ENSPD002882,Female,23.0,1,0.5458786936236392,29.0,0.700445434298441,0.606,0.8470000000000001,3.0,2.6,17.6,No,No,Low,2.0,Yes,Salle 9,121.0,0.6555555555555557,0.180862020934372,0.42479999999999996,0.7508690441401171,0,0,1,0,False,False,False,False,False,True
ENSPD003015,Female,22.0,3,0.8833592534992224,8.0,0.34075723830734966,0.8470000000000001,0.708,1.0,0.5,13.2,No,No,Low,4.0,No,Salle 19,188.0,0.513888888888889,0.35370490761580686,0.185,0.900740336465212,0,0,0,0,True,False,False,False,False,False
ENSPD000628,Female,22.0,2,0.7620528771384137,15.0,0.6726057906458797,0.542,0.6940000000000001,1.0,0.1,7.4,No,No,Middle,1.0,Yes,Salle 4,119.0,0.5347222222222222,0.3003821828960015,0.16940000000000002,1.0,0,0,1,0,False,False,False,False,False,False
ENSPD001989,Male,20.0,2,0.6780715396578537,21.0,0.5824053452115813,0.546,0.461,1.0,2.5,16.2,No,No,Middle,1.0,Yes,Salle 16,231.0,0.36249999999999993,0.3771389310726976,0.1586,0.9860656366780134,1,0,1,0,False,False,False,False,True,False
ENSPD004929,Female,24.0,4,0.5334370139968895,30.0,0.6525612472160356,0.498,0.778,1.0,1.7,12.5,Yes,No,Middle,0.0,Yes,Salle 5,178.0,0.6041666666666667,0.1951206600713953,0.14,0.9860656366780134,0,0,1,1,False,False,False,False,True,False
ENSPD000694,Male,17.0,5,0.6220839813374807,24.0,0.7204899777282852,0.9620000000000001,0.36100000000000004,1.0,0.8,0.8,No,No,Middle,0.0,Yes,Salle 18,80.0,0.5180555555555555,0.260812824063579,0.1514,0.900740336465212,1,0,1,0,True,False,False,False,False,False
ENSPD000795,Male,20.0,1,0.6469673405909798,23.0,0.5434298440979956,0.654,0.7959999999999999,1.0,0.2,0.0,Yes,No,Middle,7.0,Yes,Salle 26,149.0,0.5375,0.2600147101571544,0.1546,0.6476742668343078,1,0,1,1,False,False,True,False,False,False
ENSPD001444,Male,22.0,2,0.9206842923794712,5.0,0.799554565701559,0.41600000000000004,0.5720000000000001,2.0,1.0,6.3,Yes,No,Low,1.0,No,Salle 13,177.0,0.5347222222222222,0.3542071851605,0.37960000000000005,0.6476742668343078,1,0,0,1,False,False,True,False,False,False
ENSPD001021,Female,22.0,4,0.8786936236391912,8.0,0.7761692650334077,0.395,0.805,1.0,2.4,15.7,No,No,Middle,1.0,Yes,Salle 17,178.0,0.5930555555555557,0.3089510434023768,0.1844,0.9860656366780134,0,0,1,0,False,False,False,False,True,False
ENSPD001834,Female,19.0,2,0.7931570762052876,13.0,0.6982182628062361,0.85,0.41100000000000003,2.0,2.7,15.0,No,No,Low,0.0,Yes,Salle 27,298.0,0.5402777777777777,0.30798916484053396,0.3468,0.5818364233587374,0,0,1,0,False,False,False,True,False,False
ENSPD004362,Female,22.0,3,0.9704510108864696,2.0,0.46325167037861914,0.423,0.5479999999999999,1.0,0.6,11.7,No,No,Middle,0.0,No,Salle 12,130.0,0.35,0.5133456899521811,0.19619999999999999,1.0,0,0,0,0,False,False,False,False,False,False
ENSPD001814,Male,20.0,4,0.7791601866251944,14.0,0.6447661469933185,0.643,0.33299999999999996,1.0,1.4,11.8,Yes,No,Middle,2.0,No,Salle 18,70.0,0.35,0.4306031631143751,0.1716,0.0,1,0,0,1,False,True,False,False,False,False
ENSPD004233,Male,21.0,2,0.7760497667185068,14.0,0.8273942093541203,0.693,0.518,2.0,0.4,2.9,Yes,No,Low,1.0,Yes,Salle 20,231.0,0.5652777777777778,0.289579692853441,0.3424,0.9860656366780134,1,0,1,1,False,False,False,False,True,False
ENSPD004587,Male,24.0,2,0.5085536547433903,32.0,0.7561247216035635,0.538,0.6990000000000001,2.0,0.1,7.8,No,No,Middle,0.0,No,Salle 23,298.0,0.6569444444444444,0.16931370546617816,0.2736,0.5818364233587374,1,0,0,0,False,False,False,True,False,False
ENSPD004422,Female,21.0,5,0.416796267496112,38.0,0.4610244988864143,0.7690000000000001,0.47200000000000003,2.0,1.3,12.9,No,No,Middle,2.0,No,Salle 17,80.0,0.4458333333333333,0.22140334151823413,0.25,0.900740336465212,0,0,0,0,True,False,False,False,False,False
ENSPD004539,Male,21.0,2,0.28149300155520984,46.0,0.6804008908685969,0.8790000000000001,0.838,2.0,2.6,18.7,Yes,Yes,Middle,0.0,No,Salle 22,298.0,0.7847222222222223,0.07320604015515009,0.2152,0.5818364233587374,1,1,0,1,False,False,False,True,False,False
ENSPD000345,Male,21.0,3,0.7231726283048211,18.0,0.7171492204899776,0.47000000000000003,0.907,1.0,1.3,11.5,Yes,No,Middle,0.0,Yes,Salle 20,188.0,0.7277777777777776,0.20743648264114564,0.16440000000000002,0.900740336465212,1,0,1,1,True,False,False,False,False,False
ENSPD001499,Male,21.0,4,0.5396578538102644,30.0,0.6603563474387528,0.465,0.488,5.0,1.4,11.5,Yes,No,Middle,1.0,No,Salle 17,230.0,0.4208333333333333,0.2818615186426161,0.704,0.5818364233587374,1,0,0,1,False,False,False,True,False,False
ENSPD002980,Female,21.0,4,0.7480559875583203,16.0,0.5211581291759466,0.594,0.5650000000000001,2.0,1.9,14.3,Yes,Yes,Middle,1.0,Yes,Salle 6,157.0,0.5083333333333333,0.30968304492886456,0.3352,0.900740336465212,0,1,1,1,True,False,False,False,False,False
ENSPD000983,Male,23.0,4,0.4230171073094867,37.0,0.7082405345211581,0.7120000000000001,0.278,0.0,1.0,6.7,Yes,No,Middle,1.0,Yes,Salle 24,121.0,0.39861111111111114,0.2480192629537117,0.0,0.7508690441401171,1,0,1,1,False,False,False,False,False,True
ENSPD002438,Male,22.0,3,0.5163297045101088,31.0,0.3452115812917595,0.325,0.324,2.0,1.4,9.5,No,No,Middle,1.0,Yes,Salle 27,185.0,0.22499999999999998,0.42279021472059786,0.2756,0.6476742668343078,1,0,1,0,False,False,True,False,False,False
ENSPD002710,Male,21.0,3,0.9999999999999999,0.0,0.734966592427617,0.9470000000000001,0.44200000000000006,2.0,0.6,5.6,Yes,No,Low,3.0,No,Salle 26,154.0,0.6152777777777778,0.3357769169558623,0.4,0.7508690441401171,1,0,0,1,False,False,False,False,False,True
ENSPD003013,Male,20.0,3,0.8367029548989114,10.0,0.532293986636971,0.545,0.775,1.0,2.9,15.0,No,No,Low,0.0,Yes,Salle 12,212.0,0.6111111111111112,0.28705707684514103,0.179,0.9860656366780134,1,0,1,0,False,False,False,False,True,False
ENSPD000958,Male,23.0,2,0.20528771384136846,51.0,0.6113585746102449,0.821,0.872,1.0,0.6,7.2,No,No,Middle,1.0,Yes,Salle 17,231.0,0.5333333333333333,0.11188588041397365,0.0978,0.9860656366780134,1,0,1,0,False,False,False,False,True,False
ENSPD000277,Female,23.0,3,0.7418351477449457,17.0,0.5523385300668151,0.914,0.48,1.0,1.4,4.5,Yes,No,Low,1.0,Yes,Salle 1,263.0,0.6083333333333333,0.25870837305229677,0.1668,0.5818364233587374,0,0,1,1,False,False,False,True,False,False
ENSPD004221,Male,24.0,5,0.7620528771384137,15.0,0.7783964365256124,0.354,0.41500000000000004,1.0,1.2,13.8,No,No,Low,3.0,Yes,Salle 16,109.0,0.3277777777777777,0.44268307340457813,0.16940000000000002,0.5818364233587374,1,0,1,0,False,False,False,True,False,False
ENSPD001097,Male,25.0,3,0.7309486780715396,17.0,0.5946547884187082,0.655,0.948,0.0,0.4,11.5,Yes,No,Middle,0.0,No,Salle 11,130.0,0.6749999999999999,0.2284398680439704,0.0,1.0,1,0,0,1,False,False,False,False,False,False
ENSPD001951,Male,19.0,3,0.47900466562986,34.0,0.3307349665924276,0.29600000000000004,0.6970000000000001,1.0,2.8,16.8,No,No,Low,1.0,Yes,Salle 4,263.0,0.2847222222222222,0.34888430446057195,0.133,0.5818364233587374,1,0,1,0,False,False,False,True,False,False
ENSPD004562,Male,21.0,3,0.3810264385692068,40.0,0.6258351893095769,0.395,0.36600000000000005,0.0,4.2,25.6,No,No,Middle,0.0,Yes,Salle 14,263.0,0.33333333333333337,0.2686868561757715,0.0,0.5818364233587374,1,0,1,0,False,False,False,True,False,False
ENSPD004881,Male,23.0,4,0.8133748055987559,12.0,0.4922048997772829,0.392,0.5760000000000001,1.0,5.6,23.5,Yes,No,High,1.0,No,Salle 10,178.0,0.3388888888888889,0.4553518651641152,0.176,0.9860656366780134,1,0,0,1,False,False,False,False,True,False
ENSPD003830,Male,22.0,1,0.8413685847589424,10.0,0.489977728285078,0.802,0.789,1.0,2.7,19.6,No,No,Middle,0.0,Yes,Salle 2,121.0,0.6319444444444444,0.27901088190689904,0.1796,0.7508690441401171,1,0,1,0,False,False,False,False,False,True
ENSPD001625,Male,24.0,2,0.6423017107309487,23.0,0.6158129175946548,0.603,0.802,0.0,3.0,22.1,Yes,No,Middle,1.0,Yes,Salle 23,177.0,0.6083333333333333,0.2276073821733031,0.0,0.6476742668343078,1,0,1,1,False,False,True,False,False,False
ENSPD000086,Male,21.0,1,0.6702954898911352,21.0,0.923162583518931,0.705,0.903,3.0,2.3,16.6,No,Yes,Low,1.0,No,Salle 2,143.0,0.7166666666666666,0.19642323890309524,0.47279999999999994,0.900740336465212,1,1,0,0,True,False,False,False,False,False
ENSPD003307,Male,18.0,3,0.5396578538102644,30.0,0.6547884187082406,0.233,0.546,1.0,1.4,13.1,Yes,No,High,1.0,Yes,Salle 29,188.0,0.31944444444444453,0.3495584068201315,0.1408,0.900740336465212,1,0,1,1,True,False,False,False,False,False
ENSPD003725,Male,20.0,2,0.5552099533437015,29.0,0.8608017817371938,0.6459999999999999,0.778,1.0,3.9,27.6,Yes,No,Middle,1.0,No,Salle 10,298.0,0.6819444444444445,0.1749591185847781,0.1428,0.5818364233587374,1,0,0,1,False,False,False,True,False,False
ENSPD003040,Male,25.0,4,0.6174183514774495,25.0,0.6102449888641426,0.531,0.635,1.0,1.4,1.7,No,No,Middle,1.0,Yes,Salle 26,93.0,0.5388888888888889,0.2493812062031515,0.15080000000000002,1.0,1,0,1,0,False,False,False,False,False,False
ENSPD003624,Female,19.0,3,0.4758942457231726,34.0,0.6848552338530067,0.8170000000000001,0.43,3.0,0.4,6.6,Yes,Yes,Middle,1.0,No,Salle 14,104.0,0.5083333333333333,0.21440213159714708,0.3978,0.0,0,1,0,1,False,True,False,False,False,False
ENSPD002078,Male,24.0,1,0.48055987558320357,33.0,0.6113585746102449,0.6729999999999999,0.611,0.0,0.3,0.0,No,Yes,Middle,0.0,Yes,Salle 30,248.0,0.47916666666666674,0.22923283111565787,0.0,0.5818364233587374,1,1,1,0,False,False,False,True,False,False
ENSPD003005,Male,18.0,1,0.6889580093312596,20.0,0.5579064587973274,0.616,0.611,3.0,0.4,11.5,Yes,No,Middle,1.0,No,Salle 11,149.0,0.6652777777777776,0.2197678906581322,0.48,0.6476742668343078,1,0,0,1,False,False,True,False,False,False
ENSPD004156,Male,24.0,3,0.7776049766718508,14.0,0.5824053452115813,0.672,0.608,1.0,4.8,18.3,Yes,No,Middle,6.0,Yes,Salle 20,185.0,0.4652777777777778,0.3455388157261846,0.1714,0.6476742668343078,1,0,1,1,False,False,True,False,False,False
ENSPD004941,Male,24.0,5,0.7682737169517885,15.0,0.6547884187082406,0.478,0.733,1.0,1.4,16.8,Yes,No,Low,1.0,Yes,Salle 1,60.0,0.6152777777777778,0.26390627059284,0.1702,0.7508690441401171,1,0,1,1,False,False,False,False,False,True
ENSPD003474,Female,18.0,4,0.29237947122861585,46.0,0.27282850779510026,0.667,0.589,1.0,0.7,9.3,Yes,No,Middle,2.0,Yes,Salle 5,121.0,0.4458333333333333,0.17430193276843278,0.109,0.7508690441401171,0,0,1,1,False,False,False,False,False,True
ENSPD000271,Female,24.0,3,0.884914463452566,7.0,0.5089086859688196,0.513,0.264,2.0,3.5,11.5,Yes,No,Middle,2.0,Yes,Salle 30,212.0,0.29999999999999993,0.5264033336384588,0.3704,0.9860656366780134,0,0,1,1,False,False,False,False,True,False
ENSPD002750,Female,21.0,2,0.9999999999999999,0.0,0.3418708240534521,0.23199999999999998,0.505,2.0,1.4,16.1,Yes,Yes,Middle,2.0,No,Salle 12,298.0,0.17361111111111116,0.7654360664965861,0.4,0.5818364233587374,0,1,0,1,False,False,False,True,False,False
ENSPD001192,Female,23.0,3,0.9611197511664075,2.0,0.5534521158129176,0.7140000000000001,0.7759999999999999,1.0,2.8,23.1,No,No,Middle,2.0,No,Salle 21,185.0,0.5833333333333334,0.3403082244637925,0.195,0.6476742668343078,0,0,0,0,False,False,True,False,False,False
ENSPD001913,Other,19.0,1,0.5085536547433903,32.0,0.5857461024498887,0.669,0.28,0.0,2.3,11.7,Yes,Yes,Low,0.0,Yes,Salle 19,143.0,0.3833333333333333,0.2918143774182822,0.0,0.900740336465212,2,1,1,1,True,False,False,False,False,False
ENSPD000798,Male,23.0,2,0.7589424572317262,16.0,0.8730512249443206,0.619,0.731,1.0,6.2,33.0,No,No,Low,2.0,No,Salle 16,119.0,0.7375,0.21400325281445146,0.169,1.0,1,0,0,0,False,False,False,False,False,False
ENSPD002778,Male,24.0,3,0.7029548989113531,19.0,0.5089086859688196,0.538,0.807,1.0,0.6,16.5,Yes,No,Middle,0.0,Yes,Salle 1,154.0,0.5208333333333334,0.2873627800848404,0.16180000000000003,0.7508690441401171,1,0,1,1,False,False,False,False,False,True
ENSPD001857,Female,23.0,3,0.6998444790046657,19.0,0.579064587973274,0.679,1.0,0.0,0.3,11.5,No,Yes,Low,1.0,Yes,Salle 3,212.0,0.7527777777777778,0.19289377089143175,0.0,0.9860656366780134,0,1,1,0,False,False,False,False,True,False
ENSPD003089,Female,19.0,3,0.6827371695178849,20.0,0.6113585746102449,0.529,0.626,2.0,4.1,29.9,Yes,No,Middle,0.0,Yes,Salle 8,188.0,0.5,0.29120811187986795,0.31839999999999996,0.900740336465212,0,0,1,1,True,False,False,False,False,False
ENSPD002047,Male,23.0,2,0.3701399688958009,40.0,0.7683741648106904,0.414,0.757,2.0,1.0,14.0,Yes,No,Middle,3.0,No,Salle 26,161.0,0.5319444444444444,0.1684238358742872,0.23800000000000002,0.7508690441401171,1,0,0,1,False,False,False,False,False,True
ENSPD001431,Male,20.0,3,0.8398133748055988,10.0,0.7873051224944322,0.561,0.618,1.0,1.4,13.0,Yes,Yes,Middle,0.0,Yes,Salle 28,263.0,0.623611111111111,0.28228244564179317,0.1794,0.5818364233587374,1,1,1,1,False,False,False,True,False,False
ENSPD002189,Female,23.0,3,0.5645412130637636,28.0,0.9097995545657016,0.462,0.65,0.0,3.6,19.4,No,No,High,1.0,No,Salle 12,185.0,0.5708333333333333,0.2180016840759932,0.0,0.6476742668343078,0,0,0,0,False,False,True,False,False,False
ENSPD004959,Male,22.0,2,0.9611197511664075,2.0,0.4933184855233853,0.858,0.545,1.0,0.6,3.9,Yes,No,Middle,0.0,Yes,Salle 26,231.0,0.6138888888888889,0.3244158498874766,0.195,0.9860656366780134,1,0,1,1,False,False,False,False,True,False
ENSPD002151,Male,22.0,2,0.7651632970451011,15.0,0.3797327394209354,0.6509999999999999,0.46799999999999997,2.0,0.6,7.7,Yes,No,Middle,2.0,No,Salle 13,231.0,0.39583333333333337,0.38809403598322234,0.3396,0.9860656366780134,1,0,0,1,False,False,False,False,True,False
ENSPD003245,Female,18.0,2,0.8553654743390359,9.0,0.49888641425389757,0.525,0.633,1.0,0.4,11.5,Yes,No,Middle,0.0,Yes,Salle 26,71.0,0.4805555555555555,0.36433839692394676,0.1814,0.0,0,0,1,1,False,True,False,False,False,False
ENSPD002145,Male,21.0,3,0.6485225505443236,23.0,0.5300668151447662,0.6890000000000001,0.5860000000000001,1.0,1.6,11.8,Yes,No,Low,0.0,Yes,Salle 14,185.0,0.5097222222222222,0.2741339248898308,0.15480000000000002,0.6476742668343078,1,0,1,1,False,False,True,False,False,False
ENSPD004777,Male,23.0,3,0.5505443234836701,29.0,0.5467706013363028,0.462,0.373,0.0,5.0,18.3,No,No,High,1.0,Yes,Salle 15,185.0,0.2847222222222222,0.38315677523471836,0.0,0.6476742668343078,1,0,1,0,False,False,True,False,False,False
ENSPD003341,Female,26.0,1,0.906687402799378,6.0,0.9398663697104677,0.467,0.7640000000000001,0.0,0.6,6.7,No,No,Middle,1.0,No,Salle 4,186.0,0.6930555555555555,0.2721010031439066,0.0,0.9860656366780134,0,0,0,0,False,False,False,False,True,False
ENSPD001581,Male,24.0,4,0.7231726283048211,33.0,0.8329621380846325,0.455,0.5760000000000001,2.0,4.2,16.9,Yes,No,Middle,1.0,No,Salle 3,230.0,0.5277777777777778,0.290733621261263,0.32880000000000004,0.5818364233587374,1,0,0,1,False,False,False,True,False,False
ENSPD001883,Female,21.0,1,0.947122861586314,3.0,0.6826280623608018,0.55,0.401,1.0,0.6,10.0,No,Yes,Middle,0.0,Yes,Salle 4,149.0,0.3652777777777778,0.48881443965525007,0.19319999999999998,0.6476742668343078,0,1,1,0,False,False,True,False,False,False
ENSPD003054,Male,21.0,3,0.3639191290824261,41.0,0.8296213808463252,0.627,0.61,0.0,1.0,6.2,Yes,No,Low,0.0,No,Salle 4,154.0,0.6486111111111111,0.1287065665843334,0.0,0.7508690441401171,1,0,0,1,False,False,False,False,False,True
ENSPD004582,Male,20.0,4,0.7387247278382582,17.0,0.4832962138084633,0.449,0.636,2.0,1.4,14.1,Yes,No,Low,1.0,No,Salle 28,178.0,0.41666666666666674,0.36261460082624,0.33280000000000004,0.9860656366780134,1,0,0,1,False,False,False,False,True,False
ENSPD001503,Male,24.0,1,0.8475894245723173,10.0,0.6837416481069042,0.6759999999999999,0.561,1.0,1.1,6.8,Yes,No,Middle,1.0,Yes,Salle 14,83.0,0.5347222222222222,0.32940546843078,0.1804,0.0,1,0,1,1,False,True,False,False,False,False
ENSPD001595,Female,20.0,2,0.7465007776049767,16.0,0.7951002227171492,0.73,0.513,2.0,5.3,25.3,Yes,No,Middle,1.0,Yes,Salle 21,231.0,0.6055555555555555,0.26138402417175477,0.33480000000000004,0.9860656366780134,0,0,1,1,False,False,False,False,True,False
ENSPD003810,Male,23.0,1,0.7402799377916017,17.0,0.6113585746102449,0.473,0.7759999999999999,0.0,9.7,41.0,Yes,No,Low,1.0,Yes,Salle 3,83.0,0.625,0.2510998609779401,0.0,0.0,1,0,1,1,False,True,False,False,False,False
ENSPD003184,Male,18.0,1,0.5318818040435459,30.0,0.4198218262806236,0.873,0.782,1.0,1.3,9.4,Yes,Yes,Middle,2.0,Yes,Salle 9,149.0,0.5972222222222222,0.19720962776973125,0.1398,0.6476742668343078,1,1,1,1,False,False,True,False,False,False
ENSPD003803,Female,22.0,3,0.6174183514774495,25.0,0.7895322939866369,0.706,0.269,1.0,6.0,31.5,Yes,Yes,Middle,1.0,Yes,Salle 26,263.0,0.38194444444444453,0.3376320983061898,0.15080000000000002,0.5818364233587374,0,1,1,1,False,False,False,True,False,False
ENSPD001631,Female,21.0,1,0.5847589424572316,27.0,0.9443207126948776,0.624,0.613,0.0,3.9,11.5,No,No,Middle,1.0,Yes,Salle 3,143.0,0.6402777777777777,0.19780507254361082,0.0,0.900740336465212,0,0,1,0,True,False,False,False,False,False
ENSPD004356,Female,23.0,1,0.5427682737169516,29.0,0.5824053452115813,0.723,0.893,3.0,2.1,12.3,Yes,No,Middle,0.0,Yes,Salle 6,143.0,0.7180555555555557,0.16032009219357776,0.4236,0.900740336465212,0,0,1,1,True,False,False,False,False,False
ENSPD000493,Male,21.0,3,0.8304821150855365,11.0,0.4476614699331849,0.605,0.272,1.0,0.6,6.7,Yes,No,Middle,1.0,Yes,Salle 9,212.0,0.2694444444444445,0.5344079217017604,0.1782,0.9860656366780134,1,0,1,1,False,False,False,False,True,False
ENSPD002917,Female,21.0,5,0.7340590979782272,17.0,0.3763919821826281,0.766,0.639,3.0,2.1,10.5,No,No,Middle,2.0,No,Salle 24,70.0,0.5388888888888889,0.2887669111642994,0.49740000000000006,0.6476742668343078,0,0,0,0,False,False,True,False,False,False
ENSPD003115,Male,21.0,2,0.8195956454121308,12.0,0.6358574610244989,0.329,0.5660000000000001,2.0,3.7,18.3,No,No,High,1.0,Yes,Salle 13,119.0,0.4638888888888889,0.3619398834915072,0.3536,1.0,1,0,1,0,False,False,False,False,False,False
ENSPD000875,Male,25.0,1,0.5443234836702956,29.0,0.38530066815144765,0.47600000000000003,0.996,0.0,1.5,12.6,Yes,No,Middle,2.0,Yes,Salle 27,96.0,0.6319444444444444,0.1884906440638265,0.0,1.0,1,0,1,1,False,False,False,False,False,False
ENSPD002575,Male,25.0,3,0.6905132192846034,20.0,0.8040089086859689,0.747,0.489,1.0,0.1,8.1,Yes,No,Middle,1.0,Yes,Salle 11,188.0,0.5777777777777777,0.25588714397571066,0.16019999999999998,0.900740336465212,1,0,1,1,True,False,False,False,False,False
ENSPD004103,Male,24.0,5,0.995334370139969,0.0,0.29175946547884185,0.731,0.441,1.0,0.2,12.5,Yes,Yes,High,0.0,No,Salle 3,40.0,0.35277777777777775,0.5213489239868503,0.19940000000000002,0.0,1,1,0,1,False,True,False,False,False,False
ENSPD000084,Male,21.0,4,0.9720062208398134,2.0,0.6369710467706015,0.47600000000000003,1.0,0.0,1.4,5.7,Yes,No,Middle,0.0,Yes,Salle 5,157.0,0.7152777777777779,0.28143952972291786,0.0,0.900740336465212,1,0,1,1,True,False,False,False,False,False
ENSPD004857,Male,25.0,2,0.7231726283048211,0.0,0.5857461024498887,0.664,0.741,0.0,0.3,7.3,No,No,High,0.0,Yes,Salle 17,185.0,0.576388888888889,0.2670769769330321,0.0,0.900740336465212,1,0,1,0,True,False,False,False,False,False
ENSPD002978,Male,22.0,4,0.9999999999999999,0.0,0.6080178173719376,0.8,0.7959999999999999,0.0,2.2,17.0,Yes,No,Middle,2.0,Yes,Salle 24,157.0,0.7083333333333333,0.2922221071966786,0.0,0.900740336465212,1,0,1,1,True,False,False,False,False,False
ENSPD002678,Male,22.0,4,0.8973561430793159,7.0,0.8474387527839643,0.782,0.618,3.0,0.5,0.0,Yes,No,Middle,1.0,Yes,Salle 16,93.0,0.734722222222222,0.2530289244337154,0.5604000000000001,1.0,1,0,1,1,False,False,False,False,False,False
ENSPD002846,Male,20.0,2,0.9999999999999999,0.0,0.34966592427616927,0.446,0.7040000000000001,2.0,0.8,4.8,No,No,Middle,1.0,Yes,Salle 18,161.0,0.4527777777777777,0.4369155005539078,0.4,0.7508690441401171,1,0,1,0,False,False,False,False,False,True
ENSPD004171,Male,18.0,1,0.6283048211508552,24.0,0.5456570155902005,0.36700000000000005,0.788,1.0,3.9,27.2,Yes,No,Middle,2.0,Yes,Salle 29,143.0,0.44166666666666665,0.3039196567707243,0.1522,0.900740336465212,1,0,1,1,True,False,False,False,False,False
ENSPD003233,Male,25.0,5,0.7480559875583203,16.0,0.7394209354120267,0.564,0.627,0.0,2.5,11.9,Yes,No,Middle,3.0,No,Salle 3,67.0,0.5972222222222222,0.26557337577144147,0.0,0.9860656366780134,1,0,0,1,False,False,False,False,True,False
ENSPD000056,Female,21.0,3,0.7807153965785382,14.0,0.7538975501113586,0.654,0.919,2.0,0.4,3.8,No,No,Middle,1.0,No,Salle 29,185.0,0.7736111111111112,0.20789827045770862,0.3436,0.6476742668343078,0,0,0,0,False,False,True,False,False,False
ENSPD004806,Male,21.0,4,0.9875583203732504,1.0,0.6113585746102449,0.493,0.762,0.0,0.1,6.4,Yes,No,High,2.0,No,Salle 13,178.0,0.5708333333333333,0.35573118792187974,0.0,0.9860656366780134,1,0,0,1,False,False,False,False,True,False
ENSPD004297,Male,25.0,2,0.6205287713841366,24.0,0.7371937639198219,0.6779999999999999,0.535,0.0,2.6,17.2,Yes,No,Low,0.0,Yes,Salle 19,71.0,0.5569444444444444,0.2422780920435548,0.0,0.0,1,0,1,1,False,True,False,False,False,False
ENSPD004714,Female,20.0,1,0.5692068429237945,28.0,0.6269487750556793,0.532,0.88,3.0,3.3,16.1,No,Yes,Middle,1.0,Yes,Salle 26,149.0,0.6861111111111111,0.17766668064016175,0.43379999999999996,0.6476742668343078,0,1,1,0,False,False,True,False,False,False
ENSPD000500,Other,22.0,3,0.4774494556765164,34.0,1.0,0.872,0.664,0.0,1.7,9.7,Yes,No,Low,0.0,Yes,Salle 20,188.0,0.8125,0.11803896956903306,0.0,0.900740336465212,2,0,1,1,True,False,False,False,False,False
ENSPD002992,Female,22.0,2,0.7465007776049767,16.0,0.6035634743875279,0.302,0.7709999999999999,1.0,9.0,11.5,Yes,No,Middle,0.0,No,Salle 26,177.0,0.45972222222222214,0.337468994749364,0.16740000000000002,0.6476742668343078,0,0,0,1,False,False,True,False,False,False
ENSPD002918,Female,24.0,5,0.906687402799378,6.0,0.544543429844098,0.462,0.904,0.0,5.0,31.4,Yes,No,Middle,2.0,Yes,Salle 27,109.0,0.5861111111111111,0.321394819989239,0.0,0.5818364233587374,0,0,1,1,False,False,False,True,False,False
ENSPD001908,Male,21.0,2,0.8740279937791603,8.0,0.7739420935412027,0.559,0.9670000000000001,2.0,5.1,32.1,Yes,No,Middle,2.0,Yes,Salle 15,231.0,0.7388888888888889,0.24506734927264348,0.36760000000000004,0.9860656366780134,1,0,1,1,False,False,False,False,True,False
ENSPD003782,Male,22.0,2,0.6391912908242613,23.0,0.6180400890868597,0.701,0.635,3.0,4.4,21.0,Yes,No,Middle,1.0,Yes,Salle 24,185.0,0.5777777777777777,0.23930624831478073,0.4608,0.900740336465212,1,0,1,1,True,False,False,False,False,False
ENSPD004911,Female,19.0,4,0.6174183514774495,25.0,0.7850779510022272,0.48,0.627,1.0,0.5,5.2,No,No,Middle,1.0,Yes,Salle 8,93.0,0.5541666666666667,0.2424786180324521,0.15080000000000002,1.0,0,0,1,0,False,False,False,False,False,False
ENSPD001014,Male,19.0,5,0.7558320373250388,16.0,0.47438752783964366,0.41700000000000004,0.394,0.0,1.1,8.3,No,No,Middle,1.0,Yes,Salle 8,109.0,0.29166666666666674,0.47439888635102145,0.0,0.5818364233587374,1,0,1,0,False,False,False,True,False,False
ENSPD000898,Female,21.0,2,0.547433903576983,29.0,0.5267260579064588,0.8470000000000001,0.635,0.0,2.5,11.5,No,No,Middle,1.0,Yes,Salle 23,231.0,0.6458333333333334,0.18461762669938916,0.0,0.9860656366780134,0,0,1,0,False,False,False,False,True,False
ENSPD004811,Male,23.0,2,0.7962674961119752,13.0,0.6158129175946548,0.6020000000000001,0.9400000000000001,1.0,1.2,16.6,Yes,No,Middle,1.0,Yes,Salle 19,161.0,0.7180555555555557,0.23117580120902556,0.1738,0.7508690441401171,1,0,1,1,False,False,False,False,False,True
ENSPD003072,Female,23.0,3,0.9828926905132193,1.0,0.655902004454343,0.698,0.861,1.0,0.8,9.8,Yes,No,Low,3.0,No,Salle 1,188.0,0.7083333333333333,0.2873953234597798,0.1978,0.900740336465212,0,0,0,1,True,False,False,False,False,False
ENSPD003587,Male,19.0,4,0.7029548989113531,19.0,0.7672605790645879,0.564,0.5750000000000001,1.0,0.3,7.3,Yes,No,Middle,1.0,Yes,Salle 21,230.0,0.5347222222222222,0.2803297310719727,0.16180000000000003,0.5818364233587374,1,0,1,1,False,False,False,True,False,False
ENSPD004606,Female,24.0,1,0.7480559875583203,16.0,0.7037861915367484,0.73,0.413,1.0,1.9,18.2,No,No,Middle,2.0,Yes,Salle 22,121.0,0.43194444444444435,0.3558971621265685,0.1676,0.7508690441401171,0,0,1,0,False,False,False,False,False,True
ENSPD000921,Female,21.0,2,0.9922239502332816,0.0,0.29510022271714925,0.616,0.701,1.0,3.4,25.1,No,No,Middle,1.0,No,Salle 1,161.0,0.5527777777777778,0.3676466851892267,0.199,0.7508690441401171,0,0,0,0,False,False,False,False,False,True
ENSPD002916,Female,21.0,1,0.6065318818040436,25.0,0.544543429844098,0.387,0.573,1.0,0.6,5.2,Yes,No,High,2.0,Yes,Salle 12,186.0,0.4194444444444444,0.3088816361443768,0.1494,0.9860656366780134,0,0,1,1,False,False,False,False,True,False
ENSPD001843,Male,22.0,3,0.7387247278382582,17.0,0.7227171492204899,0.885,0.674,1.0,4.6,18.6,No,No,Middle,1.0,Yes,Salle 23,212.0,0.6875,0.2260365618997852,0.16640000000000002,0.9860656366780134,1,0,1,0,False,False,False,False,True,False
ENSPD004418,Male,21.0,1,0.43079315707620525,37.0,0.6113585746102449,0.34700000000000003,0.9400000000000001,1.0,0.7,13.6,Yes,No,Middle,0.0,No,Salle 2,149.0,0.5722222222222223,0.1739563599706784,0.1268,0.6476742668343078,1,0,0,1,False,False,True,False,False,False
ENSPD003700,Male,22.0,2,0.7573872472783826,16.0,0.8318485523385302,0.359,0.538,2.0,0.1,3.9,Yes,No,Middle,2.0,No,Salle 30,161.0,0.46805555555555556,0.336370308428368,0.3376,0.7508690441401171,1,0,0,1,False,False,False,False,False,True
ENSPD003767,Female,21.0,3,0.6174183514774495,25.0,0.5991091314031181,0.723,0.533,2.0,0.5,0.3,No,No,High,1.0,No,Salle 16,188.0,0.5347222222222222,0.25130644553719406,0.30160000000000003,0.900740336465212,0,0,0,0,True,False,False,False,False,False
ENSPD000320,Male,21.0,2,0.317262830482115,44.0,0.8140311804008908,0.479,0.518,0.0,1.1,13.0,Yes,No,Low,1.0,No,Salle 2,161.0,0.39583333333333337,0.20672172774650907,0.0,0.7508690441401171,1,0,0,1,False,False,False,False,False,True
ENSPD000946,Male,25.0,3,0.7231726283048211,10.0,0.6113585746102449,0.6409999999999999,0.28800000000000003,1.0,0.2,8.4,No,No,Middle,1.0,Yes,Salle 15,212.0,0.34444444444444444,0.41099385599728167,0.16440000000000002,0.9860656366780134,1,0,1,0,False,False,False,False,True,False
ENSPD001674,Female,17.0,3,0.6765163297045101,21.0,0.8374164810690424,0.4,0.652,1.0,0.5,13.5,Yes,No,Middle,2.0,Yes,Salle 17,104.0,0.5486111111111112,0.2646932634689666,0.1584,0.0,0,0,1,1,False,True,False,False,False,False
ENSPD003991,Male,22.0,2,0.9035769828926904,6.0,0.5144766146993318,0.598,0.616,0.0,1.0,11.0,Yes,No,Middle,1.0,No,Salle 16,298.0,0.4722222222222222,0.3873431723081361,0.0,0.5818364233587374,1,0,0,1,False,False,False,True,False,False
ENSPD001606,Male,23.0,1,0.8818040435458788,8.0,0.6113585746102449,0.669,0.637,1.0,1.1,11.1,Yes,No,Middle,1.0,No,Salle 29,149.0,0.5875,0.3127270533979286,0.18480000000000002,0.6476742668343078,1,0,0,1,False,False,True,False,False,False
ENSPD002682,Female,22.0,1,0.6936236391912908,20.0,0.5902004454342985,0.747,0.613,1.0,4.2,23.5,Yes,No,High,1.0,Yes,Salle 25,149.0,0.523611111111111,0.28272992424457466,0.1606,0.6476742668343078,0,0,1,1,False,False,True,False,False,False
ENSPD000636,Male,26.0,1,0.4261275272161742,37.0,0.5456570155902005,0.812,0.798,1.0,0.7,17.0,Yes,No,Low,1.0,Yes,Salle 17,83.0,0.6625000000000001,0.14319275927337718,0.1262,0.0,1,0,1,1,False,True,False,False,False,False
ENSPD002175,Male,24.0,5,0.8600311041990668,9.0,0.5244988864142539,0.9109999999999999,0.635,1.0,0.9,10.3,Yes,No,Middle,3.0,Yes,Salle 4,60.0,0.8152777777777778,0.21518859355526246,0.182,0.7508690441401171,1,0,1,1,False,False,False,False,False,True
ENSPD003449,Female,25.0,4,0.8273716951788491,11.0,0.5879732739420935,0.713,0.624,3.0,1.4,8.8,Yes,No,High,2.0,Yes,Salle 26,121.0,0.5638888888888889,0.30710410727526516,0.5334000000000001,0.7508690441401171,0,0,1,1,False,False,False,False,False,True
ENSPD002444,Female,25.0,4,0.9113530326594089,6.0,0.5155902004454344,0.39,0.535,0.0,1.1,1.3,Yes,No,Low,1.0,Yes,Salle 14,173.0,0.3944444444444445,0.44844284958837577,0.0,0.6476742668343078,0,0,1,1,False,False,True,False,False,False
ENSPD003472,Female,23.0,1,0.9813374805598755,1.0,0.8118040089086859,0.6409999999999999,0.321,2.0,2.2,14.2,Yes,No,Low,0.0,No,Salle 4,143.0,0.42361111111111116,0.452457895518911,0.3952,0.900740336465212,0,0,0,1,True,False,False,False,False,False
ENSPD001102,Female,20.0,5,0.5194401244167962,31.0,1.0,0.527,0.621,3.0,0.2,11.3,Yes,No,Middle,1.0,No,Salle 12,70.0,0.6486111111111111,0.17528575117382952,0.41459999999999997,0.6476742668343078,0,0,0,1,False,False,True,False,False,False
ENSPD003832,Female,23.0,3,0.9999999999999999,0.0,0.5189309576837416,0.494,0.423,2.0,1.4,7.1,No,No,Middle,1.0,Yes,Salle 22,263.0,0.38888888888888895,0.4893385920437352,0.4,0.5818364233587374,0,0,1,0,False,False,False,True,False,False
ENSPD000864,Male,19.0,1,0.4696734059097979,34.0,0.532293986636971,0.49600000000000005,0.8270000000000001,0.0,0.3,3.4,Yes,No,Middle,3.0,Yes,Salle 11,96.0,0.5652777777777778,0.18920264481953117,0.0,1.0,1,0,1,1,False,False,False,False,False,False
ENSPD004343,Female,20.0,5,0.8273716951788491,11.0,0.4365256124721604,0.519,0.8520000000000001,0.0,0.8,8.1,No,Yes,Middle,1.0,No,Salle 2,80.0,0.5486111111111112,0.31506341340259014,0.0,0.900740336465212,0,1,0,0,True,False,False,False,False,False
ENSPD003896,Female,22.0,2,0.4385692068429238,36.0,0.5835189309576838,0.787,0.305,0.0,2.7,11.5,No,No,High,3.0,Yes,Salle 10,298.0,0.3652777777777778,0.2737287157874321,0.0,0.5818364233587374,0,0,1,0,False,False,False,True,False,False
ENSPD000616,Female,23.0,2,0.8429237947122862,10.0,0.48106904231625836,0.6020000000000001,0.461,3.0,0.2,6.1,No,No,Low,1.0,Yes,Salle 14,177.0,0.43333333333333335,0.39148250077260793,0.5394000000000001,0.6476742668343078,0,0,1,0,False,False,True,False,False,False
ENSPD002767,Male,25.0,4,0.4339035769828927,36.0,0.6046770601336303,0.7320000000000001,0.662,1.0,1.6,10.2,Yes,No,High,1.0,Yes,Salle 9,230.0,0.5305555555555556,0.1906781167310235,0.1272,0.5818364233587374,1,0,1,1,False,False,False,True,False,False
ENSPD000411,Male,22.0,2,0.7698289269051323,15.0,0.5679287305122495,0.8200000000000001,0.252,0.0,0.9,11.5,Yes,No,Middle,0.0,Yes,Salle 5,231.0,0.4527777777777777,0.35055869714967036,0.0,0.9860656366780134,1,0,1,1,False,False,False,False,True,False
ENSPD003121,Male,21.0,1,0.6127527216174183,25.0,0.7416481069042317,0.547,0.559,1.0,1.0,0.8,Yes,Yes,Middle,1.0,Yes,Salle 26,248.0,0.4555555555555555,0.2900610053531607,0.1502,0.5818364233587374,1,1,1,1,False,False,False,True,False,False
ENSPD004707,Female,22.0,2,0.9580093312597201,3.0,0.7438752783964365,0.605,0.501,1.0,0.2,10.0,Yes,Yes,High,1.0,No,Salle 19,231.0,0.5152777777777777,0.3787927457891558,0.1946,0.9860656366780134,0,1,0,1,False,False,False,False,True,False
ENSPD003694,Male,21.0,4,0.906687402799378,6.0,0.5556792873051225,0.7290000000000001,0.462,0.0,2.5,8.8,No,No,Low,0.0,Yes,Salle 18,121.0,0.4652777777777778,0.39319991735449167,0.0,0.7508690441401171,1,0,1,0,False,False,False,False,False,True
ENSPD003559,Male,25.0,5,0.6594090202177293,22.0,0.39420935412026725,0.639,0.893,1.0,1.4,4.0,No,No,Middle,0.0,Yes,Salle 19,60.0,0.6375,0.22141869173561238,0.1562,0.7508690441401171,1,0,1,0,False,False,False,False,False,True
ENSPD003493,Female,21.0,3,0.7682737169517885,15.0,0.6804008908685969,0.7640000000000001,0.24,1.0,0.9,13.7,No,No,Middle,1.0,Yes,Salle 13,188.0,0.3666666666666667,0.4120441451676732,0.1702,0.900740336465212,0,0,1,0,True,False,False,False,False,False
ENSPD000017,Male,24.0,3,0.9999999999999999,0.0,0.7472160356347438,0.8190000000000001,0.594,2.0,8.0,35.9,No,No,Low,0.0,No,Salle 3,154.0,0.7124999999999999,0.29045513352162977,0.4,0.7508690441401171,1,0,0,0,False,False,False,False,False,True
ENSPD001910,Male,21.0,3,0.7231726283048211,31.0,0.7104677060133631,0.554,0.718,2.0,4.0,22.6,Yes,No,Middle,2.0,No,Salle 25,185.0,0.5361111111111111,0.28648789344729486,0.32880000000000004,0.6476742668343078,1,0,0,1,False,False,True,False,False,False
ENSPD003438,Female,23.0,2,0.6625194401244167,22.0,0.5679287305122495,0.8590000000000001,0.788,2.0,2.1,17.0,Yes,No,Low,1.0,No,Salle 27,298.0,0.7124999999999999,0.19561928763574535,0.3132,0.5818364233587374,0,0,0,1,False,False,False,True,False,False
ENSPD001916,Female,21.0,1,0.9657853810264384,2.0,0.4933184855233853,0.46299999999999997,0.9279999999999999,2.0,0.1,5.7,Yes,No,Middle,1.0,Yes,Salle 6,143.0,0.6027777777777776,0.3315400286291853,0.3912,0.900740336465212,0,0,1,1,True,False,False,False,False,False
ENSPD000005,Male,23.0,1,0.8911353032659409,7.0,0.4131403118040089,0.652,0.263,2.0,0.2,8.4,Yes,Yes,High,3.0,Yes,Salle 25,149.0,0.31666666666666665,0.511678548169287,0.372,0.6476742668343078,1,1,1,1,False,False,True,False,False,False
ENSPD002647,Female,20.0,3,0.9999999999999999,0.0,0.5501113585746102,0.782,0.494,1.0,2.5,13.9,Yes,No,Low,0.0,No,Salle 24,130.0,0.6041666666666667,0.3415622633903884,0.2,1.0,0,0,0,1,False,False,False,False,False,False
ENSPD000667,Male,23.0,4,0.7231726283048211,35.0,0.5723830734966593,0.601,0.594,0.0,4.2,18.6,Yes,No,High,0.0,Yes,Salle 8,93.0,0.513888888888889,0.29799790636023304,0.0,1.0,1,0,1,1,False,False,False,False,False,False
ENSPD000159,Male,19.0,2,0.6174183514774495,25.0,0.6180400890868597,0.652,0.8200000000000001,0.0,2.7,13.9,Yes,No,Middle,1.0,Yes,Salle 26,185.0,0.5944444444444444,0.22538377829108056,0.0,0.900740336465212,1,0,1,1,True,False,False,False,False,False
ENSPD001002,Male,21.0,1,0.7931570762052876,13.0,0.5456570155902005,0.703,1.0,4.0,2.6,19.6,No,No,Low,0.0,Yes,Salle 13,143.0,0.8152777777777778,0.19809420307231898,0.6936,0.900740336465212,1,0,1,0,True,False,False,False,False,False
ENSPD000369,Male,22.0,4,0.6951788491446346,20.0,0.6481069042316259,0.63,0.61,2.0,4.5,24.5,Yes,No,Middle,1.0,Yes,Salle 12,178.0,0.47777777777777775,0.3078908534182626,0.32160000000000005,0.9860656366780134,1,0,1,1,False,False,False,False,True,False
ENSPD001577,Male,20.0,3,0.7527216174183514,16.0,0.6314031180400892,0.823,0.89,3.0,1.9,17.6,Yes,No,Middle,1.0,Yes,Salle 3,154.0,0.7388888888888889,0.21182663810642569,0.5045999999999999,0.7508690441401171,1,0,1,1,False,False,False,False,False,True
ENSPD000867,Male,25.0,1,0.7729393468118196,15.0,0.7739420935412027,0.545,0.766,1.0,1.6,9.5,Yes,No,Low,1.0,Yes,Salle 2,149.0,0.7152777777777779,0.22564926410173577,0.1708,0.6476742668343078,1,0,1,1,False,False,True,False,False,False
ENSPD004164,Male,18.0,2,0.8709175738724727,8.0,0.3919821826280624,0.535,0.261,1.0,6.3,28.2,No,No,Middle,2.0,Yes,Salle 5,161.0,0.26250000000000007,0.5626032211768927,0.1834,0.7508690441401171,1,0,1,0,False,False,False,False,False,True
ENSPD002384,Male,19.0,2,0.8615863141524104,9.0,0.655902004454343,0.47000000000000003,0.42200000000000004,1.0,1.3,7.4,No,No,High,1.0,Yes,Salle 23,298.0,0.3597222222222223,0.4575195241118365,0.1822,0.5818364233587374,1,0,1,0,False,False,False,True,False,False
ENSPD000150,Male,25.0,3,0.6594090202177293,22.0,0.5434298440979956,0.738,0.934,2.0,0.0,7.1,No,No,Low,0.0,Yes,Salle 3,263.0,0.7666666666666668,0.17776621660838507,0.3124,0.5818364233587374,1,0,1,0,False,False,False,True,False,False
ENSPD004566,Female,20.0,1,0.8304821150855365,11.0,0.6358574610244989,0.956,0.9329999999999999,2.0,5.0,26.0,Yes,No,Low,0.0,No,Salle 30,186.0,0.7999999999999998,0.21245744624043902,0.3564,0.9860656366780134,0,0,0,1,False,False,False,False,True,False
ENSPD000691,Male,23.0,3,0.8786936236391912,8.0,0.7973273942093541,0.768,0.956,0.0,1.6,9.3,Yes,No,Low,2.0,No,Salle 17,154.0,0.8680555555555556,0.2037066722139614,0.0,0.7508690441401171,1,0,0,1,False,False,False,False,False,True
ENSPD000710,Female,23.0,2,0.8009331259720062,13.0,0.6692650334075724,0.469,0.978,0.0,2.9,10.1,Yes,No,High,3.0,Yes,Salle 7,231.0,0.6888888888888889,0.24341420909811814,0.0,0.9860656366780134,0,0,1,1,False,False,False,False,True,False
ENSPD000223,Male,21.0,3,0.7169517884914464,18.0,0.455456570155902,0.7709999999999999,0.184,1.0,2.4,7.0,No,No,Low,3.0,No,Salle 27,185.0,0.27222222222222214,0.4756931396424915,0.1636,0.6476742668343078,1,0,0,0,False,False,True,False,False,False
ENSPD000358,Female,20.0,2,0.625194401244168,24.0,0.4933184855233853,0.48700000000000004,0.6859999999999999,0.0,2.4,14.2,No,Yes,Middle,2.0,Yes,Salle 20,298.0,0.48611111111111116,0.2780312568043849,0.0,0.5818364233587374,0,1,1,0,False,False,False,True,False,False
ENSPD001872,Male,20.0,2,0.3732503888024883,40.0,0.5701559020044543,0.614,0.7859999999999999,2.0,2.8,12.1,Yes,No,Middle,1.0,Yes,Salle 20,185.0,0.5305555555555556,0.169997414354052,0.2388,0.900740336465212,1,0,1,1,True,False,False,False,False,False
ENSPD003900,Female,21.0,4,0.8926905132192845,7.0,0.6080178173719376,0.341,0.635,1.0,3.2,11.5,No,No,Middle,0.0,No,Salle 27,70.0,0.4708333333333333,0.3842867801264699,0.1862,0.0,0,0,0,0,False,True,False,False,False,False
ENSPD000606,Male,22.0,2,0.5878693623639192,26.0,0.3307349665924276,0.616,0.6970000000000001,0.0,2.3,17.9,Yes,No,Middle,2.0,Yes,Salle 24,298.0,0.43472222222222223,0.29251998571965065,0.0,0.5818364233587374,1,0,1,1,False,False,False,True,False,False
ENSPD003765,Male,25.0,1,0.6765163297045101,21.0,0.7661469933184856,0.555,0.457,1.0,1.0,9.7,Yes,No,Middle,0.0,Yes,Salle 28,96.0,0.4555555555555555,0.31389873399151325,0.1584,1.0,1,0,1,1,False,False,False,False,False,False
ENSPD003489,Male,22.0,1,0.5178849144634526,31.0,0.5846325167037862,0.502,0.45,2.0,3.2,21.5,Yes,No,High,2.0,No,Salle 16,186.0,0.44305555555555554,0.2611478262426473,0.276,0.9860656366780134,1,0,0,1,False,False,False,False,True,False
ENSPD004247,Male,23.0,2,0.9797822706065319,1.0,0.41536748329621387,0.7690000000000001,0.201,3.0,2.1,13.5,Yes,Yes,High,3.0,Yes,Salle 20,298.0,0.30833333333333335,0.5612557992449141,0.5922000000000001,0.5818364233587374,1,1,1,1,False,False,False,True,False,False
ENSPD003788,Male,22.0,2,0.8631415241057544,9.0,0.9298440979955458,0.91,0.635,4.0,0.9,15.2,No,No,High,1.0,No,Salle 4,298.0,0.8180555555555555,0.21510046576810368,0.7296,0.5818364233587374,1,0,0,0,False,False,False,True,False,False
ENSPD004733,Female,21.0,3,0.989113530326594,1.0,1.0,0.542,0.946,1.0,0.7,12.3,No,No,Middle,0.0,No,Salle 19,154.0,0.8999999999999999,0.2208206200831849,0.1986,0.7508690441401171,0,0,0,0,False,False,False,False,False,True
ENSPD001253,Male,18.0,2,0.47433903576982883,34.0,0.7839643652561247,0.616,0.635,2.0,0.7,11.7,Yes,No,Middle,0.0,Yes,Salle 10,185.0,0.4847222222222223,0.2244039314833515,0.26480000000000004,0.900740336465212,1,0,1,1,True,False,False,False,False,False
ENSPD003304,Male,21.0,2,0.8818040435458788,8.0,0.6191536748329621,0.525,0.802,1.0,1.1,4.3,Yes,No,Middle,1.0,No,Salle 4,177.0,0.6194444444444444,0.29714596460758347,0.18480000000000002,0.6476742668343078,1,0,0,1,False,False,True,False,False,False
ENSPD001432,Male,22.0,2,0.8864696734059098,7.0,0.6280623608017817,0.616,0.593,0.0,1.7,11.5,Yes,No,High,1.0,No,Salle 7,298.0,0.4930555555555556,0.3675982560548454,0.0,0.5818364233587374,1,0,0,1,False,False,False,True,False,False
ENSPD000043,Male,22.0,1,0.8475894245723173,10.0,0.34409799554565706,0.5760000000000001,0.626,2.0,2.2,16.4,No,Yes,Middle,2.0,Yes,Salle 27,186.0,0.4361111111111111,0.391300537088636,0.3608,0.9860656366780134,1,1,1,0,False,False,False,False,True,False
ENSPD000222,Male,18.0,3,0.6951788491446346,20.0,0.8719376391982183,0.532,0.47200000000000003,3.0,1.5,7.8,Yes,No,High,1.0,No,Salle 2,185.0,0.5444444444444444,0.2729318384239111,0.48240000000000005,0.6476742668343078,1,0,0,1,False,False,True,False,False,False
ENSPD000677,Male,22.0,3,0.6702954898911352,21.0,0.5412026726057906,0.767,0.438,0.0,3.7,23.0,Yes,No,Low,1.0,Yes,Salle 17,104.0,0.45000000000000007,0.3148691410218094,0.0,0.0,1,0,1,1,False,True,False,False,False,False
ENSPD003555,Male,21.0,1,0.8553654743390359,9.0,0.9209354120267261,0.6729999999999999,0.528,2.0,1.4,11.7,Yes,Yes,Middle,1.0,Yes,Salle 15,248.0,0.5986111111111111,0.2988365079236277,0.3628,0.5818364233587374,1,1,1,1,False,False,False,True,False,False
ENSPD000876,Male,20.0,3,0.9999999999999999,0.0,0.8797327394209354,0.895,0.726,0.0,5.1,22.0,Yes,No,Middle,0.0,Yes,Salle 11,263.0,0.7458333333333333,0.2768156591591826,0.0,0.5818364233587374,1,0,1,1,False,False,False,True,False,False
ENSPD002557,Male,22.0,2,0.926905132192846,5.0,0.44654788418708236,0.747,1.0,2.0,0.7,7.0,Yes,No,Middle,0.0,Yes,Salle 29,185.0,0.7194444444444443,0.2671380440416218,0.3812,0.900740336465212,1,0,1,1,True,False,False,False,False,False
ENSPD001973,Male,22.0,4,0.499222395023328,32.0,0.5155902004454344,0.609,0.635,0.0,2.7,20.7,Yes,No,Low,1.0,Yes,Salle 28,178.0,0.5208333333333334,0.21709574118545813,0.0,0.9860656366780134,1,0,1,1,False,False,False,False,True,False
ENSPD004961,Male,20.0,3,0.6842923794712287,20.0,0.8429844097995547,0.508,0.8940000000000001,1.0,1.7,13.8,Yes,No,Middle,0.0,Yes,Salle 18,130.0,0.6819444444444445,0.21233649846254063,0.15940000000000001,1.0,1,0,1,1,False,False,False,False,False,False
ENSPD004699,Male,25.0,2,0.5598755832037324,28.0,0.6113585746102449,0.40299999999999997,0.797,0.0,3.1,14.6,Yes,No,Low,2.0,Yes,Salle 23,177.0,0.44027777777777777,0.278645708750097,0.0,0.6476742668343078,1,0,1,1,False,False,True,False,False,False
ENSPD001919,Male,24.0,3,0.5178849144634526,31.0,0.4866369710467706,0.5970000000000001,0.635,3.0,1.4,6.5,Yes,No,Low,1.0,Yes,Salle 26,212.0,0.5513888888888888,0.2105874356077104,0.41400000000000003,0.9860656366780134,1,0,1,1,False,False,False,False,True,False
ENSPD003992,Male,25.0,5,0.625194401244168,24.0,0.8897550111358574,0.454,0.542,0.0,2.5,11.1,Yes,No,Middle,1.0,No,Salle 17,109.0,0.5347222222222222,0.2539449260403558,0.0,0.5818364233587374,1,0,0,1,False,False,False,True,False,False
ENSPD000565,Male,23.0,5,0.9999999999999999,0.0,0.4866369710467706,0.44200000000000006,0.563,1.0,0.1,3.5,No,No,Middle,0.0,Yes,Salle 7,67.0,0.5041666666666667,0.4006311354738693,0.2,0.9860656366780134,1,0,1,0,False,False,False,False,True,False
ENSPD002818,Male,22.0,4,0.838258164852255,10.0,0.6202672605790647,0.509,0.687,1.0,3.9,17.6,Yes,No,Middle,2.0,Yes,Salle 15,157.0,0.4833333333333333,0.3564016678820302,0.1792,0.900740336465212,1,0,1,1,True,False,False,False,False,False
ENSPD003915,Female,20.0,1,0.7744945567651632,14.0,0.3830734966592428,0.7340000000000001,0.635,2.0,2.1,11.5,Yes,Yes,Middle,1.0,Yes,Salle 25,186.0,0.6152777777777778,0.2658356839180219,0.342,0.9860656366780134,0,1,1,1,False,False,False,False,True,False
ENSPD001827,Male,22.0,3,0.9082426127527216,6.0,0.7538975501113586,0.239,1.0,1.0,1.2,4.8,Yes,No,Low,1.0,No,Salle 22,130.0,0.7097222222222221,0.26577726178378813,0.1882,1.0,1,0,0,1,False,False,False,False,False,False
ENSPD004152,Male,21.0,1,0.8367029548989114,10.0,0.5991091314031181,0.418,0.8740000000000001,0.0,1.3,5.4,Yes,No,Low,2.0,Yes,Salle 26,248.0,0.6013888888888889,0.2916216392238431,0.0,0.5818364233587374,1,0,1,1,False,False,False,True,False,False
ENSPD004052,Female,24.0,2,0.8973561430793159,7.0,0.3608017817371938,0.6559999999999999,0.42200000000000004,1.0,1.6,8.8,Yes,No,Low,2.0,Yes,Salle 8,177.0,0.33611111111111114,0.49498400467090986,0.18680000000000002,0.6476742668343078,0,0,1,1,False,False,True,False,False,False
ENSPD004155,Male,24.0,3,0.8942457231726283,7.0,0.6837416481069042,0.373,0.47500000000000003,2.0,1.4,23.3,Yes,Yes,High,1.0,No,Salle 22,130.0,0.3652777777777778,0.4664507864090549,0.3728,1.0,1,1,0,1,False,False,False,False,False,False
ENSPD001179,Female,19.0,2,0.4961119751166406,32.0,0.7060133630289532,0.748,0.662,3.0,0.4,4.0,Yes,No,Middle,1.0,Yes,Salle 10,119.0,0.6527777777777778,0.166953252788948,0.40559999999999996,1.0,0,0,1,1,False,False,False,False,False,False
ENSPD003741,Female,22.0,4,0.7091757387247278,19.0,0.6625835189309577,0.38799999999999996,0.635,1.0,0.5,3.6,No,No,Low,0.0,Yes,Salle 17,230.0,0.4819444444444444,0.3105970621364722,0.1626,0.5818364233587374,0,0,1,0,False,False,False,True,False,False
ENSPD004276,Female,18.0,3,0.975116640746501,2.0,0.6258351893095769,0.642,0.93,0.0,0.7,10.1,Yes,No,Middle,1.0,Yes,Salle 18,154.0,0.7625,0.2636400889745676,0.0,0.7508690441401171,0,0,1,1,False,False,False,False,False,True
ENSPD004360,Male,21.0,2,0.4665629860031105,34.0,0.4766146993318485,0.34,0.8029999999999999,1.0,7.5,37.3,Yes,No,High,0.0,Yes,Salle 4,298.0,0.4847222222222223,0.22160196512517213,0.13140000000000002,0.5818364233587374,1,0,1,1,False,False,False,True,False,False
ENSPD003022,Male,21.0,4,0.9999999999999999,0.0,0.6224944320712694,0.2,0.573,2.0,0.4,5.3,Yes,Yes,Middle,0.0,Yes,Salle 30,70.0,0.3597222222222223,0.5165365806674642,0.4,0.0,1,1,1,1,False,True,False,False,False,False
ENSPD004933,Female,23.0,2,0.7636080870917573,15.0,0.534521158129176,0.545,0.7690000000000001,1.0,5.4,26.5,No,No,Middle,2.0,Yes,Salle 6,298.0,0.49444444444444435,0.32297977746561446,0.1696,0.5818364233587374,0,0,1,0,False,False,False,True,False,False
ENSPD001277,Male,21.0,4,0.8678071539657853,8.0,0.645879732739421,0.578,0.635,1.0,3.5,21.0,No,Yes,High,1.0,Yes,Salle 20,157.0,0.6097222222222222,0.2974079015743475,0.183,0.900740336465212,1,1,1,0,True,False,False,False,False,False
ENSPD002340,Male,22.0,5,0.7480559875583203,16.0,0.7048997772828508,0.34500000000000003,0.532,2.0,3.8,21.0,Yes,No,Middle,1.0,No,Salle 1,67.0,0.4527777777777777,0.34238981034116145,0.3352,0.9860656366780134,1,0,0,1,False,False,False,False,True,False
ENSPD003309,Male,23.0,2,0.3950233281493002,39.0,0.46436525612472157,0.59,0.406,2.0,1.5,9.8,Yes,No,Middle,2.0,Yes,Salle 22,161.0,0.31944444444444453,0.28401786936579343,0.2444,0.7508690441401171,1,0,1,1,False,False,False,False,False,True
ENSPD002847,Female,20.0,1,0.7138413685847588,18.0,0.6247216035634744,0.923,0.318,3.0,4.8,25.9,Yes,No,Middle,1.0,Yes,Salle 4,248.0,0.5375,0.2826323276906084,0.4896,0.5818364233587374,0,0,1,1,False,False,False,True,False,False
ENSPD000375,Male,20.0,3,0.6189735614307931,24.0,0.44209354120267264,0.559,0.76,0.0,2.0,13.9,Yes,No,Middle,2.0,Yes,Salle 4,185.0,0.5833333333333334,0.23044707519533728,0.0,0.6476742668343078,1,0,1,1,False,False,True,False,False,False
ENSPD004303,Female,21.0,2,0.5194401244167962,31.0,0.6792873051224945,0.755,0.662,4.0,0.7,7.2,Yes,No,High,1.0,Yes,Salle 2,177.0,0.5944444444444444,0.1943048762543005,0.5528,0.6476742668343078,0,0,1,1,False,False,True,False,False,False
ENSPD001846,Male,26.0,3,0.625194401244168,24.0,0.5890868596881961,0.42600000000000005,0.843,2.0,1.4,2.2,No,No,Middle,1.0,Yes,Salle 2,263.0,0.5486111111111112,0.24755702689361006,0.30360000000000004,0.5818364233587374,1,0,1,0,False,False,False,True,False,False
ENSPD002437,Male,24.0,3,0.6858475894245722,20.0,0.4298440979955457,0.851,0.8140000000000001,1.0,0.5,3.8,Yes,No,Middle,1.0,No,Salle 11,263.0,0.6083333333333333,0.24121406568286277,0.1596,0.5818364233587374,1,0,0,1,False,False,False,True,False,False
ENSPD003194,Male,23.0,3,0.7340590979782272,17.0,0.49888641425389757,0.578,0.635,1.0,1.4,11.1,No,No,Middle,0.0,No,Salle 26,263.0,0.5027777777777778,0.30782233971237727,0.1658,0.5818364233587374,1,0,0,0,False,False,False,True,False,False
ENSPD000466,Male,21.0,3,0.8429237947122862,10.0,0.6258351893095769,0.401,0.545,1.0,0.4,12.1,Yes,No,Low,0.0,No,Salle 1,188.0,0.33611111111111114,0.4709426613461053,0.17980000000000002,0.900740336465212,1,0,0,1,True,False,False,False,False,False
ENSPD001960,Female,17.0,2,0.9300155520995333,4.0,0.6113585746102449,0.6409999999999999,0.521,1.0,4.5,21.5,Yes,No,Middle,1.0,Yes,Salle 28,298.0,0.4986111111111111,0.3795437373339443,0.191,0.5818364233587374,0,0,1,1,False,False,False,True,False,False
ENSPD001268,Male,22.0,3,0.48522550544323495,33.0,0.41091314031180404,0.6070000000000001,0.898,0.0,0.5,6.6,Yes,No,Low,0.0,Yes,Salle 2,130.0,0.6486111111111111,0.16503833056414044,0.0,1.0,1,0,1,1,False,False,False,False,False,False
ENSPD002103,Male,22.0,2,0.5427682737169516,29.0,0.77728285077951,0.614,0.635,2.0,2.5,11.8,Yes,No,High,1.0,Yes,Salle 20,161.0,0.44444444444444453,0.2698465429805138,0.2824,0.7508690441401171,1,0,1,1,False,False,False,False,False,True
ENSPD003840,Female,24.0,5,0.5427682737169516,29.0,0.45322939866369716,0.563,0.33299999999999996,1.0,1.9,12.1,Yes,No,Low,1.0,Yes,Salle 20,70.0,0.31944444444444453,0.3509678807438805,0.1412,0.6476742668343078,0,0,1,1,False,False,True,False,False,False
ENSPD001759,Male,22.0,2,0.5800933125972006,27.0,0.6737193763919822,0.518,0.9720000000000001,2.0,0.2,0.0,Yes,No,Middle,5.0,Yes,Salle 15,231.0,0.6777777777777778,0.18353414982231445,0.292,0.9860656366780134,1,0,1,1,False,False,False,False,True,False
ENSPD001061,Female,18.0,2,0.567651632970451,28.0,0.7717149220489978,0.728,0.774,1.0,3.3,19.0,Yes,No,Middle,0.0,Yes,Salle 14,177.0,0.6805555555555556,0.17901208742481353,0.1444,0.6476742668343078,0,0,1,1,False,False,True,False,False,False
ENSPD003305,Male,22.0,1,0.8320373250388803,11.0,0.5278396436525613,0.623,0.73,2.0,1.4,16.0,No,No,Low,1.0,Yes,Salle 8,186.0,0.5375,0.3226076517032249,0.3568,0.9860656366780134,1,0,1,0,False,False,False,False,True,False
ENSPD001317,Male,19.0,3,0.583203732503888,27.0,0.6792873051224945,0.735,0.659,0.0,2.3,9.3,Yes,No,Middle,0.0,Yes,Salle 26,185.0,0.6069444444444445,0.20967288413039084,0.0,0.6476742668343078,1,0,1,1,False,False,True,False,False,False
ENSPD003637,Female,21.0,2,0.8755832037325039,8.0,0.7616926503340756,0.616,0.49100000000000005,0.0,0.6,11.6,Yes,No,Middle,1.0,Yes,Salle 8,185.0,0.7027777777777777,0.2593062720055508,0.0,0.900740336465212,0,0,1,1,True,False,False,False,False,False
ENSPD004727,Female,23.0,5,0.7231726283048211,2.0,0.6191536748329621,0.625,0.7440000000000001,1.0,6.9,37.5,Yes,No,Middle,0.0,No,Salle 1,80.0,0.5916666666666666,0.26016179971041653,0.16440000000000002,0.900740336465212,0,0,0,1,True,False,False,False,False,False
ENSPD002253,Female,17.0,1,0.567651632970451,28.0,0.5623608017817372,0.917,0.6990000000000001,3.0,0.8,12.6,Yes,No,Low,2.0,Yes,Salle 2,149.0,0.7486111111111111,0.15831969505488294,0.43320000000000003,0.6476742668343078,0,0,1,1,False,False,True,False,False,False
ENSPD002197,Male,22.0,2,0.7449455676516329,16.0,0.7093541202672606,0.445,0.6809999999999999,0.0,0.7,4.3,Yes,No,Middle,1.0,Yes,Salle 29,231.0,0.42361111111111116,0.3602987709252957,0.0,0.9860656366780134,1,0,1,1,False,False,False,False,True,False
ENSPD002692,Female,20.0,1,0.6702954898911352,21.0,0.5501113585746102,0.5770000000000001,0.41700000000000004,1.0,0.5,12.2,Yes,No,Middle,1.0,No,Salle 24,96.0,0.33472222222222214,0.3958415997908372,0.1576,1.0,0,0,0,1,False,False,False,False,False,False
ENSPD002932,Female,21.0,2,0.7511664074650078,16.0,0.6113585746102449,0.606,0.429,1.0,0.4,17.5,No,No,Low,0.0,Yes,Salle 20,161.0,0.4930555555555556,0.3193423808398338,0.168,0.7508690441401171,0,0,1,0,False,False,False,False,False,True
ENSPD003732,Female,21.0,2,0.6438569206842922,23.0,0.6046770601336303,0.461,0.517,0.0,5.3,21.5,Yes,No,Middle,1.0,No,Salle 25,161.0,0.38888888888888895,0.343714055581954,0.0,0.7508690441401171,0,0,0,1,False,False,False,False,False,True
ENSPD003866,Male,25.0,2,0.41990668740279935,37.0,0.5991091314031181,0.6900000000000001,0.598,2.0,6.9,30.7,Yes,No,High,0.0,Yes,Salle 23,177.0,0.4458333333333333,0.2225808767369792,0.2508,0.6476742668343078,1,0,1,1,False,False,True,False,False,False
ENSPD004766,Other,23.0,4,0.9175738724727839,5.0,0.6269487750556793,0.638,0.619,1.0,2.4,12.1,Yes,No,Middle,0.0,No,Salle 11,121.0,0.4555555555555555,0.40401697640479706,0.1894,0.7508690441401171,2,0,0,1,False,False,False,False,False,True
ENSPD002921,Male,26.0,3,0.5878693623639192,26.0,0.35077951002227176,0.45299999999999996,0.394,1.0,1.8,12.5,Yes,No,Middle,1.0,Yes,Salle 5,154.0,0.26388888888888895,0.4205030293428309,0.147,0.7508690441401171,1,0,1,1,False,False,False,False,False,True
ENSPD004313,Male,22.0,1,0.6391912908242613,23.0,0.7873051224944322,0.85,0.49700000000000005,1.0,2.2,7.2,Yes,No,Middle,0.0,Yes,Salle 2,149.0,0.5916666666666666,0.23344177105019717,0.1536,0.6476742668343078,1,0,1,1,False,False,True,False,False,False
ENSPD001420,Female,22.0,1,0.995334370139969,0.0,0.3229398663697105,0.672,0.344,1.0,0.2,2.1,No,Yes,Middle,0.0,Yes,Salle 11,143.0,0.29027777777777775,0.5895045553000627,0.19940000000000002,0.900740336465212,0,1,1,0,True,False,False,False,False,False
ENSPD003695,Male,20.0,4,0.9440124416796268,4.0,0.6748329621380846,0.8240000000000001,0.33799999999999997,4.0,0.2,14.9,Yes,No,Low,1.0,Yes,Salle 22,173.0,0.5944444444444444,0.3289801184136807,0.7712000000000001,0.6476742668343078,1,0,1,1,False,False,True,False,False,False
ENSPD000653,Female,22.0,1,0.6998444790046657,19.0,0.39420935412026725,0.748,0.628,2.0,2.8,20.5,Yes,No,Low,3.0,No,Salle 4,248.0,0.4847222222222223,0.3056609558705513,0.32280000000000003,0.5818364233587374,0,0,0,1,False,False,False,True,False,False
ENSPD003930,Male,26.0,2,0.6625194401244167,22.0,0.8296213808463252,0.49700000000000005,1.0,0.0,0.4,7.0,Yes,No,Middle,1.0,No,Salle 22,177.0,0.6888888888888889,0.20361012023807698,0.0,0.6476742668343078,1,0,0,1,False,False,True,False,False,False
ENSPD001738,Male,21.0,2,0.7325038880248832,17.0,0.4276169265033408,0.871,0.751,2.0,4.4,11.5,No,No,High,0.0,Yes,Salle 18,231.0,0.5263888888888889,0.2946466178659435,0.3312,0.9860656366780134,1,0,1,0,False,False,False,False,True,False
ENSPD004553,Male,20.0,1,0.9999999999999999,0.0,0.6113585746102449,0.835,0.256,0.0,3.7,11.5,Yes,No,Middle,1.0,Yes,Salle 26,149.0,0.4833333333333333,0.4147830524256111,0.0,0.6476742668343078,1,0,1,1,False,False,True,False,False,False
ENSPD004560,Other,21.0,3,0.47900466562986,34.0,0.5991091314031181,0.812,0.41700000000000004,1.0,7.0,29.7,Yes,Yes,Middle,1.0,Yes,Salle 7,185.0,0.46944444444444444,0.23327682368921535,0.133,0.6476742668343078,2,1,1,1,False,False,True,False,False,False
ENSPD004051,Female,25.0,4,0.7713841368584758,15.0,0.6113585746102449,0.7320000000000001,0.253,2.0,2.4,14.1,Yes,No,Middle,1.0,Yes,Salle 22,157.0,0.29861111111111116,0.4747367139379606,0.3412,0.900740336465212,0,0,1,1,True,False,False,False,False,False
ENSPD000325,Female,23.0,5,0.7356143079315708,17.0,0.48106904231625836,0.555,0.31,0.0,3.2,13.7,No,No,Low,2.0,Yes,Salle 3,67.0,0.31527777777777777,0.44217834604848727,0.0,0.9860656366780134,0,0,1,0,False,False,False,False,True,False
ENSPD001340,Male,23.0,2,0.8833592534992224,8.0,0.6971046770601336,0.44700000000000006,0.7340000000000001,1.0,0.3,11.8,Yes,Yes,Middle,0.0,Yes,Salle 18,185.0,0.5652777777777778,0.3247371360734399,0.185,0.900740336465212,1,1,1,1,True,False,False,False,False,False
ENSPD002283,Male,23.0,2,0.864696734059098,9.0,0.3574610244988864,0.9059999999999999,0.9870000000000001,2.0,1.4,8.7,No,Yes,Middle,1.0,Yes,Salle 7,298.0,0.7055555555555555,0.2551294006771433,0.36519999999999997,0.5818364233587374,1,1,1,0,False,False,False,True,False,False
ENSPD001895,Male,18.0,3,0.7231726283048211,18.0,0.5044543429844098,0.6509999999999999,0.685,2.0,0.0,6.5,Yes,Yes,Middle,2.0,No,Salle 21,212.0,0.4805555555555555,0.31645773655195064,0.32880000000000004,0.9860656366780134,1,1,0,1,False,False,False,False,True,False
ENSPD003748,Male,22.0,3,0.6127527216174183,25.0,0.5846325167037862,0.684,0.38,1.0,1.6,14.5,No,Yes,Middle,3.0,No,Salle 17,104.0,0.4472222222222222,0.29478992962259043,0.1502,0.0,1,1,0,0,False,True,False,False,False,False
ENSPD004133,Female,18.0,3,0.547433903576983,29.0,0.48440979955456576,0.5860000000000001,0.435,1.0,5.6,28.4,No,No,High,1.0,Yes,Salle 4,263.0,0.3652777777777778,0.31977153129430447,0.1418,0.5818364233587374,0,0,1,0,False,False,False,True,False,False
ENSPD002580,Female,22.0,3,0.4681181959564541,34.0,0.6202672605790647,0.395,0.454,0.0,3.2,18.3,Yes,No,Middle,0.0,Yes,Salle 29,154.0,0.3402777777777778,0.3025582165204965,0.0,0.7508690441401171,0,0,1,1,False,False,False,False,False,True
ENSPD003402,Male,20.0,2,0.7169517884914464,18.0,0.522271714922049,0.624,0.708,1.0,9.3,45.8,No,No,Middle,1.0,Yes,Salle 9,231.0,0.5430555555555555,0.2809218016820231,0.1636,0.9860656366780134,1,0,1,0,False,False,False,False,True,False
ENSPD002680,Male,22.0,1,0.8195956454121308,12.0,0.6135857461024499,0.414,0.39299999999999996,1.0,0.5,3.7,Yes,No,Middle,1.0,No,Salle 30,248.0,0.3666666666666667,0.43370628202283157,0.1768,0.5818364233587374,1,0,0,1,False,False,False,True,False,False
ENSPD000365,Female,21.0,2,0.906687402799378,6.0,0.6681514476614699,0.753,0.244,0.0,4.5,27.8,Yes,No,Middle,4.0,Yes,Salle 13,298.0,0.46805555555555556,0.3913026370844388,0.0,0.5818364233587374,0,0,1,1,False,False,False,True,False,False
ENSPD004638,Female,23.0,2,0.5738724727838257,27.0,0.6391982182628062,0.756,0.785,0.0,2.3,18.0,No,No,Middle,3.0,Yes,Salle 30,298.0,0.6833333333333333,0.17991150330046077,0.0,0.5818364233587374,0,0,1,0,False,False,False,True,False,False
ENSPD003302,Other,21.0,4,0.5723172628304821,28.0,0.6948775055679287,0.846,0.7759999999999999,1.0,1.2,7.3,Yes,Yes,High,0.0,Yes,Salle 28,121.0,0.7444444444444445,0.16078252542269497,0.145,0.7508690441401171,2,1,1,1,False,False,False,False,False,True
ENSPD003779,Female,22.0,4,0.46034214618973557,35.0,0.6269487750556793,0.7190000000000001,0.381,1.0,2.8,20.3,No,Yes,Middle,1.0,Yes,Salle 2,173.0,0.39861111111111114,0.2630753778265881,0.1306,0.6476742668343078,0,1,1,0,False,False,True,False,False,False
ENSPD002471,Male,18.0,4,0.5069984447900465,32.0,0.45657015590200445,0.535,0.414,1.0,0.8,8.3,Yes,No,Middle,1.0,Yes,Salle 17,157.0,0.28055555555555556,0.3658128166887401,0.1366,0.900740336465212,1,0,1,1,True,False,False,False,False,False
ENSPD001736,Female,25.0,2,0.5085536547433903,32.0,0.7104677060133631,0.569,0.79,1.0,2.2,12.9,Yes,No,Low,3.0,No,Salle 6,298.0,0.5638888888888889,0.2024871141019862,0.1368,0.5818364233587374,0,0,0,1,False,False,False,True,False,False
ENSPD002728,Male,23.0,2,0.541213063763608,30.0,0.6113585746102449,0.55,0.615,1.0,4.6,28.1,Yes,No,Low,0.0,No,Salle 11,298.0,0.3833333333333333,0.305273743831901,0.14100000000000001,0.5818364233587374,1,0,0,1,False,False,False,True,False,False
ENSPD001559,Female,23.0,2,0.80248833592535,13.0,0.5066815144766148,0.917,1.0,0.0,3.8,18.9,No,No,Middle,0.0,Yes,Salle 21,119.0,0.825,0.19753831568111316,0.0,1.0,0,0,1,0,False,False,False,False,False,False
ENSPD004113,Male,21.0,3,0.8973561430793159,7.0,0.5022271714922049,0.526,0.7859999999999999,0.0,1.3,11.5,Yes,No,Middle,3.0,Yes,Salle 25,185.0,0.5888888888888888,0.3169901350664529,0.0,0.6476742668343078,1,0,1,1,False,False,True,False,False,False
ENSPD002331,Male,22.0,5,0.9999999999999999,0.0,0.5645879732739421,0.35200000000000004,0.506,1.0,2.2,18.7,No,No,High,0.0,Yes,Salle 27,109.0,0.3416666666666667,0.5345710307336707,0.2,0.5818364233587374,1,0,1,0,False,False,False,True,False,False
ENSPD002278,Male,25.0,2,0.7231726283048211,8.0,0.24387527839643658,0.514,0.745,1.0,3.1,23.1,No,No,Low,2.0,Yes,Salle 15,71.0,0.36111111111111116,0.3973945838750962,0.16440000000000002,0.0,1,0,1,0,False,True,False,False,False,False
ENSPD002449,Male,18.0,3,0.9999999999999999,0.0,0.28507795100222716,0.802,0.663,4.0,2.4,12.0,No,No,High,2.0,Yes,Salle 10,188.0,0.5527777777777778,0.3702307208652509,0.8,0.900740336465212,1,0,1,0,True,False,False,False,False,False
ENSPD001701,Female,17.0,4,0.44323483670295494,36.0,0.6035634743875279,0.9500000000000001,0.887,0.0,0.4,4.7,Yes,No,High,2.0,Yes,Salle 30,70.0,0.8111111111111109,0.10958513157684882,0.0,0.0,0,0,1,1,False,True,False,False,False,False
ENSPD000152,Male,22.0,2,0.6920684292379472,20.0,0.8162583518930958,0.535,0.219,3.0,2.5,9.5,No,No,Low,1.0,Yes,Salle 17,177.0,0.29861111111111116,0.4375890356939337,0.48120000000000007,0.6476742668343078,1,0,1,0,False,False,True,False,False,False
ENSPD004772,Male,21.0,2,0.9999999999999999,0.0,0.6948775055679287,0.46,0.428,1.0,0.4,11.0,Yes,No,Low,1.0,Yes,Salle 22,231.0,0.45000000000000007,0.43901439195660175,0.2,0.9860656366780134,1,0,1,1,False,False,False,False,True,False
ENSPD001833,Female,23.0,2,0.20839813374805594,51.0,0.6113585746102449,0.816,0.223,1.0,0.0,2.9,Yes,No,Middle,1.0,No,Salle 11,231.0,0.2875,0.2175783466915441,0.09820000000000001,0.9860656366780134,0,0,0,1,False,False,False,False,True,False
ENSPD002191,Male,26.0,4,0.8164852255054432,12.0,0.7182628062360802,0.385,0.6559999999999999,1.0,2.8,14.7,Yes,No,Middle,1.0,Yes,Salle 3,93.0,0.4208333333333333,0.39018815510686666,0.1764,1.0,1,0,1,1,False,False,False,False,False,False
ENSPD002612,Male,21.0,3,0.7231726283048211,20.0,0.8619153674832961,0.594,0.96,0.0,1.4,5.7,Yes,No,Middle,1.0,Yes,Salle 19,104.0,0.7333333333333334,0.2055732571127241,0.0,0.0,1,0,1,1,False,True,False,False,False,False
ENSPD002372,Female,23.0,3,0.7791601866251944,14.0,0.5133630289532294,0.5750000000000001,0.42600000000000005,2.0,2.5,11.5,Yes,No,Middle,3.0,Yes,Salle 22,263.0,0.4097222222222222,0.38350882322616553,0.3432,0.5818364233587374,0,0,1,1,False,False,False,True,False,False
ENSPD000882,Female,22.0,2,0.9051321928460342,6.0,0.3363028953229399,0.755,0.6659999999999999,1.0,10.2,45.3,No,No,Middle,0.0,Yes,Salle 29,119.0,0.47916666666666674,0.38328076506352926,0.18780000000000002,1.0,0,0,1,0,False,False,False,False,False,False
ENSPD003373,Male,20.0,4,0.8600311041990668,9.0,0.8318485523385302,0.68,0.397,2.0,1.4,12.5,Yes,No,High,0.0,Yes,Salle 2,230.0,0.5041666666666667,0.3513824559906582,0.364,0.5818364233587374,1,0,1,1,False,False,False,True,False,False
ENSPD003208,Female,21.0,3,0.7900466562986003,14.0,0.7717149220489978,0.53,0.47600000000000003,0.0,8.6,40.1,Yes,No,Middle,0.0,Yes,Salle 3,185.0,0.45972222222222214,0.35366167271171844,0.0,0.6476742668343078,0,0,1,1,False,False,True,False,False,False
ENSPD002620,Male,25.0,1,0.42923794712286145,37.0,0.6224944320712694,0.375,0.609,1.0,1.1,11.5,Yes,No,Low,0.0,Yes,Salle 17,186.0,0.3680555555555556,0.2681067017447535,0.1266,0.9860656366780134,1,0,1,1,False,False,False,False,True,False
ENSPD003085,Female,23.0,1,0.7169517884914464,18.0,0.5367483296213809,0.3,0.397,3.0,2.9,23.5,Yes,No,Middle,1.0,No,Salle 26,248.0,0.21805555555555556,0.5380800454692538,0.49079999999999996,0.5818364233587374,0,0,0,1,False,False,False,True,False,False
ENSPD000501,Female,23.0,1,0.9999999999999999,0.0,0.6625835189309577,0.653,0.635,4.0,5.5,29.4,No,No,Middle,1.0,No,Salle 27,149.0,0.5888888888888888,0.34974751436067,0.8,0.6476742668343078,0,0,0,0,False,False,True,False,False,False
ENSPD002469,Male,23.0,3,0.8133748055987559,12.0,0.7115812917594654,0.639,0.584,2.0,3.4,16.6,Yes,No,Middle,2.0,Yes,Salle 5,212.0,0.4194444444444444,0.38997389948355665,0.352,0.9860656366780134,1,0,1,1,False,False,False,False,True,False
ENSPD003799,Male,23.0,3,0.9533437013996889,3.0,0.8518930957683742,0.517,0.8,1.0,0.3,5.5,Yes,Yes,Middle,2.0,No,Salle 12,188.0,0.7694444444444444,0.2552312832090117,0.194,0.900740336465212,1,1,0,1,True,False,False,False,False,False
ENSPD004585,Female,21.0,4,0.6920684292379472,20.0,0.4788418708240535,0.51,0.598,2.0,2.6,15.4,Yes,No,Middle,1.0,No,Salle 9,70.0,0.4527777777777777,0.3213841014049955,0.32080000000000003,0.0,0,0,0,1,False,True,False,False,False,False
ENSPD004711,Male,23.0,1,0.9144634525660965,6.0,0.26614699331848557,0.521,0.899,0.0,4.4,26.9,Yes,Yes,Middle,1.0,Yes,Salle 26,121.0,0.4277777777777778,0.42320343715020836,0.0,0.7508690441401171,1,1,1,1,False,False,False,False,False,True
ENSPD002954,Male,21.0,2,0.7262830482115087,18.0,0.6870824053452117,0.637,1.0,2.0,9.8,38.4,Yes,No,Low,0.0,Yes,Salle 12,298.0,0.8111111111111109,0.18220413680549621,0.3296,0.5818364233587374,1,0,1,1,False,False,False,True,False,False
ENSPD001223,Male,24.0,2,0.9999999999999999,0.0,0.732739420935412,0.594,0.35600000000000004,1.0,2.4,15.3,Yes,Yes,Middle,2.0,Yes,Salle 5,231.0,0.48749999999999993,0.4118944107250426,0.2,0.9860656366780134,1,1,1,1,False,False,False,False,True,False
ENSPD003029,Female,20.0,1,0.9999999999999999,0.0,0.3596881959910913,0.614,0.784,1.0,3.5,11.5,No,No,High,2.0,Yes,Salle 21,248.0,0.4888888888888888,0.41093812522943285,0.2,0.5818364233587374,0,0,1,0,False,False,False,True,False,False
ENSPD004552,Male,21.0,3,0.975116640746501,2.0,0.6447661469933185,0.616,0.594,0.0,1.2,0.7,Yes,No,High,1.0,Yes,Salle 16,185.0,0.5722222222222223,0.35090662970032116,0.0,0.6476742668343078,1,0,1,1,False,False,True,False,False,False
ENSPD002753,Male,23.0,2,0.8786936236391912,8.0,0.5077951002227171,0.569,0.459,1.0,2.0,11.8,Yes,No,Low,1.0,Yes,Salle 24,298.0,0.4013888888888889,0.4296089649044864,0.1844,0.5818364233587374,1,0,1,1,False,False,False,True,False,False
ENSPD004898,Male,23.0,4,0.8211508553654744,12.0,0.41759465478841873,0.525,0.855,0.0,6.0,32.8,Yes,No,Middle,0.0,Yes,Salle 1,93.0,0.6166666666666666,0.27967480066894435,0.0,1.0,1,0,1,1,False,False,False,False,False,False
ENSPD003473,Female,27.0,3,0.8678071539657853,8.0,0.8853006681514477,0.598,0.311,0.0,0.3,4.4,No,No,High,1.0,Yes,Salle 20,263.0,0.5375,0.3347054471280956,0.0,0.5818364233587374,0,0,1,0,False,False,False,True,False,False
ENSPD004243,Female,22.0,3,0.8911353032659409,7.0,0.7260579064587974,0.562,0.625,0.0,0.9,4.0,No,Yes,Low,1.0,No,Salle 22,212.0,0.5069444444444444,0.3606217395293623,0.0,0.9860656366780134,0,1,0,0,False,False,False,False,True,False
ENSPD001974,Male,20.0,3,0.525660964230171,30.0,0.6514476614699333,0.538,0.413,1.0,5.5,25.0,No,No,Middle,0.0,No,Salle 13,263.0,0.3138888888888889,0.3474934342642325,0.139,0.5818364233587374,1,0,0,0,False,False,False,True,False,False
ENSPD001122,Female,19.0,1,0.5598755832037324,28.0,0.645879732739421,0.391,0.539,0.0,2.8,21.0,Yes,No,Low,1.0,Yes,Salle 23,186.0,0.4291666666666667,0.2849336502582732,0.0,0.9860656366780134,0,0,1,1,False,False,False,False,True,False
ENSPD001177,Female,19.0,3,0.4867807153965785,33.0,0.601336302895323,0.18300000000000002,0.628,1.0,1.9,12.5,Yes,No,High,1.0,No,Salle 26,130.0,0.3736111111111111,0.28884131590845097,0.134,1.0,0,0,0,1,False,False,False,False,False,False
ENSPD001838,Male,23.0,4,0.9020217729393468,6.0,0.6425389755011137,0.44,0.47500000000000003,1.0,0.6,10.4,No,No,Middle,0.0,Yes,Salle 2,230.0,0.3763888888888889,0.4599373187741771,0.1874,0.5818364233587374,1,0,1,0,False,False,False,True,False,False
ENSPD004726,Male,21.0,4,0.9097978227060654,6.0,0.856347438752784,0.5860000000000001,0.47500000000000003,2.0,3.8,27.5,Yes,No,Low,1.0,Yes,Salle 1,230.0,0.513888888888889,0.36289926704633846,0.3768,0.5818364233587374,1,0,1,1,False,False,False,True,False,False
ENSPD003461,Male,22.0,2,0.7185069984447902,18.0,0.7873051224944322,0.344,0.735,2.0,0.6,4.2,No,No,Low,2.0,Yes,Salle 3,161.0,0.5777777777777777,0.2649312688816724,0.3276,0.7508690441401171,1,0,1,0,False,False,False,False,False,True
ENSPD003876,Male,20.0,1,0.989113530326594,1.0,0.6503340757238307,0.557,0.6709999999999999,3.0,0.4,7.7,Yes,No,Middle,1.0,Yes,Salle 18,121.0,0.5180555555555555,0.387819244490458,0.5958,0.7508690441401171,1,0,1,1,False,False,False,False,False,True
ENSPD001765,Male,24.0,2,0.9999999999999999,0.0,0.5734966592427617,0.636,0.386,1.0,0.6,8.2,Yes,No,Middle,1.0,Yes,Salle 27,231.0,0.4180555555555555,0.46428378411021,0.2,0.9860656366780134,1,0,1,1,False,False,False,False,True,False
ENSPD002400,Female,22.0,4,0.9999999999999999,0.0,0.5311804008908686,0.635,0.635,3.0,0.1,8.5,Yes,No,Middle,1.0,Yes,Salle 6,93.0,0.47777777777777775,0.4186813813791317,0.6,1.0,0,0,1,1,False,False,False,False,False,False
ENSPD001682,Female,23.0,4,0.5396578538102644,30.0,0.8674832962138084,0.868,1.0,1.0,1.1,7.0,Yes,No,Middle,3.0,Yes,Salle 21,178.0,0.9305555555555556,0.10754144771970917,0.1408,0.9860656366780134,0,0,1,1,False,False,False,False,True,False
ENSPD002272,Male,19.0,4,0.5443234836702956,29.0,0.4142538975501113,0.7320000000000001,0.642,0.0,1.5,4.8,No,No,Middle,1.0,Yes,Salle 28,121.0,0.48611111111111116,0.24894087617265023,0.0,0.7508690441401171,1,0,1,0,False,False,False,False,False,True
ENSPD000800,Female,23.0,3,0.9082426127527216,6.0,0.8151447661469934,0.295,0.506,0.0,2.4,17.9,Yes,No,Middle,2.0,Yes,Salle 8,185.0,0.4125,0.43258949242495925,0.0,0.6476742668343078,0,0,1,1,False,False,True,False,False,False
ENSPD001312,Male,19.0,3,0.5847589424572316,27.0,0.41536748329621387,0.636,0.484,1.0,4.4,24.4,Yes,No,Low,0.0,Yes,Salle 1,185.0,0.2666666666666666,0.41629233226732465,0.1466,0.6476742668343078,1,0,1,1,False,False,True,False,False,False
ENSPD000704,Male,25.0,2,0.5349922239502333,30.0,0.7060133630289532,0.445,0.455,0.0,1.7,15.4,Yes,No,Middle,1.0,Yes,Salle 22,298.0,0.29166666666666674,0.3697980646451299,0.0,0.5818364233587374,1,0,1,1,False,False,False,True,False,False
ENSPD000513,Female,25.0,4,0.6734059097978228,21.0,0.7628062360801782,0.616,0.626,3.0,3.1,22.5,No,No,Low,0.0,Yes,Salle 8,173.0,0.6375,0.2256593523690014,0.47400000000000003,0.6476742668343078,0,0,1,0,False,False,True,False,False,False
ENSPD000682,Male,24.0,2,0.7558320373250388,16.0,0.5935412026726058,0.563,0.569,0.0,1.7,11.5,No,No,Low,0.0,Yes,Salle 17,119.0,0.4708333333333333,0.33410851899541383,0.0,1.0,1,0,1,0,False,False,False,False,False,False
ENSPD000805,Male,22.0,1,0.7231726283048211,45.0,0.8708240534521159,0.613,0.7290000000000001,2.0,0.2,4.8,Yes,No,Low,0.0,Yes,Salle 11,186.0,0.5791666666666667,0.2658022363242938,0.32880000000000004,0.9860656366780134,1,0,1,1,False,False,False,False,True,False
ENSPD001246,Female,22.0,4,0.6547433903576981,22.0,0.8975501113585747,0.5750000000000001,0.48600000000000004,1.0,0.5,11.5,Yes,No,Low,0.0,Yes,Salle 3,230.0,0.5569444444444444,0.2535939639224294,0.1556,0.5818364233587374,0,0,1,1,False,False,False,True,False,False
ENSPD001876,Male,22.0,4,0.3934681181959564,39.0,0.34743875278396436,0.67,0.219,1.0,2.3,10.3,Yes,No,Middle,1.0,Yes,Salle 2,173.0,0.18333333333333335,0.3990525939613847,0.122,0.6476742668343078,1,0,1,1,False,False,True,False,False,False
ENSPD002995,Male,25.0,1,0.6391912908242613,23.0,0.6314031180400892,0.672,0.752,1.0,1.1,10.7,No,No,Middle,2.0,Yes,Salle 25,248.0,0.5388888888888889,0.25673320446256576,0.1536,0.5818364233587374,1,0,1,0,False,False,False,True,False,False
ENSPD004533,Male,23.0,5,0.6143079315707621,25.0,0.8006681514476615,0.595,0.46,1.0,1.3,13.0,Yes,No,Middle,1.0,Yes,Salle 19,67.0,0.46805555555555556,0.28372682679963335,0.1504,0.9860656366780134,1,0,1,1,False,False,False,False,True,False
ENSPD002920,Male,26.0,1,0.7620528771384137,15.0,0.6314031180400892,0.68,0.20600000000000002,0.0,0.4,6.3,Yes,No,Middle,0.0,Yes,Salle 1,121.0,0.3486111111111111,0.4243830931019602,0.0,0.7508690441401171,1,0,1,1,False,False,False,False,False,True
ENSPD001485,Male,24.0,1,0.6951788491446346,20.0,0.6113585746102449,0.6759999999999999,0.905,1.0,0.8,1.5,Yes,No,Low,0.0,No,Salle 22,186.0,0.6263888888888889,0.23669320988923517,0.16080000000000003,0.9860656366780134,1,0,0,1,False,False,False,False,True,False
ENSPD004786,Male,24.0,3,0.7200622083981337,18.0,0.7371937639198219,0.9420000000000001,0.718,1.0,3.2,14.0,Yes,No,Low,1.0,Yes,Salle 1,130.0,0.7916666666666667,0.18631956463224095,0.164,1.0,1,0,1,1,False,False,False,False,False,False
ENSPD002067,Male,24.0,4,0.4681181959564541,34.0,0.6146993318485524,0.703,0.737,1.0,0.7,0.0,Yes,No,Middle,1.0,No,Salle 11,157.0,0.7222222222222223,0.1383135262784029,0.1316,0.900740336465212,1,0,0,1,True,False,False,False,False,False
ENSPD004525,Female,23.0,4,0.9999999999999999,0.0,0.888641425389755,0.517,0.35100000000000003,1.0,0.1,6.9,Yes,Yes,Middle,0.0,No,Salle 1,93.0,0.4930555555555556,0.4080888180168666,0.2,1.0,0,1,0,1,False,False,False,False,False,False
ENSPD004298,Male,20.0,3,0.6702954898911352,21.0,0.39755011135857465,0.349,0.614,1.0,0.5,1.4,Yes,No,High,3.0,No,Salle 8,185.0,0.3291666666666666,0.40046776523626393,0.1576,0.6476742668343078,1,0,0,1,False,False,True,False,False,False
ENSPD002199,Male,21.0,1,0.9035769828926904,6.0,0.7293986636971047,0.628,0.8470000000000001,1.0,0.4,11.8,No,Yes,Low,1.0,Yes,Salle 17,149.0,0.734722222222222,0.25474029633424344,0.1876,0.6476742668343078,1,1,1,0,False,False,True,False,False,False
ENSPD001742,Female,22.0,5,0.6811819595645411,20.0,0.5055679287305123,0.596,0.325,1.0,3.7,8.8,No,No,Middle,0.0,Yes,Salle 26,40.0,0.3652777777777778,0.37633841891703335,0.159,0.0,0,0,1,0,False,True,False,False,False,False
ENSPD002775,Male,24.0,3,0.48211508553654736,33.0,0.623608017817372,0.693,0.275,0.0,2.0,17.9,Yes,Yes,Middle,2.0,No,Salle 21,188.0,0.3402777777777778,0.3087013953620479,0.0,0.900740336465212,1,1,0,1,True,False,False,False,False,False
ENSPD001309,Male,20.0,4,0.6080870917573872,25.0,0.6659242761692651,0.6,0.604,2.0,0.4,11.5,Yes,Yes,Middle,1.0,Yes,Salle 26,173.0,0.475,0.27770963204106947,0.2992,0.6476742668343078,1,1,1,1,False,False,True,False,False,False
ENSPD004641,Female,19.0,5,0.8942457231726283,7.0,0.8864142538975501,0.541,0.663,0.0,0.4,8.4,Yes,No,Low,0.0,Yes,Salle 12,80.0,0.5958333333333332,0.3124984415844856,0.0,0.900740336465212,0,0,1,1,True,False,False,False,False,False
ENSPD001307,Female,24.0,3,0.8273716951788491,11.0,0.6158129175946548,0.628,0.593,1.0,1.6,13.3,No,Yes,Low,1.0,No,Salle 27,188.0,0.44305555555555554,0.3787378608453502,0.1778,0.900740336465212,0,1,0,0,True,False,False,False,False,False
ENSPD004414,Female,24.0,3,0.5956454121306377,26.0,0.6726057906458797,0.312,0.6729999999999999,1.0,0.2,9.6,Yes,Yes,Low,1.0,No,Salle 6,212.0,0.31527777777777777,0.3783374684160452,0.148,0.9860656366780134,0,1,0,1,False,False,False,False,True,False
ENSPD003703,Male,24.0,3,0.29082426127527206,46.0,0.5612472160356348,0.718,0.493,0.0,0.4,6.4,No,Yes,Middle,0.0,No,Salle 26,263.0,0.38194444444444453,0.20277296348442123,0.0,0.5818364233587374,1,1,0,0,False,False,False,True,False,False
ENSPD002486,Other,25.0,2,0.3297045101088646,43.0,0.6124721603563474,0.7540000000000001,0.623,1.0,1.0,14.3,No,No,Low,1.0,Yes,Salle 12,231.0,0.513888888888889,0.16116420424702763,0.1138,0.9860656366780134,2,0,1,0,False,False,False,False,True,False
ENSPD002353,Female,20.0,1,0.4961119751166406,32.0,0.7394209354120267,0.7759999999999999,0.9420000000000001,1.0,0.4,7.6,Yes,No,Low,1.0,Yes,Salle 10,83.0,0.8013888888888889,0.1254851808038476,0.1352,0.0,0,0,1,1,False,True,False,False,False,False
ENSPD003349,Male,17.0,4,0.6314152410575428,24.0,0.7839643652561247,0.33899999999999997,0.524,0.0,4.8,23.6,Yes,Yes,Low,1.0,Yes,Salle 10,173.0,0.3763888888888889,0.34730830109883526,0.0,0.6476742668343078,1,1,1,1,False,False,True,False,False,False
ENSPD003130,Female,20.0,3,0.4027993779160186,38.0,0.6358574610244989,0.552,0.5870000000000001,1.0,2.7,18.2,No,No,Low,1.0,Yes,Salle 1,263.0,0.4111111111111111,0.23327681838823414,0.1232,0.5818364233587374,0,0,1,0,False,False,False,True,False,False
ENSPD004167,Male,24.0,4,0.671850699844479,21.0,0.9142538975501113,0.41200000000000003,0.883,0.0,1.0,8.2,Yes,Yes,Middle,1.0,Yes,Salle 26,178.0,0.726388888888889,0.19367435314024692,0.0,0.9860656366780134,1,1,1,1,False,False,False,False,True,False
ENSPD004905,Female,21.0,2,0.8600311041990668,9.0,0.21937639198218262,0.43,0.6809999999999999,3.0,1.6,11.5,No,No,Middle,2.0,Yes,Salle 18,298.0,0.3930555555555556,0.4287352751967509,0.546,0.5818364233587374,0,0,1,0,False,False,False,True,False,False
ENSPD001484,Male,23.0,2,0.5520995334370139,29.0,0.3986636971046771,0.6829999999999999,0.7170000000000001,0.0,1.8,10.4,No,No,Low,0.0,Yes,Salle 21,161.0,0.5166666666666666,0.23722988861326008,0.0,0.7508690441401171,1,0,1,0,False,False,False,False,False,True
ENSPD004567,Male,21.0,4,0.7947122861586314,13.0,0.8118040089086859,0.542,0.715,1.0,1.0,13.4,Yes,No,Middle,0.0,Yes,Salle 5,173.0,0.6611111111111111,0.25259140876421293,0.1736,0.6476742668343078,1,0,1,1,False,False,True,False,False,False
ENSPD003127,Female,25.0,1,0.9611197511664075,2.0,0.7149220489977729,0.642,0.7190000000000001,2.0,1.6,11.6,No,No,Middle,1.0,Yes,Salle 7,149.0,0.6666666666666667,0.29927862583283327,0.39,0.6476742668343078,0,0,1,0,False,False,True,False,False,False
ENSPD004936,Male,20.0,2,0.514774494556765,31.0,0.6481069042316259,0.5810000000000001,0.715,4.0,0.7,16.7,No,No,High,1.0,No,Salle 1,298.0,0.5833333333333334,0.19698936155448957,0.5504,0.5818364233587374,1,0,0,0,False,False,False,True,False,False
ENSPD003909,Male,26.0,4,0.8133748055987559,12.0,0.36636971046770606,0.631,0.643,1.0,1.9,18.8,Yes,No,Middle,1.0,Yes,Salle 24,230.0,0.5041666666666667,0.33496622949625443,0.176,0.5818364233587374,1,0,1,1,False,False,False,True,False,False
ENSPD002139,Male,25.0,1,0.6283048211508552,24.0,0.7416481069042317,0.6890000000000001,0.628,2.0,1.3,13.5,No,No,Middle,1.0,No,Salle 21,83.0,0.5611111111111111,0.2430035309470225,0.3044,0.0,1,0,0,0,False,True,False,False,False,False
ENSPD000854,Female,19.0,4,0.9860031104199066,1.0,0.4398663697104678,0.493,0.41500000000000004,4.0,2.3,14.2,No,No,Middle,1.0,No,Salle 12,157.0,0.3305555555555556,0.539930354356896,0.7928,0.900740336465212,0,0,0,0,True,False,False,False,False,False
ENSPD000966,Male,20.0,2,0.39968895800933124,39.0,0.4131403118040089,0.723,0.8270000000000001,2.0,1.4,1.3,Yes,No,Low,0.0,No,Salle 6,231.0,0.5875,0.15863173413534162,0.2456,0.9860656366780134,1,0,0,1,False,False,False,False,True,False
ENSPD003400,Male,23.0,2,0.514774494556765,31.0,0.6291759465478842,0.7690000000000001,0.42200000000000004,0.0,1.4,11.5,Yes,No,Middle,1.0,Yes,Salle 30,298.0,0.4361111111111111,0.2636889322043343,0.0,0.5818364233587374,1,0,1,1,False,False,False,True,False,False
ENSPD004084,Female,22.0,2,0.76049766718507,15.0,0.5155902004454344,0.514,0.552,0.0,10.2,44.6,Yes,No,Low,1.0,Yes,Salle 28,231.0,0.3666666666666667,0.40876200321992195,0.0,0.9860656366780134,0,0,1,1,False,False,False,False,True,False
ENSPD001590,Female,21.0,1,0.9673405909797824,2.0,0.6146993318485524,0.616,0.52,2.0,0.1,5.9,Yes,No,Low,2.0,No,Salle 18,83.0,0.4902777777777778,0.3982973170934615,0.3916,0.0,0,0,0,1,False,True,False,False,False,False
ENSPD003241,Male,23.0,1,0.6423017107309487,23.0,0.34743875278396436,0.615,0.538,3.0,4.0,26.7,Yes,No,High,2.0,No,Salle 1,149.0,0.36249999999999993,0.36194920478709536,0.462,0.6476742668343078,1,0,0,1,False,False,True,False,False,False
ENSPD001193,Male,19.0,3,0.7729393468118196,15.0,0.4654788418708241,0.693,0.756,1.0,0.6,9.0,No,No,Low,1.0,Yes,Salle 13,130.0,0.5499999999999999,0.29618246263867487,0.1708,1.0,1,0,1,0,False,False,False,False,False,False
ENSPD003734,Male,21.0,5,0.5101088646967341,32.0,0.7650334075723831,0.763,0.899,1.0,1.0,11.4,Yes,Yes,Middle,1.0,No,Salle 14,48.0,0.8194444444444444,0.12474734170245724,0.137,1.0,1,1,0,1,False,False,False,False,False,False
ENSPD003219,Female,23.0,5,0.6765163297045101,21.0,0.5089086859688196,0.634,0.8240000000000001,1.0,1.4,13.4,No,No,Low,1.0,Yes,Salle 19,67.0,0.6111111111111112,0.2371528873568425,0.1584,0.9860656366780134,0,0,1,0,False,False,False,False,True,False
ENSPD002665,Female,20.0,4,0.6111975116640745,25.0,0.5645879732739421,0.735,0.5479999999999999,1.0,2.8,21.1,Yes,No,Middle,1.0,Yes,Salle 4,230.0,0.5777777777777777,0.23026212340881888,0.15,0.5818364233587374,0,0,1,1,False,False,False,True,False,False
ENSPD003714,Female,21.0,4,0.7247278382581649,18.0,0.6113585746102449,0.533,0.9450000000000001,2.0,5.3,27.9,Yes,No,High,0.0,Yes,Salle 25,93.0,0.7222222222222223,0.20975249315069558,0.3292,1.0,0,0,1,1,False,False,False,False,False,False
ENSPD001101,Male,22.0,2,0.3079315707620528,44.0,0.7861915367483296,0.643,0.765,0.0,5.6,24.4,Yes,No,Middle,1.0,Yes,Salle 11,298.0,0.4902777777777778,0.1623152311612723,0.0,0.5818364233587374,1,0,1,1,False,False,False,True,False,False
ENSPD004854,Male,18.0,4,0.9860031104199066,1.0,0.799554565701559,0.42600000000000005,0.635,3.0,1.3,6.0,No,Yes,Middle,0.0,Yes,Salle 3,178.0,0.6652777777777776,0.307232593476338,0.5945999999999999,0.9860656366780134,1,1,1,0,False,False,False,False,True,False
ENSPD004327,Male,20.0,1,0.8335925349922239,11.0,0.5835189309576838,0.308,0.7490000000000001,1.0,1.8,14.8,Yes,Yes,Middle,2.0,Yes,Salle 27,248.0,0.5513888888888888,0.3156660755197419,0.1786,0.5818364233587374,1,1,1,1,False,False,False,True,False,False
ENSPD001213,Male,20.0,5,0.8491446345256609,10.0,0.5712694877505569,0.741,0.5650000000000001,1.0,0.0,6.6,Yes,No,Middle,1.0,Yes,Salle 3,109.0,0.5569444444444444,0.3178886905069438,0.1806,0.5818364233587374,1,0,1,1,False,False,False,True,False,False
ENSPD003111,Female,24.0,2,0.7433903576982893,16.0,0.6993318485523385,0.61,0.635,1.0,4.5,28.0,No,No,Middle,1.0,Yes,Salle 9,298.0,0.7486111111111111,0.20603889223158003,0.167,0.5818364233587374,0,0,1,0,False,False,False,True,False,False
ENSPD004266,Male,19.0,2,0.9999999999999999,0.0,0.6302895322939867,0.616,0.545,1.0,0.2,15.5,No,No,Low,1.0,No,Salle 16,231.0,0.6638888888888889,0.3119989391846749,0.2,0.9860656366780134,1,0,0,0,False,False,False,False,True,False
ENSPD003582,Female,23.0,1,0.9455676516329704,4.0,0.5701559020044543,0.762,0.675,2.0,1.4,16.9,Yes,No,Low,1.0,Yes,Salle 26,248.0,0.6513888888888888,0.30163029450349266,0.386,0.5818364233587374,0,0,1,1,False,False,False,True,False,False
ENSPD001597,Male,20.0,2,0.7356143079315708,17.0,0.47327394209354123,0.457,0.68,1.0,0.5,8.8,No,No,High,1.0,No,Salle 16,298.0,0.45000000000000007,0.33946395488624936,0.166,0.5818364233587374,1,0,0,0,False,False,False,True,False,False
ENSPD000289,Male,19.0,2,0.6656298600311042,22.0,0.8830734966592427,0.8029999999999999,0.665,1.0,4.5,19.3,Yes,Yes,Middle,0.0,Yes,Salle 20,161.0,0.7124999999999999,0.19649335073146781,0.157,0.7508690441401171,1,1,1,1,False,False,False,False,False,True
ENSPD003328,Male,20.0,1,0.5536547433903577,29.0,0.6948775055679287,0.46399999999999997,0.701,0.0,0.9,14.1,Yes,No,Middle,1.0,Yes,Salle 27,149.0,0.5013888888888889,0.24489845035438138,0.0,0.6476742668343078,1,0,1,1,False,False,True,False,False,False
ENSPD000773,Male,22.0,4,0.7293934681181958,17.0,0.6592427616926504,0.616,0.766,1.0,8.5,30.1,Yes,No,Middle,1.0,Yes,Salle 2,157.0,0.6722222222222222,0.22903266686886906,0.16519999999999999,0.900740336465212,1,0,1,1,True,False,False,False,False,False
ENSPD001114,Male,20.0,3,0.5536547433903577,29.0,0.2962138084632517,0.43700000000000006,0.735,1.0,0.2,6.1,Yes,No,Middle,1.0,Yes,Salle 28,104.0,0.36249999999999993,0.324305100514081,0.1426,0.0,1,0,1,1,False,True,False,False,False,False
ENSPD003688,Male,23.0,2,0.8351477449455676,11.0,0.3775055679287305,0.614,0.654,0.0,3.8,15.3,Yes,No,High,3.0,Yes,Salle 10,298.0,0.4847222222222223,0.3544151705028713,0.0,0.5818364233587374,1,0,1,1,False,False,False,True,False,False
ENSPD000304,Female,19.0,3,0.6003110419906686,26.0,0.8697104677060133,0.8059999999999999,0.657,1.0,2.0,14.2,No,No,Low,1.0,Yes,Salle 22,263.0,0.6722222222222222,0.19128986573048892,0.1486,0.5818364233587374,0,0,1,0,False,False,False,True,False,False
ENSPD002584,Male,23.0,2,0.567651632970451,28.0,0.6091314031180401,0.334,0.43200000000000005,1.0,2.7,11.5,No,No,High,1.0,Yes,Salle 10,231.0,0.2597222222222222,0.41446147284169965,0.1444,0.9860656366780134,1,0,1,0,False,False,False,False,True,False
ENSPD001161,Female,22.0,3,0.9331259720062209,4.0,0.5857461024498887,0.568,0.9279999999999999,2.0,2.9,22.7,Yes,Yes,Middle,2.0,Yes,Salle 26,263.0,0.6486111111111111,0.2991863821818892,0.38280000000000003,0.5818364233587374,0,1,1,1,False,False,False,True,False,False
ENSPD003197,Female,21.0,2,0.5132192846034215,31.0,0.9064587973273941,0.616,0.5860000000000001,3.0,3.0,15.2,Yes,No,High,0.0,Yes,Salle 5,71.0,0.5486111111111112,0.21016887436555962,0.41220000000000007,0.0,0,0,1,1,False,True,False,False,False,False
ENSPD002050,Male,23.0,4,0.5427682737169516,29.0,0.4409799554565701,0.616,0.8270000000000001,0.0,1.3,13.4,Yes,No,Low,1.0,Yes,Salle 29,178.0,0.6611111111111111,0.1780923450052085,0.0,0.9860656366780134,1,0,1,1,False,False,False,False,True,False
ENSPD001768,Male,26.0,1,0.6842923794712287,20.0,0.6091314031180401,0.616,0.5700000000000001,2.0,0.1,13.6,Yes,No,Middle,1.0,Yes,Salle 10,149.0,0.4722222222222222,0.3070844711169536,0.31880000000000003,0.6476742668343078,1,0,1,1,False,False,True,False,False,False
ENSPD002651,Male,25.0,3,0.9999999999999999,0.0,0.49777282850779514,0.616,0.635,0.0,0.3,9.1,No,Yes,Middle,3.0,No,Salle 20,130.0,0.5958333333333332,0.3459931735617786,0.0,1.0,1,1,0,0,False,False,False,False,False,False
ENSPD000592,Female,20.0,1,0.31415241057542764,44.0,0.6135857461024499,0.855,0.227,1.0,1.3,9.2,Yes,No,Middle,2.0,Yes,Salle 26,121.0,0.44166666666666665,0.18433988493855194,0.1118,0.7508690441401171,0,0,1,1,False,False,False,False,False,True
ENSPD002299,Male,22.0,3,0.39813374805598745,39.0,0.7193763919821826,0.36,0.756,1.0,0.0,0.0,Yes,No,Middle,1.0,Yes,Salle 16,185.0,0.4930555555555556,0.19343337309491845,0.1226,0.6476742668343078,1,0,1,1,False,False,True,False,False,False
ENSPD001488,Female,18.0,2,0.7045101088646967,19.0,0.6659242761692651,0.5870000000000001,0.881,3.0,0.1,4.1,Yes,No,Middle,1.0,Yes,Salle 10,185.0,0.6652777777777776,0.22434719447060367,0.486,0.900740336465212,0,0,1,1,True,False,False,False,False,False
ENSPD000567,Male,23.0,2,0.3063763608087091,45.0,0.8875278396436526,0.765,0.505,2.0,9.2,40.3,Yes,Yes,Middle,1.0,No,Salle 6,185.0,0.5930555555555557,0.12713531189582225,0.2216,0.900740336465212,1,1,0,1,True,False,False,False,False,False
ENSPD000844,Female,21.0,5,0.5614307931570762,28.0,0.5467706013363028,0.691,0.35600000000000004,2.0,0.9,6.2,Yes,Yes,Middle,1.0,Yes,Salle 5,80.0,0.4361111111111111,0.2815784095245635,0.2872,0.900740336465212,0,1,1,1,True,False,False,False,False,False
ENSPD000164,Male,22.0,3,0.9999999999999999,0.0,0.6146993318485524,0.303,0.505,2.0,1.8,12.4,Yes,No,High,0.0,Yes,Salle 18,185.0,0.3833333333333333,0.4943457958327371,0.4,0.6476742668343078,1,0,1,1,False,False,True,False,False,False
ENSPD002827,Female,25.0,1,0.7729393468118196,15.0,0.6002227171492205,0.688,0.499,1.0,2.8,23.7,Yes,Yes,Low,2.0,No,Salle 20,248.0,0.5222222222222221,0.31074689698591473,0.1708,0.5818364233587374,0,1,0,1,False,False,False,True,False,False
ENSPD004325,Female,24.0,1,0.541213063763608,30.0,0.534521158129176,0.616,0.49,0.0,1.4,2.5,Yes,No,Middle,1.0,Yes,Salle 2,96.0,0.4625,0.2596888686862596,0.0,1.0,0,0,1,1,False,False,False,False,False,False
ENSPD004308,Female,23.0,5,0.968895800933126,2.0,0.6492204899777283,0.588,0.7040000000000001,0.0,1.7,5.5,Yes,No,Low,0.0,Yes,Salle 2,109.0,0.5,0.392404535026074,0.0,0.5818364233587374,0,0,1,1,False,False,False,True,False,False
ENSPD001494,Male,21.0,1,0.9097978227060654,6.0,0.5957683741648108,0.5710000000000001,0.6890000000000001,5.0,0.7,6.3,Yes,No,High,0.0,Yes,Salle 27,248.0,0.5305555555555556,0.35294208922726145,0.9420000000000001,0.5818364233587374,1,0,1,1,False,False,False,True,False,False
ENSPD002942,Female,22.0,1,0.7231726283048211,18.0,0.579064587973274,0.525,0.595,2.0,0.9,4.1,Yes,No,Middle,1.0,No,Salle 19,121.0,0.4930555555555556,0.30935840665741765,0.32880000000000004,0.7508690441401171,0,0,0,1,False,False,False,False,False,True
ENSPD001990,Female,20.0,4,0.5225505443234836,31.0,0.6726057906458797,1.0,0.635,2.0,4.6,11.5,Yes,Yes,Middle,1.0,Yes,Salle 16,173.0,0.4458333333333333,0.26143953895556515,0.2772,0.6476742668343078,0,1,1,1,False,False,True,False,False,False
ENSPD004672,Female,22.0,1,0.5925349922239501,26.0,0.6258351893095769,0.7070000000000001,0.49700000000000005,3.0,3.7,23.3,Yes,No,Middle,0.0,Yes,Salle 2,143.0,0.47777777777777775,0.27058383890082693,0.44279999999999997,0.900740336465212,0,0,1,1,True,False,False,False,False,False
ENSPD002285,Male,19.0,4,0.48522550544323495,33.0,0.5211581291759466,0.41600000000000004,0.6759999999999999,1.0,0.4,9.7,Yes,Yes,Middle,0.0,Yes,Salle 27,178.0,0.4277777777777778,0.25679154401668036,0.1338,0.9860656366780134,1,1,1,1,False,False,False,False,True,False
ENSPD003047,Male,22.0,4,0.7029548989113531,19.0,0.6336302895322939,0.742,0.483,0.0,0.3,2.4,Yes,No,High,0.0,Yes,Salle 27,70.0,0.5888888888888888,0.2549496439789206,0.0,0.0,1,0,1,1,False,True,False,False,False,False
ENSPD002769,Male,24.0,1,0.255054432348367,48.0,0.8129175946547884,0.38799999999999996,0.409,2.0,10.1,11.5,Yes,No,Middle,1.0,No,Salle 10,83.0,0.35,0.20390209364819126,0.2084,0.0,1,0,0,1,False,True,False,False,False,False
ENSPD001938,Female,23.0,2,0.43234836702954893,36.0,0.6269487750556793,0.843,0.918,1.0,1.4,11.5,Yes,No,Middle,0.0,Yes,Salle 24,298.0,0.7694444444444444,0.11646264539583531,0.127,0.5818364233587374,0,0,1,1,False,False,False,True,False,False
ENSPD004850,Male,21.0,3,0.7231726283048211,11.0,0.6280623608017817,0.6559999999999999,0.636,0.0,2.3,12.3,Yes,No,High,1.0,Yes,Salle 26,188.0,0.5375,0.28578827432318343,0.0,0.900740336465212,1,0,1,1,True,False,False,False,False,False
ENSPD000438,Female,20.0,3,0.7651632970451011,15.0,0.2048997772828508,0.915,1.0,0.0,2.0,13.9,No,No,Middle,0.0,Yes,Salle 4,185.0,0.7680555555555555,0.20555688638730088,0.0,0.6476742668343078,0,0,1,0,False,False,True,False,False,False
ENSPD001702,Male,25.0,5,0.7185069984447902,18.0,0.2182628062360802,0.877,0.8440000000000001,2.0,3.7,17.5,Yes,No,Middle,1.0,Yes,Salle 23,80.0,0.6638888888888889,0.22899680019678323,0.3276,0.900740336465212,1,0,1,1,True,False,False,False,False,False
ENSPD003426,Female,21.0,3,0.5660964230171072,28.0,0.7249443207126949,0.452,0.665,0.0,3.5,17.9,Yes,No,Middle,1.0,Yes,Salle 28,188.0,0.4736111111111111,0.2631082301934381,0.0,0.900740336465212,0,0,1,1,True,False,False,False,False,False
ENSPD002820,Male,22.0,4,0.56298600311042,28.0,0.856347438752784,0.452,0.46399999999999997,2.0,0.3,3.3,Yes,No,Middle,1.0,Yes,Salle 22,157.0,0.37083333333333335,0.32255809122898593,0.2876,0.900740336465212,1,0,1,1,True,False,False,False,False,False
ENSPD000589,Male,22.0,5,0.7231726283048211,8.0,0.5501113585746102,0.751,1.0,1.0,0.7,5.1,Yes,No,Middle,1.0,Yes,Salle 6,60.0,0.7375,0.20418865832386815,0.16440000000000002,0.7508690441401171,1,0,1,1,False,False,False,False,False,True
ENSPD001836,Female,21.0,1,0.37947122861586313,40.0,0.6625835189309577,0.711,0.635,1.0,0.7,4.6,Yes,No,Low,1.0,No,Salle 21,248.0,0.48611111111111116,0.1896412541156526,0.1202,0.5818364233587374,0,0,0,1,False,False,False,True,False,False
ENSPD004942,Male,21.0,4,0.9999999999999999,0.0,0.6247216035634744,0.635,0.48200000000000004,1.0,2.8,20.4,Yes,No,High,0.0,Yes,Salle 12,157.0,0.5666666666666667,0.3621556106394114,0.2,0.900740336465212,1,0,1,1,True,False,False,False,False,False
ENSPD002338,Male,22.0,5,0.5878693623639192,26.0,0.3162583518930958,0.663,0.629,0.0,1.0,9.0,Yes,No,Middle,0.0,Yes,Salle 7,109.0,0.42361111111111116,0.29906145787295924,0.0,0.5818364233587374,1,0,1,1,False,False,False,True,False,False
ENSPD001706,Male,25.0,4,0.8102643856920683,12.0,0.48440979955456576,0.41000000000000003,0.757,5.0,0.2,0.4,Yes,Yes,Middle,1.0,Yes,Salle 26,230.0,0.5277777777777778,0.3205260324457492,0.878,0.5818364233587374,1,1,1,1,False,False,False,True,False,False
ENSPD001355,Male,22.0,3,0.9999999999999999,0.0,0.6848552338530067,0.612,0.897,1.0,1.5,14.9,Yes,No,Middle,1.0,Yes,Salle 13,212.0,0.6625000000000001,0.3126457308473619,0.2,0.9860656366780134,1,0,1,1,False,False,False,False,True,False
ENSPD002154,Female,23.0,3,0.7231726283048211,28.0,0.534521158129176,0.258,0.294,1.0,0.4,11.5,No,No,Middle,1.0,Yes,Salle 27,263.0,0.15000000000000002,0.6405815468454956,0.16440000000000002,0.5818364233587374,0,0,1,0,False,False,False,True,False,False
ENSPD000843,Male,28.0,4,0.8553654743390359,9.0,0.6759465478841872,0.7190000000000001,0.37200000000000005,0.0,1.3,11.0,Yes,No,High,2.0,Yes,Salle 28,178.0,0.475,0.3678987782636959,0.0,0.9860656366780134,1,0,1,1,False,False,False,False,True,False
ENSPD000293,Female,19.0,3,0.6236391912908242,24.0,0.7639198218262806,0.616,0.821,0.0,2.6,15.6,No,No,High,3.0,Yes,Salle 4,263.0,0.7291666666666667,0.1794421932136996,0.0,0.5818364233587374,0,0,1,0,False,False,False,True,False,False
ENSPD000231,Female,21.0,1,0.8833592534992224,8.0,0.4888641425389756,0.59,0.495,1.0,1.0,5.2,No,No,Middle,1.0,No,Salle 30,121.0,0.49722222222222223,0.36388011921910113,0.185,0.7508690441401171,0,0,0,0,False,False,False,False,False,True
ENSPD004713,Male,24.0,2,0.7744945567651632,14.0,0.24721603563474387,0.6859999999999999,0.493,1.0,3.8,11.5,Yes,No,Low,3.0,No,Salle 10,119.0,0.3388888888888889,0.4382516299509418,0.171,1.0,1,0,0,1,False,False,False,False,False,False
ENSPD000510,Female,21.0,1,0.9999999999999999,0.0,0.7717149220489978,0.691,0.29300000000000004,1.0,3.0,14.3,Yes,Yes,High,0.0,Yes,Salle 6,96.0,0.4736111111111111,0.4216408457616967,0.2,1.0,0,1,1,1,False,False,False,False,False,False
ENSPD001927,Female,21.0,1,0.6734059097978228,21.0,0.8062360801781737,0.439,0.845,4.0,3.5,30.4,No,No,Middle,0.0,Yes,Salle 21,143.0,0.6819444444444445,0.20918418931622326,0.632,0.900740336465212,0,0,1,0,True,False,False,False,False,False
ENSPD003500,Female,28.0,2,0.7231726283048211,31.0,0.3997772828507795,0.616,0.368,5.0,0.4,12.1,Yes,No,Low,1.0,Yes,Salle 26,177.0,0.29999999999999993,0.4508202949886566,0.8220000000000001,0.5818364233587374,0,0,1,1,False,False,False,True,False,False
ENSPD004824,Male,21.0,3,0.8273716951788491,11.0,0.7973273942093541,0.616,0.79,2.0,2.3,19.1,Yes,No,Middle,1.0,Yes,Salle 5,263.0,0.7013888888888888,0.24616195592430803,0.3556,0.5818364233587374,1,0,1,1,False,False,False,True,False,False
ENSPD001543,Male,17.0,4,0.5598755832037324,28.0,0.6269487750556793,0.392,0.526,1.0,2.5,10.9,Yes,No,Middle,0.0,Yes,Salle 15,173.0,0.3652777777777778,0.32503356735223266,0.1434,0.6476742668343078,1,0,1,1,False,False,True,False,False,False
ENSPD000492,Female,21.0,2,0.8242612752721618,11.0,0.690423162583519,0.466,0.4,0.0,0.2,2.2,No,Yes,Middle,1.0,Yes,Salle 24,298.0,0.31944444444444453,0.47852527084318364,0.0,0.5818364233587374,0,1,1,0,False,False,False,True,False,False
ENSPD002792,Other,21.0,2,0.5692068429237945,28.0,0.5757238307349666,0.986,0.585,3.0,0.4,13.0,Yes,No,Middle,0.0,Yes,Salle 5,177.0,0.6583333333333332,0.18685203613741316,0.43379999999999996,0.6476742668343078,2,0,1,1,False,False,True,False,False,False
ENSPD000552,Female,21.0,4,0.9999999999999999,0.0,0.566815144766147,0.75,0.569,0.0,8.1,39.6,No,No,Middle,0.0,Yes,Salle 6,157.0,0.5847222222222221,0.3520277158278685,0.0,0.900740336465212,0,0,1,0,True,False,False,False,False,False
ENSPD001894,Male,21.0,2,0.7931570762052876,13.0,0.5089086859688196,0.41200000000000003,0.98,0.0,0.0,11.1,No,No,Low,2.0,Yes,Salle 19,177.0,0.6138888888888889,0.27224439908078635,0.0,0.6476742668343078,1,0,1,0,False,False,True,False,False,False
ENSPD004295,Male,24.0,2,0.7838258164852253,14.0,0.4064587973273942,0.5700000000000001,0.886,1.0,4.3,16.8,No,No,Middle,2.0,Yes,Salle 3,177.0,0.6166666666666666,0.26811544568566203,0.1722,0.6476742668343078,1,0,1,0,False,False,True,False,False,False
ENSPD002979,Female,23.0,4,0.8989113530326595,6.0,0.5556792873051225,1.0,0.425,1.0,4.1,23.5,Yes,No,Low,2.0,Yes,Salle 14,230.0,0.5972222222222222,0.313280451715081,0.187,0.5818364233587374,0,0,1,1,False,False,False,True,False,False
ENSPD002176,Female,20.0,1,0.8631415241057544,9.0,0.7060133630289532,0.7240000000000001,0.7270000000000001,1.0,0.5,6.4,Yes,Yes,Middle,0.0,No,Salle 30,248.0,0.7291666666666667,0.24567816361370806,0.1824,0.5818364233587374,0,1,0,1,False,False,False,True,False,False
ENSPD004237,Male,24.0,1,0.6702954898911352,21.0,0.7193763919821826,0.451,0.787,0.0,0.7,9.3,Yes,No,Middle,1.0,No,Salle 18,121.0,0.6875,0.20633106796404907,0.0,0.7508690441401171,1,0,0,1,False,False,False,False,False,True
ENSPD004386,Male,22.0,2,0.76049766718507,15.0,0.3752783964365256,0.997,0.507,1.0,2.5,27.0,Yes,No,Middle,2.0,No,Salle 16,298.0,0.4638888888888889,0.3400805856209397,0.1692,0.5818364233587374,1,0,0,1,False,False,False,True,False,False
ENSPD002123,Female,22.0,4,0.6749611197511663,21.0,0.544543429844098,0.7240000000000001,0.996,3.0,1.3,5.2,Yes,No,Low,1.0,Yes,Salle 6,178.0,0.7361111111111112,0.1914032533350903,0.47459999999999997,0.9860656366780134,0,0,1,1,False,False,False,False,True,False
ENSPD001842,Male,26.0,4,0.6003110419906686,26.0,0.5757238307349666,0.45299999999999996,0.7220000000000001,2.0,2.6,21.4,Yes,No,Middle,1.0,Yes,Salle 29,230.0,0.4708333333333333,0.277087767710123,0.2972,0.5818364233587374,1,0,1,1,False,False,False,True,False,False
ENSPD002555,Male,24.0,1,0.906687402799378,6.0,0.5712694877505569,0.48600000000000004,0.635,3.0,2.3,10.6,No,No,Middle,2.0,Yes,Salle 13,149.0,0.4027777777777778,0.43973235082765316,0.5640000000000001,0.6476742668343078,1,0,1,0,False,False,True,False,False,False
ENSPD004755,Female,27.0,2,0.8506998444790047,10.0,0.5902004454342985,0.524,0.499,2.0,1.2,6.2,Yes,No,Middle,1.0,Yes,Salle 28,231.0,0.4291666666666667,0.3974753267991381,0.36160000000000003,0.9860656366780134,0,0,1,1,False,False,False,False,True,False
ENSPD001349,Other,25.0,1,0.5334370139968895,30.0,0.6113585746102449,0.42600000000000005,0.875,0.0,2.1,6.7,No,No,Middle,1.0,Yes,Salle 2,248.0,0.5791666666666667,0.20459761907247667,0.0,0.5818364233587374,2,0,1,0,False,False,False,True,False,False
ENSPD002935,Female,23.0,4,0.6734059097978228,21.0,0.5857461024498887,0.5479999999999999,0.6459999999999999,1.0,0.4,10.0,Yes,No,Low,0.0,No,Salle 26,178.0,0.4819444444444444,0.29766349515129464,0.158,0.9860656366780134,0,0,0,1,False,False,False,False,True,False
ENSPD001345,Female,20.0,3,0.9346811819595645,4.0,0.5712694877505569,0.48,0.8109999999999999,0.0,4.6,22.0,No,Yes,Middle,0.0,Yes,Salle 21,154.0,0.5833333333333334,0.3318189538385028,0.0,0.7508690441401171,0,1,1,0,False,False,False,False,False,True
ENSPD001165,Male,20.0,2,0.6531881804043546,22.0,0.5389755011135858,0.62,0.613,1.0,0.5,7.9,Yes,Yes,Low,0.0,Yes,Salle 22,231.0,0.513888888888889,0.2736598961029436,0.1554,0.9860656366780134,1,1,1,1,False,False,False,False,True,False
ENSPD000027,Male,26.0,3,0.6080870917573872,25.0,0.5389755011135858,0.36700000000000005,0.44799999999999995,3.0,3.4,17.1,Yes,No,Low,1.0,Yes,Salle 12,263.0,0.29861111111111116,0.39825619990614036,0.4488,0.5818364233587374,1,0,1,1,False,False,False,True,False,False
ENSPD002121,Female,21.0,5,0.8833592534992224,8.0,0.40757238307349664,0.445,0.775,0.0,0.3,10.3,Yes,No,Middle,3.0,No,Salle 13,60.0,0.4722222222222222,0.3799434339004384,0.0,0.7508690441401171,0,0,0,1,False,False,False,False,False,True
ENSPD004678,Female,25.0,2,0.7153965785381026,18.0,0.46325167037861914,0.652,0.46799999999999997,2.0,2.8,11.0,Yes,No,Middle,3.0,Yes,Salle 4,161.0,0.3638888888888888,0.3918968426181042,0.32680000000000003,0.7508690441401171,0,0,1,1,False,False,False,False,False,True
ENSPD002652,Male,21.0,3,0.6889580093312596,20.0,0.4031180400890869,0.49700000000000005,0.64,0.0,1.0,11.8,Yes,No,Middle,1.0,No,Salle 21,154.0,0.39583333333333337,0.35723555298461496,0.0,0.7508690441401171,1,0,0,1,False,False,False,False,False,True
ENSPD002045,Female,20.0,5,0.7138413685847588,18.0,0.6503340757238307,0.516,0.433,2.0,0.1,7.6,No,No,Middle,1.0,No,Salle 16,109.0,0.45833333333333337,0.32616416744601273,0.32639999999999997,0.5818364233587374,0,0,0,0,False,False,False,True,False,False
ENSPD002675,Female,24.0,2,0.5567651632970451,28.0,0.6191536748329621,0.573,0.315,1.0,2.6,15.7,Yes,No,Middle,1.0,No,Salle 18,161.0,0.32361111111111107,0.35405963069509017,0.14300000000000002,0.7508690441401171,0,0,0,1,False,False,False,False,False,True
ENSPD001711,Male,22.0,3,0.7091757387247278,19.0,0.6135857461024499,0.535,0.535,1.0,2.4,15.0,No,No,High,0.0,No,Salle 15,185.0,0.3555555555555555,0.3958486560589356,0.1626,0.6476742668343078,1,0,0,0,False,False,True,False,False,False
ENSPD000598,Male,24.0,4,0.9129082426127527,6.0,0.489977728285078,0.429,0.635,0.0,0.0,3.2,No,No,Middle,2.0,Yes,Salle 8,121.0,0.17638888888888887,0.7095670470009954,0.0,0.7508690441401171,1,0,1,0,False,False,False,False,False,True
ENSPD002662,Female,23.0,2,0.7962674961119752,13.0,0.6113585746102449,0.547,0.635,1.0,1.4,5.5,Yes,No,Low,0.0,Yes,Salle 18,231.0,0.6416666666666667,0.26111293213332054,0.1738,0.9860656366780134,0,0,1,1,False,False,False,False,True,False
ENSPD000264,Male,21.0,4,0.6220839813374807,24.0,0.5801781737193764,0.41000000000000003,0.45299999999999996,1.0,0.8,8.3,Yes,Yes,Low,0.0,Yes,Salle 19,157.0,0.3680555555555556,0.3493400451799169,0.1514,0.900740336465212,1,1,1,1,True,False,False,False,False,False
ENSPD000909,Male,17.0,3,0.5956454121306377,26.0,0.7717149220489978,0.49,0.7440000000000001,3.0,2.0,11.5,No,No,Middle,3.0,Yes,Salle 9,188.0,0.5972222222222222,0.21737447430260978,0.444,0.900740336465212,1,0,1,0,True,False,False,False,False,False
ENSPD002472,Female,23.0,5,0.6842923794712287,20.0,0.7928730512249444,0.529,0.635,2.0,1.2,11.6,Yes,No,Middle,0.0,Yes,Salle 9,48.0,0.3472222222222222,0.3917929176319829,0.31880000000000003,1.0,0,0,1,1,False,False,False,False,False,False
ENSPD002561,Female,23.0,3,0.6951788491446346,20.0,0.5824053452115813,0.48,0.878,3.0,0.6,8.4,No,No,Low,2.0,Yes,Salle 21,188.0,0.6208333333333333,0.23895105712212253,0.48240000000000005,0.900740336465212,0,0,1,0,True,False,False,False,False,False
ENSPD001016,Female,24.0,2,0.5303265940902021,30.0,0.6503340757238307,0.332,1.0,1.0,1.4,0.0,Yes,No,Low,2.0,No,Salle 10,177.0,0.6083333333333333,0.19261876743443532,0.1396,0.6476742668343078,0,0,0,1,False,False,True,False,False,False
ENSPD003652,Male,22.0,4,0.9999999999999999,0.0,0.643652561247216,0.174,0.658,2.0,2.3,12.3,Yes,No,Low,0.0,Yes,Salle 29,230.0,0.47916666666666674,0.41770173198961036,0.4,0.5818364233587374,1,0,1,1,False,False,False,True,False,False
ENSPD004627,Male,23.0,1,0.7449455676516329,16.0,0.6325167037861915,0.314,0.761,2.0,2.7,15.3,Yes,No,Middle,2.0,Yes,Salle 20,149.0,0.5902777777777778,0.2677188425024748,0.3344,0.6476742668343078,1,0,1,1,False,False,True,False,False,False
ENSPD001173,Female,22.0,2,0.4930015552099535,33.0,0.5645879732739421,0.763,0.522,1.0,1.2,14.7,Yes,No,Middle,1.0,Yes,Salle 20,298.0,0.46944444444444444,0.23841769457983072,0.1348,0.5818364233587374,0,0,1,1,False,False,False,True,False,False
ENSPD000979,Male,25.0,2,0.47122861586314146,34.0,0.4610244988864143,0.693,0.425,1.0,4.5,20.9,Yes,Yes,Middle,2.0,No,Salle 23,71.0,0.4027777777777778,0.2650871867352832,0.132,0.0,1,1,0,1,False,True,False,False,False,False
ENSPD001580,Male,21.0,2,0.80248833592535,13.0,0.8162583518930958,0.269,0.7190000000000001,1.0,1.5,12.6,Yes,No,Middle,0.0,No,Salle 29,231.0,0.5875,0.2873758879708578,0.1746,0.9860656366780134,1,0,0,1,False,False,False,False,True,False
ENSPD001659,Male,22.0,2,0.8678071539657853,8.0,0.6648106904231627,0.645,0.454,1.0,0.0,6.3,Yes,No,Middle,0.0,No,Salle 7,298.0,0.4708333333333333,0.37516345992082334,0.183,0.5818364233587374,1,0,0,1,False,False,False,True,False,False
ENSPD001676,Male,21.0,4,0.6687402799377916,21.0,0.45322939866369716,0.609,0.32299999999999995,3.0,4.6,25.7,Yes,Yes,Low,1.0,No,Salle 14,121.0,0.23749999999999993,0.48925019309458595,0.47220000000000006,0.7508690441401171,1,1,0,1,False,False,False,False,False,True
ENSPD003459,Female,21.0,1,0.7231726283048211,20.0,0.6113585746102449,0.608,0.649,2.0,0.0,0.3,Yes,No,Middle,0.0,Yes,Salle 24,121.0,0.49444444444444435,0.30858300743385114,0.32880000000000004,0.7508690441401171,0,0,1,1,False,False,False,False,False,True
ENSPD004081,Female,18.0,5,0.5692068429237945,28.0,0.688195991091314,0.611,0.635,1.0,0.5,6.1,No,No,Low,1.0,Yes,Salle 12,60.0,0.7958333333333334,0.14584655477508388,0.1446,0.7508690441401171,0,0,1,0,False,False,False,False,False,True
ENSPD000929,Female,28.0,1,0.7045101088646967,19.0,0.489977728285078,0.9309999999999999,0.395,1.0,3.3,19.5,No,No,Low,2.0,Yes,Salle 16,143.0,0.43194444444444435,0.3391080688794893,0.162,0.900740336465212,0,0,1,0,True,False,False,False,False,False
ENSPD002475,Male,19.0,3,0.6189735614307931,24.0,0.700445434298441,0.9109999999999999,0.399,2.0,0.5,7.6,Yes,Yes,Middle,2.0,Yes,Salle 10,104.0,0.5111111111111111,0.2631224388424702,0.302,0.0,1,1,1,1,False,True,False,False,False,False
ENSPD001725,Female,23.0,4,0.6905132192846034,20.0,0.5868596881959911,0.647,0.603,1.0,0.6,4.1,Yes,No,Low,1.0,No,Salle 23,230.0,0.4736111111111111,0.3085656110015409,0.16019999999999998,0.5818364233587374,0,0,0,1,False,False,False,True,False,False
ENSPD001239,Female,22.0,3,0.6765163297045101,21.0,0.42538975501113585,0.541,0.6459999999999999,1.0,2.0,6.0,Yes,No,Middle,0.0,Yes,Salle 4,130.0,0.4736111111111111,0.30345165566062937,0.1584,1.0,0,0,1,1,False,False,False,False,False,False
ENSPD002339,Male,22.0,1,0.603421461897356,26.0,0.8630289532293988,0.7540000000000001,0.9209999999999999,1.0,0.1,7.1,Yes,Yes,Middle,2.0,Yes,Salle 24,96.0,0.8388888888888888,0.14357123924385365,0.149,1.0,1,1,1,1,False,False,False,False,False,False
ENSPD002746,Female,20.0,1,0.6423017107309487,23.0,0.5011135857461025,0.5760000000000001,0.145,1.0,1.8,12.7,Yes,No,Low,1.0,No,Salle 5,186.0,0.175,0.5537116053621297,0.154,0.9860656366780134,0,0,0,1,False,False,False,False,True,False
ENSPD002402,Male,22.0,4,0.9999999999999999,0.0,0.8786191536748329,0.593,0.52,1.0,0.4,10.4,No,No,Low,1.0,No,Salle 2,230.0,0.623611111111111,0.3315271084936129,0.2,0.5818364233587374,1,0,0,0,False,False,False,True,False,False
ENSPD003857,Male,22.0,2,0.7760497667185068,14.0,0.6993318485523385,1.0,0.5660000000000001,3.0,3.9,11.5,No,No,High,1.0,No,Salle 28,177.0,0.6694444444444445,0.24376498212794215,0.5136,0.6476742668343078,1,0,0,0,False,False,True,False,False,False
ENSPD000817,Female,21.0,4,0.7325038880248832,17.0,0.6703786191536749,0.524,0.325,0.0,0.3,10.7,Yes,No,Middle,4.0,No,Salle 9,230.0,0.3208333333333333,0.4356854832277841,0.0,0.5818364233587374,0,0,0,1,False,False,False,True,False,False
ENSPD002836,Female,23.0,1,0.7884914463452567,14.0,0.7048997772828508,0.603,0.413,2.0,0.8,7.8,Yes,No,Middle,0.0,Yes,Salle 16,143.0,0.4111111111111111,0.3862047432526823,0.3456,0.900740336465212,0,0,1,1,True,False,False,False,False,False
ENSPD004660,Female,20.0,4,0.6640746500777605,22.0,0.4276169265033408,0.616,0.501,1.0,0.8,5.4,Yes,No,Middle,0.0,Yes,Salle 8,121.0,0.2777777777777778,0.44430636725711414,0.15680000000000002,0.7508690441401171,0,0,1,1,False,False,False,False,False,True
ENSPD000716,Female,20.0,1,0.9611197511664075,2.0,0.8251670378619154,0.7290000000000001,0.239,1.0,0.5,0.0,Yes,No,Low,2.0,Yes,Salle 10,121.0,0.4986111111111111,0.3905619604056414,0.195,0.7508690441401171,0,0,1,1,False,False,False,False,False,True
ENSPD002514,Male,20.0,4,0.6796267496111975,21.0,0.6614699331848551,0.6950000000000001,0.904,2.0,0.3,11.3,Yes,No,Middle,1.0,Yes,Salle 21,157.0,0.6736111111111112,0.21397765839575886,0.31760000000000005,0.900740336465212,1,0,1,1,True,False,False,False,False,False
ENSPD004613,Male,24.0,1,0.7480559875583203,16.0,0.8663697104677061,0.454,0.779,2.0,1.5,5.8,Yes,No,Middle,2.0,Yes,Salle 12,149.0,0.7138888888888888,0.21916509463404413,0.3352,0.6476742668343078,1,0,1,1,False,False,True,False,False,False
ENSPD001294,Female,26.0,2,0.7682737169517885,15.0,0.7728285077951002,0.342,0.578,1.0,0.6,4.1,No,No,Middle,0.0,No,Salle 7,185.0,0.4652777777777778,0.3420934348855841,0.1702,0.900740336465212,0,0,0,0,True,False,False,False,False,False
ENSPD001062,Other,21.0,3,0.5614307931570762,28.0,0.7850779510022272,0.28300000000000003,0.672,0.0,2.0,18.1,No,No,Low,0.0,No,Salle 6,185.0,0.44305555555555554,0.2776931577445352,0.0,0.6476742668343078,2,0,0,0,False,False,True,False,False,False
ENSPD001632,Male,21.0,2,0.6936236391912908,20.0,0.8619153674832961,0.6559999999999999,0.937,2.0,1.1,7.9,Yes,Yes,High,1.0,No,Salle 21,231.0,0.8097222222222222,0.17421815136462324,0.3212,0.9860656366780134,1,1,0,1,False,False,False,False,True,False
ENSPD004624,Female,22.0,2,0.525660964230171,30.0,0.6113585746102449,0.8079999999999999,0.511,1.0,0.1,2.5,Yes,No,Middle,1.0,No,Salle 25,177.0,0.5166666666666666,0.22806597407646448,0.139,0.6476742668343078,0,0,0,1,False,False,True,False,False,False
ENSPD001254,Male,21.0,4,0.9611197511664075,2.0,0.4376391982182628,0.23600000000000002,0.48600000000000004,0.0,2.5,13.0,Yes,No,Low,1.0,Yes,Salle 9,178.0,0.31944444444444453,0.5405421234881486,0.0,0.9860656366780134,1,0,1,1,False,False,False,False,True,False
ENSPD000389,Female,23.0,4,0.9455676516329704,4.0,0.601336302895323,0.616,0.376,0.0,1.2,9.8,Yes,Yes,Middle,1.0,Yes,Salle 8,121.0,0.4208333333333333,0.4407000136828936,0.0,0.7508690441401171,0,1,1,1,False,False,False,False,False,True
ENSPD000399,Female,24.0,2,0.43234836702954893,36.0,0.7761692650334077,0.8170000000000001,0.55,0.0,2.8,20.9,Yes,No,High,1.0,Yes,Salle 3,298.0,0.513888888888889,0.19685995262438558,0.0,0.5818364233587374,0,0,1,1,False,False,False,True,False,False
ENSPD004656,Male,24.0,4,0.8367029548989114,10.0,0.42873051224944325,0.397,0.24,3.0,8.5,39.4,Yes,No,Middle,2.0,No,Salle 23,121.0,0.16944444444444445,0.6765921368542879,0.537,0.7508690441401171,1,0,0,1,False,False,False,False,False,True
ENSPD003266,Male,25.0,4,0.8833592534992224,8.0,0.5579064587973274,0.409,0.6,1.0,0.3,0.0,Yes,No,Middle,2.0,Yes,Salle 18,230.0,0.4,0.4325954085990613,0.185,0.5818364233587374,1,0,1,1,False,False,False,True,False,False
ENSPD001891,Male,20.0,1,0.7465007776049767,16.0,0.8641425389755011,0.405,0.635,1.0,2.8,21.5,No,No,Middle,0.0,Yes,Salle 20,248.0,0.5597222222222222,0.28258511448792056,0.16740000000000002,0.5818364233587374,1,0,1,0,False,False,False,True,False,False
ENSPD000200,Female,25.0,4,0.4774494556765164,34.0,0.7371937639198219,0.433,0.669,2.0,1.7,16.3,Yes,No,Middle,0.0,Yes,Salle 12,230.0,0.5402777777777777,0.20155685506710277,0.2656,0.5818364233587374,0,0,1,1,False,False,False,True,False,False
ENSPD002885,Male,19.0,5,0.0,64.0,0.47438752783964366,1.0,0.971,0.0,1.4,8.9,Yes,No,Low,1.0,Yes,Salle 2,70.0,0.7791666666666666,0.0,0.0,0.6476742668343078,1,0,1,1,False,False,True,False,False,False
ENSPD002984,Female,19.0,3,0.6796267496111975,21.0,0.4766146993318485,0.622,0.41100000000000003,1.0,2.9,8.3,Yes,No,Middle,0.0,No,Salle 11,188.0,0.3763888888888889,0.36737439045478704,0.15880000000000002,0.900740336465212,0,0,0,1,True,False,False,False,False,False
ENSPD001118,Female,21.0,5,0.76049766718507,15.0,0.5389755011135858,0.465,0.616,1.0,3.0,12.2,Yes,No,Middle,1.0,Yes,Salle 24,67.0,0.3833333333333333,0.3956437754661989,0.1692,0.9860656366780134,0,0,1,1,False,False,False,False,True,False
ENSPD001875,Female,20.0,4,0.500777604976672,32.0,0.40423162583518935,0.42100000000000004,0.7240000000000001,1.0,1.6,10.1,Yes,No,Low,3.0,Yes,Salle 11,70.0,0.42499999999999993,0.2643428834779745,0.1358,0.0,0,0,1,1,False,True,False,False,False,False
ENSPD004735,Male,22.0,5,0.47278382581648504,34.0,0.6336302895322939,0.616,0.45799999999999996,0.0,3.2,13.8,Yes,No,Middle,0.0,Yes,Salle 17,67.0,0.44861111111111107,0.24119654187123543,0.0,0.9860656366780134,1,0,1,1,False,False,False,False,True,False
ENSPD001410,Female,23.0,3,0.4463452566096423,36.0,0.45657015590200445,0.61,0.713,1.0,2.4,11.5,No,No,Middle,2.0,Yes,Salle 7,212.0,0.47916666666666674,0.21681871189641558,0.12880000000000003,0.9860656366780134,0,0,1,0,False,False,False,False,True,False
ENSPD000441,Male,21.0,1,0.9129082426127527,6.0,0.4933184855233853,0.708,0.886,0.0,2.0,13.5,No,No,Low,1.0,Yes,Salle 13,143.0,0.7138888888888888,0.2654283403992054,0.0,0.900740336465212,1,0,1,0,True,False,False,False,False,False
ENSPD000721,Female,21.0,1,0.8055987558320373,12.0,0.5968819599109131,0.667,0.6890000000000001,1.0,1.6,13.7,Yes,No,Middle,2.0,No,Salle 19,121.0,0.6013888888888889,0.28182950394868256,0.17500000000000002,0.7508690441401171,0,0,0,1,False,False,False,False,False,True
ENSPD003944,Male,23.0,1,0.9999999999999999,0.0,0.5801781737193764,0.891,0.645,3.0,2.1,13.0,Yes,No,Middle,0.0,Yes,Salle 18,186.0,0.5708333333333333,0.3597820556820529,0.6,0.9860656366780134,1,0,1,1,False,False,False,False,True,False
ENSPD000538,Male,24.0,2,0.6671850699844478,21.0,0.37082405345211583,0.8079999999999999,0.92,1.0,1.7,14.1,No,No,Low,0.0,Yes,Salle 5,119.0,0.5944444444444444,0.24116988726214342,0.15719999999999998,1.0,1,0,1,0,False,False,False,False,False,False
ENSPD003777,Female,21.0,5,0.8491446345256609,10.0,0.579064587973274,0.546,1.0,2.0,2.9,17.8,Yes,No,High,1.0,No,Salle 11,80.0,0.5986111111111111,0.2968721730955649,0.3612,0.900740336465212,0,0,0,1,True,False,False,False,False,False
ENSPD003648,Male,22.0,3,0.48055987558320357,33.0,0.47772828507795106,0.441,0.631,1.0,3.4,18.9,Yes,No,Middle,1.0,No,Salle 26,188.0,0.37222222222222223,0.28710744334084337,0.13319999999999999,0.900740336465212,1,0,0,1,True,False,False,False,False,False
ENSPD001303,Male,24.0,3,0.6298600311041992,24.0,0.8585746102449888,0.715,0.635,0.0,2.3,19.8,Yes,No,High,1.0,Yes,Salle 2,212.0,0.5208333333333334,0.2621524684186498,0.0,0.9860656366780134,1,0,1,1,False,False,False,False,True,False
ENSPD002360,Male,19.0,4,0.749611197511664,16.0,0.5144766146993318,0.56,0.903,2.0,1.2,1.9,Yes,No,Middle,1.0,No,Salle 13,121.0,0.726388888888889,0.21523650570550903,0.3356,0.7508690441401171,1,0,0,1,False,False,False,False,False,True
ENSPD002912,Male,19.0,3,0.8911353032659409,7.0,0.3919821826280624,0.615,0.96,0.0,1.0,7.2,Yes,No,Middle,0.0,Yes,Salle 5,154.0,0.6208333333333333,0.2993695414556742,0.0,0.7508690441401171,1,0,1,1,False,False,False,False,False,True
ENSPD002219,Female,22.0,4,0.8693623639191289,8.0,0.7227171492204899,0.792,0.533,3.0,1.9,4.4,Yes,Yes,Middle,0.0,Yes,Salle 19,173.0,0.5875,0.3087503999976038,0.5495999999999999,0.6476742668343078,0,1,1,1,False,False,True,False,False,False
ENSPD003681,Female,20.0,2,0.9564541213063763,3.0,0.6247216035634744,0.5770000000000001,0.761,1.0,5.7,26.1,No,No,Low,1.0,Yes,Salle 14,185.0,0.6083333333333333,0.3257698846351267,0.19440000000000002,0.900740336465212,0,0,1,0,True,False,False,False,False,False
ENSPD000138,Female,21.0,3,0.6469673405909798,23.0,0.4721603563474388,0.474,0.583,0.0,3.7,22.5,No,No,Middle,1.0,Yes,Salle 28,154.0,0.4819444444444444,0.28810390216225024,0.0,0.7508690441401171,0,0,1,0,False,False,False,False,False,True
ENSPD001905,Female,28.0,4,0.6609642301710731,22.0,0.8006681514476615,0.4,0.909,2.0,0.3,11.5,Yes,No,Middle,1.0,Yes,Salle 1,173.0,0.6000000000000001,0.23687269002701347,0.3128,0.6476742668343078,0,0,1,1,False,False,True,False,False,False
ENSPD004249,Female,23.0,4,0.6267496111975116,24.0,1.0,0.6829999999999999,0.5920000000000001,1.0,4.0,20.7,Yes,No,High,1.0,Yes,Salle 27,121.0,0.6638888888888889,0.20194085433885164,0.152,0.7508690441401171,0,0,1,1,False,False,False,False,False,True
ENSPD004116,Male,21.0,4,0.5987558320373251,26.0,0.3685968819599109,0.5,0.47100000000000003,1.0,1.3,6.4,Yes,Yes,Low,2.0,Yes,Salle 12,230.0,0.3375,0.3620270612595612,0.1484,0.5818364233587374,1,1,1,1,False,False,False,True,False,False
ENSPD003071,Female,24.0,1,0.9284603421461898,5.0,0.43207126948775054,1.0,0.613,0.0,2.4,12.4,Yes,No,High,2.0,No,Salle 27,248.0,0.6916666666666667,0.2789186968312365,0.0,0.5818364233587374,0,0,0,1,False,False,False,True,False,False
ENSPD004768,Male,20.0,3,0.9082426127527216,6.0,0.4654788418708241,0.778,0.564,1.0,4.0,22.3,No,No,Middle,1.0,Yes,Salle 17,104.0,0.5402777777777777,0.3467871496840508,0.1882,0.0,1,0,1,0,False,True,False,False,False,False
ENSPD002364,Male,24.0,1,0.9999999999999999,0.0,0.6603563474387528,0.79,0.998,0.0,2.7,18.1,No,No,Middle,1.0,Yes,Salle 3,248.0,0.8583333333333334,0.2364688898430373,0.0,0.5818364233587374,1,0,1,0,False,False,False,True,False,False
ENSPD002026,Male,24.0,4,0.9999999999999999,0.0,1.0,0.608,0.652,0.0,2.9,16.1,No,Yes,Middle,1.0,Yes,Salle 25,230.0,0.6708333333333333,0.3087921189791655,0.0,0.5818364233587374,1,1,1,0,False,False,False,True,False,False
ENSPD004894,Male,22.0,1,0.47433903576982883,34.0,0.4799554565701559,0.5750000000000001,0.629,3.0,11.3,43.6,Yes,No,Low,0.0,Yes,Salle 10,143.0,0.3597222222222223,0.2924043883550804,0.39720000000000005,0.900740336465212,1,0,1,1,True,False,False,False,False,False
ENSPD004177,Female,22.0,3,0.6998444790046657,19.0,0.4721603563474388,0.9159999999999999,0.773,1.0,6.1,25.6,Yes,No,Middle,2.0,Yes,Salle 9,263.0,0.6847222222222222,0.2158372699010457,0.16140000000000002,0.5818364233587374,0,0,1,1,False,False,False,True,False,False
ENSPD004369,Male,20.0,2,0.6391912908242613,23.0,0.6347438752783965,0.765,0.45,1.0,2.5,10.3,Yes,No,Middle,0.0,Yes,Salle 4,298.0,0.5013888888888889,0.2750963711933271,0.1536,0.5818364233587374,1,0,1,1,False,False,False,True,False,False
ENSPD003458,Female,25.0,3,0.8833592534992224,8.0,0.6804008908685969,0.616,0.809,0.0,2.3,12.1,No,No,Low,1.0,Yes,Salle 13,154.0,0.7527777777777778,0.24253129487812372,0.0,0.7508690441401171,0,0,1,0,False,False,False,False,False,True
ENSPD001471,Male,20.0,2,0.7636080870917573,15.0,0.9320712694877507,0.616,0.635,2.0,1.2,14.1,No,No,Middle,0.0,No,Salle 18,119.0,0.6305555555555554,0.2559003312717876,0.3392,1.0,1,0,0,0,False,False,False,False,False,False
ENSPD000947,Male,22.0,2,0.9999999999999999,0.0,0.5033407572383074,0.594,0.456,2.0,1.7,11.7,No,No,Middle,3.0,Yes,Salle 27,185.0,0.37916666666666665,0.49815325375307606,0.4,0.900740336465212,1,0,1,0,True,False,False,False,False,False
ENSPD000020,Male,26.0,4,0.46034214618973557,35.0,0.7527839643652561,0.6609999999999999,0.531,2.0,1.4,28.8,Yes,Yes,Middle,1.0,Yes,Salle 27,230.0,0.625,0.16516741252997472,0.2612,0.5818364233587374,1,1,1,1,False,False,False,True,False,False
ENSPD001048,Male,27.0,1,0.7713841368584758,15.0,0.8830734966592427,0.138,0.43,0.0,3.1,14.9,Yes,No,Middle,2.0,Yes,Salle 21,121.0,0.2666666666666666,0.5084400124758234,0.0,0.7508690441401171,1,0,1,1,False,False,False,False,False,True
ENSPD003332,Female,22.0,2,0.6749611197511663,21.0,0.6269487750556793,0.616,0.36700000000000005,0.0,0.9,12.5,Yes,No,Low,1.0,Yes,Salle 18,185.0,0.4375,0.3242471569286288,0.0,0.900740336465212,0,0,1,1,True,False,False,False,False,False
ENSPD001470,Female,21.0,2,0.8926905132192845,7.0,0.49443207126948774,0.758,0.696,1.0,0.5,7.8,No,Yes,Middle,1.0,No,Salle 18,298.0,0.6375,0.29209636895876234,0.1862,0.5818364233587374,0,1,0,0,False,False,False,True,False,False
ENSPD003959,Male,19.0,2,0.6765163297045101,21.0,0.7538975501113586,0.616,0.593,0.0,0.0,12.0,No,No,Middle,0.0,No,Salle 19,71.0,0.523611111111111,0.2768490154968464,0.0,0.0,1,0,0,0,False,True,False,False,False,False
ENSPD002566,Male,23.0,4,0.7651632970451011,15.0,0.9944320712694878,0.318,0.986,1.0,1.3,12.5,No,No,Middle,1.0,Yes,Salle 2,230.0,0.786111111111111,0.19982037970083613,0.1698,0.5818364233587374,1,0,1,0,False,False,False,True,False,False
ENSPD000630,Male,21.0,1,0.7356143079315708,17.0,0.8418708240534521,0.584,0.843,1.0,0.1,11.0,No,No,Low,1.0,No,Salle 23,248.0,0.7749999999999999,0.1954975852631999,0.166,0.5818364233587374,1,0,0,0,False,False,False,True,False,False
ENSPD000460,Male,24.0,2,0.9113530326594089,6.0,0.4788418708240535,0.7590000000000001,0.8490000000000001,1.0,2.3,17.7,Yes,No,Low,1.0,Yes,Salle 1,185.0,0.6402777777777777,0.2964682543246093,0.1886,0.900740336465212,1,0,1,1,True,False,False,False,False,False
ENSPD001423,Male,22.0,2,0.8678071539657853,8.0,0.9398663697104677,0.33799999999999997,0.635,2.0,0.3,11.5,Yes,No,Middle,1.0,No,Salle 19,161.0,0.3402777777777778,0.4779801012181285,0.366,0.7508690441401171,1,0,0,1,False,False,False,False,False,True
ENSPD002422,Male,23.0,5,0.7853810264385693,14.0,0.47438752783964366,0.881,0.635,1.0,1.7,9.3,Yes,No,Middle,0.0,Yes,Salle 19,80.0,0.5277777777777778,0.3120139149644675,0.1724,0.900740336465212,1,0,1,1,True,False,False,False,False,False
ENSPD000910,Male,27.0,3,0.43234836702954893,36.0,0.6113585746102449,0.617,0.44,2.0,1.4,11.4,Yes,No,Low,2.0,Yes,Salle 30,104.0,0.4458333333333333,0.22729101761195933,0.254,0.0,1,0,1,1,False,True,False,False,False,False
ENSPD000101,Male,19.0,2,0.7869362363919129,14.0,0.6369710467706015,0.61,0.62,1.0,0.9,6.9,Yes,No,Middle,0.0,Yes,Salle 6,71.0,0.6222222222222222,0.266633695394182,0.1726,0.0,1,0,1,1,False,True,False,False,False,False
ENSPD004928,Male,19.0,1,0.44167962674961103,36.0,0.6670378619153674,0.685,0.635,1.0,1.4,8.3,Yes,No,Middle,0.0,No,Salle 5,248.0,0.4805555555555555,0.21450009505393522,0.12819999999999998,0.5818364233587374,1,0,0,1,False,False,False,True,False,False
ENSPD001789,Male,22.0,3,0.9735614307931569,2.0,0.489977728285078,0.718,0.56,0.0,2.6,15.1,Yes,No,Middle,1.0,Yes,Salle 17,212.0,0.4388888888888889,0.43746278850571474,0.0,0.9860656366780134,1,0,1,1,False,False,False,False,True,False
ENSPD001870,Female,25.0,3,0.6609642301710731,22.0,0.5334075723830736,0.526,0.535,1.0,3.0,14.1,Yes,No,Middle,0.0,Yes,Salle 9,212.0,0.44166666666666665,0.3163512172087225,0.1564,0.9860656366780134,0,0,1,1,False,False,False,False,True,False
ENSPD004234,Female,24.0,4,0.8693623639191289,8.0,0.5712694877505569,0.616,0.418,1.0,1.4,9.6,Yes,No,Low,0.0,Yes,Salle 12,93.0,0.2972222222222223,0.5221209893684876,0.1832,1.0,0,0,1,1,False,False,False,False,False,False
ENSPD001197,Female,21.0,5,0.926905132192846,5.0,0.6113585746102449,0.668,0.542,0.0,4.0,19.2,No,No,Middle,0.0,Yes,Salle 23,70.0,0.513888888888889,0.3688485584425648,0.0,0.6476742668343078,0,0,1,0,False,False,True,False,False,False
ENSPD002060,Male,21.0,1,0.6734059097978228,21.0,0.8741648106904232,0.633,0.735,1.0,3.6,18.7,Yes,No,Middle,1.0,Yes,Salle 14,248.0,0.6958333333333333,0.20433070288892521,0.158,0.5818364233587374,1,0,1,1,False,False,False,True,False,False
ENSPD003066,Male,25.0,3,0.7947122861586314,13.0,0.6113585746102449,0.616,0.6709999999999999,0.0,1.3,16.7,Yes,Yes,High,1.0,No,Salle 22,188.0,0.5861111111111111,0.28555021480660536,0.0,0.900740336465212,1,1,0,1,True,False,False,False,False,False
ENSPD002458,Female,19.0,4,0.8491446345256609,10.0,0.6737193763919822,0.6940000000000001,0.574,2.0,2.0,12.0,Yes,No,Low,1.0,Yes,Salle 1,157.0,0.5638888888888889,0.3142486824188061,0.3612,0.900740336465212,0,0,1,1,True,False,False,False,False,False
ENSPD000061,Male,22.0,3,0.9999999999999999,0.0,0.6247216035634744,0.616,0.34700000000000003,1.0,6.6,33.5,Yes,No,Low,0.0,Yes,Salle 11,188.0,0.44444444444444453,0.44325780282769534,0.2,0.900740336465212,1,0,1,1,True,False,False,False,False,False
ENSPD003743,Female,24.0,5,0.48211508553654736,33.0,0.755011135857461,0.8290000000000001,1.0,0.0,2.4,13.5,Yes,No,Middle,2.0,Yes,Salle 18,109.0,0.8569444444444445,0.10921573545575483,0.0,0.5818364233587374,0,0,1,1,False,False,False,True,False,False
ENSPD000535,Female,21.0,3,0.984447900466563,1.0,0.6425389755011137,0.6729999999999999,0.623,0.0,0.4,3.9,Yes,No,Middle,1.0,No,Salle 15,185.0,0.576388888888889,0.3516192758792611,0.0,0.6476742668343078,0,0,0,1,False,False,True,False,False,False
ENSPD001462,Female,22.0,1,0.5614307931570762,28.0,0.6837416481069042,0.943,0.7320000000000001,0.0,3.1,11.5,Yes,No,Middle,2.0,Yes,Salle 2,186.0,0.7375,0.15980962236644783,0.0,0.9860656366780134,0,0,1,1,False,False,False,False,True,False
ENSPD001442,Male,25.0,3,0.8895800933125974,7.0,0.46659242761692654,0.489,0.27899999999999997,1.0,2.5,18.1,No,Yes,High,1.0,Yes,Salle 11,188.0,0.2791666666666667,0.5519725237154358,0.18580000000000002,0.900740336465212,1,1,1,0,True,False,False,False,False,False
ENSPD002526,Male,21.0,3,0.7153965785381026,18.0,0.6570155902004455,0.604,0.619,1.0,1.4,0.3,Yes,No,Low,5.0,Yes,Salle 14,185.0,0.6486111111111111,0.23397552375659467,0.16340000000000002,0.6476742668343078,1,0,1,1,False,False,True,False,False,False
ENSPD002229,Male,20.0,4,0.5800933125972006,27.0,0.6447661469933185,0.48100000000000004,0.316,2.0,1.1,15.7,No,No,Middle,1.0,No,Salle 16,178.0,0.2333333333333334,0.4476225351297405,0.292,0.9860656366780134,1,0,0,0,False,False,False,False,True,False
ENSPD004658,Male,23.0,2,0.687402799377916,20.0,0.6113585746102449,0.555,0.7190000000000001,1.0,0.3,12.9,Yes,No,High,3.0,Yes,Salle 25,298.0,0.5499999999999999,0.2676675466740326,0.15980000000000003,0.5818364233587374,1,0,1,1,False,False,False,True,False,False
ENSPD000229,Female,19.0,1,0.7527216174183514,16.0,0.36636971046770606,0.556,0.99,1.0,6.5,32.3,No,No,Low,2.0,Yes,Salle 12,248.0,0.5708333333333333,0.2792710589486118,0.1682,0.5818364233587374,0,0,1,0,False,False,False,True,False,False
ENSPD004640,Female,21.0,1,0.6765163297045101,21.0,0.5423162583518931,0.9259999999999999,0.703,0.0,5.1,21.6,No,Yes,High,0.0,Yes,Salle 22,96.0,0.7111111111111112,0.20001779863556,0.0,1.0,0,1,1,0,False,False,False,False,False,False
ENSPD004910,Male,20.0,1,0.8662519440124418,9.0,0.7427616926503342,0.73,0.669,0.0,1.8,10.2,No,No,Middle,1.0,No,Salle 4,248.0,0.6444444444444444,0.2809923917996964,0.0,0.5818364233587374,1,0,0,0,False,False,False,True,False,False
ENSPD003934,Male,21.0,3,0.6003110419906686,26.0,0.4487750556792873,0.7120000000000001,0.513,2.0,3.9,18.4,Yes,No,Middle,2.0,Yes,Salle 25,154.0,0.46666666666666656,0.2793254302495295,0.2972,0.7508690441401171,1,0,1,1,False,False,False,False,False,True
ENSPD000603,Male,23.0,2,0.7931570762052876,13.0,0.47772828507795106,0.626,0.8250000000000001,0.0,2.6,12.1,Yes,No,Low,2.0,Yes,Salle 11,231.0,0.6805555555555556,0.24440035993982503,0.0,0.9860656366780134,1,0,1,1,False,False,False,False,True,False
ENSPD000564,Male,23.0,2,0.6796267496111975,21.0,0.6948775055679287,0.6759999999999999,0.875,0.0,4.1,13.5,Yes,No,Middle,0.0,Yes,Salle 1,298.0,0.7013888888888888,0.2041932886857589,0.0,0.5818364233587374,1,0,1,1,False,False,False,True,False,False
ENSPD004677,Male,23.0,2,0.4136858475894245,38.0,0.6603563474387528,0.63,0.828,3.0,0.9,12.0,Yes,No,Middle,1.0,Yes,Salle 11,119.0,0.5916666666666666,0.1616935459440527,0.37379999999999997,1.0,1,0,1,1,False,False,False,False,False,False
ENSPD003676,Male,25.0,2,0.5365474339035771,30.0,0.6113585746102449,0.8029999999999999,0.659,1.0,0.9,1.6,Yes,No,Middle,2.0,Yes,Salle 21,298.0,0.5083333333333333,0.23563616371107274,0.1404,0.5818364233587374,1,0,1,1,False,False,False,True,False,False
ENSPD000530,Female,25.0,1,0.3483670295489891,42.0,0.566815144766147,0.716,0.655,2.0,1.6,13.6,Yes,No,Low,1.0,Yes,Salle 15,121.0,0.5569444444444444,0.1522654748252346,0.23240000000000002,0.7508690441401171,0,0,1,1,False,False,False,False,False,True
ENSPD002713,Male,21.0,2,0.405909797822706,38.0,0.7149220489977729,0.38200000000000006,0.7190000000000001,2.0,0.1,7.5,No,Yes,Middle,0.0,Yes,Salle 25,185.0,0.5277777777777778,0.18220412337492028,0.2472,0.900740336465212,1,1,1,0,True,False,False,False,False,False
ENSPD000944,Female,21.0,1,0.9657853810264384,2.0,0.6302895322939867,0.616,0.406,1.0,2.1,10.9,Yes,No,High,1.0,Yes,Salle 21,186.0,0.5013888888888889,0.3903975234874838,0.1956,0.9860656366780134,0,0,1,1,False,False,False,False,True,False
ENSPD002568,Male,25.0,1,0.6391912908242613,23.0,0.5044543429844098,0.761,0.5650000000000001,1.0,2.0,10.6,No,No,Middle,1.0,Yes,Salle 4,143.0,0.47638888888888886,0.2882965604447594,0.1536,0.900740336465212,1,0,1,0,True,False,False,False,False,False
ENSPD004140,Male,24.0,1,0.8880248833592533,7.0,0.6135857461024499,0.6459999999999999,0.359,0.0,0.7,11.5,No,No,Middle,0.0,Yes,Salle 3,121.0,0.4027777777777778,0.43224755808083726,0.0,0.7508690441401171,1,0,1,0,False,False,False,False,False,True
ENSPD002032,Male,18.0,5,0.6174183514774495,25.0,0.6113585746102449,0.68,0.8140000000000001,1.0,2.3,17.6,No,Yes,Middle,1.0,Yes,Salle 15,80.0,0.6638888888888889,0.19918940221770617,0.15080000000000002,0.900740336465212,1,1,1,0,True,False,False,False,False,False
ENSPD000003,Female,21.0,4,0.7744945567651632,14.0,0.5590200445434298,0.616,0.728,2.0,0.1,11.5,No,No,Low,2.0,Yes,Salle 5,70.0,0.7430555555555556,0.21636774637837855,0.342,0.0,0,0,1,0,False,True,False,False,False,False
ENSPD002440,Male,19.0,2,0.6143079315707621,25.0,0.4053452115812918,0.768,0.696,0.0,0.6,8.4,No,No,Middle,2.0,Yes,Salle 29,177.0,0.47916666666666674,0.27776075169996906,0.0,0.6476742668343078,1,0,1,0,False,False,True,False,False,False
ENSPD001171,Female,22.0,5,0.948678071539658,3.0,0.7293986636971047,0.7140000000000001,0.527,2.0,3.9,21.1,No,No,Low,2.0,Yes,Salle 21,67.0,0.5833333333333334,0.33631327358130325,0.38680000000000003,0.9860656366780134,0,0,1,0,False,False,False,False,True,False
ENSPD000094,Male,24.0,2,0.7122861586314152,18.0,0.6447661469933185,0.35600000000000004,0.635,2.0,3.5,17.4,No,No,Middle,1.0,Yes,Salle 18,231.0,0.475,0.31571386346821384,0.326,0.9860656366780134,1,0,1,0,False,False,False,False,True,False
ENSPD003279,Male,24.0,1,0.7449455676516329,16.0,0.4866369710467706,1.0,0.8940000000000001,1.0,4.1,20.6,No,Yes,High,1.0,Yes,Salle 30,248.0,0.7625,0.2019408588013001,0.1672,0.5818364233587374,1,1,1,0,False,False,False,True,False,False
ENSPD002793,Male,23.0,2,0.7791601866251944,14.0,0.9320712694877507,0.6809999999999999,0.37700000000000006,1.0,6.8,31.6,Yes,No,Middle,3.0,Yes,Salle 14,231.0,0.49444444444444435,0.32851699670860035,0.1716,0.9860656366780134,1,0,1,1,False,False,False,False,True,False
ENSPD003139,Male,23.0,2,0.8149300155520994,12.0,0.601336302895323,0.8890000000000001,0.603,2.0,0.7,6.9,Yes,Yes,High,0.0,Yes,Salle 6,71.0,0.5916666666666666,0.2893559050984339,0.3524,0.0,1,1,1,1,False,True,False,False,False,False
ENSPD002602,Male,22.0,1,0.8242612752721618,11.0,0.6191536748329621,0.6459999999999999,1.0,3.0,1.4,8.5,Yes,No,Middle,3.0,Yes,Salle 18,248.0,0.8055555555555556,0.20908492248119417,0.5322,0.5818364233587374,1,0,1,1,False,False,False,True,False,False
ENSPD003129,Female,24.0,2,0.7309486780715396,17.0,0.534521158129176,0.616,0.708,1.0,1.4,1.7,No,No,Low,2.0,Yes,Salle 4,161.0,0.47777777777777775,0.32089178271979313,0.16540000000000002,0.7508690441401171,0,0,1,0,False,False,False,False,False,True
ENSPD004322,Female,22.0,1,0.5038880248833592,32.0,0.2761692650334076,0.743,0.9490000000000001,1.0,0.8,11.2,Yes,No,Low,0.0,Yes,Salle 22,186.0,0.5652777777777778,0.20041226439692209,0.1362,0.9860656366780134,0,0,1,1,False,False,False,False,True,False
ENSPD004573,Male,21.0,2,0.6951788491446346,20.0,0.5489977728285078,0.615,0.49100000000000005,0.0,1.8,18.4,Yes,No,High,1.0,Yes,Salle 26,231.0,0.5041666666666667,0.29337845571043164,0.0,0.9860656366780134,1,0,1,1,False,False,False,False,True,False
ENSPD000267,Female,20.0,1,0.8678071539657853,8.0,0.5267260579064588,0.428,0.721,0.0,1.4,11.5,No,No,Middle,3.0,Yes,Salle 26,96.0,0.4541666666666666,0.38636359833068223,0.0,1.0,0,0,1,0,False,False,False,False,False,False
ENSPD003346,Female,24.0,1,0.6858475894245722,20.0,0.8240534521158129,0.76,0.6020000000000001,1.0,4.4,23.4,Yes,No,Middle,1.0,Yes,Salle 16,143.0,0.5430555555555555,0.2704695225616903,0.1596,0.900740336465212,0,0,1,1,True,False,False,False,False,False
ENSPD002762,Male,19.0,4,0.6656298600311042,22.0,0.5155902004454344,0.642,0.766,2.0,0.7,3.7,No,Yes,Middle,0.0,Yes,Salle 8,230.0,0.6527777777777778,0.21750759260701089,0.314,0.5818364233587374,1,1,1,0,False,False,False,True,False,False
ENSPD000711,Female,22.0,2,0.9517884914463454,3.0,0.6536748329621381,0.494,0.831,0.0,0.6,6.5,Yes,No,High,0.0,Yes,Salle 15,119.0,0.6263888888888889,0.3153492894884341,0.0,1.0,0,0,1,1,False,False,False,False,False,False
ENSPD000454,Female,19.0,2,0.9999999999999999,0.0,0.47327394209354123,0.6409999999999999,0.559,0.0,0.3,5.8,No,No,Middle,0.0,Yes,Salle 30,231.0,0.45000000000000007,0.43901439195660175,0.0,0.9860656366780134,0,0,1,0,False,False,False,False,True,False
ENSPD003638,Male,19.0,3,0.6889580093312596,20.0,0.5111358574610245,0.7040000000000001,0.8220000000000001,3.0,1.3,11.9,Yes,No,Middle,2.0,No,Salle 30,212.0,0.6805555555555556,0.21418646850185416,0.48,0.9860656366780134,1,0,0,1,False,False,False,False,True,False
ENSPD001305,Female,21.0,3,0.6578538102643857,22.0,0.14476614699331852,0.763,0.8029999999999999,1.0,2.1,18.1,Yes,No,Middle,1.0,Yes,Salle 10,212.0,0.5208333333333334,0.2718074813971909,0.156,0.9860656366780134,0,0,1,1,False,False,False,False,True,False
ENSPD004556,Male,24.0,2,0.47433903576982883,34.0,0.5033407572383074,0.605,0.307,1.0,3.9,18.4,No,No,Low,0.0,Yes,Salle 20,298.0,0.32638888888888895,0.3149644247762119,0.13240000000000002,0.5818364233587374,1,0,1,0,False,False,False,True,False,False
ENSPD002491,Male,19.0,2,0.9766718506998445,2.0,0.6024498886414253,0.478,0.47200000000000003,2.0,0.4,5.8,Yes,No,Middle,1.0,Yes,Salle 3,231.0,0.3944444444444445,0.4749442378014982,0.394,0.9860656366780134,1,0,1,1,False,False,False,False,True,False
ENSPD001073,Male,22.0,2,0.5800933125972006,27.0,0.7984409799554566,0.67,0.657,0.0,3.6,18.6,Yes,No,Low,1.0,Yes,Salle 22,161.0,0.6277777777777779,0.20090838750126874,0.0,0.7508690441401171,1,0,1,1,False,False,False,False,False,True
ENSPD001628,Male,20.0,2,0.8398133748055988,10.0,0.8140311804008908,0.638,0.772,1.0,8.5,35.2,Yes,Yes,Middle,2.0,Yes,Salle 17,298.0,0.7333333333333334,0.23770370158830004,0.1794,0.5818364233587374,1,1,1,1,False,False,False,True,False,False
ENSPD000418,Male,23.0,3,0.8740279937791603,8.0,0.41870824053452116,0.8,0.903,1.0,2.0,16.6,Yes,No,Middle,2.0,Yes,Salle 29,212.0,0.7166666666666666,0.2534447548609525,0.18380000000000002,0.9860656366780134,1,0,1,1,False,False,False,False,True,False
ENSPD004189,Female,21.0,1,0.8880248833592533,7.0,0.36302895322939865,0.527,1.0,2.0,2.9,17.1,Yes,No,High,1.0,No,Salle 21,186.0,0.6638888888888889,0.27898151373092794,0.3712,0.9860656366780134,0,0,0,1,False,False,False,False,True,False
ENSPD002327,Female,24.0,1,0.7045101088646967,19.0,0.6102449888641426,0.934,0.086,4.0,0.8,15.4,Yes,No,Middle,1.0,Yes,Salle 2,149.0,0.3277777777777777,0.41694210404621435,0.648,0.6476742668343078,0,0,1,1,False,False,True,False,False,False
ENSPD000046,Female,21.0,2,0.76049766718507,15.0,0.47327394209354123,0.36700000000000005,0.648,1.0,0.5,5.8,Yes,No,Middle,2.0,No,Salle 17,71.0,0.44861111111111107,0.3497260379362921,0.1692,0.0,0,0,0,1,False,True,False,False,False,False
ENSPD002006,Female,24.0,1,0.6640746500777605,22.0,0.6848552338530067,0.461,0.868,2.0,1.2,8.5,Yes,No,Middle,1.0,Yes,Salle 13,186.0,0.7013888888888888,0.19977553423959585,0.31360000000000005,0.9860656366780134,0,0,1,1,False,False,False,False,True,False
ENSPD003487,Male,22.0,3,0.9113530326594089,6.0,0.4409799554565701,0.642,0.8190000000000001,1.0,0.5,0.0,Yes,Yes,Low,3.0,No,Salle 27,188.0,0.575,0.3287021493769743,0.1886,0.900740336465212,1,1,0,1,True,False,False,False,False,False
ENSPD004027,Male,21.0,5,0.9797822706065319,1.0,0.6113585746102449,0.684,0.55,0.0,2.2,13.2,No,Yes,Middle,2.0,Yes,Salle 6,67.0,0.6277777777777779,0.32324207801236504,0.0,0.9860656366780134,1,1,1,0,False,False,False,False,True,False
ENSPD002706,Female,20.0,3,0.5707620528771385,28.0,0.7227171492204899,0.308,0.973,1.0,3.1,16.1,Yes,No,Middle,2.0,No,Salle 25,263.0,0.6305555555555554,0.19704759960219956,0.1448,0.5818364233587374,0,0,0,1,False,False,False,True,False,False
ENSPD001955,Other,19.0,1,0.9782270606531881,1.0,0.4309576837416481,0.775,0.44700000000000006,2.0,0.1,7.9,Yes,No,Middle,1.0,No,Salle 22,149.0,0.4722222222222222,0.41466528335194286,0.3944,0.6476742668343078,2,0,0,1,False,False,True,False,False,False
ENSPD001426,Female,21.0,2,0.9595645412130639,3.0,0.512249443207127,0.541,0.672,0.0,0.7,3.3,No,No,Low,2.0,Yes,Salle 20,119.0,0.5430555555555555,0.362449578820619,0.0,1.0,0,0,1,0,False,False,False,False,False,False
ENSPD002531,Female,22.0,1,0.9362363919129083,4.0,0.4298440979955457,0.616,0.821,0.0,2.2,21.2,Yes,No,Low,1.0,Yes,Salle 10,83.0,0.6486111111111111,0.3001179658736792,0.0,0.0,0,0,1,1,False,True,False,False,False,False
ENSPD002417,Male,18.0,5,0.7325038880248832,17.0,0.7093541202672606,0.495,0.385,0.0,1.4,11.8,No,No,High,2.0,Yes,Salle 8,109.0,0.4013888888888889,0.37086555313773684,0.0,0.5818364233587374,1,0,1,0,False,False,False,True,False,False
ENSPD003185,Male,22.0,4,0.52099533437014,31.0,0.5512249443207128,0.282,0.7170000000000001,2.0,2.0,10.9,No,No,Middle,1.0,Yes,Salle 29,121.0,0.3680555555555556,0.3067580506372909,0.2768,0.7508690441401171,1,0,1,0,False,False,False,False,False,True
ENSPD000736,Male,24.0,5,0.9922239502332816,0.0,1.0,0.733,0.677,1.0,0.4,3.5,Yes,No,Middle,0.0,Yes,Salle 13,70.0,0.7250000000000001,0.28307950231806644,0.199,0.6476742668343078,1,0,1,1,False,False,True,False,False,False
ENSPD004991,Female,22.0,5,0.9082426127527216,6.0,0.7750556792873051,0.8079999999999999,0.512,1.0,1.4,44.0,Yes,No,Middle,0.0,Yes,Salle 8,109.0,0.5458333333333333,0.34362962337950376,0.1882,0.5818364233587374,0,0,1,1,False,False,False,True,False,False
ENSPD004087,Male,19.0,3,0.671850699844479,21.0,0.6403118040089087,0.743,0.8059999999999999,2.0,0.1,0.5,No,No,Middle,1.0,Yes,Salle 28,212.0,0.6736111111111112,0.21170716675384862,0.31560000000000005,0.9860656366780134,1,0,1,0,False,False,False,False,True,False
ENSPD001657,Male,22.0,2,0.8911353032659409,7.0,0.5033407572383074,0.636,0.821,0.0,5.6,33.0,Yes,No,Middle,1.0,No,Salle 26,298.0,0.6513888888888888,0.2853740926283549,0.0,0.5818364233587374,1,0,0,1,False,False,False,True,False,False
ENSPD002036,Male,23.0,3,0.541213063763608,30.0,0.6581291759465479,0.7120000000000001,0.187,2.0,0.8,11.9,No,No,Middle,3.0,Yes,Salle 1,104.0,0.2847222222222222,0.3786864529598297,0.28200000000000003,0.0,1,0,1,0,False,True,False,False,False,False
ENSPD001613,Male,22.0,4,0.48211508553654736,33.0,0.6826280623608018,0.439,0.635,1.0,3.4,20.3,Yes,No,Middle,2.0,Yes,Salle 17,157.0,0.47916666666666674,0.22979710926198713,0.13340000000000002,0.900740336465212,1,0,1,1,True,False,False,False,False,False
ENSPD000359,Female,21.0,5,0.7231726283048211,17.0,0.6525612472160356,0.5670000000000001,0.507,0.0,1.7,8.7,No,No,High,0.0,Yes,Salle 2,109.0,0.46666666666666656,0.3246097448155326,0.0,0.5818364233587374,0,0,1,0,False,False,False,True,False,False
ENSPD000555,Female,20.0,1,0.6625194401244167,22.0,0.41091314031180404,0.511,0.461,1.0,1.4,15.3,No,No,High,1.0,No,Salle 2,96.0,0.3916666666666666,0.34940759848685643,0.1566,1.0,0,0,0,0,False,False,False,False,False,False
ENSPD004142,Male,24.0,1,0.8631415241057544,9.0,0.41536748329621387,0.34700000000000003,0.68,0.0,0.3,5.5,No,No,Low,0.0,Yes,Salle 13,186.0,0.4222222222222223,0.4074099650213544,0.0,0.9860656366780134,1,0,1,0,False,False,False,False,True,False
ENSPD004392,Male,23.0,3,0.7807153965785382,14.0,0.7783964365256124,0.79,0.62,2.0,4.7,23.7,Yes,No,Middle,0.0,Yes,Salle 29,154.0,0.7166666666666666,0.2273280299947584,0.3436,0.7508690441401171,1,0,1,1,False,False,False,False,False,True
ENSPD001505,Male,19.0,1,0.7076205287713843,19.0,0.5824053452115813,0.648,0.441,2.0,2.7,16.2,Yes,No,High,0.0,No,Salle 3,96.0,0.4,0.361842526445475,0.32480000000000003,1.0,1,0,0,1,False,False,False,False,False,False
ENSPD002906,Male,23.0,3,0.7200622083981337,18.0,0.6302895322939867,0.715,0.726,0.0,4.2,22.6,Yes,No,High,2.0,Yes,Salle 15,263.0,0.5347222222222222,0.28613438817892833,0.0,0.5818364233587374,1,0,1,1,False,False,False,True,False,False
ENSPD002955,Female,21.0,5,0.6967340590979781,20.0,0.6514476614699333,0.633,0.465,0.0,7.2,26.2,Yes,No,Low,2.0,No,Salle 22,109.0,0.44861111111111107,0.32567355502457684,0.0,0.5818364233587374,0,0,0,1,False,False,False,True,False,False
ENSPD003712,Female,23.0,2,0.8553654743390359,9.0,0.8997772828507795,0.8640000000000001,0.658,0.0,2.6,21.6,No,Yes,Low,1.0,Yes,Salle 23,161.0,0.8125,0.21487863566812196,0.0,0.7508690441401171,0,1,1,0,False,False,False,False,False,True
ENSPD000726,Female,25.0,5,0.6858475894245722,20.0,0.4265033407572383,0.799,0.777,1.0,2.4,15.9,No,No,Low,1.0,Yes,Salle 15,40.0,0.6291666666666667,0.23272230458627793,0.1596,0.0,0,0,1,0,False,True,False,False,False,False
ENSPD003455,Female,25.0,2,0.5707620528771385,28.0,0.6291759465478842,0.616,0.8490000000000001,1.0,0.8,7.7,Yes,No,Middle,0.0,No,Salle 8,231.0,0.7208333333333332,0.16730651047822173,0.1448,0.9860656366780134,0,0,0,1,False,False,False,False,True,False
ENSPD000009,Female,23.0,1,0.8522550544323483,10.0,0.7416481069042317,0.312,0.40299999999999997,0.0,3.5,24.3,No,No,Low,1.0,Yes,Salle 13,121.0,0.31944444444444453,0.49121053615692645,0.0,0.7508690441401171,0,0,1,0,False,False,False,False,False,True
ENSPD001734,Male,22.0,3,0.6438569206842922,23.0,0.5412026726057906,0.973,0.684,2.0,0.4,10.0,Yes,No,Middle,0.0,Yes,Salle 5,188.0,0.726388888888889,0.18591197821675257,0.3084,0.900740336465212,1,0,1,1,True,False,False,False,False,False
ENSPD001368,Female,20.0,4,0.9548989113530325,3.0,0.7204899777282852,0.748,0.8079999999999999,0.0,1.4,13.8,Yes,No,Middle,1.0,Yes,Salle 12,173.0,0.75,0.26293969712312926,0.0,0.6476742668343078,0,0,1,1,False,False,True,False,False,False
ENSPD000841,Male,19.0,3,0.5318818040435459,30.0,0.645879732739421,0.616,0.7320000000000001,3.0,0.9,8.1,Yes,No,Middle,1.0,Yes,Salle 30,185.0,0.6569444444444444,0.17624112037419934,0.41940000000000005,0.6476742668343078,1,0,1,1,False,False,True,False,False,False
ENSPD002589,Male,23.0,2,0.6609642301710731,22.0,0.34855233853006684,0.8240000000000001,0.6890000000000001,2.0,2.2,12.7,Yes,No,Middle,2.0,Yes,Salle 8,161.0,0.5402777777777777,0.2634239119797377,0.3128,0.7508690441401171,1,0,1,1,False,False,False,False,False,True
ENSPD004536,Female,19.0,2,0.687402799377916,20.0,0.6024498886414253,0.665,0.46399999999999997,2.0,1.5,9.8,No,No,High,0.0,Yes,Salle 4,177.0,0.4986111111111111,0.2936015973747076,0.31960000000000005,0.6476742668343078,0,0,1,0,False,False,True,False,False,False
ENSPD003754,Male,25.0,3,0.7993779160186624,13.0,0.9387527839643652,0.53,0.743,3.0,6.0,29.6,No,Yes,Low,2.0,Yes,Salle 21,185.0,0.6805555555555556,0.24620417435403222,0.5226,0.6476742668343078,1,1,1,0,False,False,True,False,False,False
ENSPD003080,Female,19.0,3,0.609642301710731,25.0,0.5634743875278396,0.5660000000000001,0.772,1.0,4.8,18.4,Yes,No,Middle,1.0,Yes,Salle 15,185.0,0.6319444444444444,0.20839561783036606,0.14980000000000002,0.6476742668343078,0,0,1,1,False,False,True,False,False,False
ENSPD001284,Male,20.0,2,0.5707620528771385,28.0,0.6525612472160356,0.521,0.42,3.0,2.9,19.6,Yes,No,Low,1.0,No,Salle 26,177.0,0.35,0.34046089810408253,0.43440000000000006,0.6476742668343078,1,0,0,1,False,False,True,False,False,False
ENSPD001654,Male,19.0,1,0.8055987558320373,12.0,0.6035634743875279,0.524,0.632,1.0,0.2,3.7,No,No,Low,1.0,Yes,Salle 19,143.0,0.4375,0.3742461202491476,0.17500000000000002,0.900740336465212,1,0,1,0,True,False,False,False,False,False
ENSPD002324,Male,22.0,3,0.7511664074650078,16.0,0.6069042316258353,0.73,0.23600000000000002,3.0,1.3,13.6,Yes,No,Middle,1.0,Yes,Salle 13,188.0,0.3208333333333333,0.4441240614533982,0.504,0.900740336465212,1,0,1,1,True,False,False,False,False,False
ENSPD001775,Female,23.0,1,0.8429237947122862,10.0,0.576837416481069,0.524,0.8059999999999999,2.0,4.9,26.0,Yes,No,Low,1.0,No,Salle 10,248.0,0.5916666666666666,0.298262581318507,0.35960000000000003,0.5818364233587374,0,0,0,1,False,False,False,True,False,False
ENSPD000179,Female,21.0,2,0.5863141524105754,27.0,0.5133630289532294,0.6020000000000001,0.637,0.0,0.3,8.4,No,No,High,1.0,Yes,Salle 4,231.0,0.5041666666666667,0.25507392722348954,0.0,0.9860656366780134,0,0,1,0,False,False,False,False,True,False
ENSPD000953,Male,20.0,2,0.5443234836702956,29.0,0.7605790645879733,0.5920000000000001,0.6759999999999999,0.0,0.3,7.4,Yes,Yes,Middle,2.0,Yes,Salle 6,231.0,0.5305555555555556,0.22832760054551002,0.0,0.9860656366780134,1,1,1,1,False,False,False,False,True,False
ENSPD004220,Male,24.0,1,0.9999999999999999,0.0,0.7026726057906458,0.784,0.414,1.0,0.7,5.3,Yes,No,Low,1.0,Yes,Salle 11,186.0,0.4555555555555555,0.43483160122998443,0.2,0.9860656366780134,1,0,1,1,False,False,False,False,True,False
ENSPD001614,Male,19.0,4,0.7138413685847588,18.0,0.6826280623608018,0.555,0.516,1.0,1.4,1.2,Yes,Yes,Middle,1.0,Yes,Salle 15,93.0,0.5027777777777778,0.300696665644011,0.16319999999999998,1.0,1,1,1,1,False,False,False,False,False,False
ENSPD003710,Female,21.0,1,0.5085536547433903,32.0,0.6080178173719376,0.663,0.559,3.0,0.7,12.0,Yes,No,High,0.0,Yes,Salle 26,83.0,0.4458333333333333,0.2561406304712126,0.41040000000000004,0.0,0,0,1,1,False,True,False,False,False,False
ENSPD003751,Female,25.0,2,0.80248833592535,13.0,0.6113585746102449,0.604,1.0,0.0,1.1,7.1,No,No,Middle,1.0,No,Salle 10,185.0,0.6847222222222222,0.24547705076830947,0.0,0.900740336465212,0,0,0,0,True,False,False,False,False,False
ENSPD002361,Male,24.0,3,0.7340590979782272,17.0,0.6113585746102449,0.6609999999999999,0.8140000000000001,2.0,0.1,6.4,Yes,No,Middle,0.0,Yes,Salle 2,154.0,0.6180555555555556,0.25211319493335405,0.3316,0.7508690441401171,1,0,1,1,False,False,False,False,False,True
ENSPD004784,Male,21.0,1,0.7682737169517885,15.0,0.8429844097995547,0.47600000000000003,0.635,2.0,6.1,11.5,Yes,No,Middle,1.0,Yes,Salle 19,186.0,0.46944444444444444,0.33952148876193333,0.3404,0.9860656366780134,1,0,1,1,False,False,False,False,True,False
ENSPD001083,Male,27.0,4,0.9222395023328148,5.0,0.6915367483296213,0.637,0.48100000000000004,1.0,1.4,4.7,No,No,Middle,2.0,Yes,Salle 6,70.0,0.4361111111111111,0.4199237008010026,0.19,0.0,1,0,1,0,False,True,False,False,False,False
ENSPD000654,Female,22.0,3,0.35614307931570766,41.0,0.5824053452115813,0.621,0.512,2.0,1.6,6.6,Yes,No,Middle,0.0,Yes,Salle 7,154.0,0.41666666666666674,0.21206052663057437,0.2344,0.7508690441401171,0,0,1,1,False,False,False,False,False,True
ENSPD000768,Female,22.0,5,0.7153965785381026,18.0,0.6425389755011137,0.7640000000000001,0.635,0.0,1.5,10.1,Yes,No,High,2.0,Yes,Salle 29,70.0,0.46666666666666656,0.32174364895692475,0.0,0.6476742668343078,0,0,1,1,False,False,True,False,False,False
ENSPD003096,Female,20.0,4,0.5365474339035771,30.0,0.6069042316258353,0.508,0.7390000000000001,2.0,0.1,2.5,Yes,No,Low,1.0,Yes,Salle 15,157.0,0.5805555555555555,0.20505916217117384,0.2808,0.900740336465212,0,0,1,1,True,False,False,False,False,False
ENSPD001237,Female,22.0,3,0.7744945567651632,14.0,0.40423162583518935,0.478,0.843,1.0,1.2,11.5,Yes,Yes,Middle,0.0,Yes,Salle 16,154.0,0.5125,0.3166152017102205,0.171,0.7508690441401171,0,1,1,1,False,False,False,False,False,True
ENSPD004136,Male,24.0,3,0.687402799377916,20.0,0.356347438752784,0.84,0.59,1.0,1.4,4.8,No,No,Middle,3.0,Yes,Salle 16,263.0,0.4638888888888889,0.3130440856231327,0.15980000000000003,0.5818364233587374,1,0,1,0,False,False,False,True,False,False
ENSPD004387,Female,22.0,3,0.9502332814930016,3.0,0.8975501113585747,0.48700000000000004,0.758,2.0,0.8,13.3,Yes,No,Low,1.0,Yes,Salle 25,188.0,0.7305555555555554,0.2692147093822289,0.3872,0.900740336465212,0,0,1,1,True,False,False,False,False,False
ENSPD004201,Female,19.0,1,0.47900466562986,34.0,0.5155902004454344,0.693,0.696,1.0,5.0,18.8,Yes,No,Low,1.0,Yes,Salle 3,186.0,0.5652777777777778,0.19225981379518323,0.133,0.9860656366780134,0,0,1,1,False,False,False,False,True,False
ENSPD000186,Female,26.0,2,0.8118195956454123,12.0,0.5601336302895323,0.251,0.445,2.0,3.4,11.1,Yes,No,Middle,0.0,Yes,Salle 24,298.0,0.19861111111111107,0.6166029359852012,0.3516,0.5818364233587374,0,0,1,1,False,False,False,True,False,False
ENSPD004511,Male,20.0,5,0.6858475894245722,20.0,0.7104677060133631,0.616,0.718,2.0,1.4,12.3,No,No,High,2.0,Yes,Salle 21,70.0,0.6736111111111112,0.21579405170928703,0.3192,0.6476742668343078,1,0,1,0,False,False,True,False,False,False
ENSPD004813,Male,21.0,3,0.687402799377916,20.0,0.4443207126948775,0.6729999999999999,0.5760000000000001,0.0,5.0,24.2,Yes,Yes,Middle,0.0,Yes,Salle 10,263.0,0.4222222222222223,0.3387691088066761,0.0,0.5818364233587374,1,1,1,1,False,False,False,True,False,False
ENSPD002249,Female,24.0,1,0.7309486780715396,17.0,0.6113585746102449,0.42100000000000004,0.871,1.0,4.9,22.3,No,No,Middle,1.0,No,Salle 26,248.0,0.5916666666666666,0.2626358764382146,0.16540000000000002,0.5818364233587374,0,0,0,0,False,False,False,True,False,False
ENSPD000644,Male,24.0,3,0.6967340590979781,20.0,0.35189309576837413,0.9870000000000001,0.585,0.0,0.5,10.0,Yes,No,High,3.0,Yes,Salle 25,185.0,0.5638888888888889,0.26423665641401917,0.0,0.6476742668343078,1,0,1,1,False,False,True,False,False,False
ENSPD002655,Female,21.0,3,0.6329704510108866,24.0,0.4866369710467706,0.516,0.6859999999999999,3.0,3.3,18.5,No,No,Middle,2.0,No,Salle 26,188.0,0.5055555555555555,0.2707886998623361,0.45840000000000003,0.900740336465212,0,0,0,0,True,False,False,False,False,False
ENSPD004118,Male,20.0,1,0.7325038880248832,17.0,0.5089086859688196,0.495,0.563,1.0,2.0,9.9,No,No,Middle,0.0,Yes,Salle 21,248.0,0.3763888888888889,0.38938235942583077,0.1656,0.5818364233587374,1,0,1,0,False,False,False,True,False,False
ENSPD000131,Male,19.0,1,0.9284603421461898,5.0,0.6748329621380846,0.8300000000000001,0.751,0.0,1.4,18.1,Yes,No,Low,1.0,Yes,Salle 29,248.0,0.7097222222222221,0.27147396506710786,0.0,0.5818364233587374,1,0,1,1,False,False,False,True,False,False
ENSPD003238,Female,21.0,2,0.5536547433903577,29.0,0.6124721603563474,0.19,0.848,0.0,1.4,19.1,Yes,Yes,Low,0.0,No,Salle 9,298.0,0.4916666666666667,0.24957477046568807,0.0,0.5818364233587374,0,1,0,1,False,False,False,True,False,False
ENSPD000201,Female,23.0,4,0.9906687402799378,1.0,0.512249443207127,0.7090000000000001,0.579,4.0,4.2,14.7,Yes,No,Middle,1.0,Yes,Salle 6,230.0,0.44861111111111107,0.4365496347883375,0.7952,0.5818364233587374,0,0,1,1,False,False,False,True,False,False
ENSPD004483,Male,23.0,3,0.7465007776049767,16.0,0.7171492204899776,0.97,0.633,2.0,3.4,25.9,Yes,No,Middle,1.0,Yes,Salle 26,185.0,0.8166666666666667,0.1857620984503747,0.33480000000000004,0.6476742668343078,1,0,1,1,False,False,True,False,False,False
ENSPD004866,Female,22.0,1,0.5287713841368585,30.0,0.30957683741648107,0.653,0.9770000000000001,1.0,2.0,22.1,Yes,No,Middle,1.0,No,Salle 4,121.0,0.638888888888889,0.18136460353201925,0.1394,0.7508690441401171,0,0,0,1,False,False,False,False,False,True
ENSPD004242,Male,22.0,4,0.5567651632970451,28.0,0.8608017817371938,0.616,0.728,1.0,4.3,18.8,Yes,No,Middle,2.0,Yes,Salle 27,230.0,0.7027777777777777,0.16886502124386207,0.14300000000000002,0.5818364233587374,1,0,1,1,False,False,False,True,False,False
ENSPD002378,Female,22.0,4,0.5116640746500777,31.0,0.6859688195991092,0.668,0.445,0.0,1.9,7.9,Yes,No,High,1.0,Yes,Salle 6,230.0,0.4833333333333333,0.2385161798613383,0.0,0.5818364233587374,0,0,1,1,False,False,False,True,False,False
ENSPD000884,Male,22.0,3,0.8258164852255053,11.0,0.43207126948775054,0.505,0.34500000000000003,0.0,1.4,4.3,Yes,Yes,Middle,2.0,Yes,Salle 26,263.0,0.35138888888888886,0.44955259596673725,0.0,0.5818364233587374,1,1,1,1,False,False,False,True,False,False
ENSPD004692,Male,24.0,1,0.6360808709175737,23.0,0.44209354120267264,0.516,0.557,2.0,1.4,20.4,No,Yes,Middle,2.0,Yes,Salle 20,83.0,0.41527777777777775,0.323104903789312,0.3064,0.0,1,1,1,0,False,True,False,False,False,False
ENSPD001332,Female,23.0,4,0.6905132192846034,20.0,0.489977728285078,0.452,0.8220000000000001,2.0,0.1,10.5,No,No,Middle,1.0,No,Salle 7,173.0,0.5736111111111111,0.25775906721253783,0.32039999999999996,0.6476742668343078,0,0,0,0,False,False,True,False,False,False
ENSPD004394,Male,23.0,4,0.6174183514774495,25.0,0.9253897550111359,0.705,0.6459999999999999,1.0,1.0,21.5,Yes,No,Low,1.0,Yes,Salle 20,121.0,0.6583333333333332,0.20114841506519607,0.15080000000000002,0.7508690441401171,1,0,1,1,False,False,False,False,False,True
ENSPD002226,Male,22.0,2,0.8118195956454123,12.0,0.8173719376391981,0.455,0.542,1.0,0.1,6.5,No,No,Middle,1.0,No,Salle 3,185.0,0.45000000000000007,0.3681579043947627,0.1758,0.900740336465212,1,0,0,0,True,False,False,False,False,False
ENSPD000119,Female,23.0,2,0.7931570762052876,13.0,0.6893095768374164,0.62,0.635,1.0,0.1,8.7,No,No,Low,2.0,Yes,Salle 20,231.0,0.7402777777777778,0.22242389053280828,0.1734,0.9860656366780134,0,0,1,0,False,False,False,False,True,False
ENSPD000563,Male,22.0,3,0.7993779160186624,13.0,0.534521158129176,0.616,0.268,1.0,1.9,5.2,Yes,Yes,Low,1.0,No,Salle 14,130.0,0.2847222222222222,0.5023653692317493,0.1742,1.0,1,1,0,1,False,False,False,False,False,False
ENSPD002397,Male,22.0,2,0.6578538102643857,22.0,0.7650334075723831,1.0,0.7170000000000001,0.0,0.8,14.0,Yes,No,Middle,2.0,Yes,Salle 26,231.0,0.75,0.18238606448731146,0.0,0.9860656366780134,1,0,1,1,False,False,False,False,True,False
ENSPD001235,Female,19.0,2,0.8895800933125974,7.0,0.532293986636971,0.665,0.9490000000000001,3.0,2.9,11.1,Yes,No,Middle,0.0,Yes,Salle 4,185.0,0.7152777777777779,0.25833887286414714,0.5574000000000001,0.900740336465212,0,0,1,1,True,False,False,False,False,False
ENSPD004502,Male,19.0,3,0.7247278382581649,18.0,0.6982182628062361,0.705,0.763,4.0,0.2,11.5,Yes,Yes,Middle,1.0,Yes,Salle 23,188.0,0.7027777777777777,0.21651211920611754,0.6584,0.900740336465212,1,1,1,1,True,False,False,False,False,False
ENSPD000039,Female,25.0,2,0.7231726283048211,3.0,0.4331848552338531,0.7170000000000001,0.518,2.0,1.1,12.3,Yes,No,Low,0.0,Yes,Salle 16,119.0,0.42499999999999993,0.3508840610743096,0.32880000000000004,1.0,0,0,1,1,False,False,False,False,False,False
ENSPD001694,Male,23.0,4,0.9704510108864696,2.0,0.7962138084632517,0.625,0.503,0.0,1.4,21.9,Yes,No,Middle,1.0,Yes,Salle 26,157.0,0.5777777777777777,0.34632839303532836,0.0,0.900740336465212,1,0,1,1,True,False,False,False,False,False
ENSPD003234,Male,23.0,3,0.6578538102643857,22.0,0.5545657015590201,0.544,0.531,3.0,0.6,9.3,No,No,Middle,1.0,No,Salle 6,185.0,0.41666666666666674,0.3307901623783758,0.468,0.6476742668343078,1,0,0,0,False,False,True,False,False,False
ENSPD004737,Male,23.0,4,0.8740279937791603,8.0,0.38641425389755013,0.8300000000000001,0.635,3.0,1.4,10.3,No,No,Middle,0.0,Yes,Salle 4,173.0,0.638888888888889,0.2858164054939948,0.5514000000000001,0.6476742668343078,1,0,1,0,False,False,True,False,False,False
ENSPD003079,Male,26.0,4,0.8973561430793159,7.0,0.6492204899777283,0.7390000000000001,0.355,2.0,0.7,10.3,Yes,No,Low,0.0,Yes,Salle 27,230.0,0.4888888888888888,0.3741421656178774,0.37360000000000004,0.5818364233587374,1,0,1,1,False,False,False,True,False,False
ENSPD001230,Male,19.0,1,0.48055987558320357,33.0,0.4053452115812918,0.915,1.0,2.0,1.4,7.6,Yes,No,Middle,1.0,Yes,Salle 14,248.0,0.723611111111111,0.1413942940422586,0.26639999999999997,0.5818364233587374,1,0,1,1,False,False,False,True,False,False
ENSPD002479,Male,20.0,3,0.6345256609642301,24.0,0.700445434298441,0.665,0.635,3.0,0.8,7.8,Yes,No,Middle,3.0,Yes,Salle 26,154.0,0.6638888888888889,0.204233731106473,0.459,0.7508690441401171,1,0,1,1,False,False,False,False,False,True
ENSPD004807,Male,18.0,1,0.6765163297045101,21.0,0.6380846325167038,0.353,0.245,0.0,2.3,8.4,No,No,Middle,0.0,Yes,Salle 13,121.0,0.2583333333333333,0.4703280531783184,0.0,0.7508690441401171,1,0,1,0,False,False,False,False,False,True
ENSPD002325,Female,22.0,2,0.6469673405909798,23.0,0.8763919821826281,0.469,0.18,1.0,5.5,23.4,Yes,Yes,Low,2.0,Yes,Salle 1,119.0,0.3388888888888889,0.3821628584517329,0.1546,1.0,0,1,1,1,False,False,False,False,False,False
ENSPD001964,Male,21.0,3,0.7107309486780716,19.0,0.7516703786191538,0.408,0.559,0.0,3.5,17.2,No,No,Middle,0.0,Yes,Salle 1,104.0,0.43333333333333335,0.34060929967746156,0.0,0.0,1,0,1,0,False,True,False,False,False,False
ENSPD000340,Male,19.0,1,0.24105754276827374,49.0,0.5256124721603563,0.5910000000000001,0.9259999999999999,0.0,0.7,4.4,Yes,No,High,2.0,Yes,Salle 17,83.0,0.6166666666666666,0.1000231586370994,0.0,0.0,1,0,1,1,False,True,False,False,False,False
ENSPD002626,Female,22.0,4,0.7713841368584758,15.0,0.2594654788418708,0.264,0.249,1.0,1.1,8.0,Yes,Yes,Low,1.0,Yes,Salle 19,173.0,0.06388888888888894,0.8524413215222956,0.1706,0.6476742668343078,0,1,1,1,False,False,True,False,False,False
ENSPD002898,Male,21.0,1,0.6562986003110421,22.0,0.6113585746102449,0.56,0.8290000000000001,4.0,6.9,30.1,Yes,No,Low,1.0,Yes,Salle 9,149.0,0.6347222222222223,0.22154178768063595,0.6232000000000001,0.6476742668343078,1,0,1,1,False,False,True,False,False,False
ENSPD004971,Male,22.0,2,0.7558320373250388,16.0,0.532293986636971,0.669,1.0,2.0,2.0,20.4,No,No,Middle,0.0,Yes,Salle 19,161.0,0.7277777777777776,0.21648060774649283,0.3372,0.7508690441401171,1,0,1,0,False,False,False,False,False,True
ENSPD001028,Female,25.0,1,0.5287713841368585,30.0,0.5077951002227171,0.549,0.594,1.0,6.6,29.0,Yes,No,Middle,0.0,Yes,Salle 17,248.0,0.3763888888888889,0.3045869495668091,0.1394,0.5818364233587374,0,0,1,1,False,False,False,True,False,False
ENSPD000177,Female,21.0,2,0.6547433903576981,22.0,0.5812917594654788,0.9540000000000001,0.46,1.0,1.4,19.9,No,No,Low,1.0,Yes,Salle 3,231.0,0.623611111111111,0.2253881264246421,0.1556,0.9860656366780134,0,0,1,0,False,False,False,False,True,False
ENSPD000241,Female,20.0,4,0.7356143079315708,17.0,0.3218262806236081,0.668,0.535,1.0,1.6,5.9,Yes,No,Middle,2.0,Yes,Salle 22,121.0,0.35277777777777775,0.4094697549793124,0.166,0.7508690441401171,0,0,1,1,False,False,False,False,False,True
ENSPD002251,Male,21.0,1,0.9564541213063763,3.0,0.6113585746102449,0.79,0.8250000000000001,1.0,0.2,2.0,Yes,No,Middle,1.0,No,Salle 14,83.0,0.7027777777777777,0.2822474673207108,0.19440000000000002,0.0,1,0,0,1,False,True,False,False,False,False
ENSPD000188,Male,25.0,1,0.7060653188180402,19.0,0.6113585746102449,0.993,0.993,1.0,1.3,14.6,Yes,No,Low,1.0,Yes,Salle 25,186.0,0.8374999999999999,0.16965386096608778,0.16219999999999998,0.9860656366780134,1,0,1,1,False,False,False,False,True,False
ENSPD000633,Male,21.0,5,0.7091757387247278,19.0,0.9053452115812917,0.7809999999999999,0.462,0.0,0.1,5.0,Yes,No,High,1.0,Yes,Salle 14,60.0,0.6472222222222221,0.23265489035075007,0.0,0.7508690441401171,1,0,1,1,False,False,False,False,False,True
ENSPD000509,Female,21.0,3,0.5116640746500777,31.0,0.5211581291759466,0.7240000000000001,0.657,0.0,0.8,8.2,Yes,No,Low,0.0,No,Salle 21,185.0,0.49722222222222223,0.23198918784555858,0.0,0.6476742668343078,0,0,0,1,False,False,True,False,False,False
ENSPD001389,Female,21.0,1,0.8926905132192845,7.0,0.5645879732739421,0.631,0.8320000000000001,1.0,0.8,8.4,No,No,Middle,1.0,Yes,Salle 2,248.0,0.6263888888888889,0.29723455600498216,0.1862,0.5818364233587374,0,0,1,0,False,False,False,True,False,False
ENSPD001417,Male,18.0,2,0.7325038880248832,17.0,0.844097995545657,0.616,0.5770000000000001,4.0,1.1,10.3,Yes,Yes,Middle,0.0,Yes,Salle 7,161.0,0.6027777777777776,0.25820928584256353,0.6624,0.7508690441401171,1,1,1,1,False,False,False,False,False,True
ENSPD004914,Male,21.0,1,0.9999999999999999,0.0,0.8240534521158129,0.595,0.40399999999999997,1.0,9.4,40.6,Yes,No,Middle,0.0,Yes,Salle 9,143.0,0.4277777777777778,0.45636522744855634,0.2,0.900740336465212,1,0,1,1,True,False,False,False,False,False
ENSPD002982,Male,21.0,2,0.6111975116640745,25.0,0.6191536748329621,0.775,0.33799999999999997,1.0,0.0,8.0,Yes,No,Middle,3.0,Yes,Salle 21,298.0,0.38888888888888895,0.33035984044790423,0.15,0.5818364233587374,1,0,1,1,False,False,False,True,False,False
ENSPD004598,Male,23.0,2,0.9782270606531881,1.0,0.7461024498886415,0.9009999999999999,0.752,0.0,0.3,7.1,No,No,High,0.0,No,Salle 9,119.0,0.7819444444444443,0.25723524204099013,0.0,1.0,1,0,0,0,False,False,False,False,False,False
ENSPD000258,Female,23.0,3,0.6080870917573872,25.0,0.6113585746102449,0.674,0.5750000000000001,2.0,0.2,5.5,Yes,No,Middle,0.0,Yes,Salle 9,154.0,0.5902777777777778,0.2241088154664682,0.2992,0.7508690441401171,0,0,1,1,False,False,False,False,False,True
ENSPD000893,Female,18.0,3,0.9642301710730948,2.0,0.5111358574610245,0.6559999999999999,0.856,4.0,3.3,13.9,Yes,No,Middle,0.0,Yes,Salle 13,188.0,0.575,0.34583838603271466,0.7816000000000001,0.900740336465212,0,0,1,1,True,False,False,False,False,False
ENSPD002969,Female,18.0,4,0.9611197511664075,2.0,0.43541202672605794,0.519,0.751,0.0,0.9,4.8,Yes,No,Middle,1.0,Yes,Salle 4,93.0,0.5222222222222221,0.3755432912135328,0.0,1.0,0,0,1,1,False,False,False,False,False,False
ENSPD001709,Female,22.0,3,0.7231726283048211,4.0,0.6737193763919822,0.616,0.561,1.0,0.1,0.8,Yes,No,Middle,0.0,No,Salle 3,212.0,0.5958333333333332,0.2583157869153352,0.16440000000000002,0.9860656366780134,0,0,0,1,False,False,False,False,True,False
ENSPD000784,Male,17.0,4,0.5116640746500777,31.0,0.6581291759465479,0.662,0.49700000000000005,1.0,4.7,12.7,No,No,Middle,1.0,Yes,Salle 14,121.0,0.45833333333333337,0.2508501041713458,0.1372,0.7508690441401171,1,0,1,0,False,False,False,False,False,True
ENSPD000925,Male,22.0,1,0.6594090202177293,22.0,0.5746102449888641,0.359,0.579,1.0,1.4,4.5,Yes,Yes,Middle,0.0,Yes,Salle 14,248.0,0.3402777777777778,0.38651499402169776,0.1562,0.5818364233587374,1,1,1,1,False,False,False,True,False,False
ENSPD003298,Male,20.0,4,0.6951788491446346,20.0,0.9587973273942094,0.397,0.642,1.0,4.0,18.4,No,No,Middle,1.0,Yes,Salle 25,173.0,0.5444444444444444,0.2729318384239111,0.16080000000000003,0.6476742668343078,1,0,1,0,False,False,True,False,False,False
ENSPD002237,Female,25.0,3,0.7511664074650078,16.0,0.6380846325167038,0.5760000000000001,0.662,1.0,0.0,1.6,Yes,No,Middle,1.0,No,Salle 25,263.0,0.5680555555555554,0.280091817634479,0.168,0.5818364233587374,0,0,0,1,False,False,False,True,False,False
ENSPD004750,Female,22.0,2,0.5940902021772939,26.0,0.7093541202672606,1.0,0.5720000000000001,0.0,6.2,11.5,Yes,No,Middle,1.0,Yes,Salle 14,185.0,0.6763888888888889,0.18806879103571586,0.0,0.900740336465212,0,0,1,1,True,False,False,False,False,False
ENSPD003697,Female,25.0,3,0.6734059097978228,21.0,0.5300668151447662,0.77,0.47700000000000004,1.0,0.8,14.4,Yes,No,Middle,1.0,Yes,Salle 13,263.0,0.39722222222222214,0.3499774512276427,0.158,0.5818364233587374,0,0,1,1,False,False,False,True,False,False
ENSPD001816,Female,21.0,4,0.6780715396578537,21.0,0.7728285077951002,0.638,0.687,0.0,1.4,9.4,Yes,No,High,1.0,Yes,Salle 21,230.0,0.5611111111111111,0.2593853420497446,0.0,0.5818364233587374,0,0,1,1,False,False,False,True,False,False
ENSPD003155,Male,27.0,1,0.9999999999999999,0.0,0.6525612472160356,0.708,0.701,2.0,0.2,6.1,No,No,Middle,1.0,Yes,Salle 25,121.0,0.6791666666666665,0.30500264488628737,0.4,0.7508690441401171,1,0,1,0,False,False,False,False,False,True
ENSPD001693,Male,20.0,1,0.7013996889580093,19.0,0.8095768374164811,0.7240000000000001,0.5660000000000001,1.0,1.7,11.0,Yes,No,Low,1.0,Yes,Salle 13,83.0,0.6819444444444445,0.2172901271210392,0.1616,0.0,1,0,1,1,False,True,False,False,False,False
ENSPD003217,Male,20.0,2,0.34681181959564533,42.0,0.6804008908685969,0.408,0.6809999999999999,1.0,0.1,0.0,Yes,No,Low,1.0,No,Salle 21,161.0,0.48749999999999993,0.17733666419789743,0.116,0.7508690441401171,1,0,0,1,False,False,False,False,False,True
ENSPD004843,Male,20.0,3,0.5163297045101088,31.0,0.601336302895323,0.47200000000000003,0.609,1.0,2.1,9.6,Yes,No,Middle,1.0,No,Salle 12,185.0,0.42361111111111116,0.2711711964827862,0.1378,0.6476742668343078,1,0,0,1,False,False,True,False,False,False
ENSPD004282,Female,23.0,3,0.9999999999999999,0.0,0.5545657015590201,0.405,0.365,1.0,3.0,14.5,No,No,Low,2.0,Yes,Salle 10,130.0,0.3291666666666666,0.5476420876602243,0.2,1.0,0,0,1,0,False,False,False,False,False,False
ENSPD001257,Male,20.0,1,0.5894245723172628,26.0,0.5256124721603563,0.698,0.886,1.0,1.1,11.5,Yes,Yes,High,1.0,Yes,Salle 7,186.0,0.6069444444444445,0.21161960160836887,0.1472,0.9860656366780134,1,1,1,1,False,False,False,False,True,False
ENSPD002787,Female,20.0,5,0.942457231726283,4.0,0.6959910913140313,0.84,0.6070000000000001,3.0,0.8,6.4,Yes,Yes,Middle,3.0,Yes,Salle 21,60.0,0.6583333333333332,0.2975336794492809,0.5778,0.7508690441401171,0,1,1,1,False,False,False,False,False,True
ENSPD002964,Female,23.0,4,0.9377916018662519,4.0,0.6191536748329621,0.741,0.659,0.0,6.9,31.8,Yes,No,Middle,2.0,Yes,Salle 27,157.0,0.6625000000000001,0.29427684503988394,0.0,0.900740336465212,0,0,1,1,True,False,False,False,False,False
ENSPD002042,Male,23.0,1,0.5692068429237945,28.0,0.6636971046770601,0.413,0.58,0.0,3.1,19.9,No,No,Middle,3.0,Yes,Salle 1,186.0,0.3944444444444445,0.3096260541863056,0.0,0.9860656366780134,1,0,1,0,False,False,False,False,True,False
ENSPD000874,Male,22.0,2,0.8258164852255053,11.0,0.6536748329621381,0.658,0.397,3.0,2.6,18.1,No,No,Middle,1.0,No,Salle 17,177.0,0.4,0.4094285356815154,0.5327999999999999,0.6476742668343078,1,0,0,0,False,False,True,False,False,False
ENSPD002621,Female,22.0,2,0.9097978227060654,6.0,0.7661469933184856,0.386,0.264,2.0,2.1,6.1,Yes,No,Middle,0.0,No,Salle 20,298.0,0.37083333333333335,0.4680615609672225,0.3768,0.5818364233587374,0,0,0,1,False,False,False,True,False,False
ENSPD002796,Female,23.0,1,0.9035769828926904,6.0,0.4832962138084633,0.795,0.525,2.0,1.4,6.4,No,No,Low,0.0,Yes,Salle 6,248.0,0.5375,0.34680324255296635,0.3752,0.5818364233587374,0,0,1,0,False,False,False,True,False,False
ENSPD000696,Female,20.0,1,0.5940902021772939,26.0,0.44209354120267264,0.539,0.405,1.0,1.0,11.5,Yes,No,Middle,2.0,No,Salle 9,121.0,0.2777777777777778,0.4103909014766911,0.14780000000000001,0.7508690441401171,0,0,0,1,False,False,False,False,False,True
ENSPD002301,Female,25.0,2,0.45101088646967347,35.0,0.23942093541202675,0.632,0.348,1.0,9.2,40.4,Yes,No,Middle,1.0,No,Salle 18,161.0,0.28194444444444444,0.33768965782514493,0.12940000000000002,0.7508690441401171,0,0,0,1,False,False,False,False,False,True
ENSPD002863,Female,20.0,5,0.8087091757387247,12.0,0.4721603563474388,0.636,0.516,2.0,1.7,12.7,No,No,Middle,0.0,Yes,Salle 11,80.0,0.37083333333333335,0.4256502357071983,0.3508,0.900740336465212,0,0,1,0,True,False,False,False,False,False
ENSPD001013,Female,23.0,1,0.6547433903576981,22.0,0.3396436525612473,0.616,0.8570000000000001,0.0,1.1,11.6,Yes,No,Low,1.0,Yes,Salle 11,186.0,0.5499999999999999,0.25678003330571464,0.0,0.9860656366780134,0,0,1,1,False,False,False,False,True,False
ENSPD003787,Male,23.0,3,0.9999999999999999,0.0,0.5311804008908686,0.19100000000000003,0.7340000000000001,2.0,0.2,11.1,Yes,No,Middle,2.0,Yes,Salle 9,188.0,0.37083333333333335,0.5059055127377056,0.4,0.900740336465212,1,0,1,1,True,False,False,False,False,False
ENSPD000831,Male,23.0,5,0.5863141524105754,27.0,0.856347438752784,0.608,0.48,1.0,8.2,40.5,Yes,No,Middle,2.0,No,Salle 13,109.0,0.5333333333333333,0.2413813041657585,0.1468,0.5818364233587374,1,0,0,1,False,False,False,True,False,False
ENSPD004262,Female,20.0,2,0.603421461897356,26.0,1.0,0.8220000000000001,0.7590000000000001,0.0,4.4,11.5,Yes,Yes,Middle,1.0,No,Salle 20,185.0,0.8736111111111109,0.13514651160492994,0.0,0.900740336465212,0,1,0,1,True,False,False,False,False,False
ENSPD001807,Female,22.0,2,0.5863141524105754,27.0,0.8552338530066815,0.34,0.708,1.0,6.4,25.9,Yes,No,Middle,1.0,Yes,Salle 3,185.0,0.5805555555555555,0.22108813431981264,0.1468,0.900740336465212,0,0,1,1,True,False,False,False,False,False
ENSPD002966,Female,21.0,2,0.6080870917573872,25.0,0.7917594654788419,0.667,0.6829999999999999,1.0,6.9,37.6,Yes,Yes,High,2.0,Yes,Salle 19,161.0,0.6027777777777776,0.21909955635636522,0.1496,0.7508690441401171,0,1,1,1,False,False,False,False,False,True
ENSPD001970,Male,22.0,2,0.9517884914463454,3.0,0.556792873051225,0.332,0.551,1.0,0.3,6.3,Yes,No,Middle,2.0,Yes,Salle 16,298.0,0.31805555555555554,0.5377950248577344,0.19380000000000003,0.5818364233587374,1,0,1,1,False,False,False,True,False,False
ENSPD000651,Male,23.0,3,0.7433903576982893,16.0,0.7828507795100222,0.505,0.642,2.0,2.6,19.7,No,No,High,2.0,Yes,Salle 12,212.0,0.45138888888888895,0.34151404853088774,0.334,0.9860656366780134,1,0,1,0,False,False,False,False,True,False
ENSPD004565,Male,24.0,5,0.8164852255054432,12.0,0.4342984409799555,0.778,0.6409999999999999,1.0,1.1,17.7,Yes,No,Middle,1.0,No,Salle 9,80.0,0.5291666666666666,0.32188859623758825,0.1764,0.900740336465212,1,0,0,1,True,False,False,False,False,False
ENSPD002425,Male,22.0,1,0.8195956454121308,12.0,0.5968819599109131,0.514,0.8029999999999999,2.0,0.1,2.3,No,No,High,1.0,Yes,Salle 17,83.0,0.5736111111111111,0.29965650163054847,0.3536,0.0,1,0,1,0,False,True,False,False,False,False
ENSPD001924,Male,21.0,3,0.9999999999999999,0.0,0.5979955456570156,0.555,0.821,0.0,2.0,10.7,No,No,Low,1.0,Yes,Salle 3,188.0,0.6069444444444445,0.34010295515491884,0.0,0.900740336465212,1,0,1,0,True,False,False,False,False,False
ENSPD003723,Female,24.0,1,0.8958009331259719,7.0,0.7238307349665924,0.488,0.6729999999999999,1.0,0.2,7.3,Yes,No,Low,4.0,Yes,Salle 12,96.0,0.5166666666666666,0.3563607775916021,0.1866,1.0,0,0,1,1,False,False,False,False,False,False
ENSPD001360,Female,21.0,4,0.8149300155520994,12.0,0.8407572383073497,0.596,0.8150000000000001,2.0,8.0,37.6,Yes,No,Middle,3.0,Yes,Salle 16,93.0,0.7513888888888889,0.22450181680611334,0.3524,1.0,0,0,1,1,False,False,False,False,False,False
ENSPD002337,Male,20.0,3,0.7465007776049767,16.0,0.5111358574610245,0.633,0.5,0.0,1.4,19.1,No,No,Low,2.0,Yes,Salle 10,263.0,0.4,0.3774958189573303,0.0,0.5818364233587374,1,0,1,0,False,False,False,True,False,False
ENSPD003255,Male,23.0,3,0.567651632970451,28.0,0.40423162583518935,0.466,0.58,1.0,1.7,15.5,Yes,No,Middle,2.0,Yes,Salle 2,104.0,0.31527777777777777,0.36556929288955686,0.1444,0.0,1,0,1,1,False,True,False,False,False,False
ENSPD002294,Male,24.0,3,0.6998444790046657,19.0,0.6503340757238307,0.715,0.7759999999999999,0.0,1.5,9.1,Yes,No,Middle,0.0,No,Salle 1,130.0,0.6291666666666667,0.2370001096869456,0.0,1.0,1,0,0,1,False,False,False,False,False,False
ENSPD001888,Male,25.0,4,0.5847589424572316,27.0,0.6492204899777283,0.66,0.635,0.0,0.6,7.4,No,No,Middle,1.0,Yes,Salle 29,121.0,0.6041666666666667,0.21122923643648453,0.0,0.7508690441401171,1,0,1,0,False,False,False,False,False,True
ENSPD001780,Female,25.0,3,0.8102643856920683,12.0,0.8652561247216036,0.36600000000000005,0.35700000000000004,3.0,1.8,11.5,No,Yes,High,2.0,Yes,Salle 9,212.0,0.3583333333333333,0.43682498525782254,0.5267999999999999,0.9860656366780134,0,1,1,0,False,False,False,False,True,False
ENSPD004294,Female,24.0,1,0.7185069984447902,18.0,0.7605790645879733,0.414,0.49200000000000005,1.0,3.9,22.4,Yes,Yes,Middle,1.0,No,Salle 25,186.0,0.4208333333333333,0.35184782871783415,0.1638,0.9860656366780134,0,1,0,1,False,False,False,False,True,False
ENSPD000462,Female,23.0,3,0.7231726283048211,20.0,0.6113585746102449,0.619,0.449,2.0,4.2,19.6,No,No,High,1.0,No,Salle 2,130.0,0.39583333333333337,0.3710903820860305,0.32880000000000004,1.0,0,0,0,0,False,False,False,False,False,False
ENSPD004070,Male,23.0,1,0.7185069984447902,18.0,0.4409799554565701,0.7759999999999999,0.65,2.0,13.2,55.2,No,No,Middle,2.0,No,Salle 10,121.0,0.5208333333333334,0.2927266761840298,0.3276,0.7508690441401171,1,0,0,0,False,False,False,False,False,True
ENSPD003296,Male,23.0,2,0.6065318818040436,25.0,0.6737193763919822,0.297,0.608,0.0,1.4,9.9,Yes,No,Middle,0.0,Yes,Salle 30,231.0,0.4180555555555555,0.30973615390241094,0.0,0.9860656366780134,1,0,1,1,False,False,False,False,True,False
ENSPD003419,Male,20.0,2,0.7231726283048211,43.0,0.5100222717149221,0.436,0.625,1.0,2.2,8.7,Yes,No,High,1.0,Yes,Salle 30,161.0,0.44166666666666665,0.3400303799477665,0.16440000000000002,0.7508690441401171,1,0,1,1,False,False,False,False,False,True
ENSPD003882,Female,23.0,1,0.7185069984447902,18.0,0.8496659242761693,0.484,0.929,0.0,1.4,5.7,Yes,No,Middle,1.0,No,Salle 11,248.0,0.7708333333333333,0.1922507597333822,0.0,0.5818364233587374,0,0,0,1,False,False,False,True,False,False
ENSPD000376,Male,24.0,3,0.6858475894245722,20.0,0.7750556792873051,0.731,0.493,3.0,0.3,6.5,Yes,No,High,2.0,Yes,Salle 13,154.0,0.49722222222222223,0.2937958167737459,0.47879999999999995,0.7508690441401171,1,0,1,1,False,False,False,False,False,True
ENSPD004752,Male,22.0,1,0.6236391912908242,24.0,0.6113585746102449,0.6509999999999999,0.276,2.0,1.5,12.8,Yes,No,Middle,2.0,No,Salle 6,121.0,0.24722222222222223,0.4553651913324587,0.30319999999999997,0.7508690441401171,1,0,0,1,False,False,False,False,False,True
ENSPD001665,Other,19.0,2,0.6594090202177293,22.0,0.5089086859688196,0.253,0.459,1.0,3.3,19.1,No,Yes,Low,1.0,No,Salle 17,71.0,0.23888888888888882,0.4828408929766088,0.1562,0.0,2,1,0,0,False,True,False,False,False,False
ENSPD003232,Female,23.0,2,0.7589424572317262,16.0,0.4521158129175946,0.7540000000000001,0.871,1.0,1.1,13.9,Yes,No,Middle,0.0,Yes,Salle 23,161.0,0.6777777777777778,0.23553786883412106,0.169,0.7508690441401171,0,0,1,1,False,False,False,False,False,True
ENSPD001289,Male,26.0,1,0.4681181959564541,34.0,0.41091314031180404,0.61,1.0,2.0,1.4,10.3,Yes,No,Middle,3.0,Yes,Salle 19,186.0,0.6833333333333333,0.14933136776392722,0.2632,0.9860656366780134,1,0,1,1,False,False,False,False,True,False
ENSPD000556,Male,24.0,2,0.6625194401244167,22.0,0.8897550111358574,0.9490000000000001,0.35000000000000003,2.0,3.8,23.6,No,No,Low,3.0,No,Salle 27,177.0,0.6027777777777776,0.23621006300657696,0.3132,0.6476742668343078,1,0,0,0,False,False,True,False,False,False
ENSPD003599,Male,23.0,2,0.822706065318818,11.0,0.378619153674833,0.45799999999999996,0.634,1.0,0.5,12.3,No,No,High,1.0,Yes,Salle 28,119.0,0.44166666666666665,0.3779170403302369,0.1772,1.0,1,0,1,0,False,False,False,False,False,False
ENSPD001266,Male,21.0,3,0.9377916018662519,4.0,0.5935412026726058,0.636,0.44799999999999995,0.0,3.9,11.5,Yes,No,Middle,0.0,Yes,Salle 16,130.0,0.461111111111111,0.40761675864987,0.0,1.0,1,0,1,1,False,False,False,False,False,False
ENSPD004429,Male,21.0,4,0.5381026438569206,30.0,0.6659242761692651,0.434,0.787,0.0,1.9,11.5,Yes,No,Middle,0.0,Yes,Salle 14,173.0,0.5819444444444444,0.2050191513790849,0.0,0.6476742668343078,1,0,1,1,False,False,True,False,False,False
ENSPD004470,Female,24.0,4,0.5318818040435459,30.0,0.3218262806236081,0.6559999999999999,0.662,1.0,0.5,12.9,Yes,Yes,Middle,1.0,Yes,Salle 14,173.0,0.4041666666666667,0.28857913200729357,0.1398,0.6476742668343078,0,1,1,1,False,False,True,False,False,False
ENSPD002476,Female,25.0,4,0.9409020217729395,4.0,0.5244988864142539,0.593,0.7020000000000001,1.0,0.7,8.4,No,No,Middle,0.0,Yes,Salle 24,157.0,0.5569444444444444,0.3482358014548347,0.19240000000000002,0.900740336465212,0,0,1,0,True,False,False,False,False,False
ENSPD002817,Male,26.0,5,0.5520995334370139,29.0,0.9031180400890868,0.307,0.5910000000000001,0.0,0.1,9.1,Yes,No,Middle,0.0,Yes,Salle 14,80.0,0.4125,0.29164476059809274,0.0,0.900740336465212,1,0,1,1,True,False,False,False,False,False
ENSPD001615,Male,22.0,3,0.8460342146189735,10.0,0.44543429844098004,0.5479999999999999,0.7390000000000001,2.0,1.7,11.5,Yes,No,Low,1.0,Yes,Salle 25,188.0,0.5291666666666666,0.3319802461253052,0.3604,0.900740336465212,1,0,1,1,True,False,False,False,False,False
ENSPD001696,Male,20.0,4,0.8569206842923794,9.0,0.7472160356347438,0.451,0.454,0.0,2.0,9.4,Yes,No,Middle,1.0,Yes,Salle 26,173.0,0.43472222222222223,0.3958719275023015,0.0,0.6476742668343078,1,0,1,1,False,False,True,False,False,False
ENSPD004935,Male,21.0,2,0.9346811819595645,4.0,0.6113585746102449,0.49200000000000005,0.5700000000000001,1.0,1.0,6.2,No,No,Middle,1.0,No,Salle 12,119.0,0.5458333333333333,0.3524856304371281,0.1916,1.0,1,0,0,0,False,False,False,False,False,False
ENSPD004006,Male,24.0,4,0.5769828926905131,27.0,0.6792873051224945,0.58,0.616,2.0,5.9,32.4,Yes,Yes,Middle,1.0,Yes,Salle 17,230.0,0.4736111111111111,0.267085751014147,0.2912,0.5818364233587374,1,1,1,1,False,False,False,True,False,False
ENSPD004957,Male,20.0,1,0.625194401244168,24.0,0.4097995545657016,0.828,0.7240000000000001,0.0,1.6,5.6,No,No,Low,1.0,No,Salle 24,248.0,0.5736111111111111,0.23655795582029157,0.0,0.5818364233587374,1,0,0,0,False,False,False,True,False,False
ENSPD001817,Male,21.0,2,0.9999999999999999,0.0,0.48775055679287305,0.804,1.0,0.0,0.3,0.8,No,No,Middle,1.0,Yes,Salle 2,161.0,0.786111111111111,0.26142923235113547,0.0,0.7508690441401171,1,0,1,0,False,False,False,False,False,True
ENSPD000838,Male,17.0,2,0.9999999999999999,0.0,0.455456570155902,0.383,1.0,1.0,0.7,3.0,Yes,No,Low,1.0,Yes,Salle 24,298.0,0.5708333333333333,0.3597820556820529,0.2,0.5818364233587374,1,0,1,1,False,False,False,True,False,False
ENSPD002225,Male,24.0,2,0.44323483670295494,36.0,0.6625835189309577,0.555,0.752,1.0,1.1,9.7,Yes,No,Middle,0.0,Yes,Salle 1,185.0,0.5944444444444444,0.17013239689236045,0.12840000000000001,0.900740336465212,1,0,1,1,True,False,False,False,False,False
ENSPD003108,Male,20.0,3,0.6967340590979781,20.0,0.7672605790645879,0.902,0.465,2.0,10.4,47.8,Yes,Yes,High,1.0,Yes,Salle 5,263.0,0.6347222222222223,0.23382814615627892,0.322,0.5818364233587374,1,1,1,1,False,False,False,True,False,False
ENSPD000511,Female,24.0,3,0.38724727838258166,39.0,0.34966592427616927,0.757,0.696,0.0,0.9,9.0,Yes,No,Middle,1.0,No,Salle 7,130.0,0.5083333333333333,0.18336777696910192,0.0,1.0,0,0,0,1,False,False,False,False,False,False
ENSPD001609,Male,20.0,4,0.5894245723172628,26.0,0.8619153674832961,0.549,0.526,0.0,0.1,2.7,Yes,No,Middle,1.0,No,Salle 13,173.0,0.4208333333333333,0.30133597014180713,0.0,0.6476742668343078,1,0,0,1,False,False,True,False,False,False
ENSPD002519,Female,21.0,5,0.9860031104199066,1.0,0.5902004454342985,0.68,0.9520000000000001,1.0,0.2,0.4,Yes,No,Middle,1.0,Yes,Salle 19,109.0,0.7638888888888888,0.266029990618703,0.1982,0.5818364233587374,0,0,1,1,False,False,False,True,False,False
ENSPD000782,Male,21.0,2,0.6220839813374807,24.0,0.7683741648106904,0.89,0.635,2.0,1.1,15.2,Yes,No,Low,4.0,No,Salle 24,119.0,0.5472222222222223,0.24714641409580654,0.3028,1.0,1,0,0,1,False,False,False,False,False,False
ENSPD001840,Male,21.0,4,0.5505443234836701,29.0,0.7015590200445435,0.648,0.733,1.0,1.2,8.1,No,No,High,1.0,Yes,Salle 22,157.0,0.6763888888888889,0.1753894057170304,0.1422,0.900740336465212,1,0,1,0,True,False,False,False,False,False
ENSPD001412,Male,24.0,3,0.7216174183514773,18.0,0.5890868596881961,0.828,0.61,1.0,0.9,5.6,No,No,Low,2.0,Yes,Salle 4,263.0,0.5722222222222223,0.2684983612262303,0.16419999999999998,0.5818364233587374,1,0,1,0,False,False,False,True,False,False
ENSPD004615,Male,21.0,2,0.6018662519440124,26.0,0.623608017817372,0.596,0.619,1.0,0.3,5.0,No,Yes,High,2.0,Yes,Salle 10,231.0,0.5069444444444444,0.2591821087555721,0.14880000000000002,0.9860656366780134,1,1,1,0,False,False,False,False,True,False
ENSPD003410,Male,22.0,2,0.625194401244168,24.0,0.5734966592427617,0.6659999999999999,0.765,1.0,3.2,18.6,Yes,No,High,1.0,No,Salle 24,298.0,0.5805555555555555,0.23361076881093665,0.15180000000000002,0.5818364233587374,1,0,0,1,False,False,False,True,False,False
ENSPD003892,Male,21.0,2,0.7511664074650078,16.0,0.5434298440979956,0.635,0.8200000000000001,0.0,0.4,8.6,No,No,Middle,1.0,Yes,Salle 25,298.0,0.6041666666666667,0.263460074953592,0.0,0.5818364233587374,1,0,1,0,False,False,False,True,False,False
ENSPD000835,Male,22.0,4,0.35614307931570766,41.0,0.43875278396436523,0.767,0.747,3.0,1.4,11.5,No,No,Low,1.0,No,Salle 13,177.0,0.5347222222222222,0.16265350063096132,0.3516,0.5818364233587374,1,0,0,0,False,False,False,True,False,False
ENSPD003537,Male,26.0,5,0.7231726283048211,18.0,0.4587973273942093,0.751,0.628,2.0,1.5,11.0,Yes,No,Middle,3.0,Yes,Salle 12,80.0,0.5111111111111111,0.2994798205155802,0.32880000000000004,0.900740336465212,1,0,1,1,True,False,False,False,False,False
ENSPD002776,Male,22.0,3,0.9315707620528771,4.0,0.5902004454342985,0.44,0.86,1.0,1.4,9.4,No,No,Low,1.0,Yes,Salle 20,104.0,0.5861111111111111,0.32936028780760207,0.19119999999999998,0.0,1,0,1,0,False,True,False,False,False,False
ENSPD004109,Female,20.0,5,0.948678071539658,3.0,0.4276169265033408,0.866,0.635,0.0,1.5,6.4,No,Yes,Middle,0.0,No,Salle 7,80.0,0.4527777777777777,0.41766026736242245,0.0,0.900740336465212,0,1,0,0,True,False,False,False,False,False
ENSPD003308,Male,19.0,3,0.9999999999999999,0.0,0.9086859688195992,0.401,0.742,2.0,2.7,11.5,Yes,No,Middle,4.0,Yes,Salle 10,263.0,0.623611111111111,0.3315271084936129,0.4,0.5818364233587374,1,0,1,1,False,False,False,True,False,False
ENSPD002711,Female,21.0,5,0.7822706065318817,14.0,0.6202672605790647,0.659,0.35700000000000004,2.0,2.2,19.6,Yes,No,Middle,1.0,Yes,Salle 27,60.0,0.33333333333333337,0.4466568292537829,0.34400000000000003,0.7508690441401171,0,0,1,1,False,False,False,False,False,True
ENSPD002318,Male,21.0,4,0.8506998444790047,10.0,0.7427616926503342,0.619,0.718,1.0,4.1,21.2,Yes,Yes,High,1.0,Yes,Salle 4,157.0,0.6124999999999999,0.2907668287910221,0.18080000000000002,0.900740336465212,1,1,1,1,True,False,False,False,False,False
ENSPD001007,Female,21.0,4,0.5785381026438571,27.0,0.755011135857461,0.8009999999999999,0.298,3.0,1.0,6.0,Yes,No,Middle,1.0,Yes,Salle 3,121.0,0.4652777777777778,0.2720373577933737,0.43740000000000007,0.7508690441401171,0,0,1,1,False,False,False,False,False,True
ENSPD003452,Female,21.0,5,0.6516329704510108,22.0,0.6692650334075724,0.616,0.498,1.0,2.8,17.3,No,No,Middle,0.0,Yes,Salle 7,70.0,0.49722222222222223,0.2816552289485662,0.1552,0.6476742668343078,0,0,1,0,False,False,True,False,False,False
ENSPD004064,Male,23.0,2,0.984447900466563,1.0,0.7182628062360802,0.627,0.968,0.0,4.3,18.8,Yes,Yes,Middle,1.0,Yes,Salle 7,185.0,0.7777777777777779,0.2604092178480397,0.0,0.900740336465212,1,1,1,1,True,False,False,False,False,False
ENSPD001522,Female,21.0,2,0.7231726283048211,18.0,0.7416481069042317,0.331,0.512,0.0,1.4,4.2,No,No,Low,2.0,No,Salle 14,298.0,0.35,0.40638583818623686,0.0,0.5818364233587374,0,0,0,0,False,False,False,True,False,False
ENSPD004166,Male,24.0,4,0.8320373250388803,11.0,0.5590200445434298,0.46799999999999997,0.747,3.0,0.6,6.7,Yes,No,Middle,3.0,Yes,Salle 21,230.0,0.525,0.3295300384280554,0.5352,0.5818364233587374,1,0,1,1,False,False,False,True,False,False
ENSPD004535,Male,22.0,3,0.5878693623639192,26.0,0.7494432071269488,0.777,0.573,1.0,1.3,9.1,Yes,No,Middle,3.0,Yes,Salle 11,154.0,0.6013888888888889,0.21328455702255913,0.147,0.7508690441401171,1,0,1,1,False,False,False,False,False,True
ENSPD001678,Male,22.0,4,0.6407465007776051,23.0,0.9599109131403119,0.5660000000000001,0.441,3.0,3.2,25.1,Yes,Yes,Middle,0.0,Yes,Salle 25,230.0,0.6055555555555555,0.22824028484227885,0.46140000000000003,0.5818364233587374,1,1,1,1,False,False,False,True,False,False
ENSPD000281,Female,22.0,3,0.900466562986003,6.0,0.44654788418708236,0.334,0.38799999999999996,1.0,2.0,15.0,No,No,Middle,1.0,No,Salle 2,104.0,0.27222222222222214,0.5654581853269481,0.1872,0.0,0,0,0,0,False,True,False,False,False,False
ENSPD003220,Female,22.0,3,0.9999999999999999,0.0,0.48775055679287305,0.573,0.555,3.0,1.5,13.0,No,No,Middle,1.0,No,Salle 4,188.0,0.4041666666666667,0.4759637091895703,0.6,0.900740336465212,0,0,0,0,True,False,False,False,False,False
ENSPD002019,Male,20.0,3,0.7589424572317262,16.0,0.23942093541202675,0.583,0.9540000000000001,0.0,5.8,29.6,Yes,No,Middle,3.0,No,Salle 18,154.0,0.6027777777777776,0.2665201033583807,0.0,0.7508690441401171,1,0,0,1,False,False,False,False,False,True
ENSPD000450,Male,24.0,4,0.9999999999999999,0.0,0.4276169265033408,0.336,0.554,1.0,3.0,20.0,Yes,No,Low,1.0,No,Salle 13,230.0,0.2694444444444445,0.6177157697696697,0.2,0.5818364233587374,1,0,0,1,False,False,False,True,False,False
ENSPD002783,Other,22.0,2,0.7231726283048211,14.0,0.5924276169265034,0.615,0.828,0.0,0.4,8.4,No,No,Low,1.0,Yes,Salle 4,119.0,0.6277777777777779,0.244700992664774,0.0,1.0,2,0,1,0,False,False,False,False,False,False
ENSPD001077,Male,22.0,1,0.44012441679626746,36.0,0.7461024498886415,0.616,0.5660000000000001,0.0,1.0,9.7,No,Yes,Middle,0.0,Yes,Salle 16,149.0,0.5847222222222221,0.17253022896758388,0.0,0.6476742668343078,1,1,1,0,False,False,True,False,False,False
ENSPD000424,Male,26.0,3,0.8413685847589424,10.0,0.38975501113585753,0.59,0.54,4.0,0.5,6.6,Yes,No,Middle,1.0,Yes,Salle 30,263.0,0.39861111111111114,0.41677321715386717,0.7184,0.5818364233587374,1,0,1,1,False,False,False,True,False,False
ENSPD004890,Female,21.0,3,0.9580093312597201,3.0,0.8006681514476615,0.466,0.873,1.0,0.2,7.2,Yes,No,Low,1.0,Yes,Salle 27,263.0,0.6861111111111111,0.28978393339941155,0.1946,0.5818364233587374,0,0,1,1,False,False,False,True,False,False
ENSPD000373,Male,21.0,4,0.7573872472783826,16.0,0.8028953229398663,0.42700000000000005,0.615,1.0,0.0,2.0,Yes,No,High,1.0,Yes,Salle 20,178.0,0.4902777777777778,0.32316151143108995,0.1688,0.9860656366780134,1,0,1,1,False,False,False,False,True,False
ENSPD003808,Male,25.0,3,0.9999999999999999,0.0,0.7583518930957683,0.664,0.635,1.0,1.0,10.0,Yes,No,Low,1.0,Yes,Salle 14,212.0,0.3472222222222222,0.5289183560137006,0.2,0.9860656366780134,1,0,1,1,False,False,False,False,True,False
ENSPD000840,Female,23.0,3,0.6516329704510108,22.0,0.6224944320712694,0.632,0.38799999999999996,1.0,1.4,19.3,Yes,No,Middle,0.0,No,Salle 28,188.0,0.34444444444444444,0.3797916267570187,0.1552,0.900740336465212,0,0,0,1,True,False,False,False,False,False
ENSPD004328,Other,24.0,3,0.9999999999999999,0.0,0.6113585746102449,0.616,0.8570000000000001,1.0,0.0,6.7,Yes,No,Middle,0.0,Yes,Salle 15,263.0,0.5499999999999999,0.37187660319936156,0.2,0.5818364233587374,2,0,1,1,False,False,False,True,False,False
ENSPD003675,Female,22.0,1,0.3841368584758942,40.0,0.692650334075724,0.61,0.7220000000000001,1.0,0.3,8.5,Yes,No,Middle,0.0,Yes,Salle 21,248.0,0.6041666666666667,0.1482593470093175,0.1208,0.5818364233587374,0,0,1,1,False,False,False,True,False,False
ENSPD001495,Female,22.0,3,0.7231726283048211,0.0,0.8652561247216036,0.813,0.5870000000000001,1.0,0.3,3.8,Yes,Yes,Low,0.0,Yes,Salle 26,130.0,0.6875,0.2215580405507542,0.16440000000000002,1.0,0,1,1,1,False,False,False,False,False,False
ENSPD001772,Female,23.0,2,0.5069984447900465,32.0,0.3396436525612473,0.40700000000000003,0.46399999999999997,4.0,1.3,11.5,No,No,Low,0.0,Yes,Salle 17,298.0,0.2694444444444445,0.37543514740703476,0.5464,0.5818364233587374,0,0,1,0,False,False,False,True,False,False
ENSPD003941,Female,25.0,3,0.5723172628304821,28.0,0.6592427616926504,0.794,0.674,1.0,1.5,12.8,Yes,No,Middle,2.0,No,Salle 10,188.0,0.5291666666666666,0.2384996997969797,0.145,0.900740336465212,0,0,0,1,True,False,False,False,False,False
ENSPD001959,Female,22.0,5,0.8491446345256609,10.0,0.7405345211581292,0.9820000000000001,0.748,0.0,2.7,15.5,No,No,Middle,3.0,No,Salle 29,48.0,0.797222222222222,0.21819582057001688,0.0,1.0,0,0,0,0,False,False,False,False,False,False
ENSPD000308,Male,22.0,2,0.7667185069984447,15.0,0.6057906458797326,0.645,0.919,1.0,2.1,13.9,No,No,Middle,0.0,Yes,Salle 19,177.0,0.7055555555555555,0.22741037948759882,0.17,0.6476742668343078,1,0,1,0,False,False,True,False,False,False
ENSPD001994,Male,23.0,4,0.6516329704510108,22.0,0.6113585746102449,0.616,0.36600000000000005,3.0,0.8,8.9,No,Yes,Middle,1.0,Yes,Salle 17,230.0,0.4555555555555555,0.3045962057424001,0.46559999999999996,0.5818364233587374,1,1,1,0,False,False,False,True,False,False
ENSPD001607,Male,21.0,2,0.8600311041990668,9.0,0.6636971046770601,0.584,0.459,0.0,1.4,14.9,Yes,Yes,Middle,2.0,Yes,Salle 8,185.0,0.5125,0.3464111536198573,0.0,0.900740336465212,1,1,1,1,True,False,False,False,False,False
ENSPD004404,Male,23.0,4,0.9377916018662519,4.0,0.7060133630289532,0.67,0.917,1.0,3.6,18.3,Yes,No,High,0.0,Yes,Salle 17,230.0,0.7513888888888889,0.2577767092698029,0.192,0.5818364233587374,1,0,1,1,False,False,False,True,False,False
ENSPD001076,Male,26.0,3,0.6982892690513217,19.0,0.4933184855233853,0.703,0.534,2.0,4.1,20.6,Yes,No,Low,1.0,Yes,Salle 12,263.0,0.43194444444444435,0.3367096269870494,0.32239999999999996,0.5818364233587374,1,0,1,1,False,False,False,True,False,False
ENSPD004804,Male,21.0,4,0.7402799377916017,17.0,0.4888641425389756,0.525,1.0,3.0,2.2,11.5,Yes,No,Middle,2.0,Yes,Salle 3,173.0,0.5916666666666666,0.26560476851157233,0.49979999999999997,0.6476742668343078,1,0,1,1,False,False,True,False,False,False
ENSPD004268,Male,23.0,3,0.5769828926905131,27.0,0.5579064587973274,0.435,0.8840000000000001,3.0,3.5,23.1,Yes,No,Middle,1.0,Yes,Salle 11,263.0,0.525,0.24199477132727784,0.43679999999999997,0.5818364233587374,1,0,1,1,False,False,False,True,False,False
ENSPD003690,Male,20.0,1,0.5069984447900465,32.0,0.6080178173719376,0.47100000000000003,0.297,3.0,7.2,26.1,No,No,Middle,0.0,Yes,Salle 27,248.0,0.24583333333333335,0.3971324441795603,0.40979999999999994,0.5818364233587374,1,0,1,0,False,False,False,True,False,False
ENSPD003570,Female,27.0,1,0.5723172628304821,28.0,0.2984409799554566,0.498,0.39299999999999996,1.0,1.9,12.8,Yes,No,Middle,1.0,Yes,Salle 3,149.0,0.1791666666666667,0.5073062202450771,0.145,0.6476742668343078,0,0,1,1,False,False,True,False,False,False
ENSPD001928,Male,21.0,1,0.4961119751166406,32.0,0.3719376391982183,0.7759999999999999,0.46299999999999997,0.0,0.8,5.3,Yes,No,High,0.0,Yes,Salle 9,149.0,0.38055555555555554,0.2883995030114147,0.0,0.6476742668343078,1,0,1,1,False,False,True,False,False,False
ENSPD000952,Female,22.0,2,0.8180404354587868,12.0,0.6314031180400892,0.6509999999999999,0.28600000000000003,3.0,4.7,20.0,Yes,No,High,1.0,Yes,Salle 27,185.0,0.3680555555555556,0.4318836038317765,0.5297999999999999,0.900740336465212,0,0,1,1,True,False,False,False,False,False
ENSPD002044,Male,21.0,1,0.6267496111975116,24.0,0.7516703786191538,0.616,0.663,1.0,4.9,22.7,No,No,Middle,2.0,Yes,Salle 18,143.0,0.6361111111111111,0.21204280269156758,0.152,0.900740336465212,1,0,1,0,True,False,False,False,False,False
ENSPD002642,Male,19.0,1,0.7200622083981337,18.0,0.423162583518931,0.943,0.756,0.0,9.1,40.5,Yes,No,High,2.0,Yes,Salle 23,248.0,0.5486111111111112,0.2792331005632084,0.0,0.5818364233587374,1,0,1,1,False,False,False,True,False,False
ENSPD001705,Male,21.0,2,0.4447900466562985,36.0,0.8028953229398663,0.48,0.6920000000000001,2.0,0.1,3.4,Yes,No,Middle,0.0,Yes,Salle 6,298.0,0.4986111111111111,0.20765945741547073,0.2572,0.5818364233587374,1,0,1,1,False,False,False,True,False,False
ENSPD000082,Female,24.0,2,0.5940902021772939,26.0,0.5467706013363028,0.6829999999999999,0.7020000000000001,0.0,3.4,15.7,No,Yes,Middle,2.0,Yes,Salle 26,177.0,0.5819444444444444,0.22302404521389615,0.0,0.6476742668343078,0,1,1,0,False,False,True,False,False,False
ENSPD000311,Male,22.0,3,0.8118195956454123,12.0,0.46436525612472157,0.536,1.0,4.0,0.3,3.4,Yes,No,Middle,3.0,Yes,Salle 6,130.0,0.7305555555555554,0.2309859800317726,0.7032,1.0,1,0,1,1,False,False,False,False,False,False
ENSPD002248,Female,25.0,3,0.7729393468118196,15.0,0.655902004454343,0.418,1.0,1.0,0.1,3.9,No,No,Middle,2.0,Yes,Salle 5,154.0,0.6305555555555554,0.2587480440945096,0.1708,0.7508690441401171,0,0,1,0,False,False,False,False,False,True
ENSPD002813,Female,18.0,2,0.6905132192846034,20.0,0.690423162583519,0.593,0.589,2.0,1.0,10.9,Yes,No,Middle,1.0,Yes,Salle 18,185.0,0.4986111111111111,0.2947034196818772,0.32039999999999996,0.900740336465212,0,0,1,1,True,False,False,False,False,False
ENSPD003356,Male,20.0,3,0.989113530326594,1.0,0.6169265033407572,0.334,0.8640000000000001,0.0,1.5,19.3,Yes,Yes,Low,1.0,Yes,Salle 24,130.0,0.6402777777777777,0.31995948808198993,0.0,1.0,1,1,1,1,False,False,False,False,False,False
ENSPD002188,Female,19.0,2,0.9720062208398134,2.0,0.7939866369710468,0.7590000000000001,0.846,0.0,3.6,14.3,Yes,No,High,2.0,No,Salle 20,185.0,0.7902777777777776,0.25258452586040236,0.0,0.900740336465212,0,0,0,1,True,False,False,False,False,False
ENSPD003640,Male,23.0,1,0.6811819595645411,20.0,0.6113585746102449,0.632,0.633,2.0,1.1,17.4,Yes,Yes,Middle,2.0,No,Salle 3,96.0,0.6819444444444445,0.21143583870644997,0.318,1.0,1,1,0,1,False,False,False,False,False,False
ENSPD000981,Male,23.0,1,0.9999999999999999,0.0,0.8619153674832961,0.758,0.78,1.0,0.0,5.5,Yes,No,Middle,1.0,Yes,Salle 12,186.0,0.797222222222222,0.25737954901545623,0.2,0.9860656366780134,1,0,1,1,False,False,False,False,True,False
ENSPD001708,Male,24.0,4,0.7558320373250388,16.0,0.6380846325167038,0.618,0.659,0.0,1.8,13.8,Yes,No,Low,1.0,Yes,Salle 15,178.0,0.5694444444444444,0.2809486670471273,0.0,0.9860656366780134,1,0,1,1,False,False,False,False,True,False
ENSPD001187,Female,22.0,1,0.9999999999999999,0.0,0.4855233853006682,0.778,0.635,1.0,0.4,6.9,Yes,No,Middle,2.0,No,Salle 3,248.0,0.7111111111111112,0.29104254143711417,0.2,0.5818364233587374,0,0,0,1,False,False,False,True,False,False
ENSPD004861,Female,23.0,1,0.5738724727838257,27.0,0.4476614699331849,0.711,0.898,0.0,1.7,14.7,Yes,Yes,Middle,2.0,No,Salle 8,149.0,0.5972222222222222,0.21048891694991959,0.0,0.6476742668343078,0,1,0,1,False,False,True,False,False,False
ENSPD004310,Female,20.0,3,0.9999999999999999,0.0,0.38418708240534527,0.617,0.615,2.0,0.7,4.5,No,Yes,Middle,1.0,Yes,Salle 2,185.0,0.5805555555555555,0.35432896530537217,0.4,0.6476742668343078,0,1,1,0,False,False,True,False,False,False
ENSPD002074,Female,20.0,3,0.8444790046656298,10.0,0.6703786191536749,0.379,0.319,1.0,3.6,25.6,Yes,No,Middle,1.0,No,Salle 8,263.0,0.27361111111111114,0.5364763219506505,0.18,0.5818364233587374,0,0,0,1,False,False,False,True,False,False
ENSPD003450,Male,22.0,5,0.8195956454121308,12.0,0.8808463251670379,0.7859999999999999,0.55,2.0,1.4,8.0,No,Yes,Middle,2.0,No,Salle 25,60.0,0.6680555555555555,0.25709852963872226,0.3536,0.7508690441401171,1,1,0,0,False,False,False,False,False,True
ENSPD003041,Male,21.0,4,0.8864696734059098,7.0,0.3775055679287305,0.42,0.773,0.0,0.8,12.9,Yes,No,Middle,0.0,Yes,Salle 20,157.0,0.3763888888888889,0.4534643867238701,0.0,0.900740336465212,1,0,1,1,True,False,False,False,False,False
ENSPD002178,Female,21.0,1,0.7247278382581649,18.0,0.7048997772828508,0.457,0.7170000000000001,0.0,1.4,42.1,Yes,Yes,High,0.0,Yes,Salle 21,143.0,0.5194444444444445,0.2956006976205984,0.0,0.900740336465212,0,1,1,1,True,False,False,False,False,False
ENSPD004314,Female,25.0,2,0.5194401244167962,31.0,0.7639198218262806,0.33,0.624,1.0,1.5,6.8,Yes,Yes,Middle,1.0,Yes,Salle 3,298.0,0.46944444444444444,0.24812822848432645,0.1382,0.5818364233587374,0,1,1,1,False,False,False,True,False,False
ENSPD002377,Male,24.0,2,0.6671850699844478,21.0,0.5690423162583519,0.46299999999999997,0.628,1.0,1.0,12.9,No,No,Middle,1.0,No,Salle 24,231.0,0.4847222222222223,0.29389269716619826,0.15719999999999998,0.9860656366780134,1,0,0,0,False,False,False,False,True,False
ENSPD004609,Female,19.0,3,0.9999999999999999,0.0,0.6536748329621381,0.783,0.37,0.0,1.0,11.7,No,No,Low,0.0,Yes,Salle 4,263.0,0.4555555555555555,0.43483160122998443,0.0,0.5818364233587374,0,0,1,0,False,False,False,True,False,False
ENSPD001068,Male,22.0,2,0.8211508553654744,12.0,0.6191536748329621,0.6950000000000001,0.635,1.0,3.0,14.7,Yes,No,Middle,0.0,Yes,Salle 1,231.0,0.5375,0.3189257139652206,0.177,0.9860656366780134,1,0,1,1,False,False,False,False,True,False
ENSPD003193,Female,21.0,3,0.5800933125972006,27.0,0.8964365256124722,0.449,0.7640000000000001,0.0,0.3,3.7,No,No,Middle,1.0,No,Salle 21,212.0,0.5583333333333333,0.22831254736187892,0.0,0.9860656366780134,0,0,0,0,False,False,False,False,True,False
ENSPD004154,Male,27.0,4,0.4758942457231726,34.0,0.4821826280623608,0.7320000000000001,0.846,0.0,0.7,15.1,Yes,No,Middle,0.0,Yes,Salle 12,230.0,0.6347222222222223,0.166725726789306,0.0,0.5818364233587374,1,0,1,1,False,False,False,True,False,False
ENSPD001243,Female,24.0,4,0.9020217729393468,6.0,0.44988864142538976,0.736,0.612,1.0,2.5,16.3,No,No,Middle,1.0,Yes,Salle 20,178.0,0.5805555555555555,0.32277192638773966,0.1874,0.9860656366780134,0,0,1,0,False,False,False,False,True,False
ENSPD004324,Male,22.0,4,0.7433903576982893,16.0,0.744988864142539,0.622,0.7590000000000001,2.0,1.3,7.5,Yes,No,High,0.0,Yes,Salle 13,70.0,0.65,0.24180415393161828,0.334,0.0,1,0,1,1,False,True,False,False,False,False
ENSPD003668,Male,22.0,5,0.5303265940902021,30.0,0.512249443207127,0.812,0.545,2.0,3.4,14.1,Yes,No,Low,1.0,Yes,Salle 19,60.0,0.45972222222222214,0.25708391486481863,0.2792,0.7508690441401171,1,0,1,1,False,False,False,False,False,True
ENSPD004731,Male,22.0,3,0.6189735614307931,24.0,0.5545657015590201,0.485,0.433,4.0,0.3,8.7,No,No,Middle,1.0,Yes,Salle 2,188.0,0.33333333333333337,0.3742271890476154,0.604,0.900740336465212,1,0,1,0,True,False,False,False,False,False
ENSPD003465,Male,21.0,2,0.5614307931570762,28.0,0.7015590200445435,0.451,0.7190000000000001,0.0,0.8,4.5,No,Yes,Low,4.0,Yes,Salle 1,119.0,0.5291666666666666,0.2347817235225577,0.0,1.0,1,1,1,0,False,False,False,False,False,False
ENSPD003708,Male,20.0,1,0.6625194401244167,22.0,0.6603563474387528,0.542,0.5870000000000001,2.0,1.7,7.7,Yes,No,Middle,1.0,No,Salle 1,186.0,0.5097222222222222,0.279025905578545,0.3132,0.9860656366780134,1,0,0,1,False,False,False,False,True,False
ENSPD004992,Male,20.0,3,0.525660964230171,30.0,0.8095768374164811,0.493,0.381,2.0,0.4,0.0,Yes,No,Low,1.0,Yes,Salle 1,212.0,0.38194444444444453,0.2997431032848358,0.278,0.9860656366780134,1,0,1,1,False,False,False,False,True,False
ENSPD004063,Female,25.0,3,0.864696734059098,9.0,0.5244988864142539,0.616,0.818,3.0,1.4,7.2,Yes,No,Middle,1.0,Yes,Salle 26,104.0,0.7305555555555554,0.24559021371621656,0.5478,0.0,0,0,1,1,False,True,False,False,False,False
ENSPD001740,Male,21.0,4,0.4774494556765164,34.0,0.4131403118040089,0.538,0.24800000000000003,2.0,8.2,38.8,No,Yes,Middle,1.0,Yes,Salle 16,178.0,0.15833333333333338,0.47825229268934655,0.2656,0.9860656366780134,1,1,1,0,False,False,False,False,True,False
ENSPD001156,Female,20.0,4,0.505443234836703,32.0,0.8095768374164811,0.765,0.763,1.0,1.7,16.2,Yes,No,Middle,0.0,No,Salle 27,178.0,0.6930555555555555,0.157187414089926,0.13640000000000002,0.9860656366780134,0,0,0,1,False,False,False,False,True,False
ENSPD000262,Other,20.0,4,0.4961119751166406,32.0,0.6525612472160356,0.179,0.6709999999999999,1.0,3.0,14.1,Yes,No,Middle,0.0,Yes,Salle 15,93.0,0.38055555555555554,0.2883995030114147,0.1352,1.0,2,0,1,1,False,False,False,False,False,False
ENSPD003509,Female,21.0,4,0.7449455676516329,16.0,0.6169265033407572,0.765,0.543,5.0,1.5,10.5,Yes,No,Middle,2.0,Yes,Salle 7,173.0,0.5513888888888888,0.2861612357414868,0.836,0.6476742668343078,0,0,1,1,False,False,True,False,False,False
ENSPD003962,Male,20.0,2,0.41213063763608093,38.0,0.5879732739420935,0.637,0.376,1.0,6.5,32.6,Yes,No,Middle,2.0,Yes,Salle 12,177.0,0.37083333333333335,0.2592673443024883,0.12440000000000001,0.6476742668343078,1,0,1,1,False,False,True,False,False,False
ENSPD000695,Male,23.0,2,0.947122861586314,3.0,0.6291759465478842,0.563,0.7240000000000001,2.0,1.0,9.6,No,No,Middle,0.0,Yes,Salle 28,298.0,0.6194444444444444,0.3173151636506367,0.38639999999999997,0.5818364233587374,1,0,1,0,False,False,False,True,False,False
ENSPD001680,Female,18.0,2,0.749611197511664,16.0,0.7026726057906458,0.785,0.723,2.0,1.4,11.5,No,No,Middle,1.0,No,Salle 17,298.0,0.6458333333333334,0.24534431969666295,0.3356,0.5818364233587374,0,0,0,0,False,False,False,True,False,False
ENSPD003131,Female,19.0,2,0.35769828926905134,41.0,0.5523385300668151,0.5710000000000001,0.381,1.0,3.8,15.8,Yes,No,Middle,1.0,Yes,Salle 13,177.0,0.35,0.24830052268311156,0.1174,0.6476742668343078,0,0,1,1,False,False,True,False,False,False
ENSPD002549,Male,22.0,1,0.609642301710731,25.0,0.5055679287305123,0.5820000000000001,0.634,1.0,0.3,6.3,No,Yes,Middle,1.0,Yes,Salle 6,96.0,0.4888888888888888,0.27100197579760843,0.14980000000000002,1.0,1,1,1,0,False,False,False,False,False,False
ENSPD001953,Female,23.0,3,0.9051321928460342,6.0,0.5501113585746102,0.619,0.257,0.0,0.1,7.1,No,Yes,Middle,0.0,Yes,Salle 12,130.0,0.3375,0.4970605985817076,0.0,1.0,0,1,1,0,False,False,False,False,False,False
ENSPD000034,Female,22.0,5,0.6174183514774495,25.0,0.6180400890868597,0.748,0.46799999999999997,3.0,2.3,9.6,Yes,Yes,Middle,0.0,Yes,Salle 26,109.0,0.5083333333333333,0.26394820652964024,0.4524,0.5818364233587374,0,1,1,1,False,False,False,True,False,False
ENSPD004849,Female,18.0,5,0.8569206842923794,9.0,0.5634743875278396,0.5579999999999999,0.551,1.0,0.7,11.9,No,No,Middle,0.0,Yes,Salle 5,109.0,0.4625,0.37667021968519177,0.1816,0.5818364233587374,0,0,1,0,False,False,False,True,False,False
ENSPD001541,Female,22.0,2,0.7153965785381026,18.0,0.9565701559020043,0.7390000000000001,0.5760000000000001,0.0,0.4,3.8,Yes,No,Middle,1.0,No,Salle 7,177.0,0.6847222222222222,0.22032814579002505,0.0,0.6476742668343078,0,0,0,1,False,False,True,False,False,False
ENSPD004332,Male,21.0,1,0.48367029548989116,33.0,0.9198218262806237,0.765,0.833,1.0,0.5,5.4,No,Yes,Low,1.0,Yes,Salle 12,186.0,0.7805555555555557,0.12734439411159584,0.1336,0.9860656366780134,1,1,1,0,False,False,False,False,True,False
ENSPD002357,Female,21.0,3,0.7340590979782272,17.0,0.5356347438752784,0.619,0.758,0.0,7.4,38.2,No,Yes,Middle,3.0,Yes,Salle 22,185.0,0.5597222222222222,0.27848321218132543,0.0,0.6476742668343078,0,1,1,0,False,False,True,False,False,False
ENSPD000955,Male,19.0,3,0.9533437013996889,3.0,0.5200445434298441,0.33899999999999997,0.44200000000000006,1.0,0.6,9.4,Yes,Yes,Low,4.0,Yes,Salle 5,130.0,0.36249999999999993,0.4940337811836367,0.194,1.0,1,1,1,1,False,False,False,False,False,False
ENSPD001878,Male,21.0,2,0.8491446345256609,10.0,0.4832962138084633,0.61,0.0,2.0,0.5,5.3,No,No,High,2.0,No,Salle 17,298.0,0.1652777777777778,0.6910485829591742,0.3612,0.5818364233587374,1,0,0,0,False,False,False,True,False,False
ENSPD000139,Male,23.0,1,0.6220839813374807,24.0,0.7806236080178174,0.62,0.763,1.0,0.2,7.3,Yes,No,Middle,3.0,Yes,Salle 17,186.0,0.7180555555555557,0.18248966986098783,0.1514,0.9860656366780134,1,0,1,1,False,False,False,False,True,False
ENSPD003873,Male,22.0,2,0.8242612752721618,11.0,0.6403118040089087,0.304,0.332,0.0,0.3,7.6,No,No,High,0.0,Yes,Salle 18,231.0,0.2875,0.5112754655679771,0.0,0.9860656366780134,1,0,1,0,False,False,False,False,True,False
ENSPD000314,Female,24.0,3,0.9999999999999999,0.0,0.4832962138084633,0.818,0.40299999999999997,1.0,0.3,2.9,Yes,No,Middle,1.0,Yes,Salle 14,212.0,0.37777777777777777,0.49943247903119137,0.2,0.9860656366780134,0,0,1,1,False,False,False,False,True,False
ENSPD004792,Female,18.0,1,0.7356143079315708,17.0,0.779510022271715,0.743,1.0,1.0,4.5,25.3,No,Yes,Middle,1.0,No,Salle 20,83.0,0.8819444444444444,0.1651173142927412,0.166,0.0,0,1,0,0,False,True,False,False,False,False
ENSPD000448,Female,23.0,3,0.8195956454121308,12.0,0.3619153674832963,0.798,0.527,0.0,2.2,11.9,Yes,No,Middle,1.0,Yes,Salle 30,263.0,0.4375,0.3796031520334888,0.0,0.5818364233587374,0,0,1,1,False,False,False,True,False,False
ENSPD000498,Male,23.0,4,0.5800933125972006,27.0,0.6525612472160356,0.517,0.613,1.0,0.9,9.5,Yes,Yes,Middle,1.0,Yes,Salle 14,178.0,0.49444444444444435,0.25764059039838105,0.146,0.9860656366780134,1,1,1,1,False,False,False,False,True,False
ENSPD000239,Female,23.0,1,0.6594090202177293,22.0,0.38641425389755013,0.604,0.5750000000000001,0.0,2.2,11.0,Yes,No,Middle,3.0,Yes,Salle 18,149.0,0.3847222222222222,0.35300041304703567,0.0,0.6476742668343078,0,0,1,1,False,False,True,False,False,False
ENSPD003704,Female,21.0,2,0.6920684292379472,20.0,0.4710467706013364,0.6070000000000001,0.92,1.0,0.5,5.7,Yes,No,High,1.0,No,Salle 30,161.0,0.6305555555555554,0.23406786629758555,0.16040000000000001,0.7508690441401171,0,0,0,1,False,False,False,False,False,True
ENSPD000775,Female,27.0,4,0.645412130637636,23.0,0.8340757238307349,0.30100000000000005,0.34600000000000003,0.0,3.1,18.3,No,No,Middle,2.0,Yes,Salle 5,230.0,0.29027777777777775,0.4233879874275235,0.0,0.5818364233587374,0,0,1,0,False,False,False,True,False,False
ENSPD004652,Female,22.0,4,0.6951788491446346,20.0,0.2761692650334076,0.7190000000000001,0.684,0.0,0.5,12.2,Yes,Yes,Middle,1.0,Yes,Salle 27,173.0,0.5375,0.2763204344254585,0.0,0.6476742668343078,0,1,1,1,False,False,True,False,False,False
ENSPD001428,Female,25.0,2,0.625194401244168,24.0,0.6547884187082406,0.45799999999999996,0.614,1.0,1.5,5.7,Yes,No,High,1.0,Yes,Salle 5,231.0,0.5013888888888889,0.27015489323786324,0.15180000000000002,0.9860656366780134,0,0,1,1,False,False,False,False,True,False
ENSPD004563,Female,19.0,4,0.6407465007776051,23.0,0.643652561247216,0.76,0.506,2.0,0.1,2.8,Yes,No,Middle,2.0,Yes,Salle 8,93.0,0.5291666666666666,0.26186983637906114,0.30760000000000004,1.0,0,0,1,1,False,False,False,False,False,False
ENSPD001489,Male,21.0,4,0.48522550544323495,33.0,0.8897550111358574,0.663,0.8240000000000001,1.0,2.9,11.2,Yes,No,High,2.0,No,Salle 8,178.0,0.7375,0.1389002688865094,0.1338,0.9860656366780134,1,0,0,1,False,False,False,False,True,False
ENSPD000883,Male,22.0,1,0.7916018662519438,13.0,0.13474387527839643,0.71,0.746,3.0,0.6,8.9,No,No,High,1.0,No,Salle 22,248.0,0.4652777777777778,0.3507068869870854,0.5196,0.5818364233587374,1,0,0,0,False,False,False,True,False,False
ENSPD004025,Female,24.0,2,0.9051321928460342,6.0,0.43541202672605794,0.639,0.878,1.0,0.3,8.5,No,No,Middle,0.0,Yes,Salle 7,231.0,0.5791666666666667,0.3244984676231676,0.18780000000000002,0.9860656366780134,0,0,1,0,False,False,False,False,True,False
ENSPD003038,Other,18.0,1,0.7231726283048211,28.0,0.6113585746102449,0.616,0.529,2.0,4.5,23.4,Yes,No,Middle,0.0,Yes,Salle 15,121.0,0.5097222222222222,0.3002244885629731,0.32880000000000004,0.7508690441401171,2,0,1,1,False,False,False,False,False,True
ENSPD002333,Female,21.0,4,0.4898911353032659,33.0,0.45991091314031185,0.633,0.81,2.0,5.7,26.6,Yes,No,Middle,2.0,Yes,Salle 26,157.0,0.5861111111111111,0.18797323403165841,0.26880000000000004,0.900740336465212,0,0,1,1,True,False,False,False,False,False
ENSPD001147,Female,22.0,5,0.9984447900466563,0.0,0.38195991091314035,0.768,0.679,2.0,2.7,11.5,Yes,No,Middle,1.0,Yes,Salle 7,80.0,0.48611111111111116,0.41229455202777576,0.3996,0.900740336465212,0,0,1,1,True,False,False,False,False,False
ENSPD002632,Female,21.0,3,0.7667185069984447,15.0,0.6948775055679287,0.419,0.649,0.0,1.4,3.2,Yes,Yes,High,2.0,Yes,Salle 26,130.0,0.4805555555555555,0.33223018938037285,0.0,1.0,0,1,1,1,False,False,False,False,False,False
ENSPD001933,Male,25.0,4,0.6049766718506998,25.0,0.6781737193763919,0.606,0.665,1.0,0.6,11.6,Yes,No,Middle,1.0,Yes,Salle 4,230.0,0.6347222222222223,0.20594756346155066,0.1492,0.5818364233587374,1,0,1,1,False,False,False,True,False,False
ENSPD000260,Male,20.0,3,0.7962674961119752,13.0,0.39420935412026725,0.46399999999999997,1.0,1.0,4.0,24.7,No,No,Middle,1.0,Yes,Salle 16,212.0,0.5736111111111111,0.2920846761333177,0.1738,0.9860656366780134,1,0,1,0,False,False,False,False,True,False
ENSPD002747,Male,18.0,2,0.5707620528771385,28.0,0.5946547884187082,1.0,0.8570000000000001,1.0,0.9,11.7,Yes,No,Middle,1.0,Yes,Salle 25,119.0,0.786111111111111,0.14881967386449566,0.1448,1.0,1,0,1,1,False,False,False,False,False,False
ENSPD003885,Female,22.0,4,0.9517884914463454,3.0,0.4198218262806236,0.743,0.438,1.0,1.6,14.7,Yes,No,Low,1.0,Yes,Salle 15,93.0,0.375,0.48190015749199033,0.19380000000000003,1.0,0,0,1,1,False,False,False,False,False,False
ENSPD003903,Female,25.0,3,0.7325038880248832,17.0,0.5111358574610245,0.45299999999999996,0.41600000000000004,3.0,13.4,50.6,Yes,No,Middle,2.0,Yes,Salle 12,263.0,0.3416666666666667,0.4174136701810701,0.49679999999999996,0.5818364233587374,0,0,1,1,False,False,False,True,False,False
ENSPD004465,Female,26.0,3,0.42923794712286145,37.0,0.5144766146993318,0.401,0.888,1.0,2.3,11.5,Yes,No,Low,3.0,Yes,Salle 18,212.0,0.5097222222222222,0.1974928940999753,0.1266,0.9860656366780134,0,0,1,1,False,False,False,False,True,False
ENSPD001053,Female,21.0,2,0.6111975116640745,25.0,0.8797327394209354,0.32,0.528,1.0,0.0,12.0,No,No,Middle,2.0,Yes,Salle 26,161.0,0.49444444444444435,0.26871502888435284,0.15,0.7508690441401171,0,0,1,0,False,False,False,False,False,True
ENSPD000175,Female,22.0,2,0.6516329704510108,22.0,0.7783964365256124,0.542,0.828,1.0,4.7,25.9,Yes,No,High,0.0,Yes,Salle 6,298.0,0.7055555555555555,0.19485152920146723,0.1552,0.5818364233587374,0,0,1,1,False,False,False,True,False,False
ENSPD001057,Female,24.0,5,0.6049766718506998,25.0,0.5089086859688196,0.8640000000000001,0.7590000000000001,1.0,2.0,11.1,Yes,No,High,0.0,Yes,Salle 12,70.0,0.6402777777777777,0.20391279332052978,0.1492,0.6476742668343078,0,0,1,1,False,False,True,False,False,False
ENSPD002168,Male,21.0,2,0.6423017107309487,23.0,0.41536748329621387,0.44,1.0,1.0,7.6,33.3,Yes,No,Middle,0.0,Yes,Salle 27,177.0,0.5416666666666667,0.2564832975190061,0.154,0.6476742668343078,1,0,1,1,False,False,True,False,False,False
ENSPD004521,Female,23.0,2,0.44945567651632967,35.0,0.5367483296213809,0.721,0.52,0.0,1.8,15.7,Yes,Yes,Middle,1.0,Yes,Salle 21,231.0,0.43194444444444435,0.2407719512894537,0.0,0.9860656366780134,0,1,1,1,False,False,False,False,True,False
ENSPD003820,Male,23.0,1,0.3530326594090202,42.0,0.6781737193763919,0.292,0.478,0.0,1.4,23.9,No,No,Low,2.0,No,Salle 30,83.0,0.3291666666666666,0.2588471908283021,0.0,0.0,1,0,0,0,False,True,False,False,False,False
ENSPD004149,Female,20.0,2,0.7231726283048211,31.0,0.9187082405345213,0.39799999999999996,0.63,1.0,5.7,26.5,Yes,No,Middle,1.0,No,Salle 24,298.0,0.4833333333333333,0.3148610673414055,0.16440000000000002,0.5818364233587374,0,0,0,1,False,False,False,True,False,False
ENSPD002705,Female,23.0,1,0.5365474339035771,30.0,0.26280623608017817,0.543,0.5970000000000001,1.0,4.0,20.0,Yes,Yes,Middle,1.0,No,Salle 12,143.0,0.31666666666666665,0.3502999121993693,0.1404,0.900740336465212,0,1,0,1,True,False,False,False,False,False
ENSPD001393,Male,20.0,2,0.6267496111975116,24.0,0.356347438752784,0.616,0.37,1.0,1.4,11.5,No,No,Low,1.0,Yes,Salle 1,298.0,0.3486111111111111,0.3657367210270903,0.152,0.5818364233587374,1,0,1,0,False,False,False,True,False,False
ENSPD004835,Male,21.0,3,0.603421461897356,26.0,0.6714922048997773,0.8940000000000001,0.8200000000000001,2.0,0.1,3.6,Yes,No,Low,0.0,No,Salle 20,212.0,0.8374999999999999,0.14391872142209935,0.298,0.9860656366780134,1,0,0,1,False,False,False,False,True,False
ENSPD002772,Male,23.0,2,0.6671850699844478,21.0,0.5489977728285078,0.758,0.505,1.0,5.0,27.6,Yes,No,Low,1.0,Yes,Salle 21,71.0,0.5291666666666666,0.27089920733122885,0.15719999999999998,0.0,1,0,1,1,False,True,False,False,False,False
ENSPD000780,Female,23.0,4,0.41990668740279935,37.0,0.8296213808463252,0.612,0.43100000000000005,2.0,1.1,8.0,No,No,Middle,1.0,Yes,Salle 8,178.0,0.5875,0.16509379591086945,0.2508,0.9860656366780134,0,0,1,0,False,False,False,False,True,False
ENSPD003334,Male,21.0,3,0.8662519440124418,9.0,0.5211581291759466,0.877,0.429,1.0,1.1,4.6,Yes,No,Middle,0.0,Yes,Salle 30,154.0,0.5180555555555555,0.34530438341535874,0.18280000000000002,0.7508690441401171,1,0,1,1,False,False,False,False,False,True
ENSPD001549,Male,21.0,1,0.9999999999999999,0.0,0.43207126948775054,0.5720000000000001,0.33299999999999996,1.0,3.9,19.6,Yes,No,Middle,0.0,Yes,Salle 25,96.0,0.3222222222222222,0.5551228888712565,0.2,1.0,1,0,1,1,False,False,False,False,False,False
ENSPD004409,Male,19.0,5,0.884914463452566,7.0,0.579064587973274,0.684,0.63,2.0,0.5,12.1,Yes,No,Middle,0.0,Yes,Salle 11,48.0,0.5847222222222221,0.3151310101954766,0.3704,1.0,1,0,1,1,False,False,False,False,False,False
ENSPD003755,Male,24.0,1,0.884914463452566,7.0,0.47327394209354123,0.59,0.513,1.0,0.5,1.6,Yes,No,Middle,3.0,No,Salle 6,248.0,0.4472222222222222,0.39763827874826463,0.1852,0.5818364233587374,1,0,0,1,False,False,False,True,False,False
ENSPD004469,Female,22.0,1,0.671850699844479,21.0,0.5089086859688196,0.6,0.841,2.0,0.0,10.9,Yes,Yes,Low,1.0,Yes,Salle 3,96.0,0.5555555555555556,0.2598940331688099,0.31560000000000005,1.0,0,1,1,1,False,False,False,False,False,False
ENSPD002267,Female,22.0,4,0.6345256609642301,24.0,0.6002227171492205,0.664,0.8620000000000001,1.0,11.4,53.9,Yes,No,Middle,1.0,Yes,Salle 10,230.0,0.7416666666666665,0.17858703974836557,0.153,0.5818364233587374,0,0,1,1,False,False,False,True,False,False
ENSPD003674,Male,20.0,4,0.8398133748055988,10.0,0.9610244988864143,0.7709999999999999,0.514,1.0,1.7,12.9,No,No,Middle,1.0,Yes,Salle 20,157.0,0.638888888888889,0.2754653260202855,0.1794,0.900740336465212,1,0,1,0,True,False,False,False,False,False
ENSPD004522,Male,20.0,5,0.6656298600311042,22.0,0.4064587973273942,0.33899999999999997,0.7070000000000001,3.0,1.4,2.4,No,Yes,Middle,2.0,Yes,Salle 3,67.0,0.37083333333333335,0.3656218984160873,0.47100000000000003,0.9860656366780134,1,1,1,0,False,False,False,False,True,False
ENSPD001686,Female,24.0,5,0.9673405909797824,2.0,0.7082405345211581,0.913,0.606,2.0,1.4,14.3,No,No,Middle,3.0,No,Salle 6,40.0,0.7583333333333333,0.2631294293687958,0.3916,0.0,0,0,0,0,False,True,False,False,False,False
ENSPD001584,Male,21.0,5,0.3919129082426127,39.0,0.544543429844098,0.49200000000000005,0.639,0.0,0.4,5.5,No,Yes,Middle,0.0,Yes,Salle 3,80.0,0.48611111111111116,0.19411669728976563,0.0,0.900740336465212,1,1,1,0,True,False,False,False,False,False
ENSPD003603,Male,24.0,1,0.567651632970451,28.0,0.9944320712694878,0.39299999999999996,0.789,2.0,0.7,9.8,Yes,No,Middle,0.0,Yes,Salle 21,149.0,0.6777777777777778,0.17991649980410182,0.2888,0.6476742668343078,1,0,1,1,False,False,True,False,False,False
ENSPD001992,Male,17.0,1,0.6438569206842922,23.0,0.6759465478841872,0.318,0.97,2.0,7.0,33.8,Yes,No,Middle,3.0,Yes,Salle 9,143.0,0.6069444444444445,0.22865337954067658,0.3084,0.900740336465212,1,0,1,1,True,False,False,False,False,False
ENSPD000539,Male,20.0,2,0.9999999999999999,0.0,0.5077951002227171,0.731,0.937,2.0,0.4,7.1,Yes,No,High,0.0,Yes,Salle 23,161.0,0.8416666666666666,0.24195402480924025,0.4,0.7508690441401171,1,0,1,1,False,False,False,False,False,True
ENSPD001265,Male,24.0,3,0.8055987558320373,12.0,0.5167037861915368,0.768,0.7000000000000001,2.0,1.4,3.6,No,No,Middle,1.0,Yes,Salle 13,263.0,0.5680555555555554,0.29786966063339837,0.35000000000000003,0.5818364233587374,1,0,1,0,False,False,False,True,False,False
ENSPD001448,Female,18.0,4,0.9999999999999999,0.0,0.46325167037861914,0.738,0.818,2.0,0.9,11.5,Yes,Yes,Middle,1.0,Yes,Salle 14,178.0,0.6625000000000001,0.3126457308473619,0.4,0.9860656366780134,0,1,1,1,False,False,False,False,True,False
ENSPD003431,Female,21.0,1,0.9937791601866252,0.0,0.2873051224944321,0.5479999999999999,1.0,3.0,6.9,30.7,Yes,No,Middle,3.0,Yes,Salle 19,149.0,0.5777777777777777,0.35386516379029653,0.5975999999999999,0.6476742668343078,0,0,1,1,False,False,True,False,False,False
ENSPD004729,Female,24.0,3,0.7309486780715396,17.0,0.6870824053452117,0.643,0.75,0.0,3.9,24.3,Yes,Yes,Low,2.0,Yes,Salle 17,130.0,0.6541666666666666,0.23644163680012467,0.0,1.0,0,1,1,1,False,False,False,False,False,False
ENSPD000124,Male,21.0,5,0.6765163297045101,21.0,0.6915367483296213,0.564,0.705,1.0,0.3,7.8,Yes,No,High,1.0,Yes,Salle 16,60.0,0.5513888888888888,0.263385569947746,0.1584,0.7508690441401171,1,0,1,1,False,False,False,False,False,True
ENSPD000457,Male,24.0,2,0.7231726283048211,28.0,0.9075723830734967,0.545,0.5670000000000001,1.0,0.8,11.1,Yes,No,Middle,0.0,Yes,Salle 9,161.0,0.5527777777777778,0.27823905079878963,0.16440000000000002,0.7508690441401171,1,0,1,1,False,False,False,False,False,True
ENSPD001308,Female,23.0,4,0.5085536547433903,32.0,0.5712694877505569,0.48600000000000004,0.843,3.0,2.9,18.7,Yes,No,Middle,1.0,Yes,Salle 2,93.0,0.5486111111111112,0.20861103467689088,0.41040000000000004,1.0,0,0,1,1,False,False,False,False,False,False
ENSPD004966,Male,19.0,2,0.6018662519440124,26.0,0.34966592427616927,0.663,0.766,1.0,1.1,11.5,No,No,Middle,1.0,Yes,Salle 7,185.0,0.49722222222222223,0.26399619211194125,0.14880000000000002,0.900740336465212,1,0,1,0,True,False,False,False,False,False
ENSPD000203,Male,19.0,3,0.48522550544323495,33.0,0.7149220489977729,0.608,0.353,0.0,1.4,14.5,Yes,No,Middle,3.0,Yes,Salle 3,188.0,0.38750000000000007,0.2796832632009464,0.0,0.900740336465212,1,0,1,1,True,False,False,False,False,False
ENSPD003291,Male,22.0,1,0.7713841368584758,15.0,0.5178173719376392,0.512,0.795,0.0,2.2,14.8,Yes,No,Low,0.0,Yes,Salle 16,143.0,0.5333333333333333,0.3042790814166253,0.0,0.900740336465212,1,0,1,1,True,False,False,False,False,False
ENSPD002934,Male,20.0,2,0.9813374805598755,1.0,0.734966592427617,0.636,0.826,0.0,0.7,9.9,No,No,Middle,0.0,Yes,Salle 22,161.0,0.6527777777777778,0.31165925300211883,0.0,0.7508690441401171,1,0,1,0,False,False,False,False,False,True
ENSPD000942,Male,23.0,2,0.2986003110419906,45.0,0.6113585746102449,0.466,0.8620000000000001,0.0,1.4,9.2,No,Yes,Middle,2.0,Yes,Salle 17,298.0,0.41388888888888886,0.1906841111320284,0.0,0.5818364233587374,1,1,1,0,False,False,False,True,False,False
ENSPD003580,Male,19.0,1,0.9409020217729395,4.0,0.4053452115812918,0.655,0.635,3.0,0.9,8.9,Yes,No,Low,3.0,No,Salle 26,248.0,0.44861111111111107,0.4177769651987061,0.5772,0.5818364233587374,1,0,0,1,False,False,False,True,False,False
ENSPD004647,Female,21.0,3,0.6345256609642301,24.0,0.7360801781737194,0.72,0.766,1.0,3.8,11.5,Yes,No,Middle,0.0,No,Salle 16,212.0,0.6694444444444445,0.20226840843805285,0.153,0.9860656366780134,0,0,0,1,False,False,False,False,True,False
ENSPD003032,Male,24.0,2,0.6765163297045101,21.0,0.5233853006681515,0.47000000000000003,0.638,1.0,1.5,6.6,Yes,No,High,1.0,Yes,Salle 28,231.0,0.4388888888888889,0.3239821295601879,0.1584,0.9860656366780134,1,0,1,1,False,False,False,False,True,False
ENSPD000429,Male,19.0,4,0.6827371695178849,20.0,0.601336302895323,0.757,0.733,1.0,1.2,0.8,Yes,No,Low,1.0,Yes,Salle 25,173.0,0.6944444444444444,0.20747884234735844,0.15919999999999998,0.6476742668343078,1,0,1,1,False,False,True,False,False,False
ENSPD003286,Male,22.0,2,0.8771384136858474,8.0,0.6893095768374164,0.763,0.506,1.0,7.5,27.1,Yes,No,Middle,1.0,Yes,Salle 7,185.0,0.5375,0.3378613937606706,0.1842,0.900740336465212,1,0,1,1,True,False,False,False,False,False
ENSPD000405,Male,22.0,1,0.5318818040435459,30.0,0.5200445434298441,0.30100000000000005,0.731,1.0,2.1,17.1,Yes,No,Middle,0.0,No,Salle 15,248.0,0.4208333333333333,0.2788186355958675,0.1398,0.5818364233587374,1,0,0,1,False,False,False,True,False,False
ENSPD000333,Male,18.0,4,0.6982892690513217,19.0,0.7260579064587974,0.619,0.653,1.0,0.9,16.9,Yes,No,Middle,0.0,No,Salle 6,121.0,0.6166666666666666,0.2416252571823069,0.16119999999999998,0.7508690441401171,1,0,0,1,False,False,False,False,False,True
ENSPD001825,Female,23.0,4,0.6469673405909798,23.0,0.46993318485523383,0.443,1.0,4.0,2.9,22.4,Yes,No,Middle,0.0,No,Salle 26,70.0,0.6597222222222222,0.20940648682633253,0.6184,0.0,0,0,0,1,False,True,False,False,False,False
ENSPD000245,Male,27.0,3,0.7262830482115087,18.0,0.856347438752784,0.42600000000000005,0.588,1.0,1.1,11.9,No,No,Middle,1.0,Yes,Salle 19,263.0,0.5041666666666667,0.30432260670670075,0.1648,0.5818364233587374,1,0,1,0,False,False,False,True,False,False
ENSPD003949,Male,22.0,2,0.7667185069984447,15.0,0.6804008908685969,0.441,0.772,0.0,1.4,15.4,Yes,No,Low,1.0,Yes,Salle 29,298.0,0.5555555555555556,0.2913195050294084,0.0,0.5818364233587374,1,0,1,1,False,False,False,True,False,False
ENSPD000415,Male,22.0,3,0.47122861586314146,34.0,0.46993318485523383,0.7590000000000001,0.485,1.0,0.8,11.5,No,No,High,1.0,Yes,Salle 6,188.0,0.4888888888888888,0.22138318177596553,0.132,0.900740336465212,1,0,1,0,True,False,False,False,False,False
ENSPD000171,Female,25.0,2,0.4230171073094867,37.0,0.5812917594654788,0.297,0.478,3.0,1.9,11.5,Yes,No,Middle,0.0,No,Salle 28,177.0,0.23749999999999993,0.3616001245118672,0.37739999999999996,0.6476742668343078,0,0,0,1,False,False,True,False,False,False
ENSPD002214,Female,23.0,3,0.6127527216174183,25.0,0.9220489977728286,0.42600000000000005,0.539,0.0,2.5,22.0,No,No,Middle,0.0,Yes,Salle 24,212.0,0.49583333333333335,0.26856273197240965,0.0,0.9860656366780134,0,0,1,0,False,False,False,False,True,False
ENSPD000348,Male,23.0,2,0.6780715396578537,21.0,0.7616926503340756,0.449,0.484,2.0,1.6,5.4,No,No,Middle,0.0,Yes,Salle 27,298.0,0.4361111111111111,0.3263021028251365,0.3172,0.5818364233587374,1,0,1,0,False,False,False,True,False,False
ENSPD001487,Male,20.0,2,0.6174183514774495,25.0,0.5456570155902005,0.551,0.9420000000000001,1.0,0.5,11.5,No,No,Low,1.0,No,Salle 26,177.0,0.6847222222222222,0.19203562768945512,0.15080000000000002,0.6476742668343078,1,0,0,0,False,False,True,False,False,False
ENSPD002184,Male,20.0,4,0.6236391912908242,24.0,0.7026726057906458,0.554,1.0,1.0,1.1,10.8,Yes,Yes,Low,1.0,No,Salle 12,121.0,0.6902777777777778,0.19196416819215575,0.15159999999999998,0.7508690441401171,1,1,0,1,False,False,False,False,False,True
ENSPD004339,Male,21.0,4,0.6376360808709175,23.0,0.21380846325167036,0.966,0.677,2.0,6.9,32.6,Yes,No,High,1.0,Yes,Salle 6,178.0,0.5388888888888889,0.2562080617297504,0.3068,0.9860656366780134,1,0,1,1,False,False,False,False,True,False
ENSPD000894,Male,22.0,2,0.4385692068429238,36.0,0.6224944320712694,0.609,0.946,0.0,4.3,26.4,Yes,No,Low,0.0,No,Salle 10,177.0,0.6708333333333333,0.14440407845109524,0.0,0.6476742668343078,1,0,0,1,False,False,True,False,False,False
ENSPD003148,Female,24.0,2,0.9999999999999999,0.0,0.5456570155902005,0.6659999999999999,0.0,2.0,1.7,12.9,Yes,No,Middle,1.0,No,Salle 9,298.0,0.1611111111111111,0.7890225893956473,0.4,0.5818364233587374,0,0,0,1,False,False,False,True,False,False
ENSPD002571,Male,20.0,3,0.880248833592535,8.0,0.4654788418708241,0.8,0.48,0.0,1.1,7.3,No,No,Low,0.0,Yes,Salle 24,212.0,0.5125,0.3534538331621352,0.0,0.9860656366780134,1,0,1,0,False,False,False,False,True,False
ENSPD001051,Female,22.0,1,0.7573872472783826,16.0,0.3062360801781738,0.611,0.838,0.0,0.9,4.6,Yes,No,Middle,2.0,Yes,Salle 23,186.0,0.49722222222222223,0.3191806822263943,0.0,0.9860656366780134,0,0,1,1,False,False,False,False,True,False
ENSPD002856,Male,25.0,1,0.7853810264385693,14.0,0.46770601336302897,0.379,0.635,1.0,6.9,30.3,No,No,Middle,3.0,No,Salle 28,143.0,0.5888888888888888,0.28125481220003434,0.1724,0.900740336465212,1,0,0,0,True,False,False,False,False,False
ENSPD004872,Male,23.0,3,0.7247278382581649,18.0,0.5,0.713,0.49,2.0,1.4,21.1,Yes,No,Middle,0.0,Yes,Salle 24,188.0,0.4222222222222223,0.3533476977372272,0.3292,0.900740336465212,1,0,1,1,True,False,False,False,False,False
ENSPD003481,Male,20.0,3,0.6671850699844478,21.0,0.5734966592427617,0.533,0.503,1.0,1.0,11.8,Yes,No,High,2.0,No,Salle 22,104.0,0.36249999999999993,0.3725159708988186,0.15719999999999998,0.0,1,0,0,1,False,True,False,False,False,False
ENSPD003393,Female,22.0,2,0.8880248833592533,7.0,0.455456570155902,0.767,0.544,2.0,2.1,16.1,Yes,No,Middle,0.0,Yes,Salle 3,177.0,0.5194444444444445,0.35201454544054933,0.3712,0.6476742668343078,0,0,1,1,False,False,True,False,False,False
ENSPD002759,Female,24.0,3,0.40902021772939345,38.0,0.4933184855233853,0.51,0.64,1.0,1.6,12.4,Yes,No,Middle,2.0,Yes,Salle 29,263.0,0.45833333333333337,0.21261373358574578,0.124,0.5818364233587374,0,0,1,1,False,False,False,True,False,False
ENSPD002007,Male,19.0,1,0.5645412130637636,28.0,0.7026726057906458,0.48200000000000004,0.635,0.0,1.4,3.7,Yes,No,Middle,3.0,Yes,Salle 11,186.0,0.4291666666666667,0.28673913170010523,0.0,0.9860656366780134,1,0,1,1,False,False,False,False,True,False
ENSPD003026,Male,22.0,3,0.8895800933125974,7.0,0.7639198218262806,0.6659999999999999,0.5870000000000001,2.0,0.7,3.8,Yes,No,High,1.0,Yes,Salle 7,185.0,0.5847222222222221,0.3166268225859791,0.37160000000000004,0.6476742668343078,1,0,1,1,False,False,True,False,False,False
ENSPD002760,Male,22.0,4,0.7760497667185068,14.0,0.6425389755011137,0.809,0.34299999999999997,0.0,0.7,9.4,Yes,No,Low,0.0,No,Salle 23,93.0,0.5694444444444444,0.2875415805204693,0.0,1.0,1,0,0,1,False,False,False,False,False,False
ENSPD003128,Male,18.0,2,0.5723172628304821,28.0,0.22271714922048996,0.752,0.9520000000000001,1.0,0.2,4.7,Yes,No,Low,1.0,No,Salle 14,71.0,0.6000000000000001,0.20892307500284943,0.145,0.0,1,0,0,1,False,True,False,False,False,False
ENSPD001733,Male,19.0,1,0.5194401244167962,31.0,0.3797327394209354,0.778,0.88,1.0,12.9,57.0,Yes,No,Low,2.0,No,Salle 1,248.0,0.5680555555555554,0.2044090002962217,0.1382,0.5818364233587374,1,0,0,1,False,False,False,True,False,False
ENSPD001024,Female,22.0,3,0.8133748055987559,12.0,0.23385300668151449,0.517,0.635,2.0,2.1,11.5,Yes,No,High,1.0,Yes,Salle 19,154.0,0.5722222222222223,0.29832712098065584,0.352,0.7508690441401171,0,0,1,1,False,False,False,False,False,True
ENSPD002133,Male,25.0,4,0.457231726283048,35.0,0.6113585746102449,0.449,0.379,1.0,4.3,22.3,Yes,Yes,Middle,0.0,No,Salle 19,173.0,0.38194444444444453,0.27148690360789374,0.13019999999999998,0.6476742668343078,1,1,0,1,False,False,True,False,False,False
ENSPD004938,Male,21.0,5,0.8615863141524104,9.0,0.6848552338530067,0.634,0.5820000000000001,1.0,4.3,12.0,Yes,Yes,Middle,1.0,No,Salle 4,48.0,0.5513888888888888,0.32498339334445403,0.1822,1.0,1,1,0,1,False,False,False,False,False,False
ENSPD002718,Female,23.0,1,0.9129082426127527,6.0,0.6113585746102449,0.856,0.484,1.0,4.2,24.7,Yes,No,Low,1.0,Yes,Salle 23,248.0,0.4527777777777777,0.40423995331987206,0.18880000000000002,0.5818364233587374,0,0,1,1,False,False,False,True,False,False
ENSPD001873,Male,17.0,3,0.5878693623639192,26.0,0.8051224944320713,0.8340000000000001,0.767,0.0,2.3,10.3,Yes,No,Middle,1.0,Yes,Salle 12,188.0,0.8347222222222221,0.14070756310762347,0.0,0.900740336465212,1,0,1,1,True,False,False,False,False,False
ENSPD001400,Female,23.0,2,0.8460342146189735,10.0,1.0,0.455,0.33299999999999996,1.0,1.4,3.6,Yes,No,Low,1.0,Yes,Salle 9,298.0,0.4263888888888888,0.3976818904745403,0.1802,0.5818364233587374,0,0,1,1,False,False,False,True,False,False
ENSPD001985,Male,23.0,3,0.5194401244167962,31.0,0.4832962138084633,0.395,0.402,0.0,0.8,8.2,No,No,Middle,0.0,Yes,Salle 20,185.0,0.31527777777777777,0.3435796572606046,0.0,0.6476742668343078,1,0,1,0,False,False,True,False,False,False
ENSPD002102,Male,21.0,3,0.7838258164852253,14.0,0.601336302895323,0.313,0.32,1.0,0.6,6.2,Yes,No,Middle,1.0,Yes,Salle 21,188.0,0.2402777777777778,0.5456005477062367,0.1722,0.900740336465212,1,0,1,1,True,False,False,False,False,False
ENSPD004800,Female,25.0,2,0.49144634525660946,33.0,0.6481069042316259,0.189,0.538,3.0,1.1,17.1,Yes,No,Middle,0.0,Yes,Salle 16,185.0,0.32361111111111107,0.3246516392385077,0.40379999999999994,0.900740336465212,0,0,1,1,True,False,False,False,False,False
ENSPD002766,Female,22.0,4,0.43079315707620525,37.0,0.6314031180400892,0.653,0.614,0.0,3.7,29.8,Yes,No,Middle,1.0,Yes,Salle 10,178.0,0.5652777777777778,0.1764644407543142,0.0,0.9860656366780134,0,0,1,1,False,False,False,False,True,False
ENSPD004887,Male,23.0,1,0.8335925349922239,11.0,0.9020044543429844,0.578,0.7490000000000001,2.0,1.4,0.0,Yes,No,Low,1.0,Yes,Salle 21,143.0,0.7458333333333333,0.23151270729481413,0.3572,0.900740336465212,1,0,1,1,True,False,False,False,False,False
ENSPD002857,Male,21.0,4,0.5863141524105754,27.0,0.47438752783964366,0.52,0.49,1.0,1.1,4.9,No,Yes,Low,0.0,No,Salle 18,230.0,0.34444444444444444,0.3513026348419963,0.1468,0.5818364233587374,1,1,0,0,False,False,False,True,False,False
ENSPD001997,Female,24.0,3,0.8149300155520994,12.0,0.4476614699331849,0.691,0.479,0.0,6.7,37.7,No,Yes,Middle,2.0,Yes,Salle 5,154.0,0.45138888888888895,0.36840286444950077,0.0,0.7508690441401171,0,1,1,0,False,False,False,False,False,True
ENSPD004554,Female,23.0,2,0.6998444790046657,19.0,0.6481069042316259,0.644,0.7690000000000001,2.0,1.9,8.6,Yes,No,Low,1.0,Yes,Salle 11,161.0,0.6625000000000001,0.22401585682628047,0.32280000000000003,0.7508690441401171,0,0,1,1,False,False,False,False,False,True
ENSPD001430,Female,20.0,2,0.7962674961119752,13.0,0.34966592427616927,0.779,0.652,1.0,2.4,12.7,Yes,No,Middle,0.0,Yes,Salle 30,298.0,0.5402777777777777,0.3090377590254939,0.1738,0.5818364233587374,0,0,1,1,False,False,False,True,False,False
ENSPD001652,Male,23.0,4,0.8118195956454123,12.0,0.5545657015590201,0.41500000000000004,0.20199999999999999,0.0,0.2,2.4,Yes,Yes,Low,1.0,Yes,Salle 2,178.0,0.20277777777777772,0.6105459586167445,0.0,0.9860656366780134,1,1,1,1,False,False,False,False,True,False
ENSPD004114,Male,23.0,3,0.4930015552099535,33.0,0.23051224944320714,0.7440000000000001,0.608,1.0,0.2,5.8,Yes,No,Middle,1.0,Yes,Salle 12,263.0,0.4097222222222222,0.26983087018176144,0.1348,0.5818364233587374,1,0,1,1,False,False,False,True,False,False
ENSPD000722,Male,21.0,4,0.9999999999999999,0.0,1.0,0.76,0.863,1.0,3.2,13.4,Yes,No,High,1.0,No,Salle 16,173.0,0.9888888888888889,0.19832667079754482,0.2,0.6476742668343078,1,0,0,1,False,False,True,False,False,False
ENSPD004146,Female,21.0,4,0.7465007776049767,16.0,0.8363028953229399,0.512,0.8340000000000001,2.0,0.1,9.1,No,No,Middle,2.0,Yes,Salle 27,157.0,0.6902777777777778,0.22724742151670438,0.33480000000000004,0.900740336465212,0,0,1,0,True,False,False,False,False,False
ENSPD003180,Female,20.0,2,0.6594090202177293,22.0,0.6113585746102449,0.74,0.5710000000000001,0.0,1.4,8.7,Yes,No,Middle,1.0,No,Salle 11,161.0,0.5680555555555554,0.2501234537220146,0.0,0.7508690441401171,0,0,0,1,False,False,False,False,False,True
ENSPD004086,Male,22.0,3,0.7153965785381026,18.0,0.6113585746102449,0.745,0.255,1.0,0.4,7.6,Yes,No,Middle,3.0,Yes,Salle 3,212.0,0.4180555555555555,0.3524963677938968,0.16340000000000002,0.9860656366780134,1,0,1,1,False,False,False,False,True,False
ENSPD000980,Female,22.0,3,0.7947122861586314,13.0,0.4164810690423163,0.616,0.535,2.0,3.6,28.8,Yes,No,High,1.0,Yes,Salle 13,188.0,0.5347222222222222,0.3114638010092805,0.3472,0.900740336465212,0,0,1,1,True,False,False,False,False,False
ENSPD002859,Male,20.0,4,0.8662519440124418,9.0,0.5556792873051225,0.81,0.777,2.0,5.1,27.7,No,No,Middle,1.0,Yes,Salle 3,230.0,0.7361111111111112,0.24395887801775215,0.36560000000000004,0.5818364233587374,1,0,1,0,False,False,False,True,False,False
ENSPD002328,Male,23.0,3,0.7278382581648523,18.0,0.5701559020044543,0.405,0.601,0.0,0.9,4.9,Yes,Yes,Low,1.0,No,Salle 10,188.0,0.4125,0.3611939077441011,0.0,0.900740336465212,1,1,0,1,True,False,False,False,False,False
ENSPD004335,Male,27.0,1,0.9035769828926904,6.0,0.5011135857461025,0.616,0.38799999999999996,0.0,4.3,32.0,Yes,No,Middle,0.0,Yes,Salle 28,186.0,0.3930555555555556,0.4464371733363307,0.0,0.9860656366780134,1,0,1,1,False,False,False,False,True,False
ENSPD000367,Female,22.0,3,0.645412130637636,23.0,0.27394209354120264,0.469,0.444,1.0,2.1,3.2,No,Yes,Low,2.0,Yes,Salle 21,212.0,0.2680555555555556,0.44484546573934924,0.1544,0.9860656366780134,0,1,1,0,False,False,False,False,True,False
ENSPD001099,Female,23.0,5,0.30171073094867806,45.0,0.41870824053452116,0.6940000000000001,0.5479999999999999,0.0,3.3,25.2,Yes,Yes,High,1.0,Yes,Salle 18,40.0,0.38611111111111107,0.20518682907885213,0.0,0.0,0,1,1,1,False,True,False,False,False,False
ENSPD001877,Female,20.0,3,0.6625194401244167,22.0,0.6703786191536749,0.637,0.903,4.0,1.5,14.7,Yes,No,Middle,2.0,Yes,Salle 21,212.0,0.75,0.18365130479049183,0.6264,0.9860656366780134,0,0,1,1,False,False,False,False,True,False
ENSPD001164,Female,22.0,2,0.8164852255054432,12.0,0.24610244988864138,0.6890000000000001,0.623,0.0,0.8,7.4,Yes,No,High,3.0,Yes,Salle 3,298.0,0.43333333333333335,0.3813078605535787,0.0,0.5818364233587374,0,0,1,1,False,False,False,True,False,False
ENSPD003044,Male,21.0,2,0.6734059097978228,21.0,0.7951002227171492,0.485,0.517,0.0,0.4,1.1,Yes,No,Middle,4.0,No,Salle 27,177.0,0.45138888888888895,0.3152097720887663,0.0,0.6476742668343078,1,0,0,1,False,False,True,False,False,False
ENSPD003852,Male,21.0,1,0.7993779160186624,13.0,0.8195991091314031,0.374,0.23800000000000002,2.0,2.4,11.5,No,No,Middle,1.0,Yes,Salle 22,186.0,0.4305555555555556,0.37664788822945716,0.3484,0.9860656366780134,1,0,1,0,False,False,False,False,True,False
ENSPD001373,Female,21.0,1,0.3623639191290824,41.0,0.8897550111358574,0.886,0.511,3.0,7.1,35.2,Yes,No,Middle,0.0,Yes,Salle 15,96.0,0.65,0.12784817881012642,0.354,1.0,0,0,1,1,False,False,False,False,False,False
ENSPD003063,Female,23.0,4,0.09797822706065318,58.0,0.4265033407572383,0.601,0.755,4.0,1.8,3.9,Yes,No,Middle,0.0,Yes,Salle 11,121.0,0.4625,0.09545396703751244,0.336,0.7508690441401171,0,0,1,1,False,False,False,False,False,True
ENSPD002280,Male,22.0,3,0.8973561430793159,7.0,0.8062360801781737,0.8420000000000001,0.275,1.0,2.0,12.9,No,No,Middle,2.0,Yes,Salle 3,263.0,0.5194444444444445,0.35523819388740363,0.18680000000000002,0.5818364233587374,1,0,1,0,False,False,False,True,False,False
ENSPD003994,Male,24.0,1,0.8258164852255053,11.0,0.799554565701559,0.6509999999999999,0.65,0.0,0.0,4.0,Yes,No,High,1.0,Yes,Salle 4,121.0,0.6597222222222222,0.2623664268445485,0.0,0.7508690441401171,1,0,1,1,False,False,False,False,False,True
ENSPD004559,Female,27.0,2,0.9999999999999999,0.0,0.6425389755011137,0.606,0.514,1.0,4.1,20.0,No,No,Low,1.0,No,Salle 10,298.0,0.5208333333333334,0.38981319557935945,0.2,0.5818364233587374,0,0,0,0,False,False,False,True,False,False
ENSPD003851,Male,20.0,1,0.4354587869362364,36.0,0.5913140311804008,0.7709999999999999,0.653,0.0,1.7,12.2,No,No,Middle,1.0,Yes,Salle 24,96.0,0.6055555555555555,0.16390243790859024,0.0,1.0,1,0,1,0,False,False,False,False,False,False
ENSPD002886,Female,22.0,5,0.9206842923794712,5.0,0.9086859688195992,0.693,0.39799999999999996,1.0,0.3,3.4,Yes,No,Middle,1.0,No,Salle 26,60.0,0.5916666666666666,0.3230033485964878,0.18980000000000002,0.7508690441401171,0,0,0,1,False,False,False,False,False,True
ENSPD000936,Male,23.0,5,0.9999999999999999,0.0,0.6113585746102449,0.527,0.593,0.0,2.9,26.4,No,No,Middle,0.0,Yes,Salle 11,80.0,0.38194444444444453,0.4956099419545471,0.0,0.900740336465212,1,0,1,0,True,False,False,False,False,False
ENSPD001008,Female,23.0,2,0.9999999999999999,0.0,0.388641425389755,0.684,0.635,1.0,0.0,3.0,Yes,Yes,Middle,0.0,Yes,Salle 15,298.0,0.5944444444444444,0.34673949100612644,0.2,0.5818364233587374,0,1,1,1,False,False,False,True,False,False
ENSPD001269,Female,22.0,2,0.9455676516329704,4.0,0.5412026726057906,0.368,0.792,0.0,3.9,23.7,No,Yes,Middle,1.0,No,Salle 7,161.0,0.5013888888888889,0.38325983310736933,0.0,0.7508690441401171,0,1,0,0,False,False,False,False,False,True
ENSPD002496,Male,21.0,1,0.7853810264385693,14.0,0.4298440979955457,0.7640000000000001,0.547,1.0,1.7,7.2,Yes,No,Middle,0.0,Yes,Salle 27,149.0,0.5180555555555555,0.31731991789757175,0.1724,0.6476742668343078,1,0,1,1,False,False,True,False,False,False
ENSPD001451,Male,22.0,2,0.7558320373250388,16.0,0.4298440979955457,0.593,0.39799999999999996,2.0,0.4,7.1,Yes,No,High,1.0,No,Salle 26,298.0,0.4625,0.33921313685302135,0.3372,0.5818364233587374,1,0,0,1,False,False,False,True,False,False
ENSPD000491,Male,22.0,4,0.7651632970451011,15.0,0.7494432071269488,0.515,0.856,1.0,0.7,4.8,No,No,Middle,1.0,Yes,Salle 5,230.0,0.6611111111111111,0.24385386424926805,0.1698,0.5818364233587374,1,0,1,0,False,False,False,True,False,False
ENSPD000422,Female,24.0,4,0.7076205287713843,19.0,0.5779510022271716,0.616,0.631,3.0,1.4,11.5,Yes,No,Middle,1.0,Yes,Salle 10,70.0,0.37916666666666665,0.37694407615165515,0.4872000000000001,0.0,0,0,1,1,False,True,False,False,False,False
ENSPD001845,Female,22.0,5,0.4961119751166406,32.0,0.6113585746102449,0.78,0.625,1.0,2.7,16.7,No,No,Low,1.0,No,Salle 26,67.0,0.6875,0.15617162885490257,0.1352,0.9860656366780134,0,0,0,0,False,False,False,False,True,False
ENSPD001714,Male,20.0,5,0.9999999999999999,0.0,0.5523385300668151,0.6,0.912,1.0,5.4,28.4,Yes,No,Middle,2.0,No,Salle 2,80.0,0.6708333333333333,0.3087921189791655,0.2,0.900740336465212,1,0,0,1,True,False,False,False,False,False
ENSPD004507,Female,20.0,3,0.7231726283048211,25.0,0.6002227171492205,0.877,0.35000000000000003,0.0,3.3,22.2,No,No,Middle,0.0,No,Salle 4,212.0,0.475,0.31968445481134844,0.0,0.9860656366780134,0,0,0,0,False,False,False,False,True,False
ENSPD002005,Male,21.0,3,0.900466562986003,6.0,0.5434298440979956,0.474,0.794,3.0,3.1,18.8,Yes,Yes,High,1.0,Yes,Salle 29,185.0,0.5555555555555556,0.335624268636154,0.5615999999999999,0.6476742668343078,1,1,1,1,False,False,True,False,False,False
ENSPD001344,Female,23.0,1,0.9206842923794712,5.0,0.7694877505567929,0.616,0.77,1.0,5.1,29.5,Yes,No,High,4.0,Yes,Salle 23,186.0,0.7375,0.25838228877187186,0.18980000000000002,0.9860656366780134,0,0,1,1,False,False,False,False,True,False
ENSPD002499,Other,18.0,5,0.8755832037325039,8.0,0.6826280623608018,0.531,0.513,1.0,0.1,11.5,No,No,Middle,1.0,Yes,Salle 16,109.0,0.41527777777777775,0.4175316962068717,0.184,0.5818364233587374,2,0,1,0,False,False,False,True,False,False
ENSPD000545,Female,23.0,4,0.4883359253499221,33.0,0.6503340757238307,0.616,0.725,0.0,1.5,10.8,No,No,High,3.0,No,Salle 15,230.0,0.6694444444444445,0.15940381583530996,0.0,0.5818364233587374,0,0,0,0,False,False,False,True,False,False
ENSPD003663,Male,23.0,2,0.7076205287713843,19.0,0.3463251670378619,0.48100000000000004,0.733,2.0,1.7,9.3,Yes,No,Middle,1.0,Yes,Salle 20,119.0,0.475,0.31401218146401344,0.32480000000000003,1.0,1,0,1,1,False,False,False,False,False,False
ENSPD000540,Male,23.0,2,0.9999999999999999,0.0,0.5824053452115813,0.628,0.745,0.0,3.8,8.6,No,No,Middle,3.0,No,Salle 17,298.0,0.6069444444444445,0.34010295515491884,0.0,0.5818364233587374,1,0,0,0,False,False,False,True,False,False
ENSPD001944,Female,25.0,4,0.7667185069984447,15.0,0.6191536748329621,0.616,0.677,1.0,0.3,9.5,Yes,No,Middle,1.0,Yes,Salle 7,70.0,0.5652777777777778,0.286522523877789,0.17,0.0,0,0,1,1,False,True,False,False,False,False
ENSPD000783,Male,22.0,1,0.6858475894245722,20.0,0.576837416481069,0.731,0.84,1.0,11.6,58.2,No,No,High,1.0,No,Salle 25,186.0,0.7138888888888888,0.2017072660434173,0.1596,0.9860656366780134,1,0,0,0,False,False,False,False,True,False
ENSPD000344,Male,22.0,1,0.6625194401244167,22.0,0.3930957683741648,0.146,0.684,4.0,1.0,11.5,Yes,Yes,Low,0.0,Yes,Salle 26,186.0,0.29861111111111116,0.4237497045834139,0.6264,0.9860656366780134,1,1,1,1,False,False,False,False,True,False
ENSPD003182,Male,22.0,2,0.6485225505443236,23.0,0.4766146993318485,0.6970000000000001,0.833,1.0,4.8,25.5,Yes,Yes,Middle,1.0,No,Salle 15,177.0,0.6069444444444445,0.23011341764916018,0.15480000000000002,0.6476742668343078,1,1,0,1,False,False,True,False,False,False
ENSPD003980,Male,24.0,2,0.6143079315707621,25.0,0.7917594654788419,0.92,0.245,1.0,0.1,8.6,No,No,Middle,3.0,Yes,Salle 4,177.0,0.4819444444444444,0.27629499317578377,0.1504,0.6476742668343078,1,0,1,0,False,False,True,False,False,False
ENSPD002464,Male,25.0,3,0.6687402799377916,21.0,0.655902004454343,0.616,0.9279999999999999,1.0,1.8,4.7,Yes,No,Middle,0.0,Yes,Salle 24,212.0,0.8416666666666666,0.1591970412705397,0.1574,0.9860656366780134,1,0,1,1,False,False,False,False,True,False
ENSPD000670,Male,18.0,3,0.8133748055987559,12.0,0.6636971046770601,0.6890000000000001,0.668,1.0,1.1,15.0,No,Yes,Middle,0.0,No,Salle 10,263.0,0.5958333333333332,0.2868848230136145,0.176,0.5818364233587374,1,1,0,0,False,False,False,True,False,False
ENSPD002643,Female,25.0,2,0.8973561430793159,7.0,0.7706013363028954,0.41500000000000004,0.222,1.0,2.9,8.9,No,No,Middle,0.0,No,Salle 9,119.0,0.25416666666666665,0.5861937772025776,0.18680000000000002,1.0,0,0,0,0,False,False,False,False,False,False
ENSPD002395,Female,23.0,3,0.5940902021772939,26.0,0.6581291759465479,0.693,0.653,1.0,0.8,11.4,Yes,Yes,Middle,1.0,Yes,Salle 17,188.0,0.623611111111111,0.20674208903414734,0.14780000000000001,0.900740336465212,0,1,1,1,True,False,False,False,False,False
ENSPD001295,Female,19.0,2,0.7993779160186624,18.0,0.6325167037861915,1.0,0.543,0.0,1.3,11.5,Yes,No,Middle,1.0,Yes,Salle 26,298.0,0.5347222222222222,0.3130468893111775,0.0,0.5818364233587374,0,0,1,1,False,False,False,True,False,False
ENSPD001730,Female,22.0,4,0.7838258164852253,14.0,0.6113585746102449,0.498,0.455,1.0,0.9,11.5,Yes,No,Low,2.0,No,Salle 7,173.0,0.5027777777777778,0.3253624604960478,0.1722,0.6476742668343078,0,0,0,1,False,False,True,False,False,False
ENSPD003028,Female,24.0,5,0.8211508553654744,12.0,0.3964365256124721,0.9420000000000001,0.522,1.0,2.9,17.7,Yes,No,Middle,1.0,Yes,Salle 22,67.0,0.6277777777777779,0.27468940707021794,0.177,0.9860656366780134,0,0,1,1,False,False,False,False,True,False
ENSPD001087,Female,25.0,1,0.6640746500777605,22.0,0.7338530066815144,0.46799999999999997,0.59,1.0,5.7,30.6,Yes,No,Low,0.0,Yes,Salle 20,83.0,0.4569444444444445,0.3084349497190876,0.15680000000000002,0.0,0,0,1,1,False,True,False,False,False,False
ENSPD004186,Female,20.0,1,0.8538102643856921,9.0,0.4242761692650334,0.716,0.204,3.0,2.3,14.9,No,Yes,Middle,1.0,No,Salle 19,186.0,0.2694444444444445,0.5458723044633993,0.5436,0.9860656366780134,0,1,0,0,False,False,False,False,True,False
ENSPD001459,Male,20.0,1,0.46345256609642294,34.0,0.6748329621380846,0.502,0.8240000000000001,2.0,0.9,9.4,Yes,Yes,Middle,0.0,Yes,Salle 19,143.0,0.5736111111111111,0.18405996570615776,0.262,0.900740336465212,1,1,1,1,True,False,False,False,False,False
ENSPD000940,Male,25.0,2,0.6920684292379472,20.0,0.36414253897550114,0.753,0.8290000000000001,2.0,2.7,16.8,Yes,No,Low,1.0,Yes,Salle 8,177.0,0.6361111111111111,0.23186123310644732,0.32080000000000003,0.6476742668343078,1,0,1,1,False,False,True,False,False,False
ENSPD003774,Female,23.0,3,0.7262830482115087,18.0,0.5779510022271716,0.663,0.6950000000000001,1.0,0.6,2.5,No,No,Middle,1.0,Yes,Salle 11,185.0,0.6027777777777776,0.25625379936825365,0.1648,0.6476742668343078,0,0,1,0,False,False,True,False,False,False
ENSPD002696,Male,19.0,2,0.8040435458786938,13.0,0.6481069042316259,0.746,0.321,0.0,0.1,4.3,No,No,High,1.0,No,Salle 9,298.0,0.38750000000000007,0.41030095213339723,0.0,0.5818364233587374,1,0,0,0,False,False,False,True,False,False
ENSPD001774,Female,21.0,3,0.7884914463452567,14.0,0.6113585746102449,0.6020000000000001,0.635,0.0,0.1,6.9,Yes,No,Low,2.0,Yes,Salle 3,104.0,0.5319444444444444,0.3108357137020732,0.0,0.0,0,0,1,1,False,True,False,False,False,False
ENSPD000862,Male,21.0,2,0.9160186625194401,5.0,0.489977728285078,0.222,0.81,0.0,0.4,0.0,Yes,No,Low,2.0,Yes,Salle 19,177.0,0.48611111111111116,0.3826447409992769,0.0,0.6476742668343078,1,0,1,1,False,False,True,False,False,False
ENSPD004580,Female,22.0,1,0.9999999999999999,0.0,0.6815144766146994,0.46299999999999997,0.9990000000000001,0.0,1.0,8.9,Yes,No,Middle,0.0,Yes,Salle 28,186.0,0.7944444444444445,0.25838441447095806,0.0,0.9860656366780134,0,0,1,1,False,False,False,False,True,False
ENSPD000323,Female,22.0,3,0.6671850699844478,21.0,0.655902004454343,0.593,0.643,1.0,12.3,53.1,Yes,No,Middle,0.0,Yes,Salle 29,212.0,0.5458333333333333,0.262883676677634,0.15719999999999998,0.9860656366780134,0,0,1,1,False,False,False,False,True,False
ENSPD000317,Male,22.0,2,0.6562986003110421,22.0,0.690423162583519,0.595,0.9570000000000001,2.0,4.4,21.7,Yes,No,Low,0.0,Yes,Salle 28,177.0,0.6972222222222222,0.198973236135602,0.31160000000000004,0.6476742668343078,1,0,1,1,False,False,True,False,False,False
ENSPD002617,Male,23.0,1,0.7231726283048211,20.0,0.7383073496659243,0.47700000000000004,0.635,0.0,1.4,11.5,Yes,No,Middle,1.0,No,Salle 16,149.0,0.7180555555555557,0.21074501394690262,0.0,0.6476742668343078,1,0,0,1,False,False,True,False,False,False
ENSPD002110,Other,24.0,4,0.6671850699844478,21.0,0.3006681514476615,0.616,0.655,2.0,7.9,41.2,Yes,No,Low,1.0,Yes,Salle 2,70.0,0.4361111111111111,0.3221278914504163,0.31439999999999996,0.0,2,0,1,1,False,True,False,False,False,False
ENSPD004169,Male,20.0,5,0.5894245723172628,26.0,0.6993318485523385,0.907,1.0,3.0,0.0,9.9,Yes,No,High,1.0,No,Salle 9,70.0,0.8263888888888888,0.1431855463769641,0.4416,0.6476742668343078,1,0,0,1,False,False,True,False,False,False
ENSPD000913,Female,24.0,4,0.9564541213063763,3.0,0.8396436525612472,0.414,0.687,1.0,6.4,35.9,Yes,No,Low,1.0,Yes,Salle 21,173.0,0.5597222222222222,0.35180471591171236,0.19440000000000002,0.6476742668343078,0,0,1,1,False,False,True,False,False,False
ENSPD004626,Female,23.0,1,0.5505443234836701,29.0,0.6603563474387528,0.7540000000000001,0.545,0.0,0.1,11.9,Yes,No,Middle,1.0,Yes,Salle 8,143.0,0.5180555555555555,0.23605733533630577,0.0,0.900740336465212,0,0,1,1,True,False,False,False,False,False
ENSPD003829,Female,24.0,1,0.7231726283048211,43.0,0.46659242761692654,0.756,0.669,1.0,1.9,9.2,No,No,Middle,1.0,Yes,Salle 19,143.0,0.5152777777777777,0.2972606356355686,0.16440000000000002,0.900740336465212,0,0,1,0,True,False,False,False,False,False
ENSPD000991,Female,25.0,4,0.7216174183514773,18.0,0.9354120267260579,0.392,0.635,0.0,0.0,6.8,Yes,Yes,Low,0.0,Yes,Salle 18,178.0,0.2583333333333333,0.49291672686268617,0.0,0.9860656366780134,0,1,1,1,False,False,False,False,True,False
ENSPD001154,Female,21.0,1,0.9720062208398134,2.0,0.645879732739421,0.605,0.509,1.0,0.5,8.1,Yes,Yes,Low,3.0,Yes,Salle 8,186.0,0.5055555555555555,0.3898797926581732,0.19640000000000002,0.9860656366780134,0,1,1,1,False,False,False,False,True,False
ENSPD001839,Female,20.0,3,0.583203732503888,27.0,0.48775055679287305,0.768,0.233,2.0,0.8,11.5,Yes,No,Low,1.0,No,Salle 6,185.0,0.33472222222222214,0.35729412670542626,0.2928,0.6476742668343078,0,0,0,1,False,False,True,False,False,False
ENSPD001333,Male,21.0,1,0.5614307931570762,28.0,0.5902004454342985,0.616,0.519,1.0,3.8,11.5,Yes,No,Middle,2.0,Yes,Salle 3,186.0,0.5513888888888888,0.22508104111281826,0.1436,0.9860656366780134,1,0,1,1,False,False,False,False,True,False
ENSPD001603,Male,21.0,2,0.41990668740279935,37.0,0.5133630289532294,0.429,0.878,1.0,5.4,24.7,No,No,Low,1.0,No,Salle 5,177.0,0.6222222222222222,0.15363533398378817,0.1254,0.6476742668343078,1,0,0,0,False,False,True,False,False,False
ENSPD000806,Female,20.0,2,0.4230171073094867,37.0,0.757238307349666,0.332,0.794,2.0,5.5,28.1,No,No,Middle,2.0,No,Salle 11,71.0,0.5513888888888888,0.17901208075729705,0.2516,0.0,0,0,0,0,False,True,False,False,False,False
ENSPD004274,Male,22.0,1,0.583203732503888,27.0,0.7160356347438753,0.304,0.5660000000000001,0.0,3.3,13.5,No,No,Middle,1.0,Yes,Salle 3,186.0,0.4555555555555555,0.27901425305733885,0.0,0.9860656366780134,1,0,1,0,False,False,False,False,True,False
ENSPD001104,Female,24.0,1,0.8460342146189735,10.0,0.5512249443207128,0.66,0.871,1.0,1.4,15.7,No,No,High,0.0,Yes,Salle 29,121.0,0.6694444444444445,0.26428526582074463,0.1802,0.7508690441401171,0,0,1,0,False,False,False,False,False,True
ENSPD004547,Male,23.0,4,0.6827371695178849,20.0,0.8775055679287306,0.804,0.564,0.0,0.2,8.7,Yes,No,Middle,2.0,No,Salle 5,121.0,0.6749999999999999,0.21438242577808117,0.0,0.7508690441401171,1,0,0,1,False,False,False,False,False,True
ENSPD001070,Male,23.0,4,0.8211508553654744,12.0,0.5957683741648108,0.8150000000000001,0.33299999999999996,1.0,2.2,11.5,Yes,No,Middle,2.0,No,Salle 3,70.0,0.4722222222222222,0.35717500803059943,0.177,0.0,1,0,0,1,False,True,False,False,False,False
ENSPD004373,Male,24.0,3,0.9999999999999999,0.0,0.6503340757238307,0.334,0.691,2.0,5.5,11.5,No,Yes,Middle,0.0,No,Salle 6,212.0,0.4930555555555556,0.4080888180168666,0.4,0.9860656366780134,1,1,0,0,False,False,False,False,True,False
ENSPD003336,Female,22.0,4,0.984447900466563,1.0,0.46436525612472157,0.6970000000000001,0.918,1.0,2.4,13.9,Yes,No,Middle,1.0,Yes,Salle 16,157.0,0.7416666666666665,0.27422334977423446,0.198,0.900740336465212,0,0,1,1,True,False,False,False,False,False
ENSPD000022,Male,24.0,4,0.9455676516329704,4.0,0.5478841870824054,0.359,0.648,2.0,0.6,4.4,No,No,Middle,1.0,No,Salle 26,121.0,0.3763888888888889,0.4780615285150367,0.386,0.7508690441401171,1,0,0,0,False,False,False,False,False,True
ENSPD003923,Female,21.0,3,0.7231726283048211,26.0,0.5089086859688196,0.196,0.691,0.0,1.2,12.8,Yes,No,Middle,4.0,Yes,Salle 15,263.0,0.4013888888888889,0.36711597366326343,0.0,0.5818364233587374,0,0,1,1,False,False,False,True,False,False
ENSPD001366,Male,20.0,4,0.38724727838258166,39.0,0.4164810690423163,0.24,0.534,1.0,1.3,9.4,Yes,Yes,Middle,0.0,Yes,Salle 11,230.0,0.29027777777777775,0.30083087513045015,0.1212,0.5818364233587374,1,1,1,1,False,False,False,True,False,False
ENSPD000215,Female,23.0,3,0.5552099533437015,29.0,0.7672605790645879,0.6459999999999999,0.6779999999999999,0.0,0.5,3.5,Yes,No,Low,1.0,Yes,Salle 3,154.0,0.5791666666666667,0.211621099740718,0.0,0.7508690441401171,0,0,1,1,False,False,False,False,False,True
ENSPD001728,Other,25.0,5,0.7231726283048211,17.0,0.6113585746102449,0.768,0.621,0.0,0.0,11.6,Yes,Yes,Low,1.0,No,Salle 28,70.0,0.6652777777777776,0.22984235904556952,0.0,0.6476742668343078,2,1,0,1,False,False,True,False,False,False
ENSPD000919,Female,21.0,1,0.7480559875583203,16.0,0.6035634743875279,0.793,0.5,2.0,2.4,18.4,No,No,Low,0.0,Yes,Salle 5,248.0,0.5166666666666666,0.30515066694480353,0.3352,0.5818364233587374,0,0,1,0,False,False,False,True,False,False
ENSPD004937,Female,23.0,3,0.8258164852255053,11.0,0.7371937639198219,0.622,0.5820000000000001,0.0,5.7,22.0,Yes,No,Middle,2.0,No,Salle 14,263.0,0.6347222222222223,0.27304998282852355,0.0,0.5818364233587374,0,0,0,1,False,False,False,True,False,False
ENSPD003087,Male,20.0,3,0.5972006220839813,26.0,0.5167037861915368,0.8620000000000001,0.405,2.0,1.4,11.0,Yes,No,Low,0.0,Yes,Salle 3,130.0,0.43472222222222223,0.29610444612829745,0.2964,1.0,1,0,1,1,False,False,False,False,False,False
ENSPD004213,Male,24.0,2,0.6609642301710731,22.0,0.5902004454342985,0.429,0.721,1.0,1.6,11.5,Yes,No,Middle,0.0,Yes,Salle 24,231.0,0.4986111111111111,0.28423610776376507,0.1564,0.9860656366780134,1,0,1,1,False,False,False,False,True,False
ENSPD002883,Male,23.0,2,0.7387247278382582,17.0,0.49777282850779514,0.564,0.446,1.0,3.0,22.3,Yes,No,Middle,1.0,No,Salle 30,161.0,0.3319444444444445,0.4285607692561736,0.16640000000000002,0.7508690441401171,1,0,0,1,False,False,False,False,False,True
ENSPD003056,Female,21.0,3,0.609642301710731,25.0,0.579064587973274,0.494,0.8340000000000001,1.0,1.1,5.5,Yes,No,Middle,3.0,Yes,Salle 3,188.0,0.5666666666666667,0.23446387236968239,0.14980000000000002,0.900740336465212,0,0,1,1,True,False,False,False,False,False
ENSPD002111,Male,21.0,1,0.6687402799377916,21.0,0.5155902004454344,0.65,0.44799999999999995,2.0,0.6,12.1,Yes,No,Middle,1.0,Yes,Salle 4,186.0,0.3486111111111111,0.3839373192572224,0.3148,0.9860656366780134,1,0,1,1,False,False,False,False,True,False
ENSPD002884,Male,21.0,4,0.5878693623639192,26.0,0.5244988864142539,0.755,0.467,2.0,2.9,7.3,No,No,Low,0.0,No,Salle 26,157.0,0.41388888888888886,0.3049472399803359,0.294,0.900740336465212,1,0,0,0,True,False,False,False,False,False
ENSPD004005,Male,22.0,1,0.7231726283048211,10.0,0.6113585746102449,0.7170000000000001,0.505,1.0,3.7,15.8,No,No,Middle,1.0,Yes,Salle 21,143.0,0.44305555555555554,0.3391472461801187,0.16440000000000002,0.900740336465212,1,0,1,0,True,False,False,False,False,False
ENSPD003855,Female,19.0,4,0.9393468118195955,4.0,0.6347438752783965,0.925,0.399,0.0,2.8,13.0,Yes,No,Low,1.0,Yes,Salle 12,178.0,0.6305555555555554,0.3095322560997186,0.0,0.9860656366780134,0,0,1,1,False,False,False,False,True,False
ENSPD003113,Female,22.0,2,0.37480559875583197,40.0,0.846325167037862,0.8570000000000001,0.559,0.0,1.4,11.5,Yes,No,Middle,1.0,No,Salle 17,161.0,0.7208333333333332,0.11268047660108896,0.0,0.7508690441401171,0,0,0,1,False,False,False,False,False,True
ENSPD002956,Female,20.0,3,0.5816485225505442,27.0,0.5244988864142539,0.716,0.708,0.0,1.0,3.4,Yes,No,Middle,1.0,Yes,Salle 20,185.0,0.623611111111111,0.20291726085148168,0.0,0.6476742668343078,0,0,1,1,False,False,True,False,False,False
ENSPD003735,Male,22.0,2,0.9999999999999999,0.0,0.5634743875278396,0.8790000000000001,0.762,0.0,7.3,41.6,Yes,Yes,Middle,0.0,Yes,Salle 16,298.0,0.7430555555555556,0.27791968006739054,0.0,0.5818364233587374,1,1,1,1,False,False,False,True,False,False
ENSPD004405,Other,21.0,4,0.7231726283048211,12.0,0.7227171492204899,0.547,0.97,2.0,2.4,16.3,Yes,No,Middle,1.0,Yes,Salle 3,173.0,0.786111111111111,0.1888042272401866,0.32880000000000004,0.6476742668343078,2,0,1,1,False,False,True,False,False,False
ENSPD003505,Female,24.0,2,0.6780715396578537,21.0,0.576837416481069,0.6659999999999999,0.47200000000000003,1.0,1.7,13.5,Yes,No,Low,4.0,Yes,Salle 7,177.0,0.4722222222222222,0.3048076285299697,0.1586,0.6476742668343078,0,0,1,1,False,False,True,False,False,False
ENSPD001554,Female,19.0,3,0.9642301710730948,2.0,0.5389755011135858,0.65,0.767,1.0,0.4,12.8,No,No,High,1.0,Yes,Salle 10,185.0,0.6458333333333334,0.30980803995530737,0.19540000000000002,0.6476742668343078,0,0,1,0,False,False,True,False,False,False
ENSPD000109,Male,21.0,2,0.7978227060653188,13.0,0.8708240534521159,0.73,0.44799999999999995,0.0,1.6,11.5,No,No,Middle,1.0,Yes,Salle 3,298.0,0.5166666666666666,0.3224003884258304,0.0,0.5818364233587374,1,0,1,0,False,False,False,True,False,False
ENSPD000752,Female,23.0,2,0.5956454121306377,26.0,0.5267260579064588,1.0,0.0,0.0,2.9,18.7,No,No,Low,1.0,Yes,Salle 1,71.0,0.3138888888888889,0.3794835683464942,0.0,0.0,0,0,1,0,False,True,False,False,False,False
ENSPD001786,Female,22.0,2,0.7060653188180402,19.0,0.5935412026726058,0.663,0.728,0.0,0.6,5.9,No,Yes,Middle,0.0,Yes,Salle 13,161.0,0.5861111111111111,0.2571732357036871,0.0,0.7508690441401171,0,1,1,0,False,False,False,False,False,True
ENSPD002933,Male,19.0,1,0.7698289269051323,15.0,0.8296213808463252,0.386,0.802,1.0,3.1,14.0,No,No,Middle,0.0,Yes,Salle 19,121.0,0.5305555555555556,0.3052173914342502,0.1704,0.7508690441401171,1,0,1,0,False,False,False,False,False,True
ENSPD001792,Female,22.0,3,0.8460342146189735,10.0,0.46436525612472157,0.316,0.515,0.0,2.2,10.6,No,No,Middle,1.0,Yes,Salle 15,185.0,0.2513888888888889,0.5637267568234353,0.0,0.6476742668343078,0,0,1,0,False,False,True,False,False,False
ENSPD004958,Female,23.0,1,0.5116640746500777,31.0,0.688195991091314,0.255,0.741,1.0,0.7,8.4,No,No,Middle,1.0,Yes,Salle 16,143.0,0.39722222222222214,0.2846083347479058,0.1372,0.900740336465212,0,0,1,0,True,False,False,False,False,False
ENSPD002172,Male,20.0,3,0.457231726283048,35.0,0.6091314031180401,0.968,0.585,1.0,0.5,5.0,No,No,Low,0.0,Yes,Salle 3,185.0,0.6111111111111112,0.16883744349422022,0.13019999999999998,0.6476742668343078,1,0,1,0,False,False,True,False,False,False
ENSPD003386,Female,23.0,2,0.6749611197511663,21.0,0.22605790645879736,0.542,0.209,3.0,2.7,11.6,No,No,Low,1.0,No,Salle 17,177.0,0.12500000000000006,0.653238680643525,0.47459999999999997,0.6476742668343078,0,0,0,0,False,False,True,False,False,False
ENSPD004577,Male,21.0,2,0.7916018662519438,13.0,0.6113585746102449,0.616,1.0,1.0,4.1,21.1,Yes,No,Middle,1.0,Yes,Salle 24,298.0,0.7902777777777776,0.20543313170235858,0.1732,0.5818364233587374,1,0,1,1,False,False,False,True,False,False
ENSPD003159,Female,22.0,2,0.8071539657853809,12.0,0.9042316258351895,0.785,0.792,1.0,1.5,11.5,Yes,No,Low,1.0,Yes,Salle 26,298.0,0.75,0.22287375418908376,0.1752,0.5818364233587374,0,0,1,1,False,False,False,True,False,False
ENSPD001716,Other,22.0,3,0.46034214618973557,35.0,0.6737193763919822,0.6970000000000001,0.42700000000000005,0.0,4.4,24.5,Yes,No,Low,1.0,Yes,Salle 30,185.0,0.42361111111111116,0.24934403539482466,0.0,0.6476742668343078,2,0,1,1,False,False,True,False,False,False
ENSPD000368,Female,21.0,3,0.625194401244168,24.0,0.8229398663697104,0.48700000000000004,0.559,0.0,0.3,8.9,Yes,No,High,2.0,Yes,Salle 21,188.0,0.4902777777777778,0.2758537819399671,0.0,0.900740336465212,0,0,1,1,True,False,False,False,False,False
ENSPD004001,Male,19.0,2,0.6640746500777605,22.0,0.7104677060133631,0.374,0.44200000000000006,0.0,2.1,13.5,No,Yes,Middle,1.0,Yes,Salle 17,298.0,0.3416666666666667,0.3874431825978467,0.0,0.5818364233587374,1,1,1,0,False,False,False,True,False,False
ENSPD002876,Male,19.0,2,0.6982892690513217,19.0,0.48106904231625836,0.30100000000000005,0.898,1.0,0.8,10.5,No,No,High,0.0,No,Salle 7,119.0,0.5069444444444444,0.2929953190135022,0.16119999999999998,1.0,1,0,0,0,False,False,False,False,False,False
ENSPD001473,Female,21.0,4,0.9999999999999999,0.0,0.6870824053452117,0.8590000000000001,0.813,2.0,0.9,10.9,No,No,High,0.0,Yes,Salle 5,173.0,0.7819444444444443,0.26296887610724595,0.4,0.6476742668343078,0,0,1,0,False,False,True,False,False,False
ENSPD004748,Male,22.0,3,0.8895800933125974,7.0,0.6302895322939867,0.616,0.631,2.0,3.4,13.0,No,No,Low,1.0,Yes,Salle 19,263.0,0.3583333333333333,0.47071276587225086,0.37160000000000004,0.5818364233587374,1,0,1,0,False,False,False,True,False,False
ENSPD004774,Female,23.0,1,0.6547433903576981,22.0,0.40868596881959907,0.8790000000000001,0.625,2.0,0.6,14.7,Yes,Yes,Low,1.0,Yes,Salle 2,83.0,0.5305555555555556,0.2659770843599967,0.3112,0.0,0,1,1,1,False,True,False,False,False,False
ENSPD000235,Male,22.0,3,0.625194401244168,24.0,0.38084632516703787,0.541,0.789,3.0,1.1,8.7,No,No,High,2.0,Yes,Salle 21,154.0,0.5097222222222222,0.26598062374197384,0.4554,0.7508690441401171,1,0,1,0,False,False,False,False,False,True
ENSPD001942,Male,19.0,5,0.5505443234836701,29.0,0.4966592427616926,0.386,0.7490000000000001,1.0,0.1,6.4,Yes,No,Middle,0.0,Yes,Salle 24,48.0,0.5222222222222221,0.23416934017145688,0.1422,1.0,1,0,1,1,False,False,False,False,False,False
ENSPD004069,Female,21.0,2,0.687402799377916,20.0,0.7227171492204899,0.616,0.564,0.0,0.5,0.0,No,No,Low,2.0,Yes,Salle 14,298.0,0.6347222222222223,0.23099283266189977,0.0,0.5818364233587374,0,0,1,0,False,False,False,True,False,False
ENSPD003385,Male,24.0,2,0.7636080870917573,15.0,0.5534521158129176,0.632,0.508,1.0,0.3,9.2,Yes,No,Middle,2.0,Yes,Salle 26,177.0,0.4111111111111111,0.37633842551949204,0.1696,0.6476742668343078,1,0,1,1,False,False,True,False,False,False
ENSPD002615,Male,22.0,4,0.7169517884914464,18.0,0.8697104677060133,0.505,0.88,1.0,1.8,14.6,Yes,No,Middle,3.0,Yes,Salle 2,157.0,0.7388888888888889,0.2020248899420282,0.1636,0.900740336465212,1,0,1,1,True,False,False,False,False,False
ENSPD000213,Female,24.0,2,0.9735614307931569,2.0,0.8028953229398663,0.761,0.505,2.0,8.5,39.2,No,No,Low,0.0,Yes,Salle 3,231.0,0.7013888888888888,0.28768884771824077,0.3932,0.9860656366780134,0,0,1,0,False,False,False,False,True,False
ENSPD004127,Female,22.0,3,0.6547433903576981,22.0,0.6113585746102449,0.47000000000000003,0.742,1.0,0.5,8.4,No,No,Middle,2.0,No,Salle 1,185.0,0.47916666666666674,0.29243198350452815,0.1556,0.6476742668343078,0,0,0,0,False,False,True,False,False,False
ENSPD001640,Female,24.0,1,0.6858475894245722,20.0,0.7249443207126949,0.68,0.7220000000000001,0.0,3.4,13.6,Yes,No,Middle,1.0,Yes,Salle 16,248.0,0.6166666666666666,0.23777213885454626,0.0,0.5818364233587374,0,0,1,1,False,False,False,True,False,False
ENSPD003965,Male,22.0,4,0.24727838258164847,48.0,0.5757238307349666,0.364,0.635,3.0,1.6,10.4,Yes,Yes,Middle,1.0,No,Salle 27,157.0,0.26111111111111107,0.25343227656224077,0.30960000000000004,0.900740336465212,1,1,0,1,True,False,False,False,False,False
ENSPD000948,Female,23.0,2,0.7807153965785382,14.0,0.8262806236080179,0.919,0.725,1.0,0.5,10.1,Yes,No,Middle,1.0,Yes,Salle 3,298.0,0.8430555555555557,0.18677344074688393,0.1718,0.5818364233587374,0,0,1,1,False,False,False,True,False,False
ENSPD002821,Female,23.0,3,0.6547433903576981,22.0,0.3608017817371938,0.985,0.45,1.0,1.4,11.5,Yes,No,Middle,1.0,Yes,Salle 20,185.0,0.5180555555555555,0.27211424283037744,0.1556,0.6476742668343078,0,0,1,1,False,False,True,False,False,False
ENSPD003485,Female,21.0,3,0.6485225505443236,23.0,0.6325167037861915,0.6759999999999999,1.0,2.0,0.1,5.6,Yes,No,Middle,1.0,Yes,Salle 26,212.0,0.8319444444444444,0.15667930761454377,0.30960000000000004,0.9860656366780134,0,0,1,1,False,False,False,False,True,False
ENSPD000288,Male,22.0,3,0.8693623639191289,8.0,0.7182628062360802,0.6070000000000001,0.303,1.0,0.8,0.0,Yes,No,Middle,1.0,No,Salle 19,212.0,0.31944444444444453,0.4989626427375471,0.1832,0.9860656366780134,1,0,0,1,False,False,False,False,True,False
ENSPD002474,Female,21.0,3,0.609642301710731,25.0,0.3596881959910913,0.44700000000000006,0.7709999999999999,2.0,3.5,17.1,Yes,Yes,High,0.0,Yes,Salle 15,154.0,0.4,0.3223962293155994,0.29960000000000003,0.7508690441401171,0,1,1,1,False,False,False,False,False,True
ENSPD002806,Female,23.0,2,0.5349922239502333,30.0,0.6069042316258353,0.691,0.649,1.0,1.5,5.6,Yes,No,Low,0.0,No,Salle 7,298.0,0.5805555555555555,0.20455825679152886,0.1402,0.5818364233587374,0,0,0,1,False,False,False,True,False,False
ENSPD001578,Female,19.0,2,0.7667185069984447,15.0,0.4855233853006682,0.6990000000000001,1.0,3.0,0.7,4.0,No,No,Middle,0.0,No,Salle 30,298.0,0.7791666666666666,0.20241504837371763,0.51,0.5818364233587374,0,0,0,0,False,False,False,True,False,False
ENSPD002988,Male,20.0,3,0.7231726283048211,14.0,0.690423162583519,0.603,0.728,3.0,1.6,11.5,Yes,No,Middle,1.0,No,Salle 4,212.0,0.623611111111111,0.24642468142930304,0.4932000000000001,0.9860656366780134,1,0,0,1,False,False,False,False,True,False
ENSPD003591,Female,22.0,3,0.5023328149300156,32.0,0.5256124721603563,0.639,0.73,0.0,1.9,17.5,No,No,Middle,1.0,No,Salle 24,130.0,0.49583333333333335,0.2293152228004365,0.0,1.0,0,0,0,0,False,False,False,False,False,False
ENSPD004551,Female,22.0,1,0.671850699844479,21.0,0.6113585746102449,0.649,0.8140000000000001,4.0,1.8,5.4,No,Yes,High,1.0,No,Salle 10,143.0,0.6291666666666667,0.22844449948561027,0.6312000000000001,0.900740336465212,0,1,0,0,True,False,False,False,False,False
ENSPD000165,Male,21.0,5,0.8833592534992224,8.0,0.6447661469933185,0.386,0.387,1.0,10.1,11.5,Yes,No,Middle,1.0,Yes,Salle 25,67.0,0.3458333333333333,0.4795552763716613,0.185,0.9860656366780134,1,0,1,1,False,False,False,False,True,False
ENSPD000935,Male,19.0,1,0.7216174183514773,18.0,0.5256124721603563,0.322,0.635,0.0,1.3,15.4,Yes,No,Middle,0.0,Yes,Salle 6,186.0,0.6333333333333333,0.2419528852518867,0.0,0.9860656366780134,1,0,1,1,False,False,False,False,True,False
ENSPD003733,Male,20.0,4,0.8724727838258165,8.0,0.4510022271714923,0.508,0.782,3.0,1.1,5.0,Yes,No,High,0.0,Yes,Salle 28,173.0,0.4708333333333333,0.37687408245938203,0.5508,0.6476742668343078,1,0,1,1,False,False,True,False,False,False
ENSPD001782,Female,21.0,1,0.9999999999999999,0.0,0.5478841870824054,0.616,0.713,1.0,1.1,2.5,No,No,Low,0.0,Yes,Salle 27,96.0,0.6041666666666667,0.3415622633903884,0.2,1.0,0,0,1,0,False,False,False,False,False,False
ENSPD002644,Female,22.0,1,0.6562986003110421,22.0,0.6948775055679287,0.654,0.8320000000000001,1.0,1.9,13.6,Yes,No,High,1.0,Yes,Salle 22,96.0,0.7402777777777778,0.18497057239120399,0.15580000000000002,1.0,0,0,1,1,False,False,False,False,False,False
ENSPD003401,Male,24.0,3,0.6469673405909798,23.0,0.6113585746102449,0.6509999999999999,0.6020000000000001,1.0,0.5,11.8,Yes,No,High,2.0,No,Salle 25,212.0,0.49722222222222223,0.2799996942451326,0.1546,0.9860656366780134,1,0,0,1,False,False,False,False,True,False
ENSPD003557,Male,17.0,3,0.4898911353032659,33.0,0.5189309576837416,0.899,0.5650000000000001,1.0,1.0,3.5,Yes,Yes,Middle,0.0,Yes,Salle 22,188.0,0.5319444444444444,0.20918857413725941,0.13440000000000002,0.900740336465212,1,1,1,1,True,False,False,False,False,False
ENSPD000891,Female,23.0,3,0.8118195956454123,12.0,0.455456570155902,0.616,0.5750000000000001,3.0,1.9,5.7,Yes,Yes,Low,1.0,No,Salle 2,104.0,0.4930555555555556,0.3409743249017355,0.5274000000000001,0.0,0,1,0,1,False,True,False,False,False,False
ENSPD002848,Male,23.0,4,0.7822706065318817,14.0,0.38530066815144765,0.7490000000000001,0.43700000000000006,1.0,0.7,7.7,Yes,No,Middle,0.0,Yes,Salle 8,178.0,0.36249999999999993,0.42138726416553896,0.17200000000000001,0.9860656366780134,1,0,1,1,False,False,False,False,True,False
ENSPD002148,Male,22.0,2,0.8771384136858474,8.0,0.423162583518931,0.62,0.49600000000000005,2.0,2.5,12.7,Yes,Yes,Middle,3.0,Yes,Salle 15,177.0,0.3944444444444445,0.43456117004816863,0.3684,0.6476742668343078,1,1,1,1,False,False,True,False,False,False
ENSPD002627,Male,22.0,3,0.583203732503888,27.0,0.6113585746102449,0.643,0.42,0.0,3.1,11.5,No,No,Middle,1.0,Yes,Salle 22,185.0,0.4027777777777778,0.3099959432161784,0.0,0.6476742668343078,1,0,1,0,False,False,True,False,False,False
ENSPD000811,Other,22.0,3,0.7200622083981337,18.0,0.6726057906458797,0.899,0.826,0.0,0.2,3.7,Yes,No,Low,2.0,No,Salle 28,212.0,0.6930555555555555,0.21865282218856677,0.0,0.9860656366780134,2,0,0,1,False,False,False,False,True,False
ENSPD002824,Male,23.0,1,0.7993779160186624,13.0,0.7628062360801782,0.418,0.6,2.0,1.4,18.9,Yes,No,Middle,2.0,Yes,Salle 20,143.0,0.525,0.31832125422612656,0.3484,0.900740336465212,1,0,1,1,True,False,False,False,False,False
ENSPD003150,Male,25.0,5,0.7667185069984447,15.0,0.6514476614699333,0.775,0.5479999999999999,0.0,6.6,29.7,Yes,Yes,Middle,1.0,Yes,Salle 10,40.0,0.6611111111111111,0.2443137350132125,0.0,0.0,1,1,1,1,False,True,False,False,False,False
ENSPD004053,Female,21.0,2,0.7371695178849144,17.0,0.8864142538975501,0.59,0.8490000000000001,1.0,1.6,9.3,No,No,Middle,0.0,Yes,Salle 26,298.0,0.7930555555555554,0.1903651158550684,0.1662,0.5818364233587374,0,0,1,0,False,False,False,True,False,False
ENSPD000789,Male,20.0,4,0.52099533437014,31.0,0.6113585746102449,0.516,0.831,1.0,1.2,19.9,No,Yes,Middle,2.0,Yes,Salle 16,230.0,0.5652777777777778,0.20601707418561757,0.1384,0.5818364233587374,1,1,1,0,False,False,False,True,False,False
ENSPD003739,Female,23.0,2,0.7465007776049767,16.0,0.4888641425389756,0.639,0.71,1.0,1.5,8.8,No,No,Middle,0.0,Yes,Salle 17,298.0,0.49722222222222223,0.3153177679183825,0.16740000000000002,0.5818364233587374,0,0,1,0,False,False,False,True,False,False
ENSPD004105,Male,21.0,3,0.7325038880248832,17.0,0.7293986636971047,0.629,0.7490000000000001,0.0,4.1,23.9,Yes,No,Middle,2.0,Yes,Salle 4,188.0,0.6013888888888889,0.2588179860520554,0.0,0.900740336465212,1,0,1,1,True,False,False,False,False,False
ENSPD001158,Female,22.0,1,0.6391912908242613,23.0,0.6102449888641426,0.8959999999999999,0.8170000000000001,2.0,5.8,20.8,Yes,Yes,Middle,0.0,Yes,Salle 6,248.0,0.6791666666666665,0.20023630314588411,0.3072,0.5818364233587374,0,1,1,1,False,False,False,True,False,False
ENSPD001038,Female,18.0,3,0.8569206842923794,9.0,0.42093541202672613,0.919,0.46299999999999997,0.0,1.4,12.6,No,No,Low,1.0,No,Salle 17,185.0,0.4388888888888889,0.39290232033338734,0.0,0.6476742668343078,0,0,0,0,False,False,True,False,False,False
ENSPD002707,Male,24.0,1,0.7869362363919129,14.0,0.7026726057906458,0.9920000000000001,0.418,1.0,1.4,30.1,Yes,No,High,0.0,No,Salle 26,248.0,0.576388888888889,0.2877093236996713,0.1726,0.5818364233587374,1,0,0,1,False,False,False,True,False,False
ENSPD004913,Male,22.0,4,0.7589424572317262,16.0,0.6314031180400892,0.645,0.5,4.0,2.5,15.2,No,No,High,1.0,Yes,Salle 26,93.0,0.46666666666666656,0.33779378576512853,0.676,1.0,1,0,1,0,False,False,False,False,False,False
ENSPD003538,Male,21.0,4,0.9284603421461898,5.0,0.8608017817371938,0.594,0.668,2.0,0.1,1.8,Yes,No,Low,1.0,Yes,Salle 26,121.0,0.6680555555555555,0.28906374013474234,0.38160000000000005,0.7508690441401171,1,0,1,1,False,False,False,False,False,True
ENSPD002380,Female,22.0,4,0.7589424572317262,16.0,0.5178173719376392,0.594,0.406,1.0,3.6,25.4,No,No,Low,1.0,No,Salle 17,93.0,0.3013888888888888,0.4661680418342503,0.169,1.0,0,0,0,0,False,False,False,False,False,False
ENSPD003534,Male,25.0,4,0.5069984447900465,32.0,0.5734966592427617,0.616,0.295,1.0,3.3,22.6,Yes,Yes,Low,1.0,No,Salle 21,121.0,0.32500000000000007,0.3306272976450607,0.1366,0.7508690441401171,1,1,0,1,False,False,False,False,False,True
ENSPD003879,Male,23.0,1,0.46345256609642294,34.0,0.4131403118040089,0.399,0.736,0.0,2.0,18.9,Yes,No,Middle,1.0,No,Salle 14,143.0,0.44305555555555554,0.2404661618652876,0.0,0.900740336465212,1,0,0,1,True,False,False,False,False,False
ENSPD004815,Female,21.0,5,0.8009331259720062,13.0,0.6815144766146994,0.495,0.521,2.0,0.5,9.1,No,No,Middle,2.0,Yes,Salle 28,70.0,0.5,0.3330066344837357,0.3488,0.6476742668343078,0,0,1,0,False,False,True,False,False,False
ENSPD003560,Male,22.0,4,0.9191290824261275,5.0,0.4487750556792873,0.7020000000000001,0.37,1.0,2.9,18.7,Yes,No,Middle,0.0,Yes,Salle 26,230.0,0.4819444444444444,0.3865114770494713,0.1896,0.5818364233587374,1,0,1,1,False,False,False,True,False,False
ENSPD004361,Male,21.0,3,0.6236391912908242,24.0,0.534521158129176,0.5970000000000001,0.688,0.0,1.4,11.5,Yes,No,Low,1.0,No,Salle 30,263.0,0.5305555555555556,0.2553715959615497,0.0,0.5818364233587374,1,0,0,1,False,False,False,True,False,False
ENSPD003987,Male,23.0,3,0.7449455676516329,16.0,0.512249443207127,0.843,0.505,1.0,0.7,9.8,No,No,Low,1.0,Yes,Salle 15,154.0,0.523611111111111,0.3003726504877594,0.1672,0.7508690441401171,1,0,1,0,False,False,False,False,False,True
ENSPD003818,Female,19.0,2,0.6687402799377916,21.0,0.9042316258351895,0.568,0.61,1.0,2.8,17.9,Yes,No,Low,0.0,Yes,Salle 13,161.0,0.6263888888888889,0.22858925017295403,0.1574,0.7508690441401171,0,0,1,1,False,False,False,False,False,True
ENSPD001229,Other,23.0,2,0.7169517884914464,18.0,0.8062360801781737,0.515,0.9159999999999999,2.0,1.4,11.5,Yes,No,Middle,0.0,No,Salle 15,177.0,0.7152777777777779,0.20995825189577824,0.3272,0.6476742668343078,2,0,0,1,False,False,True,False,False,False
ENSPD000541,Female,20.0,2,0.7433903576982893,16.0,0.46436525612472157,0.789,0.797,1.0,1.8,13.7,No,No,Middle,0.0,Yes,Salle 18,119.0,0.625,0.25205466596069526,0.167,1.0,0,0,1,0,False,False,False,False,False,False
ENSPD003747,Female,22.0,2,0.6827371695178849,20.0,0.36525612472160357,0.155,0.809,2.0,1.0,0.6,Yes,Yes,Middle,1.0,Yes,Salle 26,298.0,0.4125,0.3433450115738865,0.31839999999999996,0.5818364233587374,0,1,1,1,False,False,False,True,False,False
ENSPD003055,Female,24.0,4,0.5956454121306377,26.0,0.2761692650334076,0.5479999999999999,0.723,1.0,4.5,23.7,Yes,No,Middle,0.0,Yes,Salle 13,121.0,0.4263888888888888,0.3004281867286194,0.148,0.7508690441401171,0,0,1,1,False,False,False,False,False,True
ENSPD004617,Female,22.0,1,0.7620528771384137,15.0,0.7483296213808464,0.502,0.5670000000000001,2.0,2.1,16.1,No,Yes,Middle,1.0,No,Salle 23,186.0,0.5861111111111111,0.275095538295004,0.33880000000000005,0.9860656366780134,0,1,0,0,False,False,False,False,True,False
ENSPD003414,Male,24.0,3,0.9906687402799378,1.0,0.5200445434298441,0.509,0.688,0.0,3.4,9.0,No,Yes,Low,0.0,No,Salle 21,263.0,0.4888888888888888,0.40759303799201874,0.0,0.5818364233587374,1,1,0,0,False,False,False,True,False,False
ENSPD000914,Male,27.0,3,0.8942457231726283,7.0,0.44209354120267264,0.6,0.23500000000000001,1.0,0.2,4.6,Yes,No,Middle,0.0,Yes,Salle 2,104.0,0.31944444444444453,0.5102384341275407,0.1864,0.0,1,0,1,1,False,True,False,False,False,False
ENSPD000785,Male,22.0,4,0.8973561430793159,7.0,0.6113585746102449,0.542,0.29,1.0,0.1,1.7,Yes,No,Low,1.0,Yes,Salle 26,93.0,0.1972222222222222,0.6665241777913178,0.18680000000000002,1.0,1,0,1,1,False,False,False,False,False,False
ENSPD003762,Female,24.0,4,0.7651632970451011,15.0,0.46659242761692654,0.44799999999999995,0.434,0.0,0.3,6.8,No,No,Middle,2.0,Yes,Salle 1,230.0,0.2763888888888889,0.49477999435715725,0.0,0.5818364233587374,0,0,1,0,False,False,False,True,False,False
ENSPD004376,Male,24.0,3,0.499222395023328,32.0,0.5690423162583519,0.48100000000000004,0.932,3.0,0.4,4.6,No,No,High,3.0,No,Salle 24,188.0,0.6083333333333333,0.18289970778474976,0.40679999999999994,0.900740336465212,1,0,0,0,True,False,False,False,False,False
ENSPD003970,Male,23.0,4,0.7371695178849144,17.0,0.6570155902004455,0.515,0.535,4.0,0.8,7.1,Yes,Yes,Middle,0.0,Yes,Salle 18,121.0,0.4361111111111111,0.34896210743076006,0.6648,0.7508690441401171,1,1,1,1,False,False,False,False,False,True
ENSPD001255,Female,24.0,1,0.6780715396578537,21.0,0.779510022271715,0.674,0.405,0.0,0.4,8.9,No,No,Low,1.0,Yes,Salle 27,248.0,0.4930555555555556,0.29327311491908037,0.0,0.5818364233587374,0,0,1,0,False,False,False,True,False,False
ENSPD000487,Male,22.0,4,0.8429237947122862,10.0,0.4888641425389756,0.5650000000000001,0.662,0.0,1.4,22.4,Yes,No,Middle,0.0,Yes,Salle 2,230.0,0.5111111111111111,0.3412636770652736,0.0,0.5818364233587374,1,0,1,1,False,False,False,True,False,False
ENSPD001311,Male,21.0,2,0.5505443234836701,29.0,0.7505567928730512,0.613,0.488,0.0,0.5,8.9,Yes,Yes,Middle,1.0,Yes,Salle 27,298.0,0.5166666666666666,0.23669083481697792,0.0,0.5818364233587374,1,1,1,1,False,False,False,True,False,False
ENSPD004007,Male,24.0,3,0.3499222395023328,42.0,0.8040089086859689,0.249,0.6709999999999999,1.0,0.7,6.7,Yes,No,High,0.0,No,Salle 21,104.0,0.4291666666666667,0.20368698537583055,0.1164,0.0,1,0,0,1,False,True,False,False,False,False
ENSPD003324,Female,21.0,5,0.4774494556765164,34.0,0.3151447661469933,0.667,0.711,0.0,2.2,17.0,Yes,No,Low,2.0,Yes,Salle 6,67.0,0.49444444444444435,0.22109494339467425,0.0,0.9860656366780134,0,0,1,1,False,False,False,False,True,False
ENSPD000887,Female,24.0,4,0.6967340590979781,20.0,0.6213808463251671,0.9590000000000001,0.40399999999999997,1.0,1.8,16.1,No,No,Low,0.0,No,Salle 10,178.0,0.5819444444444444,0.2560330172443832,0.161,0.9860656366780134,0,0,0,0,False,False,False,False,True,False
ENSPD004471,Female,20.0,3,0.5163297045101088,31.0,0.6113585746102449,0.509,0.688,1.0,5.3,27.0,Yes,No,Middle,1.0,Yes,Salle 29,263.0,0.4902777777777778,0.23689447530021893,0.1378,0.5818364233587374,0,0,1,1,False,False,False,True,False,False
ENSPD002910,Male,20.0,1,0.6982892690513217,19.0,0.4855233853006682,0.527,0.792,0.0,0.1,2.0,No,No,Middle,0.0,Yes,Salle 28,143.0,0.638888888888889,0.2326494972881243,0.0,0.900740336465212,1,0,1,0,True,False,False,False,False,False
ENSPD002630,Male,19.0,1,0.5069984447900465,32.0,0.7472160356347438,0.753,0.635,1.0,1.4,0.0,No,No,High,0.0,No,Salle 13,96.0,0.6027777777777776,0.18732290114882913,0.1366,1.0,1,0,0,0,False,False,False,False,False,False
ENSPD000661,Male,25.0,5,0.7122861586314152,18.0,0.5300668151447662,0.701,0.449,1.0,4.1,23.3,Yes,No,Middle,1.0,Yes,Salle 21,70.0,0.4180555555555555,0.3512746473969972,0.163,0.6476742668343078,1,0,1,1,False,False,True,False,False,False
ENSPD004526,Male,25.0,2,0.7993779160186624,13.0,0.9766146993318485,0.6990000000000001,0.39299999999999996,1.0,1.7,7.7,Yes,No,Middle,0.0,Yes,Salle 10,119.0,0.5069444444444444,0.3284446523484288,0.1742,1.0,1,0,1,1,False,False,False,False,False,False
ENSPD003075,Female,22.0,4,0.9548989113530325,3.0,0.7115812917594654,0.627,0.856,1.0,3.0,19.4,Yes,No,Middle,0.0,Yes,Salle 10,121.0,0.7388888888888889,0.2672278233834553,0.19419999999999998,0.7508690441401171,0,0,1,1,False,False,False,False,False,True
ENSPD002839,Female,24.0,3,0.5552099533437015,29.0,0.7126948775055679,0.762,0.891,0.0,0.0,11.5,No,Yes,Low,1.0,Yes,Salle 30,263.0,0.7652777777777777,0.15032038357636365,0.0,0.5818364233587374,0,1,1,0,False,False,False,True,False,False
ENSPD002455,Female,22.0,1,0.7776049766718508,14.0,0.5100222717149221,0.49600000000000005,0.512,0.0,0.2,8.5,Yes,No,High,1.0,Yes,Salle 30,149.0,0.3375,0.44085374548314915,0.0,0.6476742668343078,0,0,1,1,False,False,True,False,False,False
ENSPD003790,Other,22.0,4,0.6158631415241057,25.0,0.7037861915367484,0.633,0.674,1.0,1.1,6.9,No,Yes,Low,1.0,Yes,Salle 20,93.0,0.6055555555555555,0.22044175794122559,0.15059999999999998,1.0,2,1,1,0,False,False,False,False,False,False
ENSPD001653,Male,24.0,3,0.6345256609642301,24.0,0.7661469933184856,0.461,0.514,2.0,1.9,11.5,Yes,No,Middle,2.0,Yes,Salle 29,104.0,0.45000000000000007,0.30140055247699693,0.306,0.0,1,0,1,1,False,True,False,False,False,False
ENSPD002363,Male,18.0,1,0.6189735614307931,24.0,0.8140311804008908,0.614,0.392,0.0,2.2,12.5,Yes,No,Low,1.0,Yes,Salle 8,96.0,0.44027777777777777,0.30118188821649594,0.0,1.0,1,0,1,1,False,False,False,False,False,False
ENSPD000824,Male,22.0,3,0.9999999999999999,0.0,0.6135857461024499,0.264,0.902,2.0,9.9,45.1,Yes,No,High,2.0,Yes,Salle 4,188.0,0.5263888888888889,0.38630164387965293,0.4,0.900740336465212,1,0,1,1,True,False,False,False,False,False
ENSPD000922,Male,19.0,2,0.8475894245723173,10.0,0.4409799554565701,0.897,0.5910000000000001,0.0,0.7,7.2,No,Yes,Low,1.0,No,Salle 16,161.0,0.5791666666666667,0.30593641157138696,0.0,0.7508690441401171,1,1,0,0,False,False,False,False,False,True
ENSPD004222,Female,22.0,1,0.687402799377916,20.0,0.6514476614699333,0.165,0.533,1.0,5.6,21.9,Yes,No,Middle,2.0,Yes,Salle 25,96.0,0.26388888888888895,0.46988137545939535,0.15980000000000003,1.0,0,0,1,1,False,False,False,False,False,False
ENSPD002673,Female,24.0,4,0.80248833592535,13.0,0.643652561247216,0.255,0.43700000000000006,1.0,1.6,15.6,Yes,No,Middle,1.0,Yes,Salle 12,121.0,0.2055555555555556,0.6014202346312212,0.1746,0.7508690441401171,0,0,1,1,False,False,False,False,False,True
ENSPD002236,Female,20.0,3,0.7371695178849144,17.0,0.8942093541202674,0.583,0.907,0.0,4.6,16.3,Yes,No,Middle,1.0,Yes,Salle 14,130.0,0.7222222222222223,0.21321620063541283,0.0,1.0,0,0,1,1,False,False,False,False,False,False
ENSPD000252,Male,17.0,4,0.7527216174183514,16.0,0.7461024498886415,0.532,0.43700000000000006,2.0,0.1,10.7,No,No,Low,1.0,Yes,Salle 20,178.0,0.39722222222222214,0.3820334602705905,0.3364,0.9860656366780134,1,0,1,0,False,False,False,False,True,False
ENSPD001533,Female,22.0,1,0.7029548989113531,19.0,0.7383073496659243,0.559,0.6609999999999999,0.0,0.6,15.7,Yes,No,Middle,3.0,No,Salle 5,186.0,0.5638888888888889,0.266277963597888,0.0,0.9860656366780134,0,0,0,1,False,False,False,False,True,False
ENSPD001969,Male,23.0,5,0.6625194401244167,22.0,0.6113585746102449,0.518,1.0,1.0,2.9,16.1,Yes,Yes,Low,2.0,Yes,Salle 25,70.0,0.7583333333333333,0.18110456178264325,0.1566,0.6476742668343078,1,1,1,1,False,False,True,False,False,False
ENSPD001598,Male,24.0,4,0.6951788491446346,20.0,0.4265033407572383,0.792,0.8170000000000001,0.0,2.4,8.9,No,No,Middle,0.0,No,Salle 22,173.0,0.6138888888888889,0.24181105277688367,0.0,0.6476742668343078,1,0,0,0,False,False,True,False,False,False
ENSPD000339,Male,26.0,4,0.6920684292379472,20.0,0.5757238307349666,0.616,0.397,0.0,4.6,17.3,No,No,High,1.0,No,Salle 26,121.0,0.4375,0.33079464022060157,0.0,0.7508690441401171,1,0,0,0,False,False,False,False,False,True
ENSPD002468,Male,22.0,2,0.6189735614307931,24.0,0.6113585746102449,0.616,0.373,2.0,1.0,3.8,Yes,No,Low,0.0,Yes,Salle 12,185.0,0.5305555555555556,0.2537807727017827,0.302,0.900740336465212,1,0,1,1,True,False,False,False,False,False
ENSPD000146,Male,22.0,1,0.514774494556765,31.0,0.7750556792873051,0.549,0.23500000000000001,1.0,1.7,15.2,No,No,Middle,1.0,Yes,Salle 20,143.0,0.2972222222222223,0.35567665744114985,0.1376,0.900740336465212,1,0,1,0,True,False,False,False,False,False
ENSPD003404,Male,20.0,3,0.3701399688958009,40.0,0.7249443207126949,0.7540000000000001,0.858,0.0,1.9,23.6,No,Yes,Low,0.0,Yes,Salle 13,154.0,0.7541666666666667,0.10339153454397754,0.0,0.7508690441401171,1,1,1,0,False,False,False,False,False,True
